text,target,gt_stance,target_short,votes_FAVOR,votes_AGAINST,votes_NONE,n_votes,vote_share_majority
#mtp @meetthepress How is deleting emails -part of the government record -different from erasing parts of a tape? #nixon #p2,Hillary Clinton,AGAINST,Clinton,0.0,7.0,1.0,8.0,0.875
@JDSon78 @AndrewBroering AndrewWhyDoYouCareAboutWhatIThink? I DidNotRealizeThatIWasThisImportant. SirTweet AndrewIsAPaidTroll,Hillary Clinton,AGAINST,Clinton,0.0,5.0,3.0,8.0,0.625
The white male vote is solidly GOP. The black vote is solidly DEM.  That leaves white females and brown ppl. #FeelTheBern,Hillary Clinton,AGAINST,Clinton,0.0,5.0,3.0,8.0,0.625
"@nyinvesting big banker buds need to ratchet up their ""Hillary cares about the little people"" propaganda",Hillary Clinton,AGAINST,Clinton,0.0,8.0,0.0,8.0,1.0
@GOP Why should I believe you on this? The GOP leaders in congress won't fight Obama now!!! #tcot,Hillary Clinton,AGAINST,Clinton,0.0,6.0,2.0,8.0,0.75
"@RushetteNY @TwitchyTeam Hillary to press: ""Curtsy while you're thinking what to say, it saves time"" #throughthelookingglass",Hillary Clinton,AGAINST,Clinton,1.0,5.0,2.0,8.0,0.625
@GovtsTheProblem This is what I see: Make way 4 ur queen peasants! Don'ttouch or talk 2 her U filth! #NoHillary2016 #Benghazi,Hillary Clinton,AGAINST,Clinton,1.0,7.0,0.0,8.0,0.875
@CNNSotu @jaketapper - Can we get back to the issues? That's what #Bernie2016 wants to talk about. Not about,Hillary Clinton,AGAINST,Clinton,0.0,5.0,3.0,8.0,0.625
@nytimes But throws a rope around reporters and free speech.  #HillaryInNH,Hillary Clinton,AGAINST,Clinton,0.0,8.0,0.0,8.0,1.0
"#IfIhadAdollarFor wondering, was I that stupid when I was a #Democrats? #Obama #2A #NoAmnesty #WakeUpAmerica",Hillary Clinton,AGAINST,Clinton,0.0,6.0,2.0,8.0,0.75
@BeladonnaRogers @Chairmnoomowmow The compliant media allowed themeselves to b herded by a couple of strands of rope? Good sheep!,Hillary Clinton,AGAINST,Clinton,0.0,5.0,3.0,8.0,0.625
The #HillaryCampaignSong Top 20 will be revealed (and voting will resume) Monday morning at 10am PT!,Hillary Clinton,AGAINST,Clinton,1.0,5.0,2.0,8.0,0.625
@HillaryforNH will u rope off the people too Hillary swine?  #uppers #uniteblue,Hillary Clinton,AGAINST,Clinton,0.0,7.0,1.0,8.0,0.875
.@mite72 @PatVPeters NEITHER ONE!!!! Just making a funny!,Hillary Clinton,AGAINST,Clinton,0.0,5.0,3.0,8.0,0.625
"@LVNancy @incessantpatrio @bcwilliams92 Yes! #SoMuchUgly in #HillaryClinton, Hollow Acts Are Infamous! #WhyImNotVotingForHillary",Hillary Clinton,AGAINST,Clinton,0.0,8.0,0.0,8.0,1.0
"@WoodenThreat @incessantpatrio @bcwilliams92 that was fun, but it wont be if we have another FAKE #POTUS #WhyImNotVotingForHillary",Hillary Clinton,AGAINST,Clinton,0.0,7.0,1.0,8.0,0.875
Does #hillaryclinton lie and engage in cover-ups to do damage to the country or does she do it out of habit?  #tcot #uniteblue,Hillary Clinton,AGAINST,Clinton,1.0,7.0,0.0,8.0,0.875
I find allowing the deaths of Americans in Benghazi to be more offensive than the name Redskins. #Benghazi #redskins,Hillary Clinton,AGAINST,Clinton,0.0,5.0,3.0,8.0,0.625
"@Conservativeind @cannoneerfour Lets hope!  She's a killer, liar and a coward! #WakeUpAmerica #MakeAmericaGreatAgain",Hillary Clinton,AGAINST,Clinton,0.0,6.0,2.0,8.0,0.75
"@DaGodfather907 @NahBabyNah If Jebb is our candidate, we will hand Hillary the keys to 1600?Penn Ave. #WakeUpAmerica",Hillary Clinton,AGAINST,Clinton,1.0,6.0,1.0,8.0,0.75
The ropes might keep people back now Hillary but You WILL answer to americans come debate time you coward. #tcot #RedNationRising,Hillary Clinton,AGAINST,Clinton,0.0,7.0,1.0,8.0,0.875
"RT @harrisongolden: ""So Clinton-esque,"" Brit Hume said of Hillary's email controversy. ""You never quite get the whole truth."">",Hillary Clinton,AGAINST,Clinton,0.0,8.0,0.0,8.0,1.0
"I think marriage is as it has always been, between a man and a woman. - @HillaryClinton  #MarriageEquaility #justsaying",Hillary Clinton,AGAINST,Clinton,0.0,6.0,2.0,8.0,0.75
@HillaryClinton Pin the tail on the DONKEY!  That means you Hilldawg.  #BernieSanders  #Jeb2016 #Cruz2016 #Election2016  #Rubio,Hillary Clinton,AGAINST,Clinton,1.0,7.0,0.0,8.0,0.875
@HillarityPress @Amedicinewoman 1.Food: #Benghazi 4 NeverAteAgain 2.Weather: #Benghazi WasFireHot 3.Pets: #Benghazi 4PetsMissThem,Hillary Clinton,AGAINST,Clinton,0.0,6.0,2.0,8.0,0.75
"I'm 72 yrs old and ever since I was 6 yrs old I wanted to live long enough to see a woman President - Jim from Monticello, IA",Hillary Clinton,AGAINST,Clinton,1.0,5.0,2.0,8.0,0.625
What Are We Believing in?  BELIEVE IN VICTORY. Go for  #VICTORY2016,Hillary Clinton,AGAINST,Clinton,0.0,5.0,3.0,8.0,0.625
"The federal government did not create the states, the states created the federal government. Ronald Reagan #Federalism",Hillary Clinton,AGAINST,Clinton,0.0,5.0,3.0,8.0,0.625
@tracieeeeee @Irishsmiles1966 @Chloecat317 @weknowwhatsbest THINK POSITIVELY! #OiP #Cruz2016 #MakeDCListen #NoRINOs #NoLibProgs,Hillary Clinton,AGAINST,Clinton,0.0,5.0,3.0,8.0,0.625
"Congratulations to our Women Soccer Team for just winning the World Cup against Japan 5-2, women rule ! #freeallfour",Hillary Clinton,AGAINST,Clinton,0.0,5.0,3.0,8.0,0.625
Team USA  showed the world what American women are capable of! Is Hillary next? #WWC2015,Hillary Clinton,AGAINST,Clinton,3.0,5.0,0.0,8.0,0.625
"@HillaryClinton: Here's to fearless women chasing their goals. Congratulations, Team #USA! H",Hillary Clinton,AGAINST,Clinton,3.0,5.0,0.0,8.0,0.625
@deeceejazz Do we really want to know what's under those pantsuits? Besides the black heart of evil.,Hillary Clinton,AGAINST,Clinton,0.0,7.0,1.0,8.0,0.875
@HillaryClinton FUCK OFF CROTCH ROT BITCH  WE ALL KNOW WHAT YOU THINK ABOUT WOMEN AND RAPED GIRLS #HILLARYCLINTON #USA,Hillary Clinton,AGAINST,Clinton,0.0,8.0,0.0,8.0,1.0
"Beware of #Kochtrolls bashing our candidates. I will not bash #Hillary. She's my plan B, for gosh sakes. #Bernie2016",Hillary Clinton,AGAINST,Clinton,3.0,5.0,0.0,8.0,0.625
"@Breaking911 Probably she made a promise to support gun rights to one citizen, while promising to ban guns to the other",Hillary Clinton,AGAINST,Clinton,0.0,5.0,3.0,8.0,0.625
@nolyklibs Awww does #Killary think posing for that pic will make her look like a real human? @jlconnell66 #Benghazi #Shillary,Hillary Clinton,AGAINST,Clinton,0.0,7.0,1.0,8.0,0.875
@danmericaCNN @GenGSPatton @danamericaIt looked like they were the ones tying the knots. @jlconnell66 #Killary,Hillary Clinton,AGAINST,Clinton,0.0,5.0,3.0,8.0,0.625
RT @hamackey: RT @SlyDude3677: @msnbc  Republican Menu...pic.twitter.com/z4PH6VTJFl,Hillary Clinton,NONE,Clinton,1.0,2.0,5.0,8.0,0.625
The press needs to get out of the way so the peasants can get a glimpse of her Highness. #morningjoe,Hillary Clinton,AGAINST,Clinton,0.0,5.0,3.0,8.0,0.625
"@HillaryClinton had a duty to preserve ESI Now it's someone's duty to prosecute & sanction her Apparently ""duty"" is irrelevant",Hillary Clinton,AGAINST,Clinton,0.0,8.0,0.0,8.0,1.0
@dougshelton749 @realDonaldTrump  #HRC would be an even bigger threat to America than #Obummer.   #WakeUpAmerica,Hillary Clinton,AGAINST,Clinton,0.0,6.0,2.0,8.0,0.75
@AppSame: Queen @HillaryClinton Was asked What she thought about @realDonaldTrump comments on illegals She Said LET ME EAT PIE,Hillary Clinton,AGAINST,Clinton,1.0,6.0,1.0,8.0,0.75
@dougshelton749   Let's hope her campaign unravels before Dec.  We can't have this liar as next President.,Hillary Clinton,AGAINST,Clinton,1.0,6.0,1.0,8.0,0.75
"@dougshelton749  If @realDonaldTrump finds evidence, he will expose #HRC as the horrible candidate she is.",Hillary Clinton,AGAINST,Clinton,0.0,7.0,1.0,8.0,0.875
@dougshelton749 @realDonaldTrump  I'd be happy if that scandal brings her down.  There will be others...,Hillary Clinton,AGAINST,Clinton,0.0,7.0,1.0,8.0,0.875
RT @CattyHipster: Live today like it's your last day. But pay bills and dress appropriately just in case it isn't. #420,Hillary Clinton,NONE,Clinton,0.0,2.0,6.0,8.0,0.75
@TheJackOBrien @instapundit BOOM! I believe the 6th 'reporter' from the left has forgotten her mittens. #MediaStiffArmed,Hillary Clinton,NONE,Clinton,0.0,2.0,6.0,8.0,0.75
"That's true, as long as one works hard, has a record of accomplishment and deserves it. @HillaryClinton NOT",Hillary Clinton,AGAINST,Clinton,0.0,7.0,1.0,8.0,0.875
"AKA Depends Day ""It all depends"" and Owebama's positions make you fill your Depends. @jjauthor @weknowwhatsbest",Hillary Clinton,NONE,Clinton,0.0,2.0,6.0,8.0,0.75
"#HillaryClinton wants to be elected (thinks she's entitled)to WORK 4 the PEOPLE, & yet, she wants nothing to do with them!#peons",Hillary Clinton,AGAINST,Clinton,0.0,8.0,0.0,8.0,1.0
@WashTimes This is indefensible! One of the dumbest things I have ever seen a campaign do. Even the left was outraged by this.,Hillary Clinton,NONE,Clinton,0.0,3.0,5.0,8.0,0.625
@thehill Who's in charge of Hillary's campaign? Please get it under control and on message. #smh,Hillary Clinton,AGAINST,Clinton,0.0,5.0,3.0,8.0,0.625
@tiffiwestcott  I got mine and I love it.,Hillary Clinton,NONE,Clinton,0.0,0.0,8.0,8.0,1.0
Education should not be a debt sentence! -Former State Representative Patricia Harper  #FellowsIA,Hillary Clinton,NONE,Clinton,0.0,0.0,8.0,8.0,1.0
Hillary Clinton is a devious & deceitful career politician. She is the Richard Nixon of our time.,Hillary Clinton,AGAINST,Clinton,0.0,8.0,0.0,8.0,1.0
"HRC is a war monger, every bit as bad as any Republican in the race, and probably worse than some.",Hillary Clinton,AGAINST,Clinton,0.0,6.0,2.0,8.0,0.75
It's interesting how many liberals are so brainwashed and anxious to mindlessly support a woman who isn't even liberal,Hillary Clinton,AGAINST,Clinton,0.0,6.0,2.0,8.0,0.75
The young Skinheads from yesterday's Aryan Nations has grown up to become the Tea Party of today. Same exact doctrine @msnbc,Hillary Clinton,NONE,Clinton,0.0,0.0,8.0,8.0,1.0
"If it's been 80+ days since you've done an interview,  can we assume you're not really running for president?",Hillary Clinton,NONE,Clinton,0.0,1.0,7.0,8.0,0.875
"@peddoc63 @Fr3333dom Seems the way we're going. Lord, I hope Bilderbergs don't pay for Hitlery like they did O.",Hillary Clinton,AGAINST,Clinton,0.0,6.0,2.0,8.0,0.75
I dislike our idiots as much as I dislike theirs.,Hillary Clinton,NONE,Clinton,0.0,0.0,8.0,8.0,1.0
Take care of your finances. Spend sensibly. Save for a rainy day. Live within your means. Resist greed. #Greece,Hillary Clinton,NONE,Clinton,0.0,0.0,8.0,8.0,1.0
@politicalmath @BoboFromTexas doesn't matter. Nobody cares if the Clintons make mistakes as long as the checks keep coming.,Hillary Clinton,AGAINST,Clinton,3.0,5.0,0.0,8.0,0.625
I don't know how well a socialist is gonna play with southern democrats. #BernieSanders,Hillary Clinton,NONE,Clinton,0.0,1.0,7.0,8.0,0.875
"@Slate @pinkbunny70 Buh-bye, Bernie. I agree w/most of your platform, but your gun stance is unacceptable. #ENDTHENRA",Hillary Clinton,NONE,Clinton,0.0,0.0,8.0,8.0,1.0
Barrack Obama doesn't care about his own town! Where do you live? Think he cares about you?   #TheFive #NoSanctuaryCities #2A,Hillary Clinton,NONE,Clinton,0.0,0.0,8.0,8.0,1.0
The recent comments of #HillaryClinton sounded like it was #Netanyahu speaking. Doesn't bode well.,Hillary Clinton,AGAINST,Clinton,0.0,7.0,1.0,8.0,0.875
There's a special place in hell for those who complain more about Hillary than the scum we're fighting. #Obama,Hillary Clinton,FAVOR,Clinton,7.0,1.0,0.0,8.0,0.875
"@PantanoLaw Thanks for the follow, may God bless you and your family.  #freeallfour",Hillary Clinton,NONE,Clinton,0.0,0.0,8.0,8.0,1.0
Dana made this shirt w/ lots of #glitter! #awesome #decoration,Hillary Clinton,NONE,Clinton,0.0,0.0,8.0,8.0,1.0
"@Camilian1Sabel Amen to that, everybody has to pay their way, no welfare either.  #freeallfour",Hillary Clinton,NONE,Clinton,0.0,1.0,7.0,8.0,0.875
"Wait...... you said ""BILL COSBY?""  Oh, I'm sorry, I thought you said ""BILL CLINTON!""  #uniteblue #ReadyForHillary",Hillary Clinton,FAVOR,Clinton,6.0,1.0,1.0,8.0,0.75
Rhodham Hood: It takes a village to  community organize wealth redistribution Obama-style.,Hillary Clinton,NONE,Clinton,2.0,1.0,5.0,8.0,0.625
I just don't think we need an old white guy in the #WH - Who would his #VP be? voting for,Hillary Clinton,NONE,Clinton,2.0,0.0,6.0,8.0,0.75
SO ANYWAYS WHAT DID HE SAY? ANYTHING ABOUT VOTING FOR ME? #OBAMA #ISIS #ISIL,Hillary Clinton,NONE,Clinton,0.0,1.0,7.0,8.0,0.875
"WHAT IS ""THE THREAD OF VIOLIN EXTREMISM?"" #OBAMA #ISIS #ISIL #tcot #Elocution",Hillary Clinton,NONE,Clinton,0.0,1.0,7.0,8.0,0.875
Right now every liberal in America is feeling hopeful. We have GREAT Prez candidates. #UniteBlue #FeelTheBern,Hillary Clinton,NONE,Clinton,2.0,0.0,6.0,8.0,0.75
"@TGowdySC Your committee has NOTHING!, 4 other committees found NOTHING! UR wasting our money on a witch hunt. #HillaryClinton",Hillary Clinton,FAVOR,Clinton,6.0,2.0,0.0,8.0,0.75
@Reince This is very credible! Good work! America is desperately in need of good leadership. #VoteGOP #NoHillary,Hillary Clinton,AGAINST,Clinton,0.0,8.0,0.0,8.0,1.0
@AdamSmith_USA Nice video. GOOD Luck WITH it.,Hillary Clinton,NONE,Clinton,0.0,0.0,8.0,8.0,1.0
@HillaryClinton @HillaryforNH hope to see her in NC soon,Hillary Clinton,FAVOR,Clinton,7.0,0.0,1.0,8.0,0.875
I'm going to miss the 5pm interview so I'm depending on you all to live tweet it. Haha,Hillary Clinton,NONE,Clinton,0.0,0.0,8.0,8.0,1.0
"While I like Bernie as much as the next liberal, if we nominate him we could actually lose to some RWNJ",Hillary Clinton,NONE,Clinton,1.0,1.0,6.0,8.0,0.75
Wondering if my Hilary 2016 sticker will affect my popularity at the shooting range... #firstdate,Hillary Clinton,FAVOR,Clinton,6.0,1.0,1.0,8.0,0.75
@AdamSmith_USA because clearly @HillaryClinton is a champion for us all.,Hillary Clinton,FAVOR,Clinton,8.0,0.0,0.0,8.0,1.0
@SenSanders bashes Obama job numbers.Calling it a lie. #istandwithPresidentObama #VoteBlue2016 #HillaryClinton #Democrats,Hillary Clinton,FAVOR,Clinton,5.0,0.0,3.0,8.0,0.625
just saw ad about @marcorubio being tough on #iran it made my brain hurt #Election2016 #politics,Hillary Clinton,NONE,Clinton,0.0,0.0,8.0,8.0,1.0
"@MarkSoveign won't happen again. Hillary's coattails will help all democrats. Take back senate, Keep WH! Make history again!",Hillary Clinton,FAVOR,Clinton,7.0,1.0,0.0,8.0,0.875
"@HillaryClinton now can add #ropegate to her long list of ""accomplishments #hillaryforprison2016 #entertainment",Hillary Clinton,AGAINST,Clinton,1.0,6.0,1.0,8.0,0.75
"Tea Party Nation, Tea Party group listed by Southern Poverty Law Center as hate group. The Tea Party is The NEW Aryan Nations",Hillary Clinton,NONE,Clinton,1.0,0.0,7.0,8.0,0.875
"It's time that we move from good words to good works, from sound bites to sound solutions.--@HillaryClinton #ReadyForHillary",Hillary Clinton,FAVOR,Clinton,8.0,0.0,0.0,8.0,1.0
.@politicoroger It is 2015. You and the other high minded media are not more important than then story. Have a seat.,Hillary Clinton,NONE,Clinton,0.0,1.0,7.0,8.0,0.875
"@irritatedwoman She lied under oath before, why trust her to speak the truth now?",Hillary Clinton,AGAINST,Clinton,0.0,7.0,1.0,8.0,0.875
"True Christians follow Mathew, Mark, Luke and John. GOP-Tea Party anti-Christians follow Hannity Limbaugh, O'Reilly and Palin",Hillary Clinton,NONE,Clinton,1.0,1.0,6.0,8.0,0.75
@HillaryClinton the @DalaiLama speaks of women in leadership roles bringing about a more compassionate world. #potus,Hillary Clinton,FAVOR,Clinton,7.0,0.0,1.0,8.0,0.875
@HillaryforNV Many thanks for the follow!,Hillary Clinton,FAVOR,Clinton,7.0,0.0,1.0,8.0,0.875
@gabriellahope_ @HillaryClinton Does the general public trust her enough to be President? Don't think so.,Hillary Clinton,AGAINST,Clinton,0.0,8.0,0.0,8.0,1.0
"Based on the long lines, I thought it was free burrito day at Pancheros but it was actually Hillary! #ReadyForHillary",Hillary Clinton,FAVOR,Clinton,8.0,0.0,0.0,8.0,1.0
"I've been called many things, quitter is not one of them -@HillaryClinton in Iowa City Public Library #HillaryforIA",Hillary Clinton,FAVOR,Clinton,8.0,0.0,0.0,8.0,1.0
@HillaryClinton condemns anti-Israel boycotts as 'counter-productive',Hillary Clinton,AGAINST,Clinton,1.0,5.0,2.0,8.0,0.625
Have full faith in @HillaryClinton's campaign. #strategy #politics,Hillary Clinton,FAVOR,Clinton,8.0,0.0,0.0,8.0,1.0
"Amazing, inspiring speech&question session in Iowa City from @HillaryClinton .Her answers on education&health care were clear.",Hillary Clinton,FAVOR,Clinton,8.0,0.0,0.0,8.0,1.0
@OutnumberedFNC: Hillary chooses Brianna Keilar for her first interview. What can we expect?,Hillary Clinton,NONE,Clinton,1.0,0.0,7.0,8.0,0.875
Anyone who knows or whiteness bigotry & does nothing is just as guilty 4 not doing anything morningjoe #UniteBIue,Hillary Clinton,NONE,Clinton,0.0,1.0,7.0,8.0,0.875
"@trayNTP Why doesn't he run as a Socialist? Then he can hit Obama anytime he wants. Otherwise, it's just not done. #Bernie",Hillary Clinton,NONE,Clinton,1.0,0.0,7.0,8.0,0.875
@OutnumberedFNC: Hillary chooses Brianna Keilar for her first interview. What can we expect? Disgusting slobbering over her.,Hillary Clinton,AGAINST,Clinton,0.0,7.0,1.0,8.0,0.875
My whole day is revolving around @HillaryClinton 's interview with @brikeilarcnn on @CNN and I'm okay with that!,Hillary Clinton,FAVOR,Clinton,8.0,0.0,0.0,8.0,1.0
@LeighAnnKopans can I get your pattern for this cross stitch? I want to make my own! #pride,Hillary Clinton,NONE,Clinton,0.0,0.0,8.0,8.0,1.0
Hillary Clinton Accomplishment of the Day: extended full military health benefits to reservists and National Guard members.,Hillary Clinton,FAVOR,Clinton,7.0,0.0,1.0,8.0,0.875
"If @HillaryClinton becomes president I'm not leaving the country I will just go ""undocumented.",Hillary Clinton,AGAINST,Clinton,1.0,7.0,0.0,8.0,0.875
7 years ago this month #POTUS released his groundbreaking First Americans tribal policy platform. You're up #Election2016,Hillary Clinton,NONE,Clinton,0.0,0.0,8.0,8.0,1.0
@kwrcrow Probably for the same reason bho has not ...& @SpeakerBoehner is one of them @GOP @HouseGOP @seanhannity  #StopBush,Hillary Clinton,NONE,Clinton,1.0,0.0,7.0,8.0,0.875
#HillaryClinton just cannot accept the fact that #America does not like her. #HillaryonCNN #BernieSanders,Hillary Clinton,AGAINST,Clinton,0.0,8.0,0.0,8.0,1.0
"@HillaryClinton is plain amazing, humble, smart and confident! Let's get it Mrs. President! #HillaryClinton",Hillary Clinton,FAVOR,Clinton,8.0,0.0,0.0,8.0,1.0
@thehill Great now Hillary knows how the american people feel about the majority of politicians including her,Hillary Clinton,AGAINST,Clinton,2.0,5.0,1.0,8.0,0.625
"She's smarter and works harder . Empty accusations,inferences,gossip and rumors are rubbish.",Hillary Clinton,FAVOR,Clinton,7.0,0.0,1.0,8.0,0.875
"@MedvedSHOW   wow.  So shrill. Hating Hillary as badly as you hate homeless, transgenders, and people who ride trains",Hillary Clinton,AGAINST,Clinton,2.0,6.0,0.0,8.0,0.75
@kasie I do! And I had an invitation to their beta test before they even officially launched. #HillaryLies,Hillary Clinton,AGAINST,Clinton,1.0,7.0,0.0,8.0,0.875
@CNN @jimsciutto Good i'view #Brianna. #Hillary NOT responsible 4 slander/libel-lies r indefensible. WILL be next #POTUS.,Hillary Clinton,AGAINST,Clinton,2.0,5.0,1.0,8.0,0.625
"Either way, @HillaryClinton rises above the media chatter every time. That's one reason why I admire and respect her so much.",Hillary Clinton,FAVOR,Clinton,8.0,0.0,0.0,8.0,1.0
@TwitchyTeam ...and then she'll turn around and treat them like dogs. #RopeLine #SitUbuSitGoodDog,Hillary Clinton,AGAINST,Clinton,0.0,7.0,1.0,8.0,0.875
"Obama is 'opportunist,' Hillary Clinton no different just 'more militant' - Chomsky #TruthBeTold #notmypresident",Hillary Clinton,AGAINST,Clinton,0.0,8.0,0.0,8.0,1.0
@USATODAY @HillaryClinton how about finding her a #pathtoJAIL #DONOTPASSGO do collect any Any more of #WeThePeople s,Hillary Clinton,AGAINST,Clinton,0.0,7.0,1.0,8.0,0.875
@AC360 of course she is disappointed. Hillary only approves of lying to Americans. #WakeUpAmerica #pjnet,Hillary Clinton,AGAINST,Clinton,0.0,8.0,0.0,8.0,1.0
Trying 2 unfollow every twit who isn't going 2 vote if their candidate doesn't make it to the general.  #FeelTheBern   #SCOTUS,Hillary Clinton,NONE,Clinton,0.0,2.0,6.0,8.0,0.75
ROFLMAO! 2012 @GOP couldnt kiss enough of #DonaldTrump ass! Now GOP cant run fast enough. #tcot #uniteblue #Bernie2016,Hillary Clinton,AGAINST,Clinton,0.0,6.0,2.0,8.0,0.75
@HillaryClinton made me proud today!  Nothing like reinforcing what I already knew!,Hillary Clinton,FAVOR,Clinton,8.0,0.0,0.0,8.0,1.0
@N_Fatale @bayareahausfrau ILLEGAL IMMIGRATION IS GOOD FOR THE ECONOMY AND GOOD FOR OUR CHILDREN #tcot,Hillary Clinton,NONE,Clinton,0.0,0.0,8.0,8.0,1.0
@HillaryClinton great job on @CNN interview today.  Fuck stupid MSM. Go,Hillary Clinton,FAVOR,Clinton,8.0,0.0,0.0,8.0,1.0
Hillary upset GOP candidates didn't respond to Trump's illegal imm comments immediately-yet we're still waiting for her emails.,Hillary Clinton,AGAINST,Clinton,1.0,7.0,0.0,8.0,0.875
@HillaryClinton Many of us r near ruin! #SaveTheMiddleClass #PresidentHillaryClinton #StopOutSourcing,Hillary Clinton,FAVOR,Clinton,8.0,0.0,0.0,8.0,1.0
America has no tolerance for cheaters and liars in the White House. #NoBillary #Women4GOP #PresidentialElection2016,Hillary Clinton,AGAINST,Clinton,0.0,6.0,2.0,8.0,0.75
@HillaryClinton Will #BillClinton assault #MonicaLewinsky on her birthday? #liberals #HillaryClinton,Hillary Clinton,AGAINST,Clinton,2.0,5.0,1.0,8.0,0.625
If Hillary wins next year it'll be the first time two presidents have had sex with each other,Hillary Clinton,NONE,Clinton,0.0,2.0,6.0,8.0,0.75
President Jimmy Carter:  There's no doubt Hillary will get the nomination. And when she does I'll be happy to support her,Hillary Clinton,FAVOR,Clinton,8.0,0.0,0.0,8.0,1.0
@StarCoreOne02 @DrMartyFox Is it still 1992? We must be watching Back To The Future 10.0,Hillary Clinton,NONE,Clinton,0.0,0.0,8.0,8.0,1.0
.@thehill umm.  Yyyeaaaaah. Sure they do.,Hillary Clinton,NONE,Clinton,0.0,1.0,7.0,8.0,0.875
@JedediahBila u must be counting the lies like sheep .....,Hillary Clinton,NONE,Clinton,0.0,1.0,7.0,8.0,0.875
Technology has exposed more bad politicians than bad cops....Where Is Our Server Hillary? #CNN,Hillary Clinton,AGAINST,Clinton,0.0,8.0,0.0,8.0,1.0
Free and Equal in dignity and rights.,Hillary Clinton,NONE,Clinton,1.0,0.0,7.0,8.0,0.875
@CheerUpKaci @tmacGA70 It's the Clinton history of scandalous behavior.  #Integrity knows no sex. #HillaryonCNN,Hillary Clinton,AGAINST,Clinton,0.0,7.0,1.0,8.0,0.875
"Entire campaign platform for @HillaryClinton seems to be... ""I'm Hillary Clinton"".  #norecord #nosubstance #tcot #PJNET",Hillary Clinton,AGAINST,Clinton,0.0,7.0,1.0,8.0,0.875
Imagine @JoeBiden runs for POTUS. Without a doubt a strong & popularly likable candidate against the Clinton. -------,Hillary Clinton,AGAINST,Clinton,0.0,7.0,1.0,8.0,0.875
A lot of #GOPHaters for #Hillary - so funny because she is beating them all at 40%,Hillary Clinton,FAVOR,Clinton,6.0,2.0,0.0,8.0,0.75
"SUCCESS:  @HillaryClinton said she's receiving a constant barrage of attacks from ""the Right.""  Great job, guys. Keep it up!",Hillary Clinton,AGAINST,Clinton,1.0,7.0,0.0,8.0,0.875
Do you Progressives know how dangerously close you are to suppressing free speech? Stop it.   #inners  #readyforhillary,Hillary Clinton,FAVOR,Clinton,6.0,1.0,1.0,8.0,0.75
"#Democrats and #Obama reduce OUR Army by 40,000   MEANWHILE   Has increased IRS to 100,000  #HillaryClinton #Hillary",Hillary Clinton,AGAINST,Clinton,2.0,5.0,1.0,8.0,0.625
@CNNPolitics @PoliticalAnt @moody this is beautiful #oops,Hillary Clinton,NONE,Clinton,0.0,0.0,8.0,8.0,1.0
"#NoHillary2016 & her #PredatorRat, too. MT ""@steve0423: We need to get these stickers up nationwide! #tcot #RedNationRising",Hillary Clinton,AGAINST,Clinton,0.0,8.0,0.0,8.0,1.0
"@forewit @HillaryClinton is a degenerate liar who will do, say, cheat, delete, anything to get another squat at 1600 Penn Ave.",Hillary Clinton,AGAINST,Clinton,0.0,8.0,0.0,8.0,1.0
@Reince Hardly a hard-hitting interview like with GOP candidates. Did CNN preclear its questions with her campaign in advance??,Hillary Clinton,NONE,Clinton,0.0,2.0,6.0,8.0,0.75
Democrats want power for themselves. Republicans will give YOU the power! #Election2016,Hillary Clinton,AGAINST,Clinton,0.0,5.0,3.0,8.0,0.625
Dad while watching the news:  Politics is just show business for ugly people #HowAboutNo,Hillary Clinton,NONE,Clinton,0.0,3.0,5.0,8.0,0.625
.@thedailybeast such a waste of space #CrackingCeilings,Hillary Clinton,NONE,Clinton,0.0,1.0,7.0,8.0,0.875
@KrownRoyaleNY @jjauthor Bad for her is good for the U.S. @jlconnell66 #Killary,Hillary Clinton,AGAINST,Clinton,0.0,5.0,3.0,8.0,0.625
"RT @JohnFugelsang: They should just make the GOP primaries a reality game show called ""Who Wants To Get Beat Up By A Girl?",Hillary Clinton,FAVOR,Clinton,5.0,1.0,2.0,8.0,0.625
@csham21 @EstadodeSats Thank you so much for supportive #Freedom4Cuba RTs! #WakeUpAmerica #Cuba #TodosMarchamos,Hillary Clinton,NONE,Clinton,0.0,1.0,7.0,8.0,0.875
"Can't #UniteBlue, RT LindaSuhler: Hillary:People Trust Me, Blames 'Constant Barrage of Attacks' By the Right #delusional #WakeUpA...",Hillary Clinton,AGAINST,Clinton,0.0,7.0,1.0,8.0,0.875
@M_E_Adams if a Demonrat were to win I'd prefer Sanders over Killary.,Hillary Clinton,AGAINST,Clinton,1.0,7.0,0.0,8.0,0.875
@jschau11 wow!!! i can halp too!! #OBAMASUCKS #BLOWUPISIS #NOIRS #NOSHARIAUSA #NOAMNESTY #DAMNTHAT140  #USARULES...#ILOVETHIS #(:),Hillary Clinton,NONE,Clinton,0.0,3.0,5.0,8.0,0.625
"#WhatILearnedToday @HillaryClinton already admitted to having at least 2 devices, more lies, it never stops",Hillary Clinton,AGAINST,Clinton,0.0,8.0,0.0,8.0,1.0
@DesireeAaron @HillaryClinton  Sheets Clinton Ya got to love it #HillaryonCNN #HillaryClinton,Hillary Clinton,FAVOR,Clinton,6.0,2.0,0.0,8.0,0.75
.@jaketapper The way @HillaryClinton keeps lying I swear her father's real last name is Geppetto. #TCOT #WakeUpAmerica,Hillary Clinton,AGAINST,Clinton,0.0,8.0,0.0,8.0,1.0
It's a beautiful day for phone banking at the Hill House on 1529 Richland Street! Join us tonight at 6PM! @HillaryforSC,Hillary Clinton,FAVOR,Clinton,5.0,1.0,2.0,8.0,0.625
@ahbrees @TODAYshow  Attack? More like the daily liberal media defend Hillary and her lies!!,Hillary Clinton,AGAINST,Clinton,0.0,8.0,0.0,8.0,1.0
@DeatonCAPT Simple. Govt benefits. Surprised it's only 42%. Must be some dependents who want off welfare.,Hillary Clinton,NONE,Clinton,0.0,2.0,6.0,8.0,0.75
@stylistkavin Amazing how much they sound like Republicans! ; ) #ITrustHillary,Hillary Clinton,FAVOR,Clinton,7.0,1.0,0.0,8.0,0.875
@pdg811 Didn't realize I was in a Republican echo chamber of faux scandals! Ask Gowdy to #Releasethetranscript  #ITrustHillary,Hillary Clinton,FAVOR,Clinton,6.0,1.0,1.0,8.0,0.75
"Hillary Clinton has amassed $329 million in her career (3 of her top 5 donors are Citigroup, Goldman & JP Morgan). #Bernie2016",Hillary Clinton,AGAINST,Clinton,1.0,5.0,2.0,8.0,0.625
#HillaryonCNN   The wicked person flees when no one is chasing them - Proverbs,Hillary Clinton,AGAINST,Clinton,0.0,7.0,1.0,8.0,0.875
@Scott_R_Ellis the reason she struggles to appear genuine is she is not a genuine person. Actions speak louder than words.,Hillary Clinton,AGAINST,Clinton,0.0,5.0,3.0,8.0,0.625
@Levee_Breaks  The stench of low tide.is lasting NO! ===>,Hillary Clinton,NONE,Clinton,0.0,0.0,8.0,8.0,1.0
@CNNPolitics @JDiamond1 that's so ridiculous to treat people like that. They are doing their jobs.,Hillary Clinton,NONE,Clinton,0.0,1.0,7.0,8.0,0.875
Hilarity of the day: Hillary said she went 'above and beyond' in transparency. Really? What about the 30k deleted emails?,Hillary Clinton,AGAINST,Clinton,2.0,5.0,1.0,8.0,0.625
"@HillaryClinton Wow, #HillaryClinton looks very fat in that pants suit. #liberals #tlot #Democrats",Hillary Clinton,AGAINST,Clinton,0.0,8.0,0.0,8.0,1.0
@HillaryClinton interview was ridiculous!! She's such a liar!,Hillary Clinton,AGAINST,Clinton,0.0,8.0,0.0,8.0,1.0
"Every time the republicans move to the middle, the liberals move the middle further to the left.",Hillary Clinton,NONE,Clinton,0.0,2.0,6.0,8.0,0.75
".@HillaryClinton blames her lack of trust among the populace on @GOP, forgetting that she's a lying, conniving, murderous, cheat.",Hillary Clinton,AGAINST,Clinton,0.0,8.0,0.0,8.0,1.0
"Hillary has sacrificed more Ambassadors, told more lies, hid and destroyed more evidence... The beat goes on,,, @McSadie",Hillary Clinton,AGAINST,Clinton,0.0,8.0,0.0,8.0,1.0
@thehill : Women deserve a better candidate for the HIGH HONOR if first woman President: We ALL do! #WhyI'mNotVotingForHillary,Hillary Clinton,AGAINST,Clinton,0.0,8.0,0.0,8.0,1.0
A circus Act such as Donald Trump is short term entertainment. Soon to be canceled.,Hillary Clinton,NONE,Clinton,0.0,1.0,7.0,8.0,0.875
"@churstauthor Thanks for the follow Charles, may God bless you and your family !  #freeallfour",Hillary Clinton,NONE,Clinton,0.0,1.0,7.0,8.0,0.875
@alison_rambles @RickCanton @ResistTyranny @RotNScoundrel @LeahR77 @LeahRBoss @RedStateJake  Because I have Grand Children!,Hillary Clinton,NONE,Clinton,0.0,2.0,6.0,8.0,0.75
"If it weren't for her marriage, Hillary would unknown. Thanks a lot, Bill.  RT @MangyLover #HIllaryClinton #WeDontTrustYouHillary",Hillary Clinton,AGAINST,Clinton,0.0,8.0,0.0,8.0,1.0
@TajMagruder  Facetious much? Had me going there.,Hillary Clinton,NONE,Clinton,0.0,2.0,6.0,8.0,0.75
@realDonaldTrump has my vote! The truth will set you free and we need transparency in Washington now more than ever!,Hillary Clinton,AGAINST,Clinton,0.0,6.0,2.0,8.0,0.75
.@HillaryClinton is a liar & corrupt.  Period. End of story.  #criminal #liar #hillaryforprison #uppers #tcot,Hillary Clinton,AGAINST,Clinton,0.0,8.0,0.0,8.0,1.0
Republicans in the White House will make America great again! #Trump #educateyourself #boycottlibralmedia,Hillary Clinton,AGAINST,Clinton,0.0,5.0,3.0,8.0,0.625
"@AndreaTantaros Clinton privilege transcends white privilege, rock star privilege, NFL privilege & intergalactic alien privilege.",Hillary Clinton,AGAINST,Clinton,1.0,6.0,1.0,8.0,0.75
Hillary has learned The Blame Game well from Obama - she blames GOP for everything!,Hillary Clinton,AGAINST,Clinton,0.0,7.0,1.0,8.0,0.875
when i get married to my partner i want @HillaryClinton to be my maid of honor!  #govote #girlpower #lovewins,Hillary Clinton,FAVOR,Clinton,7.0,0.0,1.0,8.0,0.875
"Hey!!! If anyone wants to help with the Hillary camp at Charlotte pride, let me know!!! #nc #pride #lgbt",Hillary Clinton,FAVOR,Clinton,7.0,1.0,0.0,8.0,0.875
Are we so desperate in this country to seriously consider a 60+ woman as president?,Hillary Clinton,AGAINST,Clinton,0.0,8.0,0.0,8.0,1.0
@JOEROWE409 @ScotsFyre Hillaey Clinton can't help but lie...it's who she really is.,Hillary Clinton,AGAINST,Clinton,0.0,8.0,0.0,8.0,1.0
"Hillary ""We came, we saw, he [Gaddaffi] died"" psychopath Clinton. #HillaryonCNN #Nothanks",Hillary Clinton,AGAINST,Clinton,0.0,8.0,0.0,8.0,1.0
It bugs me when some people seek to invalidate centrist Democrats. I prefer a bigger tent.,Hillary Clinton,NONE,Clinton,1.0,1.0,6.0,8.0,0.75
Join the Hillary team now and come to the Jefferson County phone bank tomorrow from 6-8 at Bliss Studio in Fairfield!,Hillary Clinton,FAVOR,Clinton,6.0,1.0,1.0,8.0,0.75
"Mining is where all the money is but our ""Leader"" says otherwise #ArrestObama #RedNationRising #OperationBendOver #NoSanctuary",Hillary Clinton,NONE,Clinton,1.0,1.0,6.0,8.0,0.75
I wish #OliviaPope could run @HillaryClinton 's campaign... #Scandal #livisreal,Hillary Clinton,AGAINST,Clinton,0.0,5.0,3.0,8.0,0.625
"Liberal's, why ARE you so intolerant?!? Why were your parents so intolerant? And their parents? #UniteBlue",Hillary Clinton,NONE,Clinton,1.0,1.0,6.0,8.0,0.75
@CNN One would hope everyone would be fired up over such a blatant lie,Hillary Clinton,AGAINST,Clinton,0.0,6.0,2.0,8.0,0.75
Hillary gave her first big interview. Did she talk about the issues? Did she rally the left? Nope. Total dud. #Bernie2016,Hillary Clinton,AGAINST,Clinton,0.0,8.0,0.0,8.0,1.0
"#Clintonemails are just a prelude of what her presidency could be if elected, a myrad of scandals @GOP @FloridaGOP @marcorubio",Hillary Clinton,AGAINST,Clinton,0.0,8.0,0.0,8.0,1.0
@CNN and CNN proved they are not a legitimate news organization by not calling her out about all her lies. #JournalismIsDead,Hillary Clinton,AGAINST,Clinton,0.0,7.0,1.0,8.0,0.875
We stand with the great #Baltimore mayor! Fire all the Crooks in Uniform! @MayorSRB #FreddieGray #hannity @donlemon #BlueWall,Hillary Clinton,NONE,Clinton,0.0,0.0,8.0,8.0,1.0
HRC is delusional in addition to being a pathological liar.  1%er to the extreme.,Hillary Clinton,AGAINST,Clinton,1.0,7.0,0.0,8.0,0.875
This is the 3rd time in U.S. that Republicans has a vacuum of presidential leadership.,Hillary Clinton,NONE,Clinton,0.0,1.0,7.0,8.0,0.875
'Hilary is not electable' then you stand no chance @realDonaldTrump #carnivalbarker,Hillary Clinton,AGAINST,Clinton,2.0,6.0,0.0,8.0,0.75
"If Hillary Clinton is elected president in 2016, this nation will surely experience unprecedented destruction.",Hillary Clinton,AGAINST,Clinton,0.0,8.0,0.0,8.0,1.0
"@HillaryClinton : ""Change religious beliefs"" to accommodate the violence of abortion?! #WhyI'mNotVotingForHillary",Hillary Clinton,AGAINST,Clinton,0.0,8.0,0.0,8.0,1.0
Voting Republican in 2016 gets you so much more than a free cellphone! #Election2016,Hillary Clinton,AGAINST,Clinton,1.0,5.0,2.0,8.0,0.625
@HillaryClinton had a Legal obligation to prevent the destruction (preserve) Gov't & related documents (email). She didn't.,Hillary Clinton,AGAINST,Clinton,0.0,7.0,1.0,8.0,0.875
"@3_Card_Monty : I believe the title would be ""First Lord"". Let THAT sink in!! #PJNET",Hillary Clinton,NONE,Clinton,0.0,3.0,5.0,8.0,0.625
@Independent Maybe it's his last name? Or maybe he's a bonafide racist with a militia membership. Lol. #Tattoos,Hillary Clinton,NONE,Clinton,0.0,2.0,6.0,8.0,0.75
"You know, when you talk bad about Hillary, in a sense, you're talking bad about me.",Hillary Clinton,FAVOR,Clinton,6.0,2.0,0.0,8.0,0.75
"I will give the Jewish state all the support to vanquish Hamas & if that means killing 200,000 Gazans, than so be it. -",Hillary Clinton,NONE,Clinton,0.0,2.0,6.0,8.0,0.75
Why did you lie about the #Benghazi subpoena? @HillaryClinton  No wonder no one trusts you.,Hillary Clinton,AGAINST,Clinton,0.0,8.0,0.0,8.0,1.0
"@JoanOfArgghh I won't use the c-word, so I'll just say that everything Clinton does is a ""cunning stunt"". #HillaryonCNN",Hillary Clinton,AGAINST,Clinton,0.0,8.0,0.0,8.0,1.0
Controlling #illegalimmigration is Now Racist According to @ChrisCuomo #NewDayCNN  Let's Bash #Trump ALL Day AGAIN #morningjoe,Hillary Clinton,NONE,Clinton,0.0,2.0,6.0,8.0,0.75
Vow today to fight the #FirstFamilyOfCorruption .@billclinton  .@hillaryclinton & keep her out of office #independents #tcot,Hillary Clinton,AGAINST,Clinton,0.0,8.0,0.0,8.0,1.0
During ClintonNo.1 prez stint all we heard was 'right wing conspiracy' -it's starting again,Hillary Clinton,AGAINST,Clinton,0.0,6.0,2.0,8.0,0.75
Jeb Bush says Americans should work longer hours. I'll do just that... TO ELECT HILLARY CLINTON!,Hillary Clinton,FAVOR,Clinton,5.0,3.0,0.0,8.0,0.625
@AC360 asked @realDonaldTrump the tough questions.  Too bad @CNN didn't ask @HillaryClinton the tough questions.,Hillary Clinton,AGAINST,Clinton,0.0,5.0,3.0,8.0,0.625
@HillaryClinton : Women deserve a better candidate for the HIGH HONOR of first woman President. We ALL do!,Hillary Clinton,AGAINST,Clinton,1.0,7.0,0.0,8.0,0.875
@HillaryNews #GoKatie Ted you're not going to be President! #HillaryAllTheWay #GayMarriageisLegal #LGBT #GLAAD #PFLAG,Hillary Clinton,FAVOR,Clinton,5.0,2.0,1.0,8.0,0.625
"I stand with @HillaryClinton I know she is for women, poor,children, middle class and GUN CONTROL.",Hillary Clinton,FAVOR,Clinton,5.0,2.0,1.0,8.0,0.625
"@NoahCRothman ""Everything I did was permitted."" -HRC. ""If God is dead, all things are permitted"" -Dostoyevsky.  #tcot",Hillary Clinton,AGAINST,Clinton,0.0,6.0,2.0,8.0,0.75
#EpicLiberalFail Hilary lied about Banghazi and is caught on audio biahahaha #p2 #uniteblue #libcrib #libtards,Hillary Clinton,AGAINST,Clinton,0.0,8.0,0.0,8.0,1.0
Enjoyed @jamiaw article on feminism + @hillaryclinton.We are building campaign that engages ppl through an intersectional lens,Hillary Clinton,FAVOR,Clinton,5.0,2.0,1.0,8.0,0.625
GW Bush gives $100K speech to wounded vets...then sells uranium to Russia. Oh wait.,Hillary Clinton,NONE,Clinton,0.0,3.0,5.0,8.0,0.625
@_Holly_Renee I want to fav this tweet....cause it's hilarious. But I give no support to #HillaryClinton,Hillary Clinton,AGAINST,Clinton,0.0,8.0,0.0,8.0,1.0
GOP Busted Trey Gowdy proved their #Benghazi hearings are politically motivated when he leaked documents to the press,Hillary Clinton,AGAINST,Clinton,0.0,5.0,3.0,8.0,0.625
"@Chairmnoomowmow @DrMartyFox I'm on team ""Anyone other than Hillary",Hillary Clinton,AGAINST,Clinton,0.0,7.0,1.0,8.0,0.875
@HillaryClinton Are those women #BillClinton's next targets for assault? #MonicaLewinsky #WarOnWomen #HillaryClinton #tlot,Hillary Clinton,AGAINST,Clinton,1.0,5.0,2.0,8.0,0.625
Trey Gowdy proved their #Benghazi hearings are politically motivated when he leaked documents to the press,Hillary Clinton,AGAINST,Clinton,0.0,5.0,3.0,8.0,0.625
you can't bitch at me for donating to Dems.  Only way to get business done with them is to grease the skids #bribe #paytoplay,Hillary Clinton,AGAINST,Clinton,0.0,5.0,3.0,8.0,0.625
People should and do trust me.  -woman who also denied getting a subpoena Trey Gowdy served her before she deleted emails,Hillary Clinton,AGAINST,Clinton,0.0,5.0,3.0,8.0,0.625
@iaaronmitch Right now I think we're all sending special thanks to Donald Trump.,Hillary Clinton,AGAINST,Clinton,0.0,6.0,2.0,8.0,0.75
@peddoc63 @steph93065 @ChrisHollyMusic she's needs an Orange pantsuit! Permanently! #hillaryforprison #wakeupamerica #pjnet,Hillary Clinton,AGAINST,Clinton,0.0,8.0,0.0,8.0,1.0
hey @HillaryClinton when you LIED about the lack of a subpoena...you REALLY thought you wouldn't get caught? #LIAR #Corruptocrat,Hillary Clinton,AGAINST,Clinton,0.0,7.0,1.0,8.0,0.875
"@HillaryClinton lies just for the fun of it, its CRAZY!!!!! #NoHillary #WhyImNotVotingForHillary",Hillary Clinton,AGAINST,Clinton,0.0,7.0,1.0,8.0,0.875
@murphymike @blakehounshell @ScottFConroy let's see jebs emails from 2000 when he helped his idiot brother steal the presidency,Hillary Clinton,AGAINST,Clinton,1.0,5.0,2.0,8.0,0.625
I BLOCKED 2 Liberals Today!..A Very Good Thursday! #GODBLESSTHEUSA #HardCoreAmericanConservative #2A #NRA #ArticleV  #NoMoreBushes,Hillary Clinton,AGAINST,Clinton,0.0,5.0,3.0,8.0,0.625
@rhhhhh380 What we need to do is support all Republicans and criticize the opposition.,Hillary Clinton,AGAINST,Clinton,0.0,5.0,2.0,7.0,0.7142857142857143
@JessicaAndSandr I have 2 words for u  #Benghazi  #whitewater. She's morally questionable. We as women should demand better,Hillary Clinton,AGAINST,Clinton,0.0,6.0,2.0,8.0,0.75
@Westxgal @irisflower33: This money will buy the Anti-American Libs including,Hillary Clinton,AGAINST,Clinton,0.0,5.0,3.0,8.0,0.625
@HillaryClinton Hillary is a Directioner! This is awesome! :-) They need to sing at your Inauguration!,Hillary Clinton,FAVOR,Clinton,5.0,3.0,0.0,8.0,0.625
Ok now Latino are deciding who is going to be president of the US #Jeb2016 #DonaldTrump #Sanders2016 #,Hillary Clinton,AGAINST,Clinton,0.0,5.0,3.0,8.0,0.625
Only @theDemocrats want #crimigrants running amok in U.S. Cities.   #CancerIsProgressive,Hillary Clinton,AGAINST,Clinton,0.0,6.0,1.0,7.0,0.8571428571428571
"@LeahR77 @HillaryClinton the unethical lying granny strikes again.  No charisma, no character, no accomplishments, no warmth",Hillary Clinton,AGAINST,Clinton,0.0,6.0,1.0,7.0,0.8571428571428571
Hey Hillary Clinton...How's things working out on #Servergate? Bury enough evidence yet?    #tcot,Hillary Clinton,AGAINST,Clinton,0.0,8.0,0.0,8.0,1.0
"Didn't take long for Clinton lackey @PaulBegala to play the ""crazy"" card. So predictable",Hillary Clinton,AGAINST,Clinton,0.0,6.0,1.0,7.0,0.8571428571428571
I dont understand the people that bash Donald Trump but take Hillary Clinton seriously,Hillary Clinton,AGAINST,Clinton,0.0,8.0,0.0,8.0,1.0
Did you hear the answer Hillary gave to a reporter when they asked a question?!?   Neither have I.,Hillary Clinton,AGAINST,Clinton,0.0,8.0,0.0,8.0,1.0
"Hillarity claims no subpoenas, get put in her place with photographic evidence... So trustworthy... #WhatILearnedToday",Hillary Clinton,AGAINST,Clinton,0.0,8.0,0.0,8.0,1.0
"Hillary has flipped yet again, and is now pro-sanctuary cities.",Hillary Clinton,AGAINST,Clinton,0.0,8.0,0.0,8.0,1.0
"Hillary says people should and do trust her, phew wee I am glad she finally got that issue behind her.",Hillary Clinton,AGAINST,Clinton,1.0,5.0,2.0,8.0,0.625
@LMdonney @HillaryClinton Thank you Carol 4your support and work in pursuit of electing @HillaryClinton POTUS.  #ITrustHillary,Hillary Clinton,FAVOR,Clinton,5.0,3.0,0.0,8.0,0.625
"Pondering why virtually all of my female friends, regardless of party, say they find Hillary annoying.",Hillary Clinton,AGAINST,Clinton,2.0,6.0,0.0,8.0,0.75
@HillaryClinton @TheDemocrats How many Xanax does this wretched bitch need to sleep at night?,Hillary Clinton,AGAINST,Clinton,0.0,8.0,0.0,8.0,1.0
Hillary Clinton is the only one who can turn this country around we don't need another man in the office. #endsexism,Hillary Clinton,FAVOR,Clinton,5.0,3.0,0.0,8.0,0.625
"Republican on facebook said :If it comes down to a choice between Donald Trump and Hillary,  I'm not voting!",Hillary Clinton,AGAINST,Clinton,0.0,8.0,0.0,8.0,1.0
"At the end of the day, support the candidate w/best chance of beating the progressive democrat.  Don't stay home.  #UniteRight",Hillary Clinton,AGAINST,Clinton,1.0,5.0,2.0,8.0,0.625
@sgtis0905 @UnPoliticalPrty Never forget @emaleroland #Benghazi Shackle the criminal element,Hillary Clinton,AGAINST,Clinton,0.0,6.0,1.0,7.0,0.8571428571428571
"One wonders, if your Government ignores the law, the rest of us can too right?  Just say no to",Hillary Clinton,AGAINST,Clinton,0.0,5.0,2.0,7.0,0.7142857142857143
"It just depends on what the  definition of the word ""subponea"" is...  #subponea",Hillary Clinton,AGAINST,Clinton,0.0,5.0,2.0,7.0,0.7142857142857143
"Spitting on clergy.  Burning the American flag.  Shaming American ideology.  It's Obama's America, and @HillaryClinton loves it.",Hillary Clinton,AGAINST,Clinton,0.0,7.0,1.0,8.0,0.875
"@donnabrazile @DougHeye So this woman does one thing to help. She's GOP - she's, ultimately, the enemy - don't doubt it",Hillary Clinton,AGAINST,Clinton,0.0,6.0,2.0,8.0,0.75
"@MarkBratlien Hi Mark, thank you so much for your follow, may God bless you and yours.  #freeallfour",Hillary Clinton,NONE,Clinton,0.0,3.0,5.0,8.0,0.625
"@szabosolicitors Thanks for the follow counselor, may God bless you and your family !  #freeallfour",Hillary Clinton,NONE,Clinton,1.0,2.0,5.0,8.0,0.625
"@jjauthor Janie, I am honored to be followed by you, thank you and God bless you.  #freeallfour",Hillary Clinton,NONE,Clinton,0.0,3.0,5.0,8.0,0.625
"@FaithWarJournal Thank You for the follow, may God bless you all !  #freeallfour",Hillary Clinton,NONE,Clinton,0.0,3.0,5.0,8.0,0.625
@lylafmills Simple. A revolution Two Independence Days And a clean slate. #2ndamendment #REMEMBERBENGHAZI2016 #PATRIOTSWILLRISE,Hillary Clinton,AGAINST,Clinton,0.0,5.0,3.0,8.0,0.625
So over 20 million government employees got their private info stolen. Has anyone checked @HillaryClinton server?  #2016 #Fail,Hillary Clinton,AGAINST,Clinton,0.0,7.0,1.0,8.0,0.875
The rebel flag flew off the pole & pulled trigger on gun that fired by itself  liberal dementia growing  daily #2a #rebelflag,Hillary Clinton,NONE,Clinton,0.0,2.0,6.0,8.0,0.75
@TheAtlantic cause  #Hillary Clinton is a LYING THEIVING CUNT,Hillary Clinton,AGAINST,Clinton,0.0,32.0,0.0,32.0,1.0
"@billodoux Thanks for the follow, that his by far the cutest avatar I have seen, God bless you all ! #freealfour",Hillary Clinton,NONE,Clinton,1.0,2.0,34.0,37.0,0.918918918918919
Proud of @HillaryClinton for supporting stronger gun control measures. #ReadyForHillary,Hillary Clinton,FAVOR,Clinton,28.0,3.0,0.0,31.0,0.9032258064516129
So @HillaryClinton received a Subpoena to Testify & She ignored it! Is Hillary above The Law Now?,Hillary Clinton,AGAINST,Clinton,0.0,30.0,0.0,30.0,1.0
I'm conservative but I must admit I'd rather see @SenSanders as president than Mrs. Clinton. #stillvotingGOP #politics,Hillary Clinton,AGAINST,Clinton,0.0,33.0,0.0,33.0,1.0
@Braidleigh 2016 is the due year for possible revolution.  The water has yet to boil over. #BetOnRed #PatriotsWillRise,Hillary Clinton,NONE,Clinton,1.0,10.0,21.0,32.0,0.65625
@SaysMissy HRC takes us Americans for mindless fools!! How insulting! #PJNET #OiP,Hillary Clinton,AGAINST,Clinton,0.0,5.0,3.0,8.0,0.625
@BadgerGeno @kreichert27 @jackbahlman Too busy protesting :) #LoveForAll #BackdoorBadgers,Hillary Clinton,NONE,Clinton,0.0,2.0,6.0,8.0,0.75
Chelsea and her bitch mother #HillaryClinton should of committed suicide and spare the world of their hideous pasty face,Hillary Clinton,AGAINST,Clinton,1.0,7.0,0.0,8.0,0.875
Wouldn't be surprise that it comes to light that Chelsea's husband cheats on her. #HillaryClinton,Hillary Clinton,AGAINST,Clinton,0.0,5.0,3.0,8.0,0.625
Wouldn't be surprise that it comes to light that Chelsea's husband cheats on her like her Bill did on Hillary. #HillaryClinton,Hillary Clinton,AGAINST,Clinton,0.0,5.0,3.0,8.0,0.625
"The blacks cant admit that O is a failure. No, we dont need another affirmative action president #Obama #communism",Hillary Clinton,NONE,Clinton,0.0,3.0,5.0,8.0,0.625
<<I'm just going to be my own little self and kind of keep going along and saying what I believe in!!1!! >> #tcot,Hillary Clinton,NONE,Clinton,0.0,2.0,6.0,8.0,0.75
I think that everything she says is a lie.   I mean EVERYTHING.   I don't even think her name is Hillary.  #WakeUpAmerica,Hillary Clinton,AGAINST,Clinton,1.0,7.0,0.0,8.0,0.875
.@HillaryClinton Looking 4ward 2 hearing your Economic Agenda on Monday July13. WOW a candidate talking Specifics & not Rhetoric!,Hillary Clinton,FAVOR,Clinton,7.0,1.0,0.0,8.0,0.875
@mataharikrishna I'm loving it too! Draw that contrast!!!,Hillary Clinton,NONE,Clinton,0.0,2.0,6.0,8.0,0.75
"@finneyk Can't stand @msnbc anymore, but hope @HillaryClinton will go on the @maddow Show! This needs to happen!!",Hillary Clinton,FAVOR,Clinton,5.0,2.0,1.0,8.0,0.625
"Hillary can't create jobs! Last time she had a job to do, she outsourced it to Monica Lewinsky.",Hillary Clinton,AGAINST,Clinton,0.0,48.0,2.0,50.0,0.96
"It's amazing to me how if you want a secure border & a legal process to immigration that makes sense, it means you are racist.",Hillary Clinton,NONE,Clinton,3.0,11.0,36.0,50.0,0.72
"@2014voteblue @ChrisJZullo blindly supporting political parties is willfull ignorance, repub or dem.",Donald Trump,NONE,Trump,0.0,1.0,7.0,8.0,0.875
"@ThePimpernelX @Cameron_Gray @CalebHowe  Totally agree ...time to get out of the Twitter Peanut Gallery and take ""arms",Donald Trump,NONE,Trump,0.0,0.0,8.0,8.0,1.0
@JeffYoung @ThePatriot143 I fully support full repeal. I will work for candidates who I believe will make it happen!,Donald Trump,NONE,Trump,2.0,0.0,6.0,8.0,0.75
"@ABC Stupid is as stupid does! Showedhis true colors; seems that he ignores that US was invaded, & plundered,not discovered",Donald Trump,AGAINST,Trump,0.0,8.0,0.0,8.0,1.0
@HouseGOP we now have one political party. The Socialist party. No more BS. We don't believe you anymore.,Donald Trump,NONE,Trump,0.0,2.0,6.0,8.0,0.75
Donald Trump isn't afraid to roast everyone.,Donald Trump,FAVOR,Trump,8.0,0.0,0.0,8.0,1.0
Donald Trump for president? I can dig it.,Donald Trump,FAVOR,Trump,7.0,0.0,1.0,8.0,0.875
nothing about obamacare changed today what changed is the total exposure of anti-constitutional terrorism at the supremecourt,Donald Trump,NONE,Trump,0.0,0.0,8.0,8.0,1.0
"I have one friend, he said he has more accountants than he has nurses.",Donald Trump,NONE,Trump,0.0,1.0,7.0,8.0,0.875
After today SCOTUS has passed more legislation than congress. #tcot,Donald Trump,NONE,Trump,0.0,1.0,7.0,8.0,0.875
@USAlivestrong @scottscameron @ljmljm55 @blondygirl1 @eavesdropann @autumkat @texasflutegal 100% Support #Trump..,Donald Trump,FAVOR,Trump,7.0,0.0,1.0,8.0,0.875
@WhipHoyer @CorlessJones haha ACA is far from affordable you bunch of GRUBER idiots!,Donald Trump,NONE,Trump,0.0,2.0,6.0,8.0,0.75
"Considering the fact that Bush was a president of this country, I don't see it a joke that Trump is running ! #Election2016",Donald Trump,FAVOR,Trump,5.0,3.0,0.0,8.0,0.625
"Honestly I am gonna watch #Univision so much more now, just to support the network against",Donald Trump,NONE,Trump,0.0,2.0,6.0,8.0,0.75
"@CarmineZozzora Or a supreme court who now re-writes laws from the bench. They have done calisthenics to save o-care, TWICE!",Donald Trump,NONE,Trump,1.0,1.0,6.0,8.0,0.75
BretBaier ShannonBream remind Obama that the 2nd Amendment is here to stay as well! #TCOT #MOLONLABE #2A,Donald Trump,NONE,Trump,0.0,1.0,7.0,8.0,0.875
@realDonaldTrump  I like Mexicans who come to US legally.  #IStandWithTrump,Donald Trump,FAVOR,Trump,8.0,0.0,0.0,8.0,1.0
We need Obama out and @realDonaldTrump in the White House ASAP,Donald Trump,FAVOR,Trump,8.0,0.0,0.0,8.0,1.0
RT @Tone_Rowdy: How can this country move on from its racist past when it's leaders won't... #OurLivesMatter,Donald Trump,NONE,Trump,0.0,3.0,5.0,8.0,0.625
Dear @realDonaldTrump: You are an idiot. #america #politics #sticktoyourhair,Donald Trump,AGAINST,Trump,0.0,8.0,0.0,8.0,1.0
@alexisgoldstein @alexfrangos #BusinessMatters @BBCWorldBiz @bbcworldservice midnight gmt #Grexit #Obamacare #ironmaiden,Donald Trump,NONE,Trump,0.0,1.0,7.0,8.0,0.875
Donald Trump inhaled so much air spray & started to believe he is the title holder for the United States.,Donald Trump,AGAINST,Trump,0.0,8.0,0.0,8.0,1.0
The Leftist Liberals are starting an internal war within America.,Donald Trump,NONE,Trump,2.0,0.0,6.0,8.0,0.75
.@realDonaldTrump should've kept his mouth shut & not run for Pres. He is making the biggest fool out of himself. He's fired,Donald Trump,AGAINST,Trump,0.0,8.0,0.0,8.0,1.0
"For those that are not aware, there is a difference between corporate and personal bankruptcy. Look of Chapter 11 bankruptcy.",Donald Trump,NONE,Trump,0.0,0.0,8.0,8.0,1.0
@peddoc63 @realDonaldTrump So I guess Univision is Fair & Balanced. These are the people that R helping shape USA!,Donald Trump,AGAINST,Trump,1.0,5.0,2.0,8.0,0.625
"#presidentialelection2016  Make plans to help your future now, so that later you don't regret it, again! Vote @realDonaldTrump",Donald Trump,FAVOR,Trump,8.0,0.0,0.0,8.0,1.0
@Rebeksy well that's just crazy! Why work? #howdidwegethere #shameful,Donald Trump,NONE,Trump,0.0,0.0,8.0,8.0,1.0
"@realDonaldTrump you know that middle class is Latino's, right? You just shitted all over that working class you claim to need.",Donald Trump,AGAINST,Trump,0.0,8.0,0.0,8.0,1.0
I am not sure who is coming from other countries but I will assume they must be bad cause I am rich.,Donald Trump,NONE,Trump,0.0,3.0,5.0,8.0,0.625
"@BlissTabitha No, stand up for America, fiscal responsibility, strong defense, less transfer of wealth, less government.",Donald Trump,NONE,Trump,0.0,1.0,7.0,8.0,0.875
RT @AhmedtheBanker: Let's not forget @realDonaldTrump lost money running a casino.,Donald Trump,AGAINST,Trump,0.0,8.0,0.0,8.0,1.0
The media gathered the public like sheep over the rebel flag debate the government passed the fast track authority google it,Donald Trump,NONE,Trump,0.0,1.0,7.0,8.0,0.875
"@realDonaldTrump did not apply to immigrants one of the trade basis, WIN TO WIN. Ignorance can not be excuse",Donald Trump,AGAINST,Trump,1.0,5.0,2.0,8.0,0.625
"Beheading attack at company in France is terrorism,but beheading and attack at company in OK is work place violence. #tcot",Donald Trump,NONE,Trump,0.0,0.0,8.0,8.0,1.0
"Hosea 4:8  They eat up the sin of my people, and they set their heart on their iniquity.  #pastors #Christians  #repent",Donald Trump,NONE,Trump,0.0,0.0,8.0,8.0,1.0
Isis celebrates Islam with 3 terror attacks overseas. BO wants 2 disarm Americans so Isis can mow us down at will. #tcot,Donald Trump,NONE,Trump,0.0,0.0,8.0,8.0,1.0
@kilmeade @briankilmeade Obviously military industrial complex has an interest in sustained conflict War=sales #Libertarian,Donald Trump,NONE,Trump,0.0,1.0,7.0,8.0,0.875
@Scotus creates another right in the Constitution. WE ARE LIVING UNDER TYRANNY. THE WILL OF THE PEOPLE IS NO LONGER!,Donald Trump,NONE,Trump,0.0,0.0,8.0,8.0,1.0
"#SCOTUS rules they can rule anything they damn well please, regardless of We The People. Welcome to #tyranny.   #USA",Donald Trump,NONE,Trump,0.0,0.0,8.0,8.0,1.0
I don't even recognize America anymore. #scary,Donald Trump,NONE,Trump,0.0,0.0,8.0,8.0,1.0
Sad day America...what is going on? #LNYHBT,Donald Trump,NONE,Trump,1.0,0.0,7.0,8.0,0.875
The country's fucked but we can marry!! Woo hoo!,Donald Trump,NONE,Trump,0.0,0.0,8.0,8.0,1.0
This Fight Isn't OVER! #Obamacare Is Obviously Broken & It Increases Health Care Costs For Millions Of Americans. #SCOTUScare,Donald Trump,NONE,Trump,1.0,0.0,7.0,8.0,0.875
There is a fine line between right and damnation  and in my opinion the US is going down the wrong damn road #votethemallout,Donald Trump,NONE,Trump,1.0,0.0,7.0,8.0,0.875
"@AC360 @barbarastarrcnn Erasing history will not cure the hatred heart, it only takes one person to stir the fires #CCOT",Donald Trump,NONE,Trump,0.0,0.0,8.0,8.0,1.0
It's #FF and I need more videogame & political followers -- please no eggs or communists :-). Everyone else I'll followback!,Donald Trump,NONE,Trump,1.0,0.0,7.0,8.0,0.875
@BlissTabitha What to hell is going on! Really scary.. Nothing sacred anymore!,Donald Trump,NONE,Trump,0.0,1.0,7.0,8.0,0.875
"obviously, the decision was made on june 26th because it's the closest they could get to 6/66 within the month of june, #tcot",Donald Trump,NONE,Trump,0.0,1.0,7.0,8.0,0.875
"I know this is super dorky, but I REALLY hope I get my acct back in time for #CashinIn tom.   @ProfessorF @JonathanHoenig",Donald Trump,NONE,Trump,1.0,1.0,6.0,8.0,0.75
I'm offended @HillaryClinton is Not in Prison & I'm offended  hasn't started 2 #ImpeachObama Now @BarackObama,Donald Trump,NONE,Trump,0.0,1.0,7.0,8.0,0.875
Trump for prez he couldn't do any worse so give him a shot,Donald Trump,FAVOR,Trump,7.0,1.0,0.0,8.0,0.875
@toddstarnes Marriage is designed and defined by God. No mortal man can change it. Praying for our country  #ccot #PJNET,Donald Trump,NONE,Trump,0.0,2.0,6.0,8.0,0.75
"You can change the laws of America, but you can never change the Law of God. Marriage is between a man and a woman.",Donald Trump,NONE,Trump,0.0,2.0,6.0,8.0,0.75
@AppSame  obama and hillary and ordoughan and the Khomeinians and MB And ISIS are all serving the Freemasonry,Donald Trump,NONE,Trump,2.0,1.0,5.0,8.0,0.625
@realDonaldTrump No more Bush or Hillary Clinton,Donald Trump,FAVOR,Trump,7.0,1.0,0.0,8.0,0.875
Been slacking on my @realDonaldTrump retweets.. had some catching up to do .. #Trumpforpresident,Donald Trump,FAVOR,Trump,7.0,1.0,0.0,8.0,0.875
Healthcare in America must be fixed. Women are everything.  #TeamJason,Donald Trump,NONE,Trump,0.0,1.0,7.0,8.0,0.875
"American's, do you think we are headed in a positive direction? #USAGuard #OPACT",Donald Trump,NONE,Trump,0.0,2.0,6.0,8.0,0.75
"The moment you opened your mouth,  that was the end of your candidate trip! @realDonaldTrump",Donald Trump,AGAINST,Trump,0.0,7.0,1.0,8.0,0.875
And how many  #latinos enemies you gained in 1 week? 50 million!! @realDonaldTrump,Donald Trump,AGAINST,Trump,0.0,8.0,0.0,8.0,1.0
They only did they gay marriage thing to get our attention off of all the shootings lately...,Donald Trump,NONE,Trump,0.0,0.0,8.0,8.0,1.0
@tommyhubb @mikemckenna19 @Scully64 @jhodnot @SandraHartle carrying  guns,Donald Trump,NONE,Trump,0.0,0.0,8.0,8.0,1.0
"@mtngma @Crossbearer1956 @CarmineZozzora aren't they, though",Donald Trump,NONE,Trump,0.0,0.0,8.0,8.0,1.0
I almost got myself grounded for not agreeing with my parents on marriage equality. #USisnotatheocracy,Donald Trump,NONE,Trump,0.0,0.0,8.0,8.0,1.0
"If my only impression of the US was Donald Trump, I think I would hate it.",Donald Trump,AGAINST,Trump,0.0,8.0,0.0,8.0,1.0
they legalized gay marriage???!!!  what's next?!?!? CRACK?!!!?,Donald Trump,NONE,Trump,1.0,0.0,7.0,8.0,0.875
States Have Already Decided How They Felt About This Based Off The Wills Of Their People! Give Them Their Rights Back!,Donald Trump,NONE,Trump,1.0,0.0,7.0,8.0,0.875
The whitehouse displaying rainbow colors...are you shitting me?,Donald Trump,NONE,Trump,0.0,0.0,8.0,8.0,1.0
You're combover looks like the cupacabra  Guillermo @jimmykimmel so funny,Donald Trump,AGAINST,Trump,0.0,5.0,3.0,8.0,0.625
"Supreme Court on the Constitution's WE THE PEOPLE...""It depends on what you mean by 'WE'. #SCOTUS #SCOTUScare",Donald Trump,NONE,Trump,0.0,1.0,7.0,8.0,0.875
Tyranny in full bloom with legislative editor and @ChiefJusticeJR court freedom hanging by thread @RedNationRising #Liberty,Donald Trump,NONE,Trump,0.0,1.0,7.0,8.0,0.875
@xmoraldk Glad we have each other on Twitter along with our home/community lives. You guys ROCK! #BeBlessed,Donald Trump,NONE,Trump,0.0,0.0,8.0,8.0,1.0
"So gays can get married, but I still can't legally own a pet monkey in the USA -.- #thisiswhatswrongwiththeworld",Donald Trump,NONE,Trump,0.0,0.0,8.0,8.0,1.0
Thinking about deactivating my personal facebook account 'cause it's too liberal for me. Liberalism is a mental disorder.,Donald Trump,NONE,Trump,1.0,0.0,7.0,8.0,0.875
"It disgusts me how the White House can easily pass same sex marriage, but not marijuana at the same time. #WakeAndBake",Donald Trump,NONE,Trump,1.0,2.0,5.0,8.0,0.625
@JonathanHoenig Why arent Americans allowed WEEKLY to vote on Bills that are passed by the elite on behalf of the masses?,Donald Trump,NONE,Trump,1.0,0.0,7.0,8.0,0.875
Maybe I was wrong. The government will probably ban football because someone is offended by the violent nature of the game,Donald Trump,NONE,Trump,1.0,0.0,7.0,8.0,0.875
"@GalaxySojourn until their welfare is cut, their freebies taken away the #plantationparty will always vote dem",Donald Trump,NONE,Trump,1.0,0.0,7.0,8.0,0.875
"We the people has become ""We the sheeple""",Donald Trump,NONE,Trump,1.0,0.0,7.0,8.0,0.875
White terrorism is alive and well,Donald Trump,NONE,Trump,1.0,0.0,7.0,8.0,0.875
Is one cup of coffee ever enough?! #COFFEE,Donald Trump,NONE,Trump,0.0,0.0,8.0,8.0,1.0
Of course @TheJuanWilliams is completely wrong on the @SCOTUS ruling on #obamacare . @MichelleFields is right!,Donald Trump,NONE,Trump,1.0,0.0,7.0,8.0,0.875
"@MichelleFields ""It's not SCOTUS' job to fix up Congress's mess!"" #Cashinin",Donald Trump,NONE,Trump,1.0,0.0,7.0,8.0,0.875
@ericbolling let @MichelleFields loose on @TheJuanWilliams when he makes idiotic unsubstantiated statements. #CashinIn,Donald Trump,NONE,Trump,1.0,1.0,6.0,8.0,0.75
@docweiser01 @ericbolling @JonathanHoenig @MichelleFields Morning Doc! (hugs),Donald Trump,NONE,Trump,1.0,0.0,7.0,8.0,0.875
@1962Kiser @FanOfGreenMMs @ericbolling @jhodnot that's the one heard it causes sterilization in dem voters. err lab rats,Donald Trump,NONE,Trump,1.0,0.0,7.0,8.0,0.875
@SCOTUScare penned by @ChiefJusticeJR  ends rule of law and freedom. What law will SCOTUS  edit next? @RedNationRising,Donald Trump,NONE,Trump,2.0,0.0,6.0,8.0,0.75
Whenever Iran stalls  O's response is to make up new talking points!,Donald Trump,NONE,Trump,1.0,0.0,7.0,8.0,0.875
"@ericbolling Juan says status quo is not working. Remember ""Detente or MAD? They worked!",Donald Trump,NONE,Trump,1.0,0.0,7.0,8.0,0.875
"Under O & Kerry's deal, if the ayatollahs want to keep their nuclear toys  they can keep their nuclear toys! PERIOD!",Donald Trump,NONE,Trump,2.0,0.0,6.0,8.0,0.75
I really hate these stunts.  We already know how ignorant the post-Reagan generations are.,Donald Trump,NONE,Trump,1.0,0.0,7.0,8.0,0.875
"And ask for handouts @jjauthor: When your family is short of money, do you take Lib option to increase spending? #racism",Donald Trump,NONE,Trump,1.0,1.0,6.0,8.0,0.75
"Why does O refer to Iran, Hamas, Ebola, and ISIS in dramatically less critical terms than he does Republicans?"" #tcot",Donald Trump,NONE,Trump,2.0,0.0,6.0,8.0,0.75
Right on @ericbolling Racial fatigue and real depression is running rampant in our country these days.,Donald Trump,NONE,Trump,1.0,0.0,7.0,8.0,0.875
"@ericbolling ""I'm suffering from a severe case of racial fatigue.",Donald Trump,NONE,Trump,1.0,0.0,7.0,8.0,0.875
@ericbolling Sorry you got shut down during the Factor last night by a useless news break. The portion you aired was potent.,Donald Trump,NONE,Trump,1.0,0.0,7.0,8.0,0.875
"Matters more today, then last week or yesterday.  IF YOU SEE SOMETHING SAY SOMETHING.  Bad is not even a word yet.",Donald Trump,NONE,Trump,1.0,0.0,7.0,8.0,0.875
@inmatemd @ChuckNellis @Oh_MarieLoDuca We can only hope,Donald Trump,NONE,Trump,1.0,0.0,7.0,8.0,0.875
Can we ask for equality in the USA and get rid of a Confederate flag that has a ton of history ? meanwhile we have clowns like,Donald Trump,NONE,Trump,1.0,0.0,7.0,8.0,0.875
The whole Latino community will not be voting for,Donald Trump,NONE,Trump,1.0,2.0,5.0,8.0,0.625
"IRS + Hillary Both ""Lost"" Government Emails: This Situation is as Clear as Day - The #Obama Admin is Destroying Evidence!",Donald Trump,NONE,Trump,1.0,1.0,6.0,8.0,0.75
"@realDonaldTrump You have a real shot at POTUS Mr. T, the debates will be the true litmus test.",Donald Trump,FAVOR,Trump,7.0,0.0,1.0,8.0,0.875
@WayneDupreeShow  I'm just jealous that us NORMAL hetero people don't have a flag or pride week or a parade,Donald Trump,NONE,Trump,1.0,0.0,7.0,8.0,0.875
@Colin_McManus7 2016 is the first election I can vote in and I am proudly voting for @realDonaldTrump #trumpforpresident,Donald Trump,FAVOR,Trump,8.0,0.0,0.0,8.0,1.0
Trump Tower is not on fire. It is The Avery building. The only Trump fire is the one that I hand out when #YoureFired #TrumpRules,Donald Trump,FAVOR,Trump,8.0,0.0,0.0,8.0,1.0
RT @_CFJ_: RT @bcwilliams92 Let's get this CLEAR! I DID NOT I REPEAT DID NOT vote on TPP  ~ Ted Cruz #CruzCrew...,Donald Trump,NONE,Trump,0.0,3.0,5.0,8.0,0.625
Imagine looking out at the world and the America Obama has created while thinking things are better?  My god...  #tcot #PJNET,Donald Trump,NONE,Trump,2.0,0.0,6.0,8.0,0.75
Unfounded data/support for such drastic claims to be made against Mexico & all its ppl sorry guys I guess I rape & sell drugs,Donald Trump,AGAINST,Trump,1.0,5.0,2.0,8.0,0.625
"I love it when #conservatives say #government is #tyranny and out to get us, then in D next sentence say #SupportOurTroops :",Donald Trump,NONE,Trump,1.0,0.0,7.0,8.0,0.875
I like many entries in the 2016 Presidential race; but no one is more accomplished than Donald Trump. His cabinet will be full.,Donald Trump,FAVOR,Trump,8.0,0.0,0.0,8.0,1.0
@Jewtantandproud @TookyMonster the new and cool meme is to post a video of you eating a banana. I will if you will! #bananavideo,Donald Trump,NONE,Trump,0.0,1.0,7.0,8.0,0.875
RT @MissSweets2: MSM is defending a wht woman posing as blk & forgets about AMERICANS held in Iran! Time to #RedNationRising...,Donald Trump,NONE,Trump,1.0,0.0,7.0,8.0,0.875
@realDonaldTrump Go get 'em Mr. Trump!!!,Donald Trump,FAVOR,Trump,8.0,0.0,0.0,8.0,1.0
A vote against Trump is a vote against America,Donald Trump,FAVOR,Trump,7.0,1.0,0.0,8.0,0.875
RT @reel_fisherman6: I think Donald would bring this country back to where we used to be,Donald Trump,FAVOR,Trump,8.0,0.0,0.0,8.0,1.0
"My Message To LGBT Rights Supporters: If You Hate America, Please Leave.",Donald Trump,NONE,Trump,1.0,0.0,7.0,8.0,0.875
@2AFight All these shootings in America are planned. Stay safe stay second amendment. Illegal guns kill people way more wtf?!!!,Donald Trump,NONE,Trump,1.0,0.0,7.0,8.0,0.875
I really hope @realDonaldTrump doesn't combover and shoot me with the pistol he's constantly packing..,Donald Trump,AGAINST,Trump,1.0,5.0,2.0,8.0,0.625
"For the record, as a #Latino, (#Peruvian to be specific), let me state the obvious: #FuckTrump",Donald Trump,AGAINST,Trump,0.0,8.0,0.0,8.0,1.0
@MoneyForLies #LOLZ Apparently you're unaware of history. What are you? Six? Or merely ignorant?  @TheDemocrats  @mmfa,Donald Trump,NONE,Trump,1.0,1.0,6.0,8.0,0.75
@realDonaldTrump you're the man for the job #MakeAmericaGreatAgain,Donald Trump,FAVOR,Trump,8.0,0.0,0.0,8.0,1.0
Obama is Liberalism's false idol. Reject that P.O.S. #VoteOutRino's #BoycottMSNBC #VoteCruz #MichelleObamaIsAMan,Donald Trump,NONE,Trump,1.0,0.0,7.0,8.0,0.875
all #war is on YOU! The evil machine WANTS to control U. #tcot #tlot #dems #teaparty #occupy  #cdnpoli #privacy #Love #art,Donald Trump,NONE,Trump,1.0,1.0,6.0,8.0,0.75
@marypatriott @steph93065 @RealJamesWoods why not feed these disgusting s.o.b to the Muslims they would love em.,Donald Trump,NONE,Trump,1.0,0.0,7.0,8.0,0.875
@Rene_gadeCowboy @danoroadblade yes but if a cop bust a bunch of people having a riot it is a hate crime,Donald Trump,NONE,Trump,1.0,0.0,7.0,8.0,0.875
@realDonaldTrump we need someone like you who won't back down to ANYONE or ANYTHING,Donald Trump,FAVOR,Trump,8.0,0.0,0.0,8.0,1.0
#LoveWins ---> I'm hating the rainbow because of this!!#NoToGayMarriage #Wakeuplebanon,Donald Trump,NONE,Trump,0.0,0.0,8.0,8.0,1.0
@chriswallace There may be 2000 nutjobs of that number and all they need to do is find eachother. The net has given that #FNS,Donald Trump,NONE,Trump,0.0,0.0,8.0,8.0,1.0
I Can't Believe How Many Followers I Gained Today,Donald Trump,NONE,Trump,0.0,0.0,8.0,8.0,1.0
@wpaulsen31 If a candidate seems to dumb to debate my paper boy hes not getting my vote,Donald Trump,NONE,Trump,0.0,2.0,6.0,8.0,0.75
@haleyelenaa and his favourite beaches are probably in Acapulco and Cabo,Donald Trump,NONE,Trump,0.0,0.0,8.0,8.0,1.0
@GeraldoRivera @realDonaldTrump Don't apologize for the truth. People are too sensitive. #MakeAmericaGreatAgain,Donald Trump,FAVOR,Trump,8.0,0.0,0.0,8.0,1.0
Everybody get on the Trump Train!! It's a First Class One-Way ticket to the White House with @realDonaldTrump,Donald Trump,FAVOR,Trump,8.0,0.0,0.0,8.0,1.0
Time for Texas & Oklahoma to think about a no fault divorce from the Divided States of America.   #TCOT #CCOT #tippingpoint,Donald Trump,NONE,Trump,0.0,0.0,8.0,8.0,1.0
@ForQ2 I guess @realDonaldTrump really doesnt like or respect any politicians. .I respect him even more for that.,Donald Trump,FAVOR,Trump,8.0,0.0,0.0,8.0,1.0
"...And of course, God bless America!! #tcot  #teaparty",Donald Trump,NONE,Trump,1.0,0.0,7.0,8.0,0.875
"hey y'all giving a big old s/o to donald trump, we settled our differences and are butt tight now",Donald Trump,FAVOR,Trump,7.0,1.0,0.0,8.0,0.875
"In todays America, does Honesty mean you are a Bigot?  I Hope not! @JonathanHoenig @JudgeJeanine #TheFive #Hannity",Donald Trump,NONE,Trump,2.0,0.0,6.0,8.0,0.75
Black lives only matter to politicians around election time.,Donald Trump,NONE,Trump,1.0,0.0,7.0,8.0,0.875
571 Days Left Until Obama Leaves The White House.,Donald Trump,NONE,Trump,1.0,0.0,7.0,8.0,0.875
Trump believes in traditional marriage so strongly that he's been traditionally married 3x. He should teach a class or something.,Donald Trump,AGAINST,Trump,1.0,6.0,1.0,8.0,0.75
@realDonaldTrump we need a president who cannot be bought.,Donald Trump,FAVOR,Trump,7.0,1.0,0.0,8.0,0.875
"@KidDynamiteBlog Between #Hillary2016 ""a sadistic psychiatric nurse let loose in a lunatic asylum"" & #bush16 ppl may vote #Shit!",Donald Trump,NONE,Trump,1.0,1.0,6.0,8.0,0.75
We have become a nation where decisions are based on feelings and not on facts.  #tcot #ycot,Donald Trump,NONE,Trump,2.0,0.0,6.0,8.0,0.75
I admire how real and unapologetic Donald Trump is on his Political standpoints,Donald Trump,FAVOR,Trump,7.0,0.0,1.0,8.0,0.875
@thereaIbanksy stop making racist peopld rich!,Donald Trump,NONE,Trump,1.0,0.0,7.0,8.0,0.875
"Be prepared - if we continue the policies of the liberal left, we will be #Greece -",Donald Trump,NONE,Trump,2.0,0.0,6.0,8.0,0.75
@realDonaldTrump Probably because @jorgeramosnews had to change it after you published his old one on Instagram #TrumptheChump,Donald Trump,AGAINST,Trump,2.0,5.0,1.0,8.0,0.625
"RT @bdckool: .@realDonaldTrump Of you can do for America what you did for your businesses, you will secure my vote.",Donald Trump,FAVOR,Trump,8.0,0.0,0.0,8.0,1.0
Reminder: DemocRATs STOLE  $716 Billion from Medicare f/ the elderly & gave it to Medicaid to help pay for #Obamacare.,Donald Trump,NONE,Trump,2.0,1.0,5.0,8.0,0.625
@thehill you continue to shoot yourself in the foot. I guess this is for entertainment purposes only!,Donald Trump,NONE,Trump,1.0,0.0,7.0,8.0,0.875
@realDonaldTrump I feel the train is gaining steam.,Donald Trump,FAVOR,Trump,7.0,1.0,0.0,8.0,0.875
@realDonaldTrump Hell I'm from the UK and I believe @realDonaldTrump would make an amazing WORLD Leader,Donald Trump,FAVOR,Trump,8.0,0.0,0.0,8.0,1.0
I'm confused?? An unarmed fugitive was shot this weekend while running from an officer.  No rioting? No dismissal? A hero?,Donald Trump,NONE,Trump,1.0,0.0,7.0,8.0,0.875
Trump: Chicago is a great city. I love spending time in my building.,Donald Trump,NONE,Trump,2.0,0.0,6.0,8.0,0.75
@realDonaldTrump I recommend @seanhannity as Sec of Defense and @marklevinshow as your new Atty General.,Donald Trump,FAVOR,Trump,7.0,0.0,1.0,8.0,0.875
Is #Greece waking up to the disaster of #Socialism and a world without borders?,Donald Trump,NONE,Trump,2.0,0.0,6.0,8.0,0.75
Really respect @realDonaldTrump for giving up #TheApprentice to make way for his #campaign #AmericaNeedsThis #GodBlessedAmerica,Donald Trump,FAVOR,Trump,7.0,1.0,0.0,8.0,0.875
This country doesnt have victories any more.  When is the last time we beat china in trade? #talkcityclub,Donald Trump,NONE,Trump,3.0,0.0,5.0,8.0,0.625
"Putting Our Marines on non US flagged Ships would be against everything that is America, for Gods sake end #Progressivism",Donald Trump,NONE,Trump,1.0,1.0,6.0,8.0,0.75
If the Obama cabinet was on the apprentice who would you fire?  Kerry was the answer. #talkcityclub,Donald Trump,NONE,Trump,2.0,0.0,6.0,8.0,0.75
".@robertthedeuce True, @Obama @MSNBCYourBiz @AlanColmes doesn't care, It's NOT their money. Wait-up Greece, We're coming.",Donald Trump,NONE,Trump,2.0,0.0,6.0,8.0,0.75
I guess NBC does not like to hear the truth.,Donald Trump,FAVOR,Trump,5.0,0.0,3.0,8.0,0.625
Y'all knew it was going to happen.  Wasn't it just a matter of time?,Donald Trump,NONE,Trump,1.0,0.0,7.0,8.0,0.875
.@nbc ends relationship with @realDonaldTrump over his disgusting derogatory remarks. This man ha no place in the White House.,Donald Trump,AGAINST,Trump,1.0,7.0,0.0,8.0,0.875
@realDonaldTrump is such an idiot. He's risking way to much for something he'll never get.,Donald Trump,AGAINST,Trump,0.0,8.0,0.0,8.0,1.0
"So, Donald gets fired, but reverend Al is still employed. Both are idiots. Makes zero sense, #NBC",Donald Trump,AGAINST,Trump,0.0,6.0,2.0,8.0,0.75
"Props to @nbc, they are connected to Telemundo. Even more impressive they dumped Trump after Univision squabble. #DumpTrump",Donald Trump,AGAINST,Trump,0.0,8.0,0.0,8.0,1.0
I suddenly find myself liking @nbc a whole lot more than ever before.forPresidentoftheClubofIdiots,Donald Trump,AGAINST,Trump,1.0,6.0,1.0,8.0,0.75
Will FOX News pick up #MissUSA and #MissUniverse?  Stay tuned to find out.  #YoureFired #NBC #FoxNews,Donald Trump,NONE,Trump,1.0,1.0,6.0,8.0,0.75
@politico is there anybody more sue happy than this fool? #trump #lawsuitabuse,Donald Trump,AGAINST,Trump,0.0,8.0,0.0,8.0,1.0
Hey #UniteBlue look at #Greece - that's America's future thanks to you and Obama adding 8 Triion in U.S. debt.,Donald Trump,NONE,Trump,3.0,0.0,5.0,8.0,0.625
@realDonaldTrump he is a real leader and deserves to be President.,Donald Trump,FAVOR,Trump,8.0,0.0,0.0,8.0,1.0
Donald Trump:  proof positive that Gigantism is the last stage before extinction. #MissUSA,Donald Trump,AGAINST,Trump,1.0,6.0,1.0,8.0,0.75
Kudos to Donald Trump for telling off NBC. The media HATES the GOP'S & will do ANYTHING to destroy them. #NBC #mediaatfault,Donald Trump,FAVOR,Trump,8.0,0.0,0.0,8.0,1.0
"One of the key problems today is that politics is such a disgrace, good people don't go into government. - @realDonaldTrump",Donald Trump,FAVOR,Trump,8.0,0.0,0.0,8.0,1.0
"Really #DonaldTrump, all Mexican people are rapists, but you assume SOME are good people... #IdiotNation #facepalm",Donald Trump,AGAINST,Trump,1.0,7.0,0.0,8.0,0.875
"The Left fear Donald Trump, BIG TIME! @realDonaldTrump",Donald Trump,FAVOR,Trump,7.0,0.0,1.0,8.0,0.875
@cvpayne @FoxBusiness yup you got that right,Donald Trump,NONE,Trump,0.0,0.0,8.0,8.0,1.0
#TheFive Geraldo is an ass and when he spews his leftist BS he makes me sick TURNING OFF THE FIVE #TheFive,Donald Trump,NONE,Trump,1.0,0.0,7.0,8.0,0.875
Go back to focusing on brainless beauties... Oh wait you can't cuz you've been fired #NBC #youlose #sorrynotsorry,Donald Trump,AGAINST,Trump,0.0,7.0,1.0,8.0,0.875
"Donald Trump gets the boot from #NBC for calling immigrants rapists and murderers. Hey Donnie, where's your wife from again?",Donald Trump,AGAINST,Trump,0.0,7.0,1.0,8.0,0.875
Donald Trump needs to stop embarrassing himself. Racist assholes....,Donald Trump,AGAINST,Trump,0.0,8.0,0.0,8.0,1.0
"@MarioLopezExtra @nbc fires Trump, but maintains strong ties with @BWilliams @TheRevAl #LAUGHABLE #JOKE #LIARS #NBC GO",Donald Trump,FAVOR,Trump,5.0,2.0,1.0,8.0,0.625
Hey @MayorGregor thanks for letting a racist bigot build a giant tower with his name on it downtown. Real proud of ya.,Donald Trump,AGAINST,Trump,0.0,8.0,0.0,8.0,1.0
@RoughHouse_Ent Who the hell wants to watch this without,Donald Trump,NONE,Trump,3.0,0.0,5.0,8.0,0.625
"@realDonaldTrump I am sorry Mexico sends people like Dylan Roof, Mitchelle Blair and David Sweat to the USA. #enemywithin",Donald Trump,AGAINST,Trump,3.0,5.0,0.0,8.0,0.625
"Donald Trump is in dire need of a crisis communicator. PR folks, please give him your two cents. #SorryNotSorry",Donald Trump,AGAINST,Trump,0.0,7.0,1.0,8.0,0.875
Donald Trump is the man lets get this man in the White House!!!,Donald Trump,FAVOR,Trump,8.0,0.0,0.0,8.0,1.0
@RealJamesWoods @LoriBlaney My parents warned me to stay away from anyone offering free candy. NOTHING is ever free.,Donald Trump,NONE,Trump,0.0,2.0,6.0,8.0,0.75
i want donald trump to win the presidency so bad. he cant be bought out like all the others. and he sticks to his convictions,Donald Trump,FAVOR,Trump,8.0,0.0,0.0,8.0,1.0
"Holy shit ,the @realDonaldTrump is one looney mother fucker.  He'll never make it to the first debate #sideshow",Donald Trump,AGAINST,Trump,0.0,8.0,0.0,8.0,1.0
I write separately to call attention to this Court's threat to American democracy - #ObergefellvHodges #AmericaIsScrewed,Donald Trump,NONE,Trump,2.0,0.0,6.0,8.0,0.75
I believe this September's blood moon portends a cataclysmic event. #Christians,Donald Trump,NONE,Trump,0.0,0.0,8.0,8.0,1.0
More people should pay attention to the Greek situation cuz it's the first dominoe to fall #Grexit #tcot,Donald Trump,NONE,Trump,2.0,0.0,6.0,8.0,0.75
". @SenatorKitchen @nbc how deeply offensive such comments are not only to Mexican-Americans, but Latino Americans in general.",Donald Trump,AGAINST,Trump,1.0,6.0,1.0,8.0,0.75
Mr. @realDonaldTrump   I appreciate you standing your ground as you've done.  I can say I've never felt better about voting.,Donald Trump,FAVOR,Trump,8.0,0.0,0.0,8.0,1.0
The California draught is a myth created by the government. The point was to conserve water for use in the war against ISIS.,Donald Trump,NONE,Trump,1.0,1.0,6.0,8.0,0.75
@GinnyQuaglia well the rest of the majority had better get off their asses and get involved in this fight.,Donald Trump,NONE,Trump,1.0,0.0,7.0,8.0,0.875
@realDonaldTrump Really? The perfect definition of ignorance... The perfect example of someone who does not know reality...,Donald Trump,AGAINST,Trump,0.0,8.0,0.0,8.0,1.0
"I'm sure the white Euro people who moved to America when the land belonged to Native Americans were not good people either,",Donald Trump,AGAINST,Trump,2.0,5.0,1.0,8.0,0.625
@POTUS The whole light thing with the people's house was disgraceful.,Donald Trump,NONE,Trump,1.0,0.0,7.0,8.0,0.875
He doesn't care & would have to give up TV gigs anyway to run... loves attention & controversy,Donald Trump,AGAINST,Trump,0.0,7.0,1.0,8.0,0.875
"July 4th occurs on Ramadan. Since 911, this is most concern I've seen FBI, Homeland Security and the Police'- Rep Peter King",Donald Trump,NONE,Trump,0.0,1.0,7.0,8.0,0.875
"Do Gay people understand that if #ShariaLaw comes, those Marriage Licenses target them for death? - Dr. Samm   #LovesWins",Donald Trump,NONE,Trump,0.0,0.0,8.0,8.0,1.0
"After a major stroke, 4 years later I'm still waiting. 15 mil are getting  free what I work for my whole life.",Donald Trump,NONE,Trump,0.0,0.0,8.0,8.0,1.0
@realDonaldTrump what NBC actually stands for....Nothing But Crap. #BoycottNBC,Donald Trump,FAVOR,Trump,6.0,1.0,1.0,8.0,0.75
@NBCUniversal maybe you could have a reality show trying to find a new host of celebrity apprentice #YoureFired,Donald Trump,AGAINST,Trump,0.0,5.0,3.0,8.0,0.625
"@foxnation read my lips , "" I am Nuts "" get out of people's personal life.",Donald Trump,NONE,Trump,0.0,0.0,8.0,8.0,1.0
IF Trump could build the WALL it would provide jobs & also B a tourist attraction & pay 4 itself LEGALS arent the ones offended!,Donald Trump,FAVOR,Trump,7.0,0.0,1.0,8.0,0.875
"@MikeBates @BI_RetailNews Sickening, Children are at the Parades! BHO has turn this Country tolongest 6.6yrs of my Life!",Donald Trump,NONE,Trump,1.0,0.0,7.0,8.0,0.875
@realDonaldTrump You're FIRED! Now get out of here! Go!,Donald Trump,AGAINST,Trump,0.0,8.0,0.0,8.0,1.0
@HarisSTR Howz greece heard u like to anal pound didnt think u were like that,Donald Trump,NONE,Trump,0.0,0.0,8.0,8.0,1.0
Donald Trump is gonna end up like Hitler,Donald Trump,AGAINST,Trump,0.0,8.0,0.0,8.0,1.0
"@realDonaldTrump just so you know White people have more of a ""Rapist"" title, than Hispanics. #NotBeingRasist #DoResearch",Donald Trump,AGAINST,Trump,0.0,7.0,1.0,8.0,0.875
@ChristieC733  YES DONALD U R 100% CORRECT' as long as u stay the coruse and don't pander to GOP U GOT MY VOTE,Donald Trump,FAVOR,Trump,6.0,2.0,0.0,8.0,0.75
"That 5-mile run yesterday? Yeah, we're feeling it this morning. #FeelTheBern #MoreCleverHashtags",Donald Trump,NONE,Trump,1.0,2.0,5.0,8.0,0.625
America: Isn't it time we ignored Donald Trump? He's not a serious person. @NYPD should revoke his gun permit. #Immigration #NBC,Donald Trump,AGAINST,Trump,0.0,8.0,0.0,8.0,1.0
what is it with the pple who enjoy harassing me by writing captions on my photographs @Lrihendry? #scientology    #hurtful,Donald Trump,NONE,Trump,0.0,3.0,5.0,8.0,0.625
These noodles on my head are so hard to comb!,Donald Trump,AGAINST,Trump,0.0,5.0,3.0,8.0,0.625
"@realDonaldTrump is not a pilitical puppet. Maybe a piata, but definitely not a puppet.",Donald Trump,AGAINST,Trump,2.0,6.0,0.0,8.0,0.75
Donald Trump is Biff in the alternate universe 1985 in Back to the Future 2.   #biff #BackToTheFuture,Donald Trump,AGAINST,Trump,0.0,7.0,1.0,8.0,0.875
Tuesday AM #TrumpDump on horizon. I can see Chris Christie being victim. NBC for sure. Anyone else? #TellingItLikeItIs,Donald Trump,AGAINST,Trump,2.0,5.0,1.0,8.0,0.625
@kupajo33 @ChrisChristie we don't need him!,Donald Trump,AGAINST,Trump,0.0,7.0,1.0,8.0,0.875
"Without mexicans illegal or legal US shuts down,Your people will never be able to keep up with our hard workers. #WeAreMexico",Donald Trump,AGAINST,Trump,0.0,7.0,1.0,8.0,0.875
Not an American but I'll def be following the circus of the 2016 presidential running unfold. #Christie2016,Donald Trump,AGAINST,Trump,0.0,5.0,3.0,8.0,0.625
"Notice @realDonaldTrump not saying anything on #CarlosSlim . Not so rich or tough now, huh? Yeah, forgot he's #Mexican huh",Donald Trump,AGAINST,Trump,0.0,8.0,0.0,8.0,1.0
Hutch_USA Follow ===> sarah_brannick <===  if you want to #FreeAmir #FreeAmirNow  #PJNET,Donald Trump,AGAINST,Trump,0.0,5.0,3.0,8.0,0.625
Freedom of speech? Yeah right. You are only allowed to say what you want if it lines up with the liberal agenda. Wake up people,Donald Trump,AGAINST,Trump,1.0,5.0,2.0,8.0,0.625
"@mdsbarry ILLEGAL ALIENS come to US collect welfare and social security, its time to #MakeAmericaGreatAgain SECURE OUR BORDERS",Donald Trump,AGAINST,Trump,2.0,5.0,1.0,8.0,0.625
If you think it's fine American car companies send jobs to Mexico while we pay for their welfare you must hate @realDonaldTrump,Donald Trump,AGAINST,Trump,3.0,5.0,0.0,8.0,0.625
@Dahat8 @Stonewall_77 The HATE within America is stronger NOW than I remember since 1969? Can't go backwards to such division,Donald Trump,AGAINST,Trump,0.0,7.0,1.0,8.0,0.875
Think u can say anything without repercussion? Ask Mel Gibson how that's working out for him u racist elitist piece of shit!,Donald Trump,AGAINST,Trump,0.0,7.0,1.0,8.0,0.875
#BREAKING: Greece is now in arrears to the International Monetary Fund on a payment of almost 1.6 billion | Coming To America,Donald Trump,AGAINST,Trump,0.0,5.0,3.0,8.0,0.625
It's funny when politics seem like farce. Not so funny when politics becomes farce.,Donald Trump,AGAINST,Trump,0.0,6.0,2.0,8.0,0.75
@QuiltingMuriel But I do agree about the excess speechifying and posturing and general nonsense. Hello,Donald Trump,AGAINST,Trump,0.0,5.0,3.0,8.0,0.625
OMG! .@KirstenPowers Practically states Whites are more racist than Blacks because Whites are oppressing Blacks. WHERE? WTF?,Donald Trump,AGAINST,Trump,0.0,5.0,3.0,8.0,0.625
What's @realDonaldTrump wife's Twitter handle? I need to ask her if his balls are made of brass...I'm certain they are.   #NoHomo,Donald Trump,AGAINST,Trump,0.0,7.0,1.0,8.0,0.875
#KellyFile remember the days when we believed #SCOTUS would follow the #constitution well they gone,Donald Trump,AGAINST,Trump,1.0,5.0,2.0,8.0,0.625
@ChrisleyChase think your adorable. Remind me of my nephew. Stay young. The new comb over you're sporting is aging you.,Donald Trump,AGAINST,Trump,1.0,5.0,2.0,8.0,0.625
Miss USA host De la Fuente quits pageant and call @realDonaldTrump ignorant and a clown...,Donald Trump,AGAINST,Trump,0.0,7.0,1.0,8.0,0.875
"@CNNPolitics @CNN if you spent as much time covering Bernie Sanders as you do Trump, Sanders would be ahead in every poll.",Donald Trump,AGAINST,Trump,0.0,8.0,0.0,8.0,1.0
Remember that story about a charismatic businessman who will lie to get into power from an obscure position? #Revelation,Donald Trump,AGAINST,Trump,0.0,7.0,1.0,8.0,0.875
"@realDonaldTrump suing Univision & NBC because they cut you off. UGH great political move, because we need a greedy President!",Donald Trump,AGAINST,Trump,0.0,8.0,0.0,8.0,1.0
Cancel your Netflix subscription and donate to @realDonaldTrump's campaign for entertainment #Trump,Donald Trump,AGAINST,Trump,2.0,5.0,1.0,8.0,0.625
"Me: ""That asshole with the toupee was talking again and it was stressing me out""  Dad: ""Who?""  Mom: ""Donald Trump",Donald Trump,AGAINST,Trump,0.0,8.0,0.0,8.0,1.0
"Donald Trump....you're fired, fired, & fired again!",Donald Trump,AGAINST,Trump,0.0,6.0,2.0,8.0,0.75
@divadoll123 @LANURSE1 @ShaninZT u can't go back.Only way people r going to wake up is when the free checks stop coming!#TCOT,Donald Trump,AGAINST,Trump,0.0,6.0,2.0,8.0,0.75
Just watched @realDonaldTrump speech. How embarrassing for his family! Like that's a really bad dad moment,Donald Trump,AGAINST,Trump,0.0,8.0,0.0,8.0,1.0
@johnkerry @statedept Nude pic of you and Brian Williams on your desk!  MY EYES MY EYES,Donald Trump,AGAINST,Trump,0.0,7.0,1.0,8.0,0.875
"Gotta love everyone disliking @realDonaldTrump because he actually makes sense, and may even bring the country back to normal",Donald Trump,AGAINST,Trump,1.0,7.0,0.0,8.0,0.875
"John O'Donnell, former president of Trump Plaza Hotel & Casino ... @realDonaldTrump said ""laziness is a trait in blacks.",Donald Trump,AGAINST,Trump,0.0,7.0,1.0,8.0,0.875
I feel dumb that I am so broke and Donald Trump is a billionaire.,Donald Trump,AGAINST,Trump,0.0,8.0,0.0,8.0,1.0
"There is still more to be done to make this country strong, powerful and great again. #TrumpCarson2016",Donald Trump,AGAINST,Trump,2.0,5.0,1.0,8.0,0.625
@Crypt1cality @ChrisCuomo Illegal aliens are destroying America and raping our women!,Donald Trump,AGAINST,Trump,1.0,7.0,0.0,8.0,0.875
"The #Obama Presidency: Has There Ever a Point in Time When He HASN'T Been Lying to #WeThePeople? RE: The ""Liar-in-Chief",Donald Trump,AGAINST,Trump,0.0,7.0,1.0,8.0,0.875
I just cancelled my reservation at the Trump hotel in Las Vegas.  I hope like minded people intolerant of bigots do the same,Donald Trump,AGAINST,Trump,0.0,8.0,0.0,8.0,1.0
Why are free market conservatives behind a multiple bankruptcy candidate who wears makeup. Gives us real conservatives a bad name,Donald Trump,AGAINST,Trump,1.0,7.0,0.0,8.0,0.875
"@mmfa water seeks its own level. In the case of @realDonaldTrump and @oreillyfactor, it's sewer water. #FoxNews #Trump",Donald Trump,AGAINST,Trump,0.0,7.0,1.0,8.0,0.875
@realDonaldTrump I know you are the best candidate. You are the only one who can #MakeAmericaGreatAgain #RestoreOurRepublic,Donald Trump,AGAINST,Trump,2.0,6.0,0.0,8.0,0.75
"of the many @realDonaldTrump racist comments, this one takes the prize!  ""Laziness is a trait in blacks.""",Donald Trump,AGAINST,Trump,1.0,7.0,0.0,8.0,0.875
It's not a good week for,Donald Trump,AGAINST,Trump,0.0,7.0,1.0,8.0,0.875
"RT @BlissTabitha ""Never quite works out that way huh?  #GlobalWarming HOAX #MediaMalpractice",Donald Trump,AGAINST,Trump,1.0,6.0,1.0,8.0,0.75
Left-wing media trying to silence @realDonaldTrump? HAHAHA  Keep trying! Trump is NOT a career politician & he won't be bought!,Donald Trump,AGAINST,Trump,1.0,7.0,0.0,8.0,0.875
"#macys ""We have no tolerance for discrimination in any form,"" I thought the left preached tolerance. Not discrimination but truth",Donald Trump,AGAINST,Trump,0.0,7.0,1.0,8.0,0.875
Macy's to stop selling Trump merch. I guess he'll sue them next.,Donald Trump,AGAINST,Trump,0.0,7.0,1.0,8.0,0.875
Only good thing about Trump's presidential run is that by the end of it he will be a billion or 2 short,Donald Trump,AGAINST,Trump,0.0,7.0,1.0,8.0,0.875
I love how everyone thinks canceling @realDonaldTrump's ventures will do anything but hurt themselves. This man has my vote!,Donald Trump,AGAINST,Trump,1.0,7.0,0.0,8.0,0.875
Comments by @realDonaldTrump were hateful & disgusting. Everyone should sever their ties with him. Thanks @Macys @Univision @nbc,Donald Trump,AGAINST,Trump,0.0,7.0,1.0,8.0,0.875
@people @KimKardashian I dont even have to read this 2 know who she would want 4 the next president. #Killary,Donald Trump,AGAINST,Trump,1.0,6.0,1.0,8.0,0.75
@gbennettpost @jamiedupree No  #asstards!  America is dumping you! Trump's gonna put your dicks in the dirt!,Donald Trump,AGAINST,Trump,1.0,7.0,0.0,8.0,0.875
@Lrihendry your just as ignorant as,Donald Trump,AGAINST,Trump,0.0,7.0,1.0,8.0,0.875
Thank you @Macys! You are and will continue to be my favorite store! Bye bye #DoucheBag,Donald Trump,AGAINST,Trump,0.0,8.0,0.0,8.0,1.0
hey @Macys a whole bunch of us are going to sever ties with you.   #Macys,Donald Trump,AGAINST,Trump,1.0,6.0,1.0,8.0,0.75
So I'm guessing there won't be a #SlovenianFirstLady in #TheWhiteHouse!,Donald Trump,AGAINST,Trump,0.0,6.0,2.0,8.0,0.75
@Ehsan_Kassim It's time we make the Housewares department great again,Donald Trump,AGAINST,Trump,0.0,7.0,1.0,8.0,0.875
"@JudgeMbro Thank you for RT and FAV, judge!!! #USA #OhHillNo #Cuba #TodosMarchamos #Venezuela",Donald Trump,AGAINST,Trump,1.0,6.0,1.0,8.0,0.75
"@realDonaldTrump U gonna take this? I hope not! Bullshit from #Univision #NBCUniversal and #Macys. ""Magic of Macy's"" my ass",Donald Trump,AGAINST,Trump,2.0,6.0,0.0,8.0,0.75
"We get all the bad #Mexicans...minus the ones whose labor built your empire, of course. #TrumpedFacts #Delusional #GTFOH",Donald Trump,AGAINST,Trump,0.0,8.0,0.0,8.0,1.0
Did anyone cut ties with Senator Lindsey Graham when he called all Iranians liars? NO.,Donald Trump,AGAINST,Trump,0.0,7.0,1.0,8.0,0.875
"I would vote for @realDonaldTrump if he had a hilariously oversized head, I'm talking 2x size of his body",Donald Trump,AGAINST,Trump,0.0,7.0,1.0,8.0,0.875
DID YOU KNOW that the U.S Constitution is now under full pledge attack by the Obama tyrant administration? #WethePeople,Donald Trump,AGAINST,Trump,2.0,5.0,1.0,8.0,0.625
The more I read how NBC and Macy's are cutting ties with @realDonaldTrump the more I'm convinced he should be president.,Donald Trump,AGAINST,Trump,1.0,6.0,1.0,8.0,0.75
"Following his recent comments about immigrants, do you think Donald Trump's business interests will suffer? #Trump",Donald Trump,AGAINST,Trump,0.0,7.0,1.0,8.0,0.875
@TPM @realDonaldTrump this is what happens when you open your big mouth. You're out of luck for 2016 at this rate. #Univision,Donald Trump,AGAINST,Trump,0.0,8.0,0.0,8.0,1.0
Hey at @realDonaldTrump I'll vote for you if you adopt me!,Donald Trump,AGAINST,Trump,1.0,6.0,1.0,8.0,0.75
Fuck Macy's. Fuck your July 4th Fireworks. Fuck your Thanksgiving Parade. Fuck NBC. Fuck Univision. Fuck Mexico. Fuck all of you.,Donald Trump,AGAINST,Trump,0.0,8.0,0.0,8.0,1.0
And this dude wants to be potus #FOH,Donald Trump,AGAINST,Trump,0.0,8.0,0.0,8.0,1.0
I hope every Billionaire learned their lesson bout talking sh%t about Mexicans!  Do it in your golf clubs NOT on TV!,Donald Trump,AGAINST,Trump,0.0,8.0,0.0,8.0,1.0
@realDonaldTrump Canada supports you! Please stop the ILLEGALS at your boarder before they get to ours.,Donald Trump,AGAINST,Trump,0.0,8.0,0.0,8.0,1.0
"Goodbye Macy's, nbc,univision. Illegals are raping&murdering thx to Obama. Trump is right.",Donald Trump,AGAINST,Trump,0.0,8.0,0.0,8.0,1.0
"@WashTimes @billpostmus #CONGRESS approve this already! Let President veto, then overturn his veto.",Donald Trump,AGAINST,Trump,0.0,7.0,1.0,8.0,0.875
@hamltonb026 that's the last thing I'm doing. I'm suggesting that liberals are the reason it is the issue it is today,Donald Trump,AGAINST,Trump,0.0,6.0,2.0,8.0,0.75
#ProgressiveCommandment:Criminals need short sentences & cushy jails in order to rehabilitate them!#tcot @ericbolling #Greta,Donald Trump,AGAINST,Trump,0.0,6.0,2.0,8.0,0.75
Trump got the smarts to win the hearts,Donald Trump,AGAINST,Trump,1.0,6.0,1.0,8.0,0.75
It's truly amazing just how many people Donald Trump is making complete & utter fools of. Gotta love it :) #MurderersAndRapists,Donald Trump,AGAINST,Trump,0.0,6.0,2.0,8.0,0.75
"OBAMA LISTENING TO RAP ""MUSIC"" IN THE WHITE HOUSE IS A DISGRACE. YOU CAN'T SPELL CRAP WITHOUT RAP. #tcot #NoBama",Donald Trump,AGAINST,Trump,0.0,8.0,0.0,8.0,1.0
"crazy-speak & how often/many times it's repeated are NOT mutually exclusive; c'mon chris; don't YOU be lazy, too...  @chrislhayes",Donald Trump,AGAINST,Trump,0.0,8.0,0.0,8.0,1.0
@TPM Forget #AnnCoulter. Faux's #Hannity & #KellyFile have an endless supply of ignorant #GOP summer interns. #RWNJ #tcot,Donald Trump,AGAINST,Trump,0.0,7.0,1.0,8.0,0.875
@JoeHNewYork @maggiebeauchamp @DLoesch This country is upside down..,Donald Trump,AGAINST,Trump,0.0,7.0,1.0,8.0,0.875
"@PoliticalLaughs Meanwhile, derelicts, deviants, and bedlam thrive under Obama.",Donald Trump,AGAINST,Trump,0.0,8.0,0.0,8.0,1.0
#FELLOW TEXANS WHO SHOP FIRE @MACY'S AND SHOP #DILLARD'S!,Donald Trump,AGAINST,Trump,0.0,8.0,0.0,8.0,1.0
Radical Islam is still a threat to the Western World!!!! #awareness #PATRIOT #UnitedWeStand,Donald Trump,AGAINST,Trump,0.0,7.0,1.0,8.0,0.875
"Well, someone's doing the raping. I get combed and gooped up so much, Donald's the one doing the raping. He never understands.",Donald Trump,AGAINST,Trump,0.0,8.0,0.0,8.0,1.0
"Just so its not lost, today ISIS executed 74 children. To make it worse, our President was tweeting about basketball.",Donald Trump,AGAINST,Trump,0.0,7.0,1.0,8.0,0.875
"I wrote 'The Art of the Deal,' the number one best selling business book of all time, at least I think",Donald Trump,AGAINST,Trump,0.0,7.0,1.0,8.0,0.875
"Finally a highly intelligent, economically competent contender for The President. TRUMP #Trump #realdonaldtrump",Donald Trump,AGAINST,Trump,0.0,8.0,0.0,8.0,1.0
I'm voting for Donald Trump !,Donald Trump,AGAINST,Trump,0.0,7.0,1.0,8.0,0.875
We need someine to bring this country back to life! @realDonaldTrump resuscitate America!,Donald Trump,AGAINST,Trump,0.0,7.0,1.0,8.0,0.875
"@realDonaldTrump Is the only one that says the truth straight up. No spin, and he constantly stands up for what he believes!",Donald Trump,AGAINST,Trump,0.0,8.0,0.0,8.0,1.0
"Spine, I would like for you to meet the Republican Party.",Donald Trump,AGAINST,Trump,0.0,6.0,2.0,8.0,0.75
Jeb Bush Why Don't U Stand Up For Yr Mexican Family & Denounce Trump. Have You No Pride or Balls?  #DumpTrump #BoycottTrump,Donald Trump,AGAINST,Trump,0.0,8.0,0.0,8.0,1.0
@kesgardner @MikeHansen613  WTF?????? The true face of #Racism & it is UGLY both inside & out,Donald Trump,AGAINST,Trump,0.0,7.0,1.0,8.0,0.875
@CNNPolitics @Eugene_Scott  Careful Donald. Don't get carried away.,Donald Trump,AGAINST,Trump,0.0,7.0,1.0,8.0,0.875
"Trump, the best thing to happen to the Republican Party or should I say the Democratic Party. #keeptalking",Donald Trump,AGAINST,Trump,0.0,6.0,2.0,8.0,0.75
RT brutaltruth2682: Radical Islam is still a threat to the Western World!!!! #awareness #PATRIOT #UnitedWeStand,Donald Trump,AGAINST,Trump,0.0,8.0,0.0,8.0,1.0
delusional - adjective  1. having false or unrealistic beliefs or opinions 2. Donald Trump  #presidentialelection2016,Donald Trump,AGAINST,Trump,0.0,8.0,0.0,8.0,1.0
ENOUGH. 4FAR 2LONG  2% of pop. has dictated 2the 98% due 2fear by PCpolice/afraid 2b called a bigot/racist. NO MORE!  #ccot,Donald Trump,AGAINST,Trump,0.0,8.0,0.0,8.0,1.0
Maybe if more patriots raised a fuss and did what the gays and other minority groups do we'd get this country back,Donald Trump,AGAINST,Trump,2.0,6.0,0.0,8.0,0.75
@Macys not selling Trump because he voices his opinion.. What happy to freedom of speech.. I'll never shop at @Macys again..,Donald Trump,AGAINST,Trump,1.0,7.0,0.0,8.0,0.875
Honestly though @Macys you dumped Trump so now I'm dumping you. And I shop at your store A LOT. NOT ANYMORE BYE,Donald Trump,AGAINST,Trump,0.0,8.0,0.0,8.0,1.0
a clown who wants to be president #youcantdoit #MexicansAreChidos,Donald Trump,AGAINST,Trump,0.0,8.0,0.0,8.0,1.0
If @Macys wants to try to stall this country's progress that's their prerogative but I'm done shopping there #BadBusiness,Donald Trump,AGAINST,Trump,0.0,7.0,1.0,8.0,0.875
@TIMENOUT @TIB2016 @AlanColmes is a prime example of a #LobotomizedLiberal.,Donald Trump,AGAINST,Trump,0.0,8.0,0.0,8.0,1.0
@realDonaldTrump You go get em Donald!  The real folks are with you 110%,Donald Trump,AGAINST,Trump,0.0,7.0,1.0,8.0,0.875
I would be so embarrassed if @realDonaldTrump were my dad. My dad was #conservative #Marine but not stupid or unkind. #yuck,Donald Trump,AGAINST,Trump,0.0,8.0,0.0,8.0,1.0
I wonder if Trump's campaign manager is still just drinking or have they moved on to harder stuff.,Donald Trump,AGAINST,Trump,0.0,8.0,0.0,8.0,1.0
Oreo frappie from Mcdonalds is the morning beverage of Champions.#wakeandbake #McDonalds,Donald Trump,AGAINST,Trump,1.0,7.0,0.0,8.0,0.875
@McAndles1 @OldRowRumors Hoobastank goes against Christ. Shame,Donald Trump,AGAINST,Trump,0.0,5.0,3.0,8.0,0.625
@CarlaChamorros Grassley should know Hilliary answers to no one!!!!!!,Donald Trump,AGAINST,Trump,0.0,5.0,3.0,8.0,0.625
@loudobbsnews Don't you just love that truth is now called controversial comments?!  Has this country fallen that low?!,Donald Trump,AGAINST,Trump,2.0,5.0,1.0,8.0,0.625
Dear Republicans: Please nominate Donald Trump. The reminder that people like him exist will do wonders for the progressive cause,Donald Trump,AGAINST,Trump,0.0,7.0,1.0,8.0,0.875
@realDonaldTrump @LadyPatriot777 @Macys lousy merchandise made in China !!!!!!!,Donald Trump,AGAINST,Trump,3.0,5.0,0.0,8.0,0.625
"@realDonaldTrump First sentence a must, but he'll NEVER be my President. #Truth will be revealed. He's an Indonesian citizen.",Donald Trump,AGAINST,Trump,1.0,6.0,1.0,8.0,0.75
Everything Donald Trump said was 100% true though.,Donald Trump,FAVOR,Trump,5.0,3.0,0.0,8.0,0.625
@gerfingerpoken2 @tomgreen1959 Of course he did. Traitors conspire with #traitors #ImpeachObama,Donald Trump,NONE,Trump,0.0,2.0,6.0,8.0,0.75
Conflict is a vehicle for change!  Ask @realDonaldTrump Trump becoming a front runner. #USA #leadership,Donald Trump,FAVOR,Trump,5.0,3.0,0.0,8.0,0.625
@realDonaldTrump you work on the Mexican wall and I will focus on the Canadian wall!! #trueenemy #Christie2016,Donald Trump,AGAINST,Trump,1.0,5.0,2.0,8.0,0.625
@realDonaldTrump @PamplinFilmCo We needs some Ballz back in the WH..,Donald Trump,FAVOR,Trump,5.0,3.0,0.0,8.0,0.625
@realDonaldTrump Its admirable how you're willing to lose sponsors for the greater good. We've longed for voice like yours!,Donald Trump,FAVOR,Trump,5.0,3.0,0.0,8.0,0.625
@realDonaldTrump you're not playing to win this =,Donald Trump,AGAINST,Trump,1.0,6.0,1.0,8.0,0.75
"TY Michael @ASavageNation ""I'd do anything to help him; he's right, he's telling the truth"" @realDonaldTrump #BoycottMacys",Donald Trump,FAVOR,Trump,6.0,2.0,0.0,8.0,0.75
@POTUS what are your thoughts on,Donald Trump,NONE,Trump,0.0,2.0,6.0,8.0,0.75
Stop thinking you can walk around talking reckless in the end it will bite you in the ass #Dontjudgeme,Donald Trump,AGAINST,Trump,0.0,6.0,2.0,8.0,0.75
I'm voting for Donald Trump this election #waitonit,Donald Trump,FAVOR,Trump,5.0,3.0,0.0,8.0,0.625
Clearly @realDonaldTrump has very good finance people because his shocking racist comments proves he not an intelligent human!,Donald Trump,AGAINST,Trump,1.0,6.0,1.0,8.0,0.75
@realDonaldTrump fuck you racist ass bitch. Go fuck yourself,Donald Trump,AGAINST,Trump,0.0,8.0,0.0,8.0,1.0
@thehill @greta @realDonaldTrump Now You Know The Left Is Afraid Of A Executive Over Politicians < Hang In There Donald,Donald Trump,FAVOR,Trump,5.0,3.0,0.0,8.0,0.625
GOP candidate predictions? America decides to play the Trump card and go with the man with the plan.,Donald Trump,FAVOR,Trump,5.0,2.0,1.0,8.0,0.625
"What does Ivana, NBC, Univision, Gemini's, and Macy's have in common?  Answer: They all dropped",Donald Trump,AGAINST,Trump,0.0,5.0,3.0,8.0,0.625
"Corporate America showing there Asses, over #trump is just wrong! I am making note!",Donald Trump,AGAINST,Trump,3.0,5.0,0.0,8.0,0.625
"If there was such a thing as the ""American"" Hitler. Donald Trump would probably be that guy. #nationalism",Donald Trump,AGAINST,Trump,0.0,8.0,0.0,8.0,1.0
"#PrezTrump had a great week, he's the BIG news story, mission accomplished. #tcot #TeaParty",Donald Trump,FAVOR,Trump,5.0,3.0,0.0,8.0,0.625
"The way @realDonaldTrump is taking flak, he must be over the target.",Donald Trump,AGAINST,Trump,0.0,6.0,2.0,8.0,0.75
@DrakeKing15your gay agenda will be met with the wrath of god,Donald Trump,NONE,Trump,0.0,3.0,5.0,8.0,0.625
"Fuck You Obama, I will continue to fly my confederate flag and I'm going to fly it proudly! Renaming American streets? WTF?",Donald Trump,NONE,Trump,0.0,3.0,5.0,8.0,0.625
"@boxxers06 This may be true. However, many Americans also travel to these and other places to do the exact same thing.",Donald Trump,NONE,Trump,0.0,3.0,5.0,8.0,0.625
"This country needs a President to take control, cut through the BS, and speak the truth! #truthhurts @realDonaldTrump",Donald Trump,FAVOR,Trump,5.0,3.0,0.0,8.0,0.625
"Anyone who is against @realDonaldTrump 4 president, has no clue of his success and the potential of greatness he can do 4 us.",Donald Trump,FAVOR,Trump,5.0,3.0,0.0,8.0,0.625
"@business  ""@HillaryClinton can't even manage @billclinton and she wants to be @POTUS"" #lol #OhHillNo #StopHillary2016",Donald Trump,AGAINST,Trump,1.0,5.0,2.0,8.0,0.625
"Looking at presidential candidates, there is only one candidate, who can stand tall, and is all heads and shoulders. #Trump",Donald Trump,FAVOR,Trump,7.0,1.0,0.0,8.0,0.875
@realDonaldTrump had a point and one the liberal media won't dare come close to! We have a fragile and wide open border!,Donald Trump,FAVOR,Trump,6.0,1.0,1.0,8.0,0.75
@realDonaldTrump first time voting and I'm definitely voting for Trump,Donald Trump,FAVOR,Trump,7.0,1.0,0.0,8.0,0.875
5. Obama could kill us all with these race wars and black lives matters stuff. Divide and Conquer. #tcot,Donald Trump,NONE,Trump,0.0,1.0,7.0,8.0,0.875
"@realDonaldTrump people are scared to hear the truth and that's why they fear you. If you don't tell it like it is, no one will.",Donald Trump,FAVOR,Trump,5.0,1.0,2.0,8.0,0.625
@nytimes Does he go to the Dog groomer ?,Donald Trump,NONE,Trump,0.0,2.0,6.0,8.0,0.75
GRATE TWO SEE @realDonaldTrump GET TUFF ON BOARDER CONTROL!  HAS MY VOTE IN 2016!  #TCOT #ILLEGALSSTOLEJOBS,Donald Trump,FAVOR,Trump,7.0,1.0,0.0,8.0,0.875
Mexico sucks. What other conclusion is there for ppl to come here illegally?   #Mexico,Donald Trump,NONE,Trump,0.0,1.0,7.0,8.0,0.875
Wondering who is going to make your suites now. @realDonaldTrump  Maybe the rapist and killers you speak about will.,Donald Trump,AGAINST,Trump,0.0,7.0,1.0,8.0,0.875
@realDonaldTrump Any more campaign stops in Chicago anytime soon? Good luck!,Donald Trump,FAVOR,Trump,5.0,1.0,2.0,8.0,0.625
@GreggJarrett @FoxNews @GeekGirl2u @realDonaldTrump will do fine with legal Latino voters. #MakeAmericaGreatAgain,Donald Trump,FAVOR,Trump,7.0,1.0,0.0,8.0,0.875
@MoveOn Go screw yourselves & take Killary with you! Bring your bully shit to Florida and see what happens! #boycottMoveOn,Donald Trump,NONE,Trump,0.0,3.0,5.0,8.0,0.625
"@usnavyjack @RNC When RNC calls, ask them to prove they're conservative. They can't and you'll enjoy it. #RNC #GOP #tcot",Donald Trump,NONE,Trump,0.0,2.0,6.0,8.0,0.75
Political correctness should be an automatic disqualifier for all #GOP candidates in 2016. #tcot #DefeatCommunism,Donald Trump,NONE,Trump,1.0,1.0,6.0,8.0,0.75
Trump wasn't precise but he's no bigot. employs thousands. contributed millions to charity. And loves America.not corrupt.capable,Donald Trump,FAVOR,Trump,7.0,1.0,0.0,8.0,0.875
@GOP it's time you recognize @realDonaldTrump . This movement is real. #MakeAmericaGreatAgain,Donald Trump,FAVOR,Trump,5.0,3.0,0.0,8.0,0.625
There is no scarcity. There is no lack. No need for poverty. We are only victims of robbery by our leaders. #LiberateYourself,Donald Trump,NONE,Trump,0.0,3.0,5.0,8.0,0.625
@exjon @SweetFreedom29 @irishspy @KATUNews say's it all!!!!!!!!,Donald Trump,NONE,Trump,0.0,3.0,5.0,8.0,0.625
@PatDollard She is right on the money!!!!!,Donald Trump,NONE,Trump,1.0,2.0,5.0,8.0,0.625
@10thAmendment  Funny. Visited by Muslims on  Christmas Eve last year.,Donald Trump,NONE,Trump,0.0,3.0,5.0,8.0,0.625
@realDonaldTrump Favorites and retweets keep piling up for Trump! He's killing the other candidates!,Donald Trump,FAVOR,Trump,5.0,3.0,0.0,8.0,0.625
#NothingMoreAmericanThan complaining about Mexicans when you've been marketing off their labor.,Donald Trump,AGAINST,Trump,0.0,6.0,2.0,8.0,0.75
"Le(a)nin left RT @uss_victory: @realDonaldTrump /#LongLiveLiberty; Better is a ""#Capitalist"" for President than a #Communist.",Donald Trump,FAVOR,Trump,5.0,3.0,0.0,8.0,0.625
@nytpolitics and will stop Illegals from killing our citizens.,Donald Trump,AGAINST,Trump,1.0,5.0,2.0,8.0,0.625
@realDonaldTrump the left should get off your back!  By the LAW anyone that crosses the border illegally is a criminal.,Donald Trump,AGAINST,Trump,2.0,5.0,1.0,8.0,0.625
Thanks to @realDonaldTrump our Hispanic community finally has woken up from the dead! #GovernmentAndPolitics #WhiteHouse,Donald Trump,AGAINST,Trump,2.0,5.0,1.0,8.0,0.625
Important part of platform.  Make it illegal to talk during #TrueDetective  #GOP #Election2016,Donald Trump,AGAINST,Trump,0.0,5.0,3.0,8.0,0.625
I nominate Donald Trump for the new ambassador to Mexico. #Mexico #Tacos,Donald Trump,AGAINST,Trump,1.0,5.0,2.0,8.0,0.625
"The only reason people have a problem with @realDonaldTrump is because he speaks the truth, which offends the soft Americans.",Donald Trump,AGAINST,Trump,3.0,5.0,0.0,8.0,0.625
"@HomerWhite @BeauCards Illegal!!!!!   DOJ,AG,law enforcement  Hello anyone!!!!!!",Donald Trump,AGAINST,Trump,0.0,5.0,3.0,8.0,0.625
Donald Trump is so crazy I'm scared if I was hanging with him he would think it would be okay to sell me back to slavery!,Donald Trump,AGAINST,Trump,1.0,7.0,0.0,8.0,0.875
Hey hypocrites @Macys since u pull @realDonaldTrump merchandise from stores why dont u pull #racist #JAYZ CRAP #2FACEDLIBERALS,Donald Trump,AGAINST,Trump,1.0,5.0,2.0,8.0,0.625
"@realDonaldTrump comments about Mexicans where he said ""somebody's doing the raping""  Why do bigoted WM claim to be crime free?",Donald Trump,AGAINST,Trump,2.0,5.0,1.0,8.0,0.625
Top 10 Questions at Declaration of Independence signing  8. Are all Mexicans rapists and murderers? #4thjuly,Donald Trump,AGAINST,Trump,0.0,5.0,3.0,8.0,0.625
@RWSurferGirl it's not a racial tragedy nor an Islamic one either. Only patriots care for all.,Donald Trump,AGAINST,Trump,0.0,6.0,2.0,8.0,0.75
"@seanhannity @BobbyJindal He would be great Vp for Trump.. 2 of  kind,#MakeAmericaGreatAgain ,",Donald Trump,AGAINST,Trump,2.0,6.0,0.0,8.0,0.75
Great interview with @BobbyJindal tonight! I can vote for this guy! #Hannity #lnyhbt,Donald Trump,AGAINST,Trump,0.0,6.0,2.0,8.0,0.75
"Witnessing the destruction of the #middleclass If you are black, white Hispanic, or any other creed support #Trump #usa #4thjuly",Donald Trump,AGAINST,Trump,3.0,5.0,0.0,8.0,0.625
@marcorubio .  Adios for your comments about @realDonaldTrump .. You are a disappointment.,Donald Trump,AGAINST,Trump,2.0,5.0,1.0,8.0,0.625
@GeorgeTakei One of them might even be named #ClarenceThomas. #ApologizeTakei,Donald Trump,AGAINST,Trump,0.0,5.0,3.0,8.0,0.625
"Ez21:15 I have set the point of the sword against all their gates, that their heart may faint, n their ruins be multiplied:",Donald Trump,AGAINST,Trump,0.0,5.0,3.0,8.0,0.625
"Cashinin A Block) Terror&4th July, terrorists win? B) Trump v NBC, Univision, Macy's C) Cuba D) WhiteHouseLights FNC 1130aET",Donald Trump,AGAINST,Trump,1.0,5.0,2.0,8.0,0.625
The clothing #Macys (made in Mexico&China) #NBC (Traders! #Sodomites!) #Univision (will pay!) #RollOn!!! @realDonaldTrump #wiyh,Donald Trump,AGAINST,Trump,1.0,5.0,2.0,8.0,0.625
"#DanaPerino is getting more snitful by the minute. Says Trump isn't believable, can't win. Hide&watch! #MakeAmericaGreatAgain",Donald Trump,AGAINST,Trump,1.0,5.0,2.0,8.0,0.625
Trump and his comb over are gonna take over America #IndependenceDay,Donald Trump,AGAINST,Trump,3.0,5.0,0.0,8.0,0.625
"@ProfessorF You have plenty of phones, internet access, cars, TVs, houses, etc. all courtesy of taxpayers.. er.. government!",Donald Trump,AGAINST,Trump,0.0,5.0,3.0,8.0,0.625
I love the Mexican people but they're smarter than us we MUST stop them!,Donald Trump,AGAINST,Trump,0.0,6.0,2.0,8.0,0.75
"Terrorist takes selfie post on media,USA bombs target, USA tells world how they did it so they they never have 2 repeat it.",Donald Trump,AGAINST,Trump,0.0,5.0,3.0,8.0,0.625
"@rodrickgibbons @ByronYork @geoffcaldwell Maybe if we make it a Toll Bridge, we may recoup some of the welfare payments! LOL",Donald Trump,AGAINST,Trump,0.0,5.0,3.0,8.0,0.625
If Donald Trump is elected president I'm moving to Nunavut to get away from these retards #Trump,Donald Trump,AGAINST,Trump,0.0,8.0,0.0,8.0,1.0
"@JonathanHoenig @ericbolling Errant Vanity says up 2 USA about fighting ISIS, ? is choosing when/where ISIS decided we will",Donald Trump,AGAINST,Trump,0.0,5.0,3.0,8.0,0.625
@realDonaldTrump let the haters run away. You can now see who  you're true supporters are.,Donald Trump,AGAINST,Trump,3.0,5.0,0.0,8.0,0.625
Liberalism is the politics of personal destruction! If Liberals can't win- they will lie & demonize! They are paid to attack!,Donald Trump,AGAINST,Trump,0.0,5.0,3.0,8.0,0.625
"Normalize relations with ISIS for our economy, @ericbolling would you do it? there is a line what we should do for money.",Donald Trump,AGAINST,Trump,0.0,5.0,3.0,8.0,0.625
@tommyhubb @JonathanHoenig Obama sees everything through an anti-Colonial prism.Every move he makes degrades our nation.#Cashinin,Donald Trump,AGAINST,Trump,0.0,5.0,3.0,8.0,0.625
"Lighting that WH was so in your face to half of America, no class and so disrespectful..  #CashinIn",Donald Trump,AGAINST,Trump,0.0,5.0,3.0,8.0,0.625
"@ProfessorF @JessicaTarlov And deluded shows and ""news"" reporters are not?!",Donald Trump,AGAINST,Trump,0.0,5.0,3.0,8.0,0.625
"Donald trump is way better than ANY candidate out there. Because he's real, not a lobbyist backed puppet #Election2016",Donald Trump,AGAINST,Trump,3.0,5.0,0.0,8.0,0.625
@FNC_Ladies_Rule @MichelleFields @JonathanHoenig @JessicaTarlov Can't wait to get home and see the episode.,Donald Trump,AGAINST,Trump,0.0,5.0,3.0,8.0,0.625
"@realDonaldTrump has formed the ""Racistublicans"". The political party for old fat assholes. #Racistublicans  #Republicans",Donald Trump,AGAINST,Trump,0.0,7.0,1.0,8.0,0.875
Spending my fourth at taqueria with some homies. #murica,Donald Trump,AGAINST,Trump,0.0,5.0,3.0,8.0,0.625
@DaGodfather907 @dare6626  Hope the rotten SOB don't choke :(,Donald Trump,AGAINST,Trump,0.0,5.0,3.0,8.0,0.625
@HnstyNgov @FoxBusiness @realDonaldTrump Meanwhile no Democrat running has given anyone anywhere a job. Other Repubs just as bad.,Donald Trump,AGAINST,Trump,1.0,5.0,2.0,8.0,0.625
"@UPROXX good,, trumps speaking of illrgal immigrants,,, its her loss",Donald Trump,AGAINST,Trump,1.0,5.0,2.0,8.0,0.625
NASCAR abandons Trump. Some good news to end my day with   #Trump,Donald Trump,AGAINST,Trump,0.0,7.0,1.0,8.0,0.875
@JonathanHoenig @realDonaldTrump @feldmaniac @Mediaite Support Americas future Boycott capitalist pig,Donald Trump,AGAINST,Trump,0.0,5.0,3.0,8.0,0.625
"@CindyReynolds I have to turn the channel, all I can do is stare at that nest on his head.",Donald Trump,AGAINST,Trump,0.0,5.0,3.0,8.0,0.625
your so vain you probably....learn my winning blackjack approach start tweet#1... /71 #LIFEGOALS  #RAP   #soccer  #July4,Donald Trump,AGAINST,Trump,0.0,6.0,2.0,8.0,0.75
trump slogan : THEN IMPEACH ME #continuedontheback : start learning your own god damned government and THEN WHY DONT U RUN,Donald Trump,AGAINST,Trump,2.0,5.0,1.0,8.0,0.625
"@realDonaldTrump don't care what anybody says. In November 2016, you will have my vote. Where can I get your bumper sticker??",Donald Trump,AGAINST,Trump,3.0,5.0,0.0,8.0,0.625
@johnnydollar01 @kilmeade That there can be complete #ASSHOLES like,Donald Trump,AGAINST,Trump,0.0,5.0,3.0,8.0,0.625
Donald Trump stays roasting on Twitter,Donald Trump,AGAINST,Trump,1.0,5.0,2.0,8.0,0.625
@FFRNNU Maybe #MSM should be talking more about this and less about flags and cakes.,Donald Trump,AGAINST,Trump,0.0,5.0,3.0,8.0,0.625
Donald Trump is only saying what ALL the other 2016 GOP Presidential candidates are thinking! Bad things!! #GOP #Trump #POTUS,Donald Trump,AGAINST,Trump,2.0,6.0,0.0,8.0,0.75
@TMZ trump a guy born with a silver spoon up his ass who has never done a hard days work in his life  #DumpTrump #YoureFired,Donald Trump,AGAINST,Trump,1.0,6.0,1.0,8.0,0.75
"We need a man that will do the tough negotiations, say what needs to be said and forget the words politically correct.  #thanks",Donald Trump,AGAINST,Trump,2.0,5.0,1.0,8.0,0.625
@realDonaldTrump @ReillyCarole So he can outsource all our manufacturing to Mexico and China like he does his line. #hypocrite,Donald Trump,AGAINST,Trump,1.0,7.0,0.0,8.0,0.875
"@gerfingerpoken Please RT the #ImpeachObama art at the top of this thread, pinned on my page.",Donald Trump,AGAINST,Trump,0.0,5.0,3.0,8.0,0.625
"@Newsmax_Media  I bet the @realDonaldTrump does. This man knows how to save our country w/o tiptoeing around, playing games.",Donald Trump,AGAINST,Trump,3.0,5.0,0.0,8.0,0.625
@DannoHollister @D2243 @BreitbartNews It might be time for WE THE PEOPLE to declare Independence From the Federal Government!,Donald Trump,AGAINST,Trump,0.0,5.0,3.0,8.0,0.625
@HuffingtonPost He probably DOES have facts!,Donald Trump,AGAINST,Trump,1.0,5.0,2.0,8.0,0.625
Today & everyday I am proud to be an American. I'm honored to be apart of the best the world has to offer! #4thofJuly,Donald Trump,AGAINST,Trump,0.0,5.0,3.0,8.0,0.625
@realDonaldTrump notice the @StopHillaryPAC didn't include you probly @KarlRove hiding behind a name again #Trump #trumpisright,Donald Trump,AGAINST,Trump,3.0,5.0,0.0,8.0,0.625
"@TuckerCarlson #GayMarriage is the ""law of the land"" yet #immigration law is ignored. Absurd! #LobotomizedLiberals #LiberalLogic",Donald Trump,AGAINST,Trump,0.0,5.0,3.0,8.0,0.625
@JVER1 @tgradous @LVNancy  I blame her death on the @potus he is directly responsible. He is pathetic. If i were her dad....,Donald Trump,AGAINST,Trump,0.0,5.0,3.0,8.0,0.625
"......and some, I assume, are good people.",Donald Trump,AGAINST,Trump,0.0,5.0,3.0,8.0,0.625
The more Big&Rich hates @realDonaldTrump The more Little&Poor follows him 3103K  @HillaryClinton 3810K #Election2016 #Hillary2016,Donald Trump,AGAINST,Trump,0.0,7.0,1.0,8.0,0.875
@avocadofact only 2% of illegals work farm jobs,Donald Trump,AGAINST,Trump,0.0,5.0,3.0,8.0,0.625
@DeeHoer420 That's right. CNN = LOSER. Anyone who has met Trump knows he is a down to earth compassionate gentlemanman.,Donald Trump,AGAINST,Trump,3.0,5.0,0.0,8.0,0.625
@inspirationguy U r a LOSER and jealous of me cos I'm RICH #TrumpWillBeThePrezCosWinningIsAllHeDoesUnlikeYouLosersAlsoBanTheTacos,Donald Trump,AGAINST,Trump,2.0,6.0,0.0,8.0,0.75
Coming soon to @NBCSports - Muslim sports cid:7D8CC0C5-9231-4700-B63E-8CB2E0C1EC6C/22C1780B-C578-4ECD-9BE0-CA3901D4EAF6,Donald Trump,AGAINST,Trump,0.0,5.0,3.0,8.0,0.625
@realDonaldTrump I know I'm not the only person who can't wait to see your name on the presidential ballot and vote for you!,Donald Trump,AGAINST,Trump,3.0,5.0,0.0,8.0,0.625
@Hohn_Jollis better than high-quality h2o farts,Donald Trump,AGAINST,Trump,0.0,5.0,3.0,8.0,0.625
"@JebBush if the truth offends you, then you're part of the problem!",Donald Trump,AGAINST,Trump,0.0,5.0,3.0,8.0,0.625
"Political policies are reversible, genetics are not. That's why we must defend our borders from the third world.",Donald Trump,AGAINST,Trump,0.0,5.0,3.0,8.0,0.625
@BraveConWarrior stories like this make think PATRIOTS are at the end of the string. all kinds of shit is going to hit fan,Donald Trump,AGAINST,Trump,0.0,5.0,3.0,8.0,0.625
@jackieaus @gerfingerpoken2 O hired by puppetmasters who put him in our WH w/coup to destroy America.,Donald Trump,AGAINST,Trump,0.0,5.0,3.0,8.0,0.625
"Another Reagan the last thing we need! The #FatherofAmnesty rewarded 3m criminals, displaced 1.9m in workforce! @DaGodfather907",Donald Trump,AGAINST,Trump,0.0,5.0,3.0,8.0,0.625
"RedScareBot: ""Filthy Lucre"" RT valera927 The one promise #socialism can keep is keeping us all equally impoverished.",Donald Trump,AGAINST,Trump,0.0,5.0,3.0,8.0,0.625
It's time for @Senate_GOPs @HouseGOP to start doing their jobs for US CITIZENS and stop giving in to @barackobama,Donald Trump,AGAINST,Trump,0.0,5.0,3.0,8.0,0.625
@blackrepublican only if we stop allowing them 2 work & stop welfare they will self-deport #tcot,Donald Trump,AGAINST,Trump,0.0,5.0,3.0,8.0,0.625
"If Greek Prime Minister Alexis Tsipras needs advice on emerging from bankruptcy, I'm available #greekreferendum",Donald Trump,AGAINST,Trump,1.0,5.0,2.0,8.0,0.625
"Obama strategy: Open our borders to change our culture  fundamental transformation into Tijuana!"" #tcot",Donald Trump,AGAINST,Trump,0.0,5.0,3.0,8.0,0.625
"After the debacle of having passed O-care without reading it, O wants to pass comprehensive immigration in the same way!",Donald Trump,AGAINST,Trump,0.0,5.0,3.0,8.0,0.625
Anybody figure out yet that Money don't make you happy #GOD does....if our Politicians would just listen to our Lord!,Donald Trump,AGAINST,Trump,0.0,5.0,3.0,8.0,0.625
What happens first? Yellowstone blows or GOP prez candidate calls Trump racist?,Donald Trump,AGAINST,Trump,0.0,6.0,2.0,8.0,0.75
Lying to justify political correctness is still nothing but a lie.   #Teaparty,Donald Trump,AGAINST,Trump,0.0,5.0,3.0,8.0,0.625
"@realDonaldTrump the thing I like about Mr Trump is that if he shoots himself in the foot, he can buy another.",Donald Trump,AGAINST,Trump,2.0,6.0,0.0,8.0,0.75
@realDonaldTrump @Virginia4USA @ArtistdeeDd @HowardKurtz We all Mr. Trump. #usa,Donald Trump,AGAINST,Trump,3.0,5.0,0.0,8.0,0.625
@realDonaldTrump You are absolutely right on the border! Bush and company are afraid to address it! #MakeAmericaGreatAgain,Donald Trump,AGAINST,Trump,3.0,5.0,0.0,8.0,0.625
"@NBC to #Trump: ""HOW DARE YOU POINT OUT THAT OBAMA CAUSES 1000 GIRLS TO BE RAPED EVERY MONTH CROSSING INTO USA!""  #ccot #tcot",Donald Trump,AGAINST,Trump,2.0,6.0,0.0,8.0,0.75
"Have you noticed how often the concept of ""living within your means"" is now described as ""ruthless austerity?""#tcot",Donald Trump,AGAINST,Trump,0.0,5.0,3.0,8.0,0.625
You have to wonder if Hillary will attempt to replace #ObamaCare with #HillaryCare. #tcot @realDonaldTrump,Donald Trump,AGAINST,Trump,2.0,5.0,1.0,8.0,0.625
Translation: I do not understand why the Republicans don't dismiss him. #Republicans,Donald Trump,AGAINST,Trump,1.0,6.0,1.0,8.0,0.75
"Good morning. I wake up on 8 pm, but is 10 pm...  That's Only Holiday :) #holiday #summer #sunrise #wakacyjnefolllowspree",Donald Trump,NONE,Trump,0.0,3.0,5.0,8.0,0.625
"If You Disagree With Montel, You Are A Racist.",Donald Trump,NONE,Trump,0.0,3.0,5.0,8.0,0.625
"Please, understand that Donald Trump mouth is full of shit due to his Mexican maid having access to his toothbrush.",Donald Trump,AGAINST,Trump,0.0,8.0,0.0,8.0,1.0
With his immigration policies pwr drunk #Obama is setting himself up 2 b prez of Mex when he gets evicted from WH  #tcot,Donald Trump,NONE,Trump,2.0,1.0,5.0,8.0,0.625
You know Donald Trump is in deep when most Neo-Conservatives call him out on his bullsh*t speech.,Donald Trump,AGAINST,Trump,1.0,7.0,0.0,8.0,0.875
Americans of all pol parties are trusting you @realDonaldTrump - we KNOW you will put #AmericaFirst and #MakeAmericaGreatAgain,Donald Trump,FAVOR,Trump,7.0,1.0,0.0,8.0,0.875
"White, male, hetero, homeschooler, Christian, gun-owner, conservative, pro-life, citizen. Things that make a man un-american",Donald Trump,NONE,Trump,1.0,1.0,6.0,8.0,0.75
"Really @CNN? You're asking aloud whether a Mexican who lives down to a stereotype, validates the stereotype? #immigration",Donald Trump,NONE,Trump,1.0,1.0,6.0,8.0,0.75
Who doesn't love @SheriffClarke! A man who doesn't mince words!He's not going to sugarcoat it for you folks! #alllifematters,Donald Trump,NONE,Trump,0.0,1.0,7.0,8.0,0.875
@backatone000 @fatima_madsen This is a tragic outrage,Donald Trump,NONE,Trump,0.0,1.0,7.0,8.0,0.875
@RepTomEmmer Were you able to keep those riff raff constituents in line with RINO Headquarters --> @GOP invasion program?,Donald Trump,NONE,Trump,0.0,1.0,7.0,8.0,0.875
"You can get Mooch's lunch, lib indoc, condoms, BC & abortions at schools today; wow, everything but an education. #PJNET",Donald Trump,NONE,Trump,0.0,0.0,8.0,8.0,1.0
".@Ashlandgirl101 @Braveheart_USA Don't just say ""no"" to Killary - work tirelessly to put her in prison - where she belongs.",Donald Trump,NONE,Trump,0.0,1.0,7.0,8.0,0.875
If you condone the #SupremeCourt's decision on the marriage issue! You might be a liberal!!,Donald Trump,NONE,Trump,1.0,0.0,7.0,8.0,0.875
I feel like the 2016 Presidential race is @realDonaldTrump vs. Matropolis ie The Machine.    Lets defeat the machine,Donald Trump,FAVOR,Trump,8.0,0.0,0.0,8.0,1.0
"OMG - #Obama really believes #ISIS is made up of Christians, Jews, & Muslims. WHAT A MORON! #clueless #ProudAmerican #tcot",Donald Trump,NONE,Trump,1.0,0.0,7.0,8.0,0.875
@toddstarnes the plan is on paper & in pencil. Degrade = erase 1 letter at time destroy = throwing the paper away!,Donald Trump,NONE,Trump,0.0,0.0,8.0,8.0,1.0
@StandWithCJ @ali She a cockroach. #holdtheline CJ. There will be others to replace her.,Donald Trump,NONE,Trump,0.0,0.0,8.0,8.0,1.0
@lemurdue77 Hey friend. That's not nice,Donald Trump,NONE,Trump,0.0,0.0,8.0,8.0,1.0
@realDonaldTrump it's crazy how cowardly these big corporations are. I swear I'm campaigning for you !!!!!,Donald Trump,FAVOR,Trump,5.0,2.0,1.0,8.0,0.625
THE DONALD & CARLEY - Perfect Together! - #Trump,Donald Trump,FAVOR,Trump,7.0,0.0,1.0,8.0,0.875
The number of crimes committed by illegal aliens in the United States each year should be ZERO!,Donald Trump,NONE,Trump,3.0,0.0,5.0,8.0,0.625
25% of Mexico has INVADED AMERICA - & CONTINUES to OCCUPY us  yet POS #RINO phony #Jeb BLAMES #TRUMP for telling the TRUTH! -,Donald Trump,FAVOR,Trump,6.0,0.0,2.0,8.0,0.75
I've come to the horrid conclusion that Conservatives just don't care what the Democrats do.,Donald Trump,NONE,Trump,1.0,1.0,6.0,8.0,0.75
@marcorubio @GovernorPerry @GrahamBlog @McConnellPress Your silence is deafening. #TrumpIsRight #SecureTheBorder #illegalaliens,Donald Trump,FAVOR,Trump,7.0,0.0,1.0,8.0,0.875
@BillGates Can you reset my Windows 98 password??,Donald Trump,NONE,Trump,0.0,0.0,8.0,8.0,1.0
@Greta trump a joke? Ur guest is a fool. Better a joke than traitor RINOs. It's trump or no one for me. Reps betrayed us.,Donald Trump,FAVOR,Trump,7.0,0.0,1.0,8.0,0.875
@realDonaldTrump @ericbolling GOP wants to discredit Mr. Trump and his reputation clean like diamonds #usa,Donald Trump,FAVOR,Trump,7.0,1.0,0.0,8.0,0.875
@RepGoodlatte a weak response on #KellyFile to Obama blame @ImmigrationGOP hit back at Obama hard. #Hannity #kellyfile,Donald Trump,NONE,Trump,1.0,0.0,7.0,8.0,0.875
@realDonaldTrump Everyone is afraid to put a plan on the table for fear they'll be called a racist...America deserves better,Donald Trump,FAVOR,Trump,7.0,0.0,1.0,8.0,0.875
Get the truth from Trump! @realDonaldTrump,Donald Trump,FAVOR,Trump,7.0,1.0,0.0,8.0,0.875
@NachoQuesado @kevinsnebula @iconogasmic @Anarkitteh @alaindebotton Your Fired! #yourfired #UpWithTrump,Donald Trump,FAVOR,Trump,8.0,0.0,0.0,8.0,1.0
@ericbolling :).  Sorry for the kidding but had to do that.  Darn autocorrect.,Donald Trump,NONE,Trump,0.0,0.0,8.0,8.0,1.0
"@1Viperbabe where do these ppl get the idea theycan controlthe ppl,organization,individual,whomever,ppl can't stomp down ppl.",Donald Trump,NONE,Trump,1.0,0.0,7.0,8.0,0.875
Greece is our future.  Pay attention.  #GreekCrisis,Donald Trump,NONE,Trump,1.0,0.0,7.0,8.0,0.875
Dick Bove joins @ericbolling now to discuss the Greece financial crisis. #Hannity,Donald Trump,NONE,Trump,1.0,0.0,7.0,8.0,0.875
@realDonaldTrump  Just registered to Vote Today so I can contribute to help #MakeAmericaGreatAgain #Honesty,Donald Trump,FAVOR,Trump,7.0,0.0,1.0,8.0,0.875
@realDonaldTrump You are the trump card of my heart.,Donald Trump,FAVOR,Trump,8.0,0.0,0.0,8.0,1.0
@realDonaldTrump I'm RTing every tweet you post! Go get em Mr. Trump- you're reigniting the fire of the American Spirit- FIGHT!,Donald Trump,FAVOR,Trump,8.0,0.0,0.0,8.0,1.0
"@JimGaffigan No truth to the rumor that Trump said today ""Did I say Mexicans? I meant Bill Cosby."" #Cosby",Donald Trump,NONE,Trump,0.0,2.0,6.0,8.0,0.75
Is it to early to start wearing shirts and sporting a bumper sticker?,Donald Trump,NONE,Trump,0.0,0.0,8.0,8.0,1.0
"Silence is golden, yes, but when silence is all there is...it is way too loud! ~john tarter #tcot",Donald Trump,NONE,Trump,0.0,0.0,8.0,8.0,1.0
@realDonaldTrump: We have got to take our country back. It's time! Win it Mr. Trump,Donald Trump,FAVOR,Trump,8.0,0.0,0.0,8.0,1.0
Who among us has never defamed an entire country on nat'l television while declaring candidacy for president? #perspective,Donald Trump,AGAINST,Trump,1.0,5.0,2.0,8.0,0.625
Maybe #KathrynSteinle should have been wearing a rainbow T-Shirt.... The public would be more outraged.,Donald Trump,NONE,Trump,0.0,0.0,8.0,8.0,1.0
@OutFrontCNN @CNN u cant lift sanctions & then slap then back on right away. Who's that foolish? Or deceitful? #IranTalks,Donald Trump,NONE,Trump,1.0,0.0,7.0,8.0,0.875
"@RealDonaldTrump I feel the truth when Mr. Trump speaking, people need to understand who really cares about America",Donald Trump,FAVOR,Trump,7.0,0.0,1.0,8.0,0.875
Liberals do not like that @realDonaldTrump is moving up in the polls. #MakeAmericaGreatAgain #TheGreatWallofMexico,Donald Trump,FAVOR,Trump,8.0,0.0,0.0,8.0,1.0
@liberaltreason @msnbc maybe all the politically correct pansies out there will move to a different country if Trump gets in!!!:),Donald Trump,FAVOR,Trump,7.0,1.0,0.0,8.0,0.875
@LindaSuhler The smear campaign from RINO Headquarters --> @GOP  has begun.,Donald Trump,NONE,Trump,1.0,1.0,6.0,8.0,0.75
Liberal view of #Christianity: Interpret the Bible like the Constitution & keep religion at Church. #CCOT #TCOT #PJNET #NRA,Donald Trump,NONE,Trump,0.0,0.0,8.0,8.0,1.0
#Obama intervenes on behalf of #Greece = Hello #drachma  Socialism = equality of misery  #tcot #pjnet,Donald Trump,NONE,Trump,1.0,0.0,7.0,8.0,0.875
@JebBush and @marcorubio cannot speak their minds b/c they are paid 2 keep things pc. @realDonaldTrump ANSWERS TO NO ONE!,Donald Trump,FAVOR,Trump,7.0,1.0,0.0,8.0,0.875
"@realDonaldTrump is the only candidate who has in no way, shape or form been brainwashed by the pc police.",Donald Trump,FAVOR,Trump,7.0,1.0,0.0,8.0,0.875
"Donald J. Trump, I am voting for you to be our next ""El Presidente""! #trumpforpresident",Donald Trump,FAVOR,Trump,8.0,0.0,0.0,8.0,1.0
"If a liberal brings up Immigration, hit em with the ""TRUMP"" card! #trumpforpresident #Trump #tcot",Donald Trump,FAVOR,Trump,7.0,1.0,0.0,8.0,0.875
@dramamiine well you have the right to your opinion and I have the right to not listen to it. Have a great day!,Donald Trump,NONE,Trump,0.0,0.0,8.0,8.0,1.0
No wonder they don't listen to us.  It must get awfully loud inside the echo chamber.  @ESPN @NBC @Macys @NASCAR,Donald Trump,NONE,Trump,0.0,0.0,8.0,8.0,1.0
@realDonaldTrump u talk a big bigoted talk & yet use illegals @ your new DC prop.Thank GD u being POTUS isn't viable! #trumpsucks,Donald Trump,AGAINST,Trump,0.0,8.0,0.0,8.0,1.0
"Are people deaf to the word illegal? I'm all  for LEGAL Immigration. Need a new label  ""Illegal Crossings"". Take note",Donald Trump,NONE,Trump,2.0,0.0,6.0,8.0,0.75
"I'm developing my own version of Arya's kill list, but for asshole celebrities #BillCosby #PaulaDeen #JaredFromSubway #GOT",Donald Trump,NONE,Trump,1.0,0.0,7.0,8.0,0.875
"UncommonState: RT Commoncorediva: Title 1 funds/Title 9 funds, IDEA funds...all being distorted 2 serve the CCSS Agenda! #PJ...",Donald Trump,NONE,Trump,0.0,0.0,8.0,8.0,1.0
@ophidianpilot @NewAmericanMag All the Congressmen/women should be criticizing the lack of security in this Country!,Donald Trump,NONE,Trump,1.0,0.0,7.0,8.0,0.875
@realDonaldTrump Making America a Nationalism society,Donald Trump,FAVOR,Trump,8.0,0.0,0.0,8.0,1.0
@realDonaldTrump your directness & honesty has moved you to the top of my list 4 #President2016! #TRUMPTRUTH,Donald Trump,FAVOR,Trump,8.0,0.0,0.0,8.0,1.0
Muslim community chips in to help rebuild burned down churches #AllPeopleMatter #Globalist/ElitesVsThePeople,Donald Trump,NONE,Trump,0.0,2.0,6.0,8.0,0.75
Can #nikkireed & #iansomerhalder stop fucking in public for 1 day. doing nothing for his image #attentionwhore he's worse than,Donald Trump,NONE,Trump,0.0,0.0,8.0,8.0,1.0
I get SO HEATED seeing treasonous libtards defending Ed Snowden. He is a TRAITOR and should be hung. #tcot #tlot #ccot,Donald Trump,NONE,Trump,0.0,0.0,8.0,8.0,1.0
On #education @JohnKasich has no clue.. High standards only work if the kids do their work and their parents make sure of it.,Donald Trump,NONE,Trump,1.0,0.0,7.0,8.0,0.875
@realDonaldTrump gonna be on @greta show right now! #greta #TrumpIsRight,Donald Trump,FAVOR,Trump,8.0,0.0,0.0,8.0,1.0
Liberals are winning the battle of the mind by indoctrinating low IQ & youth of #America through #MSM & social media,Donald Trump,NONE,Trump,1.0,0.0,7.0,8.0,0.875
"@realDonaldTrump Let's face it, we've become a passive, inert nation controlled by thugs, and redistributionists.",Donald Trump,FAVOR,Trump,5.0,0.0,3.0,8.0,0.625
@realDonaldTrump keep it up Trump we love you #MakeAmericaGreatAgain #BoycottMacys #boycottnbc,Donald Trump,FAVOR,Trump,8.0,0.0,0.0,8.0,1.0
#greta Trump is absolutely on fire right now! He is a good man with a great family. He is the medicine this country needs!,Donald Trump,FAVOR,Trump,8.0,0.0,0.0,8.0,1.0
AngryNIdaho: ScottGrafRadio THAT'S WHAT THEY WANT YOU TO BELIEVE! #lamestream #chemtrails #TYRANNY #staywoke #JadeHelm,Donald Trump,NONE,Trump,0.0,0.0,8.0,8.0,1.0
Greece.... Bernie Sanders school of economics #greta,Donald Trump,NONE,Trump,1.0,1.0,6.0,8.0,0.75
Just because you own a casino (bankrupt) doesn't mean your family didn't immigrate too #America,Donald Trump,AGAINST,Trump,0.0,6.0,2.0,8.0,0.75
@realDonaldTrump  Some people just want to be president.  Others want to MAKE AMERICA GREAT AGAIN!,Donald Trump,FAVOR,Trump,8.0,0.0,0.0,8.0,1.0
"Unlike Obama, @realDonaldTrump doesn't need a teleprompter.",Donald Trump,FAVOR,Trump,8.0,0.0,0.0,8.0,1.0
"@GOP If you can not debate Trump, you should not be running for president. #backurbase.",Donald Trump,FAVOR,Trump,6.0,1.0,1.0,8.0,0.75
@GoAngelo it's obvious Macy's and NBC and ESPN and ... are chokers. #Trumpisassclown,Donald Trump,AGAINST,Trump,0.0,5.0,3.0,8.0,0.625
bow my head  #FreeChelsea #FreeHamond #all prisoners of the state!,Donald Trump,NONE,Trump,0.0,0.0,8.0,8.0,1.0
"#Boycott @TravelOregon Support @sweetcakesbakes If you don't want to bake the cake, you shouldn't be forced to. #freedom",Donald Trump,NONE,Trump,2.0,0.0,6.0,8.0,0.75
@_George_Lopez__ says there may be enough AMERICAN Racists to Elect Trump as President. I think he's right. Take back America,Donald Trump,AGAINST,Trump,3.0,5.0,0.0,8.0,0.625
@realDonaldTrump I hope and pray you get the nomination. America needs a man with a backbone! And one that can't be bought!,Donald Trump,FAVOR,Trump,8.0,0.0,0.0,8.0,1.0
@Radiocop @DrLefever Low Info Voters are still clueless to the fundamental transformation Obama said he would inflict. #tcot,Donald Trump,NONE,Trump,2.0,1.0,5.0,8.0,0.625
@realDonaldTrump I don't care what @NASCAR says! I dont care what the liberals at @espn say.. Keep Speaking The TRUTH!!,Donald Trump,FAVOR,Trump,7.0,0.0,1.0,8.0,0.875
"@mailandguardian There goes the Latino vote, Donald Dumb!!",Donald Trump,AGAINST,Trump,0.0,8.0,0.0,8.0,1.0
Now Coke believes in unicorns along with the libs #WakeUpCocaCola #TedCruz2016 #TheRightBrigade,Donald Trump,NONE,Trump,0.0,1.0,7.0,8.0,0.875
THE @realDonaldTrump **MAKING TWO FEES INSTEAD OF ONE**  WE NEED A WINNER IN THE WHITE HOUSE AGAIN  #MakeAmericaGreatAgain !!,Donald Trump,FAVOR,Trump,7.0,1.0,0.0,8.0,0.875
"@conservacuck unfortunately the melting pot concept has been replaced by balkanization, now it's division not diversity #tcot",Donald Trump,NONE,Trump,1.0,1.0,6.0,8.0,0.75
"LOOKS LIKE LIBREALS OUR AFTER @Paula_Deen AGAIN,,  THANK GOD FOR @realDonaldTrump",Donald Trump,FAVOR,Trump,7.0,1.0,0.0,8.0,0.875
The line between innovation and effrontery becomes evident through consequence. #CultureShift #awaken #rise #AriseChurch,Donald Trump,NONE,Trump,0.0,1.0,7.0,8.0,0.875
@exjon @bjcowan1970 AMERICAN companies won't make them anymore,Donald Trump,NONE,Trump,1.0,1.0,6.0,8.0,0.75
"We are now witnessing possibly the most disastrous attempt to run for presidency ever, courtesy of @realDonaldTrump #Fail",Donald Trump,AGAINST,Trump,0.0,8.0,0.0,8.0,1.0
@realDonaldTrump is the most repulsive narcissist on the planet.,Donald Trump,AGAINST,Trump,0.0,8.0,0.0,8.0,1.0
@realDonaldTrump Stay the course! You can win! The USA needs your leadership and competence!,Donald Trump,FAVOR,Trump,7.0,1.0,0.0,8.0,0.875
@RNRLouisiana @willie_mays24 @RNROklahoma  THIS kind of open defiance is what is needed but on a massive scale #tcot #LNYHBT,Donald Trump,NONE,Trump,1.0,1.0,6.0,8.0,0.75
Donald Trump is the man of all men,Donald Trump,FAVOR,Trump,7.0,1.0,0.0,8.0,0.875
@lybr3 @MarcATL76 #Programmed ppl are so damn STUCK ON BS! Clinton is free walking behind a rope! BARS ARE NEEDED! PLZ!,Donald Trump,NONE,Trump,1.0,1.0,6.0,8.0,0.75
@GovernorPerry @realDonaldTrump not true Perry! Don't count on me or anyone in my family for a vote. You need to stop being PC.,Donald Trump,AGAINST,Trump,3.0,5.0,0.0,8.0,0.625
The Left > It's only a Law if we like it - It can be ignored if we don't like it.,Donald Trump,NONE,Trump,1.0,1.0,6.0,8.0,0.75
The .@nyse doesn't just halt all trades ... What's up #grexit #ChinaMeltdown #tcot #nationaldebt,Donald Trump,NONE,Trump,1.0,1.0,6.0,8.0,0.75
The gift that keeps on giving. #makeitstop,Donald Trump,AGAINST,Trump,0.0,5.0,3.0,8.0,0.625
@realDonaldTrump You have the heart of a lion! Let's make America great again!,Donald Trump,FAVOR,Trump,7.0,1.0,0.0,8.0,0.875
"Yo DEMOCRATS, #NYSE Halted-Down. Just another ""CRISIS"". What ya gonna do to NOT LET IT GO TO WASTE???????????????",Donald Trump,NONE,Trump,2.0,1.0,5.0,8.0,0.625
@realDonaldTrump  WE WANT TRUMP! WE WANT TRUMP! WE WANT TRUMP!!! #MakeAmericaGreatAgain,Donald Trump,FAVOR,Trump,7.0,1.0,0.0,8.0,0.875
"@GloriaAllred is a media whore, but I'm rooting for her and her clients against 'alleged' drug-rapist #BillCosby #tcot",Donald Trump,NONE,Trump,0.0,1.0,7.0,8.0,0.875
People who judge Trump based on his looks and hair style yet call him a racist bigot might be #hypocrites,Donald Trump,FAVOR,Trump,6.0,1.0,1.0,8.0,0.75
@FoxBusiness I would have to say that #NYSE would never admit a hack.,Donald Trump,NONE,Trump,0.0,1.0,7.0,8.0,0.875
RT veriphile: Follow #Patriot -->  TheresaMurrano.  Thanks for following!!  #Truth #Liberty #Justice #2A #ProLife #IStandWit...,Donald Trump,NONE,Trump,0.0,2.0,6.0,8.0,0.75
@NBCNews political correctness is killing the country! The Don is telling the truth!,Donald Trump,FAVOR,Trump,7.0,1.0,0.0,8.0,0.875
I want to know @realDonaldTrump's thoughts on the #NYSE issue. #finance,Donald Trump,NONE,Trump,1.0,0.0,7.0,8.0,0.875
#ExtremistProgressives are so #Focused on their #Agenda that they believe a #Inanimate #FlagKills but #MultitimeDeporteesDont,Donald Trump,NONE,Trump,1.0,1.0,6.0,8.0,0.75
@realDonaldTrump Just want to say thank you for not pandering to the pc police! #richforareason #nofear,Donald Trump,FAVOR,Trump,7.0,0.0,1.0,8.0,0.875
"@realDonaldTrump A man who isn't afraid to speak the truth is a man who I'll vote for! Take it home, Mr. Trump! #FuturePresident",Donald Trump,FAVOR,Trump,7.0,1.0,0.0,8.0,0.875
@SuzieQt154320: Just Curious Do You Follow @HahnAmerica Or @Montel_Williams?,Donald Trump,NONE,Trump,0.0,1.0,7.0,8.0,0.875
"@BillKristol GOP, Dems & Media are all scared of Trump. I am thoroughly enjoying the hand-wringing and hysterical name calling.",Donald Trump,FAVOR,Trump,6.0,1.0,1.0,8.0,0.75
"Wow Quote ""try getting it out, you don't even know what you're talking about but go ahead, try getting it out "" smh #msnbc",Donald Trump,NONE,Trump,1.0,1.0,6.0,8.0,0.75
#Trump is ruining a party quicker than the police! #gop,Donald Trump,AGAINST,Trump,0.0,8.0,0.0,8.0,1.0
@whitewolf2226 @mjgranger1 @BurdenoFreedom that's right I agree w/u girl,Donald Trump,NONE,Trump,0.0,1.0,7.0,8.0,0.875
"@msnbc @chefjoseandres good riddance to bad rubbish,",Donald Trump,NONE,Trump,1.0,0.0,7.0,8.0,0.875
@HillaryClinton lies again She WAS subpoenaed! She violated law etc! #RedNationRising,Donald Trump,NONE,Trump,1.0,2.0,5.0,8.0,0.625
@chevesligon @laurakfillault we have white newlywed mothers being shot by 5x deported illegals!! Cruz knows what is it!,Donald Trump,NONE,Trump,0.0,1.0,7.0,8.0,0.875
"@veriphile; Just Curious, Do You Follow @Montel_Williams?",Donald Trump,NONE,Trump,0.0,1.0,7.0,8.0,0.875
Republicans. The party that rewards racial hatred and bigotry with a front-runner status for the Presidential nomination.,Donald Trump,AGAINST,Trump,0.0,6.0,2.0,8.0,0.75
@realDonaldTrump Illegal Immigration is FINALLY on the agenda because of you! Thank you for speaking TRUTH!,Donald Trump,FAVOR,Trump,7.0,1.0,0.0,8.0,0.875
@ErinBurnett #cnn WHY WOULD IT HURT @realDonaldTrump TO SAY SOME ILLEGAL IMMS RAPE? @JOHN_WALSH JUST SAID IT'S TRUE @OutFrontCNN,Donald Trump,FAVOR,Trump,5.0,3.0,0.0,8.0,0.625
he was getting divorced & filing bankruptcies @robin182zz #Trump #bankrupt #Election2016,Donald Trump,AGAINST,Trump,1.0,5.0,2.0,8.0,0.625
Get over to #CNN #AC360 @realDonaldTrump going live in minutes.,Donald Trump,NONE,Trump,1.0,1.0,6.0,8.0,0.75
@businessinsider @billpostmus most libtard states are f'd up here #mepolitics #tcot,Donald Trump,NONE,Trump,1.0,1.0,6.0,8.0,0.75
"@weknowwhatsbest White parents warn their kids about cops too: ""If you're stopped by cops, be respectful & do what they say.",Donald Trump,NONE,Trump,0.0,1.0,7.0,8.0,0.875
Blessed is the nation whose God is Lord. Psalm 33:12,Donald Trump,NONE,Trump,0.0,1.0,7.0,8.0,0.875
@ac360 @ananavarro @andersoncooper #AC360 HECK YEAH BOMB THE CRAP OUT OF #IRAQ & SEND IN PROS TO RUN OIL FIELDS! @realDonaldTrump,Donald Trump,FAVOR,Trump,5.0,1.0,2.0,8.0,0.625
Trump's comments show he cannot be taken seriously. The fact he's polling high shows the party should not be taken seriously.,Donald Trump,AGAINST,Trump,0.0,8.0,0.0,8.0,1.0
@andersoncooper #AC360 @ac360 @ananavarro < WHY IS YOUR HISPANIC LATINO ASS SAYING @realDonaldTrump SAID DISGRACEFUL THINGS?,Donald Trump,FAVOR,Trump,5.0,1.0,2.0,8.0,0.625
Donald Trump please shut the eff up forever! To think I liked your men's suits at Macy's! You suck! #andersoncooper #CNN,Donald Trump,AGAINST,Trump,0.0,8.0,0.0,8.0,1.0
@andersoncooper #AC360 @ac360 @ananavarro <WHY ARE YOU LATINO-HISPANIC DEFENDING #LATINO #HISPANIC RAPISTS? @realDonaldTrump,Donald Trump,NONE,Trump,0.0,1.0,7.0,8.0,0.875
@RNRWestVirginia @RedNationRising Please go away Pataki.,Donald Trump,NONE,Trump,0.0,1.0,7.0,8.0,0.875
"If you live in a Trump building, congratulations on that decision",Donald Trump,FAVOR,Trump,5.0,1.0,2.0,8.0,0.625
"Donald Trump has me ""L-ing my A O.""  This dude is nuts I highly recommend watching the #CNN interview.  He is entertaining.",Donald Trump,AGAINST,Trump,1.0,5.0,2.0,8.0,0.625
I'm Fonald Frump and EVERYBODY THINKS YOU'RE AN IDIOT.forPresident,Donald Trump,AGAINST,Trump,0.0,7.0,1.0,8.0,0.875
Will be watching @AC360 again tomorrow to watch @realDonaldTrump interview continuation. #MakeAmericaGreatAgain,Donald Trump,FAVOR,Trump,7.0,1.0,0.0,8.0,0.875
"Making matters worse, NBC canceling Apprentice replacing with Mind of Mencia reruns #comedycentral #NBC",Donald Trump,NONE,Trump,2.0,1.0,5.0,8.0,0.625
.@realDonaldTrump is the real deal folks. He tells the truth. Get used to it!,Donald Trump,FAVOR,Trump,7.0,1.0,0.0,8.0,0.875
After every @realDonaldTrump interview I watch I get more pumped up for November 2016 when this country can be made great again.,Donald Trump,FAVOR,Trump,7.0,1.0,0.0,8.0,0.875
@sbrenn01 @marklevinshow What diversity? Conservatives are racist. I am one. I love Trump.,Donald Trump,FAVOR,Trump,7.0,1.0,0.0,8.0,0.875
",@realDonaldTrump trumps presidential dreams r about as real as KimJonguns unicorns.",Donald Trump,AGAINST,Trump,0.0,8.0,0.0,8.0,1.0
@realDonaldTrump is the ONLY candidate with BALLS!!!!!,Donald Trump,FAVOR,Trump,8.0,0.0,0.0,8.0,1.0
Hey montel: shut the fuck up! How does that grab you?,Donald Trump,NONE,Trump,1.0,1.0,6.0,8.0,0.75
"@Montel_Williams , ex 2bit talk show host, talking shit about @realDonaldTrump . Fuck off montel!! @cnn.",Donald Trump,FAVOR,Trump,6.0,1.0,1.0,8.0,0.75
Why is the media giving the Donald so much airtime?The guy evades questions just like any other politician.Disaster. GOP trouble,Donald Trump,AGAINST,Trump,0.0,8.0,0.0,8.0,1.0
@meetthepress @ron_fournier @realDonaldTrump Typical Liberal Media. Trump has now evolved. He is now non Mexican Pro Life.,Donald Trump,AGAINST,Trump,2.0,5.0,1.0,8.0,0.625
@EWDolan #DoubleBlindJepordy What is you keep my wife out of the GOP Primary and I'll keep your wives out of it too!  #Bam!,Donald Trump,NONE,Trump,2.0,0.0,6.0,8.0,0.75
No you see Donald Trump was saying Mexican immigrants are all *rappists* like with the hip hop y'all  #Trump,Donald Trump,FAVOR,Trump,5.0,1.0,2.0,8.0,0.625
People: Donald Trump is a man who can lead this country into the future.,Donald Trump,FAVOR,Trump,6.0,2.0,0.0,8.0,0.75
What are your favorite conservative blog sites and why?  #tcot #RedNationRising #CulturalRot,Donald Trump,NONE,Trump,0.0,2.0,6.0,8.0,0.75
"@realDonaldTrump they may be dumping you now, but when you're president they'll be begging for your business.",Donald Trump,FAVOR,Trump,6.0,2.0,0.0,8.0,0.75
@realDonaldTrump Don't let the @GOP tell you how to run!  #America doesn't need another politician.  #MakeAmericaGreatAgain only,Donald Trump,FAVOR,Trump,6.0,2.0,0.0,8.0,0.75
"@realDonaldTrump You have our backs, and we have yours. You have my vote. Boycotting anyone who opposes your patriotism. We need",Donald Trump,FAVOR,Trump,5.0,3.0,0.0,8.0,0.625
"Would seem to me, if we can ban the Confederate flag we can ban the burning or stomping on Old glory! But that is OK!",Donald Trump,NONE,Trump,0.0,3.0,5.0,8.0,0.625
@realDonaldTrump keep it up Mr Trump-when the Dems and Repubs are attacking-you know your doing it right! #MakeAmericaGreatAgain,Donald Trump,FAVOR,Trump,5.0,3.0,0.0,8.0,0.625
"RNC Chairman pleads with Trump to tone it down. I say, Ramp-it-up",Donald Trump,FAVOR,Trump,5.0,2.0,1.0,8.0,0.625
"@realDonaldTrump Now that you're the leader of the GOP, will you show them what Leadership is? #MakeAmericaGreatAgain",Donald Trump,FAVOR,Trump,5.0,3.0,0.0,8.0,0.625
@Reince & GOP You built that  ----->,Donald Trump,NONE,Trump,1.0,1.0,6.0,8.0,0.75
"@realDonaldTrump is just saying what most are thinking, you have to give him credit #Trump4POTUS",Donald Trump,FAVOR,Trump,6.0,2.0,0.0,8.0,0.75
"@theblaze American ppl are prolife, anti #Obamacare, pro #bordersecurity pro traditional marriage. Where has that gotten us.",Donald Trump,AGAINST,Trump,0.0,5.0,3.0,8.0,0.625
Apparently #Trump values riches so much he can't afford values. #Trumpelstiltskin,Donald Trump,AGAINST,Trump,0.0,8.0,0.0,8.0,1.0
@NBCNews @realDonaldTrump or the white house!! #trumpforpresident,Donald Trump,FAVOR,Trump,5.0,3.0,0.0,8.0,0.625
@protectedspeech It's pretty obvious who the real racists are.,Donald Trump,AGAINST,Trump,1.0,5.0,2.0,8.0,0.625
"WE Love Mexicans,WE Respect your Work Ethic,Your Love of Family,Your Loyalty,Your FOOD &Your Love Of God! Lets ALL Get JOBS,VOTE",Donald Trump,AGAINST,Trump,1.0,5.0,2.0,8.0,0.625
I hate it when percent try to out-bitter each other. #UniteBlue,Donald Trump,AGAINST,Trump,0.0,5.0,3.0,8.0,0.625
.@DannyZuker   With ONE speech @realDonaldTrump managed to financially screw himself.  Imagine what he can do for us as POTUS!,Donald Trump,AGAINST,Trump,0.0,7.0,0.0,7.0,1.0
Mainstream media should not be giving Donald Trump airtime. Focus on real issues.,Donald Trump,AGAINST,Trump,0.0,7.0,1.0,8.0,0.875
I wonder if Trump is at the Mexico soccer game in Chicago? I hear he has a lot of supporters there,Donald Trump,AGAINST,Trump,0.0,5.0,3.0,8.0,0.625
@realDonaldTrump Just watched you on @FoxNews. You are awesome! You have my vote! #MakeAmericaGreatAgain,Donald Trump,FAVOR,Trump,5.0,3.0,0.0,8.0,0.625
Trump is a Non-Establishment candidate.  I like it!  #MakeAmericaGreatAgain,Donald Trump,FAVOR,Trump,5.0,3.0,0.0,8.0,0.625
"@Reince @SharonDay @realDonaldTrump @tedcruz @JebBush Wshgton Cartel, incompetent GOP leaders support losers like Romney, McCain!",Donald Trump,AGAINST,Trump,2.0,5.0,1.0,8.0,0.625
Politicians are destroying America. We need more people like @realDonaldTrump  to run for office,Donald Trump,FAVOR,Trump,5.0,3.0,0.0,8.0,0.625
Oh my if Hillary Clinton wins the U.S is going to fall apart,Donald Trump,NONE,Trump,0.0,3.0,5.0,8.0,0.625
In Oregon 15 yr olds arent allowed to drive but they can have a sex-change operation withOUT parental consent. When will we,Donald Trump,NONE,Trump,0.0,3.0,5.0,8.0,0.625
So #Memphis will dig up #NathanBedfordForrest but #BillCosby keeps his star on the Hollywood Walk of Fame? #LiberalLogic,Donald Trump,NONE,Trump,1.0,2.0,5.0,8.0,0.625
"You can ""try"" to take my #ConfederateFlag down & you will successfully fail to do so.",Donald Trump,NONE,Trump,0.0,3.0,5.0,8.0,0.625
"@BretBaier #CandidateCasino #Trumps the real deal, hand him the wheel, he can drive &make the climb to take #US up the hill. Vote",Donald Trump,FAVOR,Trump,5.0,3.0,0.0,8.0,0.625
The Sheriff of #SFO is a total idiot.  #FollowTheLaw #SanctuaryCity,Donald Trump,NONE,Trump,0.0,3.0,5.0,8.0,0.625
@ouchinagirl @TrumpNY2016 @GOP TRUMP FOR PRESIDENT AS HE DOESN'T MINCE WORDS!!!!,Donald Trump,FAVOR,Trump,5.0,3.0,0.0,8.0,0.625
@gpacja @TexanJustin @JebBush @Isikoff @realDonaldTrump you're an awful person. Free speech. I'll pray for you're soul.,Donald Trump,AGAINST,Trump,0.0,8.0,0.0,8.0,1.0
Congrats to the @GOP for having @realDonaldTrump in first place amongst its 2016 candidates. #GOP2016 #Jeb2016 #walker2016,Donald Trump,FAVOR,Trump,6.0,2.0,0.0,8.0,0.75
"@realDonaldTrump Sir, i just want you to know that you'll be the greatest President of this Generation!",Donald Trump,FAVOR,Trump,5.0,3.0,0.0,8.0,0.625
Confederate flag removed.  Now what will the racists complain about? #tcot,Donald Trump,NONE,Trump,0.0,3.0,5.0,8.0,0.625
@realDonaldTrump we need you in office.. Keep doing what your doing. #VoteTrump #MakeAmericaGreatAgain,Donald Trump,FAVOR,Trump,33.0,2.0,0.0,35.0,0.9428571428571428
"@ZekeJMiller @Reince @SharonDay GOP plan to stop Trump? LOL Maybe they can put up loser candidates like Romney, McCain and Jeb!",Donald Trump,FAVOR,Trump,23.0,3.0,6.0,32.0,0.71875
@thehill it's called an ad hominem attack & it's used by people who know they can't win on the merits we r onto u congressman,Donald Trump,NONE,Trump,0.0,8.0,26.0,34.0,0.7647058823529411
"just want to give a big #shoutout to my #1 man these days, @realDonaldTrump  Get 'er done, big guy!!",Donald Trump,FAVOR,Trump,34.0,2.0,0.0,36.0,0.9444444444444444
@realDonaldTrump is the only candidate who has the backbone to get our #country back on the #rightpath,Donald Trump,FAVOR,Trump,31.0,1.0,0.0,32.0,0.96875
And America wants to protest a silly flag but lets pro athletes get away with shit like that,Donald Trump,NONE,Trump,2.0,2.0,29.0,33.0,0.8787878787878788
@EmmittSmith22 Who cares about you judging? You run wiith an inflated animal skin for entertainment. More time for brain surgury?,Donald Trump,NONE,Trump,0.0,6.0,30.0,36.0,0.8333333333333334
Hey guise. Any recommendation for a good taco place in midtown? #Trump,Donald Trump,NONE,Trump,0.0,2.0,6.0,8.0,0.75
@VLActionFund @Reince The same #RNC LOSERS that thought Romney & Palin were good choices needs to be THANKFUL Trump came along,Donald Trump,FAVOR,Trump,5.0,3.0,0.0,8.0,0.625
I'll believe it when I see it. #BringBackOurUranium,Donald Trump,NONE,Trump,1.0,2.0,5.0,8.0,0.625
Hillary: -Assad is a reformer -Putin is re-settable -Libya Jihadist are allies -Iran not building Nukes -Strom is right #tcot,Donald Trump,NONE,Trump,1.0,2.0,5.0,8.0,0.625
Federal funds are cutoff if states dont bend to blood alcohol laws.Why should #sanctuarycities be different? #WhiteGenocide #tcot,Donald Trump,NONE,Trump,0.0,2.0,6.0,8.0,0.75
"In addition to sanctuary cities, I'm done with Walmart too.",Donald Trump,NONE,Trump,0.0,2.0,6.0,8.0,0.75
. @realDonaldTrump American was great until you embarrassed us all to death,Donald Trump,AGAINST,Trump,0.0,8.0,0.0,8.0,1.0
@ericbolling @FoxNews I'll be there!! Who's on the panel?,Donald Trump,NONE,Trump,0.0,2.0,6.0,8.0,0.75
@soxsher @Lrihendry @realDonaldTrump  Please make it right again!,Donald Trump,FAVOR,Trump,6.0,2.0,0.0,8.0,0.75
"#LGBT are evil monsters that want to ban being straight, molest children, and destroy the family structure! #SDCC #UFC189",Donald Trump,NONE,Trump,1.0,2.0,5.0,8.0,0.625
@ericbolling @GeraldoRivera @realDonaldTrump People who think like Geraldo are dangerous for America.,Donald Trump,AGAINST,Trump,0.0,6.0,2.0,8.0,0.75
@realDonaldTrump needs to learn when to stop talking. You are making it worse Donald... so much worse.,Donald Trump,AGAINST,Trump,0.0,8.0,0.0,8.0,1.0
@CNNPolitics @jaketapper @GovernorPerry @SaraMurray Not enough.,Donald Trump,NONE,Trump,0.0,2.0,6.0,8.0,0.75
Serious question that came up at dinner--is @realDonaldTrump's craziness just signs of early-onset Alzheimer's?,Donald Trump,AGAINST,Trump,0.0,7.0,1.0,8.0,0.875
Jeb - Just how much 'TRUTH' does that $118 million you've raised buy?   America isn't 'BUYING' your #Elite #Establishment crap -,Donald Trump,NONE,Trump,1.0,2.0,5.0,8.0,0.625
"@KarenMonsour12 Thanks Karen, love this idea!",Donald Trump,NONE,Trump,0.0,2.0,6.0,8.0,0.75
Guys I'm not feeling well so no #Hannity tweeting for me tonight. Not sure if I'll do #CashinIn in the morning either. Sorry.,Donald Trump,NONE,Trump,0.0,2.0,6.0,8.0,0.75
@seanhannity Rick Santorum Quit talking like a politician get mad the AMERICAN PEOPLE are MAD as hell,Donald Trump,NONE,Trump,0.0,3.0,5.0,8.0,0.625
@AnnCoulter @realDonaldTrump The Media will try to discredit him. Democrats and GOP will attack him. America will Stand with him.,Donald Trump,FAVOR,Trump,6.0,2.0,0.0,8.0,0.75
@majicmahon @seanhannity @RickSantorum Hillary's brand of  experience we do not need!,Donald Trump,NONE,Trump,1.0,2.0,5.0,8.0,0.625
@moonlightnstars @RichardFLopes @edmontalbans you're right and I didn't vote for Obonzo and not voting for #Hillary,Donald Trump,NONE,Trump,2.0,1.0,5.0,8.0,0.625
@realDonaldTrump ' It takes great bravery to stand up to your enemies but even more to stand up to your friends' we need you,Donald Trump,FAVOR,Trump,6.0,2.0,0.0,8.0,0.75
Pllitical correctness stifles truth in favor of discomfort and fear. Get over yourselves & deal with reality.,Donald Trump,NONE,Trump,0.0,2.0,6.0,8.0,0.75
Why is it wrong when Trump is stating facts about illegal immigrants??? He is 100% Right,Donald Trump,FAVOR,Trump,6.0,2.0,0.0,8.0,0.75
That Time Trump Spent Nearly $100000 On An Ad Criticizin US Foreign Policy In 1987 #america #DonaldJTrump #foreignpolicy,Donald Trump,AGAINST,Trump,11.0,61.0,24.0,96.0,0.6354166666666666
RT veriphile: FF #Patriot --> Phil1863.  Thanks for following back!!  #Truth #Liberty #Justice #ProLife #ProIsrael #2A #Rise...,Donald Trump,NONE,Trump,0.0,2.0,6.0,8.0,0.75
"@gerfingerpoken2 @BeagleGuy13  I think it was the ""Black lives don't matter to Black lives Flag",Donald Trump,NONE,Trump,2.0,4.0,47.0,53.0,0.8867924528301887
@luzcarolinarov @damian_becker Right-wing idiots in the US are capable of anything. Including voting for extreme racist,Donald Trump,AGAINST,Trump,3.0,32.0,14.0,49.0,0.6530612244897959
Watching what Donald Trump said about Mexicans was shocking! Let's not give this appalling man a platform.,Donald Trump,AGAINST,Trump,0.0,51.0,1.0,52.0,0.9807692307692307
"They blew up the trade centers to cover their destructive trails, and paved the way for more death, war, and mind control.",Donald Trump,NONE,Trump,2.0,17.0,33.0,52.0,0.6346153846153846
@realDonaldTrump we all want you as the next president !! You tell it has it is and not as a spineless politician!,Donald Trump,FAVOR,Trump,49.0,3.0,0.0,52.0,0.9423076923076923
@RSherman_25 Join Twitter Trump brigade #onethousandtweets to support message #MakeAmericaGreatAgain @realDonaldTrump,Donald Trump,FAVOR,Trump,45.0,3.0,0.0,48.0,0.9375
@JoeyBats19 Join Twitter Trump brigade #onethousandtweets to support message #MakeAmericaGreatAgain @realDonaldTrump,Donald Trump,FAVOR,Trump,48.0,2.0,2.0,52.0,0.9230769230769231
Trump's outlandish statements is political strategy. No one can be that stupid. #GOP #Strategy,Donald Trump,AGAINST,Trump,6.0,38.0,6.0,50.0,0.76
"@RMConservative @DagnyRed ,P.C. is out of control,stop being offended ,we are a country of free thinkers,#1A",Donald Trump,NONE,Trump,1.0,2.0,5.0,8.0,0.625
"@tedcruz And, #HandOverTheServer she wiped clean + 30k deleted emails, explains dereliction of duty/lies re #Benghazi,etc #tcot",Hillary Clinton,AGAINST,Clinton,0.0,77.0,13.0,90.0,0.8555555555555555
Hillary is our best choice if we truly want to continue being a progressive nation. #Ohio,Hillary Clinton,FAVOR,Clinton,8.0,0.0,0.0,8.0,1.0
"@TheView I think our country is ready for a female pres, it can't ever be Hillary",Hillary Clinton,AGAINST,Clinton,0.0,8.0,0.0,8.0,1.0
I just gave an unhealthy amount of my hard-earned money away to the big gov't & untrustworthy IRS. #WhyImNotVotingForHillary,Hillary Clinton,AGAINST,Clinton,0.0,8.0,0.0,8.0,1.0
@PortiaABoulger Thank you for adding me to your list,Hillary Clinton,NONE,Clinton,0.0,0.0,8.0,8.0,1.0
Hillary can not win. Here's hoping the Dems offer a real candidate like Warren. #Warren2016,Hillary Clinton,AGAINST,Clinton,0.0,8.0,0.0,8.0,1.0
"Respect FOR the law and respect BY the law Yes, needed desperately.  #BaltimoreRiots",Hillary Clinton,NONE,Clinton,2.0,0.0,6.0,8.0,0.75
I don't want to be appointed to an Ambassador post.,Hillary Clinton,NONE,Clinton,1.0,1.0,6.0,8.0,0.75
"#StopHillary2016 @HillaryClinton if there was a woman with integrity and honesty I would vote for such as woman president, NO",Hillary Clinton,AGAINST,Clinton,2.0,94.0,0.0,96.0,0.9791666666666666
@HillaryClinton End lawless #ClintonFoundation. Jail Butcher of #Benghazi. #Arrest rapist #BillClinton. #HillaryClinton,Hillary Clinton,AGAINST,Clinton,1.0,7.0,0.0,8.0,0.875
"Use your brain, keep Hillary out of the White House.Clinton2016",Hillary Clinton,AGAINST,Clinton,0.0,8.0,0.0,8.0,1.0
@HillaryClinton Hillary pandering with her logo. #ClintonFoundationscandal #ClintonCash,Hillary Clinton,AGAINST,Clinton,1.0,7.0,0.0,8.0,0.875
"@readyforHRC @HillaryClinton #HillaryClinton, the US presidency is a testament to the success of #women their role in the world",Hillary Clinton,FAVOR,Clinton,8.0,0.0,0.0,8.0,1.0
@CiaraAntaya cuz you know I'm such a feminist,Hillary Clinton,NONE,Clinton,1.0,0.0,7.0,8.0,0.875
2 million bogus followers on Twitter @HillaryClinton #WhyImNotVotingForHillary,Hillary Clinton,AGAINST,Clinton,0.0,8.0,0.0,8.0,1.0
@lindasuhler : My name is Rebecca and my grandmother immigrated to Sunnybrook Farm. @twitchyteam,Hillary Clinton,NONE,Clinton,0.0,1.0,7.0,8.0,0.875
Where's the campaign store is the real question? I am ready to buy some Hillary gear,Hillary Clinton,FAVOR,Clinton,8.0,0.0,0.0,8.0,1.0
"It's a miracle, suddenly #Democrats don't mind having someone who voted for war.",Hillary Clinton,AGAINST,Clinton,6.0,62.0,24.0,92.0,0.6739130434782609
@smileitsalicia @greekgummybear2 now i can live in peace,Hillary Clinton,NONE,Clinton,0.0,0.0,8.0,8.0,1.0
Hillary doesn't want to put anyone in prison anymore. Obviously worried about her own future.,Hillary Clinton,AGAINST,Clinton,0.0,7.0,1.0,8.0,0.875
The only way I support Hillary was if Elizabeth Warren ran or Karl Marx was running #2016 #Clinton2016,Hillary Clinton,AGAINST,Clinton,0.0,8.0,0.0,8.0,1.0
@HomeOfUncleSam @ScotsFyre @RWNutjob1 @SA_Hartdegen She's too old to understand the internet...that she can be fact checked.,Hillary Clinton,AGAINST,Clinton,0.0,6.0,2.0,8.0,0.75
Because Communist Breadlines are not my thing! #NoHillary #WhyImNotVotingForHillary,Hillary Clinton,AGAINST,Clinton,0.0,8.0,0.0,8.0,1.0
"@HillaryClinton bad wife, bad role model for women, bad lawyer, bad First Lady, bad Senator, horrible Secretary of State.",Hillary Clinton,AGAINST,Clinton,0.0,8.0,0.0,8.0,1.0
"Everything Hillary touches ends up being a scam, a lie, a cover-up, or a failure. William L. Just who we want as president.",Hillary Clinton,AGAINST,Clinton,0.0,8.0,0.0,8.0,1.0
Yes HRC subject 2 dbl standard Smh Come on @billclinton @HillaryClinton U Knew @ClintonFdn Donations Would b Scrutinized; Spun!,Hillary Clinton,AGAINST,Clinton,1.0,7.0,0.0,8.0,0.875
#Hillary to stop for #pizza today to garner the #Italian vote. #MSM is worthless. #libertynothillary #HillNo,Hillary Clinton,AGAINST,Clinton,0.0,8.0,0.0,8.0,1.0
I want America to great again #WhyImNotVotingForHillary,Hillary Clinton,AGAINST,Clinton,0.0,7.0,0.0,7.0,1.0
"March 8, 2016 Ohio is holding our Primaries! The date is subject to change. #Ohio #OurChampion",Hillary Clinton,NONE,Clinton,0.0,0.0,8.0,8.0,1.0
@RIGHTZONE @WethePeoplePets Let's hope the VOTERS remember! #HillNo,Hillary Clinton,AGAINST,Clinton,0.0,8.0,0.0,8.0,1.0
Hillary Clinton has not driven a car since 1996. #clintonfakerealityshow,Hillary Clinton,AGAINST,Clinton,0.0,6.0,2.0,8.0,0.75
"@NaughtyBeyotch @TheRealMadman23  Don't care for #Fiorina, but it seems she taking the #sexist gut punches by the #media. #MSM",Hillary Clinton,NONE,Clinton,0.0,0.0,8.0,8.0,1.0
"@FoxNews @marthamaccallum @BillHemmer whose the opportunist now, #NoHillary2016",Hillary Clinton,AGAINST,Clinton,0.0,8.0,0.0,8.0,1.0
@HillaryClinton @WomenintheWorld we need to re-establish a #global system dominated by love and affection have #moral_humane RT,Hillary Clinton,FAVOR,Clinton,6.0,1.0,1.0,8.0,0.75
#Hillary is as transparent as a brick wall #LibertyNotHillary,Hillary Clinton,AGAINST,Clinton,0.0,8.0,0.0,8.0,1.0
@WSJ . Clinton Foundation to keep accepting bribes from foreign governments #WhyImNotVotingForHillary,Hillary Clinton,AGAINST,Clinton,0.0,8.0,0.0,8.0,1.0
"@josephbenning I agree, these are better than what you had before, like a severe cold is better than pneumonia. Good luck.",Hillary Clinton,NONE,Clinton,0.0,0.0,8.0,8.0,1.0
"What are you afraid of @HillaryClinton? If you can't answer questions from the press, why do we want you as POTUS",Hillary Clinton,AGAINST,Clinton,0.0,8.0,0.0,8.0,1.0
"Sorry, Hillary's new normal folk image doesn't take away from Behgnazi & her 0 foreign policy successes as Secretary of State.",Hillary Clinton,AGAINST,Clinton,0.0,7.0,0.0,7.0,1.0
CEO pay the target for 2016 election. From someone who makes more than most CEO's but you drank the Kool-Aid.,Hillary Clinton,NONE,Clinton,0.0,2.0,6.0,8.0,0.75
@NBCNews including repealing the first amendment. Way to go,Hillary Clinton,AGAINST,Clinton,0.0,1.0,0.0,1.0,1.0
@NBCNews Stop promoting @HillaryClinton. She is a liar. Just like her impeached husband. #WakeUpAmerica,Hillary Clinton,AGAINST,Clinton,0.0,8.0,0.0,8.0,1.0
Lets take back our country! Whos with me? No more Democrats!2016,Hillary Clinton,AGAINST,Clinton,0.0,8.0,0.0,8.0,1.0
"RT @AnthonyCumia: If Hillary IS elected, I have my transition team together to smoothly move me from a racist to a sexist.",Hillary Clinton,AGAINST,Clinton,0.0,8.0,0.0,8.0,1.0
I'm #ThatChampion who got kicked off the #Watergate team due to misconduct.  #tcot,Hillary Clinton,NONE,Clinton,0.0,2.0,6.0,8.0,0.75
.@HillaryClinton is a droid & someone's programmed her to say things - thinks she doesn't have to WORK to win so she ISN'T!,Hillary Clinton,AGAINST,Clinton,0.0,7.0,1.0,8.0,0.875
@JVollmer08 @HillaryforIA #freedom_justice_equality_education for innovation and development to make #happy_life i Utopia,Hillary Clinton,FAVOR,Clinton,6.0,0.0,2.0,8.0,0.75
Probably not perfect for everyone--which I think is great. But this is the beginning of a conversation.,Hillary Clinton,NONE,Clinton,2.0,0.0,6.0,8.0,0.75
I'm on the edge of my seat to start volunteering for @HillaryClinton 's presidential campaign!  So excited!!  #cantwait,Hillary Clinton,FAVOR,Clinton,8.0,0.0,0.0,8.0,1.0
RT @FutureTXLeader: Is everyone in #ElPaso #Texas ready for president #MarcoRubio #UTEP #NewAmericanCentury #2016 #Future #Rub...,Hillary Clinton,AGAINST,Clinton,0.0,6.0,2.0,8.0,0.75
RT @GunnJessica: Because I want young American women to be able to be proud of the 1st woman president,Hillary Clinton,FAVOR,Clinton,5.0,0.0,3.0,8.0,0.625
@Chris_1791 @newsbusters 2 years ago #Hillary never answered whether she used private email #Liberal media passed on reporting,Hillary Clinton,AGAINST,Clinton,0.0,5.0,3.0,8.0,0.625
"@dnewhauser take that, Marco Rubio. @GOP cannot pander to the Latino vote while pushing policies that hurt the community most.",Hillary Clinton,NONE,Clinton,1.0,0.0,7.0,8.0,0.875
@StateDept @AmbCathyRussell @AdamSmith_USA @HillaryClinton @HillaryforIA @BarackObama The whole #world is supporting you.,Hillary Clinton,FAVOR,Clinton,8.0,0.0,0.0,8.0,1.0
Lets remember #dickcheney is an unindicted war criminal b4 we start yelling #Benghazi day after day. Will we ever see justice?,Hillary Clinton,NONE,Clinton,3.0,0.0,5.0,8.0,0.625
"Although I certainly have disagreements, after reading about @GovernorOMalley I much rather have him than @HillaryClinton.",Hillary Clinton,AGAINST,Clinton,0.0,8.0,0.0,8.0,1.0
Human rights are women's rights and women's rights are human rights. - Hillary Clinton,Hillary Clinton,FAVOR,Clinton,5.0,1.0,2.0,8.0,0.625
"Would you wanna be in a long term relationship with some bitch that hides her emails, & lies to your face? Then #Dontvote",Hillary Clinton,AGAINST,Clinton,0.0,8.0,0.0,8.0,1.0
Bill Clinton just wants to be the first dude to be President and bang one.,Hillary Clinton,NONE,Clinton,0.0,1.0,7.0,8.0,0.875
@HuffPostPol If @HillaryClinton can do half of what he did then she would be doing is a favor,Hillary Clinton,FAVOR,Clinton,6.0,0.0,1.0,7.0,0.8571428571428571
"I've made my decision, to the shock of no one probably, who I'm supporting",Hillary Clinton,NONE,Clinton,0.0,0.0,8.0,8.0,1.0
"Didn't realize Bob Dole was mentioned in Tupac's ""How do u want it"" #YesterdaysLeaders",Hillary Clinton,NONE,Clinton,0.0,0.0,8.0,8.0,1.0
If I run for office this will be my original logo:          M   #libertynothillary  #HillNo #tcot #UniteBlue,Hillary Clinton,AGAINST,Clinton,0.0,7.0,0.0,7.0,1.0
I will be there when your little tree has run out of smell. #ThatChampion,Hillary Clinton,NONE,Clinton,0.0,0.0,8.0,8.0,1.0
crazy to think next up for the Oval Office is either going to be Hillary or a Republican,Hillary Clinton,AGAINST,Clinton,0.0,5.0,3.0,8.0,0.625
@NACLA @BrasilWire SOS OBAMA Who?? @BarackObama ?? :-))))  Are you joking? #StopDilma #StopLula #StopForodeSaoPaulo,Hillary Clinton,NONE,Clinton,0.0,1.0,7.0,8.0,0.875
@CheekyGent @ChuckCJohnson Hey Hillary is on her to way to buy votes too! #HillarySoOld,Hillary Clinton,AGAINST,Clinton,0.0,7.0,0.0,7.0,1.0
"RT @NicolaSturgeon: ""It's official: Hillary's running for president,"" says her campaign chief. Excellent!",Hillary Clinton,FAVOR,Clinton,8.0,0.0,0.0,8.0,1.0
"Only in a SEXIST AS FUK world would we question the ""qualifications"" of a former SECRETARY OF STATE.",Hillary Clinton,FAVOR,Clinton,7.0,1.0,0.0,8.0,0.875
@ChrisChristie couldn't run his way out of a paper bag let alone beat #HillaryClinton. Go home Chris u r drunk. #ChrisChristie,Hillary Clinton,FAVOR,Clinton,6.0,1.0,1.0,8.0,0.75
"@ReformedBroker ""to da honies gittin money playing #bleep words like dummies"" #POPPA",Hillary Clinton,NONE,Clinton,0.0,0.0,8.0,8.0,1.0
Forgive #CherylRios of her stupid comments about women being president. She will blame it on that time of the month anyways.,Hillary Clinton,NONE,Clinton,0.0,1.0,7.0,8.0,0.875
Low key it would be interesting to have a female president.,Hillary Clinton,FAVOR,Clinton,5.0,0.0,3.0,8.0,0.625
"@seanhannity we lost 4,000 of our Military boys when your President pulled out of Iraq.  #LiberalConsequences",Hillary Clinton,AGAINST,Clinton,0.0,5.0,3.0,8.0,0.625
.@EthanObama I know - it's just going to be a long year!,Hillary Clinton,NONE,Clinton,1.0,1.0,6.0,8.0,0.75
"Technically, a president with raging hormones could refer to estrogen, testosterone or anabolic steroids #IBlamePublicSchools",Hillary Clinton,AGAINST,Clinton,1.0,5.0,2.0,8.0,0.625
Does Hillary really need to run this country? Could we just make her president of the Bingo club at Shady Pines?  #tcot #p2,Hillary Clinton,AGAINST,Clinton,1.0,89.0,3.0,93.0,0.956989247311828
Lol why do so many people around here hate Hillary?,Hillary Clinton,FAVOR,Clinton,5.0,0.0,3.0,8.0,0.625
"@HillaryClinton is at the top, and has spent her whole career growing government, keeping the deck stacked. #LibertyNotHillary",Hillary Clinton,AGAINST,Clinton,1.0,7.0,0.0,8.0,0.875
"Problem with #libertarian is it's not even a decreed party. A house devided against itself, will not stand. think this news to",Hillary Clinton,NONE,Clinton,1.0,1.0,6.0,8.0,0.75
@HillaryClinton i am portuguese and i support your campaign! Best luck! The world need a person and a women like you! #USA,Hillary Clinton,FAVOR,Clinton,8.0,0.0,0.0,8.0,1.0
Hillary Clinton for Ambassador to ISIS.,Hillary Clinton,AGAINST,Clinton,0.0,8.0,0.0,8.0,1.0
"So when all you brave patriots stop Hillary, who you going to replace her with, Jeb Bush? LOL. #losers",Hillary Clinton,FAVOR,Clinton,6.0,1.0,1.0,8.0,0.75
I'm a woman. Can I be President? @StopHillaryPAC,Hillary Clinton,AGAINST,Clinton,0.0,7.0,1.0,8.0,0.875
This is not her first time at the rodeo!  @HillaryClinton doesn't care who likes her or not This woman is on a mission #Tough,Hillary Clinton,FAVOR,Clinton,7.0,1.0,0.0,8.0,0.875
@lajouetreine @KarrattiPaul I'm not a Genitalian,Hillary Clinton,NONE,Clinton,0.0,0.0,8.0,8.0,1.0
Wondering what the NEXT idiotic GOP smear against @HillaryClinton will be. It's coming for sure. Just don't know details yet.,Hillary Clinton,FAVOR,Clinton,8.0,0.0,0.0,8.0,1.0
Hillary is killing it so far on the trail. She's finally showing her personal side and I think it will benefit her profoundly.,Hillary Clinton,FAVOR,Clinton,7.0,0.0,1.0,8.0,0.875
Do we call Bill Mr President...the first 1st man of Or mr president the 1st man? Lol #imreadyforhillary,Hillary Clinton,FAVOR,Clinton,8.0,0.0,0.0,8.0,1.0
.@gailtalk @trscoop Of course it was. She'll be handled every step of the way. They can't risk her unscripted.,Hillary Clinton,AGAINST,Clinton,1.0,7.0,0.0,8.0,0.875
I just want my dog to stop eating the trash,Hillary Clinton,NONE,Clinton,0.0,0.0,7.0,7.0,1.0
@thehill @evanperez are you kidding me...leave her to focus on issues...the next prez,Hillary Clinton,FAVOR,Clinton,6.0,1.0,1.0,8.0,0.75
Congratulations @HillaryClinton on entering the 2016 race for President! You have the support of Jews all over the world!,Hillary Clinton,FAVOR,Clinton,94.0,2.0,2.0,98.0,0.9591836734693877
"@HillaryClinton had more twitter followers then all four major Republican candidates (Bush, Rubio, Paul, Cruz) COMBINED.",Hillary Clinton,FAVOR,Clinton,6.0,0.0,2.0,8.0,0.75
#HillaryClinton has yet to release @ClintonFdn donors... Public deserves disclosure. #Scandals #lies #Clintons,Hillary Clinton,AGAINST,Clinton,0.0,8.0,0.0,8.0,1.0
I want to go back in time to when men and women couldn't appear in the same yearbook as each other #old school,Hillary Clinton,NONE,Clinton,1.0,1.0,6.0,8.0,0.75
RT @hale_razor:#HillaryAccomplishments 1 of select few people fired 4 being 2 unethical 2 investigate Watergate,Hillary Clinton,AGAINST,Clinton,0.0,8.0,0.0,8.0,1.0
How can she live with herself? #Benghazi,Hillary Clinton,AGAINST,Clinton,0.0,5.0,3.0,8.0,0.625
Marriage equality a constitutional right! Woot #HRC2016 #hillaryclinton #readyforhillary #vote #hillaryfor2016 ##mpotus,Hillary Clinton,FAVOR,Clinton,8.0,0.0,0.0,8.0,1.0
Hillary needs to go to a Sheetz gas station after 10 pm to see the real America.,Hillary Clinton,AGAINST,Clinton,0.0,6.0,2.0,8.0,0.75
Hillary's campaign events are scripted dog & pony shows designed to shelter her from vetting b4 the coronation,Hillary Clinton,AGAINST,Clinton,0.0,7.0,1.0,8.0,0.875
"Yes, do tell US, name one of her accomplishments",Hillary Clinton,AGAINST,Clinton,0.0,6.0,1.0,7.0,0.8571428571428571
"Apparently, putting cocaine in someone's butthole and then waiting for them to fart in your face is the wrong way to get high.",Hillary Clinton,NONE,Clinton,0.0,0.0,7.0,7.0,1.0
Why is Hillary lying AGAIN about something news worthy? What's news worthy is if she doesn't lie about something,Hillary Clinton,AGAINST,Clinton,0.0,8.0,0.0,8.0,1.0
Chipotle employees shouldn't complain Hillary left nothing in the tip jar. They're lucky she didn't dip in and help herself,Hillary Clinton,AGAINST,Clinton,2.0,6.0,0.0,8.0,0.75
"@Bluesaloon Women are not a demographic, we are at least 50% of the nation. So a woman is no more symbolic than a man",Hillary Clinton,NONE,Clinton,2.0,0.0,6.0,8.0,0.75
Sending u gay bear love from Chicago @HillaryClinton #HillaryMyPresident,Hillary Clinton,FAVOR,Clinton,8.0,0.0,0.0,8.0,1.0
I love the smell of Hillary in the morning. It smells like Republican Victory. #TedCruz2016 #MarcoRubio,Hillary Clinton,AGAINST,Clinton,15.0,76.0,0.0,91.0,0.8351648351648352
@ProBirdRights: I do a stump speech. It on the stump in the park. attendance mandatory.,Hillary Clinton,NONE,Clinton,0.0,0.0,7.0,7.0,1.0
I'd still rather have Aaron Hernandez as President than Hillary.,Hillary Clinton,AGAINST,Clinton,0.0,8.0,0.0,8.0,1.0
@JSavoly @tedcruz Here ya go teddy boy..the world is getting HOTTER!! It's called GLOBAL WARMING!!  You're such a PUTZ!!,Hillary Clinton,NONE,Clinton,2.0,0.0,6.0,8.0,0.75
@JusticeWillett at least he has a platform,Hillary Clinton,NONE,Clinton,0.0,3.0,5.0,8.0,0.625
"Because I'm against common core, common crooks and common lies! #NoHillary2016 #StopHillaryClinton2016 #WhyImNotVotingForHillary",Hillary Clinton,AGAINST,Clinton,0.0,8.0,0.0,8.0,1.0
I would LMAO if some negro Democrat decides to run for President. #HillaryClinton2016 #HillarysBigAnnouncement #HillarysDonors,Hillary Clinton,AGAINST,Clinton,3.0,5.0,0.0,8.0,0.625
"@senna1 @KirillWasHere how many men are getting their dicks sucked daily in congress, etc and no one gives a shit...",Hillary Clinton,NONE,Clinton,2.0,0.0,5.0,7.0,0.7142857142857143
"You can't grow an economy from the bottom up. If she gets in, we're ALL in trouble",Hillary Clinton,AGAINST,Clinton,0.0,8.0,0.0,8.0,1.0
@HillaryClinton Stop raising taxes and let people keep more of their wages! #LibertyNotHillary #StandWithRand,Hillary Clinton,AGAINST,Clinton,0.0,8.0,0.0,8.0,1.0
"@theblaze If you think Hillary isn't taking foreign money from Muslim brotherhood, you probably favor Obama as chief justice",Hillary Clinton,AGAINST,Clinton,0.0,7.0,0.0,7.0,1.0
"3. Fixing America's political system by getting rid of ""unaccountable"" money, and 4. Protecting the country.",Hillary Clinton,NONE,Clinton,1.0,1.0,5.0,7.0,0.7142857142857143
marijuana? marijuaage equality?? coincidence i think nOT!!11!,Hillary Clinton,NONE,Clinton,0.0,1.0,7.0,8.0,0.875
@KoriWasinger @JButtawipo she also voted for the Iraq war and was responsible for gathering @TheDemocrats votes to support it.,Hillary Clinton,AGAINST,Clinton,0.0,7.0,1.0,8.0,0.875
Ding Dong ____ _____ __ ____,Hillary Clinton,NONE,Clinton,0.0,3.0,5.0,8.0,0.625
RT @MaxTollensJr: One-percenter lied about being #DeadBroke No more lies. NO to,Hillary Clinton,NONE,Clinton,0.0,2.0,6.0,8.0,0.75
@SLessard 100% agree. We need a woman like Hillary that can help this country get nursed back together!,Hillary Clinton,FAVOR,Clinton,8.0,0.0,0.0,8.0,1.0
Much like you good people I forgot about my #livetweetingbladerunner a couple weeks ago #callback #potroast #cartography #blue,Hillary Clinton,NONE,Clinton,1.0,0.0,7.0,8.0,0.875
@RandPaul @HillaryClinton you could never dream to be as intelligent as she is,Hillary Clinton,FAVOR,Clinton,7.0,1.0,0.0,8.0,0.875
"If Hillary will lock Americans in classrooms during her campaign, she'll have no problems locking us all up whenever she wants.",Hillary Clinton,AGAINST,Clinton,1.0,7.0,0.0,8.0,0.875
"#WhyImNotVotingForHillary she calls education a ""non-family enterprise"" #ImCommitted2DefeatHillary Are you? #ncpol @GOP",Hillary Clinton,AGAINST,Clinton,0.0,7.0,0.0,7.0,1.0
"@bristola48 @AlciniaH @Mahogany1992 @stphil @MzDivah67 @Progress4Ohio @graceslick77 @AuntLulie @deejayedee He cool, but NO",Hillary Clinton,NONE,Clinton,1.0,0.0,7.0,8.0,0.875
@Jeff_Nichols_82 @HillaryforIA #freedom_justice_equality_education for innovation and development to make #happy_life in Utopia,Hillary Clinton,FAVOR,Clinton,55.0,20.0,12.0,87.0,0.632183908045977
@WhiteHouse @BarackObama @HillaryforIA @BarackObama The whole #world is supporting you.,Hillary Clinton,FAVOR,Clinton,8.0,0.0,0.0,8.0,1.0
@HillaryClinton Especially the paid union lackies who have no idea why their there. Propaganda machine spinning overtime.,Hillary Clinton,AGAINST,Clinton,0.0,5.0,3.0,8.0,0.625
@HillaryClinton The deceit hand? Thats a hand you know well. Right?,Hillary Clinton,AGAINST,Clinton,0.0,8.0,0.0,8.0,1.0
@AlyssSmithh There she is pant suite Hillary to hide those thighs #HillarysDonors #HillarysBigAnnouncement #Benghazi #Obama,Hillary Clinton,AGAINST,Clinton,0.0,6.0,2.0,8.0,0.75
@HillaryClinton will pick @SenWarren for VP -Mark my tweet. #UnstoppableTicket #ElizabethWarren,Hillary Clinton,FAVOR,Clinton,5.0,0.0,3.0,8.0,0.625
I'm going to apply for the Intern job,Hillary Clinton,NONE,Clinton,1.0,1.0,6.0,8.0,0.75
@TX_1 @politicalmath Then you know how slippery snakes slither over shards of glass!,Hillary Clinton,NONE,Clinton,0.0,2.0,6.0,8.0,0.75
@46drhouse - Be interesting to see how Hillary defends same when questioned.  She will eventually have to answer questions.,Hillary Clinton,AGAINST,Clinton,0.0,6.0,2.0,8.0,0.75
.@HillaryClinton What's the ambient temperature in #Hell today? Use that as a guide!,Hillary Clinton,AGAINST,Clinton,1.0,5.0,1.0,7.0,0.7142857142857143
"Gov. Chafee, why are you trying to make fetch happen. It's not going to happen.",Hillary Clinton,NONE,Clinton,1.0,1.0,6.0,8.0,0.75
#everydaysexism Only > @ATikSalt < may say what sexism is. The rest of y'all shut up.,Hillary Clinton,NONE,Clinton,0.0,0.0,8.0,8.0,1.0
"@tjhansen @owillis serious, if trump runs you'll get a trump tattoo? Calling the Donald!!",Hillary Clinton,NONE,Clinton,0.0,0.0,8.0,8.0,1.0
"Everything abt @HillaryClinton is BOGUS. Her issues, her history, her #Iowa trip, her #Twitter followers, her campaigning",Hillary Clinton,AGAINST,Clinton,2.0,91.0,0.0,93.0,0.978494623655914
#hillaryclinton is a champion of data removal.,Hillary Clinton,AGAINST,Clinton,1.0,7.0,0.0,8.0,0.875
@FoundersGirl @Artist_Angie I want the first female to be competent.,Hillary Clinton,AGAINST,Clinton,0.0,6.0,2.0,8.0,0.75
"Saudi Arabia imprisons & flogs rape victims. ""Women's champion"" @HillaryClinton has accepted MILLIONS $$$ from Saudi govt #tcot",Hillary Clinton,AGAINST,Clinton,0.0,8.0,0.0,8.0,1.0
How much was Monica getting paid when Bill's burrito squirted sauce all over her pretty blue dress? @MauraReynolds @politico,Hillary Clinton,AGAINST,Clinton,0.0,6.0,2.0,8.0,0.75
Go watch America: Imagine A World Without Her. It'll make you realize how lucky we are to live in the best country on Earth,Hillary Clinton,NONE,Clinton,0.0,3.0,5.0,8.0,0.625
I suspect Hillary's Scooby Doo tour is being used as a distraction from ServerGate et al.  #NoObamaThirdTerm,Hillary Clinton,AGAINST,Clinton,0.0,7.0,1.0,8.0,0.875
Breaking News: #Hillary trades campaign bus for a broomstick.,Hillary Clinton,AGAINST,Clinton,0.0,7.0,1.0,8.0,0.875
"@SoCaliMilitia1 @CzarofFreedom  That God for global warming melting icebergs, never gets prosecuted for her crimes #Liberals",Hillary Clinton,AGAINST,Clinton,0.0,8.0,0.0,8.0,1.0
"Nothing says ""I'm Every Woman"" like 10 Democrat staffers in a machine shop in #Iowa right @HillaryClinton? #NotReadyForHillary",Hillary Clinton,AGAINST,Clinton,0.0,7.0,0.0,7.0,1.0
"I'd love for some reporter to ask, ""Sec Clinton, will u b returning the White House china, if elected? Or did u already hock it?",Hillary Clinton,AGAINST,Clinton,0.0,7.0,1.0,8.0,0.875
Very simple: the Clinton's are corrupt.,Hillary Clinton,AGAINST,Clinton,0.0,7.0,0.0,7.0,1.0
.@CaptYonah @thehill Fine; unethical or illegal quid pro quo uranium deal works for me.,Hillary Clinton,NONE,Clinton,0.0,3.0,5.0,8.0,0.625
@ConservatveGurl those of us that also have a brain will be voting against Hillary...,Hillary Clinton,AGAINST,Clinton,1.0,7.0,0.0,8.0,0.875
@LifeNewsHQ tolerance at its best! Do as I say not as I do,Hillary Clinton,NONE,Clinton,1.0,1.0,5.0,7.0,0.7142857142857143
"@Chris_1791 @TruthRevolt That doesn't leave much to talk about, then, does it?",Hillary Clinton,NONE,Clinton,0.0,0.0,8.0,8.0,1.0
I'm thinking #Hillary throws #Chelsea under the bus to end #Foundation firestorm.  #ClintonCash #TheGreaterGood #election2016,Hillary Clinton,AGAINST,Clinton,1.0,7.0,0.0,8.0,0.875
@FoxNews #HappeningNow optics problem? No the real Hillary Clinton has stood up #ClintonCash #IaVotes,Hillary Clinton,AGAINST,Clinton,1.0,6.0,1.0,8.0,0.75
@HillaryClinton You can run but you ca't hide. #ClintonFoundationscandal #ClintonCash #emailgate,Hillary Clinton,AGAINST,Clinton,1.0,7.0,0.0,8.0,0.875
"In case of Emergency, Push THIS BUTTON to scrub server.....",Hillary Clinton,NONE,Clinton,0.0,3.0,5.0,8.0,0.625
Great to see my mentor @RepSusanDavis at #DCinSD. And she's right we have the most qualified candidate ever running for POTUS.,Hillary Clinton,FAVOR,Clinton,7.0,0.0,1.0,8.0,0.875
@BarackObama #Love_peace and peaceful coexistence of all no to violence and #terrorism,Hillary Clinton,NONE,Clinton,1.0,1.0,6.0,8.0,0.75
@readyforHRC @HillaryClinton  Support encourage #HillaryClinton president #UnitedStates world is success of women in  world,Hillary Clinton,FAVOR,Clinton,8.0,0.0,0.0,8.0,1.0
I bet Leslie Knope would be so happy about,Hillary Clinton,FAVOR,Clinton,5.0,0.0,3.0,8.0,0.625
"Also the $400,000 ""speaking fees"" #Hillary took from Goldman Sachs for two ""speeches."" @Joan_Vennochi",Hillary Clinton,AGAINST,Clinton,0.0,8.0,0.0,8.0,1.0
@readyforHRC   Support encourage #HillaryClinton president #UnitedStates world is success of women in  world,Hillary Clinton,FAVOR,Clinton,7.0,1.0,0.0,8.0,0.875
@NatureGuy101 @MaryMorientes   Support encourage #HillaryClinton president #UnitedStates world is success of women in  world,Hillary Clinton,FAVOR,Clinton,8.0,0.0,0.0,8.0,1.0
@rebeccalipson  #freedom_justice_equality_education for innovation and development to make #happy_life i Utopia,Hillary Clinton,NONE,Clinton,2.0,0.0,6.0,8.0,0.75
Before leaving my dad's I took the liberty in framing and put up the pictures he has meeting Hillary and Bill Clinton in '92,Hillary Clinton,FAVOR,Clinton,5.0,0.0,2.0,7.0,0.7142857142857143
#HillarysAccomplishments Being a total clusterfuck at anything she does. #ReadyForHillary #UniteBlue #TopProg #TPOT #LibCrib,Hillary Clinton,AGAINST,Clinton,0.0,8.0,0.0,8.0,1.0
RT .@ChuckNellis  .@HillaryClinton name change; it's no longer HRC it's now Hillary Uranium #Benghazi Clinton. Take note.,Hillary Clinton,AGAINST,Clinton,0.0,7.0,0.0,7.0,1.0
Hillary is on her way to #Baltimore to be their champion. #BaltimoreRiots,Hillary Clinton,FAVOR,Clinton,5.0,1.0,2.0,8.0,0.625
"take faith that almost every political entity around you, whether dissident or not, serves no good purpose #Dempublicans",Hillary Clinton,AGAINST,Clinton,0.0,5.0,3.0,8.0,0.625
You don't have to be a lawyer to know the Clintons violated ethics rules.,Hillary Clinton,AGAINST,Clinton,0.0,8.0,0.0,8.0,1.0
@Xxoax @HillaryClinton @MaryMorientes   @BarackObama The whole #world is supporting you.,Hillary Clinton,FAVOR,Clinton,8.0,0.0,0.0,8.0,1.0
@HillaryClinton #freedom_justice_equality_education for innovation and development to make #happy_life i Utopia,Hillary Clinton,FAVOR,Clinton,7.0,0.0,1.0,8.0,0.875
"So @ClintonFdn, I believe Andrew Fastow beat you to the ""we made mistakes, as many organizations of our size do"" excuse",Hillary Clinton,AGAINST,Clinton,0.0,6.0,2.0,8.0,0.75
I'm 19 years old and care about politics and elections.... I feel like I'm 67 years old,Hillary Clinton,NONE,Clinton,0.0,0.0,8.0,8.0,1.0
@HillaryClinton I notice that you didn't condemn the lawless actions of the rioters.,Hillary Clinton,AGAINST,Clinton,0.0,6.0,2.0,8.0,0.75
Obama:  climate change or bush?  Who to blame...?  Hillary:  right wing conspiracy in Baltimore. #BalitmoreRiots,Hillary Clinton,AGAINST,Clinton,0.0,7.0,1.0,8.0,0.875
"Wasn't the original #ScoobyVan also full of unemployed hippies & a stupid dog, who lived to meddle in other people's business?",Hillary Clinton,AGAINST,Clinton,0.0,5.0,2.0,7.0,0.7142857142857143
"In 2013 Clinton Foundation collected $140M and spent $9M on direct aid, in 2014 they raised $500M and spent $100M on direct aid!",Hillary Clinton,AGAINST,Clinton,2.0,5.0,1.0,8.0,0.625
Students of #BaylorUniversity are y'all ready for #MarcoRubio in #2016 #BU #Baylor #Bears #BaylorBears #NewAmericanCentury #GOP,Hillary Clinton,AGAINST,Clinton,1.0,6.0,1.0,8.0,0.75
@ChelseaClinton @HRC Do you stand for #BillClinton assaulting teen girls too? #ReadyForHillary #HillaryClinton #Clinton2016,Hillary Clinton,AGAINST,Clinton,1.0,7.0,0.0,8.0,0.875
Hey #TexasState #Bobcats I hope y'all are ready for #MarcoRubio #2016 #TexasStateUniversity #NewAmericanCentury #Texas #TCOT,Hillary Clinton,NONE,Clinton,0.0,3.0,5.0,8.0,0.625
"The only thing that I would pay money for is to hear Hillary Clinton say ""I QUIT and I'm GUILTY"" that would be worth millions.",Hillary Clinton,AGAINST,Clinton,0.0,8.0,0.0,8.0,1.0
"Hillary Clinton keeps sending me emails, and when I try to unsubscribe, I get an error message. THIS IS CANCER",Hillary Clinton,AGAINST,Clinton,0.0,7.0,1.0,8.0,0.875
@HillaryClinton @BarackObama The whole #world is supporting you.,Hillary Clinton,FAVOR,Clinton,7.0,0.0,0.0,7.0,1.0
"Denial. It works for Hillary, why not the Mayor of #Baltimore. #DemocratLiesMatter",Hillary Clinton,AGAINST,Clinton,0.0,6.0,2.0,8.0,0.75
Join the Twitter movement! RT or fav for a mention or follow back!,Hillary Clinton,NONE,Clinton,0.0,0.0,8.0,8.0,1.0
"Wow RT ""@greta Baltimore Orioles to play tomorrow but no public allowed"" #BaltimoreRiots #FreddieGray #ThanksObama #WakeUpAmerica",Hillary Clinton,NONE,Clinton,0.0,3.0,5.0,8.0,0.625
Spoke to @HillaryClinton today in NYC. Wow! So smart and impressive!!!,Hillary Clinton,FAVOR,Clinton,91.0,1.0,1.0,93.0,0.978494623655914
@HillaryClinton Says the millionaire politician who accepts $$$ from countries that execute gays. #Hypocrite #WakeUpAmerica,Hillary Clinton,AGAINST,Clinton,1.0,5.0,2.0,8.0,0.625
"#BernieSanders is running for president, don't the #democrats already have one really old guy running??",Hillary Clinton,AGAINST,Clinton,0.0,5.0,3.0,8.0,0.625
297 days until I can register to vote!!1 year 193 days until Election Day #RockTheVote #democrats #everyvotecounts,Hillary Clinton,FAVOR,Clinton,6.0,0.0,2.0,8.0,0.75
"THEYRE NOT ""THUGS""  YOU #TEAPARTY RACISTS THEY ARE ""COMMUNITY REORGANIZERS"" !! #TCOT #baltimoreriots",Hillary Clinton,NONE,Clinton,1.0,1.0,6.0,8.0,0.75
Hillary will get past the primaries cause Dem voters don't think she can do any wrong. But she will be beat in November,Hillary Clinton,AGAINST,Clinton,0.0,8.0,0.0,8.0,1.0
@HillaryClinton loving the new colorful profile pic! #loveit,Hillary Clinton,FAVOR,Clinton,7.0,0.0,0.0,7.0,1.0
"@HillaryClinton Did your rich Saudi donors, who execute gays, join the team? #Hypocrite #WakeUpAmerica",Hillary Clinton,AGAINST,Clinton,0.0,8.0,0.0,8.0,1.0
"Also, I finally moved to @FDCITY today! Will be much easier to get around going forward! #moving",Hillary Clinton,NONE,Clinton,0.0,0.0,8.0,8.0,1.0
I think I am going to vote for Monica Lewinsky's Ex- boyfriends Wife,Hillary Clinton,FAVOR,Clinton,5.0,1.0,2.0,8.0,0.625
And the working american tax payer keeps on paying for the unethical liberals who want to destroy this great country of ours.,Hillary Clinton,AGAINST,Clinton,0.0,6.0,1.0,7.0,0.8571428571428571
Hillary Clinton vs. Bernie Sanders primary will be like the brawl over applesauce at the retirement home. #ReadyForHillary,Hillary Clinton,FAVOR,Clinton,6.0,2.0,0.0,8.0,0.75
Too many women in too many countries speak the same language ¢´ ´Ó of silence. HILLARY CLINTON #HillaryCliton #Hillary4Women,Hillary Clinton,FAVOR,Clinton,,,,,
Too many women in too many countries speak the same language  of silence. HILLARY CLINTON #HillaryCliton #Hillary4Women,Hillary Clinton,FAVOR,Clinton,8.0,0.0,0.0,8.0,1.0
"Always aim high,work hard, & care deeply about what U believe in...when U stumble, keep faith. HILLARY CLINTON @Faith4Hillary",Hillary Clinton,FAVOR,Clinton,88.0,1.0,2.0,91.0,0.967032967032967
"It's time that we move from good words 2 good works, from sound bites 2 sound solutions HILLARY CLINTON #HillaryClinton",Hillary Clinton,FAVOR,Clinton,7.0,0.0,1.0,8.0,0.875
@TheDemocrats @DNCWomen I'm down to help for 2016 election.,Hillary Clinton,FAVOR,Clinton,7.0,0.0,1.0,8.0,0.875
How many poor kids could $2.5 billion feed?,Hillary Clinton,NONE,Clinton,0.0,1.0,7.0,8.0,0.875
@Norsu2 secret Clinton docs? gee WHAT a surprise!,Hillary Clinton,AGAINST,Clinton,0.0,7.0,1.0,8.0,0.875
Too far @realDonaldTrump. That's just too fucking far. #BaltimoreUprising #Obama,Hillary Clinton,NONE,Clinton,1.0,1.0,6.0,8.0,0.75
Hillary Clinton makes Nixon look like an amateur schoolboy #ClintonCash #ClintonFoundation #Clinton,Hillary Clinton,AGAINST,Clinton,0.0,7.0,1.0,8.0,0.875
@thehill #MamaHillary is making the case here & just exclusively how to deal with complex social issues. #cnn #bbc #Mamaclinton,Hillary Clinton,FAVOR,Clinton,7.0,0.0,1.0,8.0,0.875
".@GoldenTalon @johnmanko @CassandraRules  On the contrary, I am happy she will win. I enjoy seeing Liberal cities burn GO",Hillary Clinton,FAVOR,Clinton,6.0,2.0,0.0,8.0,0.75
Whoever is up now let it be known that support for #MarcoRubio never sleeps! We promote the #NewAmericanCentury 24/7 #Texas #TX,Hillary Clinton,AGAINST,Clinton,0.0,5.0,3.0,8.0,0.625
@Slate This is why Rand Paul will never be POTUS. #BaltimoreUprising,Hillary Clinton,NONE,Clinton,1.0,0.0,7.0,8.0,0.875
"@_Poli_Ana_ No, she's got the #BlackLivesMatter vote w/o even talking to them.  Most blacks are brainwashed by @TheDemocrats",Hillary Clinton,AGAINST,Clinton,0.0,5.0,3.0,8.0,0.625
If you're not watching @HillaryClinton's speech right now you're missing her drop tons of wisdom.,Hillary Clinton,FAVOR,Clinton,6.0,1.0,1.0,8.0,0.75
A proper introduction of Hillary Clinton should begin with five words: Will the defendant please rise #WhyImNotVotingForHillary,Hillary Clinton,AGAINST,Clinton,0.0,8.0,0.0,8.0,1.0
YES! Community policing is answer to rebuilding trust in our communities between law enforcement and the people they serve.,Hillary Clinton,NONE,Clinton,1.0,0.0,7.0,8.0,0.875
Don't get it twisted. A major presidential candidate using her first policy speech to talk about mass incarcertaion.,Hillary Clinton,AGAINST,Clinton,1.0,6.0,1.0,8.0,0.75
'Hillary-speak' campaign rhetoric is going to be the death of me. @jmarkwalk,Hillary Clinton,AGAINST,Clinton,1.0,5.0,2.0,8.0,0.625
@HillaryClinton  A Rainbow logo? Did u know only 4% of the US is gay? (2010 Census). #WhyImNotVotingForHillary,Hillary Clinton,AGAINST,Clinton,1.0,86.0,0.0,87.0,0.9885057471264368
Saw a bit of @HillaryClinton 's speech & I was proud to hear her plans for policy improvements in our justice system. Thanks!,Hillary Clinton,FAVOR,Clinton,8.0,0.0,0.0,8.0,1.0
@Anomaly100 I'm confident that will piss off a few white Anglo-Saxon Protestants!  Keep talking Jeb.,Hillary Clinton,NONE,Clinton,2.0,0.0,6.0,8.0,0.75
@Upworthy @HillaryClinton It should be illegal for an employer to discriminate against their workers. #EqualityForAll,Hillary Clinton,FAVOR,Clinton,6.0,0.0,2.0,8.0,0.75
"A body-cam on every cop, private servers for Cabinet Secretaries.",Hillary Clinton,NONE,Clinton,0.0,3.0,5.0,8.0,0.625
@JohnKerry @BALWANIKAPIL @HillaryClinton @StateDept @tomperriello  I didn't realize #PayToPlayDiplomacy was such a big hit!,Hillary Clinton,AGAINST,Clinton,1.0,5.0,2.0,8.0,0.625
"@VRWCTexan WOW, she's one to talk",Hillary Clinton,AGAINST,Clinton,0.0,5.0,3.0,8.0,0.625
RT @FutureTXLeader: Are y'all at #UTEP ready for #MarcoRubio in #2016 #Miners #LadyMiners #UniversityOfTexasElPaso #Rubio #New...,Hillary Clinton,NONE,Clinton,0.0,3.0,5.0,8.0,0.625
RT @FutureTXLeader: Are y'all #TexasTech #RedRaiders ready for #MarcoRubio in #2016 #TTU #TexasTechUniversity #Rubio #Texas #N...,Hillary Clinton,AGAINST,Clinton,0.0,6.0,2.0,8.0,0.75
RT @FutureTXLeader: Who in #CorpusChristi is ready for #MarcoRubio in #2016 #Hooks #CC #Texas #TX #361 #KeepTexasRed #GOP #Tea...,Hillary Clinton,AGAINST,Clinton,0.0,7.0,1.0,8.0,0.875
"I've been doing my reading and I do have to to say, I'm wildly impressed by Hillary Clinton",Hillary Clinton,FAVOR,Clinton,8.0,0.0,0.0,8.0,1.0
"@zacharyebell Thank you 4the follow. God bless you and those you love! God bless America, may she always be the land of the free!",Hillary Clinton,NONE,Clinton,0.0,0.0,7.0,7.0,1.0
@BarackObama thanks for selling out all the workers who voted for you for pushing FastTrack #sellout,Hillary Clinton,NONE,Clinton,1.0,0.0,7.0,8.0,0.875
As late as 2013 #HillaryClinton opposed marriage equality.,Hillary Clinton,AGAINST,Clinton,0.0,8.0,0.0,8.0,1.0
@thehill all the more reason to vote #Democrat in 2016. #ACAworks #GetMoneyOut #RestoreTheVRA #Bernie2016 #waronpoverty,Hillary Clinton,FAVOR,Clinton,5.0,1.0,2.0,8.0,0.625
RT @Glenn_Hegar: Follow if you stand against Hillary in 2016!,Hillary Clinton,AGAINST,Clinton,1.0,7.0,0.0,8.0,0.875
I can vote in 2016 after all ayyyyyyyyyy,Hillary Clinton,NONE,Clinton,2.0,0.0,6.0,8.0,0.75
"@jstines3 @WoodenThreat Open mouth, reveal heart-Margaret Sanger,architect for black genocide @larryelder @TheFive #HillarySoWhite",Hillary Clinton,AGAINST,Clinton,1.0,7.0,0.0,8.0,0.875
I'm still so happy my voter ID came in the mail,Hillary Clinton,NONE,Clinton,0.0,0.0,8.0,8.0,1.0
Great convo last night w/ @schoolbus_soul & @zaksteib Great connections in #Waverly & on my #turf! #FellowsIA #CommitToCaucus,Hillary Clinton,NONE,Clinton,3.0,0.0,5.0,8.0,0.625
#HillaryClinton is hiring #Monsanto lawyers to help her become President. The next president shouldn't be aided by Monsanto,Hillary Clinton,AGAINST,Clinton,0.0,8.0,0.0,8.0,1.0
@marymorientes Love it. It happens in my world too!,Hillary Clinton,NONE,Clinton,0.0,0.0,8.0,8.0,1.0
@Froquesha u get me that book yea?,Hillary Clinton,NONE,Clinton,0.0,0.0,8.0,8.0,1.0
RT @putterrod: @IngrahamAngle Republicans everywhere are looking for someone to lead. A leader not a liar.,Hillary Clinton,AGAINST,Clinton,1.0,7.0,0.0,8.0,0.875
This weekend is the Hillary For America Weekend of Action & I hope you'll participate. -L #California,Hillary Clinton,FAVOR,Clinton,7.0,0.0,1.0,8.0,0.875
"It's good that after 30 years in public service (with zero accomplishments), Hillary is finally ready 2 serve the public! Lolol",Hillary Clinton,AGAINST,Clinton,0.0,8.0,0.0,8.0,1.0
"We're out here in G-town, and where are you  #sctweets",Hillary Clinton,NONE,Clinton,0.0,0.0,8.0,8.0,1.0
@jstines3 @bcwilliams92 #Stephens begged for his life & @HillaryClinton @Madam_President is begging for ur vote #NotAChanceInHell,Hillary Clinton,AGAINST,Clinton,1.0,7.0,0.0,8.0,0.875
RT @spanglishpop: Thanks @GOP keep sending in the clowns! It makes this upcoming election very entertaining #latinos2016 #Rock...,Hillary Clinton,NONE,Clinton,3.0,0.0,5.0,8.0,0.625
#ThingsYouDontSayAsAPolitician  I don't feel no ways tired. Go to the back of the line. What difference does it make?,Hillary Clinton,NONE,Clinton,0.0,0.0,8.0,8.0,1.0
Laughing at the Republican Party. The BEST they can offer is #DonaldTrump and #JebBush?   #HillaryClinton has got this!,Hillary Clinton,FAVOR,Clinton,8.0,0.0,0.0,8.0,1.0
"@Temp15544 @icedecay @BrooklynJuggler @classic_mouth In this context, to all practical extents and purposes? It means",Hillary Clinton,NONE,Clinton,0.0,0.0,8.0,8.0,1.0
"Just met an awesome supporter on the CX bus! He said ""Hillary is one strong woman and we need that for our country."" #FellowsNV",Hillary Clinton,FAVOR,Clinton,7.0,0.0,1.0,8.0,0.875
"Hilary has lied, deleted Benghazi emails, and betrayed the trust of Americans scandal after scandal.",Hillary Clinton,AGAINST,Clinton,0.0,8.0,0.0,8.0,1.0
"Hillary has lied, deleted Benghazi emails, and betrayed the trust of Americans scandal after scandal.",Hillary Clinton,AGAINST,Clinton,0.0,8.0,0.0,8.0,1.0
"In high school, decided to be the first woman president in 2016, but I never got into politics & don't have Trump's money.",Hillary Clinton,NONE,Clinton,0.0,1.0,7.0,8.0,0.875
Thanks @izzybugatti for participating! WE are lucky to have YOU here in Iowa. #FellowsIA,Hillary Clinton,NONE,Clinton,0.0,0.0,8.0,8.0,1.0
"@jilevin @strumpetcity Yes. You make me proud. Socialism is the answer, which leads to communism. We will succeed.",Hillary Clinton,NONE,Clinton,1.0,0.0,7.0,8.0,0.875
"@GOP Obamacare stays and the Confederate flag goes. You guys have had quite the shitty week, haven't you?",Hillary Clinton,NONE,Clinton,1.0,1.0,6.0,8.0,0.75
Come visit me at the Jefferson County Fair! Representative Curt Hanson will tell a joke and I'll tell a story about why vote,Hillary Clinton,NONE,Clinton,0.0,0.0,8.0,8.0,1.0
I'm proud to announce I support #HillaryClinton!!!!,Hillary Clinton,FAVOR,Clinton,8.0,0.0,0.0,8.0,1.0
Excited to be working with some great #FellowsSC this summer. They're some pretty great people that are fired up for #LetsGo,Hillary Clinton,NONE,Clinton,0.0,0.0,8.0,8.0,1.0
Federal gov't social spending 61% of budget. Federal gov't defense spending 22% of budget. Something is definitely wrong here.,Hillary Clinton,NONE,Clinton,0.0,0.0,8.0,8.0,1.0
@HillaryClinton literally the greatest video I have ever seen.,Hillary Clinton,FAVOR,Clinton,7.0,0.0,1.0,8.0,0.875
@washingtonpost sir sory mae bi bharat mool ka hu par my hart is for democraet and,Hillary Clinton,NONE,Clinton,1.0,0.0,7.0,8.0,0.875
@ChelseaClinton's mom has got it going on! #POTUS #ChelseasMom,Hillary Clinton,FAVOR,Clinton,7.0,0.0,1.0,8.0,0.875
"America needs a champion!-H  No thanks,@HillaryClinton we don't need a champion, especially if you're that ""champion"".",Hillary Clinton,AGAINST,Clinton,0.0,8.0,0.0,8.0,1.0
Would that the rest of #us were able to escape from #Clinton as well #ClintonCorrectional #HillaryClinton #escapeClinton,Hillary Clinton,AGAINST,Clinton,0.0,8.0,0.0,8.0,1.0
@HillaryClinton Awesome video!  Vote for Chelsea's mom.,Hillary Clinton,FAVOR,Clinton,8.0,0.0,0.0,8.0,1.0
Hilliary: I provided all work related emails  State Dept: There are work related emails you didn't provide  #Hillaredacted,Hillary Clinton,AGAINST,Clinton,0.0,8.0,0.0,8.0,1.0
"#CarlyFiorina on #hannity, very impressive. A serious presidential candidate vs. A bad actress.",Hillary Clinton,AGAINST,Clinton,0.0,6.0,2.0,8.0,0.75
"@LeighStorz @jstines3 Totally agree, Hillary is an incompetent scandal ridden phony.",Hillary Clinton,AGAINST,Clinton,0.0,8.0,0.0,8.0,1.0
"This Friday is, officially, Political Incorrectness day! All day say whatever you want and offend everyone! Yay! #tcot #2A #PC",Hillary Clinton,NONE,Clinton,0.0,0.0,8.0,8.0,1.0
"@FoxNews report shows U.S. State Department cannot locate 15 of Hillary Clinton's Private Emails.  Not so fast, Hillary!",Hillary Clinton,AGAINST,Clinton,0.0,8.0,0.0,8.0,1.0
@Callisto1947 @texasman2008 @AmyMek Hillary's new Campaign Slogan:  HILLARY - NOTHING TO HIDE EXCEPT THE TRUTH !!!  #TCOT #CCOT,Hillary Clinton,AGAINST,Clinton,0.0,8.0,0.0,8.0,1.0
I really need my new @HillaryClinton shirt to come in. Meeting some people at the brewery same night as a Bernie meetup there.,Hillary Clinton,FAVOR,Clinton,7.0,0.0,1.0,8.0,0.875
"Donald Trump is a joke. His a simpleminded idiot, and I have nothing else to say about him. He can go FUCK him self.",Hillary Clinton,NONE,Clinton,1.0,1.0,6.0,8.0,0.75
@HillaryClinton @ca_hillary stand on the right side,Hillary Clinton,FAVOR,Clinton,5.0,1.0,2.0,8.0,0.625
@HillaryClinton said #AllLivesMatter just like she said marriage was between a man and a woman! Giver her a few more years,Hillary Clinton,AGAINST,Clinton,0.0,8.0,0.0,8.0,1.0
"#HillaryDebateQuestion So you profess admiration for #MargaretSanger who wanted to rid the country of ""negros"". Explain please?",Hillary Clinton,AGAINST,Clinton,0.0,8.0,0.0,8.0,1.0
RT @mcirelli92: Hillary for the win,Hillary Clinton,FAVOR,Clinton,8.0,0.0,0.0,8.0,1.0
Y did #randpaul take donations from a #WhiteSupremacy group after shaking hands with black leaders? #BlackLivesMatter #gop,Hillary Clinton,NONE,Clinton,0.0,0.0,8.0,8.0,1.0
@clairecmc @RosieGray is that why she and @ClintonGlobal take that #Saudi money? #SaudiCables #SaudiCables #clinton2016,Hillary Clinton,AGAINST,Clinton,1.0,6.0,1.0,8.0,0.75
@petefrt this is how GOP needs to be handling campaign not attacking each other but showing all hillary fails. #uniteright,Hillary Clinton,AGAINST,Clinton,0.0,7.0,1.0,8.0,0.875
@Molls30 @HillaryClinton I love it! One of our biggest donors is Saudi Arabia. They support women's rights completely! #GoTeam,Hillary Clinton,AGAINST,Clinton,2.0,6.0,0.0,8.0,0.75
@HillaryClinton Did you feel same about #BillClinton's latest assault of teen girl? #hypocrite #HillaryClinton #Hillary_2016_NO,Hillary Clinton,AGAINST,Clinton,1.0,7.0,0.0,8.0,0.875
My vote is definitely for Hillary. I don't want Bush's dumb ass. Don't want Trump either.  #HillaryClinton,Hillary Clinton,FAVOR,Clinton,6.0,2.0,0.0,8.0,0.75
"I'm in a better place now that I got some coffee, now time to grow these grassroots   #sctweets",Hillary Clinton,NONE,Clinton,0.0,1.0,7.0,8.0,0.875
"@SCOTUS_Scalia Right. Words no longer have meaning. Like Clintons,""It depends on what the meaning of 'is' is."" More if we don't",Hillary Clinton,AGAINST,Clinton,0.0,8.0,0.0,8.0,1.0
@tedcruz won't be there. I'm supporting @HillaryClinton for President. #lgbtrights #ACAWorks,Hillary Clinton,FAVOR,Clinton,8.0,0.0,0.0,8.0,1.0
"@GideonHenry First SCOTUS reaffirms Obamacare, then it legalize gay marriage. Your world is crumbling!",Hillary Clinton,NONE,Clinton,1.0,1.0,6.0,8.0,0.75
What a huge win for America! Today is absolutely historic. #EqualityWins #SCOTUSMarriage,Hillary Clinton,NONE,Clinton,0.0,0.0,8.0,8.0,1.0
My sexy daddy Obama had two wins this week. Happy for him & democrats,Hillary Clinton,NONE,Clinton,1.0,1.0,6.0,8.0,0.75
@TODAYshow Hillary's emails missing and incomplete? Who'd of thunk it??  JUST TRUST ME!!!,Hillary Clinton,AGAINST,Clinton,0.0,8.0,0.0,8.0,1.0
@vacanti @samglover Maybe a woman should be President.,Hillary Clinton,FAVOR,Clinton,6.0,0.0,2.0,8.0,0.75
Today LOVE won and Hate was defeated. #MorningJoe #UnitedBlue,Hillary Clinton,NONE,Clinton,0.0,0.0,8.0,8.0,1.0
"#Obama is riding high!! #ObamaCare #LoveWins #Republicans tearing out their hair, whatever is left of it ..Next is #SCOTUS",Hillary Clinton,NONE,Clinton,0.0,2.0,6.0,8.0,0.75
Thank you @HillaryClinton for your support of the LGBT community. On this historic day I thank you for giving us hope.,Hillary Clinton,FAVOR,Clinton,8.0,0.0,0.0,8.0,1.0
"A Black President,Healthcare 4 all, Marriage Equality...what's next?..a Woman President?!Damn RIGHT! #SCOTUS #MarriageEquality",Hillary Clinton,FAVOR,Clinton,7.0,0.0,1.0,8.0,0.875
"RT @muradguderian: Democrats are Red, Obama is a Communist, I'm a true Patriot, So stop Hillary.  #tcot",Hillary Clinton,AGAINST,Clinton,0.0,8.0,0.0,8.0,1.0
@CBSThisMorning Emails missing and incomplete? Who'd of thunk it?  I'M ABOVE THE LAW and the rest of you peons! JUST TRUST ME!,Hillary Clinton,AGAINST,Clinton,0.0,7.0,1.0,8.0,0.875
Who's monica Lewinsky's favorite football player? Ha-Ha Clinton Dix,Hillary Clinton,AGAINST,Clinton,0.0,5.0,3.0,8.0,0.625
"SCOTUS dealt a blow to Hillary Clintons last campaign 'promise'... What is she running on now? Corruption, lies, and deceit.",Hillary Clinton,AGAINST,Clinton,0.0,8.0,0.0,8.0,1.0
"Do America a favor, If you feel you must vote for a woman candidate, Vote for #Carly2016 who at least has integrity unlike",Hillary Clinton,AGAINST,Clinton,0.0,8.0,0.0,8.0,1.0
Getting another @HillaryClinton bumper sticker because #LoveWins and 2 just wasn't enough,Hillary Clinton,FAVOR,Clinton,6.0,2.0,0.0,8.0,0.75
@pamnsc @TRPhrophet @RamblingMother Thank you for RTs!!! #WakeUpAmerica #dumpboehner #ditchmitch,Hillary Clinton,NONE,Clinton,1.0,1.0,6.0,8.0,0.75
"@gerfingerpoken2 he made a careless mistake, she deliberately broke many laws & still lies about it.",Hillary Clinton,AGAINST,Clinton,0.0,7.0,1.0,8.0,0.875
Very excited to hear Sen. Klobuchar speak today!,Hillary Clinton,NONE,Clinton,0.0,0.0,8.0,8.0,1.0
@PolitiBunny @Seja75 @hubbit @HillaryClinton I'm voting in the Democrat primary this year...to support @BernieSanders.,Hillary Clinton,AGAINST,Clinton,0.0,7.0,1.0,8.0,0.875
My liberty depends on you being free too. President Obama,Hillary Clinton,NONE,Clinton,0.0,0.0,8.0,8.0,1.0
@NRO Does @johnpodesta have any grasp on reality? I need more than 140 characters to address someone as naive as this man.,Hillary Clinton,NONE,Clinton,0.0,0.0,8.0,8.0,1.0
@JewboyDonny oh I know he won't he effed himself over in the beginning,Hillary Clinton,NONE,Clinton,0.0,0.0,8.0,8.0,1.0
"I called everyone I knew and raised $17,000 from ex-boyfriends - Sen. Klobuchar",Hillary Clinton,NONE,Clinton,0.0,0.0,8.0,8.0,1.0
Great that @HillaryClinton attended #ClementaPinckney 's funeral today!!,Hillary Clinton,FAVOR,Clinton,6.0,0.0,2.0,8.0,0.75
"#WonderWoman movie, #TheMuppets TV show, #StarWarsVII, #MarriageEquaility #Obama. I guess I can leave social media now. Oh wait",Hillary Clinton,NONE,Clinton,0.0,0.0,8.0,8.0,1.0
@politico Remember when millions of GWBush's emails went missing or deleted re Iraq War and nobody had a hearing? Yawn!,Hillary Clinton,NONE,Clinton,1.0,1.0,6.0,8.0,0.75
#LoveWins on the day I get my Hillary gear! #Yaaas #Pride,Hillary Clinton,FAVOR,Clinton,8.0,0.0,0.0,8.0,1.0
@thegirlwithfood though. But there are people saying they just aren't going to vote at all which is ridiculous so,Hillary Clinton,NONE,Clinton,0.0,0.0,8.0,8.0,1.0
RT @ZerlinaMaxwell: Huge cheer for universal child care and early childhood education.,Hillary Clinton,NONE,Clinton,0.0,0.0,8.0,8.0,1.0
Hillary: stop pretending you were supporting the LGBT people when you opposed them until 2013. You are a lying conniving human,Hillary Clinton,AGAINST,Clinton,0.0,8.0,0.0,8.0,1.0
@tedcruz @IamTheWindowMan  GET OUT OF MY STATE YOU BUM! #UniteBlue,Hillary Clinton,NONE,Clinton,2.0,0.0,6.0,8.0,0.75
Whatever is the GOP going to do now with both marriage equality and the ACA? Going to be fun to watch!,Hillary Clinton,NONE,Clinton,1.0,0.0,7.0,8.0,0.875
@occupycorruptDC she ain't no ways tired of being a dumbass,Hillary Clinton,NONE,Clinton,0.0,3.0,5.0,8.0,0.625
"I AM A CROOK...and I like it, like it, yes I do #HillaryCampaignSlogan  #WakeUpAmerica #StopHillary2016 #specialreport",Hillary Clinton,AGAINST,Clinton,0.0,8.0,0.0,8.0,1.0
@HillaryClinton Pretty sure you're gonna lose out on a lot of hypocritical #Christian votes by pretending to care about #LGBT,Hillary Clinton,AGAINST,Clinton,0.0,7.0,1.0,8.0,0.875
"Moving forward, our next focus should be making higher education more attainable and eliminating the gender pay gap",Hillary Clinton,NONE,Clinton,0.0,0.0,8.0,8.0,1.0
Let's shatter the glass ceiling! - @GerryConnolly #VAdems,Hillary Clinton,NONE,Clinton,1.0,0.0,7.0,8.0,0.875
@JerseyKidPicks thank you sir. It's an honor to hear it. USA for life. Spread this for me. #RememberBenghazi2016,Hillary Clinton,NONE,Clinton,0.0,2.0,6.0,8.0,0.75
"Let's make Secretary Clinton, President Clinton - @AGMarkHerring @vademocrats",Hillary Clinton,FAVOR,Clinton,8.0,0.0,0.0,8.0,1.0
I think I'll take @JebBush over @BobbyJindal now.. and that is scary to say.  #badchristianvalues,Hillary Clinton,NONE,Clinton,0.0,1.0,7.0,8.0,0.875
@kimkennedy4 thats why they still have no voting rights.,Hillary Clinton,NONE,Clinton,0.0,0.0,8.0,8.0,1.0
@LaneLewis Thanks for the follow! #TheHRCSuperVols for,Hillary Clinton,NONE,Clinton,2.0,0.0,6.0,8.0,0.75
"Sen. Kaine (D-VA) on #SCOTUSMarriage: ""What a great victory!",Hillary Clinton,NONE,Clinton,0.0,0.0,8.0,8.0,1.0
"I am having a really tough time seeing any leaders running for POTUS, quess I will have to wait and see what happens.",Hillary Clinton,NONE,Clinton,0.0,0.0,8.0,8.0,1.0
Hillary flew on private jet to speak to speak about Income & Equality. Dinner plates were $2700.00 ! #EqualityForAll #PJNET #CCOT,Hillary Clinton,AGAINST,Clinton,0.0,6.0,2.0,8.0,0.75
"You're a idiot if you vote for Hillary, her and Obama are The Epitome  of what's wrong with this country #Benghazi",Hillary Clinton,AGAINST,Clinton,0.0,8.0,0.0,8.0,1.0
"Despite today's ruling, our struggle to end LGBT discrimination is also far from finished - @HillaryClinton #VirginiaJJ",Hillary Clinton,FAVOR,Clinton,5.0,0.0,3.0,8.0,0.625
"@Jeanelynn Thank you so much for the follow and the FAV, Jeane!!!  Gods' best to you! #WakeUpAmerica",Hillary Clinton,NONE,Clinton,0.0,0.0,8.0,8.0,1.0
My mom just told me she and my aunt want to volunteer on @HillaryClinton's campaign! I support it!,Hillary Clinton,FAVOR,Clinton,8.0,0.0,0.0,8.0,1.0
Let's bring prosperity to the line workers & to the kindergarten teachers!!!- @amyklobuchar #inspiredbyhillary,Hillary Clinton,FAVOR,Clinton,8.0,0.0,0.0,8.0,1.0
"You cant fix stupid, might not be able to vote them out either.",Hillary Clinton,NONE,Clinton,0.0,1.0,7.0,8.0,0.875
If I get killed. Thank @realDonaldTrump . I was tweeting mad crap about him.  I don't take it back.,Hillary Clinton,NONE,Clinton,2.0,0.0,6.0,8.0,0.75
Amazing turnout @TheCenterLV . Emotional crowd. RT if agree love wins. #FellowsNV,Hillary Clinton,NONE,Clinton,1.0,2.0,5.0,8.0,0.625
"@megynkelly anytime a liberal throws around words like ""truth is"" or ""reality is"" you know they're about to LIE!",Hillary Clinton,NONE,Clinton,0.0,3.0,5.0,8.0,0.625
@BuffaloBill71 @AramisFraino @pamnsc  Thank you so much for FAVs and RTs!!! #WakeUpAmerica,Hillary Clinton,NONE,Clinton,0.0,0.0,8.0,8.0,1.0
@therealjenappel IM HIGH ON HASHTAGS RIGHT NOW I CANT HELP MYSELF #mypresident,Hillary Clinton,NONE,Clinton,0.0,0.0,8.0,8.0,1.0
@realDonaldTrump WHY IS IT THAT YOUR CLOTHING LINE IS MADE IN CHINA? Can U say Lier pants on fire? #morningjoe #unitedblue,Hillary Clinton,NONE,Clinton,1.0,1.0,6.0,8.0,0.75
SLOWLY SLOWLY THE DEBT CRISIS WILL IMPLODE NATIONS CURRENCY #AmericaDeadBrokeSAVE THE DOLLAR NOW,Hillary Clinton,NONE,Clinton,0.0,0.0,8.0,8.0,1.0
#AmericaDeadBrokeSLOWLY SLOWLY China wants the yuan to replace the U.S. dollar as the world's new global currency.,Hillary Clinton,NONE,Clinton,0.0,0.0,8.0,8.0,1.0
@HRCSnowShovel it must be hard work burying the @HillaryClinton anti-LGBT rights record #LoveWins #FeelTheBern,Hillary Clinton,AGAINST,Clinton,0.0,7.0,1.0,8.0,0.875
#HillaryClinton We've all been waiting for your rainbow-striped pantsuit  #fashionista #LoveWins,Hillary Clinton,FAVOR,Clinton,5.0,0.0,3.0,8.0,0.625
@JebBush you are set to lose if ur campaign is based on critics instead of proposing #bushfail,Hillary Clinton,NONE,Clinton,2.0,0.0,6.0,8.0,0.75
I always joke about anything political bc if I were serious I'd end up offending people and not realize it.,Hillary Clinton,NONE,Clinton,0.0,0.0,8.0,8.0,1.0
My dad told me he's voting for Hillary. I'm so proud. LOL,Hillary Clinton,FAVOR,Clinton,6.0,0.0,2.0,8.0,0.75
@dedicated_to_it i think the main problem is having your foot in your mouth in the first place.,Hillary Clinton,NONE,Clinton,0.0,1.0,7.0,8.0,0.875
Well Strung is what should happed the next time these Hillary-loving ass douches encounter some trees. #RedEye,Hillary Clinton,AGAINST,Clinton,0.0,7.0,1.0,8.0,0.875
I am just full of myself tonight  #tofunny #funny #funnier #hilarious #HilaryDuff #QuotesOfTheDay #quotestoliveby #quotes,Hillary Clinton,NONE,Clinton,0.0,1.0,7.0,8.0,0.875
If I ever meet Hillary Clinton I will have died and then come back to life b/c I will be so happy #idol,Hillary Clinton,FAVOR,Clinton,8.0,0.0,0.0,8.0,1.0
"@ARForHillary @HillaryClinton @HillaryIn2016 So proud of you! Soon, we will show who we really are. Keep up the good work!",Hillary Clinton,FAVOR,Clinton,7.0,1.0,0.0,8.0,0.875
@HillaryClinton I'd ask #HillaryClinton to stop lying about #Benghazi & #ClintonFoundation ties to #terrorist #muslim #ISIS.,Hillary Clinton,AGAINST,Clinton,0.0,8.0,0.0,8.0,1.0
@HillaryClinton You Flip/Flopped on the Gay marriage issue; must be more votes available with your current view?,Hillary Clinton,AGAINST,Clinton,0.0,7.0,1.0,8.0,0.875
"@HillaryClinton More lies and hypocrisy. As senator of NY, you clearly said you were opposed to gay marriage.",Hillary Clinton,AGAINST,Clinton,0.0,8.0,0.0,8.0,1.0
@HillaryClinton You have proven your dishonesty once again in flip flopping on this issue. People know you were opposed before.,Hillary Clinton,AGAINST,Clinton,0.0,8.0,0.0,8.0,1.0
@LaureneDiCillo @NBCNews @dl34l And why are major media outlets not exposing Hillary's blatant flip flopping on this issue.,Hillary Clinton,AGAINST,Clinton,0.0,8.0,0.0,8.0,1.0
WHO'S READY FOR A DAY OF ACTION?! I know I am! #FellowsSC,Hillary Clinton,NONE,Clinton,0.0,1.0,7.0,8.0,0.875
@DRUDGE_REPORT We haven't even had the elections yet.,Hillary Clinton,NONE,Clinton,0.0,1.0,7.0,8.0,0.875
"96 commit cards collected for Hillary in Greenville, SC so far! #FellowsSC",Hillary Clinton,FAVOR,Clinton,6.0,0.0,2.0,8.0,0.75
"Headed to Chester, SC for a big hillary canvass! Join me. Wylie park 11-3",Hillary Clinton,FAVOR,Clinton,7.0,0.0,1.0,8.0,0.875
Save an intern.... Keep Bill & Hillary out of the White House.,Hillary Clinton,AGAINST,Clinton,0.0,8.0,0.0,8.0,1.0
@HillaryClinton Where are the #LGBT pride condoms #BillClinton used when he assaulted #MonicaLewinsky? #HillaryClinton #tlot,Hillary Clinton,AGAINST,Clinton,0.0,8.0,0.0,8.0,1.0
Fox News predicting 3 way marriage-gee we have the Mormons for that!  #morningjoe #unitedblue,Hillary Clinton,NONE,Clinton,0.0,0.0,8.0,8.0,1.0
@philadper2014 @LouiseKatina Hillary's New Campaign slogan is:  HILLARY - NOTHING TO HIDE BUT THE TRUTH!  #tcot #WakeUpAmerica,Hillary Clinton,AGAINST,Clinton,1.0,7.0,0.0,8.0,0.875
Madam President Clinton; you have all the gays vote. #jarrid,Hillary Clinton,FAVOR,Clinton,6.0,1.0,1.0,8.0,0.75
@debaterlife took me a minute to realize where this came from,Hillary Clinton,NONE,Clinton,0.0,0.0,8.0,8.0,1.0
@gerfingerpoken @jjauthor one can only hope,Hillary Clinton,NONE,Clinton,0.0,0.0,8.0,8.0,1.0
@ReCorwin She didn't even answer with a complete sentence LOL. #Legend,Hillary Clinton,NONE,Clinton,0.0,3.0,5.0,8.0,0.625
"Gay marriage is a minor setback for Fox News. Tune in for a full collapse on November 8, 2016. Lots of tears and broken hearts.",Hillary Clinton,NONE,Clinton,1.0,0.0,7.0,8.0,0.875
@HillaryClinton So what's your goal for setting up victims for #BillClinton to assault? #HillaryClinton #ChelseasMom #tlot,Hillary Clinton,AGAINST,Clinton,0.0,8.0,0.0,8.0,1.0
Thanks @Chefs4Hillary for amazing noms for canvassing #FITN,Hillary Clinton,FAVOR,Clinton,7.0,0.0,1.0,8.0,0.875
@LindaSuhler and the sheeple will still vote for her,Hillary Clinton,AGAINST,Clinton,1.0,5.0,2.0,8.0,0.625
"One of Hillary Clinton's biggest idols is Margaret Sanger, who called for the extermination of colored people.",Hillary Clinton,AGAINST,Clinton,0.0,7.0,1.0,8.0,0.875
@foxnation That should have been done BEFORE she got rid of it!!! #NoHillary2016,Hillary Clinton,AGAINST,Clinton,0.0,8.0,0.0,8.0,1.0
@GREG61032 @CarmineZozzora @Ash_Bell__  perfect definition of JIBBERISH  #UniteBlue,Hillary Clinton,NONE,Clinton,0.0,1.0,7.0,8.0,0.875
"I need @JamesCarville & @HillaryClinton to stop emailing me. I love you, but I need my space. #stillvotingforyou",Hillary Clinton,FAVOR,Clinton,5.0,2.0,1.0,8.0,0.625
@nytimes this will cost them the 2016 election.,Hillary Clinton,NONE,Clinton,0.0,1.0,7.0,8.0,0.875
"HillaryClinton Next up for legalization: Your pet goat, or your #pedophile neighbor 'dating' the 9 year old next door..",Hillary Clinton,AGAINST,Clinton,0.0,6.0,2.0,8.0,0.75
@HillaryClinton Will #pervert #BillClinton be there if winner is teen girl? #HillaryClinton #Democrats #liberals #tlot #GOP,Hillary Clinton,AGAINST,Clinton,1.0,5.0,2.0,8.0,0.625
When you fav supports the wrong candidate  (@ladygaga)  #Bernie2016,Hillary Clinton,NONE,Clinton,0.0,1.0,7.0,8.0,0.875
"@koolkat14215 Haha, I LOVE your header!",Hillary Clinton,NONE,Clinton,1.0,0.0,7.0,8.0,0.875
"I hate Hillary Clinton and Obama, please go die together  thrown into the ocean get ripped into prices by sharks.",Hillary Clinton,AGAINST,Clinton,0.0,8.0,0.0,8.0,1.0
@Raging_D_RTR @CrimsonHotMess I'm for CHANGE and EQUALITY,Hillary Clinton,NONE,Clinton,0.0,0.0,8.0,8.0,1.0
.@Theblacksphere #Hillary took a #HypocriticalOath with a vow to do harm to all that cross her. Are you #ReadyForHillary  #GOP2016,Hillary Clinton,AGAINST,Clinton,1.0,6.0,1.0,8.0,0.75
@lbush34 @HillaryClinton just defending my girl Hillary!,Hillary Clinton,FAVOR,Clinton,7.0,1.0,0.0,8.0,0.875
@larryelder The more Republicans  talk about social policy the better....for,Hillary Clinton,NONE,Clinton,1.0,2.0,5.0,8.0,0.625
The only Intelligent Choice for USA is Hillary Clinton....You can not afford to stay HOME ...you must VOTE and VOTE #UniteBlue,Hillary Clinton,FAVOR,Clinton,8.0,0.0,0.0,8.0,1.0
"@fuzislippers @KLSouth @gdebenedetti Yeah, she's a real forward thinker! Lol  #MakeAmericaGreatAgain #WhyImNotVotingForHillary",Hillary Clinton,AGAINST,Clinton,0.0,8.0,0.0,8.0,1.0
@LibtardLimbaugh @Mex38Tex @NRO Thanks so much for this article!,Hillary Clinton,NONE,Clinton,0.0,0.0,8.0,8.0,1.0
I got it! I got it!   A Hillary accomplishment!   She's managed to stay out of prison despite a 30-year crime spree. #tcot #ocra,Hillary Clinton,AGAINST,Clinton,1.0,7.0,0.0,8.0,0.875
@JebBush Here are my thoughts on the ruling: keep your archaic non-science based beliefs out of the laws of our secular nation,Hillary Clinton,NONE,Clinton,1.0,1.0,6.0,8.0,0.75
"@Reince Facts confirm what we knew. Used server to prevent e-mails from becoming public records. Like Obama, no transparency.",Hillary Clinton,AGAINST,Clinton,0.0,5.0,3.0,8.0,0.625
Republican candidates continuing to spread hatred and alienating the voters. Hillary wins!  #LoveWins #MikeHuckabee #Rubio2016,Hillary Clinton,FAVOR,Clinton,8.0,0.0,0.0,8.0,1.0
Hillary Clinton might end up having my vote. She's been tackling so many issues that America needs to face.,Hillary Clinton,FAVOR,Clinton,8.0,0.0,0.0,8.0,1.0
Apple and Walmart = MADE IN CHINA Why does our country continue to sell us out to China in every way possible? #AppleMusic,Hillary Clinton,NONE,Clinton,0.0,0.0,8.0,8.0,1.0
if Hillary wins the election there's a chance we might move to Australia. #HILLARY4PRES,Hillary Clinton,AGAINST,Clinton,0.0,8.0,0.0,8.0,1.0
@ghostseven77 WE HAVE A TROLL ! #morningjoe #unitedblue,Hillary Clinton,NONE,Clinton,0.0,0.0,8.0,8.0,1.0
"Dick Morris: @HillaryClinton is ""fundamentally corrupt"". He should know! #copolitics  #wcs15",Hillary Clinton,AGAINST,Clinton,0.0,5.0,3.0,8.0,0.625
@WestonMartinez @crazytas62 Cruz needs to autograph bomb,Hillary Clinton,NONE,Clinton,0.0,0.0,8.0,8.0,1.0
"@CidEloisa @DiggingLamb Thank you so much for RTs and FAVs, Eloisa and Thomas!!! #WakeUpAmerica",Hillary Clinton,NONE,Clinton,0.0,0.0,8.0,8.0,1.0
My how times have changed: @MartinOMalley has focused his attacks on @BernieSanders not @HillaryClinton,Hillary Clinton,NONE,Clinton,0.0,1.0,7.0,8.0,0.875
@moser_kristen  I love how you pay more attention to the democratic candidate than you own republican candidates #KnowTheEnemy,Hillary Clinton,NONE,Clinton,0.0,2.0,6.0,8.0,0.75
& I bet that @HillaryClinton is thee best choice for President in 2016she's the next best one for the people  #Vote,Hillary Clinton,FAVOR,Clinton,8.0,0.0,0.0,8.0,1.0
Can't wait to get my #YaaasHillary shirt!  @HillaryClinton,Hillary Clinton,FAVOR,Clinton,8.0,0.0,0.0,8.0,1.0
@realDonaldTrump @WhoopiGoldberg @Univision #VoteForHillary @HillaryClinton isn't racist. A leader who demands #EqualityForAll,Hillary Clinton,FAVOR,Clinton,8.0,0.0,0.0,8.0,1.0
@dhz26 I love a good sale. Money well spent. 2 birds with 1stone. #LoveWins,Hillary Clinton,NONE,Clinton,0.0,0.0,8.0,8.0,1.0
H stands for Holding Back e-mails belonging to #WeThePeople #obstructingjustice #WakeUpAmerica #HillaryLiesMatter #UniteBIue,Hillary Clinton,AGAINST,Clinton,1.0,7.0,0.0,8.0,0.875
"Bernie or Hillary? Prefer Bernie but Hillary fine. Either way, Dems gotta stand together in 2016. #FeeltheBern",Hillary Clinton,FAVOR,Clinton,6.0,0.0,2.0,8.0,0.75
"#HillaryClinton might want to book smaller venues for her rallies, if not many empty seats will be seen on TV, that's bad lol",Hillary Clinton,AGAINST,Clinton,0.0,8.0,0.0,8.0,1.0
@WNTonight i love bernie because he ain't,Hillary Clinton,NONE,Clinton,0.0,2.0,6.0,8.0,0.75
"Night, sleep tight, don't let Hillary bite. says @Tony_Tickets   ""Nightmares"" is all I say.",Hillary Clinton,AGAINST,Clinton,0.0,8.0,0.0,8.0,1.0
@foxandfriends How could we support it if it was secret??? #NoHillary2016,Hillary Clinton,AGAINST,Clinton,0.0,8.0,0.0,8.0,1.0
"Why is HRC so popular?  This deceptive socialist accomplished nothing. Is only wife of an impeached President, who enabled UBL.",Hillary Clinton,AGAINST,Clinton,0.0,6.0,2.0,8.0,0.75
2016 is going to be a great year. Rush Limbaugh's contract is over and he will be dropped by so many. Liberal victory #stoprush,Hillary Clinton,NONE,Clinton,1.0,0.0,7.0,8.0,0.875
@HillaryClinton R U desperate or what? 3rd Hillary tweet on my timeline 2day. NOT gonna vote 4 U!,Hillary Clinton,AGAINST,Clinton,0.0,8.0,0.0,8.0,1.0
@awj9009 not at all I think the statute of limitations has expired plus I can always have a driver ala,Hillary Clinton,NONE,Clinton,0.0,0.0,8.0,8.0,1.0
"Never vote for @RickSantorum ""for the survival of our country"" #LoveWins",Hillary Clinton,NONE,Clinton,1.0,1.0,6.0,8.0,0.75
@voxdotcom   #wgn #WGNTV - now mentions ROMNEY? #Hillary CARE = ROMNEY CARE = #Obamacare -- now PUBLIC OPTION for ALL,Hillary Clinton,NONE,Clinton,1.0,1.0,6.0,8.0,0.75
@BDabs888 let's go shoot your now today.,Hillary Clinton,NONE,Clinton,0.0,1.0,7.0,8.0,0.875
"I guarantee Hillary could care less about black rights.  If Obama did, blacks wouldn't be in the same predicament still.",Hillary Clinton,AGAINST,Clinton,1.0,7.0,0.0,8.0,0.875
"Hillary LIES, yet people still desire her as the President of the United States. #sad",Hillary Clinton,AGAINST,Clinton,0.0,8.0,0.0,8.0,1.0
@17leete17 hahaha. He is some kind of special..  this is why Hillary's going to win! Hahaha.,Hillary Clinton,FAVOR,Clinton,7.0,0.0,1.0,8.0,0.875
@realDonaldTrump @MalachiNorris lol!!!!  That is one of the funniest things I've heard in a while!!!!,Hillary Clinton,NONE,Clinton,0.0,1.0,7.0,8.0,0.875
Remember back when #CrackerBarrel gave in 2 #PoliticalCorrectness over #DuckDynasty ? #Wakeup #NASCAR  b4 it's to late  #tcot,Hillary Clinton,NONE,Clinton,0.0,3.0,5.0,8.0,0.625
Will the media ever get real with Hillary? #2016 #Benghazi #Clinton,Hillary Clinton,AGAINST,Clinton,1.0,5.0,2.0,8.0,0.625
"Last week = Life (Obamacare, gay marriage)  Today = Death (air pollution, lethal injection)  Elections matter, y'all. #SCOTUS",Hillary Clinton,NONE,Clinton,1.0,0.0,7.0,8.0,0.875
Do you know what would REALLY PISS .@HillaryClinton OFF?  .@VP .@JoeBiden runs against her. LMAO!   #WakeUpAmerica No longer is,Hillary Clinton,AGAINST,Clinton,1.0,7.0,0.0,8.0,0.875
Is there a Govt restart button? Someone needs to push that thing. #RememberBenghazi2016 #PatriotsWillRise,Hillary Clinton,NONE,Clinton,0.0,3.0,5.0,8.0,0.625
"Bad punning gets worse, not better, over time. Remember that, America",Hillary Clinton,NONE,Clinton,1.0,0.0,7.0,8.0,0.875
"#Putin, the last thing the US needs right now is another #Clinton or #Bush in the White house. We're a dynasty now? #Jeb2016",Hillary Clinton,AGAINST,Clinton,0.0,8.0,0.0,8.0,1.0
Hillary's New Campaign slogan is:  HILLARY - NOTHING TO HIDE BUT THE TRUTH!  #tcot #WakeUpAmerica,Hillary Clinton,AGAINST,Clinton,1.0,7.0,0.0,8.0,0.875
@GOP Of course @HillaryClinton is silent. That insures she doesn't have 2 stand 4 ANYTHING & less chance of offending voters,Hillary Clinton,AGAINST,Clinton,0.0,8.0,0.0,8.0,1.0
Don't you someday want to see a well qualified candidate by the president of the United States? #ReflectingHillary,Hillary Clinton,FAVOR,Clinton,5.0,1.0,2.0,8.0,0.625
"It's Monday night,do you know where your Hillary supporters are? In Rock Hill at our Amazing Phone bank! Come join!HillaryforSC",Hillary Clinton,FAVOR,Clinton,8.0,0.0,0.0,8.0,1.0
Casually hangin' with @HillaryClinton on a conference call while taking a break at #ACUHOI.,Hillary Clinton,FAVOR,Clinton,7.0,0.0,1.0,8.0,0.875
Our Queen City is currently infested w/ out-of-state plate Priuses driven by millennials w/ Hillary bumper stickers. #MHT,Hillary Clinton,AGAINST,Clinton,0.0,7.0,1.0,8.0,0.875
Gwen being a good leader and training a new volunteer in rock hill.! #FellowsSC #HillaryForSC,Hillary Clinton,FAVOR,Clinton,7.0,0.0,1.0,8.0,0.875
"#DemocRAT2014Slogans: ""Why work? When you can VOTE DemocRAT - twice!"" #tcot",Hillary Clinton,AGAINST,Clinton,1.0,6.0,1.0,8.0,0.75
@HillaryClinton Yes I can and will.,Hillary Clinton,FAVOR,Clinton,6.0,0.0,2.0,8.0,0.75
@HillaryClinton Yes! I am chipping in 5$ because we have faith in you.,Hillary Clinton,FAVOR,Clinton,8.0,0.0,0.0,8.0,1.0
@AndreaTantaros @3coffeesplez WTF? This just keeps getting crazier!,Hillary Clinton,NONE,Clinton,0.0,0.0,8.0,8.0,1.0
"Apparently, @BernieSanders fans don't like to see Hillary's name even implied.  #SheWhoShallNotBeNamedBecauseShesWinning",Hillary Clinton,FAVOR,Clinton,6.0,2.0,0.0,8.0,0.75
Fantastic Emmet County Dem meeting tonight in Estherville. Glad to meet some @HillaryClinton supporters!,Hillary Clinton,FAVOR,Clinton,8.0,0.0,0.0,8.0,1.0
"Gay Rights are Human Rights, and Human Rights are #GayRights - @HillaryClinton #HillaryForAmerica",Hillary Clinton,FAVOR,Clinton,8.0,0.0,0.0,8.0,1.0
I think it's funny people think Bernie can take on Hillary and Bill,Hillary Clinton,FAVOR,Clinton,7.0,0.0,1.0,8.0,0.875
As much as @BernieSanders's poll numbers have jumped I still have Hillary winning the Dem. nomination.,Hillary Clinton,FAVOR,Clinton,5.0,0.0,3.0,8.0,0.625
@PhilGlutting @megadreamin Thank you so much for RT and FAV!!! #WakeUpAmerica #Rubio2016 #Cruz2016,Hillary Clinton,AGAINST,Clinton,0.0,5.0,3.0,8.0,0.625
@marcorubio will not let our enemies take advantage of us like Obama is doing & Hillary will do! @TeamMarco #NewAmericanCentury,Hillary Clinton,AGAINST,Clinton,0.0,8.0,0.0,8.0,1.0
Just think how many emails Hillary Clinton can delete with today's #leapsecond,Hillary Clinton,AGAINST,Clinton,0.0,8.0,0.0,8.0,1.0
The kind of Gov that Liberals promise you can only be achieved and sustained with a Conservative Government.   #HeatWave #tcot,Hillary Clinton,AGAINST,Clinton,0.0,6.0,2.0,8.0,0.75
@TIMENOUT Is there anything about the Clintons that is not fraudulent?,Hillary Clinton,AGAINST,Clinton,0.0,8.0,0.0,8.0,1.0
@HillaryClinton > since trickle down economics has failed when was the last time a poor person created jobs?,Hillary Clinton,AGAINST,Clinton,0.0,7.0,1.0,8.0,0.875
@petefrt That woman is so corrupt she can't even have a truthful thought.,Hillary Clinton,AGAINST,Clinton,1.0,7.0,0.0,8.0,0.875
It's official. Every single #GOP member is now a candidate for #POTUS. Who needs #leadership when you have a #soapbox?,Hillary Clinton,AGAINST,Clinton,0.0,5.0,3.0,8.0,0.625
"So glad @ChrisChristie has announced his candidacy - fits right in with all the other ""qualifies"" republicans on the list.",Hillary Clinton,AGAINST,Clinton,1.0,5.0,2.0,8.0,0.625
"Hillary claims to be a ""champion"" of the middle class, but @RandPaul tax plan cuts the FICA tax, benefiting the middle class.",Hillary Clinton,AGAINST,Clinton,0.0,8.0,0.0,8.0,1.0
It is offensive when the mexican flag flies on US soil. California state capital. #Lovewins #univision #foxnews #DonaldTrump,Hillary Clinton,AGAINST,Clinton,0.0,6.0,2.0,8.0,0.75
Can anyone name the jobs #HillaryClinton has been responsible for creating.. Even her security is an entitlement...,Hillary Clinton,AGAINST,Clinton,0.0,7.0,1.0,8.0,0.875
"@LeahR77 @DrMartyFox > With continued #Obama's & @TheDemocrats Admin policymaking, #USA will become #Greece! #WakeUpAmerica #NJ",Hillary Clinton,AGAINST,Clinton,0.0,5.0,3.0,8.0,0.625
@johnpodesta @HillaryClinton awesome every true chef needs this.. Go Hillary,Hillary Clinton,AGAINST,Clinton,3.0,5.0,0.0,8.0,0.625
@CorrectRecord is quite obsessed with emails and transparency. Why did Hillary Clinton destroy her emails? #clintonemail,Hillary Clinton,AGAINST,Clinton,0.0,6.0,2.0,8.0,0.75
@Logan_RTW I agree with her previous stance; and I'm sure she still believes in what was said before.,Hillary Clinton,AGAINST,Clinton,3.0,5.0,0.0,8.0,0.625
@HillaryClinton Hahahaha how much are you going to charge them!!!! #NoHillary2016,Hillary Clinton,AGAINST,Clinton,0.0,8.0,0.0,8.0,1.0
#AskBobby Do you think #HillaryClinton has turned over all of those emails on her private server she destroyed!,Hillary Clinton,AGAINST,Clinton,0.0,8.0,0.0,8.0,1.0
@FoxNews we just have to hang in there long enough that this idiot doesn't completely destroy the country,Hillary Clinton,AGAINST,Clinton,0.0,6.0,2.0,8.0,0.75
#AskBobby would you blame an obscure film maker for the death of #USAmbassador in #Benghazi like,Hillary Clinton,AGAINST,Clinton,0.0,5.0,3.0,8.0,0.625
I feel confident that @HillaryClinton will win  in 2016.,Hillary Clinton,AGAINST,Clinton,3.0,5.0,0.0,8.0,0.625
"@asphaultangel13 Afterall, they're just a poor black family trying to pay the bills!  @crousselle #WhyImNotVotingForHillary #TCOT",Hillary Clinton,AGAINST,Clinton,0.0,8.0,0.0,8.0,1.0
Great day in Emmetsburg meeting with #HillaryClinton supporters and learning more about important issues in Palo Alto county,Hillary Clinton,AGAINST,Clinton,3.0,5.0,0.0,8.0,0.625
"Is a Eric Holder making 7 figures in the financial industry he protected from prosecution, yet?  Why do Libs love 1%ers?",Hillary Clinton,AGAINST,Clinton,0.0,6.0,2.0,8.0,0.75
Fashion News: Hillary has a new clothing line coming out called Flip Flops R US   #tcot #Benghazi,Hillary Clinton,AGAINST,Clinton,0.0,7.0,1.0,8.0,0.875
@Jami_USA I'm just hoping we don't have to resurrect the no H8 for Hillary's second term.,Hillary Clinton,AGAINST,Clinton,0.0,6.0,2.0,8.0,0.75
U Missouri at KC got Chelsea caus Hils cost too much. Chels could arrive w/ mom - no xtra charge. @HillaryClinton,Hillary Clinton,AGAINST,Clinton,0.0,6.0,2.0,8.0,0.75
@GovChristie can't even run NJ and wants to be president? I'd vote for him before @HillaryClinton,Hillary Clinton,AGAINST,Clinton,0.0,8.0,0.0,8.0,1.0
"RT @HillaryHaikus: #Ready because one day girls will say: I want to be President, too.  #ReadyForHillary #haiku",Hillary Clinton,AGAINST,Clinton,3.0,5.0,0.0,8.0,0.625
@PhxKen Shocked she didn't burst into flames! #WakeUpAmerica #makeAmericaGreatAgain,Hillary Clinton,AGAINST,Clinton,1.0,7.0,0.0,8.0,0.875
so @AdamParkhomenko met @oliviawilde . there aren't enough words to describe my envy haha,Hillary Clinton,AGAINST,Clinton,0.0,5.0,3.0,8.0,0.625
@robin45208 @C4Constitution Thank you so much for RTs!!! #WakeUpAmerica,Hillary Clinton,AGAINST,Clinton,2.0,5.0,1.0,8.0,0.625
Republican donors have numerous candidates to put their money on. Dems basically have one. We're gonna get killed financially.,Hillary Clinton,AGAINST,Clinton,1.0,5.0,2.0,8.0,0.625
Can @DavidCornDC help Cuckold Conservatives win in 2016!  More cuckoldry please!  #Christie2016 #DonaldTrump #UniteBlue #p2,Hillary Clinton,AGAINST,Clinton,1.0,6.0,1.0,8.0,0.75
Chris Christie for President? HAHAHAHAHA!  I don't think so!  @HillaryClinton #Clinton #Hilary,Hillary Clinton,AGAINST,Clinton,3.0,5.0,0.0,8.0,0.625
@megynkelly Hahahaha combed through emails!!! Bunch of scumbags!!! #NoHillary2016,Hillary Clinton,AGAINST,Clinton,0.0,7.0,1.0,8.0,0.875
Loved talking with Yvette today about education and women's voices in politics. Can't wait to see her on caucus day! #FellowsIA,Hillary Clinton,AGAINST,Clinton,0.0,5.0,3.0,8.0,0.625
"#BENGHAZI WAIT DID I SAY ""THANK GOD?"" VOTERS? SRY!! MT!! I MEANT ""THANK GOODNESS!"" NO OFFENSE INTENDED! ##tcot",Hillary Clinton,AGAINST,Clinton,0.0,5.0,3.0,8.0,0.625
@pikester45 Exactly what I don't want to see happen in America.,Hillary Clinton,AGAINST,Clinton,0.0,5.0,3.0,8.0,0.625
"@Lawrence @TheLastWord There is no enthusiasm gap, Mr. Lawrence!    -@TheHRCSuperVols   @JW4Hillary @kimfrederi #Hillarymen",Hillary Clinton,AGAINST,Clinton,1.0,6.0,1.0,8.0,0.75
@HlLLARY @ToniforAsm Hillary for Prez = Obama's third term and that's the last thing we need!!,Hillary Clinton,AGAINST,Clinton,0.0,8.0,0.0,8.0,1.0
@businessinsider One thing that's painful is the mindless minutiae her strap hanging cling-ons force her to endure. #huma,Hillary Clinton,AGAINST,Clinton,0.0,7.0,1.0,8.0,0.875
The guy in the multicolored shirt looks chi as fuck.,Hillary Clinton,AGAINST,Clinton,1.0,5.0,2.0,8.0,0.625
Insurgent. What will happen if Hillary becomes dictator in chief.,Hillary Clinton,AGAINST,Clinton,0.0,8.0,0.0,8.0,1.0
How can we expect u to make good financial decisions for the US if u can't manage ur own multimillion $ salary so ur not broke,Hillary Clinton,AGAINST,Clinton,0.0,7.0,1.0,8.0,0.875
"@liars_never_win @HillaryClinton shhh, go get me an iced tea.....",Hillary Clinton,AGAINST,Clinton,0.0,8.0,0.0,8.0,1.0
@FoxNews @GovChristie @HillaryClinton Actually she should be disqualified from running!How many scams and ethics problems now?,Hillary Clinton,AGAINST,Clinton,0.0,7.0,1.0,8.0,0.875
#Christie2016 you can't claim #Bridgegate wasn't your fault when you were the man behind the wheel. #GOP  #TeaParty #TCOT #DEM,Hillary Clinton,AGAINST,Clinton,0.0,6.0,2.0,8.0,0.75
@Debber66 @andersonDrLJA She will be a  #CenterHitler.,Hillary Clinton,AGAINST,Clinton,0.0,8.0,0.0,8.0,1.0
"@HillaryforNV @MissLynnetteH 2 hours left, let's chip in $5, Nevada! #raisethenewPOTUS",Hillary Clinton,AGAINST,Clinton,1.0,7.0,0.0,8.0,0.875
How anyone can believe a single word that comes out of that woman's mouth is beyond me...,Hillary Clinton,AGAINST,Clinton,1.0,6.0,1.0,8.0,0.75
RT @Waitingforahero: 2nd tweet-#POTUS2016 candidates #guncontrol Read article-esp #JebBush (make #GunViolence worse) & #GunSen...,Hillary Clinton,AGAINST,Clinton,1.0,6.0,1.0,8.0,0.75
@HillaryIn2016 hey I just checked your blog. Kudos! Keep it up!,Hillary Clinton,AGAINST,Clinton,3.0,5.0,0.0,8.0,0.625
"The owner of Univisin, donated as much as $25 million to the Clinton Foundation, his wife sits on its board #Univision #Trump",Hillary Clinton,AGAINST,Clinton,1.0,7.0,0.0,8.0,0.875
Hillary had just enough time to doctor her email inbox to her advantage before releasing them.... hahaha #justkidding,Hillary Clinton,AGAINST,Clinton,0.0,8.0,0.0,8.0,1.0
".@davelevinthal Operating a shredder, now @hillaryclinton is WAY more adept at using THAT! #WakeUpAmerica #TCOT #OhHillNO!",Hillary Clinton,AGAINST,Clinton,1.0,7.0,0.0,8.0,0.875
"@theblaze gee,  what a busy schedule she had.",Hillary Clinton,AGAINST,Clinton,0.0,8.0,0.0,8.0,1.0
So you're used to the @AP calling for your approval before running a story @davidaxelrod?   #LikeHillary #HillaryEmails,Hillary Clinton,AGAINST,Clinton,0.0,7.0,1.0,8.0,0.875
"White, middle-aged men did a pretty good job leading this Country for 230 yrs. Racist? Sexist? No, I'm a realist.",Hillary Clinton,AGAINST,Clinton,0.0,8.0,0.0,8.0,1.0
It's more than mistakes...with #HillaryClinton lying and cover-ups are a way of life. @NormanSie @n2toom  #tcot #uniteblue,Hillary Clinton,AGAINST,Clinton,1.0,6.0,1.0,8.0,0.75
Hillary can't use a fucking fax machine but you idiots are going to vote for her to be President?,Hillary Clinton,AGAINST,Clinton,0.0,8.0,0.0,8.0,1.0
@gerfingerpoken2 #hillary is most likely a felon many times over but has been protected by the political class.,Hillary Clinton,AGAINST,Clinton,0.0,8.0,0.0,8.0,1.0
@HillaryClinton you have my support. (Now lets see how many people unfollow me.) #2016election,Hillary Clinton,AGAINST,Clinton,1.0,7.0,0.0,8.0,0.875
#Hillary's still very weak among grassroots - as shown by how strong #BernieSanders got how fast on how little. @AaronBlakeWP,Hillary Clinton,AGAINST,Clinton,0.0,8.0,0.0,8.0,1.0
"Now that #Hillary is raising money like an incumbent president, can we stop pretending that she won't be the nominee?",Hillary Clinton,AGAINST,Clinton,0.0,8.0,0.0,8.0,1.0
"All Americans have value to our society, it's called a vote. #LiberalLogic    #InternationalJokeDay",Hillary Clinton,AGAINST,Clinton,0.0,7.0,1.0,8.0,0.875
Free market capitalism is America's best friend because of constant pressure to innovate & use resources efficiently.,Hillary Clinton,AGAINST,Clinton,0.0,7.0,1.0,8.0,0.875
Thank you for your kind RTs and FAVs @pamnsc !!! #WakeUpAmerica #todosmarchamos #Cuba,Hillary Clinton,AGAINST,Clinton,1.0,7.0,0.0,8.0,0.875
Hillary's campaign raised $45 million  91% of all donations were $100 or less  This is a record. Beating Obama's record in '11,Hillary Clinton,AGAINST,Clinton,1.0,7.0,0.0,8.0,0.875
Win with the Blacks. Put some of your focus on the racial tension between Blacks and Whites.,Hillary Clinton,AGAINST,Clinton,1.0,6.0,1.0,8.0,0.75
".@NewtGingrich on @HillaryClinton: ""She's very formidable... she's a very competent person.",Hillary Clinton,AGAINST,Clinton,1.0,7.0,0.0,8.0,0.875
@WashTimes @BretBaier Why is there no outrage about all the smoke & mirrors w/ this candidate? Are you hiding Hill! #SpillHill,Hillary Clinton,AGAINST,Clinton,0.0,8.0,0.0,8.0,1.0
I'm really excited for 2016 after finding out the amount @HillaryClinton raised. We got this.,Hillary Clinton,AGAINST,Clinton,1.0,7.0,0.0,8.0,0.875
@docdebags @awelab1956 @BuzzFeedAndrew @BuzzFeedNews  It will. Otherwise we're guaranteed GOP in control of all 3 branches.,Hillary Clinton,AGAINST,Clinton,0.0,7.0,1.0,8.0,0.875
.@DavidLimbaugh - agree put it back.. But I have a feeling it won't go away.. It will keep coming back!,Hillary Clinton,AGAINST,Clinton,0.0,7.0,1.0,8.0,0.875
"of lear jets and fax machines...LOL @HillaryClinton ""woman of the people"" HA! #BestTheyveGot #SlushFund #UraniumDeal #SniperFire",Hillary Clinton,AGAINST,Clinton,0.0,8.0,0.0,8.0,1.0
.@FoxNews @brithume ok.. So where are these emails coming from? Didnt @HillaryClinton already say the server was erased? #LIES,Hillary Clinton,AGAINST,Clinton,0.0,8.0,0.0,8.0,1.0
I dreamt about Hilary Clinton last night. Does this mean her plans to control us and take over the world are coming true?,Hillary Clinton,AGAINST,Clinton,0.0,8.0,0.0,8.0,1.0
@CoachDLG515 @Retired36 I'm glad that you will now slice all round.,Hillary Clinton,AGAINST,Clinton,0.0,5.0,3.0,8.0,0.625
#Obama administration lies again.. Knew of #HillaryEmails being private.. transparency????,Hillary Clinton,AGAINST,Clinton,0.0,8.0,0.0,8.0,1.0
"Dude, why can't Hillary run a fax machine?",Hillary Clinton,AGAINST,Clinton,0.0,8.0,0.0,8.0,1.0
@jimlibertarian @peddoc63 @Callisto1947 @MaydnUSA @c5hardtop1999 @surfermom77 @SMolloyDVM That's right!,Hillary Clinton,AGAINST,Clinton,0.0,7.0,1.0,8.0,0.875
If a man demanded staff to get him an ice tea he'd be called a sexists elitist pig.. Oink oink #Hillary,Hillary Clinton,AGAINST,Clinton,0.0,8.0,0.0,8.0,1.0
@HillaryClinton will be the nominee for the Democratic Party. Period. And she's gonna win the Presidency too. #SorryBernie,Hillary Clinton,AGAINST,Clinton,1.0,7.0,0.0,8.0,0.875
"@RNRNewYork in her #Emails @HillaryClinton said there were ""a couple of Facebooks"" on her :) #TotalIncompetence #RedNationRising",Hillary Clinton,AGAINST,Clinton,1.0,7.0,0.0,8.0,0.875
"@DrMartyFox @BossHoggUSMC @JohnFromCranber @seanhannity @SheriffClarke Fine, they can leave USA & never come back. #OiP #Cruz2016",Hillary Clinton,AGAINST,Clinton,0.0,7.0,1.0,8.0,0.875
"My birthday is on July 24th, if anyone needs a gift idea #ChillaryClinton",Hillary Clinton,AGAINST,Clinton,0.0,6.0,2.0,8.0,0.75
LOOKING FORWARD TO #CUBA EXPANDING MAJOR EXPORTS OF PICK UP TRUCKS CONVERTED INTO RAFTS!! SO EXCITING! #tcot,Hillary Clinton,AGAINST,Clinton,0.0,8.0,0.0,8.0,1.0
@POTUS I want you to President for a 3rd term!!! Please make it happen LOL! I'm fine with,Hillary Clinton,AGAINST,Clinton,0.0,7.0,1.0,8.0,0.875
#AskPOTUS Would you fire the #GOP congress for not doing their job if you could? #GOPFail,Hillary Clinton,AGAINST,Clinton,1.0,7.0,0.0,8.0,0.875
@jhewitt1280 @SpeakerBoehner @HouseBenghazi @TGowdySC What her emails? They released the rest all very boring.,Hillary Clinton,AGAINST,Clinton,1.0,6.0,1.0,8.0,0.75
"hey ""transparent"" @HillaryClinton so...who is ""Santa""? #LibHack #Pay2Play #Corruptocrat #tcot #Benghazi #VinceFoster #Monica",Hillary Clinton,AGAINST,Clinton,0.0,8.0,0.0,8.0,1.0
"Take it easy Ed, #BernieSanders is a side show. Democrats are having some fun before getting back to reality in Nov 2016.",Hillary Clinton,AGAINST,Clinton,0.0,8.0,0.0,8.0,1.0
The Kool-Aid drinking leftanistas continue to close ranks with support for Madame Secretary. WTF? Hillary is a fraud full of lies.,Hillary Clinton,AGAINST,Clinton,0.0,8.0,0.0,8.0,1.0
"Trump's inauguration speech (God Forbid)!!.....Me-me-me-me-China-me-me,""did i mention me yet!?..where's my hairspray China",Hillary Clinton,AGAINST,Clinton,1.0,6.0,1.0,8.0,0.75
#KCA #VoteJKT48ID RfWheels3015: davidjones720 rratkinson Right I mean what the heck is an #ArabDonorGroup ?? #HillaryEmails #D...,Hillary Clinton,AGAINST,Clinton,0.0,6.0,2.0,8.0,0.75
@HillaryClinton is opening 10 more offices in Iowa this week.  She's not playing around! #iacaucus,Hillary Clinton,AGAINST,Clinton,0.0,7.0,1.0,8.0,0.875
Obama give Americans OVERTIME Pay! Republicans give Americans Welfare Checks! #tcot #UniteBlue,Hillary Clinton,AGAINST,Clinton,1.0,7.0,0.0,8.0,0.875
"Make sure to make it to the Brew House in Pella, IA tomorrow @ 3 to meet with @HillaryClinton supporters!",Hillary Clinton,AGAINST,Clinton,1.0,7.0,0.0,8.0,0.875
#Univision ignores Latino candidate Marco Rubio because he doesn't fit their narrative.They're invested with Hillary #rubio2016,Hillary Clinton,AGAINST,Clinton,0.0,8.0,0.0,8.0,1.0
"Overheard at the Davenport open house: ""Oh, I know you from Facebook!"" #DigitalOrganizing",Hillary Clinton,AGAINST,Clinton,0.0,7.0,1.0,8.0,0.875
"@TODAYshow @ChrisChristie is not qualified b/c he eats $82,000 in snacks & b/c of D corruption of #Bridgegate  A BIG FAT BULLY!",Hillary Clinton,AGAINST,Clinton,0.0,8.0,0.0,8.0,1.0
@AutumnNAlston @JonathanDKF @_sarah_babb_ @McCollumMike @HillaryClinton @HillaryforSC Inaugural tweet from our new account! Go,Hillary Clinton,AGAINST,Clinton,0.0,8.0,0.0,8.0,1.0
"@hughhewitt like I tweeted you way back when, #ACA software can be fixed , but GOP strategic mistake of 'repeal' can't be fixed",Hillary Clinton,AGAINST,Clinton,0.0,7.0,1.0,8.0,0.875
@msnbc @Lawrence @JoeBiden @SenSanders  we love Joe and Bernie--but they ARE too OLD--they would end up a #OneTerm President,Hillary Clinton,AGAINST,Clinton,0.0,7.0,1.0,8.0,0.875
HER NAME IS RIO AND SHE DANCES IN THE SANAAAAAND!!! WHOOOO!! #tcOT,Hillary Clinton,AGAINST,Clinton,0.0,8.0,0.0,8.0,1.0
@RobBently @JonahNRO @BernieSanders Hillary campaign  will shortly announce that Sanders was born in Canada. Yeah that's it.,Hillary Clinton,AGAINST,Clinton,0.0,8.0,0.0,8.0,1.0
"Bill Clinton Decided against taking out Bin Laden.   And we Got September 11, 2001.",Hillary Clinton,AGAINST,Clinton,0.0,6.0,2.0,8.0,0.75
@politico   YAWNzzzzzzzzzzzzzz could keep the z's going for the full amt of Tweet characters but you get the point.,Hillary Clinton,AGAINST,Clinton,1.0,7.0,0.0,8.0,0.875
"The Democrats are not creating Al QAEDA, they are creating A NUCLEAR ISIS.  THINK ABOUT THAT.",Hillary Clinton,AGAINST,Clinton,0.0,8.0,0.0,8.0,1.0
Kind of scares me that there are still thousands of emails that have not been released from Hillary's private emails.,Hillary Clinton,AGAINST,Clinton,0.0,8.0,0.0,8.0,1.0
"#TheDonald can't keep a beauty pageant afloat and wants to be the President?  Aw, hell no.",Hillary Clinton,AGAINST,Clinton,0.0,7.0,1.0,8.0,0.875
You know emailgate must be going nowhere when Fox News are hashing out the Bosnia 'sniper fire' story again.,Hillary Clinton,AGAINST,Clinton,0.0,7.0,1.0,8.0,0.875
BIG BOOTY BITCHES BIG BIG BOOTY BITCHES,Hillary Clinton,AGAINST,Clinton,0.0,7.0,1.0,8.0,0.875
"@maddow I love Bern, but it's not his time!",Hillary Clinton,AGAINST,Clinton,0.0,7.0,1.0,8.0,0.875
It's what's best for business and presidential seat for #HillaryClinton,Hillary Clinton,AGAINST,Clinton,0.0,8.0,0.0,8.0,1.0
It's great that @JebBush supports GMO crops. It's like the IT scepticism all over again. Science vs belief. #JebBush,Hillary Clinton,AGAINST,Clinton,0.0,8.0,0.0,8.0,1.0
"Folks, this is what happens when Liberals are in control! All hell breaks loose! Had enough yet?",Hillary Clinton,AGAINST,Clinton,0.0,8.0,0.0,8.0,1.0
If you need me I'll be screaming like a little baby from now until about ten minutes after @HillaryClinton arrives in #PTown.,Hillary Clinton,AGAINST,Clinton,0.0,8.0,0.0,8.0,1.0
The biggest dumps of bad info is b4 a holiday weekend. What comes out of WH and state dept today? #HillaryEmails  #LiarLiar,Hillary Clinton,AGAINST,Clinton,0.0,8.0,0.0,8.0,1.0
Leader of free world. Global navigating. Interacting with the international community. Beyond big crowds. Learned lesson.,Hillary Clinton,AGAINST,Clinton,0.0,8.0,0.0,8.0,1.0
Those aren't pantsuits. They are camouflage outfits carefully tailored to minimize silhouette. Think stealthsuits.Very high tech.,Hillary Clinton,AGAINST,Clinton,0.0,8.0,0.0,8.0,1.0
Just ordered my Chillary Clinton Koozies. Gotta support the team.,Hillary Clinton,AGAINST,Clinton,1.0,7.0,0.0,8.0,0.875
We can't expect change if we continue to vote for the same people. You have to take a chance 4yrs is not that long #Bernie2016,Hillary Clinton,AGAINST,Clinton,1.0,5.0,2.0,8.0,0.625
@realDonaldTrump not good when only @AnnCoulter defends you. Your big mouth & giant ego are your downfall #stupidisasstupiddoes,Hillary Clinton,AGAINST,Clinton,0.0,6.0,2.0,8.0,0.75
"Hillary must have been at the Navy Yard, under sniper fire!",Hillary Clinton,AGAINST,Clinton,0.0,7.0,1.0,8.0,0.875
"@JW4Hillary @MrDane1982 I choose ""it takes a village!",Hillary Clinton,AGAINST,Clinton,1.0,6.0,1.0,8.0,0.75
"@mizerello @meetthepress at least he didn't lose an embassy, cover up a murder, or burn govt emails.",Hillary Clinton,AGAINST,Clinton,1.0,5.0,2.0,8.0,0.625
#HILLARY has been lying for so long that her first fib was in morse code #HillNo2016,Hillary Clinton,AGAINST,Clinton,1.0,7.0,0.0,8.0,0.875
EVERYDAY AMERICANS AND THEIR FAMILIES NEED A CHAMPION AND HILLARY WILL BE THAT CHAMPION.,Hillary Clinton,FAVOR,Clinton,6.0,2.0,0.0,8.0,0.75
#INeedMeninist because @HillaryClinton is running for president...do I need to say more?,Hillary Clinton,AGAINST,Clinton,0.0,7.0,1.0,8.0,0.875
Cruz-- Perry 2016 @tedcruz @GovernorPerry It's the only win-win choice,Hillary Clinton,AGAINST,Clinton,0.0,6.0,2.0,8.0,0.75
#CPC thinks they can run antisocial personal attack advertising on #socialmedia! LOL! #cdnpoli #StopHarper #FeelTheBern #fnpoli,Hillary Clinton,NONE,Clinton,0.0,3.0,5.0,8.0,0.625
@CBSThisMorning Bernie Sanders had record crowds in Madison wis why no mention from you guys you talked about trump #Trump,Hillary Clinton,NONE,Clinton,0.0,3.0,5.0,8.0,0.625
Was asked by @HillaryClinton to help with her campaign. Gladly (excitedly) accepted!,Hillary Clinton,FAVOR,Clinton,5.0,2.0,1.0,8.0,0.625
"@HillaryforIA come on, Iowa! For better USA and the ROW",Hillary Clinton,FAVOR,Clinton,5.0,2.0,1.0,8.0,0.625
"Pundits say Jim Webb facing uphill battle with Hillary.  Really, it's with Bernie for the anti-Hillary vote.  #JimWebb",Hillary Clinton,AGAINST,Clinton,0.0,6.0,2.0,8.0,0.75
Exciting to hear more about our Fellows all across the country on tonight's call. Special shout-out to the #FellowsIA.,Hillary Clinton,NONE,Clinton,0.0,3.0,5.0,8.0,0.625
@AnitaFinlay @politico Hillary's doing the right thing -- staying focus on her campaign.,Hillary Clinton,FAVOR,Clinton,5.0,3.0,0.0,8.0,0.625
@chicagotribune #ayyylmao do #Democrats & other #liberals realize no one wants #HillaryClinton which is #Obamanation 2.0?,Hillary Clinton,AGAINST,Clinton,0.0,8.0,0.0,8.0,1.0
"@betheljd Thanks for the follow David, may God bless you and your family.  #freeallfour",Hillary Clinton,NONE,Clinton,0.0,3.0,5.0,8.0,0.625
"@Network_Citizen @ProudInfidel33 @YoungBLKRepub ""@HillaryClinton can't even manage @billclinton and she wants to be @POTUS"" #lol",Hillary Clinton,AGAINST,Clinton,0.0,8.0,0.0,8.0,1.0
"@sunbeltgirl @9975Ts @bobwilsonn ""@HillaryClinton can't even manage @billclinton and she wants to be @POTUS"" #lol #StopHillary2016",Hillary Clinton,AGAINST,Clinton,0.0,8.0,0.0,8.0,1.0
"@WoodenThreat @ProudInfidel33 ""@HillaryClinton can't even manage @billclinton and she wants to be @POTUS"" #lol",Hillary Clinton,AGAINST,Clinton,0.0,8.0,0.0,8.0,1.0
"@kin2souls @sunbeltgirl @ChristiChat ""@HillaryClinton can't even manage @billclinton and she wants to be @POTUS"" #lol",Hillary Clinton,AGAINST,Clinton,0.0,8.0,0.0,8.0,1.0
"@RedStateJake ""@HillaryClinton can't even manage @billclinton and she wants to be @POTUS"" #lol #WakeUpAmerica #StopHillary2016",Hillary Clinton,AGAINST,Clinton,0.0,8.0,0.0,8.0,1.0
@gerfingerpoken Why is this woman like teflon?  She has committed enuf egregious crimes she should B superglued 2the dang wall!,Hillary Clinton,AGAINST,Clinton,0.0,8.0,0.0,8.0,1.0
"@Babbsgirl2 ""@HillaryClinton can't even manage @billclinton and she wants to be @POTUS"" #lol #WakeUpAmerica #StopHillary2016",Hillary Clinton,AGAINST,Clinton,0.0,8.0,0.0,8.0,1.0
"@ResistTyranny ""@HillaryClinton can't even manage @billclinton and she wants to be @POTUS"" #lol #WakeUpAmerica #StopHillary2016",Hillary Clinton,AGAINST,Clinton,0.0,8.0,0.0,8.0,1.0
"@weknowwhatsbest ""@HillaryClinton can't even manage @billclinton and she wants to be @POTUS"" #lol #WakeUpAmerica #StopHillary2016",Hillary Clinton,AGAINST,Clinton,0.0,8.0,0.0,8.0,1.0
@randyprine @fabiaceae They know they're going to lose to HRC so they keep trying!,Hillary Clinton,FAVOR,Clinton,5.0,2.0,1.0,8.0,0.625
"@realDonaldTrump ""@HillaryClinton can't even manage @billclinton and she wants to be @POTUS"" #lol #WakeUpAmerica #StopHillary2016",Hillary Clinton,AGAINST,Clinton,0.0,8.0,0.0,8.0,1.0
If you support @HillaryClinton you are supporting another term of the policies of George W Bush. #democrats #mepolitics,Hillary Clinton,AGAINST,Clinton,1.0,6.0,1.0,8.0,0.75
@Shy_Buffy welcome little sister! Love you!,Hillary Clinton,NONE,Clinton,0.0,2.0,6.0,8.0,0.75
"@politico @anniekarni ""@HillaryClinton can't even manage @billclinton & she wants to be @POTUS"" #WakeUpAmerica #StopHillary2016",Hillary Clinton,AGAINST,Clinton,1.0,7.0,0.0,8.0,0.875
"@oreillyfactor ""@HillaryClinton can't even manage @billclinton and she wants to be @POTUS"" #lol #WakeUpAmerica #StopHillary2016",Hillary Clinton,AGAINST,Clinton,0.0,8.0,0.0,8.0,1.0
"@FoxNews  ""@HillaryClinton can't even manage @billclinton and she wants to be @POTUS"" #lol #WakeUpAmerica #StopHillary2016",Hillary Clinton,AGAINST,Clinton,0.0,8.0,0.0,8.0,1.0
"@politico  ""@HillaryClinton can't even manage @billclinton and she wants to be @POTUS"" #lol #WakeUpAmerica #StopHillary2016",Hillary Clinton,AGAINST,Clinton,0.0,8.0,0.0,8.0,1.0
Another #Hillary supporter committed to caucus tonight! One more step on the way to winning the Iowa caucus.,Hillary Clinton,FAVOR,Clinton,6.0,2.0,0.0,8.0,0.75
"@TIMENOUT  ""@HillaryClinton can't even manage @billclinton and she wants to be @POTUS"" #lol #WakeUpAmerica #StopHillary2016",Hillary Clinton,AGAINST,Clinton,0.0,8.0,0.0,8.0,1.0
So thankful for all of the volunteers who joined us at Bliss Studio in Fairfield tonight! #Rockstars,Hillary Clinton,NONE,Clinton,0.0,2.0,6.0,8.0,0.75
The most revealing part about Hillary's released emails is that they're pretty much as boring as mine. #nofriends,Hillary Clinton,AGAINST,Clinton,0.0,6.0,2.0,8.0,0.75
"@FrankCraig: @skzdalimit if you're the best your side has to offer, we have nothing to worry about, slick.",Hillary Clinton,NONE,Clinton,0.0,2.0,6.0,8.0,0.75
"@RAM0018 @joanwalsh @Salon @BreeNewsome @chrislhayes Without the blacks and minority voters? NO, Won't happen!",Hillary Clinton,NONE,Clinton,0.0,2.0,6.0,8.0,0.75
@popcornreel @joanwalsh @SenSanders @BernieSanders He is what he is and it doesn't resonate with minority and black voters!,Hillary Clinton,NONE,Clinton,0.0,2.0,6.0,8.0,0.75
@awadgolf @Crossbearer1956 @ScottSaxman1 This is why I'm not voting for Hillary,Hillary Clinton,AGAINST,Clinton,0.0,8.0,0.0,8.0,1.0
@foxnewspolitics NOT EVEN A LITTLE BIT!!! #Nobama #WeMissYouGipper,Hillary Clinton,NONE,Clinton,0.0,2.0,6.0,8.0,0.75
"#Putin, #NothingMoreAmericanThan voting based for a politician to lead the country when she can't even handle email. #think",Hillary Clinton,AGAINST,Clinton,0.0,7.0,1.0,8.0,0.875
"#Putin, #NothingMoreAmericanThan voting for a politician to lead the country when she can't even handle email. #think",Hillary Clinton,AGAINST,Clinton,0.0,7.0,1.0,8.0,0.875
2 people that are surprising? Trump &Fiorina. Why? Cause they're being honest w/what they think.  Obama built that.,Hillary Clinton,NONE,Clinton,0.0,2.0,6.0,8.0,0.75
"So we're to believe that ""Santa"" is a hairstylist?   Um... okay. You often need code for that. #Lies",Hillary Clinton,NONE,Clinton,0.0,2.0,6.0,8.0,0.75
"Jimmy Fallon music playing. Thank you .... #DonaldTrump  ... for driving Latinos and Gays out to vote by the millions.  Love,",Hillary Clinton,NONE,Clinton,0.0,2.0,6.0,8.0,0.75
@oreillyfactor Who gives a rate ass what a Old Queen has to say about Clarence Thomas?,Hillary Clinton,NONE,Clinton,0.0,2.0,6.0,8.0,0.75
So excited to hear @HillaryClinton speak here at @dartmouth in #Hanover #HillaryinNH @HillaryforNH,Hillary Clinton,FAVOR,Clinton,7.0,0.0,1.0,8.0,0.875
#HillaryInNH is like Adolph Hitler in a Synagogue.   #tcot #uniteblue #ctot,Hillary Clinton,AGAINST,Clinton,2.0,6.0,0.0,8.0,0.75
@Ered604 welcome 2 Twitter~PROUD to be #UNITEBLUE~  #WarOnWomen  #worldpeace  #tngov #TN #socialjustice #AllLivesMatter #unity,Hillary Clinton,NONE,Clinton,0.0,2.0,6.0,8.0,0.75
Volunteer with  your local campaign this weekend! Help build Team Hillary - march w/ us in Bethesda! @AdamParkhomenko #MD,Hillary Clinton,FAVOR,Clinton,5.0,3.0,0.0,8.0,0.625
Didn't think about that. Don't think I'd ever vote for someone with dual citizenship. Can't believe it's legal. #Bernie,Hillary Clinton,NONE,Clinton,0.0,3.0,5.0,8.0,0.625
Clinton entitlement is the proverbial American hemorrhoid #tcot #Opinionated,Hillary Clinton,AGAINST,Clinton,0.0,8.0,0.0,8.0,1.0
"Norman Hsu illegally donated $850,000 to @HillaryClinton, there is evidence he worked for China.  White House for sale.",Hillary Clinton,AGAINST,Clinton,0.0,6.0,2.0,8.0,0.75
"@kryptickaos_ I would have to agree, but I would be surprised if he gets the nom. Jeb bush has the money, and he's a moderate.",Hillary Clinton,NONE,Clinton,0.0,3.0,5.0,8.0,0.625
"@HillaryClinton lied about the cost of the gala, she was fined for it, but if it were @GOP they'd be in jail  Unfit for office",Hillary Clinton,AGAINST,Clinton,0.0,8.0,0.0,8.0,1.0
Fabulous @HillaryClinton ! You hit on every subject and I am proud of you ending on a note of kindness. #HillaryInNH,Hillary Clinton,FAVOR,Clinton,5.0,3.0,0.0,8.0,0.625
"#SOCIALMEDIA is NOT for #sociopaths & #psychopaths. If you insult people u don't know, you are the above. Resign. #feelthebern",Hillary Clinton,NONE,Clinton,0.0,2.0,6.0,8.0,0.75
@ZekeJMiller @BretBaier @danmericaCNN  How could anyone vote for that woman?,Hillary Clinton,AGAINST,Clinton,0.0,6.0,2.0,8.0,0.75
@RedHatGeek Hillary's nose from lying is now bigger than Bill's cigars.,Hillary Clinton,AGAINST,Clinton,0.0,7.0,1.0,8.0,0.875
@DemocratGuide @Reuters bur #Hlllary just raised 45 million!,Hillary Clinton,AGAINST,Clinton,1.0,5.0,2.0,8.0,0.625
Hopefully Hillary Clinton gets cancer and dies before she gets the opportunity to embarrass our country any further. #july4th,Hillary Clinton,AGAINST,Clinton,0.0,8.0,0.0,8.0,1.0
@JOEL5H @wonderfullone @Bipartisanism I hear the Peter Gunn theme. She's going to kick some serious GOP ass.,Hillary Clinton,AGAINST,Clinton,0.0,6.0,2.0,8.0,0.75
At least the few mistakes made by @GOP candidates on the campaign aren't felonies like the ones@HillaryClinton makes.#OhHillNo,Hillary Clinton,AGAINST,Clinton,0.0,6.0,2.0,8.0,0.75
Great comments by @MittRomney about pathological liar #HillaryClinton .,Hillary Clinton,AGAINST,Clinton,0.0,8.0,0.0,8.0,1.0
I wish Bernie's fans would stop screaming. #Bernie2016,Hillary Clinton,AGAINST,Clinton,1.0,5.0,2.0,8.0,0.625
@realDonaldTrump is the only honest voice of the @GOP and that should scare the shit out of everyone!,Hillary Clinton,AGAINST,Clinton,3.0,5.0,0.0,8.0,0.625
@frodofied SO? THt will NEVER erase their support of DOMA & silence on #LGBT #LGBTQ rights until it is politically aventageous.,Hillary Clinton,AGAINST,Clinton,0.0,5.0,3.0,8.0,0.625
@roughcountry451 @vendettajane Fortunately Bryan he does not have a saying on that  #freeallfour,Hillary Clinton,AGAINST,Clinton,0.0,6.0,2.0,8.0,0.75
@anthonyweiner super out of touch and stupid.   Please go away. #NYCPride #NYC,Hillary Clinton,AGAINST,Clinton,0.0,6.0,2.0,8.0,0.75
"@clantro @jjauthor @CarmineZozzora  Why not, they lie about everything else, even when confronted with the truth.  #freeallfour",Hillary Clinton,AGAINST,Clinton,0.0,6.0,2.0,8.0,0.75
"over the river and through the woods, and UP WITH HILL WE GO! Yass #HillaryClinton  #Hillary",Hillary Clinton,AGAINST,Clinton,3.0,5.0,0.0,8.0,0.625
"I am a big HILLARY Clinton supporter. My plan is working, poor Donnie doesn't even know. #Trump2016",Hillary Clinton,AGAINST,Clinton,3.0,5.0,0.0,8.0,0.625
@greta What #Bernie2016 has done is work for DECADES on behalf of the American people not the corporatocracy who own corrupted,Hillary Clinton,AGAINST,Clinton,0.0,5.0,3.0,8.0,0.625
"@TrucksHorsesDog  #CommonCore , another brilliant idea supported by a #bush.  #nomorebushes",Hillary Clinton,AGAINST,Clinton,0.0,5.0,3.0,8.0,0.625
"Do we breathe & live or ignore & collectively succumb to toxins of political, ecological, unwanton oligards? #p2 #bernie2016",Hillary Clinton,AGAINST,Clinton,0.0,5.0,3.0,8.0,0.625
"She's NOT a WOMAN, she's a POLITICIAN. #WhyImNotVotingForHillary #StopHillaryClinton2016 #Benghazi #savetheUSA",Hillary Clinton,AGAINST,Clinton,0.0,8.0,0.0,8.0,1.0
"@HillaryClinton I wish u were in Benghazi instead of those great people, chronic liar and power hungry animal",Hillary Clinton,AGAINST,Clinton,0.0,7.0,1.0,8.0,0.875
"YAAAS, Hillary! @TsarRhys wins best dressed here at the #Merrimack 4th of July parade! #HillaryforNH",Hillary Clinton,AGAINST,Clinton,3.0,5.0,0.0,8.0,0.625
"The Dukes of Hazzard has been on tv for 36 years, yet you weren't offended until the #liberals told you to be.  #unitedblue",Hillary Clinton,AGAINST,Clinton,0.0,5.0,3.0,8.0,0.625
".@HillaryClinton The spatula seems appropriate, given that it can be used to easily flip positions if the heat gets to high.",Hillary Clinton,AGAINST,Clinton,1.0,5.0,2.0,8.0,0.625
"Why does the "" shit barometer "" always rise when Republicans speak? #USA #July4",Hillary Clinton,AGAINST,Clinton,1.0,5.0,2.0,8.0,0.625
@Ba68scgal The guy w/ the #Benghazi sign has guts Loveit #NoHillary2016,Hillary Clinton,AGAINST,Clinton,0.0,8.0,0.0,8.0,1.0
"@vendettajane Thanks for the follow, may God bless you and your family !  #freeallfour",Hillary Clinton,AGAINST,Clinton,0.0,5.0,3.0,8.0,0.625
@MyOTRadventure Compassion the new frontier Hillary will go where she's never gone before She'll need a village & a committee,Hillary Clinton,AGAINST,Clinton,2.0,5.0,1.0,8.0,0.625
Since #SNL ain't that funny anymore please @JoeBiden run for president.. if even just for the hilarious debates between you &,Hillary Clinton,AGAINST,Clinton,0.0,5.0,3.0,8.0,0.625
"I support Bernie on account USA needs a new direction but, if he loses in primary ,I'll support Hillary Clinton. #Sanders2016",Hillary Clinton,AGAINST,Clinton,2.0,5.0,1.0,8.0,0.625
"@HillaryClinton Your treatment of the press, Amb Stevens' fam, and the intel of the American ppl is enough to send you to jail",Hillary Clinton,AGAINST,Clinton,0.0,8.0,0.0,8.0,1.0
Hilly & Barry's Bloody Benghazi Bamboozle #HillaryIceCreamFlavors   #tcot #WakeUpAmerica,Hillary Clinton,AGAINST,Clinton,0.0,6.0,2.0,8.0,0.75
@NumbersMuncher @HillaryClinton She's the animal!! She's also a sellout!!! Ppl that vote for her are sellouts!! #NoHillary2016,Hillary Clinton,AGAINST,Clinton,0.0,8.0,0.0,8.0,1.0
"@redsteeze:  Broke, as in Dead broke"" Elitist Nauseating Get behind the rope  Hateful Arrogant Z Ideologue  Someone else add Z.",Hillary Clinton,AGAINST,Clinton,1.0,5.0,2.0,8.0,0.625
@redsteeze @maggieNYT By that time the guy with #Benghazi sign will be arrested.,Hillary Clinton,AGAINST,Clinton,1.0,5.0,2.0,8.0,0.625
@adamplevy @maggieNYT @danmericaCNN The people came to see & hear Hillary not the Press obstructing their view,Hillary Clinton,AGAINST,Clinton,2.0,5.0,1.0,8.0,0.625
@PoliticalShort She would have to have a conscious to be haunted. @jlconnell66 #killary #Marxism,Hillary Clinton,AGAINST,Clinton,0.0,7.0,1.0,8.0,0.875
@theblaze  Heaven forbid anyone invade the space of the Queen of Lies. -_-,Hillary Clinton,AGAINST,Clinton,1.0,6.0,1.0,8.0,0.75
"@TarekFatah @anniekarni And Abedin's penumbra, the Muslim Brotherhood. Her connection is incontrovertible #HumaAbedin",Hillary Clinton,AGAINST,Clinton,0.0,6.0,2.0,8.0,0.75
/#Leftest #Hippocratic #Domecrats won't vote for #FineLady #MichellBachmann but will vote for #EmailScandal #Benghazi #Killary,Hillary Clinton,AGAINST,Clinton,0.0,8.0,0.0,8.0,1.0
Support #independent #BernieSanders because he's not a liar. #POTUS #libcrib #democrats #tlot #republicans #WakeUpAmerica,Hillary Clinton,AGAINST,Clinton,0.0,7.0,1.0,8.0,0.875
@Babbsgirl2 @DrMartyFox She is as bad or worse possibly than #Obama and she will continue to break laws as if she is invincible.,Hillary Clinton,AGAINST,Clinton,0.0,7.0,1.0,8.0,0.875
"@nytimes was that ""awkwardness"" or ""awfulness""? I think the latter",Hillary Clinton,AGAINST,Clinton,0.0,6.0,2.0,8.0,0.75
Today's number is 8! That's how many years old Jesus was when he learned to ride a bike!  Pretty cool dude! #USWNT #proudmom,Hillary Clinton,AGAINST,Clinton,0.0,5.0,3.0,8.0,0.625
"@JessieJaneDuff Results matter. U may feel less safe, but that is ur mental health issues. No 9/11s on Obama's watch",Hillary Clinton,AGAINST,Clinton,0.0,5.0,3.0,8.0,0.625
Grateful for the chance to tell the world about my love of many flavors of ice cream! #WakeUpAmerica,Hillary Clinton,AGAINST,Clinton,0.0,5.0,3.0,8.0,0.625
"If you cant dazzle them with brilliance, baffle them with bullshit. #HillaryClinton #libstardsareidiots",Hillary Clinton,AGAINST,Clinton,1.0,6.0,1.0,8.0,0.75
@akawhit1 ITS TIME TO ROPE OFF KILLARY @FoxNews DELETE HER OFF YOUR BALLOT SHE IS A CLONE OF SODOM  INSANE OBAMMAD #WakeUpAmerica,Hillary Clinton,AGAINST,Clinton,0.0,8.0,0.0,8.0,1.0
