task,model,item_id,latency_s,eval_count,parse_error,raw_content_preview,pred_adaptation,pred_mitigation,pred_relief,pred_irrelevant,pred_regulatory,pred_fiscal,pred_symbolic,pred_reversal,gt_adaptation,gt_mitigation,gt_relief,gt_irrelevant,gt_regulatory,gt_fiscal,gt_symbolic,gt_reversal,pred_relevant,gt_relevant,pred_uncivil,gt_uncivil,pred_stance,gt_stance,pred_sentiment,gt_sentiment,pred_protest_type,gt_protest_type
state_adaptation,gemma4:31b-it-q4_K_M,AB 2480,118.705027167,116,,"```json
{
  ""adaptation"": 1,
  ""mitigation"": 0,
  ""relief"": 0,
  ""irrelevant"": 0,
  ""regulatory"": 0,
  ""fiscal"": 1,
  ""symbolic"": 1,
  ""reversal"": 0,
  ""confidence"": 0.9,
  ""regulated_party"": ""none"",
",1.0,0.0,0.0,0.0,0.0,1.0,1.0,0.0,1.0,0.0,0.0,0.0,1.0,0.0,0.0,0.0,,,,,,,,,,
state_adaptation,gemma4:31b-it-q4_K_M,HB 2143,26.843173334,118,,"```json
{
  ""adaptation"": 1,
  ""mitigation"": 0,
  ""relief"": 0,
  ""irrelevant"": 0,
  ""regulatory"": 0,
  ""fiscal"": 1,
  ""symbolic"": 0,
  ""reversal"": 0,
  ""confidence"": 0.85,
  ""regulated_party"": ""none"",",1.0,0.0,0.0,0.0,0.0,1.0,0.0,0.0,0.0,0.0,0.0,1.0,0.0,0.0,0.0,0.0,,,,,,,,,,
state_adaptation,gemma4:31b-it-q4_K_M,HR 176,20.091894292000006,86,,"```json
{""adaptation"": 0, ""mitigation"": 1, ""relief"": 0, ""irrelevant"": 0, ""regulatory"": 0, ""fiscal"": 0, ""symbolic"": 1, ""reversal"": 0, ""confidence"": 1.0, ""regulated_party"": ""none"", ""money_evidence"": ""no",0.0,1.0,0.0,0.0,0.0,0.0,1.0,0.0,0.0,1.0,0.0,0.0,0.0,0.0,1.0,0.0,,,,,,,,,,
state_adaptation,gemma4:31b-it-q4_K_M,HB 3565,26.60565079200001,113,,"```json
{
  ""adaptation"": 1,
  ""mitigation"": 0,
  ""relief"": 0,
  ""irrelevant"": 0,
  ""regulatory"": 0,
  ""fiscal"": 1,
  ""symbolic"": 0,
  ""reversal"": 0,
  ""confidence"": 1.0,
  ""regulated_party"": ""none"",
",1.0,0.0,0.0,0.0,0.0,1.0,0.0,0.0,1.0,0.0,0.0,0.0,0.0,1.0,0.0,0.0,,,,,,,,,,
state_adaptation,gemma4:31b-it-q4_K_M,HR 1135,26.833861916000014,119,,"```json
{
  ""adaptation"": 0,
  ""mitigation"": 1,
  ""relief"": 0,
  ""irrelevant"": 0,
  ""regulatory"": 1,
  ""fiscal"": 1,
  ""symbolic"": 0,
  ""reversal"": 0,
  ""confidence"": 1.0,
  ""regulated_party"": ""private",0.0,1.0,0.0,0.0,1.0,1.0,0.0,0.0,0.0,1.0,0.0,0.0,0.0,0.0,1.0,0.0,,,,,,,,,,
state_adaptation,gemma4:31b-it-q4_K_M,S 2711,29.95929529199998,116,,"```json
{
  ""adaptation"": 0,
  ""mitigation"": 1,
  ""relief"": 0,
  ""irrelevant"": 0,
  ""regulatory"": 0,
  ""fiscal"": 0,
  ""symbolic"": 1,
  ""reversal"": 0,
  ""confidence"": 0.9,
  ""regulated_party"": ""state_a",0.0,1.0,0.0,0.0,0.0,0.0,1.0,0.0,0.0,1.0,0.0,0.0,0.0,0.0,1.0,0.0,,,,,,,,,,
state_adaptation,gemma4:31b-it-q4_K_M,AJR 152,19.41818925000001,86,,"```json
{""adaptation"": 1, ""mitigation"": 0, ""relief"": 0, ""irrelevant"": 0, ""regulatory"": 0, ""fiscal"": 0, ""symbolic"": 1, ""reversal"": 0, ""confidence"": 0.9, ""regulated_party"": ""none"", ""money_evidence"": ""no",1.0,0.0,0.0,0.0,0.0,0.0,1.0,0.0,0.0,0.0,0.0,1.0,0.0,0.0,0.0,0.0,,,,,,,,,,
state_adaptation,gemma4:31b-it-q4_K_M,AB 887,38.266093333000015,86,,"```json
{""adaptation"": 0, ""mitigation"": 0, ""relief"": 0, ""irrelevant"": 1, ""regulatory"": 0, ""fiscal"": 0, ""symbolic"": 0, ""reversal"": 0, ""confidence"": 1.0, ""regulated_party"": ""none"", ""money_evidence"": ""no",0.0,0.0,0.0,1.0,0.0,0.0,0.0,0.0,0.0,0.0,0.0,1.0,0.0,0.0,0.0,0.0,,,,,,,,,,
state_adaptation,gemma4:31b-it-q4_K_M,HB 74,25.03243200000003,111,,"```json
{
  ""adaptation"": 0,
  ""mitigation"": 1,
  ""relief"": 0,
  ""irrelevant"": 0,
  ""regulatory"": 0,
  ""fiscal"": 0,
  ""symbolic"": 1,
  ""reversal"": 0,
  ""confidence"": 0.8,
  ""regulated_party"": ""none"",
",0.0,1.0,0.0,0.0,0.0,0.0,1.0,0.0,0.0,1.0,0.0,0.0,0.0,0.0,1.0,0.0,,,,,,,,,,
state_adaptation,gemma4:31b-it-q4_K_M,HB 7A,25.520355749999965,111,,"```json
{
  ""adaptation"": 1,
  ""mitigation"": 0,
  ""relief"": 0,
  ""irrelevant"": 0,
  ""regulatory"": 1,
  ""fiscal"": 0,
  ""symbolic"": 0,
  ""reversal"": 0,
  ""confidence"": 0.9,
  ""regulated_party"": ""mixed"",",1.0,0.0,0.0,0.0,1.0,0.0,0.0,0.0,1.0,0.0,0.0,0.0,0.0,0.0,1.0,0.0,,,,,,,,,,
state_adaptation,gemma4:31b-it-q4_K_M,SB 605,26.931136874999993,117,,"```json
{
  ""adaptation"": 0,
  ""mitigation"": 1,
  ""relief"": 0,
  ""irrelevant"": 0,
  ""regulatory"": 0,
  ""fiscal"": 1,
  ""symbolic"": 0,
  ""reversal"": 0,
  ""confidence"": 0.95,
  ""regulated_party"": ""none"",",0.0,1.0,0.0,0.0,0.0,1.0,0.0,0.0,0.0,1.0,0.0,0.0,0.0,0.0,1.0,0.0,,,,,,,,,,
state_adaptation,gemma4:31b-it-q4_K_M,HB 202,27.420577459000015,120,,"```json
{
  ""adaptation"": 0,
  ""mitigation"": 1,
  ""relief"": 0,
  ""irrelevant"": 0,
  ""regulatory"": 0,
  ""fiscal"": 1,
  ""symbolic"": 0,
  ""reversal"": 1,
  ""confidence"": 0.95,
  ""regulated_party"": ""privat",0.0,1.0,0.0,0.0,0.0,1.0,0.0,1.0,0.0,1.0,0.0,0.0,0.0,0.0,0.0,1.0,,,,,,,,,,
state_adaptation,gemma4:31b-it-q4_K_M,HB 1474,26.958410625,117,,"```json
{
  ""adaptation"": 1,
  ""mitigation"": 0,
  ""relief"": 0,
  ""irrelevant"": 0,
  ""regulatory"": 0,
  ""fiscal"": 1,
  ""symbolic"": 0,
  ""reversal"": 0,
  ""confidence"": 0.85,
  ""regulated_party"": ""none"",",1.0,0.0,0.0,0.0,0.0,1.0,0.0,0.0,0.0,0.0,0.0,1.0,0.0,0.0,0.0,0.0,,,,,,,,,,
state_adaptation,gemma4:31b-it-q4_K_M,SB 18-143,29.676880708,86,,"```json
{""adaptation"": 0, ""mitigation"": 0, ""relief"": 0, ""irrelevant"": 1, ""regulatory"": 0, ""fiscal"": 0, ""symbolic"": 0, ""reversal"": 0, ""confidence"": 1.0, ""regulated_party"": ""none"", ""money_evidence"": ""no",0.0,0.0,0.0,1.0,0.0,0.0,0.0,0.0,0.0,0.0,0.0,1.0,0.0,0.0,0.0,0.0,,,,,,,,,,
state_adaptation,gemma4:31b-it-q4_K_M,SB 610,21.22897741700001,91,,"```json
{""adaptation"": 0, ""mitigation"": 0, ""relief"": 0, ""irrelevant"": 1, ""regulatory"": 0, ""fiscal"": 1, ""symbolic"": 0, ""reversal"": 0, ""confidence"": 1.0, ""regulated_party"": ""none"", ""money_evidence"": ""ap",0.0,0.0,0.0,1.0,0.0,1.0,0.0,0.0,0.0,0.0,0.0,1.0,0.0,0.0,0.0,0.0,,,,,,,,,,
state_adaptation,gemma4:31b-it-q4_K_M,S 338,31.865240707999988,121,,"```json
{
  ""adaptation"": 0,
  ""mitigation"": 1,
  ""relief"": 0,
  ""irrelevant"": 0,
  ""regulatory"": 0,
  ""fiscal"": 1,
  ""symbolic"": 0,
  ""reversal"": 0,
  ""confidence"": 0.95,
  ""regulated_party"": ""local_",0.0,1.0,0.0,0.0,0.0,1.0,0.0,0.0,0.0,1.0,0.0,0.0,0.0,1.0,1.0,0.0,,,,,,,,,,
state_adaptation,gemma4:31b-it-q4_K_M,SB 6,41.89136537500008,87,,"```json
{""adaptation"": 0, ""mitigation"": 0, ""relief"": 0, ""irrelevant"": 1, ""regulatory"": 1, ""fiscal"": 0, ""symbolic"": 0, ""reversal"": 0, ""confidence"": 0.95, ""regulated_party"": ""mixed"", ""money_evidence"": """,0.0,0.0,0.0,1.0,1.0,0.0,0.0,0.0,0.0,0.0,0.0,1.0,0.0,0.0,0.0,0.0,,,,,,,,,,
state_adaptation,gemma4:31b-it-q4_K_M,HB 208,28.119730291999986,119,,"```json
{
  ""adaptation"": 0,
  ""mitigation"": 1,
  ""relief"": 0,
  ""irrelevant"": 0,
  ""regulatory"": 0,
  ""fiscal"": 1,
  ""symbolic"": 0,
  ""reversal"": 0,
  ""confidence"": 1.0,
  ""regulated_party"": ""private",0.0,1.0,0.0,0.0,0.0,1.0,0.0,0.0,0.0,1.0,0.0,0.0,0.0,1.0,0.0,0.0,,,,,,,,,,
state_adaptation,gemma4:31b-it-q4_K_M,SB 613,25.732920666999917,116,,"```json
{
  ""adaptation"": 0,
  ""mitigation"": 1,
  ""relief"": 0,
  ""irrelevant"": 0,
  ""regulatory"": 0,
  ""fiscal"": 0,
  ""symbolic"": 1,
  ""reversal"": 0,
  ""confidence"": 0.9,
  ""regulated_party"": ""state_a",0.0,1.0,0.0,0.0,0.0,0.0,1.0,0.0,0.0,1.0,0.0,0.0,0.0,0.0,1.0,0.0,,,,,,,,,,
state_adaptation,gemma4:31b-it-q4_K_M,HB 1615,26.124341584000035,114,,"```json
{
  ""adaptation"": 1,
  ""mitigation"": 1,
  ""relief"": 0,
  ""irrelevant"": 0,
  ""regulatory"": 1,
  ""fiscal"": 0,
  ""symbolic"": 0,
  ""reversal"": 0,
  ""confidence"": 0.95,
  ""regulated_party"": ""privat",1.0,1.0,0.0,0.0,1.0,0.0,0.0,0.0,0.0,0.0,0.0,1.0,0.0,0.0,0.0,0.0,,,,,,,,,,
state_adaptation,gemma4:31b-it-q4_K_M,HB 1817,21.01261487499994,91,,"```json
{""adaptation"": 0, ""mitigation"": 0, ""relief"": 0, ""irrelevant"": 1, ""regulatory"": 0, ""fiscal"": 1, ""symbolic"": 0, ""reversal"": 0, ""confidence"": 1.0, ""regulated_party"": ""none"", ""money_evidence"": ""ap",0.0,0.0,0.0,1.0,0.0,1.0,0.0,0.0,0.0,0.0,0.0,1.0,0.0,0.0,0.0,0.0,,,,,,,,,,
state_adaptation,gemma4:31b-it-q4_K_M,AB 2643,26.08595145799995,112,,"```json
{
  ""adaptation"": 0,
  ""mitigation"": 1,
  ""relief"": 0,
  ""irrelevant"": 0,
  ""regulatory"": 0,
  ""fiscal"": 0,
  ""symbolic"": 0,
  ""reversal"": 0,
  ""confidence"": 0.95,
  ""regulated_party"": ""none"",",0.0,1.0,0.0,0.0,0.0,0.0,0.0,0.0,0.0,1.0,0.0,0.0,0.0,0.0,1.0,0.0,,,,,,,,,,
state_adaptation,gemma4:31b-it-q4_K_M,SB 146,25.88843875000009,111,,"```json
{
  ""adaptation"": 0,
  ""mitigation"": 0,
  ""relief"": 0,
  ""irrelevant"": 1,
  ""regulatory"": 0,
  ""fiscal"": 0,
  ""symbolic"": 0,
  ""reversal"": 0,
  ""confidence"": 0.9,
  ""regulated_party"": ""none"",
",0.0,0.0,0.0,1.0,0.0,0.0,0.0,0.0,1.0,0.0,0.0,0.0,0.0,1.0,0.0,0.0,,,,,,,,,,
state_adaptation,gemma4:31b-it-q4_K_M,SB 732,28.05001125000001,89,,"```json
{""adaptation"": 0, ""mitigation"": 0, ""relief"": 0, ""irrelevant"": 1, ""regulatory"": 0, ""fiscal"": 1, ""symbolic"": 0, ""reversal"": 0, ""confidence"": 0.95, ""regulated_party"": ""none"", ""money_evidence"": ""e",0.0,0.0,0.0,1.0,0.0,1.0,0.0,0.0,0.0,0.0,0.0,1.0,0.0,0.0,0.0,0.0,,,,,,,,,,
state_adaptation,gemma4:31b-it-q4_K_M,SB 1700,27.483346374999996,114,,"```json
{
  ""adaptation"": 0,
  ""mitigation"": 1,
  ""relief"": 0,
  ""irrelevant"": 0,
  ""regulatory"": 0,
  ""fiscal"": 1,
  ""symbolic"": 0,
  ""reversal"": 0,
  ""confidence"": 0.95,
  ""regulated_party"": ""none"",",0.0,1.0,0.0,0.0,0.0,1.0,0.0,0.0,0.0,1.0,0.0,0.0,0.0,0.0,1.0,0.0,,,,,,,,,,
state_adaptation,gemma4:31b-it-q4_K_M,SD 3054,20.334834416000035,86,,"```json
{""adaptation"": 0, ""mitigation"": 1, ""relief"": 0, ""irrelevant"": 0, ""regulatory"": 0, ""fiscal"": 0, ""symbolic"": 1, ""reversal"": 0, ""confidence"": 0.7, ""regulated_party"": ""none"", ""money_evidence"": ""no",0.0,1.0,0.0,0.0,0.0,0.0,1.0,0.0,0.0,1.0,0.0,0.0,0.0,0.0,1.0,0.0,,,,,,,,,,
state_adaptation,gemma4:31b-it-q4_K_M,AB 115,26.351637458000027,86,,"```json
{""adaptation"": 0, ""mitigation"": 0, ""relief"": 0, ""irrelevant"": 1, ""regulatory"": 0, ""fiscal"": 0, ""symbolic"": 0, ""reversal"": 0, ""confidence"": 1.0, ""regulated_party"": ""none"", ""money_evidence"": ""no",0.0,0.0,0.0,1.0,0.0,0.0,0.0,0.0,0.0,0.0,0.0,1.0,0.0,0.0,0.0,0.0,,,,,,,,,,
state_adaptation,gemma4:31b-it-q4_K_M,S 3423,27.26752183300005,113,,"```json
{
  ""adaptation"": 0,
  ""mitigation"": 1,
  ""relief"": 0,
  ""irrelevant"": 0,
  ""regulatory"": 1,
  ""fiscal"": 0,
  ""symbolic"": 0,
  ""reversal"": 0,
  ""confidence"": 1.0,
  ""regulated_party"": ""private",0.0,1.0,0.0,0.0,1.0,0.0,0.0,0.0,0.0,1.0,0.0,0.0,1.0,0.0,0.0,0.0,,,,,,,,,,
state_adaptation,gemma4:31b-it-q4_K_M,SB 3142,21.209749459000022,86,,"```json
{""adaptation"": 0, ""mitigation"": 0, ""relief"": 0, ""irrelevant"": 1, ""regulatory"": 0, ""fiscal"": 0, ""symbolic"": 0, ""reversal"": 0, ""confidence"": 0.9, ""regulated_party"": ""none"", ""money_evidence"": ""no",0.0,0.0,0.0,1.0,0.0,0.0,0.0,0.0,0.0,0.0,0.0,1.0,0.0,0.0,0.0,0.0,,,,,,,,,,
state_adaptation,gemma4:31b-it-q4_K_M,HB 191,26.72869187499998,111,,"```json
{
  ""adaptation"": 0,
  ""mitigation"": 1,
  ""relief"": 0,
  ""irrelevant"": 0,
  ""regulatory"": 1,
  ""fiscal"": 0,
  ""symbolic"": 0,
  ""reversal"": 0,
  ""confidence"": 1.0,
  ""regulated_party"": ""utiliti",0.0,1.0,0.0,0.0,1.0,0.0,0.0,0.0,0.0,1.0,0.0,0.0,1.0,0.0,0.0,0.0,,,,,,,,,,
state_adaptation,gemma4:31b-it-q4_K_M,SF 2188,26.55712666699992,117,,"```json
{
  ""adaptation"": 1,
  ""mitigation"": 0,
  ""relief"": 0,
  ""irrelevant"": 0,
  ""regulatory"": 0,
  ""fiscal"": 1,
  ""symbolic"": 0,
  ""reversal"": 0,
  ""confidence"": 0.95,
  ""regulated_party"": ""none"",",1.0,0.0,0.0,0.0,0.0,1.0,0.0,0.0,1.0,0.0,0.0,0.0,0.0,0.0,1.0,0.0,,,,,,,,,,
state_adaptation,gemma4:31b-it-q4_K_M,S 4087,28.079406333000065,112,,"```json
{
  ""adaptation"": 0,
  ""mitigation"": 0,
  ""relief"": 0,
  ""irrelevant"": 1,
  ""regulatory"": 0,
  ""fiscal"": 0,
  ""symbolic"": 0,
  ""reversal"": 0,
  ""confidence"": 0.95,
  ""regulated_party"": ""none"",",0.0,0.0,0.0,1.0,0.0,0.0,0.0,0.0,0.0,0.0,0.0,1.0,0.0,0.0,0.0,0.0,,,,,,,,,,
state_adaptation,gemma4:31b-it-q4_K_M,HR 143,26.136510749999957,111,,"```json
{
  ""adaptation"": 0,
  ""mitigation"": 1,
  ""relief"": 0,
  ""irrelevant"": 0,
  ""regulatory"": 0,
  ""fiscal"": 0,
  ""symbolic"": 1,
  ""reversal"": 0,
  ""confidence"": 0.9,
  ""regulated_party"": ""none"",
",0.0,1.0,0.0,0.0,0.0,0.0,1.0,0.0,0.0,1.0,0.0,0.0,0.0,0.0,1.0,0.0,,,,,,,,,,
state_adaptation,gemma4:31b-it-q4_K_M,S 1653,24.95962454100004,111,,"```json
{
  ""adaptation"": 0,
  ""mitigation"": 0,
  ""relief"": 0,
  ""irrelevant"": 1,
  ""regulatory"": 0,
  ""fiscal"": 0,
  ""symbolic"": 1,
  ""reversal"": 0,
  ""confidence"": 0.9,
  ""regulated_party"": ""none"",
",0.0,0.0,0.0,1.0,0.0,0.0,1.0,0.0,0.0,0.0,0.0,1.0,0.0,0.0,0.0,0.0,,,,,,,,,,
state_adaptation,gemma4:31b-it-q4_K_M,HB 3284,25.418913041999872,114,,"```json
{
  ""adaptation"": 0,
  ""mitigation"": 1,
  ""relief"": 0,
  ""irrelevant"": 0,
  ""regulatory"": 1,
  ""fiscal"": 0,
  ""symbolic"": 0,
  ""reversal"": 0,
  ""confidence"": 0.95,
  ""regulated_party"": ""privat",0.0,1.0,0.0,0.0,1.0,0.0,0.0,0.0,0.0,0.0,0.0,1.0,0.0,0.0,0.0,0.0,,,,,,,,,,
state_adaptation,gemma4:31b-it-q4_K_M,SB 1291,28.329741208000087,122,,"```json
{
  ""adaptation"": 1,
  ""mitigation"": 0,
  ""relief"": 0,
  ""irrelevant"": 0,
  ""regulatory"": 0,
  ""fiscal"": 1,
  ""symbolic"": 1,
  ""reversal"": 0,
  ""confidence"": 0.95,
  ""regulated_party"": ""state_",1.0,0.0,0.0,0.0,0.0,1.0,1.0,0.0,1.0,0.0,0.0,0.0,0.0,0.0,1.0,0.0,,,,,,,,,,
state_adaptation,gemma4:31b-it-q4_K_M,HB 5610,25.399246167,112,,"```json
{
  ""adaptation"": 0,
  ""mitigation"": 1,
  ""relief"": 0,
  ""irrelevant"": 0,
  ""regulatory"": 1,
  ""fiscal"": 0,
  ""symbolic"": 0,
  ""reversal"": 0,
  ""confidence"": 0.95,
  ""regulated_party"": ""utilit",0.0,1.0,0.0,0.0,1.0,0.0,0.0,0.0,0.0,0.0,0.0,1.0,0.0,0.0,0.0,0.0,,,,,,,,,,
state_adaptation,gemma4:31b-it-q4_K_M,SB 287,44.81945524999992,86,,"```json
{""adaptation"": 0, ""mitigation"": 0, ""relief"": 0, ""irrelevant"": 1, ""regulatory"": 0, ""fiscal"": 0, ""symbolic"": 0, ""reversal"": 0, ""confidence"": 1.0, ""regulated_party"": ""none"", ""money_evidence"": ""no",0.0,0.0,0.0,1.0,0.0,0.0,0.0,0.0,0.0,0.0,0.0,1.0,0.0,0.0,0.0,0.0,,,,,,,,,,
state_adaptation,gemma4:31b-it-q4_K_M,AB 2259,34.09742287499989,120,,"```json
{
  ""adaptation"": 1,
  ""mitigation"": 0,
  ""relief"": 0,
  ""irrelevant"": 0,
  ""regulatory"": 0,
  ""fiscal"": 1,
  ""symbolic"": 0,
  ""reversal"": 0,
  ""confidence"": 0.95,
  ""regulated_party"": ""local_",1.0,0.0,0.0,0.0,0.0,1.0,0.0,0.0,0.0,0.0,0.0,1.0,0.0,0.0,0.0,0.0,,,,,,,,,,
state_adaptation,gemma4:31b-it-q4_K_M,HB 4340,21.301132999999936,89,,"```json
{""adaptation"": 0, ""mitigation"": 0, ""relief"": 0, ""irrelevant"": 1, ""regulatory"": 1, ""fiscal"": 0, ""symbolic"": 0, ""reversal"": 0, ""confidence"": 0.95, ""regulated_party"": ""private_entities"", ""money_e",0.0,0.0,0.0,1.0,1.0,0.0,0.0,0.0,0.0,0.0,0.0,1.0,0.0,0.0,0.0,0.0,,,,,,,,,,
state_adaptation,gemma4:31b-it-q4_K_M,HR 4916,25.697743375000073,112,,"```json
{
  ""adaptation"": 0,
  ""mitigation"": 1,
  ""relief"": 0,
  ""irrelevant"": 0,
  ""regulatory"": 1,
  ""fiscal"": 0,
  ""symbolic"": 0,
  ""reversal"": 0,
  ""confidence"": 0.95,
  ""regulated_party"": ""mixed""",0.0,1.0,0.0,0.0,1.0,0.0,0.0,0.0,0.0,1.0,0.0,0.0,0.0,0.0,1.0,0.0,,,,,,,,,,
state_adaptation,gemma4:31b-it-q4_K_M,SB 2180,22.041452916000026,91,,"```json
{""adaptation"": 0, ""mitigation"": 0, ""relief"": 0, ""irrelevant"": 1, ""regulatory"": 0, ""fiscal"": 0, ""symbolic"": 0, ""reversal"": 0, ""confidence"": 0.9, ""regulated_party"": ""state_agencies_only"", ""money",0.0,0.0,0.0,1.0,0.0,0.0,0.0,0.0,0.0,0.0,0.0,1.0,0.0,0.0,0.0,0.0,,,,,,,,,,
state_adaptation,gemma4:31b-it-q4_K_M,SB 119,48.75736025000015,86,,"```json
{""adaptation"": 0, ""mitigation"": 0, ""relief"": 0, ""irrelevant"": 1, ""regulatory"": 0, ""fiscal"": 0, ""symbolic"": 0, ""reversal"": 0, ""confidence"": 1.0, ""regulated_party"": ""none"", ""money_evidence"": ""no",0.0,0.0,0.0,1.0,0.0,0.0,0.0,0.0,0.0,0.0,0.0,1.0,0.0,0.0,0.0,0.0,,,,,,,,,,
state_adaptation,gemma4:31b-it-q4_K_M,SF 460,26.20248450000008,113,,"```json
{
  ""adaptation"": 1,
  ""mitigation"": 0,
  ""relief"": 0,
  ""irrelevant"": 0,
  ""regulatory"": 1,
  ""fiscal"": 0,
  ""symbolic"": 0,
  ""reversal"": 0,
  ""confidence"": 0.9,
  ""regulated_party"": ""private",1.0,0.0,0.0,0.0,1.0,0.0,0.0,0.0,0.0,0.0,0.0,1.0,0.0,0.0,0.0,0.0,,,,,,,,,,
state_adaptation,gemma4:31b-it-q4_K_M,S 2353,20.535958832999995,86,,"```json
{""adaptation"": 0, ""mitigation"": 0, ""relief"": 0, ""irrelevant"": 1, ""regulatory"": 0, ""fiscal"": 0, ""symbolic"": 0, ""reversal"": 0, ""confidence"": 1.0, ""regulated_party"": ""none"", ""money_evidence"": ""no",0.0,0.0,0.0,1.0,0.0,0.0,0.0,0.0,0.0,0.0,0.0,1.0,0.0,0.0,0.0,0.0,,,,,,,,,,
state_adaptation,gemma4:31b-it-q4_K_M,HR 2635,25.7634995840001,114,,"```json
{
  ""adaptation"": 0,
  ""mitigation"": 1,
  ""relief"": 0,
  ""irrelevant"": 0,
  ""regulatory"": 1,
  ""fiscal"": 0,
  ""symbolic"": 0,
  ""reversal"": 0,
  ""confidence"": 0.95,
  ""regulated_party"": ""privat",0.0,1.0,0.0,0.0,1.0,0.0,0.0,0.0,0.0,1.0,0.0,0.0,0.0,0.0,1.0,0.0,,,,,,,,,,
state_adaptation,gemma4:31b-it-q4_K_M,HB 451,25.41354358300009,114,,"```json
{
  ""adaptation"": 0,
  ""mitigation"": 0,
  ""relief"": 0,
  ""irrelevant"": 1,
  ""regulatory"": 1,
  ""fiscal"": 0,
  ""symbolic"": 0,
  ""reversal"": 0,
  ""confidence"": 0.95,
  ""regulated_party"": ""privat",0.0,0.0,0.0,1.0,1.0,0.0,0.0,0.0,0.0,0.0,0.0,1.0,0.0,0.0,0.0,0.0,,,,,,,,,,
state_adaptation,gemma4:31b-it-q4_K_M,S 497,27.824295750000147,120,,"```json
{
  ""adaptation"": 1,
  ""mitigation"": 0,
  ""relief"": 0,
  ""irrelevant"": 0,
  ""regulatory"": 0,
  ""fiscal"": 1,
  ""symbolic"": 0,
  ""reversal"": 0,
  ""confidence"": 0.9,
  ""regulated_party"": ""local_g",1.0,0.0,0.0,0.0,0.0,1.0,0.0,0.0,1.0,0.0,0.0,0.0,0.0,0.0,0.0,1.0,,,,,,,,,,
state_adaptation,gemma4:31b-it-q4_K_M,HB 2438,19.211950790999936,86,,"```json
{""adaptation"": 0, ""mitigation"": 0, ""relief"": 0, ""irrelevant"": 1, ""regulatory"": 0, ""fiscal"": 0, ""symbolic"": 0, ""reversal"": 0, ""confidence"": 1.0, ""regulated_party"": ""none"", ""money_evidence"": ""no",0.0,0.0,0.0,1.0,0.0,0.0,0.0,0.0,0.0,0.0,0.0,1.0,0.0,0.0,0.0,0.0,,,,,,,,,,
state_adaptation,gemma4:31b-it-q4_K_M,HF 468,25.25756079200005,117,,"```json
{
  ""adaptation"": 1,
  ""mitigation"": 0,
  ""relief"": 0,
  ""irrelevant"": 0,
  ""regulatory"": 0,
  ""fiscal"": 1,
  ""symbolic"": 0,
  ""reversal"": 0,
  ""confidence"": 0.95,
  ""regulated_party"": ""none"",",1.0,0.0,0.0,0.0,0.0,1.0,0.0,0.0,0.0,0.0,0.0,1.0,0.0,0.0,0.0,0.0,,,,,,,,,,
state_adaptation,qwen3:14b-q4_K_M,AB 2480,47.573648292000144,102,,"{
  ""adaptation"": 1,
  ""mitigation"": 0,
  ""relief"": 0,
  ""irrelevant"": 0,
  ""regulatory"": 1,
  ""fiscal"": 1,
  ""symbolic"": 0,
  ""reversal"": 0,
  ""confidence"": 0.85,
  ""regulated_party"": ""state_agencies",1.0,0.0,0.0,0.0,1.0,1.0,0.0,0.0,1.0,0.0,0.0,0.0,1.0,0.0,0.0,0.0,,,,,,,,,,
state_adaptation,qwen3:14b-q4_K_M,HB 2143,6.096212666999918,81,,"{""adaptation"": 0, ""mitigation"": 0, ""relief"": 0, ""irrelevant"": 1, ""regulatory"": 0, ""fiscal"": 0, ""symbolic"": 0, ""reversal"": 0, ""confidence"": 0.7, ""regulated_party"": ""none"", ""money_evidence"": ""none""}",0.0,0.0,0.0,1.0,0.0,0.0,0.0,0.0,0.0,0.0,0.0,1.0,0.0,0.0,0.0,0.0,,,,,,,,,,
state_adaptation,qwen3:14b-q4_K_M,HR 176,6.0938502500000595,81,,"{""adaptation"": 0, ""mitigation"": 1, ""relief"": 0, ""irrelevant"": 0, ""regulatory"": 0, ""fiscal"": 0, ""symbolic"": 1, ""reversal"": 0, ""confidence"": 0.7, ""regulated_party"": ""none"", ""money_evidence"": ""none""}",0.0,1.0,0.0,0.0,0.0,0.0,1.0,0.0,0.0,1.0,0.0,0.0,0.0,0.0,1.0,0.0,,,,,,,,,,
state_adaptation,qwen3:14b-q4_K_M,HB 3565,6.710921750000125,82,,"{""adaptation"": 1, ""mitigation"": 0, ""relief"": 0, ""irrelevant"": 0, ""regulatory"": 0, ""fiscal"": 1, ""symbolic"": 0, ""reversal"": 0, ""confidence"": 0.9, ""regulated_party"": ""none"", ""money_evidence"": ""explicit_a",1.0,0.0,0.0,0.0,0.0,1.0,0.0,0.0,1.0,0.0,0.0,0.0,0.0,1.0,0.0,0.0,,,,,,,,,,
state_adaptation,qwen3:14b-q4_K_M,HR 1135,6.449617417000127,86,,"{""adaptation"": 0, ""mitigation"": 1, ""relief"": 0, ""irrelevant"": 0, ""regulatory"": 1, ""fiscal"": 1, ""symbolic"": 0, ""reversal"": 0, ""confidence"": 0.9, ""regulated_party"": ""private_entities"", ""money_evidence"":",0.0,1.0,0.0,0.0,1.0,1.0,0.0,0.0,0.0,1.0,0.0,0.0,0.0,0.0,1.0,0.0,,,,,,,,,,
state_adaptation,qwen3:14b-q4_K_M,S 2711,9.537674749999953,81,,"{""adaptation"": 0, ""mitigation"": 1, ""relief"": 0, ""irrelevant"": 0, ""regulatory"": 0, ""fiscal"": 0, ""symbolic"": 1, ""reversal"": 0, ""confidence"": 0.7, ""regulated_party"": ""none"", ""money_evidence"": ""none""}",0.0,1.0,0.0,0.0,0.0,0.0,1.0,0.0,0.0,1.0,0.0,0.0,0.0,0.0,1.0,0.0,,,,,,,,,,
state_adaptation,qwen3:14b-q4_K_M,AJR 152,6.0935923330000605,81,,"{""adaptation"": 0, ""mitigation"": 0, ""relief"": 0, ""irrelevant"": 0, ""regulatory"": 0, ""fiscal"": 0, ""symbolic"": 1, ""reversal"": 0, ""confidence"": 0.8, ""regulated_party"": ""none"", ""money_evidence"": ""none""}",0.0,0.0,0.0,0.0,0.0,0.0,1.0,0.0,0.0,0.0,0.0,1.0,0.0,0.0,0.0,0.0,,,,,,,,,,
state_adaptation,qwen3:14b-q4_K_M,AB 887,15.381718208000166,81,,"{""adaptation"": 0, ""mitigation"": 0, ""relief"": 0, ""irrelevant"": 1, ""regulatory"": 0, ""fiscal"": 0, ""symbolic"": 0, ""reversal"": 0, ""confidence"": 0.9, ""regulated_party"": ""none"", ""money_evidence"": ""none""}",0.0,0.0,0.0,1.0,0.0,0.0,0.0,0.0,0.0,0.0,0.0,1.0,0.0,0.0,0.0,0.0,,,,,,,,,,
state_adaptation,qwen3:14b-q4_K_M,HB 74,6.113530874999924,81,,"{""adaptation"": 0, ""mitigation"": 0, ""relief"": 0, ""irrelevant"": 1, ""regulatory"": 0, ""fiscal"": 0, ""symbolic"": 0, ""reversal"": 0, ""confidence"": 0.6, ""regulated_party"": ""none"", ""money_evidence"": ""none""}",0.0,0.0,0.0,1.0,0.0,0.0,0.0,0.0,0.0,1.0,0.0,0.0,0.0,0.0,1.0,0.0,,,,,,,,,,
state_adaptation,qwen3:14b-q4_K_M,HB 7A,6.11577166699999,81,,"{""adaptation"": 0, ""mitigation"": 0, ""relief"": 0, ""irrelevant"": 0, ""regulatory"": 1, ""fiscal"": 0, ""symbolic"": 0, ""reversal"": 0, ""confidence"": 0.7, ""regulated_party"": ""utilities"", ""money_evidence"": ""none""",0.0,0.0,0.0,0.0,1.0,0.0,0.0,0.0,1.0,0.0,0.0,0.0,0.0,0.0,1.0,0.0,,,,,,,,,,
state_adaptation,qwen3:14b-q4_K_M,SB 605,7.568076833999839,98,,"{
  ""adaptation"": 0,
  ""mitigation"": 1,
  ""relief"": 0,
  ""irrelevant"": 0,
  ""regulatory"": 0,
  ""fiscal"": 1,
  ""symbolic"": 0,
  ""reversal"": 0,
  ""confidence"": 0.9,
  ""regulated_party"": ""utilities"",
  """,0.0,1.0,0.0,0.0,0.0,1.0,0.0,0.0,0.0,1.0,0.0,0.0,0.0,0.0,1.0,0.0,,,,,,,,,,
state_adaptation,qwen3:14b-q4_K_M,HB 202,8.241337124999973,97,,"{
  ""adaptation"": 0,
  ""mitigation"": 1,
  ""relief"": 0,
  ""irrelevant"": 0,
  ""regulatory"": 0,
  ""fiscal"": 1,
  ""symbolic"": 0,
  ""reversal"": 1,
  ""confidence"": 0.9,
  ""regulated_party"": ""none"",
  ""money",0.0,1.0,0.0,0.0,0.0,1.0,0.0,1.0,0.0,1.0,0.0,0.0,0.0,0.0,0.0,1.0,,,,,,,,,,
state_adaptation,qwen3:14b-q4_K_M,HB 1474,7.265210415999945,94,,"{
  ""adaptation"": 0,
  ""mitigation"": 0,
  ""relief"": 0,
  ""irrelevant"": 1,
  ""regulatory"": 0,
  ""fiscal"": 0,
  ""symbolic"": 0,
  ""reversal"": 0,
  ""confidence"": 0.8,
  ""regulated_party"": ""none"",
  ""money",0.0,0.0,0.0,1.0,0.0,0.0,0.0,0.0,0.0,0.0,0.0,1.0,0.0,0.0,0.0,0.0,,,,,,,,,,
state_adaptation,qwen3:14b-q4_K_M,SB 18-143,11.329897667000068,81,,"{""adaptation"": 0, ""mitigation"": 0, ""relief"": 0, ""irrelevant"": 1, ""regulatory"": 0, ""fiscal"": 0, ""symbolic"": 0, ""reversal"": 0, ""confidence"": 0.8, ""regulated_party"": ""none"", ""money_evidence"": ""none""}",0.0,0.0,0.0,1.0,0.0,0.0,0.0,0.0,0.0,0.0,0.0,1.0,0.0,0.0,0.0,0.0,,,,,,,,,,
state_adaptation,qwen3:14b-q4_K_M,SB 610,6.070078749999993,81,,"{""adaptation"": 0, ""mitigation"": 0, ""relief"": 0, ""irrelevant"": 1, ""regulatory"": 0, ""fiscal"": 0, ""symbolic"": 0, ""reversal"": 0, ""confidence"": 0.9, ""regulated_party"": ""none"", ""money_evidence"": ""none""}",0.0,0.0,0.0,1.0,0.0,0.0,0.0,0.0,0.0,0.0,0.0,1.0,0.0,0.0,0.0,0.0,,,,,,,,,,
state_adaptation,qwen3:14b-q4_K_M,S 338,6.283559540999931,84,,"{""adaptation"": 0, ""mitigation"": 1, ""relief"": 0, ""irrelevant"": 0, ""regulatory"": 1, ""fiscal"": 0, ""symbolic"": 0, ""reversal"": 0, ""confidence"": 0.8, ""regulated_party"": ""local_governments"", ""money_evidence""",0.0,1.0,0.0,0.0,1.0,0.0,0.0,0.0,0.0,1.0,0.0,0.0,0.0,1.0,1.0,0.0,,,,,,,,,,
state_adaptation,qwen3:14b-q4_K_M,SB 6,17.150668833000054,84,,"{""adaptation"": 0, ""mitigation"": 0, ""relief"": 0, ""irrelevant"": 1, ""regulatory"": 1, ""fiscal"": 0, ""symbolic"": 0, ""reversal"": 0, ""confidence"": 0.7, ""regulated_party"": ""local_governments"", ""money_evidence""",0.0,0.0,0.0,1.0,1.0,0.0,0.0,0.0,0.0,0.0,0.0,1.0,0.0,0.0,0.0,0.0,,,,,,,,,,
state_adaptation,qwen3:14b-q4_K_M,HB 208,8.08004554199988,98,,"{
  ""adaptation"": 0,
  ""mitigation"": 1,
  ""relief"": 0,
  ""irrelevant"": 0,
  ""regulatory"": 0,
  ""fiscal"": 1,
  ""symbolic"": 0,
  ""reversal"": 0,
  ""confidence"": 0.95,
  ""regulated_party"": ""none"",
  ""mone",0.0,1.0,0.0,0.0,0.0,1.0,0.0,0.0,0.0,1.0,0.0,0.0,0.0,1.0,0.0,0.0,,,,,,,,,,
state_adaptation,qwen3:14b-q4_K_M,SB 613,8.74227083300002,97,,"{
  ""adaptation"": 0,
  ""mitigation"": 1,
  ""relief"": 0,
  ""irrelevant"": 0,
  ""regulatory"": 1,
  ""fiscal"": 0,
  ""symbolic"": 0,
  ""reversal"": 0,
  ""confidence"": 0.9,
  ""regulated_party"": ""state_agencies_",0.0,1.0,0.0,0.0,1.0,0.0,0.0,0.0,0.0,1.0,0.0,0.0,0.0,0.0,1.0,0.0,,,,,,,,,,
state_adaptation,qwen3:14b-q4_K_M,HB 1615,6.165454124999997,82,,"{""adaptation"": 0, ""mitigation"": 1, ""relief"": 0, ""irrelevant"": 0, ""regulatory"": 1, ""fiscal"": 0, ""symbolic"": 0, ""reversal"": 0, ""confidence"": 0.8, ""regulated_party"": ""private_entities"", ""money_evidence"":",0.0,1.0,0.0,0.0,1.0,0.0,0.0,0.0,0.0,0.0,0.0,1.0,0.0,0.0,0.0,0.0,,,,,,,,,,
state_adaptation,qwen3:14b-q4_K_M,HB 1817,6.554561790999969,84,,"{""adaptation"": 0, ""mitigation"": 0, ""relief"": 0, ""irrelevant"": 1, ""regulatory"": 0, ""fiscal"": 1, ""symbolic"": 0, ""reversal"": 0, ""confidence"": 0.8, ""regulated_party"": ""none"", ""money_evidence"": ""appropriat",0.0,0.0,0.0,1.0,0.0,1.0,0.0,0.0,0.0,0.0,0.0,1.0,0.0,0.0,0.0,0.0,,,,,,,,,,
state_adaptation,qwen3:14b-q4_K_M,AB 2643,8.263611041000104,97,,"{
  ""adaptation"": 0,
  ""mitigation"": 1,
  ""relief"": 0,
  ""irrelevant"": 0,
  ""regulatory"": 1,
  ""fiscal"": 0,
  ""symbolic"": 0,
  ""reversal"": 0,
  ""confidence"": 0.9,
  ""regulated_party"": ""state_agencies_",0.0,1.0,0.0,0.0,1.0,0.0,0.0,0.0,0.0,1.0,0.0,0.0,0.0,0.0,1.0,0.0,,,,,,,,,,
state_adaptation,qwen3:14b-q4_K_M,SB 146,6.386584458000016,81,,"{""adaptation"": 0, ""mitigation"": 0, ""relief"": 0, ""irrelevant"": 1, ""regulatory"": 0, ""fiscal"": 0, ""symbolic"": 0, ""reversal"": 0, ""confidence"": 0.8, ""regulated_party"": ""none"", ""money_evidence"": ""none""}",0.0,0.0,0.0,1.0,0.0,0.0,0.0,0.0,1.0,0.0,0.0,0.0,0.0,1.0,0.0,0.0,,,,,,,,,,
state_adaptation,qwen3:14b-q4_K_M,SB 732,10.638653458999896,82,,"{""adaptation"": 0, ""mitigation"": 0, ""relief"": 0, ""irrelevant"": 1, ""regulatory"": 0, ""fiscal"": 1, ""symbolic"": 0, ""reversal"": 0, ""confidence"": 0.8, ""regulated_party"": ""none"", ""money_evidence"": ""explicit_a",0.0,0.0,0.0,1.0,0.0,1.0,0.0,0.0,0.0,0.0,0.0,1.0,0.0,0.0,0.0,0.0,,,,,,,,,,
state_adaptation,qwen3:14b-q4_K_M,SB 1700,7.870777583000063,99,,"{
  ""adaptation"": 0,
  ""mitigation"": 1,
  ""relief"": 0,
  ""irrelevant"": 0,
  ""regulatory"": 1,
  ""fiscal"": 1,
  ""symbolic"": 0,
  ""reversal"": 0,
  ""confidence"": 0.9,
  ""regulated_party"": ""private_entitie",0.0,1.0,0.0,0.0,1.0,1.0,0.0,0.0,0.0,1.0,0.0,0.0,0.0,0.0,1.0,0.0,,,,,,,,,,
state_adaptation,qwen3:14b-q4_K_M,SD 3054,6.583303207999961,81,,"{""adaptation"": 0, ""mitigation"": 1, ""relief"": 0, ""irrelevant"": 0, ""regulatory"": 0, ""fiscal"": 0, ""symbolic"": 0, ""reversal"": 0, ""confidence"": 0.7, ""regulated_party"": ""none"", ""money_evidence"": ""none""}",0.0,1.0,0.0,0.0,0.0,0.0,0.0,0.0,0.0,1.0,0.0,0.0,0.0,0.0,1.0,0.0,,,,,,,,,,
state_adaptation,qwen3:14b-q4_K_M,AB 115,10.918034290999913,97,,"{
  ""adaptation"": 0,
  ""mitigation"": 0,
  ""relief"": 0,
  ""irrelevant"": 1,
  ""regulatory"": 0,
  ""fiscal"": 0,
  ""symbolic"": 0,
  ""reversal"": 0,
  ""confidence"": 0.8,
  ""regulated_party"": ""local_governmen",0.0,0.0,0.0,1.0,0.0,0.0,0.0,0.0,0.0,0.0,0.0,1.0,0.0,0.0,0.0,0.0,,,,,,,,,,
state_adaptation,qwen3:14b-q4_K_M,S 3423,7.611024958000144,95,,"{
  ""adaptation"": 0,
  ""mitigation"": 1,
  ""relief"": 0,
  ""irrelevant"": 0,
  ""regulatory"": 1,
  ""fiscal"": 0,
  ""symbolic"": 0,
  ""reversal"": 0,
  ""confidence"": 0.9,
  ""regulated_party"": ""private_entitie",0.0,1.0,0.0,0.0,1.0,0.0,0.0,0.0,0.0,1.0,0.0,0.0,1.0,0.0,0.0,0.0,,,,,,,,,,
state_adaptation,qwen3:14b-q4_K_M,SB 3142,6.59018633300002,81,,"{""adaptation"": 0, ""mitigation"": 0, ""relief"": 0, ""irrelevant"": 1, ""regulatory"": 0, ""fiscal"": 0, ""symbolic"": 0, ""reversal"": 0, ""confidence"": 0.8, ""regulated_party"": ""none"", ""money_evidence"": ""none""}",0.0,0.0,0.0,1.0,0.0,0.0,0.0,0.0,0.0,0.0,0.0,1.0,0.0,0.0,0.0,0.0,,,,,,,,,,
state_adaptation,qwen3:14b-q4_K_M,HB 191,7.497210999999879,94,,"{
  ""adaptation"": 0,
  ""mitigation"": 1,
  ""relief"": 0,
  ""irrelevant"": 0,
  ""regulatory"": 1,
  ""fiscal"": 0,
  ""symbolic"": 0,
  ""reversal"": 0,
  ""confidence"": 0.9,
  ""regulated_party"": ""utilities"",
  """,0.0,1.0,0.0,0.0,1.0,0.0,0.0,0.0,0.0,1.0,0.0,0.0,1.0,0.0,0.0,0.0,,,,,,,,,,
state_adaptation,qwen3:14b-q4_K_M,SF 2188,6.400384916999883,85,,"{""adaptation"": 0, ""mitigation"": 0, ""relief"": 0, ""irrelevant"": 0, ""regulatory"": 0, ""fiscal"": 1, ""symbolic"": 0, ""reversal"": 0, ""confidence"": 0.7, ""regulated_party"": ""none"", ""money_evidence"": ""creates_fu",0.0,0.0,0.0,0.0,0.0,1.0,0.0,0.0,1.0,0.0,0.0,0.0,0.0,0.0,1.0,0.0,,,,,,,,,,
state_adaptation,qwen3:14b-q4_K_M,S 4087,8.731276125000022,81,,"{""adaptation"": 0, ""mitigation"": 0, ""relief"": 0, ""irrelevant"": 1, ""regulatory"": 0, ""fiscal"": 0, ""symbolic"": 0, ""reversal"": 0, ""confidence"": 0.8, ""regulated_party"": ""none"", ""money_evidence"": ""none""}",0.0,0.0,0.0,1.0,0.0,0.0,0.0,0.0,0.0,0.0,0.0,1.0,0.0,0.0,0.0,0.0,,,,,,,,,,
state_adaptation,qwen3:14b-q4_K_M,HR 143,6.367211083000029,81,,"{""adaptation"": 0, ""mitigation"": 1, ""relief"": 0, ""irrelevant"": 0, ""regulatory"": 0, ""fiscal"": 0, ""symbolic"": 1, ""reversal"": 0, ""confidence"": 0.6, ""regulated_party"": ""none"", ""money_evidence"": ""none""}",0.0,1.0,0.0,0.0,0.0,0.0,1.0,0.0,0.0,1.0,0.0,0.0,0.0,0.0,1.0,0.0,,,,,,,,,,
state_adaptation,qwen3:14b-q4_K_M,S 1653,5.8730105419999745,81,,"{""adaptation"": 0, ""mitigation"": 0, ""relief"": 0, ""irrelevant"": 1, ""regulatory"": 0, ""fiscal"": 0, ""symbolic"": 1, ""reversal"": 0, ""confidence"": 0.6, ""regulated_party"": ""none"", ""money_evidence"": ""none""}",0.0,0.0,0.0,1.0,0.0,0.0,1.0,0.0,0.0,0.0,0.0,1.0,0.0,0.0,0.0,0.0,,,,,,,,,,
state_adaptation,qwen3:14b-q4_K_M,HB 3284,5.865016917000048,81,,"{""adaptation"": 0, ""mitigation"": 0, ""relief"": 0, ""irrelevant"": 1, ""regulatory"": 0, ""fiscal"": 0, ""symbolic"": 0, ""reversal"": 0, ""confidence"": 0.7, ""regulated_party"": ""none"", ""money_evidence"": ""none""}",0.0,0.0,0.0,1.0,0.0,0.0,0.0,0.0,0.0,0.0,0.0,1.0,0.0,0.0,0.0,0.0,,,,,,,,,,
state_adaptation,qwen3:14b-q4_K_M,SB 1291,7.899496291999867,100,,"{
  ""adaptation"": 1,
  ""mitigation"": 0,
  ""relief"": 0,
  ""irrelevant"": 0,
  ""regulatory"": 1,
  ""fiscal"": 1,
  ""symbolic"": 0,
  ""reversal"": 0,
  ""confidence"": 0.9,
  ""regulated_party"": ""state_agencies_",1.0,0.0,0.0,0.0,1.0,1.0,0.0,0.0,1.0,0.0,0.0,0.0,0.0,0.0,1.0,0.0,,,,,,,,,,
state_adaptation,qwen3:14b-q4_K_M,HB 5610,8.548038583000107,94,,"{
  ""adaptation"": 0,
  ""mitigation"": 1,
  ""relief"": 0,
  ""irrelevant"": 0,
  ""regulatory"": 1,
  ""fiscal"": 0,
  ""symbolic"": 0,
  ""reversal"": 0,
  ""confidence"": 0.9,
  ""regulated_party"": ""utilities"",
  """,0.0,1.0,0.0,0.0,1.0,0.0,0.0,0.0,0.0,0.0,0.0,1.0,0.0,0.0,0.0,0.0,,,,,,,,,,
state_adaptation,qwen3:14b-q4_K_M,SB 287,19.050296291999985,84,,"{""adaptation"": 0, ""mitigation"": 0, ""relief"": 0, ""irrelevant"": 1, ""regulatory"": 0, ""fiscal"": 0, ""symbolic"": 0, ""reversal"": 0, ""confidence"": 0.8, ""regulated_party"": ""local_governments"", ""money_evidence""",0.0,0.0,0.0,1.0,0.0,0.0,0.0,0.0,0.0,0.0,0.0,1.0,0.0,0.0,0.0,0.0,,,,,,,,,,
state_adaptation,qwen3:14b-q4_K_M,AB 2259,11.126461416999971,89,,"{""adaptation"": 1, ""mitigation"": 0, ""relief"": 0, ""irrelevant"": 0, ""regulatory"": 1, ""fiscal"": 1, ""symbolic"": 0, ""reversal"": 0, ""confidence"": 0.85, ""regulated_party"": ""local_governments"", ""money_evidence",1.0,0.0,0.0,0.0,1.0,1.0,0.0,0.0,0.0,0.0,0.0,1.0,0.0,0.0,0.0,0.0,,,,,,,,,,
state_adaptation,qwen3:14b-q4_K_M,HB 4340,6.830692624999983,84,,"{""adaptation"": 0, ""mitigation"": 0, ""relief"": 0, ""irrelevant"": 1, ""regulatory"": 1, ""fiscal"": 0, ""symbolic"": 0, ""reversal"": 0, ""confidence"": 0.6, ""regulated_party"": ""local_governments"", ""money_evidence""",0.0,0.0,0.0,1.0,1.0,0.0,0.0,0.0,0.0,0.0,0.0,1.0,0.0,0.0,0.0,0.0,,,,,,,,,,
state_adaptation,qwen3:14b-q4_K_M,HR 4916,6.157614541999919,81,,"{""adaptation"": 0, ""mitigation"": 1, ""relief"": 0, ""irrelevant"": 0, ""regulatory"": 1, ""fiscal"": 0, ""symbolic"": 0, ""reversal"": 0, ""confidence"": 0.9, ""regulated_party"": ""none"", ""money_evidence"": ""none""}",0.0,1.0,0.0,0.0,1.0,0.0,0.0,0.0,0.0,1.0,0.0,0.0,0.0,0.0,1.0,0.0,,,,,,,,,,
state_adaptation,qwen3:14b-q4_K_M,SB 2180,6.833472082999833,84,,"{""adaptation"": 0, ""mitigation"": 0, ""relief"": 0, ""irrelevant"": 1, ""regulatory"": 0, ""fiscal"": 0, ""symbolic"": 0, ""reversal"": 0, ""confidence"": 0.8, ""regulated_party"": ""state_agencies_only"", ""money_evidenc",0.0,0.0,0.0,1.0,0.0,0.0,0.0,0.0,0.0,0.0,0.0,1.0,0.0,0.0,0.0,0.0,,,,,,,,,,
state_adaptation,qwen3:14b-q4_K_M,SB 119,21.13013537500001,86,,"{""adaptation"": 0, ""mitigation"": 0, ""relief"": 0, ""irrelevant"": 1, ""regulatory"": 1, ""fiscal"": 1, ""symbolic"": 0, ""reversal"": 0, ""confidence"": 0.7, ""regulated_party"": ""private_entities"", ""money_evidence"":",0.0,0.0,0.0,1.0,1.0,1.0,0.0,0.0,0.0,0.0,0.0,1.0,0.0,0.0,0.0,0.0,,,,,,,,,,
state_adaptation,qwen3:14b-q4_K_M,SF 460,6.191435083999977,82,,"{""adaptation"": 1, ""mitigation"": 0, ""relief"": 0, ""irrelevant"": 0, ""regulatory"": 1, ""fiscal"": 0, ""symbolic"": 0, ""reversal"": 0, ""confidence"": 0.7, ""regulated_party"": ""private_entities"", ""money_evidence"":",1.0,0.0,0.0,0.0,1.0,0.0,0.0,0.0,0.0,0.0,0.0,1.0,0.0,0.0,0.0,0.0,,,,,,,,,,
state_adaptation,qwen3:14b-q4_K_M,S 2353,6.6379328329999225,81,,"{""adaptation"": 0, ""mitigation"": 0, ""relief"": 0, ""irrelevant"": 1, ""regulatory"": 0, ""fiscal"": 0, ""symbolic"": 0, ""reversal"": 0, ""confidence"": 0.8, ""regulated_party"": ""none"", ""money_evidence"": ""none""}",0.0,0.0,0.0,1.0,0.0,0.0,0.0,0.0,0.0,0.0,0.0,1.0,0.0,0.0,0.0,0.0,,,,,,,,,,
state_adaptation,qwen3:14b-q4_K_M,HR 2635,6.117467791999843,81,,"{""adaptation"": 0, ""mitigation"": 1, ""relief"": 0, ""irrelevant"": 0, ""regulatory"": 0, ""fiscal"": 0, ""symbolic"": 0, ""reversal"": 0, ""confidence"": 0.7, ""regulated_party"": ""none"", ""money_evidence"": ""none""}",0.0,1.0,0.0,0.0,0.0,0.0,0.0,0.0,0.0,1.0,0.0,0.0,0.0,0.0,1.0,0.0,,,,,,,,,,
state_adaptation,qwen3:14b-q4_K_M,HB 451,7.418148040999995,81,,"{""adaptation"": 0, ""mitigation"": 0, ""relief"": 0, ""irrelevant"": 1, ""regulatory"": 1, ""fiscal"": 0, ""symbolic"": 0, ""reversion"": 0, ""confidence"": 0.8, ""regulated_party"": ""private_entities"", ""money_evidence""",0.0,0.0,0.0,1.0,1.0,0.0,0.0,0.0,0.0,0.0,0.0,1.0,0.0,0.0,0.0,0.0,,,,,,,,,,
state_adaptation,qwen3:14b-q4_K_M,S 497,6.657280082999932,81,,"{""adaptation"": 0, ""mitigation"": 0, ""relief"": 0, ""irrelevant"": 1, ""regulatory"": 0, ""fiscal"": 0, ""symbolic"": 0, ""reversal"": 0, ""confidence"": 0.7, ""regulated_party"": ""none"", ""money_evidence"": ""none""}",0.0,0.0,0.0,1.0,0.0,0.0,0.0,0.0,1.0,0.0,0.0,0.0,0.0,0.0,0.0,1.0,,,,,,,,,,
state_adaptation,qwen3:14b-q4_K_M,HB 2438,6.119255125000109,81,,"{""adaptation"": 0, ""mitigation"": 0, ""relief"": 0, ""irrelevant"": 1, ""regulatory"": 0, ""fiscal"": 0, ""symbolic"": 0, ""reversal"": 0, ""confidence"": 0.8, ""regulated_party"": ""none"", ""money_evidence"": ""none""}",0.0,0.0,0.0,1.0,0.0,0.0,0.0,0.0,0.0,0.0,0.0,1.0,0.0,0.0,0.0,0.0,,,,,,,,,,
state_adaptation,qwen3:14b-q4_K_M,HF 468,6.302609625000059,84,,"{""adaptation"": 1, ""mitigation"": 0, ""relief"": 0, ""irrelevant"": 0, ""regulatory"": 0, ""fiscal"": 1, ""symbolic"": 0, ""reversal"": 0, ""confidence"": 0.8, ""regulated_party"": ""none"", ""money_evidence"": ""appropriat",1.0,0.0,0.0,0.0,0.0,1.0,0.0,0.0,0.0,0.0,0.0,1.0,0.0,0.0,0.0,0.0,,,,,,,,,,
state_adaptation,qwen3:30b-a3b-q4_K_M,AB 2480,18.010013334000178,99,,"{
  ""adaptation"": 1,
  ""mitigation"": 0,
  ""relief"": 0,
  ""irrelevant"": 0,
  ""regulatory"": 0,
  ""fiscal"": 1,
  ""symbolic"": 0,
  ""reversal"": 0,
  ""confidence"": 0.95,
  ""regulated_party"": ""none"",
  ""mone",1.0,0.0,0.0,0.0,0.0,1.0,0.0,0.0,1.0,0.0,0.0,0.0,1.0,0.0,0.0,0.0,,,,,,,,,,
state_adaptation,qwen3:30b-a3b-q4_K_M,HB 2143,3.101675625000098,94,,"{
  ""adaptation"": 0,
  ""mitigation"": 0,
  ""relief"": 0,
  ""irrelevant"": 1,
  ""regulatory"": 0,
  ""fiscal"": 0,
  ""symbolic"": 0,
  ""reversal"": 0,
  ""confidence"": 0.8,
  ""regulated_party"": ""none"",
  ""money",0.0,0.0,0.0,1.0,0.0,0.0,0.0,0.0,0.0,0.0,0.0,1.0,0.0,0.0,0.0,0.0,,,,,,,,,,
state_adaptation,qwen3:30b-a3b-q4_K_M,HR 176,2.7296444169999177,81,,"{""adaptation"": 0, ""mitigation"": 1, ""relief"": 0, ""irrelevant"": 0, ""regulatory"": 0, ""fiscal"": 0, ""symbolic"": 1, ""reversal"": 0, ""confidence"": 0.9, ""regulated_party"": ""none"", ""money_evidence"": ""none""}",0.0,1.0,0.0,0.0,0.0,0.0,1.0,0.0,0.0,1.0,0.0,0.0,0.0,0.0,1.0,0.0,,,,,,,,,,
state_adaptation,qwen3:30b-a3b-q4_K_M,HB 3565,3.388268625000137,96,,"{
  ""adaptation"": 1,
  ""mitigation"": 0,
  ""relief"": 0,
  ""irrelevant"": 0,
  ""regulatory"": 0,
  ""fiscal"": 1,
  ""symbolic"": 0,
  ""reversal"": 0,
  ""confidence"": 0.95,
  ""regulated_party"": ""none"",
  ""mone",1.0,0.0,0.0,0.0,0.0,1.0,0.0,0.0,1.0,0.0,0.0,0.0,0.0,1.0,0.0,0.0,,,,,,,,,,
state_adaptation,qwen3:30b-a3b-q4_K_M,HR 1135,2.918408917000079,87,,"{""adaptation"": 0, ""mitigation"": 1, ""relief"": 0, ""irrelevant"": 0, ""regulatory"": 1, ""fiscal"": 1, ""symbolic"": 0, ""reversal"": 0, ""confidence"": 0.95, ""regulated_party"": ""private_entities"", ""money_evidence""",0.0,1.0,0.0,0.0,1.0,1.0,0.0,0.0,0.0,1.0,0.0,0.0,0.0,0.0,1.0,0.0,,,,,,,,,,
state_adaptation,qwen3:30b-a3b-q4_K_M,S 2711,4.41902062500003,94,,"{
  ""adaptation"": 0,
  ""mitigation"": 0,
  ""relief"": 0,
  ""irrelevant"": 1,
  ""regulatory"": 0,
  ""fiscal"": 0,
  ""symbolic"": 1,
  ""reversal"": 0,
  ""confidence"": 0.7,
  ""regulated_party"": ""none"",
  ""money",0.0,0.0,0.0,1.0,0.0,0.0,1.0,0.0,0.0,1.0,0.0,0.0,0.0,0.0,1.0,0.0,,,,,,,,,,
state_adaptation,qwen3:30b-a3b-q4_K_M,AJR 152,2.7261680829999477,81,,"{""adaptation"": 0, ""mitigation"": 0, ""relief"": 0, ""irrelevant"": 1, ""regulatory"": 0, ""fiscal"": 0, ""symbolic"": 1, ""reversal"": 0, ""confidence"": 0.6, ""regulated_party"": ""none"", ""money_evidence"": ""none""}",0.0,0.0,0.0,1.0,0.0,0.0,1.0,0.0,0.0,0.0,0.0,1.0,0.0,0.0,0.0,0.0,,,,,,,,,,
state_adaptation,qwen3:30b-a3b-q4_K_M,AB 887,7.096055999999862,94,,"{
  ""adaptation"": 0,
  ""mitigation"": 0,
  ""relief"": 0,
  ""irrelevant"": 1,
  ""regulatory"": 0,
  ""fiscal"": 0,
  ""symbolic"": 0,
  ""reversal"": 0,
  ""confidence"": 0.8,
  ""regulated_party"": ""none"",
  ""money",0.0,0.0,0.0,1.0,0.0,0.0,0.0,0.0,0.0,0.0,0.0,1.0,0.0,0.0,0.0,0.0,,,,,,,,,,
state_adaptation,qwen3:30b-a3b-q4_K_M,HB 74,2.7649911250000514,82,,"{""adaptation"": 0, ""mitigation"": 1, ""relief"": 0, ""irrelevant"": 0, ""regulatory"": 1, ""fiscal"": 0, ""symbolic"": 0, ""reversal"": 0, ""confidence"": 0.9, ""regulated_party"": ""private_entities"", ""money_evidence"":",0.0,1.0,0.0,0.0,1.0,0.0,0.0,0.0,0.0,1.0,0.0,0.0,0.0,0.0,1.0,0.0,,,,,,,,,,
state_adaptation,qwen3:30b-a3b-q4_K_M,HB 7A,3.175471416999926,95,,"{
  ""adaptation"": 0,
  ""mitigation"": 0,
  ""relief"": 1,
  ""irrelevant"": 0,
  ""regulatory"": 1,
  ""fiscal"": 0,
  ""symbolic"": 0,
  ""reversal"": 0,
  ""confidence"": 0.9,
  ""regulated_party"": ""private_entitie",0.0,0.0,1.0,0.0,1.0,0.0,0.0,0.0,1.0,0.0,0.0,0.0,0.0,0.0,1.0,0.0,,,,,,,,,,
state_adaptation,qwen3:30b-a3b-q4_K_M,SB 605,3.3084598330001427,96,,"{
  ""adaptation"": 0,
  ""mitigation"": 1,
  ""relief"": 0,
  ""irrelevant"": 0,
  ""regulatory"": 0,
  ""fiscal"": 1,
  ""symbolic"": 0,
  ""reversal"": 0,
  ""confidence"": 0.95,
  ""regulated_party"": ""none"",
  ""mone",0.0,1.0,0.0,0.0,0.0,1.0,0.0,0.0,0.0,1.0,0.0,0.0,0.0,0.0,1.0,0.0,,,,,,,,,,
state_adaptation,qwen3:30b-a3b-q4_K_M,HB 202,3.644279249999954,99,,"{
  ""adaptation"": 0,
  ""mitigation"": 1,
  ""relief"": 0,
  ""irrelevant"": 0,
  ""regulatory"": 0,
  ""fiscal"": 1,
  ""symbolic"": 0,
  ""reversal"": 1,
  ""confidence"": 0.95,
  ""regulated_party"": ""private_entiti",0.0,1.0,0.0,0.0,0.0,1.0,0.0,1.0,0.0,1.0,0.0,0.0,0.0,0.0,0.0,1.0,,,,,,,,,,
state_adaptation,qwen3:30b-a3b-q4_K_M,HB 1474,3.3476193749997947,99,,"{
  ""adaptation"": 0,
  ""mitigation"": 0,
  ""relief"": 1,
  ""irrelevant"": 0,
  ""regulatory"": 0,
  ""fiscal"": 1,
  ""symbolic"": 0,
  ""reversal"": 0,
  ""confidence"": 0.95,
  ""regulated_party"": ""none"",
  ""mone",0.0,0.0,1.0,0.0,0.0,1.0,0.0,0.0,0.0,0.0,0.0,1.0,0.0,0.0,0.0,0.0,,,,,,,,,,
state_adaptation,qwen3:30b-a3b-q4_K_M,SB 18-143,5.3988087080001606,97,,"{
  ""adaptation"": 0,
  ""mitigation"": 0,
  ""relief"": 0,
  ""irrelevant"": 1,
  ""regulatory"": 0,
  ""fiscal"": 1,
  ""symbolic"": 0,
  ""reversal"": 0,
  ""confidence"": 0.7,
  ""regulated_party"": ""none"",
  ""money",0.0,0.0,0.0,1.0,0.0,1.0,0.0,0.0,0.0,0.0,0.0,1.0,0.0,0.0,0.0,0.0,,,,,,,,,,
state_adaptation,qwen3:30b-a3b-q4_K_M,SB 610,2.8426424159999897,85,,"{""adaptation"": 0, ""mitigation"": 0, ""relief"": 0, ""irrelevant"": 1, ""regulatory"": 0, ""fiscal"": 1, ""symbolic"": 0, ""reversal"": 0, ""confidence"": 0.95, ""regulated_party"": ""none"", ""money_evidence"": ""appropria",0.0,0.0,0.0,1.0,0.0,1.0,0.0,0.0,0.0,0.0,0.0,1.0,0.0,0.0,0.0,0.0,,,,,,,,,,
state_adaptation,qwen3:30b-a3b-q4_K_M,S 338,2.7814485419999073,83,,"{""adaptation"": 0, ""mitigation"": 1, ""relief"": 0, ""irrelevant"": 0, ""regulatory"": 1, ""fiscal"": 0, ""symbolic"": 0, ""reversal"": 0, ""confidence"": 0.95, ""regulated_party"": ""private_entities"", ""money_evidence""",0.0,1.0,0.0,0.0,1.0,0.0,0.0,0.0,0.0,1.0,0.0,0.0,0.0,1.0,1.0,0.0,,,,,,,,,,
state_adaptation,qwen3:30b-a3b-q4_K_M,SB 6,7.755251291999912,97,,"{
  ""adaptation"": 0,
  ""mitigation"": 0,
  ""relief"": 0,
  ""irrelevant"": 1,
  ""regulatory"": 1,
  ""fiscal"": 0,
  ""symbolic"": 0,
  ""reversal"": 0,
  ""confidence"": 0.6,
  ""regulated_party"": ""local_governmen",0.0,0.0,0.0,1.0,1.0,0.0,0.0,0.0,0.0,0.0,0.0,1.0,0.0,0.0,0.0,0.0,,,,,,,,,,
state_adaptation,qwen3:30b-a3b-q4_K_M,HB 208,3.496145209000133,97,,"{
  ""adaptation"": 0,
  ""mitigation"": 1,
  ""relief"": 0,
  ""irrelevant"": 0,
  ""regulatory"": 0,
  ""fiscal"": 1,
  ""symbolic"": 0,
  ""reversal"": 0,
  ""confidence"": 0.95,
  ""regulated_party"": ""private_entiti",0.0,1.0,0.0,0.0,0.0,1.0,0.0,0.0,0.0,1.0,0.0,0.0,0.0,1.0,0.0,0.0,,,,,,,,,,
state_adaptation,qwen3:30b-a3b-q4_K_M,SB 613,3.75788379100004,98,,"{
  ""adaptation"": 0,
  ""mitigation"": 1,
  ""relief"": 0,
  ""irrelevant"": 0,
  ""regulatory"": 1,
  ""fiscal"": 0,
  ""symbolic"": 0,
  ""reversal"": 0,
  ""confidence"": 0.95,
  ""regulated_party"": ""state_agencies",0.0,1.0,0.0,0.0,1.0,0.0,0.0,0.0,0.0,1.0,0.0,0.0,0.0,0.0,1.0,0.0,,,,,,,,,,
state_adaptation,qwen3:30b-a3b-q4_K_M,HB 1615,2.7652095839998765,83,,"{""adaptation"": 0, ""mitigation"": 1, ""relief"": 0, ""irrelevant"": 0, ""regulatory"": 1, ""fiscal"": 0, ""symbolic"": 0, ""reversal"": 0, ""confidence"": 0.95, ""regulated_party"": ""private_entities"", ""money_evidence""",0.0,1.0,0.0,0.0,1.0,0.0,0.0,0.0,0.0,0.0,0.0,1.0,0.0,0.0,0.0,0.0,,,,,,,,,,
state_adaptation,qwen3:30b-a3b-q4_K_M,HB 1817,3.2260564999999133,97,,"{
  ""adaptation"": 0,
  ""mitigation"": 0,
  ""relief"": 0,
  ""irrelevant"": 1,
  ""regulatory"": 0,
  ""fiscal"": 1,
  ""symbolic"": 0,
  ""reversal"": 0,
  ""confidence"": 0.9,
  ""regulated_party"": ""none"",
  ""money",0.0,0.0,0.0,1.0,0.0,1.0,0.0,0.0,0.0,0.0,0.0,1.0,0.0,0.0,0.0,0.0,,,,,,,,,,
state_adaptation,qwen3:30b-a3b-q4_K_M,AB 2643,3.5685187500000666,96,,"{
  ""adaptation"": 0,
  ""mitigation"": 1,
  ""relief"": 0,
  ""irrelevant"": 0,
  ""regulatory"": 1,
  ""fiscal"": 0,
  ""symbolic"": 0,
  ""reversal"": 0,
  ""confidence"": 0.95,
  ""regulated_party"": ""private_entiti",0.0,1.0,0.0,0.0,1.0,0.0,0.0,0.0,0.0,1.0,0.0,0.0,0.0,0.0,1.0,0.0,,,,,,,,,,
state_adaptation,qwen3:30b-a3b-q4_K_M,SB 146,3.241830958000037,94,,"{
  ""adaptation"": 0,
  ""mitigation"": 0,
  ""relief"": 0,
  ""irrelevant"": 1,
  ""regulatory"": 0,
  ""fiscal"": 0,
  ""symbolic"": 0,
  ""reversal"": 0,
  ""confidence"": 0.8,
  ""regulated_party"": ""none"",
  ""money",0.0,0.0,0.0,1.0,0.0,0.0,0.0,0.0,1.0,0.0,0.0,0.0,0.0,1.0,0.0,0.0,,,,,,,,,,
state_adaptation,qwen3:30b-a3b-q4_K_M,SB 732,5.058099791999894,95,,"{
  ""adaptation"": 0,
  ""mitigation"": 0,
  ""relief"": 0,
  ""irrelevant"": 1,
  ""regulatory"": 0,
  ""fiscal"": 1,
  ""symbolic"": 0,
  ""reversal"": 0,
  ""confidence"": 0.7,
  ""regulated_party"": ""none"",
  ""money",0.0,0.0,0.0,1.0,0.0,1.0,0.0,0.0,0.0,0.0,0.0,1.0,0.0,0.0,0.0,0.0,,,,,,,,,,
state_adaptation,qwen3:30b-a3b-q4_K_M,SB 1700,3.5330408749998696,100,,"{
  ""adaptation"": 0,
  ""mitigation"": 1,
  ""relief"": 0,
  ""irrelevant"": 0,
  ""regulatory"": 1,
  ""fiscal"": 1,
  ""symbolic"": 0,
  ""reversal"": 0,
  ""confidence"": 0.95,
  ""regulated_party"": ""private_entiti",0.0,1.0,0.0,0.0,1.0,1.0,0.0,0.0,0.0,1.0,0.0,0.0,0.0,0.0,1.0,0.0,,,,,,,,,,
state_adaptation,qwen3:30b-a3b-q4_K_M,SD 3054,3.421356249999917,98,,"{
  ""adaptation"": 0,
  ""mitigation"": 1,
  ""relief"": 0,
  ""irrelevant"": 0,
  ""regulatory"": 0,
  ""fiscal"": 1,
  ""symbolic"": 0,
  ""reversal"": 0,
  ""confidence"": 0.95,
  ""regulated_party"": ""none"",
  ""mone",0.0,1.0,0.0,0.0,0.0,1.0,0.0,0.0,0.0,1.0,0.0,0.0,0.0,0.0,1.0,0.0,,,,,,,,,,
state_adaptation,qwen3:30b-a3b-q4_K_M,AB 115,4.636809707999873,97,,"{
  ""adaptation"": 0,
  ""mitigation"": 0,
  ""relief"": 0,
  ""irrelevant"": 1,
  ""regulatory"": 1,
  ""fiscal"": 0,
  ""symbolic"": 0,
  ""reversal"": 0,
  ""confidence"": 0.7,
  ""regulated_party"": ""local_governmen",0.0,0.0,0.0,1.0,1.0,0.0,0.0,0.0,0.0,0.0,0.0,1.0,0.0,0.0,0.0,0.0,,,,,,,,,,
state_adaptation,qwen3:30b-a3b-q4_K_M,S 3423,3.4004812500002117,96,,"{
  ""adaptation"": 0,
  ""mitigation"": 1,
  ""relief"": 0,
  ""irrelevant"": 0,
  ""regulatory"": 1,
  ""fiscal"": 0,
  ""symbolic"": 0,
  ""reversal"": 0,
  ""confidence"": 0.95,
  ""regulated_party"": ""private_entiti",0.0,1.0,0.0,0.0,1.0,0.0,0.0,0.0,0.0,1.0,0.0,0.0,1.0,0.0,0.0,0.0,,,,,,,,,,
state_adaptation,qwen3:30b-a3b-q4_K_M,SB 3142,3.4270822500002396,99,,"{
  ""adaptation"": 0,
  ""mitigation"": 0,
  ""relief"": 0,
  ""irrelevant"": 1,
  ""regulatory"": 0,
  ""fiscal"": 1,
  ""symbolic"": 0,
  ""reversal"": 0,
  ""confidence"": 0.85,
  ""regulated_party"": ""none"",
  ""mone",0.0,0.0,0.0,1.0,0.0,1.0,0.0,0.0,0.0,0.0,0.0,1.0,0.0,0.0,0.0,0.0,,,,,,,,,,
state_adaptation,qwen3:30b-a3b-q4_K_M,HB 191,3.32450899999958,95,,"{
  ""adaptation"": 0,
  ""mitigation"": 1,
  ""relief"": 0,
  ""irrelevant"": 0,
  ""regulatory"": 1,
  ""fiscal"": 0,
  ""symbolic"": 0,
  ""reversal"": 0,
  ""confidence"": 0.95,
  ""regulated_party"": ""utilities"",
  ",0.0,1.0,0.0,0.0,1.0,0.0,0.0,0.0,0.0,1.0,0.0,0.0,1.0,0.0,0.0,0.0,,,,,,,,,,
state_adaptation,qwen3:30b-a3b-q4_K_M,SF 2188,2.909764541000186,85,,"{""adaptation"": 1, ""mitigation"": 0, ""relief"": 0, ""irrelevant"": 0, ""regulatory"": 0, ""fiscal"": 1, ""symbolic"": 0, ""reversal"": 0, ""confidence"": 0.9, ""regulated_party"": ""none"", ""money_evidence"": ""redirects_",1.0,0.0,0.0,0.0,0.0,1.0,0.0,0.0,1.0,0.0,0.0,0.0,0.0,0.0,1.0,0.0,,,,,,,,,,
state_adaptation,qwen3:30b-a3b-q4_K_M,S 4087,4.1581553329997405,95,,"{
  ""adaptation"": 0,
  ""mitigation"": 0,
  ""relief"": 0,
  ""irrelevant"": 1,
  ""regulatory"": 0,
  ""fiscal"": 0,
  ""symbolic"": 0,
  ""reversal"": 0,
  ""confidence"": 0.95,
  ""regulated_party"": ""none"",
  ""mone",0.0,0.0,0.0,1.0,0.0,0.0,0.0,0.0,0.0,0.0,0.0,1.0,0.0,0.0,0.0,0.0,,,,,,,,,,
state_adaptation,qwen3:30b-a3b-q4_K_M,HR 143,3.2178328330001023,94,,"{
  ""adaptation"": 0,
  ""mitigation"": 0,
  ""relief"": 0,
  ""irrelevant"": 1,
  ""regulatory"": 0,
  ""fiscal"": 0,
  ""symbolic"": 1,
  ""reversal"": 0,
  ""confidence"": 0.8,
  ""regulated_party"": ""none"",
  ""money",0.0,0.0,0.0,1.0,0.0,0.0,1.0,0.0,0.0,1.0,0.0,0.0,0.0,0.0,1.0,0.0,,,,,,,,,,
state_adaptation,qwen3:30b-a3b-q4_K_M,S 1653,2.683651374999954,81,,"{""adaptation"": 0, ""mitigation"": 0, ""relief"": 0, ""irrelevant"": 1, ""regulatory"": 0, ""fiscal"": 0, ""symbolic"": 1, ""reversal"": 0, ""confidence"": 0.7, ""regulated_party"": ""none"", ""money_evidence"": ""none""}",0.0,0.0,0.0,1.0,0.0,0.0,1.0,0.0,0.0,0.0,0.0,1.0,0.0,0.0,0.0,0.0,,,,,,,,,,
state_adaptation,qwen3:30b-a3b-q4_K_M,HB 3284,2.7053989579999325,82,,"{""adaptation"": 0, ""mitigation"": 1, ""relief"": 0, ""irrelevant"": 0, ""regulatory"": 1, ""fiscal"": 0, ""symbolic"": 0, ""reversal"": 0, ""confidence"": 0.8, ""regulated_party"": ""private_entities"", ""money_evidence"":",0.0,1.0,0.0,0.0,1.0,0.0,0.0,0.0,0.0,0.0,0.0,1.0,0.0,0.0,0.0,0.0,,,,,,,,,,
state_adaptation,qwen3:30b-a3b-q4_K_M,SB 1291,3.423577916999875,101,,"{
  ""adaptation"": 1,
  ""mitigation"": 0,
  ""relief"": 0,
  ""irrelevant"": 0,
  ""regulatory"": 1,
  ""fiscal"": 1,
  ""symbolic"": 0,
  ""reversal"": 0,
  ""confidence"": 0.95,
  ""regulated_party"": ""state_agencies",1.0,0.0,0.0,0.0,1.0,1.0,0.0,0.0,1.0,0.0,0.0,0.0,0.0,0.0,1.0,0.0,,,,,,,,,,
state_adaptation,qwen3:30b-a3b-q4_K_M,HB 5610,3.677502833999824,95,,"{
  ""adaptation"": 0,
  ""mitigation"": 1,
  ""relief"": 0,
  ""irrelevant"": 0,
  ""regulatory"": 1,
  ""fiscal"": 0,
  ""symbolic"": 0,
  ""reversal"": 0,
  ""confidence"": 0.95,
  ""regulated_party"": ""utilities"",
  ",0.0,1.0,0.0,0.0,1.0,0.0,0.0,0.0,0.0,0.0,0.0,1.0,0.0,0.0,0.0,0.0,,,,,,,,,,
state_adaptation,qwen3:30b-a3b-q4_K_M,SB 287,11.980371417000242,206,,"{
  ""adaptation"": 0,
  ""mitigation"": 0,
  ""relief"": 0,
  ""irrelevant"": 1,
  ""regulatory"": 0,
  ""fiscal"": 0,
  ""symbolic"": 0,
  ""reversal"": 0,
  ""confidence"": 0.6,
  ""regulated_party"": ""none"",
  ""money",0.0,0.0,0.0,1.0,0.0,0.0,0.0,0.0,0.0,0.0,0.0,1.0,0.0,0.0,0.0,0.0,,,,,,,,,,
state_adaptation,qwen3:30b-a3b-q4_K_M,AB 2259,5.2257092919999195,101,,"{
  ""adaptation"": 1,
  ""mitigation"": 0,
  ""relief"": 0,
  ""irrelevant"": 0,
  ""regulatory"": 1,
  ""fiscal"": 1,
  ""symbolic"": 0,
  ""reversal"": 0,
  ""confidence"": 0.95,
  ""regulated_party"": ""local_governme",1.0,0.0,0.0,0.0,1.0,1.0,0.0,0.0,0.0,0.0,0.0,1.0,0.0,0.0,0.0,0.0,,,,,,,,,,
state_adaptation,qwen3:30b-a3b-q4_K_M,HB 4340,3.277929958000186,94,,"{
  ""adaptation"": 0,
  ""mitigation"": 0,
  ""relief"": 0,
  ""irrelevant"": 1,
  ""regulatory"": 0,
  ""fiscal"": 0,
  ""symbolic"": 0,
  ""reversal"": 0,
  ""confidence"": 0.7,
  ""regulated_party"": ""none"",
  ""money",0.0,0.0,0.0,1.0,0.0,0.0,0.0,0.0,0.0,0.0,0.0,1.0,0.0,0.0,0.0,0.0,,,,,,,,,,
state_adaptation,qwen3:30b-a3b-q4_K_M,HR 4916,2.8593892079998113,83,,"{""adaptation"": 0, ""mitigation"": 1, ""relief"": 0, ""irrelevant"": 0, ""regulatory"": 1, ""fiscal"": 0, ""symbolic"": 0, ""reversal"": 1, ""confidence"": 0.95, ""regulated_party"": ""private_entities"", ""money_evidence""",0.0,1.0,0.0,0.0,1.0,0.0,0.0,1.0,0.0,1.0,0.0,0.0,0.0,0.0,1.0,0.0,,,,,,,,,,
state_adaptation,qwen3:30b-a3b-q4_K_M,SB 2180,3.389644041999873,97,,"{
  ""adaptation"": 0,
  ""mitigation"": 0,
  ""relief"": 0,
  ""irrelevant"": 1,
  ""regulatory"": 1,
  ""fiscal"": 0,
  ""symbolic"": 0,
  ""reversal"": 0,
  ""confidence"": 0.8,
  ""regulated_party"": ""state_agencies_",0.0,0.0,0.0,1.0,1.0,0.0,0.0,0.0,0.0,0.0,0.0,1.0,0.0,0.0,0.0,0.0,,,,,,,,,,
state_adaptation,qwen3:30b-a3b-q4_K_M,SB 119,9.559663417000138,99,,"{
  ""adaptation"": 0,
  ""mitigation"": 0,
  ""relief"": 0,
  ""irrelevant"": 1,
  ""regulatory"": 1,
  ""fiscal"": 1,
  ""symbolic"": 0,
  ""reversal"": 0,
  ""confidence"": 0.7,
  ""regulated_party"": ""private_entitie",0.0,0.0,0.0,1.0,1.0,1.0,0.0,0.0,0.0,0.0,0.0,1.0,0.0,0.0,0.0,0.0,,,,,,,,,,
state_adaptation,qwen3:30b-a3b-q4_K_M,SF 460,2.7415725830001065,82,,"{""adaptation"": 1, ""mitigation"": 0, ""relief"": 0, ""irrelevant"": 0, ""regulatory"": 1, ""fiscal"": 0, ""symbolic"": 0, ""reversal"": 0, ""confidence"": 0.9, ""regulated_party"": ""private_entities"", ""money_evidence"":",1.0,0.0,0.0,0.0,1.0,0.0,0.0,0.0,0.0,0.0,0.0,1.0,0.0,0.0,0.0,0.0,,,,,,,,,,
state_adaptation,qwen3:30b-a3b-q4_K_M,S 2353,3.3915121659997567,98,,"{
  ""adaptation"": 0,
  ""mitigation"": 0,
  ""relief"": 0,
  ""irrelevant"": 1,
  ""regulatory"": 0,
  ""fiscal"": 1,
  ""symbolic"": 0,
  ""reversal"": 0,
  ""confidence"": 0.85,
  ""regulated_party"": ""none"",
  ""mone",0.0,0.0,0.0,1.0,0.0,1.0,0.0,0.0,0.0,0.0,0.0,1.0,0.0,0.0,0.0,0.0,,,,,,,,,,
state_adaptation,qwen3:30b-a3b-q4_K_M,HR 2635,2.7689682499999435,83,,"{""adaptation"": 0, ""mitigation"": 1, ""relief"": 0, ""irrelevant"": 0, ""regulatory"": 1, ""fiscal"": 0, ""symbolic"": 0, ""reversal"": 0, ""confidence"": 0.95, ""regulated_party"": ""private_entities"", ""money_evidence""",0.0,1.0,0.0,0.0,1.0,0.0,0.0,0.0,0.0,1.0,0.0,0.0,0.0,0.0,1.0,0.0,,,,,,,,,,
state_adaptation,qwen3:30b-a3b-q4_K_M,HB 451,3.5925915839998197,95,,"{
  ""adaptation"": 0,
  ""mitigation"": 0,
  ""relief"": 0,
  ""irrelevant"": 1,
  ""regulatory"": 0,
  ""fiscal"": 0,
  ""symbolic"": 0,
  ""reversal"": 0,
  ""confidence"": 0.95,
  ""regulated_party"": ""none"",
  ""mone",0.0,0.0,0.0,1.0,0.0,0.0,0.0,0.0,0.0,0.0,0.0,1.0,0.0,0.0,0.0,0.0,,,,,,,,,,
state_adaptation,qwen3:30b-a3b-q4_K_M,S 497,3.312729834000038,94,,"{
  ""adaptation"": 0,
  ""mitigation"": 0,
  ""relief"": 0,
  ""irrelevant"": 1,
  ""regulatory"": 0,
  ""fiscal"": 0,
  ""symbolic"": 0,
  ""reversal"": 0,
  ""confidence"": 0.8,
  ""regulated_party"": ""none"",
  ""money",0.0,0.0,0.0,1.0,0.0,0.0,0.0,0.0,1.0,0.0,0.0,0.0,0.0,0.0,0.0,1.0,,,,,,,,,,
state_adaptation,qwen3:30b-a3b-q4_K_M,HB 2438,2.7309475420001945,81,,"{""adaptation"": 0, ""mitigation"": 0, ""relief"": 0, ""irrelevant"": 1, ""regulatory"": 0, ""fiscal"": 0, ""symbolic"": 0, ""reversal"": 0, ""confidence"": 0.9, ""regulated_party"": ""none"", ""money_evidence"": ""none""}",0.0,0.0,0.0,1.0,0.0,0.0,0.0,0.0,0.0,0.0,0.0,1.0,0.0,0.0,0.0,0.0,,,,,,,,,,
state_adaptation,qwen3:30b-a3b-q4_K_M,HF 468,2.7831423330003418,84,,"{""adaptation"": 1, ""mitigation"": 0, ""relief"": 0, ""irrelevant"": 0, ""regulatory"": 0, ""fiscal"": 1, ""symbolic"": 0, ""reversal"": 0, ""confidence"": 0.95, ""regulated_party"": ""none"", ""money_evidence"": ""bond_auth",1.0,0.0,0.0,0.0,0.0,1.0,0.0,0.0,0.0,0.0,0.0,1.0,0.0,0.0,0.0,0.0,,,,,,,,,,
state_adaptation,mistral-small:24b-instruct-2501-q4_K_M,AB 2480,77.30083187499986,111,,"```json
{
  ""adaptation"": 1,
  ""mitigation"": 0,
  ""relief"": 0,
  ""irrelevant"": 0,
  ""regulatory"": 1,
  ""fiscal"": 1,
  ""symbolic"": 1,
  ""reversal"": 0,
  ""confidence"": 0.85,
  ""regulated_party"": ""state_",1.0,0.0,0.0,0.0,1.0,1.0,1.0,0.0,1.0,0.0,0.0,0.0,1.0,0.0,0.0,0.0,,,,,,,,,,
state_adaptation,mistral-small:24b-instruct-2501-q4_K_M,HB 2143,11.13038612499986,106,,"```json
{
  ""adaptation"": 1,
  ""mitigation"": 0,
  ""relief"": 0,
  ""irrelevant"": 0,
  ""regulatory"": 0,
  ""fiscal"": 1,
  ""symbolic"": 0,
  ""reversal"": 0,
  ""confidence"": 0.8,
  ""regulated_party"": ""none"",
",1.0,0.0,0.0,0.0,0.0,1.0,0.0,0.0,0.0,0.0,0.0,1.0,0.0,0.0,0.0,0.0,,,,,,,,,,
state_adaptation,mistral-small:24b-instruct-2501-q4_K_M,HR 176,10.590810749999946,104,,"```json
{
  ""adaptation"": 0,
  ""mitigation"": 1,
  ""relief"": 0,
  ""irrelevant"": 0,
  ""regulatory"": 0,
  ""fiscal"": 1,
  ""symbolic"": 1,
  ""reversal"": 0,
  ""confidence"": 0.9,
  ""regulated_party"": ""none"",
",0.0,1.0,0.0,0.0,0.0,1.0,1.0,0.0,0.0,1.0,0.0,0.0,0.0,0.0,1.0,0.0,,,,,,,,,,
state_adaptation,mistral-small:24b-instruct-2501-q4_K_M,HB 3565,11.641265999999632,103,,"```json
{
    ""adaptation"": 1,
    ""mitigation"": 0,
    ""relief"": 0,
    ""irrelevant"": 0,
    ""regulatory"": 0,
    ""fiscal"": 1,
    ""symbolic"": 0,
    ""reversal"": 0,
    ""confidence"": 0.95,
    ""regul",1.0,0.0,0.0,0.0,0.0,1.0,0.0,0.0,1.0,0.0,0.0,0.0,0.0,1.0,0.0,0.0,,,,,,,,,,
state_adaptation,mistral-small:24b-instruct-2501-q4_K_M,HR 1135,11.502823291999904,109,,"```json
{
  ""adaptation"": 0,
  ""mitigation"": 1,
  ""relief"": 0,
  ""irrelevant"": 0,
  ""regulatory"": 1,
  ""fiscal"": 1,
  ""symbolic"": 0,
  ""reversal"": 0,
  ""confidence"": 0.95,
  ""regulated_party"": ""privat",0.0,1.0,0.0,0.0,1.0,1.0,0.0,0.0,0.0,1.0,0.0,0.0,0.0,0.0,1.0,0.0,,,,,,,,,,
state_adaptation,mistral-small:24b-instruct-2501-q4_K_M,S 2711,15.841017792000002,101,,"```json
{
  ""adaptation"": 0,
  ""mitigation"": 1,
  ""relief"": 0,
  ""irrelevant"": 0,
  ""regulatory"": 0,
  ""fiscal"": 0,
  ""symbolic"": 1,
  ""reversal"": 0,
  ""confidence"": 0.85,
  ""regulated_party"": ""none"",",0.0,1.0,0.0,0.0,0.0,0.0,1.0,0.0,0.0,1.0,0.0,0.0,0.0,0.0,1.0,0.0,,,,,,,,,,
state_adaptation,mistral-small:24b-instruct-2501-q4_K_M,AJR 152,10.194362249999813,100,,"```json
{
  ""adaptation"": 1,
  ""mitigation"": 0,
  ""relief"": 0,
  ""irrelevant"": 0,
  ""regulatory"": 0,
  ""fiscal"": 0,
  ""symbolic"": 1,
  ""reversal"": 0,
  ""confidence"": 0.9,
  ""regulated_party"": ""none"",
",1.0,0.0,0.0,0.0,0.0,0.0,1.0,0.0,0.0,0.0,0.0,1.0,0.0,0.0,0.0,0.0,,,,,,,,,,
state_adaptation,mistral-small:24b-instruct-2501-q4_K_M,AB 887,24.998133374999725,102,,"```json
{
  ""adaptation"": 0,
  ""mitigation"": 0,
  ""relief"": 0,
  ""irrelevant"": 1,
  ""regulatory"": 1,
  ""fiscal"": 0,
  ""symbolic"": 0,
  ""reversal"": 0,
  ""confidence"": 0.95,
  ""regulated_party"": ""mixed""",0.0,0.0,0.0,1.0,1.0,0.0,0.0,0.0,0.0,0.0,0.0,1.0,0.0,0.0,0.0,0.0,,,,,,,,,,
state_adaptation,mistral-small:24b-instruct-2501-q4_K_M,HB 74,10.283319458000278,101,,"```json
{
  ""adaptation"": 0,
  ""mitigation"": 1,
  ""relief"": 0,
  ""irrelevant"": 0,
  ""regulatory"": 1,
  ""fiscal"": 0,
  ""symbolic"": 0,
  ""reversal"": 0,
  ""confidence"": 0.8,
  ""regulated_party"": ""mixed"",",0.0,1.0,0.0,0.0,1.0,0.0,0.0,0.0,0.0,1.0,0.0,0.0,0.0,0.0,1.0,0.0,,,,,,,,,,
state_adaptation,mistral-small:24b-instruct-2501-q4_K_M,HB 7A,10.876172125000268,103,,"```json
{
  ""adaptation"": 1,
  ""mitigation"": 0,
  ""relief"": 1,
  ""irrelevant"": 0,
  ""regulatory"": 1,
  ""fiscal"": 0,
  ""symbolic"": 0,
  ""reversal"": 0,
  ""confidence"": 0.85,
  ""regulated_party"": ""privat",1.0,0.0,1.0,0.0,1.0,0.0,0.0,0.0,1.0,0.0,0.0,0.0,0.0,0.0,1.0,0.0,,,,,,,,,,
state_adaptation,mistral-small:24b-instruct-2501-q4_K_M,SB 605,11.364539375000277,104,,"```json
{
  ""adaptation"": 0,
  ""mitigation"": 1,
  ""relief"": 0,
  ""irrelevant"": 0,
  ""regulatory"": 0,
  ""fiscal"": 1,
  ""symbolic"": 0,
  ""reversal"": 0,
  ""confidence"": 0.9,
  ""regulated_party"": ""utiliti",0.0,1.0,0.0,0.0,0.0,1.0,0.0,0.0,0.0,1.0,0.0,0.0,0.0,0.0,1.0,0.0,,,,,,,,,,
state_adaptation,mistral-small:24b-instruct-2501-q4_K_M,HB 202,12.82403258300019,107,,"```json
{
  ""adaptation"": 0,
  ""mitigation"": 1,
  ""relief"": 0,
  ""irrelevant"": 0,
  ""regulatory"": 1,
  ""fiscal"": 1,
  ""symbolic"": 0,
  ""reversal"": 1,
  ""confidence"": 0.95,
  ""regulated_party"": ""privat",0.0,1.0,0.0,0.0,1.0,1.0,0.0,1.0,0.0,1.0,0.0,0.0,0.0,0.0,0.0,1.0,,,,,,,,,,
state_adaptation,mistral-small:24b-instruct-2501-q4_K_M,HB 1474,11.540348083000026,106,,"```json
{
  ""adaptation"": 1,
  ""mitigation"": 0,
  ""relief"": 0,
  ""irrelevant"": 0,
  ""regulatory"": 1,
  ""fiscal"": 1,
  ""symbolic"": 0,
  ""reversal"": 0,
  ""confidence"": 0.85,
  ""regulated_party"": ""privat",1.0,0.0,0.0,0.0,1.0,1.0,0.0,0.0,0.0,0.0,0.0,1.0,0.0,0.0,0.0,0.0,,,,,,,,,,
state_adaptation,mistral-small:24b-instruct-2501-q4_K_M,SB 18-143,19.217955790999895,108,,"```json
{
  ""adaptation"": 0,
  ""mitigation"": 0,
  ""relief"": 0,
  ""irrelevant"": 1,
  ""regulatory"": 1,
  ""fiscal"": 1,
  ""symbolic"": 1,
  ""reversal"": 0,
  ""confidence"": 0.9,
  ""regulated_party"": ""state_a",0.0,0.0,0.0,1.0,1.0,1.0,1.0,0.0,0.0,0.0,0.0,1.0,0.0,0.0,0.0,0.0,,,,,,,,,,
state_adaptation,mistral-small:24b-instruct-2501-q4_K_M,SB 610,10.594134250000025,104,,"```json
{
  ""adaptation"": 0,
  ""mitigation"": 0,
  ""relief"": 1,
  ""irrelevant"": 0,
  ""regulatory"": 0,
  ""fiscal"": 1,
  ""symbolic"": 0,
  ""reversal"": 0,
  ""confidence"": 0.85,
  ""regulated_party"": ""none"",",0.0,0.0,1.0,0.0,0.0,1.0,0.0,0.0,0.0,0.0,0.0,1.0,0.0,0.0,0.0,0.0,,,,,,,,,,
state_adaptation,mistral-small:24b-instruct-2501-q4_K_M,S 338,10.447842083000069,102,,"```json
{
  ""adaptation"": 0,
  ""mitigation"": 1,
  ""relief"": 0,
  ""irrelevant"": 0,
  ""regulatory"": 1,
  ""fiscal"": 0,
  ""symbolic"": 0,
  ""reversal"": 0,
  ""confidence"": 0.9,
  ""regulated_party"": ""private",0.0,1.0,0.0,0.0,1.0,0.0,0.0,0.0,0.0,1.0,0.0,0.0,0.0,1.0,1.0,0.0,,,,,,,,,,
state_adaptation,mistral-small:24b-instruct-2501-q4_K_M,SB 6,27.349325249999765,105,,"```json
{
  ""adaptation"": 0,
  ""mitigation"": 1,
  ""relief"": 0,
  ""irrelevant"": 0,
  ""regulatory"": 1,
  ""fiscal"": 0,
  ""symbolic"": 0,
  ""reversal"": 0,
  ""confidence"": 0.85,
  ""regulated_party"": ""local_",0.0,1.0,0.0,0.0,1.0,0.0,0.0,0.0,0.0,0.0,0.0,1.0,0.0,0.0,0.0,0.0,,,,,,,,,,
state_adaptation,mistral-small:24b-instruct-2501-q4_K_M,HB 208,12.45813787499992,107,,"```json
{
  ""adaptation"": 0,
  ""mitigation"": 1,
  ""relief"": 0,
  ""irrelevant"": 0,
  ""regulatory"": 0,
  ""fiscal"": 1,
  ""symbolic"": 0,
  ""reversal"": 0,
  ""confidence"": 0.95,
  ""regulated_party"": ""privat",0.0,1.0,0.0,0.0,0.0,1.0,0.0,0.0,0.0,1.0,0.0,0.0,0.0,1.0,0.0,0.0,,,,,,,,,,
state_adaptation,mistral-small:24b-instruct-2501-q4_K_M,SB 613,13.020670333999988,105,,"```json
{
  ""adaptation"": 0,
  ""mitigation"": 1,
  ""relief"": 0,
  ""irrelevant"": 0,
  ""regulatory"": 1,
  ""fiscal"": 0,
  ""symbolic"": 0,
  ""reversal"": 0,
  ""confidence"": 0.95,
  ""regulated_party"": ""state_",0.0,1.0,0.0,0.0,1.0,0.0,0.0,0.0,0.0,1.0,0.0,0.0,0.0,0.0,1.0,0.0,,,,,,,,,,
state_adaptation,mistral-small:24b-instruct-2501-q4_K_M,HB 1615,10.396421334000024,102,,"```json
{
  ""adaptation"": 1,
  ""mitigation"": 1,
  ""relief"": 0,
  ""irrelevant"": 0,
  ""regulatory"": 1,
  ""fiscal"": 0,
  ""symbolic"": 0,
  ""reversal"": 0,
  ""confidence"": 0.9,
  ""regulated_party"": ""private",1.0,1.0,0.0,0.0,1.0,0.0,0.0,0.0,0.0,0.0,0.0,1.0,0.0,0.0,0.0,0.0,,,,,,,,,,
state_adaptation,mistral-small:24b-instruct-2501-q4_K_M,HB 1817,10.796442500000012,102,,"```json
{
  ""adaptation"": 0,
  ""mitigation"": 0,
  ""relief"": 0,
  ""irrelevant"": 1,
  ""regulatory"": 0,
  ""fiscal"": 1,
  ""symbolic"": 0,
  ""reversal"": 0,
  ""confidence"": 0.9,
  ""regulated_party"": ""none"",
",0.0,0.0,0.0,1.0,0.0,1.0,0.0,0.0,0.0,0.0,0.0,1.0,0.0,0.0,0.0,0.0,,,,,,,,,,
state_adaptation,mistral-small:24b-instruct-2501-q4_K_M,AB 2643,12.420559499999854,103,,"```json
{
  ""adaptation"": 0,
  ""mitigation"": 1,
  ""relief"": 0,
  ""irrelevant"": 0,
  ""regulatory"": 1,
  ""fiscal"": 0,
  ""symbolic"": 0,
  ""reversal"": 0,
  ""confidence"": 0.95,
  ""regulated_party"": ""privat",0.0,1.0,0.0,0.0,1.0,0.0,0.0,0.0,0.0,1.0,0.0,0.0,0.0,0.0,1.0,0.0,,,,,,,,,,
state_adaptation,mistral-small:24b-instruct-2501-q4_K_M,SB 146,11.571116084000096,106,,"```json
{
  ""adaptation"": 0,
  ""mitigation"": 0,
  ""relief"": 0,
  ""irrelevant"": 1,
  ""regulatory"": 1,
  ""fiscal"": 1,
  ""symbolic"": 0,
  ""reversal"": 0,
  ""confidence"": 0.9,
  ""regulated_party"": ""private",0.0,0.0,0.0,1.0,1.0,1.0,0.0,0.0,1.0,0.0,0.0,0.0,0.0,1.0,0.0,0.0,,,,,,,,,,
state_adaptation,mistral-small:24b-instruct-2501-q4_K_M,SB 732,17.91328537499976,107,,"```json
{
  ""adaptation"": 1,
  ""mitigation"": 0,
  ""relief"": 1,
  ""irrelevant"": 0,
  ""regulatory"": 1,
  ""fiscal"": 1,
  ""symbolic"": 0,
  ""reversal"": 0,
  ""confidence"": 0.95,
  ""regulated_party"": ""local_",1.0,0.0,1.0,0.0,1.0,1.0,0.0,0.0,0.0,0.0,0.0,1.0,0.0,0.0,0.0,0.0,,,,,,,,,,
state_adaptation,mistral-small:24b-instruct-2501-q4_K_M,SB 1700,12.162779375000357,108,,"```json
{
  ""adaptation"": 0,
  ""mitigation"": 1,
  ""relief"": 0,
  ""irrelevant"": 0,
  ""regulatory"": 1,
  ""fiscal"": 1,
  ""symbolic"": 0,
  ""reversal"": 0,
  ""confidence"": 0.95,
  ""regulated_party"": ""local_",0.0,1.0,0.0,0.0,1.0,1.0,0.0,0.0,0.0,1.0,0.0,0.0,0.0,0.0,1.0,0.0,,,,,,,,,,
state_adaptation,mistral-small:24b-instruct-2501-q4_K_M,SD 3054,11.113316582999689,101,,"```json
{
  ""adaptation"": 0,
  ""mitigation"": 1,
  ""relief"": 0,
  ""irrelevant"": 0,
  ""regulatory"": 0,
  ""fiscal"": 0,
  ""symbolic"": 1,
  ""reversal"": 0,
  ""confidence"": 0.8,
  ""regulated_party"": ""mixed"",",0.0,1.0,0.0,0.0,0.0,0.0,1.0,0.0,0.0,1.0,0.0,0.0,0.0,0.0,1.0,0.0,,,,,,,,,,
state_adaptation,mistral-small:24b-instruct-2501-q4_K_M,AB 115,16.801654666000104,105,,"```json
{
  ""adaptation"": 0,
  ""mitigation"": 1,
  ""relief"": 0,
  ""irrelevant"": 0,
  ""regulatory"": 1,
  ""fiscal"": 0,
  ""symbolic"": 0,
  ""reversal"": 0,
  ""confidence"": 0.85,
  ""regulated_party"": ""local_",0.0,1.0,0.0,0.0,1.0,0.0,0.0,0.0,0.0,0.0,0.0,1.0,0.0,0.0,0.0,0.0,,,,,,,,,,
state_adaptation,mistral-small:24b-instruct-2501-q4_K_M,S 3423,11.661858583999674,103,,"```json
{
  ""adaptation"": 0,
  ""mitigation"": 1,
  ""relief"": 0,
  ""irrelevant"": 0,
  ""regulatory"": 1,
  ""fiscal"": 0,
  ""symbolic"": 0,
  ""reversal"": 0,
  ""confidence"": 0.95,
  ""regulated_party"": ""privat",0.0,1.0,0.0,0.0,1.0,0.0,0.0,0.0,0.0,1.0,0.0,0.0,1.0,0.0,0.0,0.0,,,,,,,,,,
state_adaptation,mistral-small:24b-instruct-2501-q4_K_M,SB 3142,12.108535041999858,111,,"```json
{
  ""adaptation"": 1,
  ""mitigation"": 0,
  ""relief"": 0,
  ""irrelevant"": 0,
  ""regulatory"": 0,
  ""fiscal"": 1,
  ""symbolic"": 0,
  ""reversal"": 0,
  ""confidence"": 0.85,
  ""regulated_party"": ""state_",1.0,0.0,0.0,0.0,0.0,1.0,0.0,0.0,0.0,0.0,0.0,1.0,0.0,0.0,0.0,0.0,,,,,,,,,,
state_adaptation,mistral-small:24b-instruct-2501-q4_K_M,HB 191,11.609415875000195,102,,"```json
{
  ""adaptation"": 0,
  ""mitigation"": 1,
  ""relief"": 0,
  ""irrelevant"": 0,
  ""regulatory"": 1,
  ""fiscal"": 0,
  ""symbolic"": 0,
  ""reversal"": 0,
  ""confidence"": 0.95,
  ""regulated_party"": ""utilit",0.0,1.0,0.0,0.0,1.0,0.0,0.0,0.0,0.0,1.0,0.0,0.0,1.0,0.0,0.0,0.0,,,,,,,,,,
state_adaptation,mistral-small:24b-instruct-2501-q4_K_M,SF 2188,11.36147341600008,108,,"```json
{
  ""adaptation"": 1,
  ""mitigation"": 0,
  ""relief"": 0,
  ""irrelevant"": 0,
  ""regulatory"": 0,
  ""fiscal"": 1,
  ""symbolic"": 0,
  ""reversal"": 0,
  ""confidence"": 0.85,
  ""regulated_party"": ""state_",1.0,0.0,0.0,0.0,0.0,1.0,0.0,0.0,1.0,0.0,0.0,0.0,0.0,0.0,1.0,0.0,,,,,,,,,,
state_adaptation,mistral-small:24b-instruct-2501-q4_K_M,S 4087,15.21830141700002,107,,"```json
{
  ""adaptation"": 0,
  ""mitigation"": 0,
  ""relief"": 0,
  ""irrelevant"": 1,
  ""regulatory"": 0,
  ""fiscal"": 1,
  ""symbolic"": 0,
  ""reversal"": 0,
  ""confidence"": 0.9,
  ""regulated_party"": ""state_a",0.0,0.0,0.0,1.0,0.0,1.0,0.0,0.0,0.0,0.0,0.0,1.0,0.0,0.0,0.0,0.0,,,,,,,,,,
state_adaptation,mistral-small:24b-instruct-2501-q4_K_M,HR 143,10.956672792000065,100,,"```json
{
  ""adaptation"": 0,
  ""mitigation"": 1,
  ""relief"": 0,
  ""irrelevant"": 0,
  ""regulatory"": 0,
  ""fiscal"": 0,
  ""symbolic"": 1,
  ""reversal"": 0,
  ""confidence"": 0.9,
  ""regulated_party"": ""none"",
",0.0,1.0,0.0,0.0,0.0,0.0,1.0,0.0,0.0,1.0,0.0,0.0,0.0,0.0,1.0,0.0,,,,,,,,,,
state_adaptation,mistral-small:24b-instruct-2501-q4_K_M,S 1653,10.23213929099984,100,,"```json
{
    ""adaptation"": 1,
    ""mitigation"": 0,
    ""relief"": 0,
    ""irrelevant"": 0,
    ""regulatory"": 0,
    ""fiscal"": 0,
    ""symbolic"": 1,
    ""reversal"": 0,
    ""confidence"": 0.8,
    ""regula",1.0,0.0,0.0,0.0,0.0,0.0,1.0,0.0,0.0,0.0,0.0,1.0,0.0,0.0,0.0,0.0,,,,,,,,,,
state_adaptation,mistral-small:24b-instruct-2501-q4_K_M,HB 3284,10.43736408299992,102,,"```json
{
  ""adaptation"": 0,
  ""mitigation"": 1,
  ""relief"": 0,
  ""irrelevant"": 0,
  ""regulatory"": 1,
  ""fiscal"": 0,
  ""symbolic"": 0,
  ""reversal"": 0,
  ""confidence"": 0.9,
  ""regulated_party"": ""private",0.0,1.0,0.0,0.0,1.0,0.0,0.0,0.0,0.0,0.0,0.0,1.0,0.0,0.0,0.0,0.0,,,,,,,,,,
state_adaptation,mistral-small:24b-instruct-2501-q4_K_M,SB 1291,11.655539750000116,107,,"```json
{
  ""adaptation"": 1,
  ""mitigation"": 0,
  ""relief"": 0,
  ""irrelevant"": 0,
  ""regulatory"": 1,
  ""fiscal"": 1,
  ""symbolic"": 0,
  ""reversal"": 0,
  ""confidence"": 0.9,
  ""regulated_party"": ""state_a",1.0,0.0,0.0,0.0,1.0,1.0,0.0,0.0,1.0,0.0,0.0,0.0,0.0,0.0,1.0,0.0,,,,,,,,,,
state_adaptation,mistral-small:24b-instruct-2501-q4_K_M,HB 5610,13.115486333999796,102,,"```json
{
  ""adaptation"": 0,
  ""mitigation"": 1,
  ""relief"": 0,
  ""irrelevant"": 0,
  ""regulatory"": 1,
  ""fiscal"": 0,
  ""symbolic"": 0,
  ""reversal"": 0,
  ""confidence"": 0.95,
  ""regulated_party"": ""utilit",0.0,1.0,0.0,0.0,1.0,0.0,0.0,0.0,0.0,0.0,0.0,1.0,0.0,0.0,0.0,0.0,,,,,,,,,,
state_adaptation,mistral-small:24b-instruct-2501-q4_K_M,SB 287,30.029523416000306,104,,"```json
{
  ""adaptation"": 0,
  ""mitigation"": 0,
  ""relief"": 0,
  ""irrelevant"": 1,
  ""regulatory"": 0,
  ""fiscal"": 0,
  ""symbolic"": 0,
  ""reversal"": 0,
  ""confidence"": 0.9,
  ""regulated_party"": ""local_g",0.0,0.0,0.0,1.0,0.0,0.0,0.0,0.0,0.0,0.0,0.0,1.0,0.0,0.0,0.0,0.0,,,,,,,,,,
state_adaptation,mistral-small:24b-instruct-2501-q4_K_M,AB 2259,18.40621962499972,108,,"```json
{
  ""adaptation"": 1,
  ""mitigation"": 0,
  ""relief"": 0,
  ""irrelevant"": 0,
  ""regulatory"": 1,
  ""fiscal"": 1,
  ""symbolic"": 1,
  ""reversal"": 0,
  ""confidence"": 0.85,
  ""regulated_party"": ""local_",1.0,0.0,0.0,0.0,1.0,1.0,1.0,0.0,0.0,0.0,0.0,1.0,0.0,0.0,0.0,0.0,,,,,,,,,,
state_adaptation,mistral-small:24b-instruct-2501-q4_K_M,HB 4340,11.1421734999999,102,,"```json
{
  ""adaptation"": 0,
  ""mitigation"": 0,
  ""relief"": 0,
  ""irrelevant"": 1,
  ""regulatory"": 1,
  ""fiscal"": 0,
  ""symbolic"": 0,
  ""reversal"": 0,
  ""confidence"": 0.9,
  ""regulated_party"": ""private",0.0,0.0,0.0,1.0,1.0,0.0,0.0,0.0,0.0,0.0,0.0,1.0,0.0,0.0,0.0,0.0,,,,,,,,,,
state_adaptation,mistral-small:24b-instruct-2501-q4_K_M,HR 4916,10.873879791000036,103,,"```json
{
  ""adaptation"": 0,
  ""mitigation"": 1,
  ""relief"": 0,
  ""irrelevant"": 0,
  ""regulatory"": 1,
  ""fiscal"": 0,
  ""symbolic"": 0,
  ""reversal"": 1,
  ""confidence"": 0.95,
  ""regulated_party"": ""privat",0.0,1.0,0.0,0.0,1.0,0.0,0.0,1.0,0.0,1.0,0.0,0.0,0.0,0.0,1.0,0.0,,,,,,,,,,
state_adaptation,mistral-small:24b-instruct-2501-q4_K_M,SB 2180,11.478238541999872,105,,"```json
{
  ""adaptation"": 1,
  ""mitigation"": 0,
  ""relief"": 0,
  ""irrelevant"": 0,
  ""regulatory"": 1,
  ""fiscal"": 0,
  ""symbolic"": 0,
  ""reversal"": 0,
  ""confidence"": 0.85,
  ""regulated_party"": ""state_",1.0,0.0,0.0,0.0,1.0,0.0,0.0,0.0,0.0,0.0,0.0,1.0,0.0,0.0,0.0,0.0,,,,,,,,,,
state_adaptation,mistral-small:24b-instruct-2501-q4_K_M,SB 119,33.06114508399969,106,,"```json
{
  ""adaptation"": 1,
  ""mitigation"": 0,
  ""relief"": 0,
  ""irrelevant"": 0,
  ""regulatory"": 1,
  ""fiscal"": 1,
  ""symbolic"": 1,
  ""reversal"": 0,
  ""confidence"": 0.85,
  ""regulated_party"": ""privat",1.0,0.0,0.0,0.0,1.0,1.0,1.0,0.0,0.0,0.0,0.0,1.0,0.0,0.0,0.0,0.0,,,,,,,,,,
state_adaptation,mistral-small:24b-instruct-2501-q4_K_M,SF 460,10.49165583299964,103,,"```json
{
  ""adaptation"": 1,
  ""mitigation"": 0,
  ""relief"": 0,
  ""irrelevant"": 0,
  ""regulatory"": 1,
  ""fiscal"": 0,
  ""symbolic"": 0,
  ""reversal"": 0,
  ""confidence"": 0.85,
  ""regulated_party"": ""privat",1.0,0.0,0.0,0.0,1.0,0.0,0.0,0.0,0.0,0.0,0.0,1.0,0.0,0.0,0.0,0.0,,,,,,,,,,
state_adaptation,mistral-small:24b-instruct-2501-q4_K_M,S 2353,11.933299790999628,106,,"```json
{
  ""adaptation"": 0,
  ""mitigation"": 0,
  ""relief"": 1,
  ""irrelevant"": 0,
  ""regulatory"": 0,
  ""fiscal"": 1,
  ""symbolic"": 0,
  ""reversal"": 0,
  ""confidence"": 0.9,
  ""regulated_party"": ""none"",
",0.0,0.0,1.0,0.0,0.0,1.0,0.0,0.0,0.0,0.0,0.0,1.0,0.0,0.0,0.0,0.0,,,,,,,,,,
state_adaptation,mistral-small:24b-instruct-2501-q4_K_M,HR 2635,10.790937833999578,102,,"```json
{
  ""adaptation"": 0,
  ""mitigation"": 1,
  ""relief"": 0,
  ""irrelevant"": 0,
  ""regulatory"": 1,
  ""fiscal"": 0,
  ""symbolic"": 0,
  ""reversal"": 0,
  ""confidence"": 0.9,
  ""regulated_party"": ""private",0.0,1.0,0.0,0.0,1.0,0.0,0.0,0.0,0.0,1.0,0.0,0.0,0.0,0.0,1.0,0.0,,,,,,,,,,
state_adaptation,mistral-small:24b-instruct-2501-q4_K_M,HB 451,12.837803165999958,103,,"```json
{
  ""adaptation"": 0,
  ""mitigation"": 0,
  ""relief"": 1,
  ""irrelevant"": 0,
  ""regulatory"": 1,
  ""fiscal"": 0,
  ""symbolic"": 0,
  ""reversal"": 0,
  ""confidence"": 0.85,
  ""regulated_party"": ""privat",0.0,0.0,1.0,0.0,1.0,0.0,0.0,0.0,0.0,0.0,0.0,1.0,0.0,0.0,0.0,0.0,,,,,,,,,,
state_adaptation,mistral-small:24b-instruct-2501-q4_K_M,S 497,11.956131709000148,106,,"```json
{
  ""adaptation"": 1,
  ""mitigation"": 0,
  ""relief"": 0,
  ""irrelevant"": 0,
  ""regulatory"": 1,
  ""fiscal"": 1,
  ""symbolic"": 0,
  ""reversal"": 0,
  ""confidence"": 0.85,
  ""regulated_party"": ""local_",1.0,0.0,0.0,0.0,1.0,1.0,0.0,0.0,1.0,0.0,0.0,0.0,0.0,0.0,0.0,1.0,,,,,,,,,,
state_adaptation,mistral-small:24b-instruct-2501-q4_K_M,HB 2438,10.211355208999976,100,,"```json
{
  ""adaptation"": 0,
  ""mitigation"": 0,
  ""relief"": 0,
  ""irrelevant"": 1,
  ""regulatory"": 0,
  ""fiscal"": 0,
  ""symbolic"": 0,
  ""reversal"": 0,
  ""confidence"": 0.9,
  ""regulated_party"": ""none"",
",0.0,0.0,0.0,1.0,0.0,0.0,0.0,0.0,0.0,0.0,0.0,1.0,0.0,0.0,0.0,0.0,,,,,,,,,,
state_adaptation,mistral-small:24b-instruct-2501-q4_K_M,HF 468,10.381984833999924,102,,"```json
{
  ""adaptation"": 1,
  ""mitigation"": 0,
  ""relief"": 0,
  ""irrelevant"": 0,
  ""regulatory"": 0,
  ""fiscal"": 1,
  ""symbolic"": 0,
  ""reversal"": 0,
  ""confidence"": 0.9,
  ""regulated_party"": ""none"",
",1.0,0.0,0.0,0.0,0.0,1.0,0.0,0.0,0.0,0.0,0.0,1.0,0.0,0.0,0.0,0.0,,,,,,,,,,
state_adaptation,gpt-5.4-nano,AB 2480,1.8400800839999647,47,,"{""adaptation"":1,""mitigation"":0,""relief"":0,""irrelevant"":0,""regulatory"":0,""fiscal"":1,""symbolic"":0,""reversal"":0}",1.0,0.0,0.0,0.0,0.0,1.0,0.0,0.0,1.0,0.0,0.0,0.0,1.0,0.0,0.0,0.0,,,,,,,,,,
state_adaptation,gpt-5.4-nano,HB 2143,1.2965953749999244,47,,"{""adaptation"":0,""mitigation"":0,""relief"":0,""irrelevant"":1,""regulatory"":0,""fiscal"":0,""symbolic"":0,""reversal"":0}",0.0,0.0,0.0,1.0,0.0,0.0,0.0,0.0,0.0,0.0,0.0,1.0,0.0,0.0,0.0,0.0,,,,,,,,,,
state_adaptation,gpt-5.4-nano,HR 176,1.1503245419999075,47,,"{""adaptation"":0,""mitigation"":1,""relief"":0,""irrelevant"":0,""regulatory"":0,""fiscal"":0,""symbolic"":1,""reversal"":0}",0.0,1.0,0.0,0.0,0.0,0.0,1.0,0.0,0.0,1.0,0.0,0.0,0.0,0.0,1.0,0.0,,,,,,,,,,
state_adaptation,gpt-5.4-nano,HB 3565,1.6280657500001323,48,,"{""adaptation"":1,""mitigation"":0,""relief"":0,""irrelevant"":0,""regulatory"":0,""fiscal"":1,""symbolic"":0,""reversal"":0  }",1.0,0.0,0.0,0.0,0.0,1.0,0.0,0.0,1.0,0.0,0.0,0.0,0.0,1.0,0.0,0.0,,,,,,,,,,
state_adaptation,gpt-5.4-nano,HR 1135,0.8060055410001041,47,,"{""adaptation"":0,""mitigation"":1,""relief"":0,""irrelevant"":0,""regulatory"":1,""fiscal"":1,""symbolic"":0,""reversal"":0}",0.0,1.0,0.0,0.0,1.0,1.0,0.0,0.0,0.0,1.0,0.0,0.0,0.0,0.0,1.0,0.0,,,,,,,,,,
state_adaptation,gpt-5.4-nano,S 2711,1.3407009160000598,47,,"{""adaptation"":0,""mitigation"":0,""relief"":0,""irrelevant"":1,""regulatory"":0,""fiscal"":0,""symbolic"":0,""reversal"":0}",0.0,0.0,0.0,1.0,0.0,0.0,0.0,0.0,0.0,1.0,0.0,0.0,0.0,0.0,1.0,0.0,,,,,,,,,,
state_adaptation,gpt-5.4-nano,AJR 152,0.9199435419996008,47,,"{""adaptation"":1,""mitigation"":0,""relief"":0,""irrelevant"":0,""regulatory"":0,""fiscal"":0,""symbolic"":1,""reversal"":0}",1.0,0.0,0.0,0.0,0.0,0.0,1.0,0.0,0.0,0.0,0.0,1.0,0.0,0.0,0.0,0.0,,,,,,,,,,
state_adaptation,gpt-5.4-nano,AB 887,1.5465478330002045,47,,"{""adaptation"":0,""mitigation"":0,""relief"":0,""irrelevant"":1,""regulatory"":1,""fiscal"":0,""symbolic"":0,""reversal"":0}",0.0,0.0,0.0,1.0,1.0,0.0,0.0,0.0,0.0,0.0,0.0,1.0,0.0,0.0,0.0,0.0,,,,,,,,,,
state_adaptation,gpt-5.4-nano,HB 74,1.0143769999999677,47,,"{""adaptation"":0,""mitigation"":1,""relief"":0,""irrelevant"":0,""regulatory"":0,""fiscal"":0,""symbolic"":0,""reversal"":0}",0.0,1.0,0.0,0.0,0.0,0.0,0.0,0.0,0.0,1.0,0.0,0.0,0.0,0.0,1.0,0.0,,,,,,,,,,
state_adaptation,gpt-5.4-nano,HB 7A,1.126973375000034,73,,"{
  ""adaptation"": 1,
  ""mitigation"": 0,
  ""relief"": 0,
  ""irrelevant"": 0,
  ""regulatory"": 1,
  ""fiscal"": 0,
  ""symbolic"": 0,
  ""reversal"": 0
  }",1.0,0.0,0.0,0.0,1.0,0.0,0.0,0.0,1.0,0.0,0.0,0.0,0.0,0.0,1.0,0.0,,,,,,,,,,
state_adaptation,gpt-5.4-nano,SB 605,0.8722764170001938,47,,"{""adaptation"":0,""mitigation"":1,""relief"":0,""irrelevant"":0,""regulatory"":0,""fiscal"":1,""symbolic"":0,""reversal"":0}",0.0,1.0,0.0,0.0,0.0,1.0,0.0,0.0,0.0,1.0,0.0,0.0,0.0,0.0,1.0,0.0,,,,,,,,,,
state_adaptation,gpt-5.4-nano,HB 202,1.0542380830002005,47,,"{""adaptation"":0,""mitigation"":1,""relief"":0,""irrelevant"":0,""regulatory"":0,""fiscal"":1,""symbolic"":0,""reversal"":1}",0.0,1.0,0.0,0.0,0.0,1.0,0.0,1.0,0.0,1.0,0.0,0.0,0.0,0.0,0.0,1.0,,,,,,,,,,
state_adaptation,gpt-5.4-nano,HB 1474,0.819194791999962,47,,"{""adaptation"":0,""mitigation"":0,""relief"":0,""irrelevant"":0,""regulatory"":0,""fiscal"":0,""symbolic"":0,""reversal"":0}",0.0,0.0,0.0,0.0,0.0,0.0,0.0,0.0,0.0,0.0,0.0,1.0,0.0,0.0,0.0,0.0,,,,,,,,,,
state_adaptation,gpt-5.4-nano,SB 18-143,0.9790536250002332,47,,"{""adaptation"":0,""mitigation"":0,""relief"":0,""irrelevant"":1,""regulatory"":1,""fiscal"":1,""symbolic"":0,""reversal"":0}",0.0,0.0,0.0,1.0,1.0,1.0,0.0,0.0,0.0,0.0,0.0,1.0,0.0,0.0,0.0,0.0,,,,,,,,,,
state_adaptation,gpt-5.4-nano,SB 610,0.8630633749999106,47,,"{""adaptation"":0,""mitigation"":0,""relief"":0,""irrelevant"":1,""regulatory"":0,""fiscal"":0,""symbolic"":0,""reversal"":0}",0.0,0.0,0.0,1.0,0.0,0.0,0.0,0.0,0.0,0.0,0.0,1.0,0.0,0.0,0.0,0.0,,,,,,,,,,
state_adaptation,gpt-5.4-nano,S 338,1.1255813330003548,47,,"{""adaptation"":0,""mitigation"":1,""relief"":0,""irrelevant"":0,""regulatory"":1,""fiscal"":0,""symbolic"":0,""reversal"":0}",0.0,1.0,0.0,0.0,1.0,0.0,0.0,0.0,0.0,1.0,0.0,0.0,0.0,1.0,1.0,0.0,,,,,,,,,,
state_adaptation,gpt-5.4-nano,SB 6,0.920738750000055,47,,"{""adaptation"":0,""mitigation"":1,""relief"":0,""irrelevant"":0,""regulatory"":1,""fiscal"":0,""symbolic"":0,""reversal"":0}",0.0,1.0,0.0,0.0,1.0,0.0,0.0,0.0,0.0,0.0,0.0,1.0,0.0,0.0,0.0,0.0,,,,,,,,,,
state_adaptation,gpt-5.4-nano,HB 208,1.0275831669996478,72,,"{
  ""adaptation"": 0,
  ""mitigation"": 1,
  ""relief"": 0,
  ""irrelevant"": 0,
  ""regulatory"": 0,
  ""fiscal"": 1,
  ""symbolic"": 0,
  ""reversal"": 0
}",0.0,1.0,0.0,0.0,0.0,1.0,0.0,0.0,0.0,1.0,0.0,0.0,0.0,1.0,0.0,0.0,,,,,,,,,,
state_adaptation,gpt-5.4-nano,SB 613,0.9159195420002106,47,,"{""adaptation"":0,""mitigation"":1,""relief"":0,""irrelevant"":0,""regulatory"":0,""fiscal"":0,""symbolic"":1,""reversal"":0}",0.0,1.0,0.0,0.0,0.0,0.0,1.0,0.0,0.0,1.0,0.0,0.0,0.0,0.0,1.0,0.0,,,,,,,,,,
state_adaptation,gpt-5.4-nano,HB 1615,0.9233592090004096,47,,"{""adaptation"":0,""mitigation"":1,""relief"":0,""irrelevant"":0,""regulatory"":1,""fiscal"":0,""symbolic"":0,""reversal"":0}",0.0,1.0,0.0,0.0,1.0,0.0,0.0,0.0,0.0,0.0,0.0,1.0,0.0,0.0,0.0,0.0,,,,,,,,,,
state_adaptation,gpt-5.4-nano,HB 1817,1.3125220830002036,47,,"{""adaptation"":0,""mitigation"":0,""relief"":0,""irrelevant"":1,""regulatory"":0,""fiscal"":0,""symbolic"":0,""reversal"":0}",0.0,0.0,0.0,1.0,0.0,0.0,0.0,0.0,0.0,0.0,0.0,1.0,0.0,0.0,0.0,0.0,,,,,,,,,,
state_adaptation,gpt-5.4-nano,AB 2643,1.2307545420003407,71,,"{
  ""adaptation"": 0,
  ""mitigation"": 1,
  ""relief"": 0,
  ""irrelevant"": 0,
  ""regulatory"": 1,
  ""fiscal"": 0,
  ""symbolic"": 0,
  ""reversal"": 0}",0.0,1.0,0.0,0.0,1.0,0.0,0.0,0.0,0.0,1.0,0.0,0.0,0.0,0.0,1.0,0.0,,,,,,,,,,
state_adaptation,gpt-5.4-nano,SB 146,0.8358833749998666,47,,"{""adaptation"":0,""mitigation"":0,""relief"":0,""irrelevant"":1,""regulatory"":0,""fiscal"":0,""symbolic"":0,""reversal"":0}",0.0,0.0,0.0,1.0,0.0,0.0,0.0,0.0,1.0,0.0,0.0,0.0,0.0,1.0,0.0,0.0,,,,,,,,,,
state_adaptation,gpt-5.4-nano,SB 732,0.8004915410001558,48,,"{""adaptation"":0,""mitigation"":1,""relief"":0,""irrelevant"":0,""regulatory"":1,""fiscal"":1,""symbolic"":0,""reversal"":0  }",0.0,1.0,0.0,0.0,1.0,1.0,0.0,0.0,0.0,0.0,0.0,1.0,0.0,0.0,0.0,0.0,,,,,,,,,,
state_adaptation,gpt-5.4-nano,SB 1700,0.9353564590001042,47,,"{""adaptation"":0,""mitigation"":1,""relief"":0,""irrelevant"":0,""regulatory"":0,""fiscal"":1,""symbolic"":0,""reversal"":0}",0.0,1.0,0.0,0.0,0.0,1.0,0.0,0.0,0.0,1.0,0.0,0.0,0.0,0.0,1.0,0.0,,,,,,,,,,
state_adaptation,gpt-5.4-nano,SD 3054,0.8048247500000798,47,,"{""adaptation"":0,""mitigation"":1,""relief"":0,""irrelevant"":0,""regulatory"":0,""fiscal"":0,""symbolic"":0,""reversal"":0}",0.0,1.0,0.0,0.0,0.0,0.0,0.0,0.0,0.0,1.0,0.0,0.0,0.0,0.0,1.0,0.0,,,,,,,,,,
state_adaptation,gpt-5.4-nano,AB 115,0.9212191250003344,47,,"{""adaptation"":0,""mitigation"":0,""relief"":0,""irrelevant"":1,""regulatory"":1,""fiscal"":0,""symbolic"":0,""reversal"":0}",0.0,0.0,0.0,1.0,1.0,0.0,0.0,0.0,0.0,0.0,0.0,1.0,0.0,0.0,0.0,0.0,,,,,,,,,,
state_adaptation,gpt-5.4-nano,S 3423,1.0241359999999986,47,,"{""adaptation"":0,""mitigation"":1,""relief"":0,""irrelevant"":0,""regulatory"":1,""fiscal"":0,""symbolic"":0,""reversal"":0}",0.0,1.0,0.0,0.0,1.0,0.0,0.0,0.0,0.0,1.0,0.0,0.0,1.0,0.0,0.0,0.0,,,,,,,,,,
state_adaptation,gpt-5.4-nano,SB 3142,0.921215458000006,47,,"{""adaptation"":1,""mitigation"":0,""relief"":0,""irrelevant"":0,""regulatory"":0,""fiscal"":1,""symbolic"":0,""reversal"":0}",1.0,0.0,0.0,0.0,0.0,1.0,0.0,0.0,0.0,0.0,0.0,1.0,0.0,0.0,0.0,0.0,,,,,,,,,,
state_adaptation,gpt-5.4-nano,HB 191,1.0229029170000103,47,,"{""adaptation"":0,""mitigation"":1,""relief"":0,""irrelevant"":0,""regulatory"":1,""fiscal"":0,""symbolic"":0,""reversal"":0}",0.0,1.0,0.0,0.0,1.0,0.0,0.0,0.0,0.0,1.0,0.0,0.0,1.0,0.0,0.0,0.0,,,,,,,,,,
state_adaptation,gpt-5.4-nano,SF 2188,0.8029212910000751,47,,"{""adaptation"":1,""mitigation"":0,""relief"":0,""irrelevant"":0,""regulatory"":0,""fiscal"":1,""symbolic"":0,""reversal"":0}",1.0,0.0,0.0,0.0,0.0,1.0,0.0,0.0,1.0,0.0,0.0,0.0,0.0,0.0,1.0,0.0,,,,,,,,,,
state_adaptation,gpt-5.4-nano,S 4087,0.9197347080003055,47,,"{""adaptation"":0,""mitigation"":0,""relief"":0,""irrelevant"":1,""regulatory"":0,""fiscal"":0,""symbolic"":0,""reversal"":0}",0.0,0.0,0.0,1.0,0.0,0.0,0.0,0.0,0.0,0.0,0.0,1.0,0.0,0.0,0.0,0.0,,,,,,,,,,
state_adaptation,gpt-5.4-nano,HR 143,0.8375536670000656,47,,"{""adaptation"":0,""mitigation"":0,""relief"":0,""irrelevant"":1,""regulatory"":0,""fiscal"":0,""symbolic"":1,""reversal"":0}",0.0,0.0,0.0,1.0,0.0,0.0,1.0,0.0,0.0,1.0,0.0,0.0,0.0,0.0,1.0,0.0,,,,,,,,,,
state_adaptation,gpt-5.4-nano,S 1653,0.8896605420000014,47,,"{""adaptation"":0,""mitigation"":0,""relief"":0,""irrelevant"":0,""regulatory"":0,""fiscal"":0,""symbolic"":0,""reversal"":0}",0.0,0.0,0.0,0.0,0.0,0.0,0.0,0.0,0.0,0.0,0.0,1.0,0.0,0.0,0.0,0.0,,,,,,,,,,
state_adaptation,gpt-5.4-nano,HB 3284,0.934811833999902,47,,"{""adaptation"":0,""mitigation"":1,""relief"":0,""irrelevant"":0,""regulatory"":1,""fiscal"":0,""symbolic"":0,""reversal"":0}",0.0,1.0,0.0,0.0,1.0,0.0,0.0,0.0,0.0,0.0,0.0,1.0,0.0,0.0,0.0,0.0,,,,,,,,,,
state_adaptation,gpt-5.4-nano,SB 1291,0.9215939589998924,47,,"{""adaptation"":1,""mitigation"":0,""relief"":0,""irrelevant"":0,""regulatory"":0,""fiscal"":1,""symbolic"":0,""reversal"":0}",1.0,0.0,0.0,0.0,0.0,1.0,0.0,0.0,1.0,0.0,0.0,0.0,0.0,0.0,1.0,0.0,,,,,,,,,,
state_adaptation,gpt-5.4-nano,HB 5610,1.023520957999608,47,,"{""adaptation"":0,""mitigation"":1,""relief"":0,""irrelevant"":0,""regulatory"":1,""fiscal"":0,""symbolic"":0,""reversal"":0}",0.0,1.0,0.0,0.0,1.0,0.0,0.0,0.0,0.0,0.0,0.0,1.0,0.0,0.0,0.0,0.0,,,,,,,,,,
state_adaptation,gpt-5.4-nano,SB 287,1.0230151669998122,47,,"{""adaptation"":0,""mitigation"":0,""relief"":0,""irrelevant"":1,""regulatory"":0,""fiscal"":0,""symbolic"":0,""reversal"":0}",0.0,0.0,0.0,1.0,0.0,0.0,0.0,0.0,0.0,0.0,0.0,1.0,0.0,0.0,0.0,0.0,,,,,,,,,,
state_adaptation,gpt-5.4-nano,AB 2259,1.1915576249998594,47,,"{""adaptation"":1,""mitigation"":0,""relief"":0,""irrelevant"":0,""regulatory"":1,""fiscal"":1,""symbolic"":0,""reversal"":0}",1.0,0.0,0.0,0.0,1.0,1.0,0.0,0.0,0.0,0.0,0.0,1.0,0.0,0.0,0.0,0.0,,,,,,,,,,
state_adaptation,gpt-5.4-nano,HB 4340,0.9588832919998822,47,,"{""adaptation"":0,""mitigation"":0,""relief"":0,""irrelevant"":1,""regulatory"":1,""fiscal"":0,""symbolic"":0,""reversal"":0}",0.0,0.0,0.0,1.0,1.0,0.0,0.0,0.0,0.0,0.0,0.0,1.0,0.0,0.0,0.0,0.0,,,,,,,,,,
state_adaptation,gpt-5.4-nano,HR 4916,0.9067770409997138,47,,"{""adaptation"":0,""mitigation"":1,""relief"":0,""irrelevant"":0,""regulatory"":0,""fiscal"":0,""symbolic"":0,""reversal"":0}",0.0,1.0,0.0,0.0,0.0,0.0,0.0,0.0,0.0,1.0,0.0,0.0,0.0,0.0,1.0,0.0,,,,,,,,,,
state_adaptation,gpt-5.4-nano,SB 2180,0.8471944580001036,47,,"{""adaptation"":0,""mitigation"":0,""relief"":0,""irrelevant"":1,""regulatory"":1,""fiscal"":0,""symbolic"":0,""reversal"":0}",0.0,0.0,0.0,1.0,1.0,0.0,0.0,0.0,0.0,0.0,0.0,1.0,0.0,0.0,0.0,0.0,,,,,,,,,,
state_adaptation,gpt-5.4-nano,SB 119,0.9957449580001594,47,,"{""adaptation"":0,""mitigation"":0,""relief"":0,""irrelevant"":0,""regulatory"":1,""fiscal"":1,""symbolic"":0,""reversal"":0}",0.0,0.0,0.0,0.0,1.0,1.0,0.0,0.0,0.0,0.0,0.0,1.0,0.0,0.0,0.0,0.0,,,,,,,,,,
state_adaptation,gpt-5.4-nano,SF 460,1.0223802499999692,47,,"{""adaptation"":0,""mitigation"":0,""relief"":0,""irrelevant"":1,""regulatory"":0,""fiscal"":0,""symbolic"":0,""reversal"":0}",0.0,0.0,0.0,1.0,0.0,0.0,0.0,0.0,0.0,0.0,0.0,1.0,0.0,0.0,0.0,0.0,,,,,,,,,,
state_adaptation,gpt-5.4-nano,S 2353,1.0237537080001855,47,,"{""adaptation"":0,""mitigation"":0,""relief"":0,""irrelevant"":0,""regulatory"":0,""fiscal"":1,""symbolic"":0,""reversal"":0}",0.0,0.0,0.0,0.0,0.0,1.0,0.0,0.0,0.0,0.0,0.0,1.0,0.0,0.0,0.0,0.0,,,,,,,,,,
state_adaptation,gpt-5.4-nano,HR 2635,1.0233844589997716,47,,"{""adaptation"":0,""mitigation"":1,""relief"":0,""irrelevant"":0,""regulatory"":1,""fiscal"":0,""symbolic"":0,""reversal"":0}",0.0,1.0,0.0,0.0,1.0,0.0,0.0,0.0,0.0,1.0,0.0,0.0,0.0,0.0,1.0,0.0,,,,,,,,,,
state_adaptation,gpt-5.4-nano,HB 451,1.023746583999582,47,,"{""adaptation"":0,""mitigation"":0,""relief"":0,""irrelevant"":1,""regulatory"":0,""fiscal"":0,""symbolic"":0,""reversal"":0}",0.0,0.0,0.0,1.0,0.0,0.0,0.0,0.0,0.0,0.0,0.0,1.0,0.0,0.0,0.0,0.0,,,,,,,,,,
state_adaptation,gpt-5.4-nano,S 497,1.02197145800028,47,,"{""adaptation"":1,""mitigation"":0,""relief"":0,""irrelevant"":0,""regulatory"":1,""fiscal"":0,""symbolic"":0,""reversal"":0}",1.0,0.0,0.0,0.0,1.0,0.0,0.0,0.0,1.0,0.0,0.0,0.0,0.0,0.0,0.0,1.0,,,,,,,,,,
state_adaptation,gpt-5.4-nano,HB 2438,1.0248532499999785,47,,"{""adaptation"":0,""mitigation"":0,""relief"":0,""irrelevant"":1,""regulatory"":0,""fiscal"":0,""symbolic"":0,""reversal"":0}",0.0,0.0,0.0,1.0,0.0,0.0,0.0,0.0,0.0,0.0,0.0,1.0,0.0,0.0,0.0,0.0,,,,,,,,,,
state_adaptation,gpt-5.4-nano,HF 468,1.0248114999999416,47,,"{""adaptation"":1,""mitigation"":0,""relief"":0,""irrelevant"":0,""regulatory"":0,""fiscal"":1,""symbolic"":0,""reversal"":0}",1.0,0.0,0.0,0.0,0.0,1.0,0.0,0.0,0.0,0.0,0.0,1.0,0.0,0.0,0.0,0.0,,,,,,,,,,
gilardi_relevance,gemma4:31b-it-q4_K_M,1237763877468692481,12.66051225000001,16,,"```json
{""relevant"": 0}
```",,,,,,,,,,,,,,,,,0.0,0.0,,,,,,,,
gilardi_relevance,gemma4:31b-it-q4_K_M,1287948085453180929,4.146944333000192,16,,"```json
{""relevant"": 0}
```",,,,,,,,,,,,,,,,,0.0,0.0,,,,,,,,
gilardi_relevance,gemma4:31b-it-q4_K_M,1268523660245184513,3.836424541999804,16,,"```json
{""relevant"": 0}
```",,,,,,,,,,,,,,,,,0.0,1.0,,,,,,,,
gilardi_relevance,gemma4:31b-it-q4_K_M,1275169301381742593,4.7531974159996935,20,,"```json
{
  ""relevant"": 0
}
```",,,,,,,,,,,,,,,,,0.0,0.0,,,,,,,,
gilardi_relevance,gemma4:31b-it-q4_K_M,1289280346056359937,5.205006416999822,16,,"```json
{""relevant"": 0}
```",,,,,,,,,,,,,,,,,0.0,0.0,,,,,,,,
gilardi_relevance,gemma4:31b-it-q4_K_M,1285161332594089984,5.659105582999928,20,,"```json
{
  ""relevant"": 0
}
```",,,,,,,,,,,,,,,,,0.0,0.0,,,,,,,,
gilardi_relevance,gemma4:31b-it-q4_K_M,1259441759496613889,7.1442750420001175,20,,"```json
{
  ""relevant"": 1
}
```",,,,,,,,,,,,,,,,,1.0,1.0,,,,,,,,
gilardi_relevance,gemma4:31b-it-q4_K_M,1259234667628199937,3.545845166000163,20,,"```json
{
  ""relevant"": 1
}
```",,,,,,,,,,,,,,,,,1.0,1.0,,,,,,,,
gilardi_relevance,gemma4:31b-it-q4_K_M,1236354180639592451,3.854834290999861,20,,"```json
{
  ""relevant"": 1
}
```",,,,,,,,,,,,,,,,,1.0,1.0,,,,,,,,
gilardi_relevance,gemma4:31b-it-q4_K_M,1221880847722340352,3.8131297920003817,16,,"```json
{""relevant"": 0}
```",,,,,,,,,,,,,,,,,0.0,0.0,,,,,,,,
gilardi_relevance,gemma4:31b-it-q4_K_M,1230413821681946624,3.26222612499987,16,,"```json
{""relevant"": 0}
```",,,,,,,,,,,,,,,,,0.0,0.0,,,,,,,,
gilardi_relevance,gemma4:31b-it-q4_K_M,1243663458857635845,3.6283399590001864,20,,"```json
{
  ""relevant"": 0
}
```",,,,,,,,,,,,,,,,,0.0,0.0,,,,,,,,
gilardi_relevance,gemma4:31b-it-q4_K_M,1259957303471726592,4.867595375000292,20,,"```json
{
  ""relevant"": 1
}
```",,,,,,,,,,,,,,,,,1.0,1.0,,,,,,,,
gilardi_relevance,gemma4:31b-it-q4_K_M,1275251865517686784,3.6525436250003622,16,,"```json
{""relevant"": 0}
```",,,,,,,,,,,,,,,,,0.0,0.0,,,,,,,,
gilardi_relevance,gemma4:31b-it-q4_K_M,1245856689187729410,4.480439291000039,20,,"```json
{
  ""relevant"": 0
}
```",,,,,,,,,,,,,,,,,0.0,0.0,,,,,,,,
gilardi_relevance,gemma4:31b-it-q4_K_M,1254424205501890560,4.390017958000044,16,,"```json
{""relevant"": 0}
```",,,,,,,,,,,,,,,,,0.0,0.0,,,,,,,,
gilardi_relevance,gemma4:31b-it-q4_K_M,1256232500655001600,4.305117375000009,16,,"```json
{""relevant"": 0}
```",,,,,,,,,,,,,,,,,0.0,0.0,,,,,,,,
gilardi_relevance,gemma4:31b-it-q4_K_M,1271142153855447040,5.686872416999904,20,,"```json
{
  ""relevant"": 1
}
```",,,,,,,,,,,,,,,,,1.0,1.0,,,,,,,,
gilardi_relevance,gemma4:31b-it-q4_K_M,1244137138289102853,4.468179790999784,16,,"```json
{""relevant"": 0}
```",,,,,,,,,,,,,,,,,0.0,1.0,,,,,,,,
gilardi_relevance,gemma4:31b-it-q4_K_M,1321537906364817410,4.675598875000105,20,,"```json
{
  ""relevant"": 1
}
```",,,,,,,,,,,,,,,,,1.0,1.0,,,,,,,,
gilardi_relevance,gemma4:31b-it-q4_K_M,1302301682458669061,3.521104583000124,16,,"```json
{""relevant"": 0}
```",,,,,,,,,,,,,,,,,0.0,0.0,,,,,,,,
gilardi_relevance,gemma4:31b-it-q4_K_M,1217506580549308416,4.661277083000186,20,,"```json
{
  ""relevant"": 1
}
```",,,,,,,,,,,,,,,,,1.0,0.0,,,,,,,,
gilardi_relevance,gemma4:31b-it-q4_K_M,1235649275918462982,4.175596624999798,20,,"```json
{
  ""relevant"": 0
}
```",,,,,,,,,,,,,,,,,0.0,0.0,,,,,,,,
gilardi_relevance,gemma4:31b-it-q4_K_M,1259260655900786693,4.721238334000191,20,,"```json
{
  ""relevant"": 1
}
```",,,,,,,,,,,,,,,,,1.0,1.0,,,,,,,,
gilardi_relevance,gemma4:31b-it-q4_K_M,1234062520475955201,3.573655624999901,16,,"```json
{""relevant"": 0}
```",,,,,,,,,,,,,,,,,0.0,0.0,,,,,,,,
gilardi_relevance,gemma4:31b-it-q4_K_M,1267272595210149888,4.145436041000266,20,,"```json
{
  ""relevant"": 1
}
```",,,,,,,,,,,,,,,,,1.0,1.0,,,,,,,,
gilardi_relevance,gemma4:31b-it-q4_K_M,1224116829272133632,5.1888450000001285,20,,"```json
{
  ""relevant"": 0
}
```",,,,,,,,,,,,,,,,,0.0,0.0,,,,,,,,
gilardi_relevance,gemma4:31b-it-q4_K_M,1251495521270857728,3.5673134170001504,20,,"```json
{
  ""relevant"": 1
}
```",,,,,,,,,,,,,,,,,1.0,1.0,,,,,,,,
gilardi_relevance,gemma4:31b-it-q4_K_M,1311474754721779712,4.271796125000037,20,,"```json
{
  ""relevant"": 1
}
```",,,,,,,,,,,,,,,,,1.0,1.0,,,,,,,,
gilardi_relevance,gemma4:31b-it-q4_K_M,1254136863700344833,5.249123999999938,20,,"```json
{
  ""relevant"": 1
}
```",,,,,,,,,,,,,,,,,1.0,1.0,,,,,,,,
gilardi_relevance,gemma4:31b-it-q4_K_M,1298296851607814144,4.788087250000444,20,,"```json
{
  ""relevant"": 0
}
```",,,,,,,,,,,,,,,,,0.0,0.0,,,,,,,,
gilardi_relevance,gemma4:31b-it-q4_K_M,1259246936793718784,5.346361459000036,20,,"```json
{
  ""relevant"": 1
}
```",,,,,,,,,,,,,,,,,1.0,1.0,,,,,,,,
gilardi_relevance,gemma4:31b-it-q4_K_M,1295044560456802304,4.750711041000159,20,,"```json
{
  ""relevant"": 1
}
```",,,,,,,,,,,,,,,,,1.0,1.0,,,,,,,,
gilardi_relevance,gemma4:31b-it-q4_K_M,1300319304022335488,3.002096791999975,16,,"```json
{""relevant"": 0}
```",,,,,,,,,,,,,,,,,0.0,0.0,,,,,,,,
gilardi_relevance,gemma4:31b-it-q4_K_M,1259525583870009345,4.703273750000335,20,,"```json
{
  ""relevant"": 1
}
```",,,,,,,,,,,,,,,,,1.0,1.0,,,,,,,,
gilardi_relevance,gemma4:31b-it-q4_K_M,1245576440994598915,4.0549922079999305,16,,"```json
{""relevant"": 0}
```",,,,,,,,,,,,,,,,,0.0,0.0,,,,,,,,
gilardi_relevance,gemma4:31b-it-q4_K_M,1230718553491304448,3.624138875000426,16,,"```json
{""relevant"": 0}
```",,,,,,,,,,,,,,,,,0.0,0.0,,,,,,,,
gilardi_relevance,gemma4:31b-it-q4_K_M,1318158391299182594,4.09910012499995,20,,"```json
{
  ""relevant"": 1
}
```",,,,,,,,,,,,,,,,,1.0,1.0,,,,,,,,
gilardi_relevance,gemma4:31b-it-q4_K_M,1233767555170328576,4.075706167000135,16,,"```json
{""relevant"": 0}
```",,,,,,,,,,,,,,,,,0.0,0.0,,,,,,,,
gilardi_relevance,gemma4:31b-it-q4_K_M,1278422893769170947,4.646844207999948,20,,"```json
{
  ""relevant"": 1
}
```",,,,,,,,,,,,,,,,,1.0,0.0,,,,,,,,
gilardi_relevance,gemma4:31b-it-q4_K_M,1271297474540343296,4.116232083999876,20,,"```json
{
  ""relevant"": 1
}
```",,,,,,,,,,,,,,,,,1.0,1.0,,,,,,,,
gilardi_relevance,gemma4:31b-it-q4_K_M,1292622597436276736,3.6712344170000506,16,,"```json
{""relevant"": 1}
```",,,,,,,,,,,,,,,,,1.0,1.0,,,,,,,,
gilardi_relevance,gemma4:31b-it-q4_K_M,1259268872433291266,6.828469791999851,20,,"```json
{
  ""relevant"": 1
}
```",,,,,,,,,,,,,,,,,1.0,1.0,,,,,,,,
gilardi_relevance,gemma4:31b-it-q4_K_M,1212671773252243456,4.123215708999851,16,,"```json
{""relevant"": 0}
```",,,,,,,,,,,,,,,,,0.0,0.0,,,,,,,,
gilardi_relevance,gemma4:31b-it-q4_K_M,1267132576386486273,4.8168028749996665,20,,"```json
{
  ""relevant"": 1
}
```",,,,,,,,,,,,,,,,,1.0,0.0,,,,,,,,
gilardi_relevance,gemma4:31b-it-q4_K_M,1291370146800394241,4.19247224999981,20,,"```json
{
  ""relevant"": 1
}
```",,,,,,,,,,,,,,,,,1.0,1.0,,,,,,,,
gilardi_relevance,gemma4:31b-it-q4_K_M,1271899196073836545,4.266309540999828,20,,"```json
{
  ""relevant"": 1
}
```",,,,,,,,,,,,,,,,,1.0,1.0,,,,,,,,
gilardi_relevance,gemma4:31b-it-q4_K_M,1298178287005388802,5.099357042000065,20,,"```json
{
  ""relevant"": 1
}
```",,,,,,,,,,,,,,,,,1.0,1.0,,,,,,,,
gilardi_relevance,gemma4:31b-it-q4_K_M,1291219678296248320,4.806211874999917,20,,"```json
{
  ""relevant"": 1
}
```",,,,,,,,,,,,,,,,,1.0,1.0,,,,,,,,
gilardi_relevance,gemma4:31b-it-q4_K_M,1321106429772746752,4.2490283749998525,16,,"```json
{""relevant"": 0}
```",,,,,,,,,,,,,,,,,0.0,0.0,,,,,,,,
gilardi_relevance,qwen3:14b-q4_K_M,1237763877468692481,4.3126941669997905,14,,"```json
{
  ""relevant"": 0
}
```",,,,,,,,,,,,,,,,,0.0,0.0,,,,,,,,
gilardi_relevance,qwen3:14b-q4_K_M,1287948085453180929,0.900515667000036,7,,"{""relevant"": 0}",,,,,,,,,,,,,,,,,0.0,0.0,,,,,,,,
gilardi_relevance,qwen3:14b-q4_K_M,1268523660245184513,0.8918704590000743,7,,"{""relevant"": 0}",,,,,,,,,,,,,,,,,0.0,1.0,,,,,,,,
gilardi_relevance,qwen3:14b-q4_K_M,1275169301381742593,1.333886166999946,14,,"```json
{
  ""relevant"": 0
}
```",,,,,,,,,,,,,,,,,0.0,0.0,,,,,,,,
gilardi_relevance,qwen3:14b-q4_K_M,1289280346056359937,1.105339666999953,7,,"{""relevant"": 0}",,,,,,,,,,,,,,,,,0.0,0.0,,,,,,,,
gilardi_relevance,qwen3:14b-q4_K_M,1285161332594089984,1.1085150420003629,7,,"{""relevant"": 0}",,,,,,,,,,,,,,,,,0.0,0.0,,,,,,,,
gilardi_relevance,qwen3:14b-q4_K_M,1259441759496613889,1.3022514999997838,10,,"{
  ""relevant"": 1
}",,,,,,,,,,,,,,,,,1.0,1.0,,,,,,,,
gilardi_relevance,qwen3:14b-q4_K_M,1259234667628199937,0.691512750000129,10,,"{
  ""relevant"": 1
}",,,,,,,,,,,,,,,,,1.0,1.0,,,,,,,,
gilardi_relevance,qwen3:14b-q4_K_M,1236354180639592451,0.6818863749999764,7,,"{""relevant"": 1}",,,,,,,,,,,,,,,,,1.0,1.0,,,,,,,,
gilardi_relevance,qwen3:14b-q4_K_M,1221880847722340352,0.8940803330001472,7,,"{""relevant"": 0}",,,,,,,,,,,,,,,,,0.0,0.0,,,,,,,,
gilardi_relevance,qwen3:14b-q4_K_M,1230413821681946624,0.8856234160002714,7,,"{""relevant"": 0}",,,,,,,,,,,,,,,,,0.0,0.0,,,,,,,,
gilardi_relevance,qwen3:14b-q4_K_M,1243663458857635845,0.898435167000116,7,,"{""relevant"": 0}",,,,,,,,,,,,,,,,,0.0,0.0,,,,,,,,
gilardi_relevance,qwen3:14b-q4_K_M,1259957303471726592,1.3195934580003268,10,,"{
  ""relevant"": 1
}",,,,,,,,,,,,,,,,,1.0,1.0,,,,,,,,
gilardi_relevance,qwen3:14b-q4_K_M,1275251865517686784,1.1023687080000857,7,,"{""relevant"": 0}",,,,,,,,,,,,,,,,,0.0,0.0,,,,,,,,
gilardi_relevance,qwen3:14b-q4_K_M,1245856689187729410,1.3230835419999494,14,,"```json
{
  ""relevant"": 0
}
```",,,,,,,,,,,,,,,,,0.0,0.0,,,,,,,,
gilardi_relevance,qwen3:14b-q4_K_M,1254424205501890560,0.9014118749996668,7,,"{""relevant"": 0}",,,,,,,,,,,,,,,,,0.0,0.0,,,,,,,,
gilardi_relevance,qwen3:14b-q4_K_M,1256232500655001600,1.1051852079999662,7,,"{""relevant"": 1}",,,,,,,,,,,,,,,,,1.0,0.0,,,,,,,,
gilardi_relevance,qwen3:14b-q4_K_M,1271142153855447040,1.2953054579998025,10,,"{
  ""relevant"": 1
}",,,,,,,,,,,,,,,,,1.0,1.0,,,,,,,,
gilardi_relevance,qwen3:14b-q4_K_M,1244137138289102853,1.3616976250000334,11,,"```json
{""relevant"": 1}
```",,,,,,,,,,,,,,,,,1.0,1.0,,,,,,,,
gilardi_relevance,qwen3:14b-q4_K_M,1321537906364817410,1.2918136660000528,10,,"{
  ""relevant"": 1
}",,,,,,,,,,,,,,,,,1.0,1.0,,,,,,,,
gilardi_relevance,qwen3:14b-q4_K_M,1302301682458669061,1.321263875000113,14,,"```json
{
  ""relevant"": 0
}
```",,,,,,,,,,,,,,,,,0.0,0.0,,,,,,,,
gilardi_relevance,qwen3:14b-q4_K_M,1217506580549308416,1.1226821660002315,7,,"{""relevant"": 1}",,,,,,,,,,,,,,,,,1.0,0.0,,,,,,,,
gilardi_relevance,qwen3:14b-q4_K_M,1235649275918462982,1.1117322499999318,7,,"{""relevant"": 0}",,,,,,,,,,,,,,,,,0.0,0.0,,,,,,,,
gilardi_relevance,qwen3:14b-q4_K_M,1259260655900786693,1.2983710419998715,10,,"{
  ""relevant"": 1
}",,,,,,,,,,,,,,,,,1.0,1.0,,,,,,,,
gilardi_relevance,qwen3:14b-q4_K_M,1234062520475955201,1.3276363330001004,14,,"```json
{
  ""relevant"": 0
}
```",,,,,,,,,,,,,,,,,0.0,0.0,,,,,,,,
gilardi_relevance,qwen3:14b-q4_K_M,1267272595210149888,1.0848739169996406,10,,"{
  ""relevant"": 1
}",,,,,,,,,,,,,,,,,1.0,1.0,,,,,,,,
gilardi_relevance,qwen3:14b-q4_K_M,1224116829272133632,1.3237322079999103,7,,"{""relevant"": 0}",,,,,,,,,,,,,,,,,0.0,0.0,,,,,,,,
gilardi_relevance,qwen3:14b-q4_K_M,1251495521270857728,0.9006640000002335,7,,"{""relevant"": 1}",,,,,,,,,,,,,,,,,1.0,1.0,,,,,,,,
gilardi_relevance,qwen3:14b-q4_K_M,1311474754721779712,0.9062167500001124,7,,"{""relevant"": 1}",,,,,,,,,,,,,,,,,1.0,1.0,,,,,,,,
gilardi_relevance,qwen3:14b-q4_K_M,1254136863700344833,1.5334755000003495,7,,"{""relevant"": 1}",,,,,,,,,,,,,,,,,1.0,1.0,,,,,,,,
gilardi_relevance,qwen3:14b-q4_K_M,1298296851607814144,1.1070123340000464,7,,"{""relevant"": 0}",,,,,,,,,,,,,,,,,0.0,0.0,,,,,,,,
gilardi_relevance,qwen3:14b-q4_K_M,1259246936793718784,1.3094257500001731,10,,"{
  ""relevant"": 1
}",,,,,,,,,,,,,,,,,1.0,1.0,,,,,,,,
gilardi_relevance,qwen3:14b-q4_K_M,1295044560456802304,1.107949125000232,7,,"{""relevant"": 1}",,,,,,,,,,,,,,,,,1.0,1.0,,,,,,,,
gilardi_relevance,qwen3:14b-q4_K_M,1300319304022335488,0.6792015839996566,7,,"{""relevant"": 0}",,,,,,,,,,,,,,,,,0.0,0.0,,,,,,,,
gilardi_relevance,qwen3:14b-q4_K_M,1259525583870009345,1.3013396669998656,10,,"{
  ""relevant"": 1
}",,,,,,,,,,,,,,,,,1.0,1.0,,,,,,,,
gilardi_relevance,qwen3:14b-q4_K_M,1245576440994598915,1.5454637080001703,14,,"```json
{
  ""relevant"": 0
}
```",,,,,,,,,,,,,,,,,0.0,0.0,,,,,,,,
gilardi_relevance,qwen3:14b-q4_K_M,1230718553491304448,1.3236787920000097,14,,"```json
{
  ""relevant"": 0
}
```",,,,,,,,,,,,,,,,,0.0,0.0,,,,,,,,
gilardi_relevance,qwen3:14b-q4_K_M,1318158391299182594,1.077577791999829,10,,"{
  ""relevant"": 1
}",,,,,,,,,,,,,,,,,1.0,1.0,,,,,,,,
gilardi_relevance,qwen3:14b-q4_K_M,1233767555170328576,1.536383332999776,14,,"```json
{
  ""relevant"": 0
}
```",,,,,,,,,,,,,,,,,0.0,0.0,,,,,,,,
gilardi_relevance,qwen3:14b-q4_K_M,1278422893769170947,1.1077922920003402,7,,"{""relevant"": 0}",,,,,,,,,,,,,,,,,0.0,0.0,,,,,,,,
gilardi_relevance,qwen3:14b-q4_K_M,1271297474540343296,0.8886663329999465,7,,"{""relevant"": 1}",,,,,,,,,,,,,,,,,1.0,1.0,,,,,,,,
gilardi_relevance,qwen3:14b-q4_K_M,1292622597436276736,1.1104660419996435,7,,"{""relevant"": 1}",,,,,,,,,,,,,,,,,1.0,1.0,,,,,,,,
gilardi_relevance,qwen3:14b-q4_K_M,1259268872433291266,1.299422666999817,10,,"{
  ""relevant"": 1
}",,,,,,,,,,,,,,,,,1.0,1.0,,,,,,,,
gilardi_relevance,qwen3:14b-q4_K_M,1212671773252243456,0.8883981250000943,7,,"{""relevant"": 0}",,,,,,,,,,,,,,,,,0.0,0.0,,,,,,,,
gilardi_relevance,qwen3:14b-q4_K_M,1267132576386486273,1.1497467079998387,11,,"```json
{""relevant"": 0}
```",,,,,,,,,,,,,,,,,0.0,0.0,,,,,,,,
gilardi_relevance,qwen3:14b-q4_K_M,1291370146800394241,0.8931231249998746,7,,"{""relevant"": 1}",,,,,,,,,,,,,,,,,1.0,1.0,,,,,,,,
gilardi_relevance,qwen3:14b-q4_K_M,1271899196073836545,1.1377877919999264,11,,"```json
{""relevant"": 1}
```",,,,,,,,,,,,,,,,,1.0,1.0,,,,,,,,
gilardi_relevance,qwen3:14b-q4_K_M,1298178287005388802,1.543682125000032,14,,"```json
{
  ""relevant"": 1
}
```",,,,,,,,,,,,,,,,,1.0,1.0,,,,,,,,
gilardi_relevance,qwen3:14b-q4_K_M,1291219678296248320,1.292466666999644,10,,"{
  ""relevant"": 1
}",,,,,,,,,,,,,,,,,1.0,1.0,,,,,,,,
gilardi_relevance,qwen3:14b-q4_K_M,1321106429772746752,1.5410502909999195,14,,"```json
{
  ""relevant"": 0
}
```",,,,,,,,,,,,,,,,,0.0,0.0,,,,,,,,
gilardi_relevance,qwen3:30b-a3b-q4_K_M,1237763877468692481,1.3618316250003772,10,,"{
  ""relevant"": 0
}",,,,,,,,,,,,,,,,,0.0,0.0,,,,,,,,
gilardi_relevance,qwen3:30b-a3b-q4_K_M,1287948085453180929,0.5781095409997761,10,,"{
  ""relevant"": 0
}",,,,,,,,,,,,,,,,,0.0,0.0,,,,,,,,
gilardi_relevance,qwen3:30b-a3b-q4_K_M,1268523660245184513,0.5549765420000767,10,,"{
  ""relevant"": 1
}",,,,,,,,,,,,,,,,,1.0,1.0,,,,,,,,
gilardi_relevance,qwen3:30b-a3b-q4_K_M,1275169301381742593,0.5731807499996648,10,,"{
  ""relevant"": 0
}",,,,,,,,,,,,,,,,,0.0,0.0,,,,,,,,
gilardi_relevance,qwen3:30b-a3b-q4_K_M,1289280346056359937,0.6285518330000741,10,,"{
  ""relevant"": 0
}",,,,,,,,,,,,,,,,,0.0,0.0,,,,,,,,
gilardi_relevance,qwen3:30b-a3b-q4_K_M,1285161332594089984,0.6446606250001423,10,,"{
  ""relevant"": 0
}",,,,,,,,,,,,,,,,,0.0,0.0,,,,,,,,
gilardi_relevance,qwen3:30b-a3b-q4_K_M,1259441759496613889,0.660389333999774,10,,"{
  ""relevant"": 1
}",,,,,,,,,,,,,,,,,1.0,1.0,,,,,,,,
gilardi_relevance,qwen3:30b-a3b-q4_K_M,1259234667628199937,0.2841718750000837,10,,"{
  ""relevant"": 1
}",,,,,,,,,,,,,,,,,1.0,1.0,,,,,,,,
gilardi_relevance,qwen3:30b-a3b-q4_K_M,1236354180639592451,0.5433451250000871,10,,"{
  ""relevant"": 0
}",,,,,,,,,,,,,,,,,0.0,1.0,,,,,,,,
gilardi_relevance,qwen3:30b-a3b-q4_K_M,1221880847722340352,0.5949517079998259,10,,"{
  ""relevant"": 0
}",,,,,,,,,,,,,,,,,0.0,0.0,,,,,,,,
gilardi_relevance,qwen3:30b-a3b-q4_K_M,1230413821681946624,0.4810080419997575,7,,"{""relevant"": 0}",,,,,,,,,,,,,,,,,0.0,0.0,,,,,,,,
gilardi_relevance,qwen3:30b-a3b-q4_K_M,1243663458857635845,0.4778266660000554,7,,"{""relevant"": 0}",,,,,,,,,,,,,,,,,0.0,0.0,,,,,,,,
gilardi_relevance,qwen3:30b-a3b-q4_K_M,1259957303471726592,0.6497015840000131,10,,"{
  ""relevant"": 1
}",,,,,,,,,,,,,,,,,1.0,1.0,,,,,,,,
gilardi_relevance,qwen3:30b-a3b-q4_K_M,1275251865517686784,0.6387097080000785,10,,"{
  ""relevant"": 0
}",,,,,,,,,,,,,,,,,0.0,0.0,,,,,,,,
gilardi_relevance,qwen3:30b-a3b-q4_K_M,1245856689187729410,0.5819208750003781,10,,"{
  ""relevant"": 0
}",,,,,,,,,,,,,,,,,0.0,0.0,,,,,,,,
gilardi_relevance,qwen3:30b-a3b-q4_K_M,1254424205501890560,0.6065082080003776,10,,"{
  ""relevant"": 0
}",,,,,,,,,,,,,,,,,0.0,0.0,,,,,,,,
gilardi_relevance,qwen3:30b-a3b-q4_K_M,1256232500655001600,0.6049020420000488,10,,"{
  ""relevant"": 0
}",,,,,,,,,,,,,,,,,0.0,0.0,,,,,,,,
gilardi_relevance,qwen3:30b-a3b-q4_K_M,1271142153855447040,0.6419689589997688,10,,"{
  ""relevant"": 1
}",,,,,,,,,,,,,,,,,1.0,1.0,,,,,,,,
gilardi_relevance,qwen3:30b-a3b-q4_K_M,1244137138289102853,0.6303733750000902,10,,"{
  ""relevant"": 0
}",,,,,,,,,,,,,,,,,0.0,1.0,,,,,,,,
gilardi_relevance,qwen3:30b-a3b-q4_K_M,1321537906364817410,0.6495111660001385,10,,"{
  ""relevant"": 1
}",,,,,,,,,,,,,,,,,1.0,1.0,,,,,,,,
gilardi_relevance,qwen3:30b-a3b-q4_K_M,1302301682458669061,0.5825672920000216,10,,"{
  ""relevant"": 0
}",,,,,,,,,,,,,,,,,0.0,0.0,,,,,,,,
gilardi_relevance,qwen3:30b-a3b-q4_K_M,1217506580549308416,0.6243847920000007,10,,"{
  ""relevant"": 0
}",,,,,,,,,,,,,,,,,0.0,0.0,,,,,,,,
gilardi_relevance,qwen3:30b-a3b-q4_K_M,1235649275918462982,0.6262453750000532,10,,"{
  ""relevant"": 0
}",,,,,,,,,,,,,,,,,0.0,0.0,,,,,,,,
gilardi_relevance,qwen3:30b-a3b-q4_K_M,1259260655900786693,0.6717920000000959,10,,"{
  ""relevant"": 1
}",,,,,,,,,,,,,,,,,1.0,1.0,,,,,,,,
gilardi_relevance,qwen3:30b-a3b-q4_K_M,1234062520475955201,0.5784486669999751,10,,"{
  ""relevant"": 0
}",,,,,,,,,,,,,,,,,0.0,0.0,,,,,,,,
gilardi_relevance,qwen3:30b-a3b-q4_K_M,1267272595210149888,0.5995717079999849,10,,"{
  ""relevant"": 1
}",,,,,,,,,,,,,,,,,1.0,1.0,,,,,,,,
gilardi_relevance,qwen3:30b-a3b-q4_K_M,1224116829272133632,0.7268883749998167,10,,"{
  ""relevant"": 0
}",,,,,,,,,,,,,,,,,0.0,0.0,,,,,,,,
gilardi_relevance,qwen3:30b-a3b-q4_K_M,1251495521270857728,0.5617962090000219,10,,"{
  ""relevant"": 1
}",,,,,,,,,,,,,,,,,1.0,1.0,,,,,,,,
gilardi_relevance,qwen3:30b-a3b-q4_K_M,1311474754721779712,0.5771702920001189,10,,"{
  ""relevant"": 0
}",,,,,,,,,,,,,,,,,0.0,1.0,,,,,,,,
gilardi_relevance,qwen3:30b-a3b-q4_K_M,1254136863700344833,0.735531415999958,10,,"{
  ""relevant"": 1
}",,,,,,,,,,,,,,,,,1.0,1.0,,,,,,,,
gilardi_relevance,qwen3:30b-a3b-q4_K_M,1298296851607814144,0.6492039999998269,10,,"{
  ""relevant"": 0
}",,,,,,,,,,,,,,,,,0.0,0.0,,,,,,,,
gilardi_relevance,qwen3:30b-a3b-q4_K_M,1259246936793718784,0.6687268329997096,10,,"{
  ""relevant"": 1
}",,,,,,,,,,,,,,,,,1.0,1.0,,,,,,,,
gilardi_relevance,qwen3:30b-a3b-q4_K_M,1295044560456802304,0.6241857080003683,10,,"{
  ""relevant"": 1
}",,,,,,,,,,,,,,,,,1.0,1.0,,,,,,,,
gilardi_relevance,qwen3:30b-a3b-q4_K_M,1300319304022335488,0.5206335000002582,10,,"{
  ""relevant"": 0
}",,,,,,,,,,,,,,,,,0.0,0.0,,,,,,,,
gilardi_relevance,qwen3:30b-a3b-q4_K_M,1259525583870009345,0.6571207500001037,10,,"{
  ""relevant"": 1
}",,,,,,,,,,,,,,,,,1.0,1.0,,,,,,,,
gilardi_relevance,qwen3:30b-a3b-q4_K_M,1245576440994598915,0.631921666999915,10,,"{
  ""relevant"": 0
}",,,,,,,,,,,,,,,,,0.0,0.0,,,,,,,,
gilardi_relevance,qwen3:30b-a3b-q4_K_M,1230718553491304448,0.5764412499997889,10,,"{
  ""relevant"": 0
}",,,,,,,,,,,,,,,,,0.0,0.0,,,,,,,,
gilardi_relevance,qwen3:30b-a3b-q4_K_M,1318158391299182594,0.5729172500000459,10,,"{
  ""relevant"": 1
}",,,,,,,,,,,,,,,,,1.0,1.0,,,,,,,,
gilardi_relevance,qwen3:30b-a3b-q4_K_M,1233767555170328576,0.6250829160003377,10,,"{
  ""relevant"": 0
}",,,,,,,,,,,,,,,,,0.0,0.0,,,,,,,,
gilardi_relevance,qwen3:30b-a3b-q4_K_M,1278422893769170947,0.6310473749999801,10,,"{
  ""relevant"": 0
}",,,,,,,,,,,,,,,,,0.0,0.0,,,,,,,,
gilardi_relevance,qwen3:30b-a3b-q4_K_M,1271297474540343296,0.5473711670001649,10,,"{
  ""relevant"": 1
}",,,,,,,,,,,,,,,,,1.0,1.0,,,,,,,,
gilardi_relevance,qwen3:30b-a3b-q4_K_M,1292622597436276736,0.6006632080002419,10,,"{
  ""relevant"": 1
}",,,,,,,,,,,,,,,,,1.0,1.0,,,,,,,,
gilardi_relevance,qwen3:30b-a3b-q4_K_M,1259268872433291266,0.6660569580003539,10,,"{
  ""relevant"": 1
}",,,,,,,,,,,,,,,,,1.0,1.0,,,,,,,,
gilardi_relevance,qwen3:30b-a3b-q4_K_M,1212671773252243456,0.504366416999801,7,,"{""relevant"": 0}",,,,,,,,,,,,,,,,,0.0,0.0,,,,,,,,
gilardi_relevance,qwen3:30b-a3b-q4_K_M,1267132576386486273,0.5900077920000513,10,,"{
  ""relevant"": 0
}",,,,,,,,,,,,,,,,,0.0,0.0,,,,,,,,
gilardi_relevance,qwen3:30b-a3b-q4_K_M,1291370146800394241,0.5845696659998794,10,,"{
  ""relevant"": 0
}",,,,,,,,,,,,,,,,,0.0,1.0,,,,,,,,
gilardi_relevance,qwen3:30b-a3b-q4_K_M,1271899196073836545,0.5716214999997646,10,,"{
  ""relevant"": 1
}",,,,,,,,,,,,,,,,,1.0,1.0,,,,,,,,
gilardi_relevance,qwen3:30b-a3b-q4_K_M,1298178287005388802,0.6633343749999767,10,,"{
  ""relevant"": 0
}",,,,,,,,,,,,,,,,,0.0,1.0,,,,,,,,
gilardi_relevance,qwen3:30b-a3b-q4_K_M,1291219678296248320,0.6209061250001469,10,,"{
  ""relevant"": 1
}",,,,,,,,,,,,,,,,,1.0,1.0,,,,,,,,
gilardi_relevance,qwen3:30b-a3b-q4_K_M,1321106429772746752,0.6719040839998343,10,,"{
  ""relevant"": 0
}",,,,,,,,,,,,,,,,,0.0,0.0,,,,,,,,
gilardi_relevance,mistral-small:24b-instruct-2501-q4_K_M,1237763877468692481,7.150556250000136,12,,"```json
{""relevant"": 0}
```",,,,,,,,,,,,,,,,,0.0,0.0,,,,,,,,
gilardi_relevance,mistral-small:24b-instruct-2501-q4_K_M,1287948085453180929,1.8297997079998825,12,,"```json
{""relevant"": 0}
```",,,,,,,,,,,,,,,,,0.0,0.0,,,,,,,,
gilardi_relevance,mistral-small:24b-instruct-2501-q4_K_M,1268523660245184513,1.4855204580003374,12,,"```json
{""relevant"": 1}
```",,,,,,,,,,,,,,,,,1.0,1.0,,,,,,,,
gilardi_relevance,mistral-small:24b-instruct-2501-q4_K_M,1275169301381742593,1.83216208299973,12,,"```json
{""relevant"": 0}
```",,,,,,,,,,,,,,,,,0.0,0.0,,,,,,,,
gilardi_relevance,mistral-small:24b-instruct-2501-q4_K_M,1289280346056359937,1.8462991670003248,12,,"```json
{""relevant"": 0}
```",,,,,,,,,,,,,,,,,0.0,0.0,,,,,,,,
gilardi_relevance,mistral-small:24b-instruct-2501-q4_K_M,1285161332594089984,1.8418443330001537,12,,"```json
{""relevant"": 0}
```",,,,,,,,,,,,,,,,,0.0,0.0,,,,,,,,
gilardi_relevance,mistral-small:24b-instruct-2501-q4_K_M,1259441759496613889,2.1996454999998605,12,,"```json
{""relevant"": 1}
```",,,,,,,,,,,,,,,,,1.0,1.0,,,,,,,,
gilardi_relevance,mistral-small:24b-instruct-2501-q4_K_M,1259234667628199937,1.1890809579999768,12,,"```json
{""relevant"": 1}
```",,,,,,,,,,,,,,,,,1.0,1.0,,,,,,,,
gilardi_relevance,mistral-small:24b-instruct-2501-q4_K_M,1236354180639592451,1.5001970829998754,12,,"```json
{""relevant"": 1}
```",,,,,,,,,,,,,,,,,1.0,1.0,,,,,,,,
gilardi_relevance,mistral-small:24b-instruct-2501-q4_K_M,1221880847722340352,1.838737207999657,12,,"```json
{""relevant"": 0}
```",,,,,,,,,,,,,,,,,0.0,0.0,,,,,,,,
gilardi_relevance,mistral-small:24b-instruct-2501-q4_K_M,1230413821681946624,2.9504320420001022,28,,"```json
{
  ""relevant"": 0
}
```

This Tweet does not discuss content moderation and is irrelevant.",,,,,,,,,,,,,,,,,0.0,0.0,,,,,,,,
gilardi_relevance,mistral-small:24b-instruct-2501-q4_K_M,1243663458857635845,1.760837082999842,15,,"```json
{
  ""relevant"": 0
}
```",,,,,,,,,,,,,,,,,0.0,0.0,,,,,,,,
gilardi_relevance,mistral-small:24b-instruct-2501-q4_K_M,1259957303471726592,2.1954603750000388,12,,"```json
{""relevant"": 1}
```",,,,,,,,,,,,,,,,,1.0,1.0,,,,,,,,
gilardi_relevance,mistral-small:24b-instruct-2501-q4_K_M,1275251865517686784,2.1170570840004075,15,,"```json
{
  ""relevant"": 0
}
```",,,,,,,,,,,,,,,,,0.0,0.0,,,,,,,,
gilardi_relevance,mistral-small:24b-instruct-2501-q4_K_M,1245856689187729410,3.92637462499988,35,,"```json
{
  ""relevant"": 0
}
```

This Tweet discusses lawmakers and insider trading, which is not related to content moderation.",,,,,,,,,,,,,,,,,0.0,0.0,,,,,,,,
gilardi_relevance,mistral-small:24b-instruct-2501-q4_K_M,1254424205501890560,1.8428761670002132,12,,"```json
{""relevant"": 0}
```",,,,,,,,,,,,,,,,,0.0,0.0,,,,,,,,
gilardi_relevance,mistral-small:24b-instruct-2501-q4_K_M,1256232500655001600,1.838813332999962,12,,"```json
{""relevant"": 0}
```",,,,,,,,,,,,,,,,,0.0,0.0,,,,,,,,
gilardi_relevance,mistral-small:24b-instruct-2501-q4_K_M,1271142153855447040,2.089629208000133,11,,"```json
{""relevant"":1}
```",,,,,,,,,,,,,,,,,1.0,1.0,,,,,,,,
gilardi_relevance,mistral-small:24b-instruct-2501-q4_K_M,1244137138289102853,2.2224209579999297,12,,"```json
{""relevant"": 1}
```",,,,,,,,,,,,,,,,,1.0,1.0,,,,,,,,
gilardi_relevance,mistral-small:24b-instruct-2501-q4_K_M,1321537906364817410,2.1820944579999377,12,,"```json
{""relevant"": 1}
```",,,,,,,,,,,,,,,,,1.0,1.0,,,,,,,,
gilardi_relevance,mistral-small:24b-instruct-2501-q4_K_M,1302301682458669061,1.845738834000258,12,,"```json
{""relevant"": 0}
```",,,,,,,,,,,,,,,,,0.0,0.0,,,,,,,,
gilardi_relevance,mistral-small:24b-instruct-2501-q4_K_M,1217506580549308416,2.18521604200032,12,,"```json
{""relevant"": 1}
```",,,,,,,,,,,,,,,,,1.0,0.0,,,,,,,,
gilardi_relevance,mistral-small:24b-instruct-2501-q4_K_M,1235649275918462982,2.1896566249997704,12,,"```json
{""relevant"": 0}
```",,,,,,,,,,,,,,,,,0.0,0.0,,,,,,,,
gilardi_relevance,mistral-small:24b-instruct-2501-q4_K_M,1259260655900786693,2.1994362499999625,12,,"```json
{""relevant"": 1}
```",,,,,,,,,,,,,,,,,1.0,1.0,,,,,,,,
gilardi_relevance,mistral-small:24b-instruct-2501-q4_K_M,1234062520475955201,4.852410916000281,49,,"```json
{
  ""relevant"": 0
}
```

The Tweet does not discuss content moderation, social media platforms' rules and practices, or government regulation of online content. It simply shares a link to a re",,,,,,,,,,,,,,,,,0.0,0.0,,,,,,,,
gilardi_relevance,mistral-small:24b-instruct-2501-q4_K_M,1267272595210149888,1.8401153340000749,12,,"```json
{""relevant"": 1}
```",,,,,,,,,,,,,,,,,1.0,1.0,,,,,,,,
gilardi_relevance,mistral-small:24b-instruct-2501-q4_K_M,1224116829272133632,2.5498860829998193,12,,"```json
{""relevant"": 0}
```",,,,,,,,,,,,,,,,,0.0,0.0,,,,,,,,
gilardi_relevance,mistral-small:24b-instruct-2501-q4_K_M,1251495521270857728,1.4895911250000609,12,,"```json
{""relevant"": 1}
```",,,,,,,,,,,,,,,,,1.0,1.0,,,,,,,,
gilardi_relevance,mistral-small:24b-instruct-2501-q4_K_M,1311474754721779712,1.8633156250002685,12,,"```json
{""relevant"": 1}
```",,,,,,,,,,,,,,,,,1.0,1.0,,,,,,,,
gilardi_relevance,mistral-small:24b-instruct-2501-q4_K_M,1254136863700344833,2.552895625000019,12,,"```json
{""relevant"": 1}
```",,,,,,,,,,,,,,,,,1.0,1.0,,,,,,,,
gilardi_relevance,mistral-small:24b-instruct-2501-q4_K_M,1298296851607814144,2.4750613329997577,15,,"```json
{
  ""relevant"": 0
}
```",,,,,,,,,,,,,,,,,0.0,0.0,,,,,,,,
gilardi_relevance,mistral-small:24b-instruct-2501-q4_K_M,1259246936793718784,2.1990073330002815,12,,"```json
{""relevant"": 1}
```",,,,,,,,,,,,,,,,,1.0,1.0,,,,,,,,
gilardi_relevance,mistral-small:24b-instruct-2501-q4_K_M,1295044560456802304,2.193966083000305,12,,"```json
{""relevant"": 1}
```",,,,,,,,,,,,,,,,,1.0,1.0,,,,,,,,
gilardi_relevance,mistral-small:24b-instruct-2501-q4_K_M,1300319304022335488,1.487922083000285,12,,"```json
{""relevant"": 0}
```",,,,,,,,,,,,,,,,,0.0,0.0,,,,,,,,
gilardi_relevance,mistral-small:24b-instruct-2501-q4_K_M,1259525583870009345,2.190226375000293,12,,"```json
{""relevant"": 1}
```",,,,,,,,,,,,,,,,,1.0,1.0,,,,,,,,
gilardi_relevance,mistral-small:24b-instruct-2501-q4_K_M,1245576440994598915,2.1100965840000754,11,,"```json
{""relevant"":1}
```",,,,,,,,,,,,,,,,,1.0,0.0,,,,,,,,
gilardi_relevance,mistral-small:24b-instruct-2501-q4_K_M,1230718553491304448,1.8377749579999545,12,,"```json
{""relevant"": 0}
```",,,,,,,,,,,,,,,,,0.0,0.0,,,,,,,,
gilardi_relevance,mistral-small:24b-instruct-2501-q4_K_M,1318158391299182594,1.8247471249997032,12,,"```json
{""relevant"": 1}
```",,,,,,,,,,,,,,,,,1.0,1.0,,,,,,,,
gilardi_relevance,mistral-small:24b-instruct-2501-q4_K_M,1233767555170328576,1.7870486249998976,11,,"```json
{""relevant"":0}
```",,,,,,,,,,,,,,,,,0.0,0.0,,,,,,,,
gilardi_relevance,mistral-small:24b-instruct-2501-q4_K_M,1278422893769170947,1.849876624999979,12,,"```json
{""relevant"": 0}
```",,,,,,,,,,,,,,,,,0.0,0.0,,,,,,,,
gilardi_relevance,mistral-small:24b-instruct-2501-q4_K_M,1271297474540343296,1.8469267919999768,12,,"```json
{""relevant"": 1}
```",,,,,,,,,,,,,,,,,1.0,1.0,,,,,,,,
gilardi_relevance,mistral-small:24b-instruct-2501-q4_K_M,1292622597436276736,1.747128167000028,11,,"```json
{""relevant"":1}
```",,,,,,,,,,,,,,,,,1.0,1.0,,,,,,,,
gilardi_relevance,mistral-small:24b-instruct-2501-q4_K_M,1259268872433291266,2.1992305830003716,12,,"```json
{""relevant"": 1}
```",,,,,,,,,,,,,,,,,1.0,1.0,,,,,,,,
gilardi_relevance,mistral-small:24b-instruct-2501-q4_K_M,1212671773252243456,5.766500749999977,59,,"```json
{
  ""relevant"": 0
}
```

The Tweet does not discuss content moderation, social media platforms' rules and practices, or governments' regulation of online content. It is a general statement abo",,,,,,,,,,,,,,,,,0.0,0.0,,,,,,,,
gilardi_relevance,mistral-small:24b-instruct-2501-q4_K_M,1267132576386486273,1.8377126249997673,12,,"```json
{""relevant"": 0}
```",,,,,,,,,,,,,,,,,0.0,0.0,,,,,,,,
gilardi_relevance,mistral-small:24b-instruct-2501-q4_K_M,1291370146800394241,1.8406997910001337,12,,"```json
{""relevant"": 1}
```",,,,,,,,,,,,,,,,,1.0,1.0,,,,,,,,
gilardi_relevance,mistral-small:24b-instruct-2501-q4_K_M,1271899196073836545,1.828989707999881,12,,"```json
{""relevant"": 1}
```",,,,,,,,,,,,,,,,,1.0,1.0,,,,,,,,
gilardi_relevance,mistral-small:24b-instruct-2501-q4_K_M,1298178287005388802,2.1916142499999296,12,,"```json
{""relevant"": 1}
```",,,,,,,,,,,,,,,,,1.0,1.0,,,,,,,,
gilardi_relevance,mistral-small:24b-instruct-2501-q4_K_M,1291219678296248320,1.8566754169996784,12,,"```json
{""relevant"": 1}
```",,,,,,,,,,,,,,,,,1.0,1.0,,,,,,,,
gilardi_relevance,mistral-small:24b-instruct-2501-q4_K_M,1321106429772746752,2.4668500419998054,15,,"```json
{
  ""relevant"": 0
}
```",,,,,,,,,,,,,,,,,0.0,0.0,,,,,,,,
gilardi_relevance,gpt-5.4-nano,1237763877468692481,0.6245262090001233,12,,"{""relevant"":0}",,,,,,,,,,,,,,,,,0.0,0.0,,,,,,,,
gilardi_relevance,gpt-5.4-nano,1287948085453180929,0.6665009580001424,12,,"{""relevant"":0}",,,,,,,,,,,,,,,,,0.0,0.0,,,,,,,,
gilardi_relevance,gpt-5.4-nano,1268523660245184513,0.7187687499999811,12,,"{""relevant"":0}",,,,,,,,,,,,,,,,,0.0,1.0,,,,,,,,
gilardi_relevance,gpt-5.4-nano,1275169301381742593,0.5053103750001355,12,,"{""relevant"":0}",,,,,,,,,,,,,,,,,0.0,0.0,,,,,,,,
gilardi_relevance,gpt-5.4-nano,1289280346056359937,0.6211727499999142,12,,"{""relevant"":0}",,,,,,,,,,,,,,,,,0.0,0.0,,,,,,,,
gilardi_relevance,gpt-5.4-nano,1285161332594089984,0.7157669579996764,12,,"{""relevant"":0}",,,,,,,,,,,,,,,,,0.0,0.0,,,,,,,,
gilardi_relevance,gpt-5.4-nano,1259441759496613889,0.773195250000299,12,,"{""relevant"":1}",,,,,,,,,,,,,,,,,1.0,1.0,,,,,,,,
gilardi_relevance,gpt-5.4-nano,1259234667628199937,0.5509606250002435,12,,"{""relevant"":1}",,,,,,,,,,,,,,,,,1.0,1.0,,,,,,,,
gilardi_relevance,gpt-5.4-nano,1236354180639592451,0.7227894169996034,12,,"{""relevant"":0}",,,,,,,,,,,,,,,,,0.0,1.0,,,,,,,,
gilardi_relevance,gpt-5.4-nano,1221880847722340352,0.613875083000039,12,,"{""relevant"":0}",,,,,,,,,,,,,,,,,0.0,0.0,,,,,,,,
gilardi_relevance,gpt-5.4-nano,1230413821681946624,0.631063209000331,12,,"{""relevant"":0}",,,,,,,,,,,,,,,,,0.0,0.0,,,,,,,,
gilardi_relevance,gpt-5.4-nano,1243663458857635845,0.7867419999997765,12,,"{""relevant"":0}",,,,,,,,,,,,,,,,,0.0,0.0,,,,,,,,
gilardi_relevance,gpt-5.4-nano,1259957303471726592,0.5460458339998695,12,,"{""relevant"":1}",,,,,,,,,,,,,,,,,1.0,1.0,,,,,,,,
gilardi_relevance,gpt-5.4-nano,1275251865517686784,0.5724001250000583,12,,"{""relevant"":0}",,,,,,,,,,,,,,,,,0.0,0.0,,,,,,,,
gilardi_relevance,gpt-5.4-nano,1245856689187729410,0.6144433330000538,12,,"{""relevant"":0}",,,,,,,,,,,,,,,,,0.0,0.0,,,,,,,,
gilardi_relevance,gpt-5.4-nano,1254424205501890560,0.5800622500000827,12,,"{""relevant"":0}",,,,,,,,,,,,,,,,,0.0,0.0,,,,,,,,
gilardi_relevance,gpt-5.4-nano,1256232500655001600,0.5155594170000768,12,,"{""relevant"":0}",,,,,,,,,,,,,,,,,0.0,0.0,,,,,,,,
gilardi_relevance,gpt-5.4-nano,1271142153855447040,0.6112813750000896,12,,"{""relevant"":1}",,,,,,,,,,,,,,,,,1.0,1.0,,,,,,,,
gilardi_relevance,gpt-5.4-nano,1244137138289102853,0.6469442499997058,12,,"{""relevant"":0}",,,,,,,,,,,,,,,,,0.0,1.0,,,,,,,,
gilardi_relevance,gpt-5.4-nano,1321537906364817410,0.6338425419999112,12,,"{""relevant"":1}",,,,,,,,,,,,,,,,,1.0,1.0,,,,,,,,
gilardi_relevance,gpt-5.4-nano,1302301682458669061,0.5505237910001597,12,,"{""relevant"":0}",,,,,,,,,,,,,,,,,0.0,0.0,,,,,,,,
gilardi_relevance,gpt-5.4-nano,1217506580549308416,0.5321863750000375,12,,"{""relevant"":0}",,,,,,,,,,,,,,,,,0.0,0.0,,,,,,,,
gilardi_relevance,gpt-5.4-nano,1235649275918462982,0.6132337500002905,12,,"{""relevant"":0}",,,,,,,,,,,,,,,,,0.0,0.0,,,,,,,,
gilardi_relevance,gpt-5.4-nano,1259260655900786693,0.7158149159999994,12,,"{""relevant"":1}",,,,,,,,,,,,,,,,,1.0,1.0,,,,,,,,
gilardi_relevance,gpt-5.4-nano,1234062520475955201,0.7184084579998853,12,,"{""relevant"":0}",,,,,,,,,,,,,,,,,0.0,0.0,,,,,,,,
gilardi_relevance,gpt-5.4-nano,1267272595210149888,0.6518446250001944,12,,"{""relevant"":0}",,,,,,,,,,,,,,,,,0.0,1.0,,,,,,,,
gilardi_relevance,gpt-5.4-nano,1224116829272133632,0.5316535839997414,12,,"{""relevant"":0}",,,,,,,,,,,,,,,,,0.0,0.0,,,,,,,,
gilardi_relevance,gpt-5.4-nano,1251495521270857728,0.5210307500001363,12,,"{""relevant"":1}",,,,,,,,,,,,,,,,,1.0,1.0,,,,,,,,
gilardi_relevance,gpt-5.4-nano,1311474754721779712,0.6494373750001614,12,,"{""relevant"":1}",,,,,,,,,,,,,,,,,1.0,1.0,,,,,,,,
gilardi_relevance,gpt-5.4-nano,1254136863700344833,0.6146932920000836,12,,"{""relevant"":0}",,,,,,,,,,,,,,,,,0.0,1.0,,,,,,,,
gilardi_relevance,gpt-5.4-nano,1298296851607814144,0.5895130829999289,12,,"{""relevant"":0}",,,,,,,,,,,,,,,,,0.0,0.0,,,,,,,,
gilardi_relevance,gpt-5.4-nano,1259246936793718784,0.6159217499998704,12,,"{""relevant"":1}",,,,,,,,,,,,,,,,,1.0,1.0,,,,,,,,
gilardi_relevance,gpt-5.4-nano,1295044560456802304,0.5652887090000149,12,,"{""relevant"":1}",,,,,,,,,,,,,,,,,1.0,1.0,,,,,,,,
gilardi_relevance,gpt-5.4-nano,1300319304022335488,0.6614485420000165,12,,"{""relevant"":0}",,,,,,,,,,,,,,,,,0.0,0.0,,,,,,,,
gilardi_relevance,gpt-5.4-nano,1259525583870009345,0.4532569170000897,12,,"{""relevant"":1}",,,,,,,,,,,,,,,,,1.0,1.0,,,,,,,,
gilardi_relevance,gpt-5.4-nano,1245576440994598915,0.5697730410001896,12,,"{""relevant"":0}",,,,,,,,,,,,,,,,,0.0,0.0,,,,,,,,
gilardi_relevance,gpt-5.4-nano,1230718553491304448,0.5682315839999319,12,,"{""relevant"":0}",,,,,,,,,,,,,,,,,0.0,0.0,,,,,,,,
gilardi_relevance,gpt-5.4-nano,1318158391299182594,0.5584006250001039,12,,"{""relevant"":1}",,,,,,,,,,,,,,,,,1.0,1.0,,,,,,,,
gilardi_relevance,gpt-5.4-nano,1233767555170328576,0.7178263749997313,12,,"{""relevant"":0}",,,,,,,,,,,,,,,,,0.0,0.0,,,,,,,,
gilardi_relevance,gpt-5.4-nano,1278422893769170947,0.7330286669998713,12,,"{""relevant"":0}",,,,,,,,,,,,,,,,,0.0,0.0,,,,,,,,
gilardi_relevance,gpt-5.4-nano,1271297474540343296,0.7766564169996855,12,,"{""relevant"":0}",,,,,,,,,,,,,,,,,0.0,1.0,,,,,,,,
gilardi_relevance,gpt-5.4-nano,1292622597436276736,0.7162282920003236,12,,"{""relevant"":0}",,,,,,,,,,,,,,,,,0.0,1.0,,,,,,,,
gilardi_relevance,gpt-5.4-nano,1259268872433291266,0.4992805839997345,12,,"{""relevant"":1}",,,,,,,,,,,,,,,,,1.0,1.0,,,,,,,,
gilardi_relevance,gpt-5.4-nano,1212671773252243456,0.6267975000000661,12,,"{""relevant"":0}",,,,,,,,,,,,,,,,,0.0,0.0,,,,,,,,
gilardi_relevance,gpt-5.4-nano,1267132576386486273,0.8988139580001189,12,,"{""relevant"":0}",,,,,,,,,,,,,,,,,0.0,0.0,,,,,,,,
gilardi_relevance,gpt-5.4-nano,1291370146800394241,0.6363956250002047,12,,"{""relevant"":0}",,,,,,,,,,,,,,,,,0.0,1.0,,,,,,,,
gilardi_relevance,gpt-5.4-nano,1271899196073836545,0.819181374999971,12,,"{""relevant"":1}",,,,,,,,,,,,,,,,,1.0,1.0,,,,,,,,
gilardi_relevance,gpt-5.4-nano,1298178287005388802,0.6511346659999617,12,,"{""relevant"":1}",,,,,,,,,,,,,,,,,1.0,1.0,,,,,,,,
gilardi_relevance,gpt-5.4-nano,1291219678296248320,0.7834215829998357,12,,"{""relevant"":1}",,,,,,,,,,,,,,,,,1.0,1.0,,,,,,,,
gilardi_relevance,gpt-5.4-nano,1321106429772746752,0.6127952920001007,12,,"{""relevant"":0}",,,,,,,,,,,,,,,,,0.0,0.0,,,,,,,,
ballard_incivility,gemma4:31b-it-q4_K_M,537,11.77194612500034,21,,"```json
{
  ""uncivil"": 0
}
```",,,,,,,,,,,,,,,,,,,0.0,0.0,,,,,,
ballard_incivility,gemma4:31b-it-q4_K_M,296,4.82586183300009,21,,"```json
{
  ""uncivil"": 0
}
```",,,,,,,,,,,,,,,,,,,0.0,1.0,,,,,,
ballard_incivility,gemma4:31b-it-q4_K_M,1401,4.23245658299993,21,,"```json
{
  ""uncivil"": 0
}
```",,,,,,,,,,,,,,,,,,,0.0,0.0,,,,,,
ballard_incivility,gemma4:31b-it-q4_K_M,240,4.754192666999643,21,,"```json
{
  ""uncivil"": 1
}
```",,,,,,,,,,,,,,,,,,,1.0,1.0,,,,,,
ballard_incivility,gemma4:31b-it-q4_K_M,91,4.238196958000117,21,,"```json
{
  ""uncivil"": 1
}
```",,,,,,,,,,,,,,,,,,,1.0,0.0,,,,,,
ballard_incivility,gemma4:31b-it-q4_K_M,2014,4.8645658330001424,21,,"```json
{
  ""uncivil"": 0
}
```",,,,,,,,,,,,,,,,,,,0.0,0.0,,,,,,
ballard_incivility,gemma4:31b-it-q4_K_M,1131,4.673681208000289,21,,"```json
{
  ""uncivil"": 0
}
```",,,,,,,,,,,,,,,,,,,0.0,0.0,,,,,,
ballard_incivility,gemma4:31b-it-q4_K_M,416,5.234833874999822,21,,"```json
{
  ""uncivil"": 1
}
```",,,,,,,,,,,,,,,,,,,1.0,1.0,,,,,,
ballard_incivility,gemma4:31b-it-q4_K_M,1289,4.675347749999673,21,,"```json
{
  ""uncivil"": 0
}
```",,,,,,,,,,,,,,,,,,,0.0,0.0,,,,,,
ballard_incivility,gemma4:31b-it-q4_K_M,1598,5.100636083000154,21,,"```json
{
  ""uncivil"": 0
}
```",,,,,,,,,,,,,,,,,,,0.0,0.0,,,,,,
ballard_incivility,gemma4:31b-it-q4_K_M,625,4.243492708999838,21,,"```json
{
  ""uncivil"": 0
}
```",,,,,,,,,,,,,,,,,,,0.0,0.0,,,,,,
ballard_incivility,gemma4:31b-it-q4_K_M,1742,4.247550334000152,21,,"```json
{
  ""uncivil"": 0
}
```",,,,,,,,,,,,,,,,,,,0.0,0.0,,,,,,
ballard_incivility,gemma4:31b-it-q4_K_M,1848,4.275024208000104,21,,"```json
{
  ""uncivil"": 0
}
```",,,,,,,,,,,,,,,,,,,0.0,0.0,,,,,,
ballard_incivility,gemma4:31b-it-q4_K_M,1863,4.457920958000159,21,,"```json
{
  ""uncivil"": 0
}
```",,,,,,,,,,,,,,,,,,,0.0,0.0,,,,,,
ballard_incivility,gemma4:31b-it-q4_K_M,1690,4.232252083000276,21,,"```json
{
  ""uncivil"": 1
}
```",,,,,,,,,,,,,,,,,,,1.0,0.0,,,,,,
ballard_incivility,gemma4:31b-it-q4_K_M,1675,4.234553833000064,21,,"```json
{
  ""uncivil"": 0
}
```",,,,,,,,,,,,,,,,,,,0.0,0.0,,,,,,
ballard_incivility,gemma4:31b-it-q4_K_M,1603,3.8165166250000766,21,,"```json
{
  ""uncivil"": 1
}
```",,,,,,,,,,,,,,,,,,,1.0,0.0,,,,,,
ballard_incivility,gemma4:31b-it-q4_K_M,413,4.29943058400022,21,,"```json
{
  ""uncivil"": 1
}
```",,,,,,,,,,,,,,,,,,,1.0,1.0,,,,,,
ballard_incivility,gemma4:31b-it-q4_K_M,606,4.299053666999953,21,,"```json
{
  ""uncivil"": 1
}
```",,,,,,,,,,,,,,,,,,,1.0,0.0,,,,,,
ballard_incivility,gemma4:31b-it-q4_K_M,264,3.730665209000108,21,,"```json
{
  ""uncivil"": 1
}
```",,,,,,,,,,,,,,,,,,,1.0,1.0,,,,,,
ballard_incivility,gemma4:31b-it-q4_K_M,294,4.234107958000095,21,,"```json
{
  ""uncivil"": 0
}
```",,,,,,,,,,,,,,,,,,,0.0,1.0,,,,,,
ballard_incivility,gemma4:31b-it-q4_K_M,378,4.251281290999941,21,,"```json
{
  ""uncivil"": 0
}
```",,,,,,,,,,,,,,,,,,,0.0,1.0,,,,,,
ballard_incivility,gemma4:31b-it-q4_K_M,402,4.362364208000145,21,,"```json
{
  ""uncivil"": 1
}
```",,,,,,,,,,,,,,,,,,,1.0,1.0,,,,,,
ballard_incivility,gemma4:31b-it-q4_K_M,2083,4.319506000000274,21,,"```json
{
  ""uncivil"": 0
}
```",,,,,,,,,,,,,,,,,,,0.0,0.0,,,,,,
ballard_incivility,gemma4:31b-it-q4_K_M,1013,4.252730624999913,21,,"```json
{
  ""uncivil"": 0
}
```",,,,,,,,,,,,,,,,,,,0.0,0.0,,,,,,
ballard_incivility,gemma4:31b-it-q4_K_M,2664,3.71329412499972,21,,"```json
{
  ""uncivil"": 0
}
```",,,,,,,,,,,,,,,,,,,0.0,0.0,,,,,,
ballard_incivility,gemma4:31b-it-q4_K_M,98,4.259133667000242,21,,"```json
{
  ""uncivil"": 0
}
```",,,,,,,,,,,,,,,,,,,0.0,0.0,,,,,,
ballard_incivility,gemma4:31b-it-q4_K_M,999,4.233626084000207,21,,"```json
{
  ""uncivil"": 0
}
```",,,,,,,,,,,,,,,,,,,0.0,0.0,,,,,,
ballard_incivility,gemma4:31b-it-q4_K_M,1814,3.7185481669998808,21,,"```json
{
  ""uncivil"": 0
}
```",,,,,,,,,,,,,,,,,,,0.0,0.0,,,,,,
ballard_incivility,gemma4:31b-it-q4_K_M,609,4.252573000000211,21,,"```json
{
  ""uncivil"": 0
}
```",,,,,,,,,,,,,,,,,,,0.0,0.0,,,,,,
ballard_incivility,gemma4:31b-it-q4_K_M,2306,4.264800083999944,21,,"```json
{
  ""uncivil"": 0
}
```",,,,,,,,,,,,,,,,,,,0.0,0.0,,,,,,
ballard_incivility,gemma4:31b-it-q4_K_M,200,4.247747458000049,21,,"```json
{
  ""uncivil"": 0
}
```",,,,,,,,,,,,,,,,,,,0.0,0.0,,,,,,
ballard_incivility,gemma4:31b-it-q4_K_M,1875,4.275698749999719,21,,"```json
{
  ""uncivil"": 0
}
```",,,,,,,,,,,,,,,,,,,0.0,0.0,,,,,,
ballard_incivility,gemma4:31b-it-q4_K_M,1125,4.005572667000251,21,,"```json
{
  ""uncivil"": 0
}
```",,,,,,,,,,,,,,,,,,,0.0,0.0,,,,,,
ballard_incivility,gemma4:31b-it-q4_K_M,315,3.9501432920001207,21,,"```json
{
  ""uncivil"": 1
}
```",,,,,,,,,,,,,,,,,,,1.0,1.0,,,,,,
ballard_incivility,gemma4:31b-it-q4_K_M,2674,7.315661957999964,21,,"```json
{
  ""uncivil"": 0
}
```",,,,,,,,,,,,,,,,,,,0.0,0.0,,,,,,
ballard_incivility,gemma4:31b-it-q4_K_M,803,5.725701083999866,21,,"```json
{
  ""uncivil"": 0
}
```",,,,,,,,,,,,,,,,,,,0.0,0.0,,,,,,
ballard_incivility,gemma4:31b-it-q4_K_M,2505,4.77288899999985,21,,"```json
{
  ""uncivil"": 0
}
```",,,,,,,,,,,,,,,,,,,0.0,0.0,,,,,,
ballard_incivility,gemma4:31b-it-q4_K_M,1107,4.406476582999858,21,,"```json
{
  ""uncivil"": 0
}
```",,,,,,,,,,,,,,,,,,,0.0,0.0,,,,,,
ballard_incivility,gemma4:31b-it-q4_K_M,2595,4.438116625000021,21,,"```json
{
  ""uncivil"": 0
}
```",,,,,,,,,,,,,,,,,,,0.0,0.0,,,,,,
ballard_incivility,gemma4:31b-it-q4_K_M,1550,4.540182916000049,21,,"```json
{
  ""uncivil"": 0
}
```",,,,,,,,,,,,,,,,,,,0.0,0.0,,,,,,
ballard_incivility,gemma4:31b-it-q4_K_M,1296,4.531473833000291,21,,"```json
{
  ""uncivil"": 0
}
```",,,,,,,,,,,,,,,,,,,0.0,0.0,,,,,,
ballard_incivility,gemma4:31b-it-q4_K_M,2110,6.03815191700005,21,,"```json
{
  ""uncivil"": 0
}
```",,,,,,,,,,,,,,,,,,,0.0,0.0,,,,,,
ballard_incivility,gemma4:31b-it-q4_K_M,749,5.808037791000061,21,,"```json
{
  ""uncivil"": 0
}
```",,,,,,,,,,,,,,,,,,,0.0,0.0,,,,,,
ballard_incivility,gemma4:31b-it-q4_K_M,2386,5.129393457999868,21,,"```json
{
  ""uncivil"": 0
}
```",,,,,,,,,,,,,,,,,,,0.0,0.0,,,,,,
ballard_incivility,gemma4:31b-it-q4_K_M,102,4.988834208999833,21,,"```json
{
  ""uncivil"": 0
}
```",,,,,,,,,,,,,,,,,,,0.0,0.0,,,,,,
ballard_incivility,gemma4:31b-it-q4_K_M,2656,5.410859708999851,21,,"```json
{
  ""uncivil"": 0
}
```",,,,,,,,,,,,,,,,,,,0.0,0.0,,,,,,
ballard_incivility,gemma4:31b-it-q4_K_M,1792,5.466797167000095,21,,"```json
{
  ""uncivil"": 0
}
```",,,,,,,,,,,,,,,,,,,0.0,0.0,,,,,,
ballard_incivility,gemma4:31b-it-q4_K_M,1632,4.096581624999999,21,,"```json
{
  ""uncivil"": 0
}
```",,,,,,,,,,,,,,,,,,,0.0,0.0,,,,,,
ballard_incivility,gemma4:31b-it-q4_K_M,1367,4.9802182500002345,21,,"```json
{
  ""uncivil"": 0
}
```",,,,,,,,,,,,,,,,,,,0.0,0.0,,,,,,
ballard_incivility,qwen3:14b-q4_K_M,537,3.720130667000376,8,,"{""uncivil"": 0}",,,,,,,,,,,,,,,,,,,0.0,0.0,,,,,,
ballard_incivility,qwen3:14b-q4_K_M,296,1.200110875000064,12,,"```json
{""uncivil"": 0}
```",,,,,,,,,,,,,,,,,,,0.0,1.0,,,,,,
ballard_incivility,qwen3:14b-q4_K_M,1401,0.952769709000222,8,,"{""uncivil"": 0}",,,,,,,,,,,,,,,,,,,0.0,0.0,,,,,,
ballard_incivility,qwen3:14b-q4_K_M,240,1.180176249999931,8,,"{""uncivil"": 1}",,,,,,,,,,,,,,,,,,,1.0,1.0,,,,,,
ballard_incivility,qwen3:14b-q4_K_M,91,0.9574732920000316,8,,"{""uncivil"": 0}",,,,,,,,,,,,,,,,,,,0.0,0.0,,,,,,
ballard_incivility,qwen3:14b-q4_K_M,2014,1.1705195419999654,8,,"{""uncivil"": 0}",,,,,,,,,,,,,,,,,,,0.0,0.0,,,,,,
ballard_incivility,qwen3:14b-q4_K_M,1131,0.9572064159997352,8,,"{""uncivil"": 0}",,,,,,,,,,,,,,,,,,,0.0,0.0,,,,,,
ballard_incivility,qwen3:14b-q4_K_M,416,1.3800782079997589,15,,"```json
{
  ""uncivil"": 0
}
```",,,,,,,,,,,,,,,,,,,0.0,1.0,,,,,,
ballard_incivility,qwen3:14b-q4_K_M,1289,1.196863791999931,12,,"```json
{""uncivil"": 0}
```",,,,,,,,,,,,,,,,,,,0.0,0.0,,,,,,
ballard_incivility,qwen3:14b-q4_K_M,1598,1.412180583999998,12,,"```json
{""uncivil"": 0}
```",,,,,,,,,,,,,,,,,,,0.0,0.0,,,,,,
ballard_incivility,qwen3:14b-q4_K_M,625,1.1540402910000012,8,,"{""uncivil"": 0}",,,,,,,,,,,,,,,,,,,0.0,0.0,,,,,,
ballard_incivility,qwen3:14b-q4_K_M,1742,0.95662345799974,8,,"{""uncivil"": 0}",,,,,,,,,,,,,,,,,,,0.0,0.0,,,,,,
ballard_incivility,qwen3:14b-q4_K_M,1848,0.9562233330002528,8,,"{""uncivil"": 0}",,,,,,,,,,,,,,,,,,,0.0,0.0,,,,,,
ballard_incivility,qwen3:14b-q4_K_M,1863,1.2094277910000528,12,,"```json
{""uncivil"": 0}
```",,,,,,,,,,,,,,,,,,,0.0,0.0,,,,,,
ballard_incivility,qwen3:14b-q4_K_M,1690,0.9544874580001306,8,,"{""uncivil"": 0}",,,,,,,,,,,,,,,,,,,0.0,0.0,,,,,,
ballard_incivility,qwen3:14b-q4_K_M,1675,1.2008825829998386,12,,"```json
{""uncivil"": 0}
```",,,,,,,,,,,,,,,,,,,0.0,0.0,,,,,,
ballard_incivility,qwen3:14b-q4_K_M,1603,1.1968889999998282,12,,"```json
{""uncivil"": 1}
```",,,,,,,,,,,,,,,,,,,1.0,0.0,,,,,,
ballard_incivility,qwen3:14b-q4_K_M,413,0.9529147079997528,8,,"{""uncivil"": 1}",,,,,,,,,,,,,,,,,,,1.0,1.0,,,,,,
ballard_incivility,qwen3:14b-q4_K_M,606,1.1614333749998875,8,,"{""uncivil"": 1}",,,,,,,,,,,,,,,,,,,1.0,0.0,,,,,,
ballard_incivility,qwen3:14b-q4_K_M,264,0.9556127500000002,8,,"{""uncivil"": 0}",,,,,,,,,,,,,,,,,,,0.0,1.0,,,,,,
ballard_incivility,qwen3:14b-q4_K_M,294,0.9524917920002736,8,,"{""uncivil"": 0}",,,,,,,,,,,,,,,,,,,0.0,1.0,,,,,,
ballard_incivility,qwen3:14b-q4_K_M,378,0.9544107080000686,8,,"{""uncivil"": 0}",,,,,,,,,,,,,,,,,,,0.0,1.0,,,,,,
ballard_incivility,qwen3:14b-q4_K_M,402,0.9543119579998348,8,,"{""uncivil"": 0}",,,,,,,,,,,,,,,,,,,0.0,1.0,,,,,,
ballard_incivility,qwen3:14b-q4_K_M,2083,1.3831055420000666,15,,"```json
{
  ""uncivil"": 0
}
```",,,,,,,,,,,,,,,,,,,0.0,0.0,,,,,,
ballard_incivility,qwen3:14b-q4_K_M,1013,1.2024724590000917,12,,"```json
{""uncivil"": 0}
```",,,,,,,,,,,,,,,,,,,0.0,0.0,,,,,,
ballard_incivility,qwen3:14b-q4_K_M,2664,0.995828999999958,12,,"```json
{""uncivil"": 0}
```",,,,,,,,,,,,,,,,,,,0.0,0.0,,,,,,
ballard_incivility,qwen3:14b-q4_K_M,98,1.1678308750001634,8,,"{""uncivil"": 0}",,,,,,,,,,,,,,,,,,,0.0,0.0,,,,,,
ballard_incivility,qwen3:14b-q4_K_M,999,0.9500773330000812,8,,"{""uncivil"": 0}",,,,,,,,,,,,,,,,,,,0.0,0.0,,,,,,
ballard_incivility,qwen3:14b-q4_K_M,1814,0.9472563329995864,8,,"{""uncivil"": 0}",,,,,,,,,,,,,,,,,,,0.0,0.0,,,,,,
ballard_incivility,qwen3:14b-q4_K_M,609,0.9587153749998834,8,,"{""uncivil"": 0}",,,,,,,,,,,,,,,,,,,0.0,0.0,,,,,,
ballard_incivility,qwen3:14b-q4_K_M,2306,1.2051558749999458,12,,"```json
{""uncivil"": 0}
```",,,,,,,,,,,,,,,,,,,0.0,0.0,,,,,,
ballard_incivility,qwen3:14b-q4_K_M,200,1.2013878749999094,12,,"```json
{""uncivil"": 0}
```",,,,,,,,,,,,,,,,,,,0.0,0.0,,,,,,
ballard_incivility,qwen3:14b-q4_K_M,1875,1.163710040999831,8,,"{""uncivil"": 0}",,,,,,,,,,,,,,,,,,,0.0,0.0,,,,,,
ballard_incivility,qwen3:14b-q4_K_M,1125,0.9463644160000512,8,,"{""uncivil"": 0}",,,,,,,,,,,,,,,,,,,0.0,0.0,,,,,,
ballard_incivility,qwen3:14b-q4_K_M,315,1.192957541999931,12,,"```json
{""uncivil"": 0}
```",,,,,,,,,,,,,,,,,,,0.0,1.0,,,,,,
ballard_incivility,qwen3:14b-q4_K_M,2674,0.9473496669997984,8,,"{""uncivil"": 0}",,,,,,,,,,,,,,,,,,,0.0,0.0,,,,,,
ballard_incivility,qwen3:14b-q4_K_M,803,0.9495492089999972,8,,"{""uncivil"": 0}",,,,,,,,,,,,,,,,,,,0.0,0.0,,,,,,
ballard_incivility,qwen3:14b-q4_K_M,2505,1.2015995419997123,12,,"```json
{""uncivil"": 0}
```",,,,,,,,,,,,,,,,,,,0.0,0.0,,,,,,
ballard_incivility,qwen3:14b-q4_K_M,1107,0.9562593749997176,8,,"{""uncivil"": 0}",,,,,,,,,,,,,,,,,,,0.0,0.0,,,,,,
ballard_incivility,qwen3:14b-q4_K_M,2595,0.962417084000208,8,,"{""uncivil"": 0}",,,,,,,,,,,,,,,,,,,0.0,0.0,,,,,,
ballard_incivility,qwen3:14b-q4_K_M,1550,0.950034959000277,8,,"{""uncivil"": 0}",,,,,,,,,,,,,,,,,,,0.0,0.0,,,,,,
ballard_incivility,qwen3:14b-q4_K_M,1296,0.9521149580000384,8,,"{""uncivil"": 0}",,,,,,,,,,,,,,,,,,,0.0,0.0,,,,,,
ballard_incivility,qwen3:14b-q4_K_M,2110,0.959640667000258,8,,"{""uncivil"": 0}",,,,,,,,,,,,,,,,,,,0.0,0.0,,,,,,
ballard_incivility,qwen3:14b-q4_K_M,749,1.1682345419999365,8,,"{""uncivil"": 0}",,,,,,,,,,,,,,,,,,,0.0,0.0,,,,,,
ballard_incivility,qwen3:14b-q4_K_M,2386,1.1967557080001825,12,,"```json
{""uncivil"": 0}
```",,,,,,,,,,,,,,,,,,,0.0,0.0,,,,,,
ballard_incivility,qwen3:14b-q4_K_M,102,1.3872466249999889,15,,"```json
{
  ""uncivil"": 0
}
```",,,,,,,,,,,,,,,,,,,0.0,0.0,,,,,,
ballard_incivility,qwen3:14b-q4_K_M,2656,1.171248375000232,8,,"{""uncivil"": 0}",,,,,,,,,,,,,,,,,,,0.0,0.0,,,,,,
ballard_incivility,qwen3:14b-q4_K_M,1792,1.199749625000095,12,,"```json
{""uncivil"": 0}
```",,,,,,,,,,,,,,,,,,,0.0,0.0,,,,,,
ballard_incivility,qwen3:14b-q4_K_M,1632,0.740768042000127,8,,"{""uncivil"": 0}",,,,,,,,,,,,,,,,,,,0.0,0.0,,,,,,
ballard_incivility,qwen3:14b-q4_K_M,1367,1.1740285839996432,8,,"{""uncivil"": 0}",,,,,,,,,,,,,,,,,,,0.0,0.0,,,,,,
ballard_incivility,qwen3:30b-a3b-q4_K_M,537,1.2812607079999907,11,,"{
  ""uncivil"": 0
}",,,,,,,,,,,,,,,,,,,0.0,0.0,,,,,,
ballard_incivility,qwen3:30b-a3b-q4_K_M,296,0.6004321659997913,11,,"{
  ""uncivil"": 0
}",,,,,,,,,,,,,,,,,,,0.0,1.0,,,,,,
ballard_incivility,qwen3:30b-a3b-q4_K_M,1401,0.5842460839999148,11,,"{
  ""uncivil"": 0
}",,,,,,,,,,,,,,,,,,,0.0,0.0,,,,,,
ballard_incivility,qwen3:30b-a3b-q4_K_M,240,0.6740835840000727,11,,"{
  ""uncivil"": 1
}",,,,,,,,,,,,,,,,,,,1.0,1.0,,,,,,
ballard_incivility,qwen3:30b-a3b-q4_K_M,91,0.6098135000002003,11,,"{
  ""uncivil"": 0
}",,,,,,,,,,,,,,,,,,,0.0,0.0,,,,,,
ballard_incivility,qwen3:30b-a3b-q4_K_M,2014,0.6610384170003272,11,,"{
  ""uncivil"": 0
}",,,,,,,,,,,,,,,,,,,0.0,0.0,,,,,,
ballard_incivility,qwen3:30b-a3b-q4_K_M,1131,0.5990065000000868,11,,"{
  ""uncivil"": 0
}",,,,,,,,,,,,,,,,,,,0.0,0.0,,,,,,
ballard_incivility,qwen3:30b-a3b-q4_K_M,416,0.5941616249997423,11,,"{
  ""uncivil"": 1
}",,,,,,,,,,,,,,,,,,,1.0,1.0,,,,,,
ballard_incivility,qwen3:30b-a3b-q4_K_M,1289,0.587518541999998,11,,"{
  ""uncivil"": 0
}",,,,,,,,,,,,,,,,,,,0.0,0.0,,,,,,
ballard_incivility,qwen3:30b-a3b-q4_K_M,1598,0.6481156249997184,11,,"{
  ""uncivil"": 0
}",,,,,,,,,,,,,,,,,,,0.0,0.0,,,,,,
ballard_incivility,qwen3:30b-a3b-q4_K_M,625,0.6460002499998154,11,,"{
  ""uncivil"": 0
}",,,,,,,,,,,,,,,,,,,0.0,0.0,,,,,,
ballard_incivility,qwen3:30b-a3b-q4_K_M,1742,0.6023453749999135,11,,"{
  ""uncivil"": 0
}",,,,,,,,,,,,,,,,,,,0.0,0.0,,,,,,
ballard_incivility,qwen3:30b-a3b-q4_K_M,1848,0.6077202080000461,11,,"{
  ""uncivil"": 0
}",,,,,,,,,,,,,,,,,,,0.0,0.0,,,,,,
ballard_incivility,qwen3:30b-a3b-q4_K_M,1863,0.6200646249999409,11,,"{
  ""uncivil"": 0
}",,,,,,,,,,,,,,,,,,,0.0,0.0,,,,,,
ballard_incivility,qwen3:30b-a3b-q4_K_M,1690,0.5987728750001224,11,,"{
  ""uncivil"": 0
}",,,,,,,,,,,,,,,,,,,0.0,0.0,,,,,,
ballard_incivility,qwen3:30b-a3b-q4_K_M,1675,0.6024183750000702,11,,"{
  ""uncivil"": 0
}",,,,,,,,,,,,,,,,,,,0.0,0.0,,,,,,
ballard_incivility,qwen3:30b-a3b-q4_K_M,1603,0.5728908340001908,11,,"{
  ""uncivil"": 1
}",,,,,,,,,,,,,,,,,,,1.0,0.0,,,,,,
ballard_incivility,qwen3:30b-a3b-q4_K_M,413,0.6259329169997727,11,,"{
  ""uncivil"": 0
}",,,,,,,,,,,,,,,,,,,0.0,1.0,,,,,,
ballard_incivility,qwen3:30b-a3b-q4_K_M,606,0.6515997080000488,11,,"{
  ""uncivil"": 0
}",,,,,,,,,,,,,,,,,,,0.0,0.0,,,,,,
ballard_incivility,qwen3:30b-a3b-q4_K_M,264,0.5687739589998273,11,,"{
  ""uncivil"": 0
}",,,,,,,,,,,,,,,,,,,0.0,1.0,,,,,,
ballard_incivility,qwen3:30b-a3b-q4_K_M,294,0.6034264170002643,11,,"{
  ""uncivil"": 0
}",,,,,,,,,,,,,,,,,,,0.0,1.0,,,,,,
ballard_incivility,qwen3:30b-a3b-q4_K_M,378,0.6072262500001671,11,,"{
  ""uncivil"": 0
}",,,,,,,,,,,,,,,,,,,0.0,1.0,,,,,,
ballard_incivility,qwen3:30b-a3b-q4_K_M,402,0.6086214999995718,11,,"{
  ""uncivil"": 0
}",,,,,,,,,,,,,,,,,,,0.0,1.0,,,,,,
ballard_incivility,qwen3:30b-a3b-q4_K_M,2083,0.5913247090002187,11,,"{
  ""uncivil"": 0
}",,,,,,,,,,,,,,,,,,,0.0,0.0,,,,,,
ballard_incivility,qwen3:30b-a3b-q4_K_M,1013,0.6112501249999696,11,,"{
  ""uncivil"": 0
}",,,,,,,,,,,,,,,,,,,0.0,0.0,,,,,,
ballard_incivility,qwen3:30b-a3b-q4_K_M,2664,0.5644990000000689,11,,"{
  ""uncivil"": 0
}",,,,,,,,,,,,,,,,,,,0.0,0.0,,,,,,
ballard_incivility,qwen3:30b-a3b-q4_K_M,98,0.6433543749999444,11,,"{
  ""uncivil"": 0
}",,,,,,,,,,,,,,,,,,,0.0,0.0,,,,,,
ballard_incivility,qwen3:30b-a3b-q4_K_M,999,0.5864829170000121,11,,"{
  ""uncivil"": 0
}",,,,,,,,,,,,,,,,,,,0.0,0.0,,,,,,
ballard_incivility,qwen3:30b-a3b-q4_K_M,1814,0.6051741250003033,11,,"{
  ""uncivil"": 0
}",,,,,,,,,,,,,,,,,,,0.0,0.0,,,,,,
ballard_incivility,qwen3:30b-a3b-q4_K_M,609,0.5796183750003365,11,,"{
  ""uncivil"": 0
}",,,,,,,,,,,,,,,,,,,0.0,0.0,,,,,,
ballard_incivility,qwen3:30b-a3b-q4_K_M,2306,0.5909920000003694,11,,"{
  ""uncivil"": 0
}",,,,,,,,,,,,,,,,,,,0.0,0.0,,,,,,
ballard_incivility,qwen3:30b-a3b-q4_K_M,200,0.6039579580001373,11,,"{
  ""uncivil"": 0
}",,,,,,,,,,,,,,,,,,,0.0,0.0,,,,,,
ballard_incivility,qwen3:30b-a3b-q4_K_M,1875,0.6457197909999195,11,,"{
  ""uncivil"": 0
}",,,,,,,,,,,,,,,,,,,0.0,0.0,,,,,,
ballard_incivility,qwen3:30b-a3b-q4_K_M,1125,0.5757834169999114,11,,"{
  ""uncivil"": 0
}",,,,,,,,,,,,,,,,,,,0.0,0.0,,,,,,
ballard_incivility,qwen3:30b-a3b-q4_K_M,315,0.5729459170001974,11,,"{
  ""uncivil"": 0
}",,,,,,,,,,,,,,,,,,,0.0,1.0,,,,,,
ballard_incivility,qwen3:30b-a3b-q4_K_M,2674,0.5864271659997939,11,,"{
  ""uncivil"": 0
}",,,,,,,,,,,,,,,,,,,0.0,0.0,,,,,,
ballard_incivility,qwen3:30b-a3b-q4_K_M,803,0.5752587500001027,11,,"{
  ""uncivil"": 0
}",,,,,,,,,,,,,,,,,,,0.0,0.0,,,,,,
ballard_incivility,qwen3:30b-a3b-q4_K_M,2505,0.6040272919999552,11,,"{
  ""uncivil"": 0
}",,,,,,,,,,,,,,,,,,,0.0,0.0,,,,,,
ballard_incivility,qwen3:30b-a3b-q4_K_M,1107,0.634148666999863,11,,"{
  ""uncivil"": 0
}",,,,,,,,,,,,,,,,,,,0.0,0.0,,,,,,
ballard_incivility,qwen3:30b-a3b-q4_K_M,2595,0.6006673339998088,11,,"{
  ""uncivil"": 0
}",,,,,,,,,,,,,,,,,,,0.0,0.0,,,,,,
ballard_incivility,qwen3:30b-a3b-q4_K_M,1550,0.5802040829998987,11,,"{
  ""uncivil"": 0
}",,,,,,,,,,,,,,,,,,,0.0,0.0,,,,,,
ballard_incivility,qwen3:30b-a3b-q4_K_M,1296,0.586123416999726,11,,"{
  ""uncivil"": 0
}",,,,,,,,,,,,,,,,,,,0.0,0.0,,,,,,
ballard_incivility,qwen3:30b-a3b-q4_K_M,2110,0.6120168329998705,11,,"{
  ""uncivil"": 0
}",,,,,,,,,,,,,,,,,,,0.0,0.0,,,,,,
ballard_incivility,qwen3:30b-a3b-q4_K_M,749,0.6377440840001327,11,,"{
  ""uncivil"": 0
}",,,,,,,,,,,,,,,,,,,0.0,0.0,,,,,,
ballard_incivility,qwen3:30b-a3b-q4_K_M,2386,0.5897541250001268,11,,"{
  ""uncivil"": 0
}",,,,,,,,,,,,,,,,,,,0.0,0.0,,,,,,
ballard_incivility,qwen3:30b-a3b-q4_K_M,102,0.58757312500029,11,,"{
  ""uncivil"": 0
}",,,,,,,,,,,,,,,,,,,0.0,0.0,,,,,,
ballard_incivility,qwen3:30b-a3b-q4_K_M,2656,0.6708733750001556,11,,"{
  ""uncivil"": 0
}",,,,,,,,,,,,,,,,,,,0.0,0.0,,,,,,
ballard_incivility,qwen3:30b-a3b-q4_K_M,1792,0.5857906660003209,11,,"{
  ""uncivil"": 0
}",,,,,,,,,,,,,,,,,,,0.0,0.0,,,,,,
ballard_incivility,qwen3:30b-a3b-q4_K_M,1632,0.5968591250002646,11,,"{
  ""uncivil"": 0
}",,,,,,,,,,,,,,,,,,,0.0,0.0,,,,,,
ballard_incivility,qwen3:30b-a3b-q4_K_M,1367,0.6295008749998487,11,,"{
  ""uncivil"": 0
}",,,,,,,,,,,,,,,,,,,0.0,0.0,,,,,,
ballard_incivility,mistral-small:24b-instruct-2501-q4_K_M,537,6.335301667000294,11,,"```json
{""uncivil"":0}
```",,,,,,,,,,,,,,,,,,,0.0,0.0,,,,,,
ballard_incivility,mistral-small:24b-instruct-2501-q4_K_M,296,1.834576207999817,12,,"```json
{""uncivil"": 0}
```",,,,,,,,,,,,,,,,,,,0.0,1.0,,,,,,
ballard_incivility,mistral-small:24b-instruct-2501-q4_K_M,1401,1.485346917000243,12,,"```json
{""uncivil"": 0}
```",,,,,,,,,,,,,,,,,,,0.0,0.0,,,,,,
ballard_incivility,mistral-small:24b-instruct-2501-q4_K_M,240,2.2001390000000356,12,,"```json
{""uncivil"": 1}
```",,,,,,,,,,,,,,,,,,,1.0,1.0,,,,,,
ballard_incivility,mistral-small:24b-instruct-2501-q4_K_M,91,1.8374804579998456,12,,"```json
{""uncivil"": 0}
```",,,,,,,,,,,,,,,,,,,0.0,0.0,,,,,,
ballard_incivility,mistral-small:24b-instruct-2501-q4_K_M,2014,2.184286042000167,12,,"```json
{""uncivil"": 0}
```",,,,,,,,,,,,,,,,,,,0.0,0.0,,,,,,
ballard_incivility,mistral-small:24b-instruct-2501-q4_K_M,1131,1.830283917000088,12,,"```json
{""uncivil"": 0}
```",,,,,,,,,,,,,,,,,,,0.0,0.0,,,,,,
ballard_incivility,mistral-small:24b-instruct-2501-q4_K_M,416,1.8572421250000843,12,,"```json
{""uncivil"": 0}
```",,,,,,,,,,,,,,,,,,,0.0,1.0,,,,,,
ballard_incivility,mistral-small:24b-instruct-2501-q4_K_M,1289,1.8320227920003165,12,,"```json
{""uncivil"": 0}
```",,,,,,,,,,,,,,,,,,,0.0,0.0,,,,,,
ballard_incivility,mistral-small:24b-instruct-2501-q4_K_M,1598,2.186212749999868,12,,"```json
{""uncivil"": 0}
```",,,,,,,,,,,,,,,,,,,0.0,0.0,,,,,,
ballard_incivility,mistral-small:24b-instruct-2501-q4_K_M,625,1.8540541669999584,12,,"```json
{""uncivil"": 0}
```",,,,,,,,,,,,,,,,,,,0.0,0.0,,,,,,
ballard_incivility,mistral-small:24b-instruct-2501-q4_K_M,1742,1.8289008749998177,12,,"```json
{""uncivil"": 0}
```",,,,,,,,,,,,,,,,,,,0.0,0.0,,,,,,
ballard_incivility,mistral-small:24b-instruct-2501-q4_K_M,1848,1.8247765829996752,12,,"```json
{""uncivil"": 0}
```",,,,,,,,,,,,,,,,,,,0.0,0.0,,,,,,
ballard_incivility,mistral-small:24b-instruct-2501-q4_K_M,1863,1.7426968330000818,11,,"```json
{""uncivil"":0}
```",,,,,,,,,,,,,,,,,,,0.0,0.0,,,,,,
ballard_incivility,mistral-small:24b-instruct-2501-q4_K_M,1690,1.8330142080003495,12,,"```json
{""uncivil"": 0}
```",,,,,,,,,,,,,,,,,,,0.0,0.0,,,,,,
ballard_incivility,mistral-small:24b-instruct-2501-q4_K_M,1675,1.8325399160003144,12,,"```json
{""uncivil"": 0}
```",,,,,,,,,,,,,,,,,,,0.0,0.0,,,,,,
ballard_incivility,mistral-small:24b-instruct-2501-q4_K_M,1603,1.4877655000000232,12,,"```json
{""uncivil"": 1}
```",,,,,,,,,,,,,,,,,,,1.0,0.0,,,,,,
ballard_incivility,mistral-small:24b-instruct-2501-q4_K_M,413,1.8478999590001877,12,,"```json
{""uncivil"": 1}
```",,,,,,,,,,,,,,,,,,,1.0,1.0,,,,,,
ballard_incivility,mistral-small:24b-instruct-2501-q4_K_M,606,1.8396899580002355,12,,"```json
{""uncivil"": 1}
```",,,,,,,,,,,,,,,,,,,1.0,0.0,,,,,,
ballard_incivility,mistral-small:24b-instruct-2501-q4_K_M,264,1.4860890830000244,12,,"```json
{""uncivil"": 0}
```",,,,,,,,,,,,,,,,,,,0.0,1.0,,,,,,
ballard_incivility,mistral-small:24b-instruct-2501-q4_K_M,294,1.8420833330001187,12,,"```json
{""uncivil"": 0}
```",,,,,,,,,,,,,,,,,,,0.0,1.0,,,,,,
ballard_incivility,mistral-small:24b-instruct-2501-q4_K_M,378,1.8349617089997992,12,,"```json
{""uncivil"": 0}
```",,,,,,,,,,,,,,,,,,,0.0,1.0,,,,,,
ballard_incivility,mistral-small:24b-instruct-2501-q4_K_M,402,1.8314999169997463,12,,"```json
{""uncivil"": 0}
```",,,,,,,,,,,,,,,,,,,0.0,1.0,,,,,,
ballard_incivility,mistral-small:24b-instruct-2501-q4_K_M,2083,1.7425081670003235,11,,"```json
{""uncivil"":0}
```",,,,,,,,,,,,,,,,,,,0.0,0.0,,,,,,
ballard_incivility,mistral-small:24b-instruct-2501-q4_K_M,1013,1.8297923750001248,12,,"```json
{""uncivil"": 0}
```",,,,,,,,,,,,,,,,,,,0.0,0.0,,,,,,
ballard_incivility,mistral-small:24b-instruct-2501-q4_K_M,2664,1.486221624999871,12,,"```json
{""uncivil"": 0}
```",,,,,,,,,,,,,,,,,,,0.0,0.0,,,,,,
ballard_incivility,mistral-small:24b-instruct-2501-q4_K_M,98,1.8366908749999311,12,,"```json
{""uncivil"": 0}
```",,,,,,,,,,,,,,,,,,,0.0,0.0,,,,,,
ballard_incivility,mistral-small:24b-instruct-2501-q4_K_M,999,1.866883124999731,12,,"```json
{""uncivil"": 0}
```",,,,,,,,,,,,,,,,,,,0.0,0.0,,,,,,
ballard_incivility,mistral-small:24b-instruct-2501-q4_K_M,1814,1.4881603339999856,12,,"```json
{""uncivil"": 0}
```",,,,,,,,,,,,,,,,,,,0.0,0.0,,,,,,
ballard_incivility,mistral-small:24b-instruct-2501-q4_K_M,609,1.8293895409997276,12,,"```json
{""uncivil"": 0}
```",,,,,,,,,,,,,,,,,,,0.0,0.0,,,,,,
ballard_incivility,mistral-small:24b-instruct-2501-q4_K_M,2306,1.8454244579997976,12,,"```json
{""uncivil"": 0}
```",,,,,,,,,,,,,,,,,,,0.0,0.0,,,,,,
ballard_incivility,mistral-small:24b-instruct-2501-q4_K_M,200,1.832644000000073,12,,"```json
{""uncivil"": 0}
```",,,,,,,,,,,,,,,,,,,0.0,0.0,,,,,,
ballard_incivility,mistral-small:24b-instruct-2501-q4_K_M,1875,1.8432294589997584,12,,"```json
{""uncivil"": 0}
```",,,,,,,,,,,,,,,,,,,0.0,0.0,,,,,,
ballard_incivility,mistral-small:24b-instruct-2501-q4_K_M,1125,1.4860875829999711,12,,"```json
{""uncivil"": 0}
```",,,,,,,,,,,,,,,,,,,0.0,0.0,,,,,,
ballard_incivility,mistral-small:24b-instruct-2501-q4_K_M,315,1.490796957999919,12,,"```json
{""uncivil"": 0}
```",,,,,,,,,,,,,,,,,,,0.0,1.0,,,,,,
ballard_incivility,mistral-small:24b-instruct-2501-q4_K_M,2674,1.8292515000002825,12,,"```json
{""uncivil"": 0}
```",,,,,,,,,,,,,,,,,,,0.0,0.0,,,,,,
ballard_incivility,mistral-small:24b-instruct-2501-q4_K_M,803,1.4871651250000468,12,,"```json
{""uncivil"": 0}
```",,,,,,,,,,,,,,,,,,,0.0,0.0,,,,,,
ballard_incivility,mistral-small:24b-instruct-2501-q4_K_M,2505,1.8616259579998768,12,,"```json
{""uncivil"": 0}
```",,,,,,,,,,,,,,,,,,,0.0,0.0,,,,,,
ballard_incivility,mistral-small:24b-instruct-2501-q4_K_M,1107,1.835691666999992,12,,"```json
{""uncivil"": 1}
```",,,,,,,,,,,,,,,,,,,1.0,0.0,,,,,,
ballard_incivility,mistral-small:24b-instruct-2501-q4_K_M,2595,1.838888875000066,12,,"```json
{""uncivil"": 0}
```",,,,,,,,,,,,,,,,,,,0.0,0.0,,,,,,
ballard_incivility,mistral-small:24b-instruct-2501-q4_K_M,1550,1.498683708000044,12,,"```json
{""uncivil"": 0}
```",,,,,,,,,,,,,,,,,,,0.0,0.0,,,,,,
ballard_incivility,mistral-small:24b-instruct-2501-q4_K_M,1296,1.831977249999909,12,,"```json
{""uncivil"": 0}
```",,,,,,,,,,,,,,,,,,,0.0,0.0,,,,,,
ballard_incivility,mistral-small:24b-instruct-2501-q4_K_M,2110,1.8385352089999287,12,,"```json
{""uncivil"": 0}
```",,,,,,,,,,,,,,,,,,,0.0,0.0,,,,,,
ballard_incivility,mistral-small:24b-instruct-2501-q4_K_M,749,1.8467243340001005,12,,"```json
{""uncivil"": 0}
```",,,,,,,,,,,,,,,,,,,0.0,0.0,,,,,,
ballard_incivility,mistral-small:24b-instruct-2501-q4_K_M,2386,1.741998916999819,11,,"```json
{""uncivil"":0}
```",,,,,,,,,,,,,,,,,,,0.0,0.0,,,,,,
ballard_incivility,mistral-small:24b-instruct-2501-q4_K_M,102,1.8307739159999985,12,,"```json
{""uncivil"": 0}
```",,,,,,,,,,,,,,,,,,,0.0,0.0,,,,,,
ballard_incivility,mistral-small:24b-instruct-2501-q4_K_M,2656,2.187929707999956,12,,"```json
{""uncivil"": 0}
```",,,,,,,,,,,,,,,,,,,0.0,0.0,,,,,,
ballard_incivility,mistral-small:24b-instruct-2501-q4_K_M,1792,1.7474372090000545,11,,"```json
{""uncivil"":0}
```",,,,,,,,,,,,,,,,,,,0.0,0.0,,,,,,
ballard_incivility,mistral-small:24b-instruct-2501-q4_K_M,1632,1.486198792000323,12,,"```json
{""uncivil"": 0}
```",,,,,,,,,,,,,,,,,,,0.0,0.0,,,,,,
ballard_incivility,mistral-small:24b-instruct-2501-q4_K_M,1367,1.8473853749997031,12,,"```json
{""uncivil"": 0}
```",,,,,,,,,,,,,,,,,,,0.0,0.0,,,,,,
ballard_incivility,gpt-5.4-nano,537,1.0248655000000326,12,,"{""uncivil"":0}",,,,,,,,,,,,,,,,,,,0.0,0.0,,,,,,
ballard_incivility,gpt-5.4-nano,296,0.7010793340000419,12,,"{""uncivil"":0}",,,,,,,,,,,,,,,,,,,0.0,1.0,,,,,,
ballard_incivility,gpt-5.4-nano,1401,0.8711789579997458,12,,"{""uncivil"":0}",,,,,,,,,,,,,,,,,,,0.0,0.0,,,,,,
ballard_incivility,gpt-5.4-nano,240,0.869944416999715,12,,"{""uncivil"":1}",,,,,,,,,,,,,,,,,,,1.0,1.0,,,,,,
ballard_incivility,gpt-5.4-nano,91,0.9214877499998692,12,,"{""uncivil"":0}",,,,,,,,,,,,,,,,,,,0.0,0.0,,,,,,
ballard_incivility,gpt-5.4-nano,2014,0.6143826669999726,12,,"{""uncivil"":0}",,,,,,,,,,,,,,,,,,,0.0,0.0,,,,,,
ballard_incivility,gpt-5.4-nano,1131,0.825177708999945,12,,"{""uncivil"":0}",,,,,,,,,,,,,,,,,,,0.0,0.0,,,,,,
ballard_incivility,gpt-5.4-nano,416,0.9145485829999416,12,,"{""uncivil"":1}",,,,,,,,,,,,,,,,,,,1.0,1.0,,,,,,
ballard_incivility,gpt-5.4-nano,1289,1.1261950839998462,12,,"{""uncivil"":0}",,,,,,,,,,,,,,,,,,,0.0,0.0,,,,,,
ballard_incivility,gpt-5.4-nano,1598,0.9220817499999612,12,,"{""uncivil"":0}",,,,,,,,,,,,,,,,,,,0.0,0.0,,,,,,
ballard_incivility,gpt-5.4-nano,625,0.6450355830002081,12,,"{""uncivil"":0}",,,,,,,,,,,,,,,,,,,0.0,0.0,,,,,,
ballard_incivility,gpt-5.4-nano,1742,0.8603789160001725,12,,"{""uncivil"":0}",,,,,,,,,,,,,,,,,,,0.0,0.0,,,,,,
ballard_incivility,gpt-5.4-nano,1848,0.9218764999995984,12,,"{""uncivil"":0}",,,,,,,,,,,,,,,,,,,0.0,0.0,,,,,,
ballard_incivility,gpt-5.4-nano,1863,0.5356955419997576,12,,"{""uncivil"":0}",,,,,,,,,,,,,,,,,,,0.0,0.0,,,,,,
ballard_incivility,gpt-5.4-nano,1690,0.898331207999945,12,,"{""uncivil"":0}",,,,,,,,,,,,,,,,,,,0.0,0.0,,,,,,
ballard_incivility,gpt-5.4-nano,1675,0.6117707499997778,12,,"{""uncivil"":0}",,,,,,,,,,,,,,,,,,,0.0,0.0,,,,,,
ballard_incivility,gpt-5.4-nano,1603,0.614947999999913,12,,"{""uncivil"":0}",,,,,,,,,,,,,,,,,,,0.0,0.0,,,,,,
ballard_incivility,gpt-5.4-nano,413,0.6135027909999735,12,,"{""uncivil"":1}",,,,,,,,,,,,,,,,,,,1.0,1.0,,,,,,
ballard_incivility,gpt-5.4-nano,606,0.9567917079998552,12,,"{""uncivil"":1}",,,,,,,,,,,,,,,,,,,1.0,0.0,,,,,,
ballard_incivility,gpt-5.4-nano,264,0.8846219580000252,12,,"{""uncivil"":0}",,,,,,,,,,,,,,,,,,,0.0,1.0,,,,,,
ballard_incivility,gpt-5.4-nano,294,0.6895507090002866,12,,"{""uncivil"":0}",,,,,,,,,,,,,,,,,,,0.0,1.0,,,,,,
ballard_incivility,gpt-5.4-nano,378,0.6256514589999824,12,,"{""uncivil"":0}",,,,,,,,,,,,,,,,,,,0.0,1.0,,,,,,
ballard_incivility,gpt-5.4-nano,402,0.7069019169998683,12,,"{""uncivil"":0}",,,,,,,,,,,,,,,,,,,0.0,1.0,,,,,,
ballard_incivility,gpt-5.4-nano,2083,0.6160042090000388,12,,"{""uncivil"":0}",,,,,,,,,,,,,,,,,,,0.0,0.0,,,,,,
ballard_incivility,gpt-5.4-nano,1013,0.9193245840001508,12,,"{""uncivil"":0}",,,,,,,,,,,,,,,,,,,0.0,0.0,,,,,,
ballard_incivility,gpt-5.4-nano,2664,0.6140378330001113,12,,"{""uncivil"":0}",,,,,,,,,,,,,,,,,,,0.0,0.0,,,,,,
ballard_incivility,gpt-5.4-nano,98,0.7007506670001931,12,,"{""uncivil"":0}",,,,,,,,,,,,,,,,,,,0.0,0.0,,,,,,
ballard_incivility,gpt-5.4-nano,999,0.6283023329997377,12,,"{""uncivil"":0}",,,,,,,,,,,,,,,,,,,0.0,0.0,,,,,,
ballard_incivility,gpt-5.4-nano,1814,0.8195295829996212,12,,"{""uncivil"":0}",,,,,,,,,,,,,,,,,,,0.0,0.0,,,,,,
ballard_incivility,gpt-5.4-nano,609,0.8502963749997434,12,,"{""uncivil"":0}",,,,,,,,,,,,,,,,,,,0.0,0.0,,,,,,
ballard_incivility,gpt-5.4-nano,2306,0.7616624580000462,12,,"{""uncivil"":0}",,,,,,,,,,,,,,,,,,,0.0,0.0,,,,,,
ballard_incivility,gpt-5.4-nano,200,0.6128316250001262,12,,"{""uncivil"":0}",,,,,,,,,,,,,,,,,,,0.0,0.0,,,,,,
ballard_incivility,gpt-5.4-nano,1875,0.614989874999992,12,,"{""uncivil"":0}",,,,,,,,,,,,,,,,,,,0.0,0.0,,,,,,
ballard_incivility,gpt-5.4-nano,1125,0.7158648750000793,12,,"{""uncivil"":0}",,,,,,,,,,,,,,,,,,,0.0,0.0,,,,,,
ballard_incivility,gpt-5.4-nano,315,0.5256591249999474,12,,"{""uncivil"":0}",,,,,,,,,,,,,,,,,,,0.0,1.0,,,,,,
ballard_incivility,gpt-5.4-nano,2674,1.010035458999937,12,,"{""uncivil"":0}",,,,,,,,,,,,,,,,,,,0.0,0.0,,,,,,
ballard_incivility,gpt-5.4-nano,803,0.6145834580001974,12,,"{""uncivil"":0}",,,,,,,,,,,,,,,,,,,0.0,0.0,,,,,,
ballard_incivility,gpt-5.4-nano,2505,0.8185145829997964,12,,"{""uncivil"":0}",,,,,,,,,,,,,,,,,,,0.0,0.0,,,,,,
ballard_incivility,gpt-5.4-nano,1107,0.6147182499998962,12,,"{""uncivil"":0}",,,,,,,,,,,,,,,,,,,0.0,0.0,,,,,,
ballard_incivility,gpt-5.4-nano,2595,0.714937166999789,12,,"{""uncivil"":0}",,,,,,,,,,,,,,,,,,,0.0,0.0,,,,,,
ballard_incivility,gpt-5.4-nano,1550,0.5869262920000438,12,,"{""uncivil"":0}",,,,,,,,,,,,,,,,,,,0.0,0.0,,,,,,
ballard_incivility,gpt-5.4-nano,1296,0.6101814999997259,12,,"{""uncivil"":0}",,,,,,,,,,,,,,,,,,,0.0,0.0,,,,,,
ballard_incivility,gpt-5.4-nano,2110,0.7210997500001213,12,,"{""uncivil"":0}",,,,,,,,,,,,,,,,,,,0.0,0.0,,,,,,
ballard_incivility,gpt-5.4-nano,749,0.6135386250002739,12,,"{""uncivil"":0}",,,,,,,,,,,,,,,,,,,0.0,0.0,,,,,,
ballard_incivility,gpt-5.4-nano,2386,0.6137563749998662,12,,"{""uncivil"":0}",,,,,,,,,,,,,,,,,,,0.0,0.0,,,,,,
ballard_incivility,gpt-5.4-nano,102,0.6141813750000438,12,,"{""uncivil"":0}",,,,,,,,,,,,,,,,,,,0.0,0.0,,,,,,
ballard_incivility,gpt-5.4-nano,2656,0.7185040409999601,12,,"{""uncivil"":0}",,,,,,,,,,,,,,,,,,,0.0,0.0,,,,,,
ballard_incivility,gpt-5.4-nano,1792,0.9055785420000576,12,,"{""uncivil"":0}",,,,,,,,,,,,,,,,,,,0.0,0.0,,,,,,
ballard_incivility,gpt-5.4-nano,1632,0.8329850000000079,12,,"{""uncivil"":0}",,,,,,,,,,,,,,,,,,,0.0,0.0,,,,,,
ballard_incivility,gpt-5.4-nano,1367,0.5819827079999413,12,,"{""uncivil"":0}",,,,,,,,,,,,,,,,,,,0.0,0.0,,,,,,
gilardi_stance,gemma4:31b-it-q4_K_M,1343623780611092483,11.158558041000106,21,,"```json
{
  ""stance"": ""neutral""
}
```",,,,,,,,,,,,,,,,,,,,,neutral,neutral,,,,
gilardi_stance,gemma4:31b-it-q4_K_M,1370516266667106305,4.412815916,21,,"```json
{
  ""stance"": ""contra""
}
```",,,,,,,,,,,,,,,,,,,,,contra,neutral,,,,
gilardi_stance,gemma4:31b-it-q4_K_M,1218312930384584704,4.924486583000089,21,,"```json
{
  ""stance"": ""neutral""
}
```",,,,,,,,,,,,,,,,,,,,,neutral,contra,,,,
gilardi_stance,gemma4:31b-it-q4_K_M,1283910188739657729,4.859414583000216,21,,"```json
{
  ""stance"": ""contra""
}
```",,,,,,,,,,,,,,,,,,,,,contra,contra,,,,
gilardi_stance,gemma4:31b-it-q4_K_M,1336510003780337664,4.91146208300006,21,,"```json
{
  ""stance"": ""contra""
}
```",,,,,,,,,,,,,,,,,,,,,contra,contra,,,,
gilardi_stance,gemma4:31b-it-q4_K_M,1332421667650293760,5.05358516699971,21,,"```json
{
  ""stance"": ""contra""
}
```",,,,,,,,,,,,,,,,,,,,,contra,contra,,,,
gilardi_stance,gemma4:31b-it-q4_K_M,1344395078316408833,4.404746583999895,21,,"```json
{
  ""stance"": ""contra""
}
```",,,,,,,,,,,,,,,,,,,,,contra,contra,,,,
gilardi_stance,gemma4:31b-it-q4_K_M,1273104971458916352,5.0571905419997165,21,,"```json
{
  ""stance"": ""contra""
}
```",,,,,,,,,,,,,,,,,,,,,contra,neutral,,,,
gilardi_stance,gemma4:31b-it-q4_K_M,1313545683610337281,4.461179959000219,21,,"```json
{
  ""stance"": ""pro""
}
```",,,,,,,,,,,,,,,,,,,,,pro,contra,,,,
gilardi_stance,gemma4:31b-it-q4_K_M,1313529666704150533,4.9082423329996345,21,,"```json
{
  ""stance"": ""neutral""
}
```",,,,,,,,,,,,,,,,,,,,,neutral,neutral,,,,
gilardi_stance,gemma4:31b-it-q4_K_M,1330603404503216128,4.917092042000149,21,,"```json
{
  ""stance"": ""contra""
}
```",,,,,,,,,,,,,,,,,,,,,contra,contra,,,,
gilardi_stance,gemma4:31b-it-q4_K_M,1332323374547296262,4.971559457999774,21,,"```json
{
  ""stance"": ""contra""
}
```",,,,,,,,,,,,,,,,,,,,,contra,neutral,,,,
gilardi_stance,gemma4:31b-it-q4_K_M,1309461911868563458,4.792836082999656,21,,"```json
{
  ""stance"": ""neutral""
}
```",,,,,,,,,,,,,,,,,,,,,neutral,neutral,,,,
gilardi_stance,gemma4:31b-it-q4_K_M,1347768720056225794,3.762716707999971,16,,"```json
{""stance"": ""neutral""}
```",,,,,,,,,,,,,,,,,,,,,neutral,neutral,,,,
gilardi_stance,gemma4:31b-it-q4_K_M,1316722273764737029,5.285324459000094,21,,"```json
{
  ""stance"": ""contra""
}
```",,,,,,,,,,,,,,,,,,,,,contra,contra,,,,
gilardi_stance,gemma4:31b-it-q4_K_M,1344284579243421696,4.889748374999726,21,,"```json
{
  ""stance"": ""pro""
}
```",,,,,,,,,,,,,,,,,,,,,pro,neutral,,,,
gilardi_stance,gemma4:31b-it-q4_K_M,1308822691072352256,4.832166541000333,21,,"```json
{
  ""stance"": ""neutral""
}
```",,,,,,,,,,,,,,,,,,,,,neutral,neutral,,,,
gilardi_stance,gemma4:31b-it-q4_K_M,1379125192241332227,4.661427541999728,21,,"```json
{
  ""stance"": ""contra""
}
```",,,,,,,,,,,,,,,,,,,,,contra,contra,,,,
gilardi_stance,gemma4:31b-it-q4_K_M,1266296608519380992,4.898637207999855,21,,"```json
{
  ""stance"": ""pro""
}
```",,,,,,,,,,,,,,,,,,,,,pro,pro,,,,
gilardi_stance,gemma4:31b-it-q4_K_M,1344262563543056385,3.8556138750000177,16,,"```json
{""stance"": ""contra""}
```",,,,,,,,,,,,,,,,,,,,,contra,contra,,,,
gilardi_stance,gemma4:31b-it-q4_K_M,1316563353599438849,4.564003999999841,21,,"```json
{
  ""stance"": ""contra""
}
```",,,,,,,,,,,,,,,,,,,,,contra,contra,,,,
gilardi_stance,gemma4:31b-it-q4_K_M,1317584396577329153,4.660521083999356,21,,"```json
{
  ""stance"": ""contra""
}
```",,,,,,,,,,,,,,,,,,,,,contra,contra,,,,
gilardi_stance,gemma4:31b-it-q4_K_M,1332377521107636225,5.155212499999834,21,,"```json
{
  ""stance"": ""contra""
}
```",,,,,,,,,,,,,,,,,,,,,contra,neutral,,,,
gilardi_stance,gemma4:31b-it-q4_K_M,1321588410423955456,4.900950125000236,21,,"```json
{
  ""stance"": ""contra""
}
```",,,,,,,,,,,,,,,,,,,,,contra,neutral,,,,
gilardi_stance,gemma4:31b-it-q4_K_M,1265751708094869504,5.460680582999885,21,,"```json
{
  ""stance"": ""contra""
}
```",,,,,,,,,,,,,,,,,,,,,contra,contra,,,,
gilardi_stance,gemma4:31b-it-q4_K_M,1316560371440787456,5.74122908299978,21,,"```json
{
  ""stance"": ""contra""
}
```",,,,,,,,,,,,,,,,,,,,,contra,contra,,,,
gilardi_stance,gemma4:31b-it-q4_K_M,1344313209390391296,5.634822458000599,21,,"```json
{
  ""stance"": ""contra""
}
```",,,,,,,,,,,,,,,,,,,,,contra,neutral,,,,
gilardi_stance,gemma4:31b-it-q4_K_M,1341947449271873537,4.463634207999348,21,,"```json
{
  ""stance"": ""contra""
}
```",,,,,,,,,,,,,,,,,,,,,contra,contra,,,,
gilardi_stance,gemma4:31b-it-q4_K_M,1266068348565164032,4.552830624999842,21,,"```json
{
  ""stance"": ""pro""
}
```",,,,,,,,,,,,,,,,,,,,,pro,neutral,,,,
gilardi_stance,gemma4:31b-it-q4_K_M,1347239716383502338,4.396081750000121,21,,"```json
{
  ""stance"": ""contra""
}
```",,,,,,,,,,,,,,,,,,,,,contra,contra,,,,
gilardi_stance,gemma4:31b-it-q4_K_M,1316798511783055360,4.419434040999477,21,,"```json
{
  ""stance"": ""contra""
}
```",,,,,,,,,,,,,,,,,,,,,contra,contra,,,,
gilardi_stance,gemma4:31b-it-q4_K_M,1283572068030742530,4.50005045800026,21,,"```json
{
  ""stance"": ""contra""
}
```",,,,,,,,,,,,,,,,,,,,,contra,contra,,,,
gilardi_stance,gemma4:31b-it-q4_K_M,1308828095193911297,4.369345707999855,21,,"```json
{
  ""stance"": ""neutral""
}
```",,,,,,,,,,,,,,,,,,,,,neutral,neutral,,,,
gilardi_stance,gemma4:31b-it-q4_K_M,1347711558474899458,4.426731249999648,21,,"```json
{
  ""stance"": ""contra""
}
```",,,,,,,,,,,,,,,,,,,,,contra,contra,,,,
gilardi_stance,gemma4:31b-it-q4_K_M,1342359232402767872,5.395391957999891,21,,"```json
{
  ""stance"": ""contra""
}
```",,,,,,,,,,,,,,,,,,,,,contra,contra,,,,
gilardi_stance,gemma4:31b-it-q4_K_M,1347310826647138304,4.414126125000621,21,,"```json
{
  ""stance"": ""contra""
}
```",,,,,,,,,,,,,,,,,,,,,contra,neutral,,,,
gilardi_stance,gemma4:31b-it-q4_K_M,1343392747386974208,4.401573709000331,21,,"```json
{
  ""stance"": ""pro""
}
```",,,,,,,,,,,,,,,,,,,,,pro,neutral,,,,
gilardi_stance,gemma4:31b-it-q4_K_M,1316519941944815618,4.416181083000083,21,,"```json
{
  ""stance"": ""contra""
}
```",,,,,,,,,,,,,,,,,,,,,contra,neutral,,,,
gilardi_stance,gemma4:31b-it-q4_K_M,1273344734493376515,4.482812332999856,21,,"```json
{
  ""stance"": ""contra""
}
```",,,,,,,,,,,,,,,,,,,,,contra,contra,,,,
gilardi_stance,gemma4:31b-it-q4_K_M,1334126412656218113,4.774216208000325,21,,"```json
{
  ""stance"": ""contra""
}
```",,,,,,,,,,,,,,,,,,,,,contra,contra,,,,
gilardi_stance,gemma4:31b-it-q4_K_M,1347788937096556544,5.33465545800027,21,,"```json
{
  ""stance"": ""pro""
}
```",,,,,,,,,,,,,,,,,,,,,pro,neutral,,,,
gilardi_stance,gemma4:31b-it-q4_K_M,1288554042780721152,4.806759125000099,21,,"```json
{
  ""stance"": ""contra""
}
```",,,,,,,,,,,,,,,,,,,,,contra,contra,,,,
gilardi_stance,gemma4:31b-it-q4_K_M,1266019833403097088,4.705410999999913,21,,"```json
{
  ""stance"": ""pro""
}
```",,,,,,,,,,,,,,,,,,,,,pro,neutral,,,,
gilardi_stance,gemma4:31b-it-q4_K_M,1266183650124525570,4.344831166999938,16,,"```json
{""stance"": ""neutral""}
```",,,,,,,,,,,,,,,,,,,,,neutral,neutral,,,,
gilardi_stance,gemma4:31b-it-q4_K_M,1335068893929500672,3.633330499999829,16,,"```json
{""stance"": ""contra""}
```",,,,,,,,,,,,,,,,,,,,,contra,contra,,,,
gilardi_stance,gemma4:31b-it-q4_K_M,1333732951620665344,4.916649207999399,21,,"```json
{
  ""stance"": ""contra""
}
```",,,,,,,,,,,,,,,,,,,,,contra,contra,,,,
gilardi_stance,gemma4:31b-it-q4_K_M,1237444740615933955,4.445077583999591,21,,"```json
{
  ""stance"": ""contra""
}
```",,,,,,,,,,,,,,,,,,,,,contra,neutral,,,,
gilardi_stance,gemma4:31b-it-q4_K_M,1346763207344599041,4.867631166999672,21,,"```json
{
  ""stance"": ""pro""
}
```",,,,,,,,,,,,,,,,,,,,,pro,pro,,,,
gilardi_stance,gemma4:31b-it-q4_K_M,1266461812200964098,4.415679542000362,21,,"```json
{
  ""stance"": ""pro""
}
```",,,,,,,,,,,,,,,,,,,,,pro,neutral,,,,
gilardi_stance,gemma4:31b-it-q4_K_M,1334356579563474945,4.932837291999931,21,,"```json
{
  ""stance"": ""pro""
}
```",,,,,,,,,,,,,,,,,,,,,pro,neutral,,,,
gilardi_stance,qwen3:14b-q4_K_M,1343623780611092483,3.648058125000716,14,,"```json
{
  ""stance"": ""neutral""
}
```",,,,,,,,,,,,,,,,,,,,,neutral,neutral,,,,
gilardi_stance,qwen3:14b-q4_K_M,1370516266667106305,1.3281465840000235,14,,"```json
{
  ""stance"": ""contra""
}
```",,,,,,,,,,,,,,,,,,,,,contra,neutral,,,,
gilardi_stance,qwen3:14b-q4_K_M,1218312930384584704,1.1038807499999166,7,,"{""stance"": ""contra""}",,,,,,,,,,,,,,,,,,,,,contra,contra,,,,
gilardi_stance,qwen3:14b-q4_K_M,1283910188739657729,1.2911809580000408,10,,"{
  ""stance"": ""contra""
}",,,,,,,,,,,,,,,,,,,,,contra,contra,,,,
gilardi_stance,qwen3:14b-q4_K_M,1336510003780337664,1.107722458000353,7,,"{""stance"": ""contra""}",,,,,,,,,,,,,,,,,,,,,contra,contra,,,,
gilardi_stance,qwen3:14b-q4_K_M,1332421667650293760,1.29235591700035,10,,"{
  ""stance"": ""contra""
}",,,,,,,,,,,,,,,,,,,,,contra,contra,,,,
gilardi_stance,qwen3:14b-q4_K_M,1344395078316408833,0.9009477920008068,7,,"{""stance"": ""contra""}",,,,,,,,,,,,,,,,,,,,,contra,contra,,,,
gilardi_stance,qwen3:14b-q4_K_M,1273104971458916352,1.2977011670000138,10,,"{
  ""stance"": ""contra""
}",,,,,,,,,,,,,,,,,,,,,contra,neutral,,,,
gilardi_stance,qwen3:14b-q4_K_M,1313545683610337281,1.2853934169997956,10,,"{
  ""stance"": ""contra""
}",,,,,,,,,,,,,,,,,,,,,contra,contra,,,,
gilardi_stance,qwen3:14b-q4_K_M,1313529666704150533,1.5353481669999385,14,,"```json
{
  ""stance"": ""neutral""
}
```",,,,,,,,,,,,,,,,,,,,,neutral,neutral,,,,
gilardi_stance,qwen3:14b-q4_K_M,1330603404503216128,1.2830087499996807,10,,"{
  ""stance"": ""contra""
}",,,,,,,,,,,,,,,,,,,,,contra,contra,,,,
gilardi_stance,qwen3:14b-q4_K_M,1332323374547296262,1.283809458000178,10,,"{
  ""stance"": ""contra""
}",,,,,,,,,,,,,,,,,,,,,contra,neutral,,,,
gilardi_stance,qwen3:14b-q4_K_M,1309461911868563458,1.3232685419998234,14,,"```json
{
  ""stance"": ""neutral""
}
```",,,,,,,,,,,,,,,,,,,,,neutral,neutral,,,,
gilardi_stance,qwen3:14b-q4_K_M,1347768720056225794,1.321210125000107,14,,"```json
{
  ""stance"": ""neutral""
}
```",,,,,,,,,,,,,,,,,,,,,neutral,neutral,,,,
gilardi_stance,qwen3:14b-q4_K_M,1316722273764737029,1.2881913339997482,10,,"{
  ""stance"": ""contra""
}",,,,,,,,,,,,,,,,,,,,,contra,contra,,,,
gilardi_stance,qwen3:14b-q4_K_M,1344284579243421696,1.1017690419994324,7,,"{""stance"": ""contra""}",,,,,,,,,,,,,,,,,,,,,contra,neutral,,,,
gilardi_stance,qwen3:14b-q4_K_M,1308822691072352256,1.3264191669995853,14,,"```json
{
  ""stance"": ""neutral""
}
```",,,,,,,,,,,,,,,,,,,,,neutral,neutral,,,,
gilardi_stance,qwen3:14b-q4_K_M,1379125192241332227,1.330715582999801,14,,"```json
{
  ""stance"": ""contra""
}
```",,,,,,,,,,,,,,,,,,,,,contra,contra,,,,
gilardi_stance,qwen3:14b-q4_K_M,1266296608519380992,1.2859332499992888,10,,"{
  ""stance"": ""pro""
}",,,,,,,,,,,,,,,,,,,,,pro,pro,,,,
gilardi_stance,qwen3:14b-q4_K_M,1344262563543056385,1.3238838750003197,14,,"```json
{
  ""stance"": ""contra""
}
```",,,,,,,,,,,,,,,,,,,,,contra,contra,,,,
gilardi_stance,qwen3:14b-q4_K_M,1316563353599438849,0.8834897079996153,7,,"{""stance"": ""contra""}",,,,,,,,,,,,,,,,,,,,,contra,contra,,,,
gilardi_stance,qwen3:14b-q4_K_M,1317584396577329153,0.8932190420000552,7,,"{""stance"": ""contra""}",,,,,,,,,,,,,,,,,,,,,contra,contra,,,,
gilardi_stance,qwen3:14b-q4_K_M,1332377521107636225,1.2956510829999388,10,,"{
  ""stance"": ""contra""
}",,,,,,,,,,,,,,,,,,,,,contra,neutral,,,,
gilardi_stance,qwen3:14b-q4_K_M,1321588410423955456,1.2838612499999726,10,,"{
  ""stance"": ""contra""
}",,,,,,,,,,,,,,,,,,,,,contra,neutral,,,,
gilardi_stance,qwen3:14b-q4_K_M,1265751708094869504,1.101284833000136,7,,"{""stance"": ""contra""}",,,,,,,,,,,,,,,,,,,,,contra,contra,,,,
gilardi_stance,qwen3:14b-q4_K_M,1316560371440787456,1.2902430829999505,10,,"{
  ""stance"": ""contra""
}",,,,,,,,,,,,,,,,,,,,,contra,contra,,,,
gilardi_stance,qwen3:14b-q4_K_M,1344313209390391296,1.2946243750002395,10,,"{
  ""stance"": ""neutral""
}",,,,,,,,,,,,,,,,,,,,,neutral,neutral,,,,
gilardi_stance,qwen3:14b-q4_K_M,1341947449271873537,1.107670042000791,7,,"{""stance"": ""contra""}",,,,,,,,,,,,,,,,,,,,,contra,contra,,,,
gilardi_stance,qwen3:14b-q4_K_M,1266068348565164032,1.0828135830006431,10,,"{
  ""stance"": ""contra""
}",,,,,,,,,,,,,,,,,,,,,contra,neutral,,,,
gilardi_stance,qwen3:14b-q4_K_M,1347239716383502338,1.0856825000000754,10,,"{
  ""stance"": ""contra""
}",,,,,,,,,,,,,,,,,,,,,contra,contra,,,,
gilardi_stance,qwen3:14b-q4_K_M,1316798511783055360,0.8936219170000186,7,,"{""stance"": ""contra""}",,,,,,,,,,,,,,,,,,,,,contra,contra,,,,
gilardi_stance,qwen3:14b-q4_K_M,1283572068030742530,1.28499204200034,10,,"{
  ""stance"": ""contra""
}",,,,,,,,,,,,,,,,,,,,,contra,contra,,,,
gilardi_stance,qwen3:14b-q4_K_M,1308828095193911297,1.318806790999588,14,,"```json
{
  ""stance"": ""neutral""
}
```",,,,,,,,,,,,,,,,,,,,,neutral,neutral,,,,
gilardi_stance,qwen3:14b-q4_K_M,1347711558474899458,1.331207541999902,14,,"```json
{
  ""stance"": ""contra""
}
```",,,,,,,,,,,,,,,,,,,,,contra,contra,,,,
gilardi_stance,qwen3:14b-q4_K_M,1342359232402767872,1.3206212909999522,7,,"{""stance"": ""contra""}",,,,,,,,,,,,,,,,,,,,,contra,contra,,,,
gilardi_stance,qwen3:14b-q4_K_M,1347310826647138304,1.2915316250000617,10,,"{
  ""stance"": ""contra""
}",,,,,,,,,,,,,,,,,,,,,contra,neutral,,,,
gilardi_stance,qwen3:14b-q4_K_M,1343392747386974208,1.324502666000626,14,,"```json
{
  ""stance"": ""contra""
}
```",,,,,,,,,,,,,,,,,,,,,contra,neutral,,,,
gilardi_stance,qwen3:14b-q4_K_M,1316519941944815618,1.3359220419997655,14,,"```json
{
  ""stance"": ""contra""
}
```",,,,,,,,,,,,,,,,,,,,,contra,neutral,,,,
gilardi_stance,qwen3:14b-q4_K_M,1273344734493376515,0.9012105000001612,7,,"{""stance"": ""contra""}",,,,,,,,,,,,,,,,,,,,,contra,contra,,,,
gilardi_stance,qwen3:14b-q4_K_M,1334126412656218113,0.8992672079994009,7,,"{""stance"": ""contra""}",,,,,,,,,,,,,,,,,,,,,contra,contra,,,,
gilardi_stance,qwen3:14b-q4_K_M,1347788937096556544,1.3141344169998774,14,,"```json
{
  ""stance"": ""contra""
}
```",,,,,,,,,,,,,,,,,,,,,contra,neutral,,,,
gilardi_stance,qwen3:14b-q4_K_M,1288554042780721152,0.9004903330005618,7,,"{""stance"": ""contra""}",,,,,,,,,,,,,,,,,,,,,contra,contra,,,,
gilardi_stance,qwen3:14b-q4_K_M,1266019833403097088,1.0745509160005895,10,,"{
  ""stance"": ""contra""
}",,,,,,,,,,,,,,,,,,,,,contra,neutral,,,,
gilardi_stance,qwen3:14b-q4_K_M,1266183650124525570,1.1082667089995084,7,,"{""stance"": ""contra""}",,,,,,,,,,,,,,,,,,,,,contra,neutral,,,,
gilardi_stance,qwen3:14b-q4_K_M,1335068893929500672,1.331405834000179,14,,"```json
{
  ""stance"": ""neutral""
}
```",,,,,,,,,,,,,,,,,,,,,neutral,contra,,,,
gilardi_stance,qwen3:14b-q4_K_M,1333732951620665344,1.2929902910000235,10,,"{
  ""stance"": ""contra""
}",,,,,,,,,,,,,,,,,,,,,contra,contra,,,,
gilardi_stance,qwen3:14b-q4_K_M,1237444740615933955,0.8932699160004631,7,,"{""stance"": ""contra""}",,,,,,,,,,,,,,,,,,,,,contra,neutral,,,,
gilardi_stance,qwen3:14b-q4_K_M,1346763207344599041,1.1181103330000042,7,,"{""stance"": ""pro""}",,,,,,,,,,,,,,,,,,,,,pro,pro,,,,
gilardi_stance,qwen3:14b-q4_K_M,1266461812200964098,0.8925783750000846,7,,"{""stance"": ""contra""}",,,,,,,,,,,,,,,,,,,,,contra,neutral,,,,
gilardi_stance,qwen3:14b-q4_K_M,1334356579563474945,1.2897367080004187,10,,"{
  ""stance"": ""neutral""
}",,,,,,,,,,,,,,,,,,,,,neutral,neutral,,,,
gilardi_stance,qwen3:30b-a3b-q4_K_M,1343623780611092483,1.1697436249996829,10,,"{
  ""stance"": ""neutral""
}",,,,,,,,,,,,,,,,,,,,,neutral,neutral,,,,
gilardi_stance,qwen3:30b-a3b-q4_K_M,1370516266667106305,0.55974950000018,10,,"{
  ""stance"": ""contra""
}",,,,,,,,,,,,,,,,,,,,,contra,neutral,,,,
gilardi_stance,qwen3:30b-a3b-q4_K_M,1218312930384584704,0.6265967499994076,10,,"{
  ""stance"": ""contra""
}",,,,,,,,,,,,,,,,,,,,,contra,contra,,,,
gilardi_stance,qwen3:30b-a3b-q4_K_M,1283910188739657729,0.6139500000008411,10,,"{
  ""stance"": ""contra""
}",,,,,,,,,,,,,,,,,,,,,contra,contra,,,,
gilardi_stance,qwen3:30b-a3b-q4_K_M,1336510003780337664,0.6056989580001755,10,,"{
  ""stance"": ""contra""
}",,,,,,,,,,,,,,,,,,,,,contra,contra,,,,
gilardi_stance,qwen3:30b-a3b-q4_K_M,1332421667650293760,0.6234886249994815,10,,"{
  ""stance"": ""contra""
}",,,,,,,,,,,,,,,,,,,,,contra,contra,,,,
gilardi_stance,qwen3:30b-a3b-q4_K_M,1344395078316408833,0.6005639170007271,10,,"{
  ""stance"": ""contra""
}",,,,,,,,,,,,,,,,,,,,,contra,contra,,,,
gilardi_stance,qwen3:30b-a3b-q4_K_M,1273104971458916352,0.6371689159996095,10,,"{
  ""stance"": ""contra""
}",,,,,,,,,,,,,,,,,,,,,contra,neutral,,,,
gilardi_stance,qwen3:30b-a3b-q4_K_M,1313545683610337281,0.6104910829999426,10,,"{
  ""stance"": ""contra""
}",,,,,,,,,,,,,,,,,,,,,contra,contra,,,,
gilardi_stance,qwen3:30b-a3b-q4_K_M,1313529666704150533,0.6216801659993507,10,,"{
  ""stance"": ""contra""
}",,,,,,,,,,,,,,,,,,,,,contra,neutral,,,,
gilardi_stance,qwen3:30b-a3b-q4_K_M,1330603404503216128,0.6311043329997119,10,,"{
  ""stance"": ""contra""
}",,,,,,,,,,,,,,,,,,,,,contra,contra,,,,
gilardi_stance,qwen3:30b-a3b-q4_K_M,1332323374547296262,0.6375218330003918,10,,"{
  ""stance"": ""contra""
}",,,,,,,,,,,,,,,,,,,,,contra,neutral,,,,
gilardi_stance,qwen3:30b-a3b-q4_K_M,1309461911868563458,0.577445083999919,10,,"{
  ""stance"": ""contra""
}",,,,,,,,,,,,,,,,,,,,,contra,neutral,,,,
gilardi_stance,qwen3:30b-a3b-q4_K_M,1347768720056225794,0.5845047499997236,10,,"{
  ""stance"": ""contra""
}",,,,,,,,,,,,,,,,,,,,,contra,neutral,,,,
gilardi_stance,qwen3:30b-a3b-q4_K_M,1316722273764737029,0.6466935829994327,10,,"{
  ""stance"": ""contra""
}",,,,,,,,,,,,,,,,,,,,,contra,contra,,,,
gilardi_stance,qwen3:30b-a3b-q4_K_M,1344284579243421696,0.6225516670001525,10,,"{
  ""stance"": ""contra""
}",,,,,,,,,,,,,,,,,,,,,contra,neutral,,,,
gilardi_stance,qwen3:30b-a3b-q4_K_M,1308822691072352256,0.5762411249997967,10,,"{
  ""stance"": ""neutral""
}",,,,,,,,,,,,,,,,,,,,,neutral,neutral,,,,
gilardi_stance,qwen3:30b-a3b-q4_K_M,1379125192241332227,0.5646410839999589,10,,"{
  ""stance"": ""contra""
}",,,,,,,,,,,,,,,,,,,,,contra,contra,,,,
gilardi_stance,qwen3:30b-a3b-q4_K_M,1266296608519380992,0.6123899999993228,10,,"{
  ""stance"": ""contra""
}",,,,,,,,,,,,,,,,,,,,,contra,pro,,,,
gilardi_stance,qwen3:30b-a3b-q4_K_M,1344262563543056385,0.570219791999989,10,,"{
  ""stance"": ""contra""
}",,,,,,,,,,,,,,,,,,,,,contra,contra,,,,
gilardi_stance,qwen3:30b-a3b-q4_K_M,1316563353599438849,0.5964860829999452,10,,"{
  ""stance"": ""contra""
}",,,,,,,,,,,,,,,,,,,,,contra,contra,,,,
gilardi_stance,qwen3:30b-a3b-q4_K_M,1317584396577329153,0.5707832909993158,10,,"{
  ""stance"": ""contra""
}",,,,,,,,,,,,,,,,,,,,,contra,contra,,,,
gilardi_stance,qwen3:30b-a3b-q4_K_M,1332377521107636225,0.6208625829995071,10,,"{
  ""stance"": ""contra""
}",,,,,,,,,,,,,,,,,,,,,contra,neutral,,,,
gilardi_stance,qwen3:30b-a3b-q4_K_M,1321588410423955456,0.6283570830000826,10,,"{
  ""stance"": ""contra""
}",,,,,,,,,,,,,,,,,,,,,contra,neutral,,,,
gilardi_stance,qwen3:30b-a3b-q4_K_M,1265751708094869504,0.6287061249995531,10,,"{
  ""stance"": ""contra""
}",,,,,,,,,,,,,,,,,,,,,contra,contra,,,,
gilardi_stance,qwen3:30b-a3b-q4_K_M,1316560371440787456,0.6319231669995133,10,,"{
  ""stance"": ""contra""
}",,,,,,,,,,,,,,,,,,,,,contra,contra,,,,
gilardi_stance,qwen3:30b-a3b-q4_K_M,1344313209390391296,0.6680794590001824,10,,"{
  ""stance"": ""neutral""
}",,,,,,,,,,,,,,,,,,,,,neutral,neutral,,,,
gilardi_stance,qwen3:30b-a3b-q4_K_M,1341947449271873537,0.6208083329993315,10,,"{
  ""stance"": ""contra""
}",,,,,,,,,,,,,,,,,,,,,contra,contra,,,,
gilardi_stance,qwen3:30b-a3b-q4_K_M,1266068348565164032,0.5903251669997189,10,,"{
  ""stance"": ""contra""
}",,,,,,,,,,,,,,,,,,,,,contra,neutral,,,,
gilardi_stance,qwen3:30b-a3b-q4_K_M,1347239716383502338,0.5956558339994444,10,,"{
  ""stance"": ""contra""
}",,,,,,,,,,,,,,,,,,,,,contra,contra,,,,
gilardi_stance,qwen3:30b-a3b-q4_K_M,1316798511783055360,0.5314309590003177,7,,"{""stance"": ""contra""}",,,,,,,,,,,,,,,,,,,,,contra,contra,,,,
gilardi_stance,qwen3:30b-a3b-q4_K_M,1283572068030742530,0.6146228329998848,10,,"{
  ""stance"": ""contra""
}",,,,,,,,,,,,,,,,,,,,,contra,contra,,,,
gilardi_stance,qwen3:30b-a3b-q4_K_M,1308828095193911297,0.5738435000002937,10,,"{
  ""stance"": ""neutral""
}",,,,,,,,,,,,,,,,,,,,,neutral,neutral,,,,
gilardi_stance,qwen3:30b-a3b-q4_K_M,1347711558474899458,0.5825531249993219,10,,"{
  ""stance"": ""contra""
}",,,,,,,,,,,,,,,,,,,,,contra,contra,,,,
gilardi_stance,qwen3:30b-a3b-q4_K_M,1342359232402767872,0.6685778749997553,10,,"{
  ""stance"": ""contra""
}",,,,,,,,,,,,,,,,,,,,,contra,contra,,,,
gilardi_stance,qwen3:30b-a3b-q4_K_M,1347310826647138304,0.6025708750003105,10,,"{
  ""stance"": ""neutral""
}",,,,,,,,,,,,,,,,,,,,,neutral,neutral,,,,
gilardi_stance,qwen3:30b-a3b-q4_K_M,1343392747386974208,0.5921968749998996,10,,"{
  ""stance"": ""contra""
}",,,,,,,,,,,,,,,,,,,,,contra,neutral,,,,
gilardi_stance,qwen3:30b-a3b-q4_K_M,1316519941944815618,0.5801088340003844,10,,"{
  ""stance"": ""contra""
}",,,,,,,,,,,,,,,,,,,,,contra,neutral,,,,
gilardi_stance,qwen3:30b-a3b-q4_K_M,1273344734493376515,0.5966255000003002,10,,"{
  ""stance"": ""contra""
}",,,,,,,,,,,,,,,,,,,,,contra,contra,,,,
gilardi_stance,qwen3:30b-a3b-q4_K_M,1334126412656218113,0.5229154160006146,7,,"{""stance"": ""contra""}",,,,,,,,,,,,,,,,,,,,,contra,contra,,,,
gilardi_stance,qwen3:30b-a3b-q4_K_M,1347788937096556544,0.5644181250008842,10,,"{
  ""stance"": ""contra""
}",,,,,,,,,,,,,,,,,,,,,contra,neutral,,,,
gilardi_stance,qwen3:30b-a3b-q4_K_M,1288554042780721152,0.5287695410006563,7,,"{""stance"": ""contra""}",,,,,,,,,,,,,,,,,,,,,contra,contra,,,,
gilardi_stance,qwen3:30b-a3b-q4_K_M,1266019833403097088,0.5908673750000162,10,,"{
  ""stance"": ""contra""
}",,,,,,,,,,,,,,,,,,,,,contra,neutral,,,,
gilardi_stance,qwen3:30b-a3b-q4_K_M,1266183650124525570,0.6399248329998954,10,,"{
  ""stance"": ""contra""
}",,,,,,,,,,,,,,,,,,,,,contra,neutral,,,,
gilardi_stance,qwen3:30b-a3b-q4_K_M,1335068893929500672,0.6039083340001525,10,,"{
  ""stance"": ""contra""
}",,,,,,,,,,,,,,,,,,,,,contra,contra,,,,
gilardi_stance,qwen3:30b-a3b-q4_K_M,1333732951620665344,0.6394519579998814,10,,"{
  ""stance"": ""contra""
}",,,,,,,,,,,,,,,,,,,,,contra,contra,,,,
gilardi_stance,qwen3:30b-a3b-q4_K_M,1237444740615933955,0.6167225409999446,10,,"{
  ""stance"": ""contra""
}",,,,,,,,,,,,,,,,,,,,,contra,neutral,,,,
gilardi_stance,qwen3:30b-a3b-q4_K_M,1346763207344599041,0.6286973340002078,10,,"{
  ""stance"": ""pro""
}",,,,,,,,,,,,,,,,,,,,,pro,pro,,,,
gilardi_stance,qwen3:30b-a3b-q4_K_M,1266461812200964098,0.5913073750007243,10,,"{
  ""stance"": ""contra""
}",,,,,,,,,,,,,,,,,,,,,contra,neutral,,,,
gilardi_stance,qwen3:30b-a3b-q4_K_M,1334356579563474945,0.6513030830001298,10,,"{
  ""stance"": ""neutral""
}",,,,,,,,,,,,,,,,,,,,,neutral,neutral,,,,
gilardi_stance,mistral-small:24b-instruct-2501-q4_K_M,1343623780611092483,5.633537333999811,11,,"```json
{""stance"": ""neutral""}
```",,,,,,,,,,,,,,,,,,,,,neutral,neutral,,,,
gilardi_stance,mistral-small:24b-instruct-2501-q4_K_M,1370516266667106305,1.4038463750002848,11,,"```json
{""stance"": ""contra""}
```",,,,,,,,,,,,,,,,,,,,,contra,neutral,,,,
gilardi_stance,mistral-small:24b-instruct-2501-q4_K_M,1218312930384584704,2.0195033330001024,14,,"```json
{
  ""stance"": ""contra""
}
```",,,,,,,,,,,,,,,,,,,,,contra,contra,,,,
gilardi_stance,mistral-small:24b-instruct-2501-q4_K_M,1283910188739657729,2.021394291999968,14,,"```json
{
  ""stance"": ""contra""
}
```",,,,,,,,,,,,,,,,,,,,,contra,contra,,,,
gilardi_stance,mistral-small:24b-instruct-2501-q4_K_M,1336510003780337664,2.3649181660002796,14,,"```json
{
  ""stance"": ""contra""
}
```",,,,,,,,,,,,,,,,,,,,,contra,contra,,,,
gilardi_stance,mistral-small:24b-instruct-2501-q4_K_M,1332421667650293760,2.38322479100043,14,,"```json
{
  ""stance"": ""contra""
}
```",,,,,,,,,,,,,,,,,,,,,contra,contra,,,,
gilardi_stance,mistral-small:24b-instruct-2501-q4_K_M,1344395078316408833,2.0108430000000226,14,,"```json
{
  ""stance"": ""contra""
}
```",,,,,,,,,,,,,,,,,,,,,contra,contra,,,,
gilardi_stance,mistral-small:24b-instruct-2501-q4_K_M,1273104971458916352,2.092479457999616,11,,"```json
{""stance"": ""contra""}
```",,,,,,,,,,,,,,,,,,,,,contra,neutral,,,,
gilardi_stance,mistral-small:24b-instruct-2501-q4_K_M,1313545683610337281,2.01156387500032,14,,"```json
{
  ""stance"": ""contra""
}
```",,,,,,,,,,,,,,,,,,,,,contra,contra,,,,
gilardi_stance,mistral-small:24b-instruct-2501-q4_K_M,1313529666704150533,2.0184046670001408,14,,"```json
{
  ""stance"": ""neutral""
}
```",,,,,,,,,,,,,,,,,,,,,neutral,neutral,,,,
gilardi_stance,mistral-small:24b-instruct-2501-q4_K_M,1330603404503216128,2.38171654100006,14,,"```json
{
  ""stance"": ""contra""
}
```",,,,,,,,,,,,,,,,,,,,,contra,contra,,,,
gilardi_stance,mistral-small:24b-instruct-2501-q4_K_M,1332323374547296262,2.0249322500003473,14,,"```json
{
  ""stance"": ""contra""
}
```",,,,,,,,,,,,,,,,,,,,,contra,neutral,,,,
gilardi_stance,mistral-small:24b-instruct-2501-q4_K_M,1309461911868563458,2.010290791999978,14,,"```json
{
  ""stance"": ""neutral""
}
```",,,,,,,,,,,,,,,,,,,,,neutral,neutral,,,,
gilardi_stance,mistral-small:24b-instruct-2501-q4_K_M,1347768720056225794,2.0167645000001357,14,,"```json
{
  ""stance"": ""neutral""
}
```",,,,,,,,,,,,,,,,,,,,,neutral,neutral,,,,
gilardi_stance,mistral-small:24b-instruct-2501-q4_K_M,1316722273764737029,2.372422708999693,14,,"```json
{
  ""stance"": ""contra""
}
```",,,,,,,,,,,,,,,,,,,,,contra,contra,,,,
gilardi_stance,mistral-small:24b-instruct-2501-q4_K_M,1344284579243421696,2.0625221660002353,14,,"```json
{
  ""stance"": ""pro""
}
```",,,,,,,,,,,,,,,,,,,,,pro,neutral,,,,
gilardi_stance,mistral-small:24b-instruct-2501-q4_K_M,1308822691072352256,2.0013150410004528,14,,"```json
{
  ""stance"": ""neutral""
}
```",,,,,,,,,,,,,,,,,,,,,neutral,neutral,,,,
gilardi_stance,mistral-small:24b-instruct-2501-q4_K_M,1379125192241332227,2.0021144580005057,14,,"```json
{
  ""stance"": ""contra""
}
```",,,,,,,,,,,,,,,,,,,,,contra,contra,,,,
gilardi_stance,mistral-small:24b-instruct-2501-q4_K_M,1266296608519380992,1.7555931249999048,11,,"```json
{""stance"": ""pro""}
```",,,,,,,,,,,,,,,,,,,,,pro,pro,,,,
gilardi_stance,mistral-small:24b-instruct-2501-q4_K_M,1344262563543056385,2.0148100830001567,14,,"```json
{
  ""stance"": ""contra""
}
```",,,,,,,,,,,,,,,,,,,,,contra,contra,,,,
gilardi_stance,mistral-small:24b-instruct-2501-q4_K_M,1316563353599438849,2.029268457999933,14,,"```json
{
  ""stance"": ""contra""
}
```",,,,,,,,,,,,,,,,,,,,,contra,contra,,,,
gilardi_stance,mistral-small:24b-instruct-2501-q4_K_M,1317584396577329153,1.390323417000218,11,,"```json
{""stance"": ""contra""}
```",,,,,,,,,,,,,,,,,,,,,contra,contra,,,,
gilardi_stance,mistral-small:24b-instruct-2501-q4_K_M,1332377521107636225,2.3710787090003578,14,,"```json
{
  ""stance"": ""contra""
}
```",,,,,,,,,,,,,,,,,,,,,contra,neutral,,,,
gilardi_stance,mistral-small:24b-instruct-2501-q4_K_M,1321588410423955456,5.179070583999419,45,,"```json
{
  ""stance"": ""contra""
}
```

The Tweet criticizes Democrats for advocating for more content moderation against a specific political figure (Trump), indicating opposition to current content mo",,,,,,,,,,,,,,,,,,,,,contra,neutral,,,,
gilardi_stance,mistral-small:24b-instruct-2501-q4_K_M,1265751708094869504,2.024131500000294,14,,"```json
{
  ""stance"": ""contra""
}
```",,,,,,,,,,,,,,,,,,,,,contra,contra,,,,
gilardi_stance,mistral-small:24b-instruct-2501-q4_K_M,1316560371440787456,2.0553375839999717,14,,"```json
{
  ""stance"": ""contra""
}
```",,,,,,,,,,,,,,,,,,,,,contra,contra,,,,
gilardi_stance,mistral-small:24b-instruct-2501-q4_K_M,1344313209390391296,2.376802042000236,14,,"```json
{
  ""stance"": ""neutral""
}
```",,,,,,,,,,,,,,,,,,,,,neutral,neutral,,,,
gilardi_stance,mistral-small:24b-instruct-2501-q4_K_M,1341947449271873537,2.021808750000673,14,,"```json
{
  ""stance"": ""contra""
}
```",,,,,,,,,,,,,,,,,,,,,contra,contra,,,,
gilardi_stance,mistral-small:24b-instruct-2501-q4_K_M,1266068348565164032,2.021344875000068,14,,"```json
{
  ""stance"": ""neutral""
}
```",,,,,,,,,,,,,,,,,,,,,neutral,neutral,,,,
gilardi_stance,mistral-small:24b-instruct-2501-q4_K_M,1347239716383502338,2.0226837500003967,14,,"```json
{
  ""stance"": ""contra""
}
```",,,,,,,,,,,,,,,,,,,,,contra,contra,,,,
gilardi_stance,mistral-small:24b-instruct-2501-q4_K_M,1316798511783055360,1.7572962089998327,11,,"```json
{""stance"": ""contra""}
```",,,,,,,,,,,,,,,,,,,,,contra,contra,,,,
gilardi_stance,mistral-small:24b-instruct-2501-q4_K_M,1283572068030742530,2.01424733299973,14,,"```json
{
  ""stance"": ""contra""
}
```",,,,,,,,,,,,,,,,,,,,,contra,contra,,,,
gilardi_stance,mistral-small:24b-instruct-2501-q4_K_M,1308828095193911297,2.0108534170003622,14,,"```json
{
  ""stance"": ""neutral""
}
```",,,,,,,,,,,,,,,,,,,,,neutral,neutral,,,,
gilardi_stance,mistral-small:24b-instruct-2501-q4_K_M,1347711558474899458,2.03663645800043,14,,"```json
{
  ""stance"": ""contra""
}
```",,,,,,,,,,,,,,,,,,,,,contra,contra,,,,
gilardi_stance,mistral-small:24b-instruct-2501-q4_K_M,1342359232402767872,2.7376551249999466,14,,"```json
{
  ""stance"": ""contra""
}
```",,,,,,,,,,,,,,,,,,,,,contra,contra,,,,
gilardi_stance,mistral-small:24b-instruct-2501-q4_K_M,1347310826647138304,1.7915787909996652,11,,"```json
{""stance"": ""neutral""}
```",,,,,,,,,,,,,,,,,,,,,neutral,neutral,,,,
gilardi_stance,mistral-small:24b-instruct-2501-q4_K_M,1343392747386974208,2.026139458000216,14,,"```json
{
  ""stance"": ""contra""
}
```",,,,,,,,,,,,,,,,,,,,,contra,neutral,,,,
gilardi_stance,mistral-small:24b-instruct-2501-q4_K_M,1316519941944815618,2.016913874999773,14,,"```json
{
  ""stance"": ""contra""
}
```",,,,,,,,,,,,,,,,,,,,,contra,neutral,,,,
gilardi_stance,mistral-small:24b-instruct-2501-q4_K_M,1273344734493376515,2.018049042000712,14,,"```json
{
  ""stance"": ""contra""
}
```",,,,,,,,,,,,,,,,,,,,,contra,contra,,,,
gilardi_stance,mistral-small:24b-instruct-2501-q4_K_M,1334126412656218113,2.020730833000016,14,,"```json
{
  ""stance"": ""contra""
}
```",,,,,,,,,,,,,,,,,,,,,contra,contra,,,,
gilardi_stance,mistral-small:24b-instruct-2501-q4_K_M,1347788937096556544,1.765155125000092,11,,"```json
{""stance"": ""pro""}
```",,,,,,,,,,,,,,,,,,,,,pro,neutral,,,,
gilardi_stance,mistral-small:24b-instruct-2501-q4_K_M,1288554042780721152,2.0144103749998976,14,,"```json
{
  ""stance"": ""contra""
}
```",,,,,,,,,,,,,,,,,,,,,contra,contra,,,,
gilardi_stance,mistral-small:24b-instruct-2501-q4_K_M,1266019833403097088,1.7435635830006504,11,,"```json
{""stance"": ""neutral""}
```",,,,,,,,,,,,,,,,,,,,,neutral,neutral,,,,
gilardi_stance,mistral-small:24b-instruct-2501-q4_K_M,1266183650124525570,2.365989625000111,14,,"```json
{
  ""stance"": ""neutral""
}
```",,,,,,,,,,,,,,,,,,,,,neutral,neutral,,,,
gilardi_stance,mistral-small:24b-instruct-2501-q4_K_M,1335068893929500672,5.413315292000334,51,,"```json
{
  ""stance"": ""neutral""
}
```

The Tweet discusses Section 230 in the context of a broader legislative issue but does not take a clear stance on content moderation practices or Section 230 its",,,,,,,,,,,,,,,,,,,,,neutral,contra,,,,
gilardi_stance,mistral-small:24b-instruct-2501-q4_K_M,1333732951620665344,2.4043813329999466,14,,"```json
{
  ""stance"": ""contra""
}
```",,,,,,,,,,,,,,,,,,,,,contra,contra,,,,
gilardi_stance,mistral-small:24b-instruct-2501-q4_K_M,1237444740615933955,2.0257766249997076,14,,"```json
{
  ""stance"": ""neutral""
}
```",,,,,,,,,,,,,,,,,,,,,neutral,neutral,,,,
gilardi_stance,mistral-small:24b-instruct-2501-q4_K_M,1346763207344599041,4.850783500000034,41,,"```json
{
  ""stance"": ""pro""
}
```

The Tweet explicitly mentions ""Keep Section 230,"" indicating support for the current protections afforded by Section 230.",,,,,,,,,,,,,,,,,,,,,pro,pro,,,,
gilardi_stance,mistral-small:24b-instruct-2501-q4_K_M,1266461812200964098,2.026513499999965,14,,"```json
{
  ""stance"": ""pro""
}
```",,,,,,,,,,,,,,,,,,,,,pro,neutral,,,,
gilardi_stance,mistral-small:24b-instruct-2501-q4_K_M,1334356579563474945,2.3698198749998483,14,,"```json
{
  ""stance"": ""neutral""
}
```",,,,,,,,,,,,,,,,,,,,,neutral,neutral,,,,
gilardi_stance,gpt-5.4-nano,1343623780611092483,0.8134718339997562,11,,"{""stance"":""neutral""}",,,,,,,,,,,,,,,,,,,,,neutral,neutral,,,,
gilardi_stance,gpt-5.4-nano,1370516266667106305,0.9123297500000264,11,,"{""stance"":""neutral""}",,,,,,,,,,,,,,,,,,,,,neutral,neutral,,,,
gilardi_stance,gpt-5.4-nano,1218312930384584704,0.7176808340000207,11,,"{""stance"":""contra""}",,,,,,,,,,,,,,,,,,,,,contra,contra,,,,
gilardi_stance,gpt-5.4-nano,1283910188739657729,0.7167582080001011,11,,"{""stance"":""contra""}",,,,,,,,,,,,,,,,,,,,,contra,contra,,,,
gilardi_stance,gpt-5.4-nano,1336510003780337664,0.6129052920005051,11,,"{""stance"":""contra""}",,,,,,,,,,,,,,,,,,,,,contra,contra,,,,
gilardi_stance,gpt-5.4-nano,1332421667650293760,0.7164684999997917,11,,"{""stance"":""contra""}",,,,,,,,,,,,,,,,,,,,,contra,contra,,,,
gilardi_stance,gpt-5.4-nano,1344395078316408833,0.6138844999995854,11,,"{""stance"":""contra""}",,,,,,,,,,,,,,,,,,,,,contra,contra,,,,
gilardi_stance,gpt-5.4-nano,1273104971458916352,0.93296754199946,11,,"{""stance"":""neutral""}",,,,,,,,,,,,,,,,,,,,,neutral,neutral,,,,
gilardi_stance,gpt-5.4-nano,1313545683610337281,0.6029033750000963,11,,"{""stance"":""contra""}",,,,,,,,,,,,,,,,,,,,,contra,contra,,,,
gilardi_stance,gpt-5.4-nano,1313529666704150533,0.6150927089993274,11,,"{""stance"":""neutral""}",,,,,,,,,,,,,,,,,,,,,neutral,neutral,,,,
gilardi_stance,gpt-5.4-nano,1330603404503216128,0.7420782079998389,11,,"{""stance"":""contra""}",,,,,,,,,,,,,,,,,,,,,contra,contra,,,,
gilardi_stance,gpt-5.4-nano,1332323374547296262,0.7767380830000548,11,,"{""stance"":""contra""}",,,,,,,,,,,,,,,,,,,,,contra,neutral,,,,
gilardi_stance,gpt-5.4-nano,1309461911868563458,0.6913712089999535,11,,"{""stance"":""contra""}",,,,,,,,,,,,,,,,,,,,,contra,neutral,,,,
gilardi_stance,gpt-5.4-nano,1347768720056225794,0.6144130830007271,11,,"{""stance"":""neutral""}",,,,,,,,,,,,,,,,,,,,,neutral,neutral,,,,
gilardi_stance,gpt-5.4-nano,1316722273764737029,0.6260265840001011,11,,"{""stance"":""contra""}",,,,,,,,,,,,,,,,,,,,,contra,contra,,,,
gilardi_stance,gpt-5.4-nano,1344284579243421696,0.6018467499998224,11,,"{""stance"":""contra""}",,,,,,,,,,,,,,,,,,,,,contra,neutral,,,,
gilardi_stance,gpt-5.4-nano,1308822691072352256,0.6170211669996206,11,,"{""stance"":""neutral""}",,,,,,,,,,,,,,,,,,,,,neutral,neutral,,,,
gilardi_stance,gpt-5.4-nano,1379125192241332227,0.6124015409995991,11,,"{""stance"":""contra""}",,,,,,,,,,,,,,,,,,,,,contra,contra,,,,
gilardi_stance,gpt-5.4-nano,1266296608519380992,0.7179284579997329,11,,"{""stance"":""pro""}",,,,,,,,,,,,,,,,,,,,,pro,pro,,,,
gilardi_stance,gpt-5.4-nano,1344262563543056385,0.6120189160001246,11,,"{""stance"":""contra""}",,,,,,,,,,,,,,,,,,,,,contra,contra,,,,
gilardi_stance,gpt-5.4-nano,1316563353599438849,0.6853146250005011,11,,"{""stance"":""contra""}",,,,,,,,,,,,,,,,,,,,,contra,contra,,,,
gilardi_stance,gpt-5.4-nano,1317584396577329153,0.6144932500001232,11,,"{""stance"":""contra""}",,,,,,,,,,,,,,,,,,,,,contra,contra,,,,
gilardi_stance,gpt-5.4-nano,1332377521107636225,0.6142960420002055,11,,"{""stance"":""contra""}",,,,,,,,,,,,,,,,,,,,,contra,neutral,,,,
gilardi_stance,gpt-5.4-nano,1321588410423955456,0.6123176249993776,11,,"{""stance"":""contra""}",,,,,,,,,,,,,,,,,,,,,contra,neutral,,,,
gilardi_stance,gpt-5.4-nano,1265751708094869504,0.6139362499998242,11,,"{""stance"":""contra""}",,,,,,,,,,,,,,,,,,,,,contra,contra,,,,
gilardi_stance,gpt-5.4-nano,1316560371440787456,0.6409059999996316,11,,"{""stance"":""contra""}",,,,,,,,,,,,,,,,,,,,,contra,contra,,,,
gilardi_stance,gpt-5.4-nano,1344313209390391296,0.5330963329997758,11,,"{""stance"":""contra""}",,,,,,,,,,,,,,,,,,,,,contra,neutral,,,,
gilardi_stance,gpt-5.4-nano,1341947449271873537,0.5648972500002856,11,,"{""stance"":""contra""}",,,,,,,,,,,,,,,,,,,,,contra,contra,,,,
gilardi_stance,gpt-5.4-nano,1266068348565164032,0.5430367090002619,11,,"{""stance"":""pro""}",,,,,,,,,,,,,,,,,,,,,pro,neutral,,,,
gilardi_stance,gpt-5.4-nano,1347239716383502338,0.5828578749997178,11,,"{""stance"":""contra""}",,,,,,,,,,,,,,,,,,,,,contra,contra,,,,
gilardi_stance,gpt-5.4-nano,1316798511783055360,0.7819459169995753,11,,"{""stance"":""contra""}",,,,,,,,,,,,,,,,,,,,,contra,contra,,,,
gilardi_stance,gpt-5.4-nano,1283572068030742530,0.5502867499999411,11,,"{""stance"":""contra""}",,,,,,,,,,,,,,,,,,,,,contra,contra,,,,
gilardi_stance,gpt-5.4-nano,1308828095193911297,0.5820441659998323,11,,"{""stance"":""neutral""}",,,,,,,,,,,,,,,,,,,,,neutral,neutral,,,,
gilardi_stance,gpt-5.4-nano,1347711558474899458,0.8193669160000354,11,,"{""stance"":""contra""}",,,,,,,,,,,,,,,,,,,,,contra,contra,,,,
gilardi_stance,gpt-5.4-nano,1342359232402767872,0.7154215840000688,11,,"{""stance"":""contra""}",,,,,,,,,,,,,,,,,,,,,contra,contra,,,,
gilardi_stance,gpt-5.4-nano,1347310826647138304,0.6147467079999842,11,,"{""stance"":""neutral""}",,,,,,,,,,,,,,,,,,,,,neutral,neutral,,,,
gilardi_stance,gpt-5.4-nano,1343392747386974208,0.614619083999969,11,,"{""stance"":""contra""}",,,,,,,,,,,,,,,,,,,,,contra,neutral,,,,
gilardi_stance,gpt-5.4-nano,1316519941944815618,0.6138792499996271,11,,"{""stance"":""contra""}",,,,,,,,,,,,,,,,,,,,,contra,neutral,,,,
gilardi_stance,gpt-5.4-nano,1273344734493376515,0.5787367909997556,11,,"{""stance"":""contra""}",,,,,,,,,,,,,,,,,,,,,contra,contra,,,,
gilardi_stance,gpt-5.4-nano,1334126412656218113,0.5596975829994335,11,,"{""stance"":""contra""}",,,,,,,,,,,,,,,,,,,,,contra,contra,,,,
gilardi_stance,gpt-5.4-nano,1347788937096556544,0.7734342090006976,11,,"{""stance"":""pro""}",,,,,,,,,,,,,,,,,,,,,pro,neutral,,,,
gilardi_stance,gpt-5.4-nano,1288554042780721152,0.5846045829994182,11,,"{""stance"":""contra""}",,,,,,,,,,,,,,,,,,,,,contra,contra,,,,
gilardi_stance,gpt-5.4-nano,1266019833403097088,0.5401201670001683,11,,"{""stance"":""pro""}",,,,,,,,,,,,,,,,,,,,,pro,neutral,,,,
gilardi_stance,gpt-5.4-nano,1266183650124525570,0.6175058749995515,11,,"{""stance"":""neutral""}",,,,,,,,,,,,,,,,,,,,,neutral,neutral,,,,
gilardi_stance,gpt-5.4-nano,1335068893929500672,0.8097126249995199,11,,"{""stance"":""contra""}",,,,,,,,,,,,,,,,,,,,,contra,contra,,,,
gilardi_stance,gpt-5.4-nano,1333732951620665344,0.9288864590007506,11,,"{""stance"":""contra""}",,,,,,,,,,,,,,,,,,,,,contra,contra,,,,
gilardi_stance,gpt-5.4-nano,1237444740615933955,0.6138267500000438,11,,"{""stance"":""contra""}",,,,,,,,,,,,,,,,,,,,,contra,neutral,,,,
gilardi_stance,gpt-5.4-nano,1346763207344599041,0.5922237920003681,11,,"{""stance"":""pro""}",,,,,,,,,,,,,,,,,,,,,pro,pro,,,,
gilardi_stance,gpt-5.4-nano,1266461812200964098,0.6367867919998389,11,,"{""stance"":""pro""}",,,,,,,,,,,,,,,,,,,,,pro,neutral,,,,
gilardi_stance,gpt-5.4-nano,1334356579563474945,0.6148847920003391,11,,"{""stance"":""pro""}",,,,,,,,,,,,,,,,,,,,,pro,neutral,,,,
state_adaptation,gpt-5.4-mini,AB 2480,3.002301250002347,53,,"{""adaptation"":1,""mitigation"":0,""relief"":0,""irrelevant"":0,""regulatory"":0,""fiscal"":1,""symbolic"":1,""reversal"":0}",1.0,0.0,0.0,0.0,0.0,1.0,1.0,0.0,1.0,0.0,0.0,0.0,1.0,0.0,0.0,0.0,,,,,,,,,,
state_adaptation,gpt-5.4-mini,HB 2143,0.9842579160467722,47,,"{""adaptation"":1,""mitigation"":0,""relief"":0,""irrelevant"":0,""regulatory"":1,""fiscal"":1,""symbolic"":0,""reversal"":0}",1.0,0.0,0.0,0.0,1.0,1.0,0.0,0.0,0.0,0.0,0.0,1.0,0.0,0.0,0.0,0.0,,,,,,,,,,
state_adaptation,gpt-5.4-mini,HR 176,1.8640291249612344,47,,"{""adaptation"":0,""mitigation"":1,""relief"":0,""irrelevant"":0,""regulatory"":0,""fiscal"":1,""symbolic"":1,""reversal"":0}",0.0,1.0,0.0,0.0,0.0,1.0,1.0,0.0,0.0,1.0,0.0,0.0,0.0,0.0,1.0,0.0,,,,,,,,,,
state_adaptation,gpt-5.4-mini,HB 3565,0.9907230839598924,47,,"{""adaptation"":1,""mitigation"":0,""relief"":0,""irrelevant"":0,""regulatory"":0,""fiscal"":1,""symbolic"":0,""reversal"":0}",1.0,0.0,0.0,0.0,0.0,1.0,0.0,0.0,1.0,0.0,0.0,0.0,0.0,1.0,0.0,0.0,,,,,,,,,,
state_adaptation,gpt-5.4-mini,HR 1135,0.86065787501866,47,,"{""adaptation"":0,""mitigation"":1,""relief"":0,""irrelevant"":0,""regulatory"":1,""fiscal"":1,""symbolic"":0,""reversal"":0}",0.0,1.0,0.0,0.0,1.0,1.0,0.0,0.0,0.0,1.0,0.0,0.0,0.0,0.0,1.0,0.0,,,,,,,,,,
state_adaptation,gpt-5.4-mini,S 2711,1.1264139999984764,47,,"{""adaptation"":0,""mitigation"":1,""relief"":0,""irrelevant"":0,""regulatory"":0,""fiscal"":0,""symbolic"":1,""reversal"":0}",0.0,1.0,0.0,0.0,0.0,0.0,1.0,0.0,0.0,1.0,0.0,0.0,0.0,0.0,1.0,0.0,,,,,,,,,,
state_adaptation,gpt-5.4-mini,AJR 152,1.1511861250037327,47,,"{""adaptation"":1,""mitigation"":0,""relief"":0,""irrelevant"":0,""regulatory"":0,""fiscal"":0,""symbolic"":1,""reversal"":0}",1.0,0.0,0.0,0.0,0.0,0.0,1.0,0.0,0.0,0.0,0.0,1.0,0.0,0.0,0.0,0.0,,,,,,,,,,
state_adaptation,gpt-5.4-mini,AB 887,0.8363054590299726,47,,"{""adaptation"":0,""mitigation"":0,""relief"":0,""irrelevant"":1,""regulatory"":1,""fiscal"":0,""symbolic"":0,""reversal"":0}",0.0,0.0,0.0,1.0,1.0,0.0,0.0,0.0,0.0,0.0,0.0,1.0,0.0,0.0,0.0,0.0,,,,,,,,,,
state_adaptation,gpt-5.4-mini,HB 74,1.1034910409944132,47,,"{""adaptation"":0,""mitigation"":1,""relief"":0,""irrelevant"":0,""regulatory"":0,""fiscal"":0,""symbolic"":1,""reversal"":0}",0.0,1.0,0.0,0.0,0.0,0.0,1.0,0.0,0.0,1.0,0.0,0.0,0.0,0.0,1.0,0.0,,,,,,,,,,
state_adaptation,gpt-5.4-mini,HB 7A,0.8693896670010872,47,,"{""adaptation"":1,""mitigation"":0,""relief"":0,""irrelevant"":0,""regulatory"":1,""fiscal"":0,""symbolic"":1,""reversal"":0}",1.0,0.0,0.0,0.0,1.0,0.0,1.0,0.0,1.0,0.0,0.0,0.0,0.0,0.0,1.0,0.0,,,,,,,,,,
state_adaptation,gpt-5.4-mini,SB 605,0.8826698749908246,47,,"{""adaptation"":0,""mitigation"":1,""relief"":0,""irrelevant"":0,""regulatory"":0,""fiscal"":1,""symbolic"":0,""reversal"":0}",0.0,1.0,0.0,0.0,0.0,1.0,0.0,0.0,0.0,1.0,0.0,0.0,0.0,0.0,1.0,0.0,,,,,,,,,,
state_adaptation,gpt-5.4-mini,HB 202,0.8421717910096049,47,,"{""adaptation"":0,""mitigation"":1,""relief"":0,""irrelevant"":0,""regulatory"":0,""fiscal"":1,""symbolic"":0,""reversal"":0}",0.0,1.0,0.0,0.0,0.0,1.0,0.0,0.0,0.0,1.0,0.0,0.0,0.0,0.0,0.0,1.0,,,,,,,,,,
state_adaptation,gpt-5.4-mini,HB 1474,0.8984884999808855,47,,"{""adaptation"":0,""mitigation"":0,""relief"":0,""irrelevant"":1,""regulatory"":0,""fiscal"":0,""symbolic"":1,""reversal"":0}",0.0,0.0,0.0,1.0,0.0,0.0,1.0,0.0,0.0,0.0,0.0,1.0,0.0,0.0,0.0,0.0,,,,,,,,,,
state_adaptation,gpt-5.4-mini,SB 18-143,1.045928458974231,47,,"{""adaptation"":0,""mitigation"":0,""relief"":0,""irrelevant"":1,""regulatory"":1,""fiscal"":1,""symbolic"":0,""reversal"":0}",0.0,0.0,0.0,1.0,1.0,1.0,0.0,0.0,0.0,0.0,0.0,1.0,0.0,0.0,0.0,0.0,,,,,,,,,,
state_adaptation,gpt-5.4-mini,SB 610,0.8489491659565829,47,,"{""adaptation"":0,""mitigation"":0,""relief"":0,""irrelevant"":1,""regulatory"":0,""fiscal"":1,""symbolic"":0,""reversal"":0}",0.0,0.0,0.0,1.0,0.0,1.0,0.0,0.0,0.0,0.0,0.0,1.0,0.0,0.0,0.0,0.0,,,,,,,,,,
state_adaptation,gpt-5.4-mini,S 338,1.6171493750298396,47,,"{""adaptation"":0,""mitigation"":1,""relief"":0,""irrelevant"":0,""regulatory"":1,""fiscal"":1,""symbolic"":0,""reversal"":0}",0.0,1.0,0.0,0.0,1.0,1.0,0.0,0.0,0.0,1.0,0.0,0.0,0.0,1.0,1.0,0.0,,,,,,,,,,
state_adaptation,gpt-5.4-mini,SB 6,1.2088382920483127,53,,"{""adaptation"":0,""mitigation"":0,""relief"":0,""irrelevant"":0,""regulatory"":1,""fiscal"":0,""symbolic"":0,""reversal"":0}",0.0,0.0,0.0,0.0,1.0,0.0,0.0,0.0,0.0,0.0,0.0,1.0,0.0,0.0,0.0,0.0,,,,,,,,,,
state_adaptation,gpt-5.4-mini,HB 208,0.7715371249942109,47,,"{""adaptation"":0,""mitigation"":1,""relief"":0,""irrelevant"":0,""regulatory"":0,""fiscal"":1,""symbolic"":0,""reversal"":0}",0.0,1.0,0.0,0.0,0.0,1.0,0.0,0.0,0.0,1.0,0.0,0.0,0.0,1.0,0.0,0.0,,,,,,,,,,
state_adaptation,gpt-5.4-mini,SB 613,0.8436149579938501,47,,"{""adaptation"":0,""mitigation"":1,""relief"":0,""irrelevant"":0,""regulatory"":1,""fiscal"":0,""symbolic"":0,""reversal"":0}",0.0,1.0,0.0,0.0,1.0,0.0,0.0,0.0,0.0,1.0,0.0,0.0,0.0,0.0,1.0,0.0,,,,,,,,,,
state_adaptation,gpt-5.4-mini,HB 1615,0.8777768749860115,47,,"{""adaptation"":0,""mitigation"":1,""relief"":0,""irrelevant"":0,""regulatory"":1,""fiscal"":0,""symbolic"":0,""reversal"":0}",0.0,1.0,0.0,0.0,1.0,0.0,0.0,0.0,0.0,0.0,0.0,1.0,0.0,0.0,0.0,0.0,,,,,,,,,,
state_adaptation,gpt-5.4-mini,HB 1817,0.8495002500130795,47,,"{""adaptation"":0,""mitigation"":0,""relief"":0,""irrelevant"":1,""regulatory"":0,""fiscal"":1,""symbolic"":0,""reversal"":0}",0.0,0.0,0.0,1.0,0.0,1.0,0.0,0.0,0.0,0.0,0.0,1.0,0.0,0.0,0.0,0.0,,,,,,,,,,
state_adaptation,gpt-5.4-mini,AB 2643,1.0178675830247812,47,,"{""adaptation"":0,""mitigation"":1,""relief"":0,""irrelevant"":0,""regulatory"":1,""fiscal"":0,""symbolic"":0,""reversal"":0}",0.0,1.0,0.0,0.0,1.0,0.0,0.0,0.0,0.0,1.0,0.0,0.0,0.0,0.0,1.0,0.0,,,,,,,,,,
state_adaptation,gpt-5.4-mini,SB 146,0.7686579159926623,47,,"{""adaptation"":1,""mitigation"":0,""relief"":0,""irrelevant"":0,""regulatory"":1,""fiscal"":1,""symbolic"":0,""reversal"":0}",1.0,0.0,0.0,0.0,1.0,1.0,0.0,0.0,1.0,0.0,0.0,0.0,0.0,1.0,0.0,0.0,,,,,,,,,,
state_adaptation,gpt-5.4-mini,SB 732,1.2442156660254111,53,,"{""adaptation"":0,""mitigation"":0,""relief"":0,""irrelevant"":1,""regulatory"":1,""fiscal"":1,""symbolic"":0,""reversal"":0}",0.0,0.0,0.0,1.0,1.0,1.0,0.0,0.0,0.0,0.0,0.0,1.0,0.0,0.0,0.0,0.0,,,,,,,,,,
state_adaptation,gpt-5.4-mini,SB 1700,1.137469541048631,47,,"{""adaptation"":0,""mitigation"":1,""relief"":0,""irrelevant"":0,""regulatory"":1,""fiscal"":1,""symbolic"":1,""reversal"":0}",0.0,1.0,0.0,0.0,1.0,1.0,1.0,0.0,0.0,1.0,0.0,0.0,0.0,0.0,1.0,0.0,,,,,,,,,,
state_adaptation,gpt-5.4-mini,SD 3054,1.0823020410025492,47,,"{""adaptation"":0,""mitigation"":1,""relief"":0,""irrelevant"":0,""regulatory"":0,""fiscal"":0,""symbolic"":1,""reversal"":0}",0.0,1.0,0.0,0.0,0.0,0.0,1.0,0.0,0.0,1.0,0.0,0.0,0.0,0.0,1.0,0.0,,,,,,,,,,
state_adaptation,gpt-5.4-mini,AB 115,0.7992781659704633,53,,"{""adaptation"":0,""mitigation"":0,""relief"":0,""irrelevant"":1,""regulatory"":1,""fiscal"":0,""symbolic"":0,""reversal"":0}",0.0,0.0,0.0,1.0,1.0,0.0,0.0,0.0,0.0,0.0,0.0,1.0,0.0,0.0,0.0,0.0,,,,,,,,,,
state_adaptation,gpt-5.4-mini,S 3423,0.8504689160035923,47,,"{""adaptation"":0,""mitigation"":1,""relief"":0,""irrelevant"":0,""regulatory"":1,""fiscal"":0,""symbolic"":0,""reversal"":0}",0.0,1.0,0.0,0.0,1.0,0.0,0.0,0.0,0.0,1.0,0.0,0.0,1.0,0.0,0.0,0.0,,,,,,,,,,
state_adaptation,gpt-5.4-mini,SB 3142,1.1751819589990191,47,,"{""adaptation"":1,""mitigation"":0,""relief"":0,""irrelevant"":0,""regulatory"":0,""fiscal"":1,""symbolic"":0,""reversal"":0}",1.0,0.0,0.0,0.0,0.0,1.0,0.0,0.0,0.0,0.0,0.0,1.0,0.0,0.0,0.0,0.0,,,,,,,,,,
state_adaptation,gpt-5.4-mini,HB 191,0.8211078330059536,47,,"{""adaptation"":0,""mitigation"":1,""relief"":0,""irrelevant"":0,""regulatory"":1,""fiscal"":0,""symbolic"":0,""reversal"":0}",0.0,1.0,0.0,0.0,1.0,0.0,0.0,0.0,0.0,1.0,0.0,0.0,1.0,0.0,0.0,0.0,,,,,,,,,,
state_adaptation,gpt-5.4-mini,SF 2188,0.7731332909897901,47,,"{""adaptation"":1,""mitigation"":0,""relief"":0,""irrelevant"":0,""regulatory"":0,""fiscal"":1,""symbolic"":0,""reversal"":0}",1.0,0.0,0.0,0.0,0.0,1.0,0.0,0.0,1.0,0.0,0.0,0.0,0.0,0.0,1.0,0.0,,,,,,,,,,
state_adaptation,gpt-5.4-mini,S 4087,0.8929022909724154,53,,"{""adaptation"":1,""mitigation"":0,""relief"":0,""irrelevant"":0,""regulatory"":1,""fiscal"":1,""symbolic"":0,""reversal"":0}",1.0,0.0,0.0,0.0,1.0,1.0,0.0,0.0,0.0,0.0,0.0,1.0,0.0,0.0,0.0,0.0,,,,,,,,,,
state_adaptation,gpt-5.4-mini,HR 143,1.0238857499789449,47,,"{""adaptation"":0,""mitigation"":1,""relief"":0,""irrelevant"":0,""regulatory"":0,""fiscal"":0,""symbolic"":1,""reversal"":0}",0.0,1.0,0.0,0.0,0.0,0.0,1.0,0.0,0.0,1.0,0.0,0.0,0.0,0.0,1.0,0.0,,,,,,,,,,
state_adaptation,gpt-5.4-mini,S 1653,0.8113396249827929,47,,"{""adaptation"":0,""mitigation"":0,""relief"":0,""irrelevant"":1,""regulatory"":0,""fiscal"":0,""symbolic"":1,""reversal"":0}",0.0,0.0,0.0,1.0,0.0,0.0,1.0,0.0,0.0,0.0,0.0,1.0,0.0,0.0,0.0,0.0,,,,,,,,,,
state_adaptation,gpt-5.4-mini,HB 3284,0.7490988339995965,47,,"{""adaptation"":0,""mitigation"":1,""relief"":0,""irrelevant"":0,""regulatory"":1,""fiscal"":0,""symbolic"":0,""reversal"":0}",0.0,1.0,0.0,0.0,1.0,0.0,0.0,0.0,0.0,0.0,0.0,1.0,0.0,0.0,0.0,0.0,,,,,,,,,,
state_adaptation,gpt-5.4-mini,SB 1291,1.0355904590105638,47,,"{""adaptation"":1,""mitigation"":0,""relief"":0,""irrelevant"":0,""regulatory"":0,""fiscal"":1,""symbolic"":1,""reversal"":0}",1.0,0.0,0.0,0.0,0.0,1.0,1.0,0.0,1.0,0.0,0.0,0.0,0.0,0.0,1.0,0.0,,,,,,,,,,
state_adaptation,gpt-5.4-mini,HB 5610,0.8660839580115862,47,,"{""adaptation"":0,""mitigation"":1,""relief"":0,""irrelevant"":0,""regulatory"":1,""fiscal"":0,""symbolic"":0,""reversal"":0}",0.0,1.0,0.0,0.0,1.0,0.0,0.0,0.0,0.0,0.0,0.0,1.0,0.0,0.0,0.0,0.0,,,,,,,,,,
state_adaptation,gpt-5.4-mini,SB 287,1.3559064589790069,47,,"{""adaptation"":0,""mitigation"":0,""relief"":0,""irrelevant"":1,""regulatory"":1,""fiscal"":0,""symbolic"":0,""reversal"":0}",0.0,0.0,0.0,1.0,1.0,0.0,0.0,0.0,0.0,0.0,0.0,1.0,0.0,0.0,0.0,0.0,,,,,,,,,,
state_adaptation,gpt-5.4-mini,AB 2259,1.382077207963448,53,,"{""adaptation"":1,""mitigation"":0,""relief"":0,""irrelevant"":0,""regulatory"":1,""fiscal"":1,""symbolic"":1,""reversal"":0}",1.0,0.0,0.0,0.0,1.0,1.0,1.0,0.0,0.0,0.0,0.0,1.0,0.0,0.0,0.0,0.0,,,,,,,,,,
state_adaptation,gpt-5.4-mini,HB 4340,0.8132939590141177,47,,"{""adaptation"":0,""mitigation"":0,""relief"":0,""irrelevant"":1,""regulatory"":1,""fiscal"":0,""symbolic"":0,""reversal"":0}",0.0,0.0,0.0,1.0,1.0,0.0,0.0,0.0,0.0,0.0,0.0,1.0,0.0,0.0,0.0,0.0,,,,,,,,,,
state_adaptation,gpt-5.4-mini,HR 4916,0.8698560420307331,47,,"{""adaptation"":0,""mitigation"":1,""relief"":0,""irrelevant"":0,""regulatory"":1,""fiscal"":0,""symbolic"":0,""reversal"":1}",0.0,1.0,0.0,0.0,1.0,0.0,0.0,1.0,0.0,1.0,0.0,0.0,0.0,0.0,1.0,0.0,,,,,,,,,,
state_adaptation,gpt-5.4-mini,SB 2180,1.0201604579924606,47,,"{""adaptation"":0,""mitigation"":0,""relief"":0,""irrelevant"":1,""regulatory"":1,""fiscal"":0,""symbolic"":0,""reversal"":0}",0.0,0.0,0.0,1.0,1.0,0.0,0.0,0.0,0.0,0.0,0.0,1.0,0.0,0.0,0.0,0.0,,,,,,,,,,
state_adaptation,gpt-5.4-mini,SB 119,0.9207426669890992,47,,"{""adaptation"":1,""mitigation"":0,""relief"":0,""irrelevant"":0,""regulatory"":1,""fiscal"":1,""symbolic"":1,""reversal"":0}",1.0,0.0,0.0,0.0,1.0,1.0,1.0,0.0,0.0,0.0,0.0,1.0,0.0,0.0,0.0,0.0,,,,,,,,,,
state_adaptation,gpt-5.4-mini,SF 460,0.9575929589918816,47,,"{""adaptation"":1,""mitigation"":0,""relief"":0,""irrelevant"":0,""regulatory"":1,""fiscal"":0,""symbolic"":0,""reversal"":0}",1.0,0.0,0.0,0.0,1.0,0.0,0.0,0.0,0.0,0.0,0.0,1.0,0.0,0.0,0.0,0.0,,,,,,,,,,
state_adaptation,gpt-5.4-mini,S 2353,1.4319549589999951,47,,"{""adaptation"":0,""mitigation"":0,""relief"":1,""irrelevant"":0,""regulatory"":0,""fiscal"":1,""symbolic"":0,""reversal"":0}",0.0,0.0,1.0,0.0,0.0,1.0,0.0,0.0,0.0,0.0,0.0,1.0,0.0,0.0,0.0,0.0,,,,,,,,,,
state_adaptation,gpt-5.4-mini,HR 2635,1.1866537080495618,47,,"{""adaptation"":0,""mitigation"":1,""relief"":0,""irrelevant"":0,""regulatory"":1,""fiscal"":0,""symbolic"":0,""reversal"":0}",0.0,1.0,0.0,0.0,1.0,0.0,0.0,0.0,0.0,1.0,0.0,0.0,0.0,0.0,1.0,0.0,,,,,,,,,,
state_adaptation,gpt-5.4-mini,HB 451,1.0264911249978468,53,,"{""adaptation"":0,""mitigation"":0,""relief"":0,""irrelevant"":1,""regulatory"":1,""fiscal"":0,""symbolic"":0,""reversal"":0}",0.0,0.0,0.0,1.0,1.0,0.0,0.0,0.0,0.0,0.0,0.0,1.0,0.0,0.0,0.0,0.0,,,,,,,,,,
state_adaptation,gpt-5.4-mini,S 497,1.0179559160023928,47,,"{""adaptation"":1,""mitigation"":0,""relief"":0,""irrelevant"":0,""regulatory"":1,""fiscal"":1,""symbolic"":0,""reversal"":0}",1.0,0.0,0.0,0.0,1.0,1.0,0.0,0.0,1.0,0.0,0.0,0.0,0.0,0.0,0.0,1.0,,,,,,,,,,
state_adaptation,gpt-5.4-mini,HB 2438,0.7448220410151407,47,,"{""adaptation"":0,""mitigation"":0,""relief"":0,""irrelevant"":1,""regulatory"":0,""fiscal"":1,""symbolic"":0,""reversal"":0}",0.0,0.0,0.0,1.0,0.0,1.0,0.0,0.0,0.0,0.0,0.0,1.0,0.0,0.0,0.0,0.0,,,,,,,,,,
state_adaptation,gpt-5.4-mini,HF 468,0.8158573330147192,47,,"{""adaptation"":1,""mitigation"":0,""relief"":0,""irrelevant"":0,""regulatory"":0,""fiscal"":1,""symbolic"":0,""reversal"":0}",1.0,0.0,0.0,0.0,0.0,1.0,0.0,0.0,0.0,0.0,0.0,1.0,0.0,0.0,0.0,0.0,,,,,,,,,,
gilardi_relevance,gpt-5.4-mini,1237763877468692481,0.594948582991492,12,,"{""relevant"":0}",,,,,,,,,,,,,,,,,0.0,0.0,,,,,,,,
gilardi_relevance,gpt-5.4-mini,1287948085453180929,0.6074689580127597,12,,"{""relevant"":0}",,,,,,,,,,,,,,,,,0.0,0.0,,,,,,,,
gilardi_relevance,gpt-5.4-mini,1268523660245184513,0.718970125017222,18,,"{""relevant"":0}",,,,,,,,,,,,,,,,,0.0,1.0,,,,,,,,
gilardi_relevance,gpt-5.4-mini,1275169301381742593,0.6208925829851069,12,,"{""relevant"":0}",,,,,,,,,,,,,,,,,0.0,0.0,,,,,,,,
gilardi_relevance,gpt-5.4-mini,1289280346056359937,0.8124867089791223,12,,"{""relevant"":0}",,,,,,,,,,,,,,,,,0.0,0.0,,,,,,,,
gilardi_relevance,gpt-5.4-mini,1285161332594089984,0.6132238329737447,12,,"{""relevant"":0}",,,,,,,,,,,,,,,,,0.0,0.0,,,,,,,,
gilardi_relevance,gpt-5.4-mini,1259441759496613889,0.6310249579837546,12,,"{""relevant"":1}",,,,,,,,,,,,,,,,,1.0,1.0,,,,,,,,
gilardi_relevance,gpt-5.4-mini,1259234667628199937,0.6223110829596408,12,,"{""relevant"":1}",,,,,,,,,,,,,,,,,1.0,1.0,,,,,,,,
gilardi_relevance,gpt-5.4-mini,1236354180639592451,0.7206579159828834,12,,"{""relevant"":1}",,,,,,,,,,,,,,,,,1.0,1.0,,,,,,,,
gilardi_relevance,gpt-5.4-mini,1221880847722340352,0.6913539160159416,12,,"{""relevant"":0}",,,,,,,,,,,,,,,,,0.0,0.0,,,,,,,,
gilardi_relevance,gpt-5.4-mini,1230413821681946624,0.6733369589783251,12,,"{""relevant"":0}",,,,,,,,,,,,,,,,,0.0,0.0,,,,,,,,
gilardi_relevance,gpt-5.4-mini,1243663458857635845,0.6015153339831159,12,,"{""relevant"":0}",,,,,,,,,,,,,,,,,0.0,0.0,,,,,,,,
gilardi_relevance,gpt-5.4-mini,1259957303471726592,0.7718154169851914,12,,"{""relevant"":1}",,,,,,,,,,,,,,,,,1.0,1.0,,,,,,,,
gilardi_relevance,gpt-5.4-mini,1275251865517686784,0.6517578749917448,12,,"{""relevant"":0}",,,,,,,,,,,,,,,,,0.0,0.0,,,,,,,,
gilardi_relevance,gpt-5.4-mini,1245856689187729410,0.6676086249644868,12,,"{""relevant"":0}",,,,,,,,,,,,,,,,,0.0,0.0,,,,,,,,
gilardi_relevance,gpt-5.4-mini,1254424205501890560,0.6267723750206642,12,,"{""relevant"":0}",,,,,,,,,,,,,,,,,0.0,0.0,,,,,,,,
gilardi_relevance,gpt-5.4-mini,1256232500655001600,0.6548389579984359,12,,"{""relevant"":1}",,,,,,,,,,,,,,,,,1.0,0.0,,,,,,,,
gilardi_relevance,gpt-5.4-mini,1271142153855447040,0.6320578339509666,12,,"{""relevant"":1}",,,,,,,,,,,,,,,,,1.0,1.0,,,,,,,,
gilardi_relevance,gpt-5.4-mini,1244137138289102853,0.6558631249936298,12,,"{""relevant"":1}",,,,,,,,,,,,,,,,,1.0,1.0,,,,,,,,
gilardi_relevance,gpt-5.4-mini,1321537906364817410,0.7060322089819238,12,,"{""relevant"":1}",,,,,,,,,,,,,,,,,1.0,1.0,,,,,,,,
gilardi_relevance,gpt-5.4-mini,1302301682458669061,0.6330336660030298,12,,"{""relevant"":1}",,,,,,,,,,,,,,,,,1.0,0.0,,,,,,,,
gilardi_relevance,gpt-5.4-mini,1217506580549308416,0.6469315830036066,12,,"{""relevant"":0}",,,,,,,,,,,,,,,,,0.0,0.0,,,,,,,,
gilardi_relevance,gpt-5.4-mini,1235649275918462982,0.9707671659998596,12,,"{""relevant"":0}",,,,,,,,,,,,,,,,,0.0,0.0,,,,,,,,
gilardi_relevance,gpt-5.4-mini,1259260655900786693,0.5822213329956867,12,,"{""relevant"":1}",,,,,,,,,,,,,,,,,1.0,1.0,,,,,,,,
gilardi_relevance,gpt-5.4-mini,1234062520475955201,0.5881555830128491,12,,"{""relevant"":0}",,,,,,,,,,,,,,,,,0.0,0.0,,,,,,,,
gilardi_relevance,gpt-5.4-mini,1267272595210149888,0.9064868750283496,12,,"{""relevant"":1}",,,,,,,,,,,,,,,,,1.0,1.0,,,,,,,,
gilardi_relevance,gpt-5.4-mini,1224116829272133632,0.6456852920236997,12,,"{""relevant"":0}",,,,,,,,,,,,,,,,,0.0,0.0,,,,,,,,
gilardi_relevance,gpt-5.4-mini,1251495521270857728,0.577077082998585,12,,"{""relevant"":1}",,,,,,,,,,,,,,,,,1.0,1.0,,,,,,,,
gilardi_relevance,gpt-5.4-mini,1311474754721779712,0.7023362910258584,18,,"{""relevant"":1}",,,,,,,,,,,,,,,,,1.0,1.0,,,,,,,,
gilardi_relevance,gpt-5.4-mini,1254136863700344833,0.6564250410301611,12,,"{""relevant"":1}",,,,,,,,,,,,,,,,,1.0,1.0,,,,,,,,
gilardi_relevance,gpt-5.4-mini,1298296851607814144,0.8769549999851733,12,,"{""relevant"":0}",,,,,,,,,,,,,,,,,0.0,0.0,,,,,,,,
gilardi_relevance,gpt-5.4-mini,1259246936793718784,0.7504944159882143,12,,"{""relevant"":1}",,,,,,,,,,,,,,,,,1.0,1.0,,,,,,,,
gilardi_relevance,gpt-5.4-mini,1295044560456802304,0.981611665978562,12,,"{""relevant"":1}",,,,,,,,,,,,,,,,,1.0,1.0,,,,,,,,
gilardi_relevance,gpt-5.4-mini,1300319304022335488,0.6231680830242112,12,,"{""relevant"":0}",,,,,,,,,,,,,,,,,0.0,0.0,,,,,,,,
gilardi_relevance,gpt-5.4-mini,1259525583870009345,0.7531999580096453,12,,"{""relevant"":1}",,,,,,,,,,,,,,,,,1.0,1.0,,,,,,,,
gilardi_relevance,gpt-5.4-mini,1245576440994598915,0.7712729590130039,12,,"{""relevant"":1}",,,,,,,,,,,,,,,,,1.0,0.0,,,,,,,,
gilardi_relevance,gpt-5.4-mini,1230718553491304448,0.6350100839626975,12,,"{""relevant"":0}",,,,,,,,,,,,,,,,,0.0,0.0,,,,,,,,
gilardi_relevance,gpt-5.4-mini,1318158391299182594,0.5997396670281887,12,,"{""relevant"":1}",,,,,,,,,,,,,,,,,1.0,1.0,,,,,,,,
gilardi_relevance,gpt-5.4-mini,1233767555170328576,0.63360850000754,12,,"{""relevant"":0}",,,,,,,,,,,,,,,,,0.0,0.0,,,,,,,,
gilardi_relevance,gpt-5.4-mini,1278422893769170947,0.5739316249964759,12,,"{""relevant"":1}",,,,,,,,,,,,,,,,,1.0,0.0,,,,,,,,
gilardi_relevance,gpt-5.4-mini,1271297474540343296,0.5748439159942791,12,,"{""relevant"":1}",,,,,,,,,,,,,,,,,1.0,1.0,,,,,,,,
gilardi_relevance,gpt-5.4-mini,1292622597436276736,0.669579082983546,12,,"{""relevant"":0}",,,,,,,,,,,,,,,,,0.0,1.0,,,,,,,,
gilardi_relevance,gpt-5.4-mini,1259268872433291266,0.6036452089902014,12,,"{""relevant"":1}",,,,,,,,,,,,,,,,,1.0,1.0,,,,,,,,
gilardi_relevance,gpt-5.4-mini,1212671773252243456,0.6440269169979729,12,,"{""relevant"":0}",,,,,,,,,,,,,,,,,0.0,0.0,,,,,,,,
gilardi_relevance,gpt-5.4-mini,1267132576386486273,0.7045001250226051,12,,"{""relevant"":0}",,,,,,,,,,,,,,,,,0.0,0.0,,,,,,,,
gilardi_relevance,gpt-5.4-mini,1291370146800394241,0.6632363749668002,12,,"{""relevant"":1}",,,,,,,,,,,,,,,,,1.0,1.0,,,,,,,,
gilardi_relevance,gpt-5.4-mini,1271899196073836545,0.6168457920430228,12,,"{""relevant"":1}",,,,,,,,,,,,,,,,,1.0,1.0,,,,,,,,
gilardi_relevance,gpt-5.4-mini,1298178287005388802,0.6426485839765519,12,,"{""relevant"":1}",,,,,,,,,,,,,,,,,1.0,1.0,,,,,,,,
gilardi_relevance,gpt-5.4-mini,1291219678296248320,0.7419295000145212,12,,"{""relevant"":1}",,,,,,,,,,,,,,,,,1.0,1.0,,,,,,,,
gilardi_relevance,gpt-5.4-mini,1321106429772746752,0.6803010410512798,12,,"{""relevant"":0}",,,,,,,,,,,,,,,,,0.0,0.0,,,,,,,,
ballard_incivility,gpt-5.4-mini,537,0.6525127919740044,12,,"{""uncivil"":0}",,,,,,,,,,,,,,,,,,,0.0,0.0,,,,,,
ballard_incivility,gpt-5.4-mini,296,0.6086643750313669,12,,"{""uncivil"":0}",,,,,,,,,,,,,,,,,,,0.0,1.0,,,,,,
ballard_incivility,gpt-5.4-mini,1401,0.6095101250102744,12,,"{""uncivil"":0}",,,,,,,,,,,,,,,,,,,0.0,0.0,,,,,,
ballard_incivility,gpt-5.4-mini,240,0.8644940839731134,12,,"{""uncivil"":1}",,,,,,,,,,,,,,,,,,,1.0,1.0,,,,,,
ballard_incivility,gpt-5.4-mini,91,0.5781924170441926,12,,"{""uncivil"":1}",,,,,,,,,,,,,,,,,,,1.0,0.0,,,,,,
ballard_incivility,gpt-5.4-mini,2014,0.9907665830105544,12,,"{""uncivil"":0}",,,,,,,,,,,,,,,,,,,0.0,0.0,,,,,,
ballard_incivility,gpt-5.4-mini,1131,0.9335635409806856,12,,"{""uncivil"":0}",,,,,,,,,,,,,,,,,,,0.0,0.0,,,,,,
ballard_incivility,gpt-5.4-mini,416,0.8096042909892276,12,,"{""uncivil"":1}",,,,,,,,,,,,,,,,,,,1.0,1.0,,,,,,
ballard_incivility,gpt-5.4-mini,1289,1.0330484170117415,12,,"{""uncivil"":0}",,,,,,,,,,,,,,,,,,,0.0,0.0,,,,,,
ballard_incivility,gpt-5.4-mini,1598,0.8022269170032814,12,,"{""uncivil"":0}",,,,,,,,,,,,,,,,,,,0.0,0.0,,,,,,
ballard_incivility,gpt-5.4-mini,625,0.637047124968376,12,,"{""uncivil"":0}",,,,,,,,,,,,,,,,,,,0.0,0.0,,,,,,
ballard_incivility,gpt-5.4-mini,1742,0.6318292919895612,12,,"{""uncivil"":0}",,,,,,,,,,,,,,,,,,,0.0,0.0,,,,,,
ballard_incivility,gpt-5.4-mini,1848,1.205196791968774,12,,"{""uncivil"":0}",,,,,,,,,,,,,,,,,,,0.0,0.0,,,,,,
ballard_incivility,gpt-5.4-mini,1863,0.5387952500022948,12,,"{""uncivil"":0}",,,,,,,,,,,,,,,,,,,0.0,0.0,,,,,,
ballard_incivility,gpt-5.4-mini,1690,0.8899667909718119,12,,"{""uncivil"":1}",,,,,,,,,,,,,,,,,,,1.0,0.0,,,,,,
ballard_incivility,gpt-5.4-mini,1675,0.7220406249980442,12,,"{""uncivil"":0}",,,,,,,,,,,,,,,,,,,0.0,0.0,,,,,,
ballard_incivility,gpt-5.4-mini,1603,0.6132299170130864,12,,"{""uncivil"":1}",,,,,,,,,,,,,,,,,,,1.0,0.0,,,,,,
ballard_incivility,gpt-5.4-mini,413,0.7175208330154419,12,,"{""uncivil"":1}",,,,,,,,,,,,,,,,,,,1.0,1.0,,,,,,
ballard_incivility,gpt-5.4-mini,606,0.6455906250048429,12,,"{""uncivil"":1}",,,,,,,,,,,,,,,,,,,1.0,0.0,,,,,,
ballard_incivility,gpt-5.4-mini,264,0.7884949999861419,12,,"{""uncivil"":0}",,,,,,,,,,,,,,,,,,,0.0,1.0,,,,,,
ballard_incivility,gpt-5.4-mini,294,0.6652952920412645,12,,"{""uncivil"":0}",,,,,,,,,,,,,,,,,,,0.0,1.0,,,,,,
ballard_incivility,gpt-5.4-mini,378,0.5954782080370933,12,,"{""uncivil"":0}",,,,,,,,,,,,,,,,,,,0.0,1.0,,,,,,
ballard_incivility,gpt-5.4-mini,402,0.5683143330388702,12,,"{""uncivil"":0}",,,,,,,,,,,,,,,,,,,0.0,1.0,,,,,,
ballard_incivility,gpt-5.4-mini,2083,0.621943874983117,12,,"{""uncivil"":0}",,,,,,,,,,,,,,,,,,,0.0,0.0,,,,,,
ballard_incivility,gpt-5.4-mini,1013,0.6136489170021378,12,,"{""uncivil"":0}",,,,,,,,,,,,,,,,,,,0.0,0.0,,,,,,
ballard_incivility,gpt-5.4-mini,2664,0.608615999983158,12,,"{""uncivil"":0}",,,,,,,,,,,,,,,,,,,0.0,0.0,,,,,,
ballard_incivility,gpt-5.4-mini,98,0.9271810409845784,12,,"{""uncivil"":0}",,,,,,,,,,,,,,,,,,,0.0,0.0,,,,,,
ballard_incivility,gpt-5.4-mini,999,0.6183649580343626,18,,"{""uncivil"":0}",,,,,,,,,,,,,,,,,,,0.0,0.0,,,,,,
ballard_incivility,gpt-5.4-mini,1814,0.6431703750276938,12,,"{""uncivil"":0}",,,,,,,,,,,,,,,,,,,0.0,0.0,,,,,,
ballard_incivility,gpt-5.4-mini,609,0.6543049999745563,12,,"{""uncivil"":0}",,,,,,,,,,,,,,,,,,,0.0,0.0,,,,,,
ballard_incivility,gpt-5.4-mini,2306,2.2809335829806514,12,,"{""uncivil"":0}",,,,,,,,,,,,,,,,,,,0.0,0.0,,,,,,
ballard_incivility,gpt-5.4-mini,200,0.6799177920329385,12,,"{""uncivil"":0}",,,,,,,,,,,,,,,,,,,0.0,0.0,,,,,,
ballard_incivility,gpt-5.4-mini,1875,1.468321083986666,12,,"{""uncivil"":0}",,,,,,,,,,,,,,,,,,,0.0,0.0,,,,,,
ballard_incivility,gpt-5.4-mini,1125,1.0973952920176089,12,,"{""uncivil"":0}",,,,,,,,,,,,,,,,,,,0.0,0.0,,,,,,
ballard_incivility,gpt-5.4-mini,315,0.5698599170427769,12,,"{""uncivil"":1}",,,,,,,,,,,,,,,,,,,1.0,1.0,,,,,,
ballard_incivility,gpt-5.4-mini,2674,0.6889317500172183,12,,"{""uncivil"":0}",,,,,,,,,,,,,,,,,,,0.0,0.0,,,,,,
ballard_incivility,gpt-5.4-mini,803,0.6185817089863122,12,,"{""uncivil"":0}",,,,,,,,,,,,,,,,,,,0.0,0.0,,,,,,
ballard_incivility,gpt-5.4-mini,2505,1.0217565830098465,12,,"{""uncivil"":0}",,,,,,,,,,,,,,,,,,,0.0,0.0,,,,,,
ballard_incivility,gpt-5.4-mini,1107,0.6008750830078498,12,,"{""uncivil"":0}",,,,,,,,,,,,,,,,,,,0.0,0.0,,,,,,
ballard_incivility,gpt-5.4-mini,2595,0.5695849170442671,18,,"{""uncivil"":0}",,,,,,,,,,,,,,,,,,,0.0,0.0,,,,,,
ballard_incivility,gpt-5.4-mini,1550,0.6756519579794258,12,,"{""uncivil"":0}",,,,,,,,,,,,,,,,,,,0.0,0.0,,,,,,
ballard_incivility,gpt-5.4-mini,1296,0.6039095830055885,12,,"{""uncivil"":0}",,,,,,,,,,,,,,,,,,,0.0,0.0,,,,,,
ballard_incivility,gpt-5.4-mini,2110,0.6357094169943593,12,,"{""uncivil"":1}",,,,,,,,,,,,,,,,,,,1.0,0.0,,,,,,
ballard_incivility,gpt-5.4-mini,749,0.566925875027664,12,,"{""uncivil"":0}",,,,,,,,,,,,,,,,,,,0.0,0.0,,,,,,
ballard_incivility,gpt-5.4-mini,2386,0.5633968749898486,12,,"{""uncivil"":0}",,,,,,,,,,,,,,,,,,,0.0,0.0,,,,,,
ballard_incivility,gpt-5.4-mini,102,0.6902687080437317,12,,"{""uncivil"":0}",,,,,,,,,,,,,,,,,,,0.0,0.0,,,,,,
ballard_incivility,gpt-5.4-mini,2656,0.808426707983017,12,,"{""uncivil"":0}",,,,,,,,,,,,,,,,,,,0.0,0.0,,,,,,
ballard_incivility,gpt-5.4-mini,1792,0.6007105419994332,12,,"{""uncivil"":0}",,,,,,,,,,,,,,,,,,,0.0,0.0,,,,,,
ballard_incivility,gpt-5.4-mini,1632,0.9245600840076804,12,,"{""uncivil"":0}",,,,,,,,,,,,,,,,,,,0.0,0.0,,,,,,
ballard_incivility,gpt-5.4-mini,1367,0.5584108750335872,12,,"{""uncivil"":0}",,,,,,,,,,,,,,,,,,,0.0,0.0,,,,,,
gilardi_stance,gpt-5.4-mini,1343623780611092483,1.122633249964565,11,,"{""stance"":""neutral""}",,,,,,,,,,,,,,,,,,,,,neutral,neutral,,,,
gilardi_stance,gpt-5.4-mini,1370516266667106305,0.6841499580186792,11,,"{""stance"":""neutral""}",,,,,,,,,,,,,,,,,,,,,neutral,neutral,,,,
gilardi_stance,gpt-5.4-mini,1218312930384584704,0.6181355000007898,11,,"{""stance"":""neutral""}",,,,,,,,,,,,,,,,,,,,,neutral,contra,,,,
gilardi_stance,gpt-5.4-mini,1283910188739657729,0.9244956249604002,11,,"{""stance"":""contra""}",,,,,,,,,,,,,,,,,,,,,contra,contra,,,,
gilardi_stance,gpt-5.4-mini,1336510003780337664,0.6073948330013081,11,,"{""stance"":""contra""}",,,,,,,,,,,,,,,,,,,,,contra,contra,,,,
gilardi_stance,gpt-5.4-mini,1332421667650293760,0.7184461249853484,11,,"{""stance"":""contra""}",,,,,,,,,,,,,,,,,,,,,contra,contra,,,,
gilardi_stance,gpt-5.4-mini,1344395078316408833,1.0235022909473628,11,,"{""stance"":""contra""}",,,,,,,,,,,,,,,,,,,,,contra,contra,,,,
gilardi_stance,gpt-5.4-mini,1273104971458916352,0.622477832948789,11,,"{""stance"":""contra""}",,,,,,,,,,,,,,,,,,,,,contra,neutral,,,,
gilardi_stance,gpt-5.4-mini,1313545683610337281,0.7126153749995865,17,,"{""stance"":""contra""}",,,,,,,,,,,,,,,,,,,,,contra,contra,,,,
gilardi_stance,gpt-5.4-mini,1313529666704150533,0.603610958030913,11,,"{""stance"":""neutral""}",,,,,,,,,,,,,,,,,,,,,neutral,neutral,,,,
gilardi_stance,gpt-5.4-mini,1330603404503216128,0.8237294999998994,11,,"{""stance"":""contra""}",,,,,,,,,,,,,,,,,,,,,contra,contra,,,,
gilardi_stance,gpt-5.4-mini,1332323374547296262,0.6159899579943158,11,,"{""stance"":""contra""}",,,,,,,,,,,,,,,,,,,,,contra,neutral,,,,
gilardi_stance,gpt-5.4-mini,1309461911868563458,0.6054850000073202,11,,"{""stance"":""contra""}",,,,,,,,,,,,,,,,,,,,,contra,neutral,,,,
gilardi_stance,gpt-5.4-mini,1347768720056225794,0.6660230419947766,17,,"{""stance"":""neutral""}",,,,,,,,,,,,,,,,,,,,,neutral,neutral,,,,
gilardi_stance,gpt-5.4-mini,1316722273764737029,0.6733355000033043,11,,"{""stance"":""contra""}",,,,,,,,,,,,,,,,,,,,,contra,contra,,,,
gilardi_stance,gpt-5.4-mini,1344284579243421696,0.8198995839920826,11,,"{""stance"":""pro""}",,,,,,,,,,,,,,,,,,,,,pro,neutral,,,,
gilardi_stance,gpt-5.4-mini,1308822691072352256,1.2277623750269413,11,,"{""stance"":""neutral""}",,,,,,,,,,,,,,,,,,,,,neutral,neutral,,,,
gilardi_stance,gpt-5.4-mini,1379125192241332227,0.5613179579959251,11,,"{""stance"":""contra""}",,,,,,,,,,,,,,,,,,,,,contra,contra,,,,
gilardi_stance,gpt-5.4-mini,1266296608519380992,0.6670888749649748,11,,"{""stance"":""pro""}",,,,,,,,,,,,,,,,,,,,,pro,pro,,,,
gilardi_stance,gpt-5.4-mini,1344262563543056385,0.7166385410237126,17,,"{""stance"":""contra""}",,,,,,,,,,,,,,,,,,,,,contra,contra,,,,
gilardi_stance,gpt-5.4-mini,1316563353599438849,1.127989417000208,11,,"{""stance"":""contra""}",,,,,,,,,,,,,,,,,,,,,contra,contra,,,,
gilardi_stance,gpt-5.4-mini,1317584396577329153,0.5995595839922316,11,,"{""stance"":""contra""}",,,,,,,,,,,,,,,,,,,,,contra,contra,,,,
gilardi_stance,gpt-5.4-mini,1332377521107636225,0.7228939160122536,11,,"{""stance"":""contra""}",,,,,,,,,,,,,,,,,,,,,contra,neutral,,,,
gilardi_stance,gpt-5.4-mini,1321588410423955456,0.8194860829971731,11,,"{""stance"":""contra""}",,,,,,,,,,,,,,,,,,,,,contra,neutral,,,,
gilardi_stance,gpt-5.4-mini,1265751708094869504,0.7287782090133987,11,,"{""stance"":""contra""}",,,,,,,,,,,,,,,,,,,,,contra,contra,,,,
gilardi_stance,gpt-5.4-mini,1316560371440787456,0.7035967499832623,11,,"{""stance"":""contra""}",,,,,,,,,,,,,,,,,,,,,contra,contra,,,,
gilardi_stance,gpt-5.4-mini,1344313209390391296,0.7447716669994406,11,,"{""stance"":""neutral""}",,,,,,,,,,,,,,,,,,,,,neutral,neutral,,,,
gilardi_stance,gpt-5.4-mini,1341947449271873537,0.6085606249980628,11,,"{""stance"":""contra""}",,,,,,,,,,,,,,,,,,,,,contra,contra,,,,
gilardi_stance,gpt-5.4-mini,1266068348565164032,0.6597642499837093,11,,"{""stance"":""pro""}",,,,,,,,,,,,,,,,,,,,,pro,neutral,,,,
gilardi_stance,gpt-5.4-mini,1347239716383502338,0.7947177920141257,11,,"{""stance"":""contra""}",,,,,,,,,,,,,,,,,,,,,contra,contra,,,,
gilardi_stance,gpt-5.4-mini,1316798511783055360,0.6763259579893202,11,,"{""stance"":""contra""}",,,,,,,,,,,,,,,,,,,,,contra,contra,,,,
gilardi_stance,gpt-5.4-mini,1283572068030742530,0.7768489579902962,11,,"{""stance"":""contra""}",,,,,,,,,,,,,,,,,,,,,contra,contra,,,,
gilardi_stance,gpt-5.4-mini,1308828095193911297,0.5432739999960177,11,,"{""stance"":""neutral""}",,,,,,,,,,,,,,,,,,,,,neutral,neutral,,,,
gilardi_stance,gpt-5.4-mini,1347711558474899458,0.9314272499759682,11,,"{""stance"":""contra""}",,,,,,,,,,,,,,,,,,,,,contra,contra,,,,
gilardi_stance,gpt-5.4-mini,1342359232402767872,0.7221372500061989,11,,"{""stance"":""contra""}",,,,,,,,,,,,,,,,,,,,,contra,contra,,,,
gilardi_stance,gpt-5.4-mini,1347310826647138304,0.7095151669927873,11,,"{""stance"":""contra""}",,,,,,,,,,,,,,,,,,,,,contra,neutral,,,,
gilardi_stance,gpt-5.4-mini,1343392747386974208,0.8044499999959953,17,,"{""stance"":""neutral""}",,,,,,,,,,,,,,,,,,,,,neutral,neutral,,,,
gilardi_stance,gpt-5.4-mini,1316519941944815618,0.7317597499932162,11,,"{""stance"":""contra""}",,,,,,,,,,,,,,,,,,,,,contra,neutral,,,,
gilardi_stance,gpt-5.4-mini,1273344734493376515,0.9330066249822266,11,,"{""stance"":""contra""}",,,,,,,,,,,,,,,,,,,,,contra,contra,,,,
gilardi_stance,gpt-5.4-mini,1334126412656218113,0.6266217500087805,17,,"{""stance"":""contra""}",,,,,,,,,,,,,,,,,,,,,contra,contra,,,,
gilardi_stance,gpt-5.4-mini,1347788937096556544,0.6889401250518858,17,,"{""stance"":""pro""}",,,,,,,,,,,,,,,,,,,,,pro,neutral,,,,
gilardi_stance,gpt-5.4-mini,1288554042780721152,0.7856469170073979,11,,"{""stance"":""contra""}",,,,,,,,,,,,,,,,,,,,,contra,contra,,,,
gilardi_stance,gpt-5.4-mini,1266019833403097088,0.8307029590359889,17,,"{""stance"":""pro""}",,,,,,,,,,,,,,,,,,,,,pro,neutral,,,,
gilardi_stance,gpt-5.4-mini,1266183650124525570,0.5847998340032063,11,,"{""stance"":""neutral""}",,,,,,,,,,,,,,,,,,,,,neutral,neutral,,,,
gilardi_stance,gpt-5.4-mini,1335068893929500672,0.7318623340106569,11,,"{""stance"":""contra""}",,,,,,,,,,,,,,,,,,,,,contra,contra,,,,
gilardi_stance,gpt-5.4-mini,1333732951620665344,0.7509713330073282,11,,"{""stance"":""contra""}",,,,,,,,,,,,,,,,,,,,,contra,contra,,,,
gilardi_stance,gpt-5.4-mini,1237444740615933955,0.6280797920189798,17,,"{""stance"":""contra""}",,,,,,,,,,,,,,,,,,,,,contra,neutral,,,,
gilardi_stance,gpt-5.4-mini,1346763207344599041,1.0133948750444688,11,,"{""stance"":""pro""}",,,,,,,,,,,,,,,,,,,,,pro,pro,,,,
gilardi_stance,gpt-5.4-mini,1266461812200964098,0.7195497079519555,17,,"{""stance"":""pro""}",,,,,,,,,,,,,,,,,,,,,pro,neutral,,,,
gilardi_stance,gpt-5.4-mini,1334356579563474945,0.7110317500191741,11,,"{""stance"":""pro""}",,,,,,,,,,,,,,,,,,,,,pro,neutral,,,,
state_adaptation,gpt-5.4,AB 2480,2.713304999982938,47,,"{""adaptation"":1,""mitigation"":0,""relief"":0,""irrelevant"":0,""regulatory"":0,""fiscal"":1,""symbolic"":1,""reversal"":0}",1.0,0.0,0.0,0.0,0.0,1.0,1.0,0.0,1.0,0.0,0.0,0.0,1.0,0.0,0.0,0.0,,,,,,,,,,
state_adaptation,gpt-5.4,HB 2143,2.1506538329995237,47,,"{""adaptation"":0,""mitigation"":0,""relief"":0,""irrelevant"":1,""regulatory"":0,""fiscal"":0,""symbolic"":0,""reversal"":0}",0.0,0.0,0.0,1.0,0.0,0.0,0.0,0.0,0.0,0.0,0.0,1.0,0.0,0.0,0.0,0.0,,,,,,,,,,
state_adaptation,gpt-5.4,HR 176,1.888748500030488,47,,"{""adaptation"":0,""mitigation"":1,""relief"":0,""irrelevant"":0,""regulatory"":0,""fiscal"":0,""symbolic"":1,""reversal"":0}",0.0,1.0,0.0,0.0,0.0,0.0,1.0,0.0,0.0,1.0,0.0,0.0,0.0,0.0,1.0,0.0,,,,,,,,,,
state_adaptation,gpt-5.4,HB 3565,2.1882533750031143,47,,"{""adaptation"":1,""mitigation"":0,""relief"":0,""irrelevant"":0,""regulatory"":0,""fiscal"":1,""symbolic"":0,""reversal"":0}",1.0,0.0,0.0,0.0,0.0,1.0,0.0,0.0,1.0,0.0,0.0,0.0,0.0,1.0,0.0,0.0,,,,,,,,,,
state_adaptation,gpt-5.4,HR 1135,1.4733040829887614,47,,"{""adaptation"":0,""mitigation"":1,""relief"":0,""irrelevant"":0,""regulatory"":0,""fiscal"":1,""symbolic"":0,""reversal"":0}",0.0,1.0,0.0,0.0,0.0,1.0,0.0,0.0,0.0,1.0,0.0,0.0,0.0,0.0,1.0,0.0,,,,,,,,,,
state_adaptation,gpt-5.4,S 2711,1.3770541250123642,47,,"{""adaptation"":0,""mitigation"":1,""relief"":0,""irrelevant"":0,""regulatory"":0,""fiscal"":0,""symbolic"":1,""reversal"":0}",0.0,1.0,0.0,0.0,0.0,0.0,1.0,0.0,0.0,1.0,0.0,0.0,0.0,0.0,1.0,0.0,,,,,,,,,,
state_adaptation,gpt-5.4,AJR 152,1.6241989170084707,47,,"{""adaptation"":1,""mitigation"":0,""relief"":0,""irrelevant"":0,""regulatory"":0,""fiscal"":0,""symbolic"":1,""reversal"":0}",1.0,0.0,0.0,0.0,0.0,0.0,1.0,0.0,0.0,0.0,0.0,1.0,0.0,0.0,0.0,0.0,,,,,,,,,,
state_adaptation,gpt-5.4,AB 887,1.448110707977321,52,,"{""adaptation"":0,""mitigation"":0,""relief"":0,""irrelevant"":1,""regulatory"":0,""fiscal"":0,""symbolic"":0,""reversal"":0
    }",0.0,0.0,0.0,1.0,0.0,0.0,0.0,0.0,0.0,0.0,0.0,1.0,0.0,0.0,0.0,0.0,,,,,,,,,,
state_adaptation,gpt-5.4,HB 74,1.9805723750032485,64,,"{""adaptation"": 0, ""mitigation"": 1, ""relief"": 0, ""irrelevant"": 0, ""regulatory"": 0, ""fiscal"": 0, ""symbolic"": 1, ""reversal"": 0
  }",0.0,1.0,0.0,0.0,0.0,0.0,1.0,0.0,0.0,1.0,0.0,0.0,0.0,0.0,1.0,0.0,,,,,,,,,,
state_adaptation,gpt-5.4,HB 7A,1.4238927090191282,47,,"{""adaptation"":1,""mitigation"":0,""relief"":0,""irrelevant"":0,""regulatory"":1,""fiscal"":0,""symbolic"":0,""reversal"":0}",1.0,0.0,0.0,0.0,1.0,0.0,0.0,0.0,1.0,0.0,0.0,0.0,0.0,0.0,1.0,0.0,,,,,,,,,,
state_adaptation,gpt-5.4,SB 605,1.7335989589919336,47,,"{""adaptation"":0,""mitigation"":1,""relief"":0,""irrelevant"":0,""regulatory"":0,""fiscal"":1,""symbolic"":0,""reversal"":0}",0.0,1.0,0.0,0.0,0.0,1.0,0.0,0.0,0.0,1.0,0.0,0.0,0.0,0.0,1.0,0.0,,,,,,,,,,
state_adaptation,gpt-5.4,HB 202,2.0459114590194076,62,,"{""adaptation"": 0, ""mitigation"": 1, ""relief"": 0, ""irrelevant"": 0, ""regulatory"": 0, ""fiscal"": 1, ""symbolic"": 0, ""reversal"": 1}",0.0,1.0,0.0,0.0,0.0,1.0,0.0,1.0,0.0,1.0,0.0,0.0,0.0,0.0,0.0,1.0,,,,,,,,,,
state_adaptation,gpt-5.4,HB 1474,1.5668742500129156,62,,"{""adaptation"": 0, ""mitigation"": 0, ""relief"": 0, ""irrelevant"": 1, ""regulatory"": 0, ""fiscal"": 0, ""symbolic"": 1, ""reversal"": 0 }",0.0,0.0,0.0,1.0,0.0,0.0,1.0,0.0,0.0,0.0,0.0,1.0,0.0,0.0,0.0,0.0,,,,,,,,,,
state_adaptation,gpt-5.4,SB 18-143,1.2548988750204444,47,,"{""adaptation"":0,""mitigation"":0,""relief"":0,""irrelevant"":1,""regulatory"":0,""fiscal"":0,""symbolic"":0,""reversal"":0}",0.0,0.0,0.0,1.0,0.0,0.0,0.0,0.0,0.0,0.0,0.0,1.0,0.0,0.0,0.0,0.0,,,,,,,,,,
state_adaptation,gpt-5.4,SB 610,2.2825157080078498,47,,"{""adaptation"":0,""mitigation"":0,""relief"":0,""irrelevant"":1,""regulatory"":0,""fiscal"":0,""symbolic"":0,""reversal"":0}",0.0,0.0,0.0,1.0,0.0,0.0,0.0,0.0,0.0,0.0,0.0,1.0,0.0,0.0,0.0,0.0,,,,,,,,,,
state_adaptation,gpt-5.4,S 338,1.5559762920020148,47,,"{""adaptation"":0,""mitigation"":1,""relief"":0,""irrelevant"":0,""regulatory"":1,""fiscal"":1,""symbolic"":0,""reversal"":0}",0.0,1.0,0.0,0.0,1.0,1.0,0.0,0.0,0.0,1.0,0.0,0.0,0.0,1.0,1.0,0.0,,,,,,,,,,
state_adaptation,gpt-5.4,SB 6,1.676899250014685,49,,"{""adaptation"":0,""mitigation"":0,""relief"":0,""irrelevant"":1,""regulatory"":0,""fiscal"":0,""symbolic"":0,""reversal"":0		}",0.0,0.0,0.0,1.0,0.0,0.0,0.0,0.0,0.0,0.0,0.0,1.0,0.0,0.0,0.0,0.0,,,,,,,,,,
state_adaptation,gpt-5.4,HB 208,1.238909333012998,47,,"{""adaptation"":0,""mitigation"":1,""relief"":0,""irrelevant"":0,""regulatory"":0,""fiscal"":1,""symbolic"":0,""reversal"":0}",0.0,1.0,0.0,0.0,0.0,1.0,0.0,0.0,0.0,1.0,0.0,0.0,0.0,1.0,0.0,0.0,,,,,,,,,,
state_adaptation,gpt-5.4,SB 613,5.0111105420510285,47,,"{""adaptation"":0,""mitigation"":1,""relief"":0,""irrelevant"":0,""regulatory"":0,""fiscal"":0,""symbolic"":1,""reversal"":0}",0.0,1.0,0.0,0.0,0.0,0.0,1.0,0.0,0.0,1.0,0.0,0.0,0.0,0.0,1.0,0.0,,,,,,,,,,
state_adaptation,gpt-5.4,HB 1615,1.3950348329963165,62,,"{""adaptation"": 1, ""mitigation"": 1, ""relief"": 0, ""irrelevant"": 0, ""regulatory"": 1, ""fiscal"": 0, ""symbolic"": 0, ""reversal"": 0}",1.0,1.0,0.0,0.0,1.0,0.0,0.0,0.0,0.0,0.0,0.0,1.0,0.0,0.0,0.0,0.0,,,,,,,,,,
state_adaptation,gpt-5.4,HB 1817,1.509673583030235,62,,"{""adaptation"": 0, ""mitigation"": 0, ""relief"": 0, ""irrelevant"": 1, ""regulatory"": 0, ""fiscal"": 1, ""symbolic"": 0, ""reversal"": 0}",0.0,0.0,0.0,1.0,0.0,1.0,0.0,0.0,0.0,0.0,0.0,1.0,0.0,0.0,0.0,0.0,,,,,,,,,,
state_adaptation,gpt-5.4,AB 2643,1.2482554169837383,47,,"{""adaptation"":0,""mitigation"":1,""relief"":0,""irrelevant"":0,""regulatory"":0,""fiscal"":0,""symbolic"":0,""reversal"":0}",0.0,1.0,0.0,0.0,0.0,0.0,0.0,0.0,0.0,1.0,0.0,0.0,0.0,0.0,1.0,0.0,,,,,,,,,,
state_adaptation,gpt-5.4,SB 146,1.2356166249956004,47,,"{""adaptation"":0,""mitigation"":0,""relief"":0,""irrelevant"":1,""regulatory"":0,""fiscal"":0,""symbolic"":0,""reversal"":0}",0.0,0.0,0.0,1.0,0.0,0.0,0.0,0.0,1.0,0.0,0.0,0.0,0.0,1.0,0.0,0.0,,,,,,,,,,
state_adaptation,gpt-5.4,SB 732,1.6230608329642564,47,,"{""adaptation"":0,""mitigation"":0,""relief"":0,""irrelevant"":1,""regulatory"":0,""fiscal"":0,""symbolic"":0,""reversal"":0}",0.0,0.0,0.0,1.0,0.0,0.0,0.0,0.0,0.0,0.0,0.0,1.0,0.0,0.0,0.0,0.0,,,,,,,,,,
state_adaptation,gpt-5.4,SB 1700,1.196154291043058,47,,"{""adaptation"":0,""mitigation"":1,""relief"":0,""irrelevant"":0,""regulatory"":0,""fiscal"":1,""symbolic"":0,""reversal"":0}",0.0,1.0,0.0,0.0,0.0,1.0,0.0,0.0,0.0,1.0,0.0,0.0,0.0,0.0,1.0,0.0,,,,,,,,,,
state_adaptation,gpt-5.4,SD 3054,2.2946854169713333,47,,"{""adaptation"":0,""mitigation"":1,""relief"":0,""irrelevant"":0,""regulatory"":0,""fiscal"":0,""symbolic"":1,""reversal"":0}",0.0,1.0,0.0,0.0,0.0,0.0,1.0,0.0,0.0,1.0,0.0,0.0,0.0,0.0,1.0,0.0,,,,,,,,,,
state_adaptation,gpt-5.4,AB 115,2.11252212501131,47,,"{""adaptation"":0,""mitigation"":0,""relief"":0,""irrelevant"":1,""regulatory"":0,""fiscal"":0,""symbolic"":0,""reversal"":0}",0.0,0.0,0.0,1.0,0.0,0.0,0.0,0.0,0.0,0.0,0.0,1.0,0.0,0.0,0.0,0.0,,,,,,,,,,
state_adaptation,gpt-5.4,S 3423,1.5799519579741172,47,,"{""adaptation"":0,""mitigation"":1,""relief"":0,""irrelevant"":0,""regulatory"":1,""fiscal"":0,""symbolic"":0,""reversal"":0}",0.0,1.0,0.0,0.0,1.0,0.0,0.0,0.0,0.0,1.0,0.0,0.0,1.0,0.0,0.0,0.0,,,,,,,,,,
state_adaptation,gpt-5.4,SB 3142,1.1572209159494378,47,,"{""adaptation"":0,""mitigation"":0,""relief"":0,""irrelevant"":1,""regulatory"":0,""fiscal"":0,""symbolic"":0,""reversal"":0}",0.0,0.0,0.0,1.0,0.0,0.0,0.0,0.0,0.0,0.0,0.0,1.0,0.0,0.0,0.0,0.0,,,,,,,,,,
state_adaptation,gpt-5.4,HB 191,1.2557716660085134,47,,"{""adaptation"":0,""mitigation"":1,""relief"":0,""irrelevant"":0,""regulatory"":1,""fiscal"":0,""symbolic"":0,""reversal"":0}",0.0,1.0,0.0,0.0,1.0,0.0,0.0,0.0,0.0,1.0,0.0,0.0,1.0,0.0,0.0,0.0,,,,,,,,,,
state_adaptation,gpt-5.4,SF 2188,1.2097410829737782,47,,"{""adaptation"":1,""mitigation"":0,""relief"":0,""irrelevant"":0,""regulatory"":0,""fiscal"":1,""symbolic"":0,""reversal"":0}",1.0,0.0,0.0,0.0,0.0,1.0,0.0,0.0,1.0,0.0,0.0,0.0,0.0,0.0,1.0,0.0,,,,,,,,,,
state_adaptation,gpt-5.4,S 4087,1.89992366702063,47,,"{""adaptation"":0,""mitigation"":0,""relief"":0,""irrelevant"":1,""regulatory"":0,""fiscal"":1,""symbolic"":0,""reversal"":0}",0.0,0.0,0.0,1.0,0.0,1.0,0.0,0.0,0.0,0.0,0.0,1.0,0.0,0.0,0.0,0.0,,,,,,,,,,
state_adaptation,gpt-5.4,HR 143,1.2546565830125471,47,,"{""adaptation"":0,""mitigation"":0,""relief"":0,""irrelevant"":1,""regulatory"":0,""fiscal"":0,""symbolic"":1,""reversal"":0}",0.0,0.0,0.0,1.0,0.0,0.0,1.0,0.0,0.0,1.0,0.0,0.0,0.0,0.0,1.0,0.0,,,,,,,,,,
state_adaptation,gpt-5.4,S 1653,1.7628049579798244,47,,"{""adaptation"":0,""mitigation"":0,""relief"":0,""irrelevant"":1,""regulatory"":0,""fiscal"":0,""symbolic"":0,""reversal"":0}",0.0,0.0,0.0,1.0,0.0,0.0,0.0,0.0,0.0,0.0,0.0,1.0,0.0,0.0,0.0,0.0,,,,,,,,,,
state_adaptation,gpt-5.4,HB 3284,1.573819916986395,47,,"{""adaptation"":0,""mitigation"":1,""relief"":0,""irrelevant"":0,""regulatory"":0,""fiscal"":0,""symbolic"":0,""reversal"":0}",0.0,1.0,0.0,0.0,0.0,0.0,0.0,0.0,0.0,0.0,0.0,1.0,0.0,0.0,0.0,0.0,,,,,,,,,,
state_adaptation,gpt-5.4,SB 1291,1.8639703340013511,47,,"{""adaptation"":1,""mitigation"":0,""relief"":0,""irrelevant"":0,""regulatory"":0,""fiscal"":1,""symbolic"":1,""reversal"":0}",1.0,0.0,0.0,0.0,0.0,1.0,1.0,0.0,1.0,0.0,0.0,0.0,0.0,0.0,1.0,0.0,,,,,,,,,,
state_adaptation,gpt-5.4,HB 5610,1.1758356670034118,47,,"{""adaptation"":0,""mitigation"":1,""relief"":0,""irrelevant"":0,""regulatory"":1,""fiscal"":0,""symbolic"":0,""reversal"":0}",0.0,1.0,0.0,0.0,1.0,0.0,0.0,0.0,0.0,0.0,0.0,1.0,0.0,0.0,0.0,0.0,,,,,,,,,,
state_adaptation,gpt-5.4,SB 287,1.3797705409815535,62,,"{""adaptation"": 0, ""mitigation"": 0, ""relief"": 0, ""irrelevant"": 1, ""regulatory"": 0, ""fiscal"": 0, ""symbolic"": 0, ""reversal"": 0}",0.0,0.0,0.0,1.0,0.0,0.0,0.0,0.0,0.0,0.0,0.0,1.0,0.0,0.0,0.0,0.0,,,,,,,,,,
state_adaptation,gpt-5.4,AB 2259,1.3286684170016088,47,,"{""adaptation"":1,""mitigation"":0,""relief"":0,""irrelevant"":0,""regulatory"":0,""fiscal"":1,""symbolic"":0,""reversal"":0}",1.0,0.0,0.0,0.0,0.0,1.0,0.0,0.0,0.0,0.0,0.0,1.0,0.0,0.0,0.0,0.0,,,,,,,,,,
state_adaptation,gpt-5.4,HB 4340,1.9448394579812884,62,,"{""adaptation"": 0, ""mitigation"": 0, ""relief"": 0, ""irrelevant"": 1, ""regulatory"": 0, ""fiscal"": 0, ""symbolic"": 0, ""reversal"": 0}",0.0,0.0,0.0,1.0,0.0,0.0,0.0,0.0,0.0,0.0,0.0,1.0,0.0,0.0,0.0,0.0,,,,,,,,,,
state_adaptation,gpt-5.4,HR 4916,1.1733364170067944,47,,"{""adaptation"":0,""mitigation"":1,""relief"":0,""irrelevant"":0,""regulatory"":0,""fiscal"":1,""symbolic"":0,""reversal"":0}",0.0,1.0,0.0,0.0,0.0,1.0,0.0,0.0,0.0,1.0,0.0,0.0,0.0,0.0,1.0,0.0,,,,,,,,,,
state_adaptation,gpt-5.4,SB 2180,1.2786549169686623,47,,"{""adaptation"":0,""mitigation"":0,""relief"":0,""irrelevant"":1,""regulatory"":0,""fiscal"":0,""symbolic"":0,""reversal"":0}",0.0,0.0,0.0,1.0,0.0,0.0,0.0,0.0,0.0,0.0,0.0,1.0,0.0,0.0,0.0,0.0,,,,,,,,,,
state_adaptation,gpt-5.4,SB 119,1.8215117499930784,49,,"{""adaptation"":0,""mitigation"":0,""relief"":0,""irrelevant"":1,""regulatory"":0,""fiscal"":0,""symbolic"":0,""reversal"":0
  }",0.0,0.0,0.0,1.0,0.0,0.0,0.0,0.0,0.0,0.0,0.0,1.0,0.0,0.0,0.0,0.0,,,,,,,,,,
state_adaptation,gpt-5.4,SF 460,1.4207379999570549,62,,"{""adaptation"": 1, ""mitigation"": 0, ""relief"": 0, ""irrelevant"": 0, ""regulatory"": 1, ""fiscal"": 0, ""symbolic"": 0, ""reversal"": 0 }",1.0,0.0,0.0,0.0,1.0,0.0,0.0,0.0,0.0,0.0,0.0,1.0,0.0,0.0,0.0,0.0,,,,,,,,,,
state_adaptation,gpt-5.4,S 2353,1.3031485000392422,49,,"{""adaptation"":0,""mitigation"":0,""relief"":0,""irrelevant"":1,""regulatory"":0,""fiscal"":1,""symbolic"":0,""reversal"":0		}",0.0,0.0,0.0,1.0,0.0,1.0,0.0,0.0,0.0,0.0,0.0,1.0,0.0,0.0,0.0,0.0,,,,,,,,,,
state_adaptation,gpt-5.4,HR 2635,3.546731874987018,47,,"{""adaptation"":0,""mitigation"":1,""relief"":0,""irrelevant"":0,""regulatory"":1,""fiscal"":0,""symbolic"":0,""reversal"":0}",0.0,1.0,0.0,0.0,1.0,0.0,0.0,0.0,0.0,1.0,0.0,0.0,0.0,0.0,1.0,0.0,,,,,,,,,,
state_adaptation,gpt-5.4,HB 451,1.9666015830007384,47,,"{""adaptation"":0,""mitigation"":0,""relief"":0,""irrelevant"":1,""regulatory"":0,""fiscal"":0,""symbolic"":0,""reversal"":0}",0.0,0.0,0.0,1.0,0.0,0.0,0.0,0.0,0.0,0.0,0.0,1.0,0.0,0.0,0.0,0.0,,,,,,,,,,
state_adaptation,gpt-5.4,S 497,1.2980175410048105,47,,"{""adaptation"":1,""mitigation"":0,""relief"":0,""irrelevant"":0,""regulatory"":0,""fiscal"":1,""symbolic"":0,""reversal"":1}",1.0,0.0,0.0,0.0,0.0,1.0,0.0,1.0,1.0,0.0,0.0,0.0,0.0,0.0,0.0,1.0,,,,,,,,,,
state_adaptation,gpt-5.4,HB 2438,1.342514707997907,47,,"{""adaptation"":0,""mitigation"":0,""relief"":0,""irrelevant"":1,""regulatory"":0,""fiscal"":1,""symbolic"":0,""reversal"":0}",0.0,0.0,0.0,1.0,0.0,1.0,0.0,0.0,0.0,0.0,0.0,1.0,0.0,0.0,0.0,0.0,,,,,,,,,,
state_adaptation,gpt-5.4,HF 468,1.683130000019446,47,,"{""adaptation"":1,""mitigation"":0,""relief"":0,""irrelevant"":0,""regulatory"":0,""fiscal"":1,""symbolic"":0,""reversal"":0}",1.0,0.0,0.0,0.0,0.0,1.0,0.0,0.0,0.0,0.0,0.0,1.0,0.0,0.0,0.0,0.0,,,,,,,,,,
gilardi_relevance,gpt-5.4,1237763877468692481,1.0053207910386843,12,,"{""relevant"":0}",,,,,,,,,,,,,,,,,0.0,0.0,,,,,,,,
gilardi_relevance,gpt-5.4,1287948085453180929,1.2090621670358814,12,,"{""relevant"":0}",,,,,,,,,,,,,,,,,0.0,0.0,,,,,,,,
gilardi_relevance,gpt-5.4,1268523660245184513,1.1044642080087217,12,,"{""relevant"":0}",,,,,,,,,,,,,,,,,0.0,1.0,,,,,,,,
gilardi_relevance,gpt-5.4,1275169301381742593,0.8919182919780724,12,,"{""relevant"":0}",,,,,,,,,,,,,,,,,0.0,0.0,,,,,,,,
gilardi_relevance,gpt-5.4,1289280346056359937,0.811577083019074,12,,"{""relevant"":0}",,,,,,,,,,,,,,,,,0.0,0.0,,,,,,,,
gilardi_relevance,gpt-5.4,1285161332594089984,1.1608947499771602,12,,"{""relevant"":0}",,,,,,,,,,,,,,,,,0.0,0.0,,,,,,,,
gilardi_relevance,gpt-5.4,1259441759496613889,0.7337981250020675,12,,"{""relevant"":1}",,,,,,,,,,,,,,,,,1.0,1.0,,,,,,,,
gilardi_relevance,gpt-5.4,1259234667628199937,0.8837628340115771,12,,"{""relevant"":1}",,,,,,,,,,,,,,,,,1.0,1.0,,,,,,,,
gilardi_relevance,gpt-5.4,1236354180639592451,1.123689625004772,12,,"{""relevant"":1}",,,,,,,,,,,,,,,,,1.0,1.0,,,,,,,,
gilardi_relevance,gpt-5.4,1221880847722340352,0.8678812080179341,12,,"{""relevant"":0}",,,,,,,,,,,,,,,,,0.0,0.0,,,,,,,,
gilardi_relevance,gpt-5.4,1230413821681946624,0.8932754999841563,12,,"{""relevant"":0}",,,,,,,,,,,,,,,,,0.0,0.0,,,,,,,,
gilardi_relevance,gpt-5.4,1243663458857635845,0.8555666250176728,12,,"{""relevant"":0}",,,,,,,,,,,,,,,,,0.0,0.0,,,,,,,,
gilardi_relevance,gpt-5.4,1259957303471726592,0.9912617080262862,12,,"{""relevant"":1}",,,,,,,,,,,,,,,,,1.0,1.0,,,,,,,,
gilardi_relevance,gpt-5.4,1275251865517686784,1.004680958983954,12,,"{""relevant"":0}",,,,,,,,,,,,,,,,,0.0,0.0,,,,,,,,
gilardi_relevance,gpt-5.4,1245856689187729410,0.993168874992989,12,,"{""relevant"":0}",,,,,,,,,,,,,,,,,0.0,0.0,,,,,,,,
gilardi_relevance,gpt-5.4,1254424205501890560,0.8185935000074096,12,,"{""relevant"":0}",,,,,,,,,,,,,,,,,0.0,0.0,,,,,,,,
gilardi_relevance,gpt-5.4,1256232500655001600,0.8644422499928623,12,,"{""relevant"":0}",,,,,,,,,,,,,,,,,0.0,0.0,,,,,,,,
gilardi_relevance,gpt-5.4,1271142153855447040,0.9098111249622888,12,,"{""relevant"":1}",,,,,,,,,,,,,,,,,1.0,1.0,,,,,,,,
gilardi_relevance,gpt-5.4,1244137138289102853,2.264725749962963,12,,"{""relevant"":0}",,,,,,,,,,,,,,,,,0.0,1.0,,,,,,,,
gilardi_relevance,gpt-5.4,1321537906364817410,0.9217349590035157,12,,"{""relevant"":1}",,,,,,,,,,,,,,,,,1.0,1.0,,,,,,,,
gilardi_relevance,gpt-5.4,1302301682458669061,0.8011826670262963,12,,"{""relevant"":0}",,,,,,,,,,,,,,,,,0.0,0.0,,,,,,,,
gilardi_relevance,gpt-5.4,1217506580549308416,0.7358939169789664,12,,"{""relevant"":0}",,,,,,,,,,,,,,,,,0.0,0.0,,,,,,,,
gilardi_relevance,gpt-5.4,1235649275918462982,1.0259816250181757,12,,"{""relevant"":0}",,,,,,,,,,,,,,,,,0.0,0.0,,,,,,,,
gilardi_relevance,gpt-5.4,1259260655900786693,0.9118023750488646,12,,"{""relevant"":1}",,,,,,,,,,,,,,,,,1.0,1.0,,,,,,,,
gilardi_relevance,gpt-5.4,1234062520475955201,0.8260182089870796,12,,"{""relevant"":0}",,,,,,,,,,,,,,,,,0.0,0.0,,,,,,,,
gilardi_relevance,gpt-5.4,1267272595210149888,0.7862074159784243,12,,"{""relevant"":1}",,,,,,,,,,,,,,,,,1.0,1.0,,,,,,,,
gilardi_relevance,gpt-5.4,1224116829272133632,0.9108254169696012,12,,"{""relevant"":0}",,,,,,,,,,,,,,,,,0.0,0.0,,,,,,,,
gilardi_relevance,gpt-5.4,1251495521270857728,1.057569207972847,12,,"{""relevant"":1}",,,,,,,,,,,,,,,,,1.0,1.0,,,,,,,,
gilardi_relevance,gpt-5.4,1311474754721779712,1.2303398750373162,12,,"{""relevant"":1}",,,,,,,,,,,,,,,,,1.0,1.0,,,,,,,,
gilardi_relevance,gpt-5.4,1254136863700344833,0.7906196669791825,12,,"{""relevant"":1}",,,,,,,,,,,,,,,,,1.0,1.0,,,,,,,,
gilardi_relevance,gpt-5.4,1298296851607814144,0.8255420829518698,12,,"{""relevant"":0}",,,,,,,,,,,,,,,,,0.0,0.0,,,,,,,,
gilardi_relevance,gpt-5.4,1259246936793718784,0.7858770409948193,12,,"{""relevant"":1}",,,,,,,,,,,,,,,,,1.0,1.0,,,,,,,,
gilardi_relevance,gpt-5.4,1295044560456802304,1.1791361669893377,12,,"{""relevant"":1}",,,,,,,,,,,,,,,,,1.0,1.0,,,,,,,,
gilardi_relevance,gpt-5.4,1300319304022335488,0.8439253329997882,12,,"{""relevant"":0}",,,,,,,,,,,,,,,,,0.0,0.0,,,,,,,,
gilardi_relevance,gpt-5.4,1259525583870009345,0.896499416034203,12,,"{""relevant"":1}",,,,,,,,,,,,,,,,,1.0,1.0,,,,,,,,
gilardi_relevance,gpt-5.4,1245576440994598915,1.2203608339768834,12,,"{""relevant"":0}",,,,,,,,,,,,,,,,,0.0,0.0,,,,,,,,
gilardi_relevance,gpt-5.4,1230718553491304448,1.1351901660091244,12,,"{""relevant"":0}",,,,,,,,,,,,,,,,,0.0,0.0,,,,,,,,
gilardi_relevance,gpt-5.4,1318158391299182594,0.923038707987871,12,,"{""relevant"":1}",,,,,,,,,,,,,,,,,1.0,1.0,,,,,,,,
gilardi_relevance,gpt-5.4,1233767555170328576,0.8486857910174876,12,,"{""relevant"":0}",,,,,,,,,,,,,,,,,0.0,0.0,,,,,,,,
gilardi_relevance,gpt-5.4,1278422893769170947,1.0922314589843154,12,,"{""relevant"":1}",,,,,,,,,,,,,,,,,1.0,0.0,,,,,,,,
gilardi_relevance,gpt-5.4,1271297474540343296,0.9117780409869738,12,,"{""relevant"":0}",,,,,,,,,,,,,,,,,0.0,1.0,,,,,,,,
gilardi_relevance,gpt-5.4,1292622597436276736,1.3104146670084449,12,,"{""relevant"":1}",,,,,,,,,,,,,,,,,1.0,1.0,,,,,,,,
gilardi_relevance,gpt-5.4,1259268872433291266,1.050228292006068,12,,"{""relevant"":1}",,,,,,,,,,,,,,,,,1.0,1.0,,,,,,,,
gilardi_relevance,gpt-5.4,1212671773252243456,1.2298876250279136,12,,"{""relevant"":0}",,,,,,,,,,,,,,,,,0.0,0.0,,,,,,,,
gilardi_relevance,gpt-5.4,1267132576386486273,0.7989010410383344,12,,"{""relevant"":0}",,,,,,,,,,,,,,,,,0.0,0.0,,,,,,,,
gilardi_relevance,gpt-5.4,1291370146800394241,0.8398970840498805,12,,"{""relevant"":1}",,,,,,,,,,,,,,,,,1.0,1.0,,,,,,,,
gilardi_relevance,gpt-5.4,1271899196073836545,1.0293632919783704,12,,"{""relevant"":1}",,,,,,,,,,,,,,,,,1.0,1.0,,,,,,,,
gilardi_relevance,gpt-5.4,1298178287005388802,1.1894081250065938,12,,"{""relevant"":1}",,,,,,,,,,,,,,,,,1.0,1.0,,,,,,,,
gilardi_relevance,gpt-5.4,1291219678296248320,0.7827377920038998,12,,"{""relevant"":1}",,,,,,,,,,,,,,,,,1.0,1.0,,,,,,,,
gilardi_relevance,gpt-5.4,1321106429772746752,1.1578065830399282,12,,"{""relevant"":0}",,,,,,,,,,,,,,,,,0.0,0.0,,,,,,,,
ballard_incivility,gpt-5.4,537,0.7552291249739937,12,,"{""uncivil"":0}",,,,,,,,,,,,,,,,,,,0.0,0.0,,,,,,
ballard_incivility,gpt-5.4,296,1.0095129999681376,12,,"{""uncivil"":0}",,,,,,,,,,,,,,,,,,,0.0,1.0,,,,,,
ballard_incivility,gpt-5.4,1401,1.2270822090213187,12,,"{""uncivil"":0}",,,,,,,,,,,,,,,,,,,0.0,0.0,,,,,,
ballard_incivility,gpt-5.4,240,0.8198318340000696,12,,"{""uncivil"":1}",,,,,,,,,,,,,,,,,,,1.0,1.0,,,,,,
ballard_incivility,gpt-5.4,91,0.7143408330157399,12,,"{""uncivil"":1}",,,,,,,,,,,,,,,,,,,1.0,0.0,,,,,,
ballard_incivility,gpt-5.4,2014,0.7744484170107171,12,,"{""uncivil"":0}",,,,,,,,,,,,,,,,,,,0.0,0.0,,,,,,
ballard_incivility,gpt-5.4,1131,0.79167258401867,12,,"{""uncivil"":0}",,,,,,,,,,,,,,,,,,,0.0,0.0,,,,,,
ballard_incivility,gpt-5.4,416,0.8986901669995859,12,,"{""uncivil"":1}",,,,,,,,,,,,,,,,,,,1.0,1.0,,,,,,
ballard_incivility,gpt-5.4,1289,0.8344892080058344,12,,"{""uncivil"":0}",,,,,,,,,,,,,,,,,,,0.0,0.0,,,,,,
ballard_incivility,gpt-5.4,1598,0.9024523330153896,12,,"{""uncivil"":0}",,,,,,,,,,,,,,,,,,,0.0,0.0,,,,,,
ballard_incivility,gpt-5.4,625,0.8498951249639504,12,,"{""uncivil"":0}",,,,,,,,,,,,,,,,,,,0.0,0.0,,,,,,
ballard_incivility,gpt-5.4,1742,0.7701209579827264,12,,"{""uncivil"":0}",,,,,,,,,,,,,,,,,,,0.0,0.0,,,,,,
ballard_incivility,gpt-5.4,1848,0.7524420829722658,12,,"{""uncivil"":0}",,,,,,,,,,,,,,,,,,,0.0,0.0,,,,,,
ballard_incivility,gpt-5.4,1863,0.7996494999970309,12,,"{""uncivil"":0}",,,,,,,,,,,,,,,,,,,0.0,0.0,,,,,,
ballard_incivility,gpt-5.4,1690,0.9214569170144388,12,,"{""uncivil"":1}",,,,,,,,,,,,,,,,,,,1.0,0.0,,,,,,
ballard_incivility,gpt-5.4,1675,0.7155932920286432,12,,"{""uncivil"":0}",,,,,,,,,,,,,,,,,,,0.0,0.0,,,,,,
ballard_incivility,gpt-5.4,1603,1.080720875004772,12,,"{""uncivil"":1}",,,,,,,,,,,,,,,,,,,1.0,0.0,,,,,,
ballard_incivility,gpt-5.4,413,0.8012675000354648,12,,"{""uncivil"":1}",,,,,,,,,,,,,,,,,,,1.0,1.0,,,,,,
ballard_incivility,gpt-5.4,606,0.80908062501112,12,,"{""uncivil"":1}",,,,,,,,,,,,,,,,,,,1.0,0.0,,,,,,
ballard_incivility,gpt-5.4,264,1.255923749995418,12,,"{""uncivil"":0}",,,,,,,,,,,,,,,,,,,0.0,1.0,,,,,,
ballard_incivility,gpt-5.4,294,0.9381500000017696,12,,"{""uncivil"":0}",,,,,,,,,,,,,,,,,,,0.0,1.0,,,,,,
ballard_incivility,gpt-5.4,378,0.7953282500384375,12,,"{""uncivil"":0}",,,,,,,,,,,,,,,,,,,0.0,1.0,,,,,,
ballard_incivility,gpt-5.4,402,0.9844354589586146,12,,"{""uncivil"":1}",,,,,,,,,,,,,,,,,,,1.0,1.0,,,,,,
ballard_incivility,gpt-5.4,2083,1.5185776249854823,12,,"{""uncivil"":0}",,,,,,,,,,,,,,,,,,,0.0,0.0,,,,,,
ballard_incivility,gpt-5.4,1013,0.8055438749724999,12,,"{""uncivil"":0}",,,,,,,,,,,,,,,,,,,0.0,0.0,,,,,,
ballard_incivility,gpt-5.4,2664,0.9347232910222374,12,,"{""uncivil"":0}",,,,,,,,,,,,,,,,,,,0.0,0.0,,,,,,
ballard_incivility,gpt-5.4,98,0.8419380839914083,12,,"{""uncivil"":0}",,,,,,,,,,,,,,,,,,,0.0,0.0,,,,,,
ballard_incivility,gpt-5.4,999,1.1647972500068136,12,,"{""uncivil"":0}",,,,,,,,,,,,,,,,,,,0.0,0.0,,,,,,
ballard_incivility,gpt-5.4,1814,1.396267500007525,12,,"{""uncivil"":0}",,,,,,,,,,,,,,,,,,,0.0,0.0,,,,,,
ballard_incivility,gpt-5.4,609,0.9686363330110908,12,,"{""uncivil"":0}",,,,,,,,,,,,,,,,,,,0.0,0.0,,,,,,
ballard_incivility,gpt-5.4,2306,0.7247737090219744,12,,"{""uncivil"":0}",,,,,,,,,,,,,,,,,,,0.0,0.0,,,,,,
ballard_incivility,gpt-5.4,200,0.748889708018396,12,,"{""uncivil"":0}",,,,,,,,,,,,,,,,,,,0.0,0.0,,,,,,
ballard_incivility,gpt-5.4,1875,1.3233819999732075,12,,"{""uncivil"":0}",,,,,,,,,,,,,,,,,,,0.0,0.0,,,,,,
ballard_incivility,gpt-5.4,1125,0.9294541669660248,12,,"{""uncivil"":0}",,,,,,,,,,,,,,,,,,,0.0,0.0,,,,,,
ballard_incivility,gpt-5.4,315,0.8236427499796264,12,,"{""uncivil"":0}",,,,,,,,,,,,,,,,,,,0.0,1.0,,,,,,
ballard_incivility,gpt-5.4,2674,0.8634448340162635,12,,"{""uncivil"":0}",,,,,,,,,,,,,,,,,,,0.0,0.0,,,,,,
ballard_incivility,gpt-5.4,803,0.878982458030805,12,,"{""uncivil"":0}",,,,,,,,,,,,,,,,,,,0.0,0.0,,,,,,
ballard_incivility,gpt-5.4,2505,1.4176365419989452,12,,"{""uncivil"":0}",,,,,,,,,,,,,,,,,,,0.0,0.0,,,,,,
ballard_incivility,gpt-5.4,1107,0.9019405000144616,12,,"{""uncivil"":0}",,,,,,,,,,,,,,,,,,,0.0,0.0,,,,,,
ballard_incivility,gpt-5.4,2595,0.823940375004895,12,,"{""uncivil"":0}",,,,,,,,,,,,,,,,,,,0.0,0.0,,,,,,
ballard_incivility,gpt-5.4,1550,0.8562267500092275,12,,"{""uncivil"":0}",,,,,,,,,,,,,,,,,,,0.0,0.0,,,,,,
ballard_incivility,gpt-5.4,1296,0.8873632500180975,12,,"{""uncivil"":0}",,,,,,,,,,,,,,,,,,,0.0,0.0,,,,,,
ballard_incivility,gpt-5.4,2110,0.8495963750174269,12,,"{""uncivil"":0}",,,,,,,,,,,,,,,,,,,0.0,0.0,,,,,,
ballard_incivility,gpt-5.4,749,1.0195056659867987,12,,"{""uncivil"":0}",,,,,,,,,,,,,,,,,,,0.0,0.0,,,,,,
ballard_incivility,gpt-5.4,2386,1.0018761660321616,12,,"{""uncivil"":0}",,,,,,,,,,,,,,,,,,,0.0,0.0,,,,,,
ballard_incivility,gpt-5.4,102,5.563947957998607,12,,"{""uncivil"":0}",,,,,,,,,,,,,,,,,,,0.0,0.0,,,,,,
ballard_incivility,gpt-5.4,2656,0.8632453749887645,12,,"{""uncivil"":0}",,,,,,,,,,,,,,,,,,,0.0,0.0,,,,,,
ballard_incivility,gpt-5.4,1792,0.8145014170440845,12,,"{""uncivil"":0}",,,,,,,,,,,,,,,,,,,0.0,0.0,,,,,,
ballard_incivility,gpt-5.4,1632,0.7601767079904675,12,,"{""uncivil"":0}",,,,,,,,,,,,,,,,,,,0.0,0.0,,,,,,
ballard_incivility,gpt-5.4,1367,0.7576960830483586,12,,"{""uncivil"":0}",,,,,,,,,,,,,,,,,,,0.0,0.0,,,,,,
gilardi_stance,gpt-5.4,1343623780611092483,0.7813258329988457,11,,"{""stance"":""neutral""}",,,,,,,,,,,,,,,,,,,,,neutral,neutral,,,,
gilardi_stance,gpt-5.4,1370516266667106305,1.4915305000031367,11,,"{""stance"":""contra""}",,,,,,,,,,,,,,,,,,,,,contra,neutral,,,,
gilardi_stance,gpt-5.4,1218312930384584704,1.2408742499537766,11,,"{""stance"":""neutral""}",,,,,,,,,,,,,,,,,,,,,neutral,contra,,,,
gilardi_stance,gpt-5.4,1283910188739657729,0.8823793750489131,11,,"{""stance"":""contra""}",,,,,,,,,,,,,,,,,,,,,contra,contra,,,,
gilardi_stance,gpt-5.4,1336510003780337664,0.8597631669836119,11,,"{""stance"":""contra""}",,,,,,,,,,,,,,,,,,,,,contra,contra,,,,
gilardi_stance,gpt-5.4,1332421667650293760,0.7804204999702051,11,,"{""stance"":""contra""}",,,,,,,,,,,,,,,,,,,,,contra,contra,,,,
gilardi_stance,gpt-5.4,1344395078316408833,0.7298398750135675,11,,"{""stance"":""contra""}",,,,,,,,,,,,,,,,,,,,,contra,contra,,,,
gilardi_stance,gpt-5.4,1273104971458916352,0.9216140839853324,11,,"{""stance"":""contra""}",,,,,,,,,,,,,,,,,,,,,contra,neutral,,,,
gilardi_stance,gpt-5.4,1313545683610337281,0.9459458750206976,11,,"{""stance"":""pro""}",,,,,,,,,,,,,,,,,,,,,pro,contra,,,,
gilardi_stance,gpt-5.4,1313529666704150533,1.2287241669837383,11,,"{""stance"":""neutral""}",,,,,,,,,,,,,,,,,,,,,neutral,neutral,,,,
gilardi_stance,gpt-5.4,1330603404503216128,0.8167166250059381,11,,"{""stance"":""contra""}",,,,,,,,,,,,,,,,,,,,,contra,contra,,,,
gilardi_stance,gpt-5.4,1332323374547296262,1.0986925000324843,11,,"{""stance"":""contra""}",,,,,,,,,,,,,,,,,,,,,contra,neutral,,,,
gilardi_stance,gpt-5.4,1309461911868563458,0.9502024579560384,11,,"{""stance"":""neutral""}",,,,,,,,,,,,,,,,,,,,,neutral,neutral,,,,
gilardi_stance,gpt-5.4,1347768720056225794,0.7482782920124009,11,,"{""stance"":""neutral""}",,,,,,,,,,,,,,,,,,,,,neutral,neutral,,,,
gilardi_stance,gpt-5.4,1316722273764737029,0.8553748750127852,11,,"{""stance"":""contra""}",,,,,,,,,,,,,,,,,,,,,contra,contra,,,,
gilardi_stance,gpt-5.4,1344284579243421696,0.8526606250088662,11,,"{""stance"":""pro""}",,,,,,,,,,,,,,,,,,,,,pro,neutral,,,,
gilardi_stance,gpt-5.4,1308822691072352256,1.1778110839659348,11,,"{""stance"":""neutral""}",,,,,,,,,,,,,,,,,,,,,neutral,neutral,,,,
gilardi_stance,gpt-5.4,1379125192241332227,0.9702052499633282,11,,"{""stance"":""contra""}",,,,,,,,,,,,,,,,,,,,,contra,contra,,,,
gilardi_stance,gpt-5.4,1266296608519380992,0.8761069580214098,11,,"{""stance"":""pro""}",,,,,,,,,,,,,,,,,,,,,pro,pro,,,,
gilardi_stance,gpt-5.4,1344262563543056385,0.967251916998066,11,,"{""stance"":""contra""}",,,,,,,,,,,,,,,,,,,,,contra,contra,,,,
gilardi_stance,gpt-5.4,1316563353599438849,0.7844147920259275,11,,"{""stance"":""contra""}",,,,,,,,,,,,,,,,,,,,,contra,contra,,,,
gilardi_stance,gpt-5.4,1317584396577329153,0.9490854579489678,11,,"{""stance"":""contra""}",,,,,,,,,,,,,,,,,,,,,contra,contra,,,,
gilardi_stance,gpt-5.4,1332377521107636225,1.1242086249985732,11,,"{""stance"":""contra""}",,,,,,,,,,,,,,,,,,,,,contra,neutral,,,,
gilardi_stance,gpt-5.4,1321588410423955456,0.7954129590070806,11,,"{""stance"":""contra""}",,,,,,,,,,,,,,,,,,,,,contra,neutral,,,,
gilardi_stance,gpt-5.4,1265751708094869504,0.9475484170252456,11,,"{""stance"":""contra""}",,,,,,,,,,,,,,,,,,,,,contra,contra,,,,
gilardi_stance,gpt-5.4,1316560371440787456,0.918492958007846,11,,"{""stance"":""contra""}",,,,,,,,,,,,,,,,,,,,,contra,contra,,,,
gilardi_stance,gpt-5.4,1344313209390391296,0.7425566670135595,11,,"{""stance"":""contra""}",,,,,,,,,,,,,,,,,,,,,contra,neutral,,,,
gilardi_stance,gpt-5.4,1341947449271873537,0.7898074580007233,11,,"{""stance"":""contra""}",,,,,,,,,,,,,,,,,,,,,contra,contra,,,,
gilardi_stance,gpt-5.4,1266068348565164032,1.2446390420082023,11,,"{""stance"":""pro""}",,,,,,,,,,,,,,,,,,,,,pro,neutral,,,,
gilardi_stance,gpt-5.4,1347239716383502338,0.7454483339679427,11,,"{""stance"":""contra""}",,,,,,,,,,,,,,,,,,,,,contra,contra,,,,
gilardi_stance,gpt-5.4,1316798511783055360,0.8619687500176951,11,,"{""stance"":""contra""}",,,,,,,,,,,,,,,,,,,,,contra,contra,,,,
gilardi_stance,gpt-5.4,1283572068030742530,0.7447864160058089,11,,"{""stance"":""contra""}",,,,,,,,,,,,,,,,,,,,,contra,contra,,,,
gilardi_stance,gpt-5.4,1308828095193911297,1.013344209000934,11,,"{""stance"":""neutral""}",,,,,,,,,,,,,,,,,,,,,neutral,neutral,,,,
gilardi_stance,gpt-5.4,1347711558474899458,0.8237373330048285,11,,"{""stance"":""contra""}",,,,,,,,,,,,,,,,,,,,,contra,contra,,,,
gilardi_stance,gpt-5.4,1342359232402767872,1.3311808329890482,11,,"{""stance"":""contra""}",,,,,,,,,,,,,,,,,,,,,contra,contra,,,,
gilardi_stance,gpt-5.4,1347310826647138304,1.2385761250043288,11,,"{""stance"":""contra""}",,,,,,,,,,,,,,,,,,,,,contra,neutral,,,,
gilardi_stance,gpt-5.4,1343392747386974208,1.0190502499463037,11,,"{""stance"":""neutral""}",,,,,,,,,,,,,,,,,,,,,neutral,neutral,,,,
gilardi_stance,gpt-5.4,1316519941944815618,0.8176629999652505,11,,"{""stance"":""contra""}",,,,,,,,,,,,,,,,,,,,,contra,neutral,,,,
gilardi_stance,gpt-5.4,1273344734493376515,0.877600124978926,11,,"{""stance"":""contra""}",,,,,,,,,,,,,,,,,,,,,contra,contra,,,,
gilardi_stance,gpt-5.4,1334126412656218113,0.9252261669607832,11,,"{""stance"":""neutral""}",,,,,,,,,,,,,,,,,,,,,neutral,contra,,,,
gilardi_stance,gpt-5.4,1347788937096556544,0.7931815829942934,11,,"{""stance"":""pro""}",,,,,,,,,,,,,,,,,,,,,pro,neutral,,,,
gilardi_stance,gpt-5.4,1288554042780721152,0.7488192089949735,11,,"{""stance"":""contra""}",,,,,,,,,,,,,,,,,,,,,contra,contra,,,,
gilardi_stance,gpt-5.4,1266019833403097088,1.1078052500379272,11,,"{""stance"":""pro""}",,,,,,,,,,,,,,,,,,,,,pro,neutral,,,,
gilardi_stance,gpt-5.4,1266183650124525570,0.8082579170004465,11,,"{""stance"":""neutral""}",,,,,,,,,,,,,,,,,,,,,neutral,neutral,,,,
gilardi_stance,gpt-5.4,1335068893929500672,0.7963141250074841,11,,"{""stance"":""contra""}",,,,,,,,,,,,,,,,,,,,,contra,contra,,,,
gilardi_stance,gpt-5.4,1333732951620665344,1.0826809580321424,11,,"{""stance"":""contra""}",,,,,,,,,,,,,,,,,,,,,contra,contra,,,,
gilardi_stance,gpt-5.4,1237444740615933955,1.035655667015817,11,,"{""stance"":""pro""}",,,,,,,,,,,,,,,,,,,,,pro,neutral,,,,
gilardi_stance,gpt-5.4,1346763207344599041,0.9985480419709348,11,,"{""stance"":""pro""}",,,,,,,,,,,,,,,,,,,,,pro,pro,,,,
gilardi_stance,gpt-5.4,1266461812200964098,0.8022507909918204,11,,"{""stance"":""pro""}",,,,,,,,,,,,,,,,,,,,,pro,neutral,,,,
gilardi_stance,gpt-5.4,1334356579563474945,0.9570924579747953,11,,"{""stance"":""pro""}",,,,,,,,,,,,,,,,,,,,,pro,neutral,,,,
ornstein_scotus_sentiment,gemma4:31b-it-q4_K_M,758143000715329536_2020-07-09T14:28:51.000Z,10.022613834,21,,"```json
{
  ""sentiment"": ""Positive""
}
```",,,,,,,,,,,,,,,,,,,,,,,Positive,Neutral,,
ornstein_scotus_sentiment,gemma4:31b-it-q4_K_M,147634420_2018-06-04T19:03:29.000Z,5.610849417000004,21,,"```json
{
  ""sentiment"": ""Positive""
}
```",,,,,,,,,,,,,,,,,,,,,,,Positive,Positive,,
ornstein_scotus_sentiment,gemma4:31b-it-q4_K_M,66171696_2020-07-09T22:57:02.000Z,6.7840135,21,,"```json
{
  ""sentiment"": ""Neutral""
}
```",,,,,,,,,,,,,,,,,,,,,,,Neutral,Neutral,,
ornstein_scotus_sentiment,gemma4:31b-it-q4_K_M,23118829_2020-07-09T14:18:05.000Z,5.159258749999999,21,,"```json
{
  ""sentiment"": ""Positive""
}
```",,,,,,,,,,,,,,,,,,,,,,,Positive,Positive,,
ornstein_scotus_sentiment,gemma4:31b-it-q4_K_M,510766220_2018-06-04T18:17:53.000Z,5.008461290999996,21,,"```json
{
  ""sentiment"": ""Positive""
}
```",,,,,,,,,,,,,,,,,,,,,,,Positive,Positive,,
ornstein_scotus_sentiment,gemma4:31b-it-q4_K_M,951918524494041088_2020-07-09T15:31:41.000Z,4.727171000000006,21,,"```json
{
  ""sentiment"": ""Negative""
}
```",,,,,,,,,,,,,,,,,,,,,,,Negative,Negative,,
ornstein_scotus_sentiment,gemma4:31b-it-q4_K_M,1071491996035018752_2020-07-11T04:17:03.000Z,4.948871041999993,21,,"```json
{
  ""sentiment"": ""Neutral""
}
```",,,,,,,,,,,,,,,,,,,,,,,Neutral,Negative,,
ornstein_scotus_sentiment,gemma4:31b-it-q4_K_M,896691265_2020-07-09T14:14:09.000Z,4.212707792000003,21,,"```json
{
  ""sentiment"": ""Neutral""
}
```",,,,,,,,,,,,,,,,,,,,,,,Neutral,Positive,,
ornstein_scotus_sentiment,gemma4:31b-it-q4_K_M,22706582_2018-06-05T00:59:58.000Z,5.649280125000004,21,,"```json
{
  ""sentiment"": ""Neutral""
}
```",,,,,,,,,,,,,,,,,,,,,,,Neutral,Neutral,,
ornstein_scotus_sentiment,gemma4:31b-it-q4_K_M,48116270_2018-06-04T14:48:47.000Z,39.912813958,21,,"```json
{
  ""sentiment"": ""Neutral""
}
```",,,,,,,,,,,,,,,,,,,,,,,Neutral,Neutral,,
ornstein_scotus_sentiment,gemma4:31b-it-q4_K_M,44408295_2018-06-04T23:06:24.000Z,39.695863875,21,,"```json
{
  ""sentiment"": ""Neutral""
}
```",,,,,,,,,,,,,,,,,,,,,,,Neutral,Negative,,
ornstein_scotus_sentiment,gemma4:31b-it-q4_K_M,546444079_2018-06-05T20:59:58.000Z,39.99224137499999,21,,"```json
{
  ""sentiment"": ""Negative""
}
```",,,,,,,,,,,,,,,,,,,,,,,Negative,Positive,,
ornstein_scotus_sentiment,gemma4:31b-it-q4_K_M,1031576656203341824_2020-07-09T17:27:07.000Z,45.19381770799998,21,,"```json
{
  ""sentiment"": ""Negative""
}
```",,,,,,,,,,,,,,,,,,,,,,,Negative,Negative,,
ornstein_scotus_sentiment,gemma4:31b-it-q4_K_M,707302472_2020-07-09T19:36:21.000Z,42.27300795900001,21,,"```json
{
  ""sentiment"": ""Negative""
}
```",,,,,,,,,,,,,,,,,,,,,,,Negative,Negative,,
ornstein_scotus_sentiment,gemma4:31b-it-q4_K_M,494394593_2018-06-04T14:26:55.000Z,40.55752862500003,21,,"```json
{
  ""sentiment"": ""Neutral""
}
```",,,,,,,,,,,,,,,,,,,,,,,Neutral,Neutral,,
ornstein_scotus_sentiment,gemma4:31b-it-q4_K_M,3493563087_2020-07-09T14:46:45.000Z,42.63264220799999,21,,"```json
{
  ""sentiment"": ""Positive""
}
```",,,,,,,,,,,,,,,,,,,,,,,Positive,Positive,,
ornstein_scotus_sentiment,gemma4:31b-it-q4_K_M,14171334_2018-06-04T15:47:29.000Z,42.63774370799996,21,,"```json
{
  ""sentiment"": ""Negative""
}
```",,,,,,,,,,,,,,,,,,,,,,,Negative,Negative,,
ornstein_scotus_sentiment,gemma4:31b-it-q4_K_M,31524049_2020-07-09T15:02:46.000Z,43.09828500000003,21,,"```json
{
  ""sentiment"": ""Positive""
}
```",,,,,,,,,,,,,,,,,,,,,,,Positive,Positive,,
ornstein_scotus_sentiment,gemma4:31b-it-q4_K_M,21931325_2018-06-04T14:33:55.000Z,41.29377441700001,21,,"```json
{
  ""sentiment"": ""Negative""
}
```",,,,,,,,,,,,,,,,,,,,,,,Negative,Negative,,
ornstein_scotus_sentiment,gemma4:31b-it-q4_K_M,1278734179384152064_2020-07-10T03:11:34.000Z,41.225664249999966,21,,"```json
{
  ""sentiment"": ""Negative""
}
```",,,,,,,,,,,,,,,,,,,,,,,Negative,Negative,,
ornstein_scotus_sentiment,gemma4:31b-it-q4_K_M,42106976_2020-07-18T16:16:52.000Z,43.926267791999976,21,,"```json
{
  ""sentiment"": ""Neutral""
}
```",,,,,,,,,,,,,,,,,,,,,,,Neutral,Negative,,
ornstein_scotus_sentiment,gemma4:31b-it-q4_K_M,82266118_2020-07-09T14:17:49.000Z,41.28017858299995,21,,"```json
{
  ""sentiment"": ""Positive""
}
```",,,,,,,,,,,,,,,,,,,,,,,Positive,Negative,,
ornstein_scotus_sentiment,gemma4:31b-it-q4_K_M,105588131_2020-07-17T17:42:18.000Z,39.87253058300007,21,,"```json
{
  ""sentiment"": ""Negative""
}
```",,,,,,,,,,,,,,,,,,,,,,,Negative,Negative,,
ornstein_scotus_sentiment,gemma4:31b-it-q4_K_M,21146102_2018-06-04T14:54:28.000Z,41.85297804200002,21,,"```json
{
  ""sentiment"": ""Neutral""
}
```",,,,,,,,,,,,,,,,,,,,,,,Neutral,Neutral,,
ornstein_scotus_sentiment,gemma4:31b-it-q4_K_M,382367498_2018-06-04T14:29:05.000Z,41.72661445799997,21,,"```json
{
  ""sentiment"": ""Neutral""
}
```",,,,,,,,,,,,,,,,,,,,,,,Neutral,Neutral,,
ornstein_scotus_sentiment,gemma4:31b-it-q4_K_M,134671493_2018-06-04T14:34:44.000Z,4.627640375000055,21,,"```json
{
  ""sentiment"": ""Positive""
}
```",,,,,,,,,,,,,,,,,,,,,,,Positive,Positive,,
ornstein_scotus_sentiment,gemma4:31b-it-q4_K_M,21043851_2018-06-05T00:24:28.000Z,42.64015933300004,21,,"```json
{
  ""sentiment"": ""Negative""
}
```",,,,,,,,,,,,,,,,,,,,,,,Negative,Positive,,
ornstein_scotus_sentiment,gemma4:31b-it-q4_K_M,12762142_2018-06-04T15:56:58.000Z,43.56825087499999,21,,"```json
{
  ""sentiment"": ""Negative""
}
```",,,,,,,,,,,,,,,,,,,,,,,Negative,Negative,,
ornstein_scotus_sentiment,gemma4:31b-it-q4_K_M,73766994_2018-06-05T10:29:24.000Z,41.680238375000044,21,,"```json
{
  ""sentiment"": ""Negative""
}
```",,,,,,,,,,,,,,,,,,,,,,,Negative,Negative,,
ornstein_scotus_sentiment,gemma4:31b-it-q4_K_M,1164613860504014848_2020-07-09T16:16:02.000Z,3.870481666000046,21,,"```json
{
  ""sentiment"": ""Neutral""
}
```",,,,,,,,,,,,,,,,,,,,,,,Neutral,Neutral,,
ornstein_scotus_sentiment,gemma4:31b-it-q4_K_M,444652453_2020-07-09T15:16:41.000Z,4.595106624999971,21,,"```json
{
  ""sentiment"": ""Negative""
}
```",,,,,,,,,,,,,,,,,,,,,,,Negative,Negative,,
ornstein_scotus_sentiment,gemma4:31b-it-q4_K_M,773282830898044929_2020-07-09T20:35:55.000Z,5.164928499999974,21,,"```json
{
  ""sentiment"": ""Positive""
}
```",,,,,,,,,,,,,,,,,,,,,,,Positive,Negative,,
ornstein_scotus_sentiment,gemma4:31b-it-q4_K_M,187374900_2020-07-09T14:45:47.000Z,4.663500583000086,21,,"```json
{
  ""sentiment"": ""Negative""
}
```",,,,,,,,,,,,,,,,,,,,,,,Negative,Negative,,
ornstein_scotus_sentiment,gemma4:31b-it-q4_K_M,851491630422949888_2018-06-05T03:23:25.000Z,4.893565416999991,21,,"```json
{
  ""sentiment"": ""Neutral""
}
```",,,,,,,,,,,,,,,,,,,,,,,Neutral,Positive,,
ornstein_scotus_sentiment,gemma4:31b-it-q4_K_M,35210948_2018-06-04T15:11:52.000Z,3.9158562499999334,21,,"```json
{
  ""sentiment"": ""Neutral""
}
```",,,,,,,,,,,,,,,,,,,,,,,Neutral,Positive,,
ornstein_scotus_sentiment,gemma4:31b-it-q4_K_M,809787152947146753_2018-06-04T16:01:39.000Z,4.507885041999998,21,,"```json
{
  ""sentiment"": ""Positive""
}
```",,,,,,,,,,,,,,,,,,,,,,,Positive,Positive,,
ornstein_scotus_sentiment,gemma4:31b-it-q4_K_M,13168412_2020-07-09T12:44:22.000Z,3.8458795830000554,21,,"```json
{
  ""sentiment"": ""Negative""
}
```",,,,,,,,,,,,,,,,,,,,,,,Negative,Negative,,
ornstein_scotus_sentiment,gemma4:31b-it-q4_K_M,189985569_2020-07-09T13:13:45.000Z,3.8843215829999735,21,,"```json
{
  ""sentiment"": ""Negative""
}
```",,,,,,,,,,,,,,,,,,,,,,,Negative,Negative,,
ornstein_scotus_sentiment,gemma4:31b-it-q4_K_M,3241915819_2018-06-06T00:16:00.000Z,4.482114750000051,21,,"```json
{
  ""sentiment"": ""Positive""
}
```",,,,,,,,,,,,,,,,,,,,,,,Positive,Negative,,
ornstein_scotus_sentiment,gemma4:31b-it-q4_K_M,326243560_2020-07-11T02:16:40.000Z,5.304047959000059,21,,"```json
{
  ""sentiment"": ""Negative""
}
```",,,,,,,,,,,,,,,,,,,,,,,Negative,Negative,,
ornstein_scotus_sentiment,gemma4:31b-it-q4_K_M,418196712_2018-06-04T14:57:56.000Z,5.335193290999996,21,,"```json
{
  ""sentiment"": ""Negative""
}
```",,,,,,,,,,,,,,,,,,,,,,,Negative,Negative,,
ornstein_scotus_sentiment,gemma4:31b-it-q4_K_M,272835160_2020-07-15T12:11:38.000Z,4.804471834000083,21,,"```json
{
  ""sentiment"": ""Negative""
}
```",,,,,,,,,,,,,,,,,,,,,,,Negative,Negative,,
ornstein_scotus_sentiment,gemma4:31b-it-q4_K_M,1039346703760072704_2020-07-09T01:43:11.000Z,4.377142875000004,21,,"```json
{
  ""sentiment"": ""Neutral""
}
```",,,,,,,,,,,,,,,,,,,,,,,Neutral,Neutral,,
ornstein_scotus_sentiment,gemma4:31b-it-q4_K_M,303512493_2020-07-09T14:36:58.000Z,4.346622917000104,21,,"```json
{
  ""sentiment"": ""Neutral""
}
```",,,,,,,,,,,,,,,,,,,,,,,Neutral,Neutral,,
ornstein_scotus_sentiment,gemma4:31b-it-q4_K_M,8758962_2018-06-04T17:34:05.000Z,5.026214500000037,21,,"```json
{
  ""sentiment"": ""Negative""
}
```",,,,,,,,,,,,,,,,,,,,,,,Negative,Negative,,
ornstein_scotus_sentiment,gemma4:31b-it-q4_K_M,722632307232874496_2018-06-06T01:15:58.000Z,4.502228374999959,21,,"```json
{
  ""sentiment"": ""Positive""
}
```",,,,,,,,,,,,,,,,,,,,,,,Positive,Negative,,
ornstein_scotus_sentiment,gemma4:31b-it-q4_K_M,68423127_2020-07-09T14:25:17.000Z,3.982678583000052,21,,"```json
{
  ""sentiment"": ""Positive""
}
```",,,,,,,,,,,,,,,,,,,,,,,Positive,Positive,,
ornstein_scotus_sentiment,gemma4:31b-it-q4_K_M,4127948117_2020-07-09T14:57:01.000Z,5.14586799999995,21,,"```json
{
  ""sentiment"": ""Positive""
}
```",,,,,,,,,,,,,,,,,,,,,,,Positive,Negative,,
ornstein_scotus_sentiment,gemma4:31b-it-q4_K_M,3401061634_2018-06-04T16:20:47.000Z,5.084845083000005,21,,"```json
{
  ""sentiment"": ""Negative""
}
```",,,,,,,,,,,,,,,,,,,,,,,Negative,Negative,,
ornstein_scotus_sentiment,gemma4:31b-it-q4_K_M,123685982_2018-06-04T14:18:57.000Z,3.9112037920000375,21,,"```json
{
  ""sentiment"": ""Neutral""
}
```",,,,,,,,,,,,,,,,,,,,,,,Neutral,Neutral,,
ornstein_scotus_sentiment,qwen3:14b-q4_K_M,758143000715329536_2020-07-09T14:28:51.000Z,2.8516971669999975,8,,"{""sentiment"": ""Positive""}",,,,,,,,,,,,,,,,,,,,,,,Positive,Neutral,,
ornstein_scotus_sentiment,qwen3:14b-q4_K_M,147634420_2018-06-04T19:03:29.000Z,1.1636584999999968,8,,"{""sentiment"": ""Positive""}",,,,,,,,,,,,,,,,,,,,,,,Positive,Positive,,
ornstein_scotus_sentiment,qwen3:14b-q4_K_M,66171696_2020-07-09T22:57:02.000Z,0.9451279999999542,8,,"{""sentiment"": ""Neutral""}",,,,,,,,,,,,,,,,,,,,,,,Neutral,Neutral,,
ornstein_scotus_sentiment,qwen3:14b-q4_K_M,23118829_2020-07-09T14:18:05.000Z,0.9620993749999798,8,,"{""sentiment"": ""Positive""}",,,,,,,,,,,,,,,,,,,,,,,Positive,Positive,,
ornstein_scotus_sentiment,qwen3:14b-q4_K_M,510766220_2018-06-04T18:17:53.000Z,0.9473262910000813,8,,"{""sentiment"": ""Positive""}",,,,,,,,,,,,,,,,,,,,,,,Positive,Positive,,
ornstein_scotus_sentiment,qwen3:14b-q4_K_M,951918524494041088_2020-07-09T15:31:41.000Z,1.1649105839999263,8,,"{""sentiment"": ""Negative""}",,,,,,,,,,,,,,,,,,,,,,,Negative,Negative,,
ornstein_scotus_sentiment,qwen3:14b-q4_K_M,1071491996035018752_2020-07-11T04:17:03.000Z,0.9608194170000388,8,,"{""sentiment"": ""Neutral""}",,,,,,,,,,,,,,,,,,,,,,,Neutral,Negative,,
ornstein_scotus_sentiment,qwen3:14b-q4_K_M,896691265_2020-07-09T14:14:09.000Z,0.9502966669999752,8,,"{""sentiment"": ""Neutral""}",,,,,,,,,,,,,,,,,,,,,,,Neutral,Positive,,
ornstein_scotus_sentiment,qwen3:14b-q4_K_M,22706582_2018-06-05T00:59:58.000Z,1.1642898339999874,8,,"{""sentiment"": ""Neutral""}",,,,,,,,,,,,,,,,,,,,,,,Neutral,Neutral,,
ornstein_scotus_sentiment,qwen3:14b-q4_K_M,48116270_2018-06-04T14:48:47.000Z,0.7420972080000183,8,,"{""sentiment"": ""Neutral""}",,,,,,,,,,,,,,,,,,,,,,,Neutral,Neutral,,
ornstein_scotus_sentiment,qwen3:14b-q4_K_M,44408295_2018-06-04T23:06:24.000Z,0.9577697080000008,8,,"{""sentiment"": ""Neutral""}",,,,,,,,,,,,,,,,,,,,,,,Neutral,Negative,,
ornstein_scotus_sentiment,qwen3:14b-q4_K_M,546444079_2018-06-05T20:59:58.000Z,1.6989780839999185,8,,"{""sentiment"": ""Positive""}",,,,,,,,,,,,,,,,,,,,,,,Positive,Positive,,
ornstein_scotus_sentiment,qwen3:14b-q4_K_M,1031576656203341824_2020-07-09T17:27:07.000Z,1.3507580829999597,8,,"{""sentiment"": ""Negative""}",,,,,,,,,,,,,,,,,,,,,,,Negative,Negative,,
ornstein_scotus_sentiment,qwen3:14b-q4_K_M,707302472_2020-07-09T19:36:21.000Z,1.1918875830000388,8,,"{""sentiment"": ""Negative""}",,,,,,,,,,,,,,,,,,,,,,,Negative,Negative,,
ornstein_scotus_sentiment,qwen3:14b-q4_K_M,494394593_2018-06-04T14:26:55.000Z,1.3613859170000069,8,,"{""sentiment"": ""Neutral""}",,,,,,,,,,,,,,,,,,,,,,,Neutral,Neutral,,
ornstein_scotus_sentiment,qwen3:14b-q4_K_M,3493563087_2020-07-09T14:46:45.000Z,1.6708528750000369,11,,"{
  ""sentiment"": ""Negative""
}",,,,,,,,,,,,,,,,,,,,,,,Negative,Positive,,
ornstein_scotus_sentiment,qwen3:14b-q4_K_M,14171334_2018-06-04T15:47:29.000Z,1.0969877500000391,8,,"{""sentiment"": ""Negative""}",,,,,,,,,,,,,,,,,,,,,,,Negative,Negative,,
ornstein_scotus_sentiment,qwen3:14b-q4_K_M,31524049_2020-07-09T15:02:46.000Z,1.1132475829999748,8,,"{""sentiment"": ""Neutral""}",,,,,,,,,,,,,,,,,,,,,,,Neutral,Positive,,
ornstein_scotus_sentiment,qwen3:14b-q4_K_M,21931325_2018-06-04T14:33:55.000Z,1.3491077920000407,8,,"{""sentiment"": ""Negative""}",,,,,,,,,,,,,,,,,,,,,,,Negative,Negative,,
ornstein_scotus_sentiment,qwen3:14b-q4_K_M,1278734179384152064_2020-07-10T03:11:34.000Z,1.3799732910000555,8,,"{""sentiment"": ""Negative""}",,,,,,,,,,,,,,,,,,,,,,,Negative,Negative,,
ornstein_scotus_sentiment,qwen3:14b-q4_K_M,42106976_2020-07-18T16:16:52.000Z,0.951004416000046,8,,"{""sentiment"": ""Neutral""}",,,,,,,,,,,,,,,,,,,,,,,Neutral,Negative,,
ornstein_scotus_sentiment,qwen3:14b-q4_K_M,82266118_2020-07-09T14:17:49.000Z,0.9562369169999556,8,,"{""sentiment"": ""Positive""}",,,,,,,,,,,,,,,,,,,,,,,Positive,Negative,,
ornstein_scotus_sentiment,qwen3:14b-q4_K_M,105588131_2020-07-17T17:42:18.000Z,0.9564344589999793,8,,"{""sentiment"": ""Negative""}",,,,,,,,,,,,,,,,,,,,,,,Negative,Negative,,
ornstein_scotus_sentiment,qwen3:14b-q4_K_M,21146102_2018-06-04T14:54:28.000Z,0.7501938330000257,8,,"{""sentiment"": ""Neutral""}",,,,,,,,,,,,,,,,,,,,,,,Neutral,Neutral,,
ornstein_scotus_sentiment,qwen3:14b-q4_K_M,382367498_2018-06-04T14:29:05.000Z,0.958633332999966,8,,"{""sentiment"": ""Neutral""}",,,,,,,,,,,,,,,,,,,,,,,Neutral,Neutral,,
ornstein_scotus_sentiment,qwen3:14b-q4_K_M,134671493_2018-06-04T14:34:44.000Z,1.357171540999957,11,,"{
  ""sentiment"": ""Positive""
}",,,,,,,,,,,,,,,,,,,,,,,Positive,Positive,,
ornstein_scotus_sentiment,qwen3:14b-q4_K_M,21043851_2018-06-05T00:24:28.000Z,1.1653272500000185,8,,"{""sentiment"": ""Positive""}",,,,,,,,,,,,,,,,,,,,,,,Positive,Positive,,
ornstein_scotus_sentiment,qwen3:14b-q4_K_M,12762142_2018-06-04T15:56:58.000Z,0.9513640000000124,8,,"{""sentiment"": ""Negative""}",,,,,,,,,,,,,,,,,,,,,,,Negative,Negative,,
ornstein_scotus_sentiment,qwen3:14b-q4_K_M,73766994_2018-06-05T10:29:24.000Z,0.9579196670000556,8,,"{""sentiment"": ""Neutral""}",,,,,,,,,,,,,,,,,,,,,,,Neutral,Negative,,
ornstein_scotus_sentiment,qwen3:14b-q4_K_M,1164613860504014848_2020-07-09T16:16:02.000Z,0.7464616669999486,8,,"{""sentiment"": ""Neutral""}",,,,,,,,,,,,,,,,,,,,,,,Neutral,Neutral,,
ornstein_scotus_sentiment,qwen3:14b-q4_K_M,444652453_2020-07-09T15:16:41.000Z,0.9514791249999917,8,,"{""sentiment"": ""Negative""}",,,,,,,,,,,,,,,,,,,,,,,Negative,Negative,,
ornstein_scotus_sentiment,qwen3:14b-q4_K_M,773282830898044929_2020-07-09T20:35:55.000Z,1.1705698750000693,8,,"{""sentiment"": ""Positive""}",,,,,,,,,,,,,,,,,,,,,,,Positive,Negative,,
ornstein_scotus_sentiment,qwen3:14b-q4_K_M,187374900_2020-07-09T14:45:47.000Z,0.9518291660000386,8,,"{""sentiment"": ""Negative""}",,,,,,,,,,,,,,,,,,,,,,,Negative,Negative,,
ornstein_scotus_sentiment,qwen3:14b-q4_K_M,851491630422949888_2018-06-05T03:23:25.000Z,1.1784196249999468,8,,"{""sentiment"": ""Positive""}",,,,,,,,,,,,,,,,,,,,,,,Positive,Positive,,
ornstein_scotus_sentiment,qwen3:14b-q4_K_M,35210948_2018-06-04T15:11:52.000Z,0.745926250000025,8,,"{""sentiment"": ""Neutral""}",,,,,,,,,,,,,,,,,,,,,,,Neutral,Positive,,
ornstein_scotus_sentiment,qwen3:14b-q4_K_M,809787152947146753_2018-06-04T16:01:39.000Z,0.9573720419999744,8,,"{""sentiment"": ""Positive""}",,,,,,,,,,,,,,,,,,,,,,,Positive,Positive,,
ornstein_scotus_sentiment,qwen3:14b-q4_K_M,13168412_2020-07-09T12:44:22.000Z,0.7386419169999954,8,,"{""sentiment"": ""Negative""}",,,,,,,,,,,,,,,,,,,,,,,Negative,Negative,,
ornstein_scotus_sentiment,qwen3:14b-q4_K_M,189985569_2020-07-09T13:13:45.000Z,0.9480942079999296,8,,"{""sentiment"": ""Negative""}",,,,,,,,,,,,,,,,,,,,,,,Negative,Negative,,
ornstein_scotus_sentiment,qwen3:14b-q4_K_M,3241915819_2018-06-06T00:16:00.000Z,0.9509961250000742,8,,"{""sentiment"": ""Neutral""}",,,,,,,,,,,,,,,,,,,,,,,Neutral,Negative,,
ornstein_scotus_sentiment,qwen3:14b-q4_K_M,326243560_2020-07-11T02:16:40.000Z,1.166153667000117,8,,"{""sentiment"": ""Negative""}",,,,,,,,,,,,,,,,,,,,,,,Negative,Negative,,
ornstein_scotus_sentiment,qwen3:14b-q4_K_M,418196712_2018-06-04T14:57:56.000Z,0.9502436669999952,8,,"{""sentiment"": ""Negative""}",,,,,,,,,,,,,,,,,,,,,,,Negative,Negative,,
ornstein_scotus_sentiment,qwen3:14b-q4_K_M,272835160_2020-07-15T12:11:38.000Z,0.958317667000074,8,,"{""sentiment"": ""Negative""}",,,,,,,,,,,,,,,,,,,,,,,Negative,Negative,,
ornstein_scotus_sentiment,qwen3:14b-q4_K_M,1039346703760072704_2020-07-09T01:43:11.000Z,0.957193750000215,8,,"{""sentiment"": ""Neutral""}",,,,,,,,,,,,,,,,,,,,,,,Neutral,Neutral,,
ornstein_scotus_sentiment,qwen3:14b-q4_K_M,303512493_2020-07-09T14:36:58.000Z,0.9624549160000696,8,,"{""sentiment"": ""Neutral""}",,,,,,,,,,,,,,,,,,,,,,,Neutral,Neutral,,
ornstein_scotus_sentiment,qwen3:14b-q4_K_M,8758962_2018-06-04T17:34:05.000Z,1.3484345000001667,11,,"{
  ""sentiment"": ""Negative""
}",,,,,,,,,,,,,,,,,,,,,,,Negative,Negative,,
ornstein_scotus_sentiment,qwen3:14b-q4_K_M,722632307232874496_2018-06-06T01:15:58.000Z,0.9587410840001668,8,,"{""sentiment"": ""Positive""}",,,,,,,,,,,,,,,,,,,,,,,Positive,Negative,,
ornstein_scotus_sentiment,qwen3:14b-q4_K_M,68423127_2020-07-09T14:25:17.000Z,0.7376791670001239,8,,"{""sentiment"": ""Positive""}",,,,,,,,,,,,,,,,,,,,,,,Positive,Positive,,
ornstein_scotus_sentiment,qwen3:14b-q4_K_M,4127948117_2020-07-09T14:57:01.000Z,1.1613384580000456,8,,"{""sentiment"": ""Positive""}",,,,,,,,,,,,,,,,,,,,,,,Positive,Negative,,
ornstein_scotus_sentiment,qwen3:14b-q4_K_M,3401061634_2018-06-04T16:20:47.000Z,1.1635874999999487,8,,"{""sentiment"": ""Negative""}",,,,,,,,,,,,,,,,,,,,,,,Negative,Negative,,
ornstein_scotus_sentiment,qwen3:14b-q4_K_M,123685982_2018-06-04T14:18:57.000Z,0.7500317920000725,8,,"{""sentiment"": ""Neutral""}",,,,,,,,,,,,,,,,,,,,,,,Neutral,Neutral,,
ornstein_scotus_sentiment,qwen3:30b-a3b-q4_K_M,758143000715329536_2020-07-09T14:28:51.000Z,1.071231707999914,11,,"{
  ""sentiment"": ""Positive""
}",,,,,,,,,,,,,,,,,,,,,,,Positive,Neutral,,
ornstein_scotus_sentiment,qwen3:30b-a3b-q4_K_M,147634420_2018-06-04T19:03:29.000Z,0.6388004160000946,11,,"{
  ""sentiment"": ""Positive""
}",,,,,,,,,,,,,,,,,,,,,,,Positive,Positive,,
ornstein_scotus_sentiment,qwen3:30b-a3b-q4_K_M,66171696_2020-07-09T22:57:02.000Z,0.6192291669999577,11,,"{
  ""sentiment"": ""Neutral""
}",,,,,,,,,,,,,,,,,,,,,,,Neutral,Neutral,,
ornstein_scotus_sentiment,qwen3:30b-a3b-q4_K_M,23118829_2020-07-09T14:18:05.000Z,0.6013589579999916,11,,"{
  ""sentiment"": ""Positive""
}",,,,,,,,,,,,,,,,,,,,,,,Positive,Positive,,
ornstein_scotus_sentiment,qwen3:30b-a3b-q4_K_M,510766220_2018-06-04T18:17:53.000Z,0.5858415830000467,11,,"{
  ""sentiment"": ""Positive""
}",,,,,,,,,,,,,,,,,,,,,,,Positive,Positive,,
ornstein_scotus_sentiment,qwen3:30b-a3b-q4_K_M,951918524494041088_2020-07-09T15:31:41.000Z,0.6465563750000456,11,,"{
  ""sentiment"": ""Negative""
}",,,,,,,,,,,,,,,,,,,,,,,Negative,Negative,,
ornstein_scotus_sentiment,qwen3:30b-a3b-q4_K_M,1071491996035018752_2020-07-11T04:17:03.000Z,0.5983158750000257,11,,"{
  ""sentiment"": ""Negative""
}",,,,,,,,,,,,,,,,,,,,,,,Negative,Negative,,
ornstein_scotus_sentiment,qwen3:30b-a3b-q4_K_M,896691265_2020-07-09T14:14:09.000Z,0.5067152079998323,8,,"{""sentiment"": ""Neutral""}",,,,,,,,,,,,,,,,,,,,,,,Neutral,Positive,,
ornstein_scotus_sentiment,qwen3:30b-a3b-q4_K_M,22706582_2018-06-05T00:59:58.000Z,0.6562344999999823,11,,"{
  ""sentiment"": ""Negative""
}",,,,,,,,,,,,,,,,,,,,,,,Negative,Neutral,,
ornstein_scotus_sentiment,qwen3:30b-a3b-q4_K_M,48116270_2018-06-04T14:48:47.000Z,0.4350642499998685,8,,"{""sentiment"": ""Neutral""}",,,,,,,,,,,,,,,,,,,,,,,Neutral,Neutral,,
ornstein_scotus_sentiment,qwen3:30b-a3b-q4_K_M,44408295_2018-06-04T23:06:24.000Z,0.6045127499999126,11,,"{
  ""sentiment"": ""Negative""
}",,,,,,,,,,,,,,,,,,,,,,,Negative,Negative,,
ornstein_scotus_sentiment,qwen3:30b-a3b-q4_K_M,546444079_2018-06-05T20:59:58.000Z,0.6025915419998,11,,"{
  ""sentiment"": ""Positive""
}",,,,,,,,,,,,,,,,,,,,,,,Positive,Positive,,
ornstein_scotus_sentiment,qwen3:30b-a3b-q4_K_M,1031576656203341824_2020-07-09T17:27:07.000Z,0.6139583330000278,11,,"{
  ""sentiment"": ""Negative""
}",,,,,,,,,,,,,,,,,,,,,,,Negative,Negative,,
ornstein_scotus_sentiment,qwen3:30b-a3b-q4_K_M,707302472_2020-07-09T19:36:21.000Z,0.5879035830000703,11,,"{
  ""sentiment"": ""Negative""
}",,,,,,,,,,,,,,,,,,,,,,,Negative,Negative,,
ornstein_scotus_sentiment,qwen3:30b-a3b-q4_K_M,494394593_2018-06-04T14:26:55.000Z,0.6049189169998499,11,,"{
  ""sentiment"": ""Neutral""
}",,,,,,,,,,,,,,,,,,,,,,,Neutral,Neutral,,
ornstein_scotus_sentiment,qwen3:30b-a3b-q4_K_M,3493563087_2020-07-09T14:46:45.000Z,0.6125657920001686,11,,"{
  ""sentiment"": ""Negative""
}",,,,,,,,,,,,,,,,,,,,,,,Negative,Positive,,
ornstein_scotus_sentiment,qwen3:30b-a3b-q4_K_M,14171334_2018-06-04T15:47:29.000Z,0.4329782079998949,8,,"{""sentiment"": ""Negative""}",,,,,,,,,,,,,,,,,,,,,,,Negative,Negative,,
ornstein_scotus_sentiment,qwen3:30b-a3b-q4_K_M,31524049_2020-07-09T15:02:46.000Z,0.4690822499999285,8,,"{""sentiment"": ""Neutral""}",,,,,,,,,,,,,,,,,,,,,,,Neutral,Positive,,
ornstein_scotus_sentiment,qwen3:30b-a3b-q4_K_M,21931325_2018-06-04T14:33:55.000Z,0.5916772919999858,11,,"{
  ""sentiment"": ""Negative""
}",,,,,,,,,,,,,,,,,,,,,,,Negative,Negative,,
ornstein_scotus_sentiment,qwen3:30b-a3b-q4_K_M,1278734179384152064_2020-07-10T03:11:34.000Z,0.6358071250001558,11,,"{
  ""sentiment"": ""Negative""
}",,,,,,,,,,,,,,,,,,,,,,,Negative,Negative,,
ornstein_scotus_sentiment,qwen3:30b-a3b-q4_K_M,42106976_2020-07-18T16:16:52.000Z,0.502632000000176,8,,"{""sentiment"": ""Neutral""}",,,,,,,,,,,,,,,,,,,,,,,Neutral,Negative,,
ornstein_scotus_sentiment,qwen3:30b-a3b-q4_K_M,82266118_2020-07-09T14:17:49.000Z,0.5749076249999234,11,,"{
  ""sentiment"": ""Positive""
}",,,,,,,,,,,,,,,,,,,,,,,Positive,Negative,,
ornstein_scotus_sentiment,qwen3:30b-a3b-q4_K_M,105588131_2020-07-17T17:42:18.000Z,0.585360541,11,,"{
  ""sentiment"": ""Negative""
}",,,,,,,,,,,,,,,,,,,,,,,Negative,Negative,,
ornstein_scotus_sentiment,qwen3:30b-a3b-q4_K_M,21146102_2018-06-04T14:54:28.000Z,0.5653115000000071,11,,"{
  ""sentiment"": ""Neutral""
}",,,,,,,,,,,,,,,,,,,,,,,Neutral,Neutral,,
ornstein_scotus_sentiment,qwen3:30b-a3b-q4_K_M,382367498_2018-06-04T14:29:05.000Z,0.5564657920001537,8,,"{""sentiment"": ""Positive""}",,,,,,,,,,,,,,,,,,,,,,,Positive,Neutral,,
ornstein_scotus_sentiment,qwen3:30b-a3b-q4_K_M,134671493_2018-06-04T14:34:44.000Z,0.6366472500001237,11,,"{
  ""sentiment"": ""Positive""
}",,,,,,,,,,,,,,,,,,,,,,,Positive,Positive,,
ornstein_scotus_sentiment,qwen3:30b-a3b-q4_K_M,21043851_2018-06-05T00:24:28.000Z,0.6207223330000033,11,,"{
  ""sentiment"": ""Negative""
}",,,,,,,,,,,,,,,,,,,,,,,Negative,Positive,,
ornstein_scotus_sentiment,qwen3:30b-a3b-q4_K_M,12762142_2018-06-04T15:56:58.000Z,0.6029030839999905,11,,"{
  ""sentiment"": ""Negative""
}",,,,,,,,,,,,,,,,,,,,,,,Negative,Negative,,
ornstein_scotus_sentiment,qwen3:30b-a3b-q4_K_M,73766994_2018-06-05T10:29:24.000Z,0.6124640840000666,11,,"{
  ""sentiment"": ""Negative""
}",,,,,,,,,,,,,,,,,,,,,,,Negative,Negative,,
ornstein_scotus_sentiment,qwen3:30b-a3b-q4_K_M,1164613860504014848_2020-07-09T16:16:02.000Z,0.4675320000001193,8,,"{""sentiment"": ""Neutral""}",,,,,,,,,,,,,,,,,,,,,,,Neutral,Neutral,,
ornstein_scotus_sentiment,qwen3:30b-a3b-q4_K_M,444652453_2020-07-09T15:16:41.000Z,0.5942815000000792,11,,"{
  ""sentiment"": ""Negative""
}",,,,,,,,,,,,,,,,,,,,,,,Negative,Negative,,
ornstein_scotus_sentiment,qwen3:30b-a3b-q4_K_M,773282830898044929_2020-07-09T20:35:55.000Z,0.646158583999977,11,,"{
  ""sentiment"": ""Positive""
}",,,,,,,,,,,,,,,,,,,,,,,Positive,Negative,,
ornstein_scotus_sentiment,qwen3:30b-a3b-q4_K_M,187374900_2020-07-09T14:45:47.000Z,0.5855907500001649,11,,"{
  ""sentiment"": ""Negative""
}",,,,,,,,,,,,,,,,,,,,,,,Negative,Negative,,
ornstein_scotus_sentiment,qwen3:30b-a3b-q4_K_M,851491630422949888_2018-06-05T03:23:25.000Z,0.6533067919999667,11,,"{
  ""sentiment"": ""Positive""
}",,,,,,,,,,,,,,,,,,,,,,,Positive,Positive,,
ornstein_scotus_sentiment,qwen3:30b-a3b-q4_K_M,35210948_2018-06-04T15:11:52.000Z,0.502806167000017,8,,"{""sentiment"": ""Positive""}",,,,,,,,,,,,,,,,,,,,,,,Positive,Positive,,
ornstein_scotus_sentiment,qwen3:30b-a3b-q4_K_M,809787152947146753_2018-06-04T16:01:39.000Z,0.5100678340002105,8,,"{""sentiment"": ""Positive""}",,,,,,,,,,,,,,,,,,,,,,,Positive,Positive,,
ornstein_scotus_sentiment,qwen3:30b-a3b-q4_K_M,13168412_2020-07-09T12:44:22.000Z,0.4995988330001637,8,,"{""sentiment"": ""Negative""}",,,,,,,,,,,,,,,,,,,,,,,Negative,Negative,,
ornstein_scotus_sentiment,qwen3:30b-a3b-q4_K_M,189985569_2020-07-09T13:13:45.000Z,0.5579212909999569,11,,"{
  ""sentiment"": ""Negative""
}",,,,,,,,,,,,,,,,,,,,,,,Negative,Negative,,
ornstein_scotus_sentiment,qwen3:30b-a3b-q4_K_M,3241915819_2018-06-06T00:16:00.000Z,0.5746042089999719,11,,"{
  ""sentiment"": ""Positive""
}",,,,,,,,,,,,,,,,,,,,,,,Positive,Negative,,
ornstein_scotus_sentiment,qwen3:30b-a3b-q4_K_M,326243560_2020-07-11T02:16:40.000Z,0.6411108340000737,11,,"{
  ""sentiment"": ""Negative""
}",,,,,,,,,,,,,,,,,,,,,,,Negative,Negative,,
ornstein_scotus_sentiment,qwen3:30b-a3b-q4_K_M,418196712_2018-06-04T14:57:56.000Z,0.6061435839999376,11,,"{
  ""sentiment"": ""Negative""
}",,,,,,,,,,,,,,,,,,,,,,,Negative,Negative,,
ornstein_scotus_sentiment,qwen3:30b-a3b-q4_K_M,272835160_2020-07-15T12:11:38.000Z,0.6002666250001312,11,,"{
  ""sentiment"": ""Negative""
}",,,,,,,,,,,,,,,,,,,,,,,Negative,Negative,,
ornstein_scotus_sentiment,qwen3:30b-a3b-q4_K_M,1039346703760072704_2020-07-09T01:43:11.000Z,0.5990592079999715,11,,"{
  ""sentiment"": ""Neutral""
}",,,,,,,,,,,,,,,,,,,,,,,Neutral,Neutral,,
ornstein_scotus_sentiment,qwen3:30b-a3b-q4_K_M,303512493_2020-07-09T14:36:58.000Z,0.5942833330000212,11,,"{
  ""sentiment"": ""Negative""
}",,,,,,,,,,,,,,,,,,,,,,,Negative,Neutral,,
ornstein_scotus_sentiment,qwen3:30b-a3b-q4_K_M,8758962_2018-06-04T17:34:05.000Z,0.640442916999973,11,,"{
  ""sentiment"": ""Negative""
}",,,,,,,,,,,,,,,,,,,,,,,Negative,Negative,,
ornstein_scotus_sentiment,qwen3:30b-a3b-q4_K_M,722632307232874496_2018-06-06T01:15:58.000Z,0.5982137500000135,11,,"{
  ""sentiment"": ""Positive""
}",,,,,,,,,,,,,,,,,,,,,,,Positive,Negative,,
ornstein_scotus_sentiment,qwen3:30b-a3b-q4_K_M,68423127_2020-07-09T14:25:17.000Z,0.486221832999945,8,,"{""sentiment"": ""Positive""}",,,,,,,,,,,,,,,,,,,,,,,Positive,Positive,,
ornstein_scotus_sentiment,qwen3:30b-a3b-q4_K_M,4127948117_2020-07-09T14:57:01.000Z,0.6473249579998992,11,,"{
  ""sentiment"": ""Negative""
}",,,,,,,,,,,,,,,,,,,,,,,Negative,Negative,,
ornstein_scotus_sentiment,qwen3:30b-a3b-q4_K_M,3401061634_2018-06-04T16:20:47.000Z,0.635818332999861,11,,"{
  ""sentiment"": ""Negative""
}",,,,,,,,,,,,,,,,,,,,,,,Negative,Negative,,
ornstein_scotus_sentiment,qwen3:30b-a3b-q4_K_M,123685982_2018-06-04T14:18:57.000Z,0.4908302499998171,8,,"{""sentiment"": ""Neutral""}",,,,,,,,,,,,,,,,,,,,,,,Neutral,Neutral,,
ornstein_scotus_sentiment,mistral-small:24b-instruct-2501-q4_K_M,758143000715329536_2020-07-09T14:28:51.000Z,4.660603209000101,12,,"```json
{""sentiment"": ""Positive""}
```",,,,,,,,,,,,,,,,,,,,,,,Positive,Neutral,,
ornstein_scotus_sentiment,mistral-small:24b-instruct-2501-q4_K_M,147634420_2018-06-04T19:03:29.000Z,1.8581615420000617,12,,"```json
{""sentiment"": ""Positive""}
```",,,,,,,,,,,,,,,,,,,,,,,Positive,Positive,,
ornstein_scotus_sentiment,mistral-small:24b-instruct-2501-q4_K_M,66171696_2020-07-09T22:57:02.000Z,1.667075291999936,14,,"```json
{""sentiment"": ""Neutral""}
```",,,,,,,,,,,,,,,,,,,,,,,Neutral,Neutral,,
ornstein_scotus_sentiment,mistral-small:24b-instruct-2501-q4_K_M,23118829_2020-07-09T14:18:05.000Z,1.8288563749999869,12,,"```json
{""sentiment"": ""Positive""}
```",,,,,,,,,,,,,,,,,,,,,,,Positive,Positive,,
ornstein_scotus_sentiment,mistral-small:24b-instruct-2501-q4_K_M,510766220_2018-06-04T18:17:53.000Z,1.8231051249999837,12,,"```json
{""sentiment"": ""Positive""}
```",,,,,,,,,,,,,,,,,,,,,,,Positive,Positive,,
ornstein_scotus_sentiment,mistral-small:24b-instruct-2501-q4_K_M,951918524494041088_2020-07-09T15:31:41.000Z,2.1104338330001156,15,,"```json
{
  ""sentiment"": ""Negative""
}
```",,,,,,,,,,,,,,,,,,,,,,,Negative,Negative,,
ornstein_scotus_sentiment,mistral-small:24b-instruct-2501-q4_K_M,1071491996035018752_2020-07-11T04:17:03.000Z,2.288776208999934,17,,"```json
{
  ""sentiment"": ""Neutral""
}
```",,,,,,,,,,,,,,,,,,,,,,,Neutral,Negative,,
ornstein_scotus_sentiment,mistral-small:24b-instruct-2501-q4_K_M,896691265_2020-07-09T14:14:09.000Z,1.6562256669999442,14,,"```json
{""sentiment"": ""Neutral""}
```",,,,,,,,,,,,,,,,,,,,,,,Neutral,Positive,,
ornstein_scotus_sentiment,mistral-small:24b-instruct-2501-q4_K_M,22706582_2018-06-05T00:59:58.000Z,2.293590041000016,17,,"```json
{
  ""sentiment"": ""Neutral""
}
```",,,,,,,,,,,,,,,,,,,,,,,Neutral,Neutral,,
ornstein_scotus_sentiment,mistral-small:24b-instruct-2501-q4_K_M,48116270_2018-06-04T14:48:47.000Z,1.6655887499998698,14,,"```json
{""sentiment"": ""Neutral""}
```",,,,,,,,,,,,,,,,,,,,,,,Neutral,Neutral,,
ornstein_scotus_sentiment,mistral-small:24b-instruct-2501-q4_K_M,44408295_2018-06-04T23:06:24.000Z,2.010362583000187,14,,"```json
{""sentiment"": ""Neutral""}
```",,,,,,,,,,,,,,,,,,,,,,,Neutral,Negative,,
ornstein_scotus_sentiment,mistral-small:24b-instruct-2501-q4_K_M,546444079_2018-06-05T20:59:58.000Z,2.0378441249999923,14,,"```json
{""sentiment"": ""Neutral""}
```",,,,,,,,,,,,,,,,,,,,,,,Neutral,Positive,,
ornstein_scotus_sentiment,mistral-small:24b-instruct-2501-q4_K_M,1031576656203341824_2020-07-09T17:27:07.000Z,1.8305532909998872,12,,"```json
{""sentiment"": ""Negative""}
```",,,,,,,,,,,,,,,,,,,,,,,Negative,Negative,,
ornstein_scotus_sentiment,mistral-small:24b-instruct-2501-q4_K_M,707302472_2020-07-09T19:36:21.000Z,1.8301659169999311,12,,"```json
{""sentiment"": ""Negative""}
```",,,,,,,,,,,,,,,,,,,,,,,Negative,Negative,,
ornstein_scotus_sentiment,mistral-small:24b-instruct-2501-q4_K_M,494394593_2018-06-04T14:26:55.000Z,2.0152741249999053,14,,"```json
{""sentiment"": ""Neutral""}
```",,,,,,,,,,,,,,,,,,,,,,,Neutral,Neutral,,
ornstein_scotus_sentiment,mistral-small:24b-instruct-2501-q4_K_M,3493563087_2020-07-09T14:46:45.000Z,1.8416452089998072,12,,"```json
{""sentiment"": ""Positive""}
```",,,,,,,,,,,,,,,,,,,,,,,Positive,Positive,,
ornstein_scotus_sentiment,mistral-small:24b-instruct-2501-q4_K_M,14171334_2018-06-04T15:47:29.000Z,1.4823934170001394,12,,"```json
{""sentiment"": ""Negative""}
```",,,,,,,,,,,,,,,,,,,,,,,Negative,Negative,,
ornstein_scotus_sentiment,mistral-small:24b-instruct-2501-q4_K_M,31524049_2020-07-09T15:02:46.000Z,1.667707832999895,14,,"```json
{""sentiment"": ""Neutral""}
```",,,,,,,,,,,,,,,,,,,,,,,Neutral,Positive,,
ornstein_scotus_sentiment,mistral-small:24b-instruct-2501-q4_K_M,21931325_2018-06-04T14:33:55.000Z,1.8322231249999277,12,,"```json
{""sentiment"": ""Negative""}
```",,,,,,,,,,,,,,,,,,,,,,,Negative,Negative,,
ornstein_scotus_sentiment,mistral-small:24b-instruct-2501-q4_K_M,1278734179384152064_2020-07-10T03:11:34.000Z,2.110486000000037,15,,"```json
{
  ""sentiment"": ""Negative""
}
```",,,,,,,,,,,,,,,,,,,,,,,Negative,Negative,,
ornstein_scotus_sentiment,mistral-small:24b-instruct-2501-q4_K_M,42106976_2020-07-18T16:16:52.000Z,1.665111874999866,14,,"```json
{""sentiment"": ""Neutral""}
```",,,,,,,,,,,,,,,,,,,,,,,Neutral,Negative,,
ornstein_scotus_sentiment,mistral-small:24b-instruct-2501-q4_K_M,82266118_2020-07-09T14:17:49.000Z,1.8470506250000651,12,,"```json
{""sentiment"": ""Positive""}
```",,,,,,,,,,,,,,,,,,,,,,,Positive,Negative,,
ornstein_scotus_sentiment,mistral-small:24b-instruct-2501-q4_K_M,105588131_2020-07-17T17:42:18.000Z,2.0074635829998897,14,,"```json
{""sentiment"": ""Neutral""}
```",,,,,,,,,,,,,,,,,,,,,,,Neutral,Negative,,
ornstein_scotus_sentiment,mistral-small:24b-instruct-2501-q4_K_M,21146102_2018-06-04T14:54:28.000Z,1.6678498750000017,14,,"```json
{""sentiment"": ""Neutral""}
```",,,,,,,,,,,,,,,,,,,,,,,Neutral,Neutral,,
ornstein_scotus_sentiment,mistral-small:24b-instruct-2501-q4_K_M,382367498_2018-06-04T14:29:05.000Z,2.019438042000047,14,,"```json
{""sentiment"": ""Neutral""}
```",,,,,,,,,,,,,,,,,,,,,,,Neutral,Neutral,,
ornstein_scotus_sentiment,mistral-small:24b-instruct-2501-q4_K_M,134671493_2018-06-04T14:34:44.000Z,2.181932708999966,12,,"```json
{""sentiment"": ""Positive""}
```",,,,,,,,,,,,,,,,,,,,,,,Positive,Positive,,
ornstein_scotus_sentiment,mistral-small:24b-instruct-2501-q4_K_M,21043851_2018-06-05T00:24:28.000Z,1.8331574579999597,12,,"```json
{""sentiment"": ""Negative""}
```",,,,,,,,,,,,,,,,,,,,,,,Negative,Positive,,
ornstein_scotus_sentiment,mistral-small:24b-instruct-2501-q4_K_M,12762142_2018-06-04T15:56:58.000Z,1.8371937080000864,12,,"```json
{""sentiment"": ""Negative""}
```",,,,,,,,,,,,,,,,,,,,,,,Negative,Negative,,
ornstein_scotus_sentiment,mistral-small:24b-instruct-2501-q4_K_M,73766994_2018-06-05T10:29:24.000Z,2.2904105000000072,17,,"```json
{
  ""sentiment"": ""Neutral""
}
```",,,,,,,,,,,,,,,,,,,,,,,Neutral,Negative,,
ornstein_scotus_sentiment,mistral-small:24b-instruct-2501-q4_K_M,1164613860504014848_2020-07-09T16:16:02.000Z,1.662634958000126,14,,"```json
{""sentiment"": ""Neutral""}
```",,,,,,,,,,,,,,,,,,,,,,,Neutral,Neutral,,
ornstein_scotus_sentiment,mistral-small:24b-instruct-2501-q4_K_M,444652453_2020-07-09T15:16:41.000Z,2.0136474999999336,14,,"```json
{""sentiment"": ""Neutral""}
```",,,,,,,,,,,,,,,,,,,,,,,Neutral,Negative,,
ornstein_scotus_sentiment,mistral-small:24b-instruct-2501-q4_K_M,773282830898044929_2020-07-09T20:35:55.000Z,2.204238000000032,12,,"```json
{""sentiment"": ""Positive""}
```",,,,,,,,,,,,,,,,,,,,,,,Positive,Negative,,
ornstein_scotus_sentiment,mistral-small:24b-instruct-2501-q4_K_M,187374900_2020-07-09T14:45:47.000Z,1.4884587090000423,12,,"```json
{""sentiment"": ""Negative""}
```",,,,,,,,,,,,,,,,,,,,,,,Negative,Negative,,
ornstein_scotus_sentiment,mistral-small:24b-instruct-2501-q4_K_M,851491630422949888_2018-06-05T03:23:25.000Z,2.3682121669999106,14,,"```json
{""sentiment"": ""Neutral""}
```",,,,,,,,,,,,,,,,,,,,,,,Neutral,Positive,,
ornstein_scotus_sentiment,mistral-small:24b-instruct-2501-q4_K_M,35210948_2018-06-04T15:11:52.000Z,1.6684184590001223,14,,"```json
{""sentiment"": ""Neutral""}
```",,,,,,,,,,,,,,,,,,,,,,,Neutral,Positive,,
ornstein_scotus_sentiment,mistral-small:24b-instruct-2501-q4_K_M,809787152947146753_2018-06-04T16:01:39.000Z,1.8358448339999995,12,,"```json
{""sentiment"": ""Positive""}
```",,,,,,,,,,,,,,,,,,,,,,,Positive,Positive,,
ornstein_scotus_sentiment,mistral-small:24b-instruct-2501-q4_K_M,13168412_2020-07-09T12:44:22.000Z,1.762430624999979,15,,"```json
{
  ""sentiment"": ""Negative""
}
```",,,,,,,,,,,,,,,,,,,,,,,Negative,Negative,,
ornstein_scotus_sentiment,mistral-small:24b-instruct-2501-q4_K_M,189985569_2020-07-09T13:13:45.000Z,1.481795540999883,12,,"```json
{""sentiment"": ""Negative""}
```",,,,,,,,,,,,,,,,,,,,,,,Negative,Negative,,
ornstein_scotus_sentiment,mistral-small:24b-instruct-2501-q4_K_M,3241915819_2018-06-06T00:16:00.000Z,1.6721092919999592,14,,"```json
{""sentiment"": ""Neutral""}
```",,,,,,,,,,,,,,,,,,,,,,,Neutral,Negative,,
ornstein_scotus_sentiment,mistral-small:24b-instruct-2501-q4_K_M,326243560_2020-07-11T02:16:40.000Z,1.8362600840000596,12,,"```json
{""sentiment"": ""Negative""}
```",,,,,,,,,,,,,,,,,,,,,,,Negative,Negative,,
ornstein_scotus_sentiment,mistral-small:24b-instruct-2501-q4_K_M,418196712_2018-06-04T14:57:56.000Z,1.8435214589999305,12,,"```json
{""sentiment"": ""Negative""}
```",,,,,,,,,,,,,,,,,,,,,,,Negative,Negative,,
ornstein_scotus_sentiment,mistral-small:24b-instruct-2501-q4_K_M,272835160_2020-07-15T12:11:38.000Z,1.857449625000072,12,,"```json
{""sentiment"": ""Negative""}
```",,,,,,,,,,,,,,,,,,,,,,,Negative,Negative,,
ornstein_scotus_sentiment,mistral-small:24b-instruct-2501-q4_K_M,1039346703760072704_2020-07-09T01:43:11.000Z,2.288246500000014,17,,"```json
{
  ""sentiment"": ""Neutral""
}
```",,,,,,,,,,,,,,,,,,,,,,,Neutral,Neutral,,
ornstein_scotus_sentiment,mistral-small:24b-instruct-2501-q4_K_M,303512493_2020-07-09T14:36:58.000Z,1.8298761250000553,12,,"```json
{""sentiment"": ""Positive""}
```",,,,,,,,,,,,,,,,,,,,,,,Positive,Neutral,,
ornstein_scotus_sentiment,mistral-small:24b-instruct-2501-q4_K_M,8758962_2018-06-04T17:34:05.000Z,2.453496791999896,15,,"```json
{
  ""sentiment"": ""Negative""
}
```",,,,,,,,,,,,,,,,,,,,,,,Negative,Negative,,
ornstein_scotus_sentiment,mistral-small:24b-instruct-2501-q4_K_M,722632307232874496_2018-06-06T01:15:58.000Z,1.8293141249998823,12,,"```json
{""sentiment"": ""Positive""}
```",,,,,,,,,,,,,,,,,,,,,,,Positive,Negative,,
ornstein_scotus_sentiment,mistral-small:24b-instruct-2501-q4_K_M,68423127_2020-07-09T14:25:17.000Z,1.490478875000008,12,,"```json
{""sentiment"": ""Positive""}
```",,,,,,,,,,,,,,,,,,,,,,,Positive,Positive,,
ornstein_scotus_sentiment,mistral-small:24b-instruct-2501-q4_K_M,4127948117_2020-07-09T14:57:01.000Z,2.183093625000083,12,,"```json
{""sentiment"": ""Positive""}
```",,,,,,,,,,,,,,,,,,,,,,,Positive,Negative,,
ornstein_scotus_sentiment,mistral-small:24b-instruct-2501-q4_K_M,3401061634_2018-06-04T16:20:47.000Z,1.8429127090000748,12,,"```json
{""sentiment"": ""Negative""}
```",,,,,,,,,,,,,,,,,,,,,,,Negative,Negative,,
ornstein_scotus_sentiment,mistral-small:24b-instruct-2501-q4_K_M,123685982_2018-06-04T14:18:57.000Z,1.6686517919999917,14,,"```json
{""sentiment"": ""Neutral""}
```",,,,,,,,,,,,,,,,,,,,,,,Neutral,Neutral,,
ornstein_scotus_sentiment,gpt-5.4-nano,758143000715329536_2020-07-09T14:28:51.000Z,1.3906499590000294,12,,"{""sentiment"":""Positive""}",,,,,,,,,,,,,,,,,,,,,,,Positive,Neutral,,
ornstein_scotus_sentiment,gpt-5.4-nano,147634420_2018-06-04T19:03:29.000Z,0.7670979590000115,12,,"{""sentiment"":""Positive""}",,,,,,,,,,,,,,,,,,,,,,,Positive,Positive,,
ornstein_scotus_sentiment,gpt-5.4-nano,66171696_2020-07-09T22:57:02.000Z,1.447247207999908,12,,"{""sentiment"":""Neutral""}",,,,,,,,,,,,,,,,,,,,,,,Neutral,Neutral,,
ornstein_scotus_sentiment,gpt-5.4-nano,23118829_2020-07-09T14:18:05.000Z,0.9117702080000072,12,,"{""sentiment"":""Positive""}",,,,,,,,,,,,,,,,,,,,,,,Positive,Positive,,
ornstein_scotus_sentiment,gpt-5.4-nano,510766220_2018-06-04T18:17:53.000Z,0.9787061250001444,12,,"{""sentiment"":""Positive""}",,,,,,,,,,,,,,,,,,,,,,,Positive,Positive,,
ornstein_scotus_sentiment,gpt-5.4-nano,951918524494041088_2020-07-09T15:31:41.000Z,0.963418084000068,12,,"{""sentiment"":""Negative""}",,,,,,,,,,,,,,,,,,,,,,,Negative,Negative,,
ornstein_scotus_sentiment,gpt-5.4-nano,1071491996035018752_2020-07-11T04:17:03.000Z,0.7004897920000985,12,,"{""sentiment"":""Negative""}",,,,,,,,,,,,,,,,,,,,,,,Negative,Negative,,
ornstein_scotus_sentiment,gpt-5.4-nano,896691265_2020-07-09T14:14:09.000Z,1.3494431249998795,12,,"{""sentiment"":""Neutral""}",,,,,,,,,,,,,,,,,,,,,,,Neutral,Positive,,
ornstein_scotus_sentiment,gpt-5.4-nano,22706582_2018-06-05T00:59:58.000Z,0.6109424169999329,12,,"{""sentiment"":""Neutral""}",,,,,,,,,,,,,,,,,,,,,,,Neutral,Neutral,,
ornstein_scotus_sentiment,gpt-5.4-nano,48116270_2018-06-04T14:48:47.000Z,1.229027791000135,12,,"{""sentiment"":""Neutral""}",,,,,,,,,,,,,,,,,,,,,,,Neutral,Neutral,,
ornstein_scotus_sentiment,gpt-5.4-nano,44408295_2018-06-04T23:06:24.000Z,0.694583540999929,12,,"{""sentiment"":""Neutral""}",,,,,,,,,,,,,,,,,,,,,,,Neutral,Negative,,
ornstein_scotus_sentiment,gpt-5.4-nano,546444079_2018-06-05T20:59:58.000Z,0.7244173330000194,12,,"{""sentiment"":""Negative""}",,,,,,,,,,,,,,,,,,,,,,,Negative,Positive,,
ornstein_scotus_sentiment,gpt-5.4-nano,1031576656203341824_2020-07-09T17:27:07.000Z,1.022413416000063,12,,"{""sentiment"":""Negative""}",,,,,,,,,,,,,,,,,,,,,,,Negative,Negative,,
ornstein_scotus_sentiment,gpt-5.4-nano,707302472_2020-07-09T19:36:21.000Z,0.6130752910000865,12,,"{""sentiment"":""Neutral""}",,,,,,,,,,,,,,,,,,,,,,,Neutral,Negative,,
ornstein_scotus_sentiment,gpt-5.4-nano,494394593_2018-06-04T14:26:55.000Z,0.8531542499999887,12,,"{""sentiment"":""Neutral""}",,,,,,,,,,,,,,,,,,,,,,,Neutral,Neutral,,
ornstein_scotus_sentiment,gpt-5.4-nano,3493563087_2020-07-09T14:46:45.000Z,0.6111443330000839,12,,"{""sentiment"":""Negative""}",,,,,,,,,,,,,,,,,,,,,,,Negative,Positive,,
ornstein_scotus_sentiment,gpt-5.4-nano,14171334_2018-06-04T15:47:29.000Z,0.6934631249998802,12,,"{""sentiment"":""Negative""}",,,,,,,,,,,,,,,,,,,,,,,Negative,Negative,,
ornstein_scotus_sentiment,gpt-5.4-nano,31524049_2020-07-09T15:02:46.000Z,0.5649108329998853,12,,"{""sentiment"":""Positive""}",,,,,,,,,,,,,,,,,,,,,,,Positive,Positive,,
ornstein_scotus_sentiment,gpt-5.4-nano,21931325_2018-06-04T14:33:55.000Z,0.759985375000042,12,,"{""sentiment"":""Neutral""}",,,,,,,,,,,,,,,,,,,,,,,Neutral,Negative,,
ornstein_scotus_sentiment,gpt-5.4-nano,1278734179384152064_2020-07-10T03:11:34.000Z,0.7150805000001128,12,,"{""sentiment"":""Negative""}",,,,,,,,,,,,,,,,,,,,,,,Negative,Negative,,
ornstein_scotus_sentiment,gpt-5.4-nano,42106976_2020-07-18T16:16:52.000Z,0.6728566669999054,12,,"{""sentiment"":""Neutral""}",,,,,,,,,,,,,,,,,,,,,,,Neutral,Negative,,
ornstein_scotus_sentiment,gpt-5.4-nano,82266118_2020-07-09T14:17:49.000Z,0.6460817500001212,12,,"{""sentiment"":""Neutral""}",,,,,,,,,,,,,,,,,,,,,,,Neutral,Negative,,
ornstein_scotus_sentiment,gpt-5.4-nano,105588131_2020-07-17T17:42:18.000Z,0.720291374999988,12,,"{""sentiment"":""Negative""}",,,,,,,,,,,,,,,,,,,,,,,Negative,Negative,,
ornstein_scotus_sentiment,gpt-5.4-nano,21146102_2018-06-04T14:54:28.000Z,1.0241048329999105,12,,"{""sentiment"":""Neutral""}",,,,,,,,,,,,,,,,,,,,,,,Neutral,Neutral,,
ornstein_scotus_sentiment,gpt-5.4-nano,382367498_2018-06-04T14:29:05.000Z,0.6141238749999047,12,,"{""sentiment"":""Positive""}",,,,,,,,,,,,,,,,,,,,,,,Positive,Neutral,,
ornstein_scotus_sentiment,gpt-5.4-nano,134671493_2018-06-04T14:34:44.000Z,0.8832102500000474,12,,"{""sentiment"":""Positive""}",,,,,,,,,,,,,,,,,,,,,,,Positive,Positive,,
ornstein_scotus_sentiment,gpt-5.4-nano,21043851_2018-06-05T00:24:28.000Z,0.652435209000032,12,,"{""sentiment"":""Positive""}",,,,,,,,,,,,,,,,,,,,,,,Positive,Positive,,
ornstein_scotus_sentiment,gpt-5.4-nano,12762142_2018-06-04T15:56:58.000Z,0.7160911249998207,12,,"{""sentiment"":""Negative""}",,,,,,,,,,,,,,,,,,,,,,,Negative,Negative,,
ornstein_scotus_sentiment,gpt-5.4-nano,73766994_2018-06-05T10:29:24.000Z,0.7173902090000865,12,,"{""sentiment"":""Positive""}",,,,,,,,,,,,,,,,,,,,,,,Positive,Negative,,
ornstein_scotus_sentiment,gpt-5.4-nano,1164613860504014848_2020-07-09T16:16:02.000Z,0.6756453329999204,12,,"{""sentiment"":""Neutral""}",,,,,,,,,,,,,,,,,,,,,,,Neutral,Neutral,,
ornstein_scotus_sentiment,gpt-5.4-nano,444652453_2020-07-09T15:16:41.000Z,0.7483515420001368,12,,"{""sentiment"":""Positive""}",,,,,,,,,,,,,,,,,,,,,,,Positive,Negative,,
ornstein_scotus_sentiment,gpt-5.4-nano,773282830898044929_2020-07-09T20:35:55.000Z,0.7201446660001238,12,,"{""sentiment"":""Positive""}",,,,,,,,,,,,,,,,,,,,,,,Positive,Negative,,
ornstein_scotus_sentiment,gpt-5.4-nano,187374900_2020-07-09T14:45:47.000Z,0.7142557919999035,12,,"{""sentiment"":""Negative""}",,,,,,,,,,,,,,,,,,,,,,,Negative,Negative,,
ornstein_scotus_sentiment,gpt-5.4-nano,851491630422949888_2018-06-05T03:23:25.000Z,0.5900253330000851,12,,"{""sentiment"":""Positive""}",,,,,,,,,,,,,,,,,,,,,,,Positive,Positive,,
ornstein_scotus_sentiment,gpt-5.4-nano,35210948_2018-06-04T15:11:52.000Z,1.0461030829999345,12,,"{""sentiment"":""Positive""}",,,,,,,,,,,,,,,,,,,,,,,Positive,Positive,,
ornstein_scotus_sentiment,gpt-5.4-nano,809787152947146753_2018-06-04T16:01:39.000Z,0.7175418750000517,12,,"{""sentiment"":""Positive""}",,,,,,,,,,,,,,,,,,,,,,,Positive,Positive,,
ornstein_scotus_sentiment,gpt-5.4-nano,13168412_2020-07-09T12:44:22.000Z,0.7165343750000375,12,,"{""sentiment"":""Negative""}",,,,,,,,,,,,,,,,,,,,,,,Negative,Negative,,
ornstein_scotus_sentiment,gpt-5.4-nano,189985569_2020-07-09T13:13:45.000Z,0.7162772920000862,12,,"{""sentiment"":""Negative""}",,,,,,,,,,,,,,,,,,,,,,,Negative,Negative,,
ornstein_scotus_sentiment,gpt-5.4-nano,3241915819_2018-06-06T00:16:00.000Z,0.6144188329999452,12,,"{""sentiment"":""Positive""}",,,,,,,,,,,,,,,,,,,,,,,Positive,Negative,,
ornstein_scotus_sentiment,gpt-5.4-nano,326243560_2020-07-11T02:16:40.000Z,0.6296284999998534,12,,"{""sentiment"":""Positive""}",,,,,,,,,,,,,,,,,,,,,,,Positive,Negative,,
ornstein_scotus_sentiment,gpt-5.4-nano,418196712_2018-06-04T14:57:56.000Z,0.6900422500000332,12,,"{""sentiment"":""Negative""}",,,,,,,,,,,,,,,,,,,,,,,Negative,Negative,,
ornstein_scotus_sentiment,gpt-5.4-nano,272835160_2020-07-15T12:11:38.000Z,0.7156333330001416,12,,"{""sentiment"":""Negative""}",,,,,,,,,,,,,,,,,,,,,,,Negative,Negative,,
ornstein_scotus_sentiment,gpt-5.4-nano,1039346703760072704_2020-07-09T01:43:11.000Z,0.920816916999911,12,,"{""sentiment"":""Neutral""}",,,,,,,,,,,,,,,,,,,,,,,Neutral,Neutral,,
ornstein_scotus_sentiment,gpt-5.4-nano,303512493_2020-07-09T14:36:58.000Z,0.717686791999995,12,,"{""sentiment"":""Neutral""}",,,,,,,,,,,,,,,,,,,,,,,Neutral,Neutral,,
ornstein_scotus_sentiment,gpt-5.4-nano,8758962_2018-06-04T17:34:05.000Z,1.125214875000211,12,,"{""sentiment"":""Negative""}",,,,,,,,,,,,,,,,,,,,,,,Negative,Negative,,
ornstein_scotus_sentiment,gpt-5.4-nano,722632307232874496_2018-06-06T01:15:58.000Z,0.6017340840000998,12,,"{""sentiment"":""Positive""}",,,,,,,,,,,,,,,,,,,,,,,Positive,Negative,,
ornstein_scotus_sentiment,gpt-5.4-nano,68423127_2020-07-09T14:25:17.000Z,0.6353280000000723,12,,"{""sentiment"":""Positive""}",,,,,,,,,,,,,,,,,,,,,,,Positive,Positive,,
ornstein_scotus_sentiment,gpt-5.4-nano,4127948117_2020-07-09T14:57:01.000Z,1.118150999999898,12,,"{""sentiment"":""Negative""}",,,,,,,,,,,,,,,,,,,,,,,Negative,Negative,,
ornstein_scotus_sentiment,gpt-5.4-nano,3401061634_2018-06-04T16:20:47.000Z,0.7175672089999807,12,,"{""sentiment"":""Negative""}",,,,,,,,,,,,,,,,,,,,,,,Negative,Negative,,
ornstein_scotus_sentiment,gpt-5.4-nano,123685982_2018-06-04T14:18:57.000Z,1.0220999579998988,12,,"{""sentiment"":""Neutral""}",,,,,,,,,,,,,,,,,,,,,,,Neutral,Neutral,,
ornstein_scotus_sentiment,gpt-5.4-mini,758143000715329536_2020-07-09T14:28:51.000Z,0.7004876250000507,12,,"{""sentiment"":""Positive""}",,,,,,,,,,,,,,,,,,,,,,,Positive,Neutral,,
ornstein_scotus_sentiment,gpt-5.4-mini,147634420_2018-06-04T19:03:29.000Z,0.7162031249999927,12,,"{""sentiment"":""Positive""}",,,,,,,,,,,,,,,,,,,,,,,Positive,Positive,,
ornstein_scotus_sentiment,gpt-5.4-mini,66171696_2020-07-09T22:57:02.000Z,0.6152334999999312,12,,"{""sentiment"":""Neutral""}",,,,,,,,,,,,,,,,,,,,,,,Neutral,Neutral,,
ornstein_scotus_sentiment,gpt-5.4-mini,23118829_2020-07-09T14:18:05.000Z,0.7258431669999936,12,,"{""sentiment"":""Positive""}",,,,,,,,,,,,,,,,,,,,,,,Positive,Positive,,
ornstein_scotus_sentiment,gpt-5.4-mini,510766220_2018-06-04T18:17:53.000Z,0.8076721659999748,12,,"{""sentiment"":""Positive""}",,,,,,,,,,,,,,,,,,,,,,,Positive,Positive,,
ornstein_scotus_sentiment,gpt-5.4-mini,951918524494041088_2020-07-09T15:31:41.000Z,0.7164473330001329,12,,"{""sentiment"":""Negative""}",,,,,,,,,,,,,,,,,,,,,,,Negative,Negative,,
ornstein_scotus_sentiment,gpt-5.4-mini,1071491996035018752_2020-07-11T04:17:03.000Z,0.708966749999945,12,,"{""sentiment"":""Neutral""}",,,,,,,,,,,,,,,,,,,,,,,Neutral,Negative,,
ornstein_scotus_sentiment,gpt-5.4-mini,896691265_2020-07-09T14:14:09.000Z,0.6576408329999595,12,,"{""sentiment"":""Neutral""}",,,,,,,,,,,,,,,,,,,,,,,Neutral,Positive,,
ornstein_scotus_sentiment,gpt-5.4-mini,22706582_2018-06-05T00:59:58.000Z,0.6806897910000771,12,,"{""sentiment"":""Neutral""}",,,,,,,,,,,,,,,,,,,,,,,Neutral,Neutral,,
ornstein_scotus_sentiment,gpt-5.4-mini,48116270_2018-06-04T14:48:47.000Z,0.7172421249999843,12,,"{""sentiment"":""Neutral""}",,,,,,,,,,,,,,,,,,,,,,,Neutral,Neutral,,
ornstein_scotus_sentiment,gpt-5.4-mini,44408295_2018-06-04T23:06:24.000Z,0.5788475409999592,12,,"{""sentiment"":""Neutral""}",,,,,,,,,,,,,,,,,,,,,,,Neutral,Negative,,
ornstein_scotus_sentiment,gpt-5.4-mini,546444079_2018-06-05T20:59:58.000Z,0.6906222079999225,12,,"{""sentiment"":""Positive""}",,,,,,,,,,,,,,,,,,,,,,,Positive,Positive,,
ornstein_scotus_sentiment,gpt-5.4-mini,1031576656203341824_2020-07-09T17:27:07.000Z,0.7904130829999758,12,,"{""sentiment"":""Negative""}",,,,,,,,,,,,,,,,,,,,,,,Negative,Negative,,
ornstein_scotus_sentiment,gpt-5.4-mini,707302472_2020-07-09T19:36:21.000Z,0.7929862080000021,12,,"{""sentiment"":""Positive""}",,,,,,,,,,,,,,,,,,,,,,,Positive,Negative,,
ornstein_scotus_sentiment,gpt-5.4-mini,494394593_2018-06-04T14:26:55.000Z,0.6148455420000118,12,,"{""sentiment"":""Neutral""}",,,,,,,,,,,,,,,,,,,,,,,Neutral,Neutral,,
ornstein_scotus_sentiment,gpt-5.4-mini,3493563087_2020-07-09T14:46:45.000Z,0.9687196249999488,12,,"{""sentiment"":""Positive""}",,,,,,,,,,,,,,,,,,,,,,,Positive,Positive,,
ornstein_scotus_sentiment,gpt-5.4-mini,14171334_2018-06-04T15:47:29.000Z,0.7730396249999103,12,,"{""sentiment"":""Negative""}",,,,,,,,,,,,,,,,,,,,,,,Negative,Negative,,
ornstein_scotus_sentiment,gpt-5.4-mini,31524049_2020-07-09T15:02:46.000Z,0.7146990000001097,12,,"{""sentiment"":""Positive""}",,,,,,,,,,,,,,,,,,,,,,,Positive,Positive,,
ornstein_scotus_sentiment,gpt-5.4-mini,21931325_2018-06-04T14:33:55.000Z,1.0252198750001753,12,,"{""sentiment"":""Negative""}",,,,,,,,,,,,,,,,,,,,,,,Negative,Negative,,
ornstein_scotus_sentiment,gpt-5.4-mini,1278734179384152064_2020-07-10T03:11:34.000Z,0.6472922919999746,12,,"{""sentiment"":""Negative""}",,,,,,,,,,,,,,,,,,,,,,,Negative,Negative,,
ornstein_scotus_sentiment,gpt-5.4-mini,42106976_2020-07-18T16:16:52.000Z,0.8800808750002034,12,,"{""sentiment"":""Neutral""}",,,,,,,,,,,,,,,,,,,,,,,Neutral,Negative,,
ornstein_scotus_sentiment,gpt-5.4-mini,82266118_2020-07-09T14:17:49.000Z,0.819656833999943,12,,"{""sentiment"":""Positive""}",,,,,,,,,,,,,,,,,,,,,,,Positive,Negative,,
ornstein_scotus_sentiment,gpt-5.4-mini,105588131_2020-07-17T17:42:18.000Z,0.8221815839999636,12,,"{""sentiment"":""Neutral""}",,,,,,,,,,,,,,,,,,,,,,,Neutral,Negative,,
ornstein_scotus_sentiment,gpt-5.4-mini,21146102_2018-06-04T14:54:28.000Z,0.7683102919997964,12,,"{""sentiment"":""Neutral""}",,,,,,,,,,,,,,,,,,,,,,,Neutral,Neutral,,
ornstein_scotus_sentiment,gpt-5.4-mini,382367498_2018-06-04T14:29:05.000Z,0.7630274159998862,12,,"{""sentiment"":""Neutral""}",,,,,,,,,,,,,,,,,,,,,,,Neutral,Neutral,,
ornstein_scotus_sentiment,gpt-5.4-mini,134671493_2018-06-04T14:34:44.000Z,0.921283874999972,12,,"{""sentiment"":""Positive""}",,,,,,,,,,,,,,,,,,,,,,,Positive,Positive,,
ornstein_scotus_sentiment,gpt-5.4-mini,21043851_2018-06-05T00:24:28.000Z,0.731595083000002,12,,"{""sentiment"":""Negative""}",,,,,,,,,,,,,,,,,,,,,,,Negative,Positive,,
ornstein_scotus_sentiment,gpt-5.4-mini,12762142_2018-06-04T15:56:58.000Z,0.8040105840000251,12,,"{""sentiment"":""Negative""}",,,,,,,,,,,,,,,,,,,,,,,Negative,Negative,,
ornstein_scotus_sentiment,gpt-5.4-mini,73766994_2018-06-05T10:29:24.000Z,0.8175522090000413,12,,"{""sentiment"":""Negative""}",,,,,,,,,,,,,,,,,,,,,,,Negative,Negative,,
ornstein_scotus_sentiment,gpt-5.4-mini,1164613860504014848_2020-07-09T16:16:02.000Z,0.7163975410001058,12,,"{""sentiment"":""Neutral""}",,,,,,,,,,,,,,,,,,,,,,,Neutral,Neutral,,
ornstein_scotus_sentiment,gpt-5.4-mini,444652453_2020-07-09T15:16:41.000Z,0.7047481659999448,12,,"{""sentiment"":""Positive""}",,,,,,,,,,,,,,,,,,,,,,,Positive,Negative,,
ornstein_scotus_sentiment,gpt-5.4-mini,773282830898044929_2020-07-09T20:35:55.000Z,0.8216687500000717,12,,"{""sentiment"":""Positive""}",,,,,,,,,,,,,,,,,,,,,,,Positive,Negative,,
ornstein_scotus_sentiment,gpt-5.4-mini,187374900_2020-07-09T14:45:47.000Z,1.0203748330000053,18,,"{""sentiment"":""Negative""}",,,,,,,,,,,,,,,,,,,,,,,Negative,Negative,,
ornstein_scotus_sentiment,gpt-5.4-mini,851491630422949888_2018-06-05T03:23:25.000Z,0.6939000419999957,12,,"{""sentiment"":""Neutral""}",,,,,,,,,,,,,,,,,,,,,,,Neutral,Positive,,
ornstein_scotus_sentiment,gpt-5.4-mini,35210948_2018-06-04T15:11:52.000Z,0.6575129170000764,12,,"{""sentiment"":""Neutral""}",,,,,,,,,,,,,,,,,,,,,,,Neutral,Positive,,
ornstein_scotus_sentiment,gpt-5.4-mini,809787152947146753_2018-06-04T16:01:39.000Z,0.6819920000000366,12,,"{""sentiment"":""Positive""}",,,,,,,,,,,,,,,,,,,,,,,Positive,Positive,,
ornstein_scotus_sentiment,gpt-5.4-mini,13168412_2020-07-09T12:44:22.000Z,0.7287000829999215,12,,"{""sentiment"":""Negative""}",,,,,,,,,,,,,,,,,,,,,,,Negative,Negative,,
ornstein_scotus_sentiment,gpt-5.4-mini,189985569_2020-07-09T13:13:45.000Z,0.84025712499988,12,,"{""sentiment"":""Negative""}",,,,,,,,,,,,,,,,,,,,,,,Negative,Negative,,
ornstein_scotus_sentiment,gpt-5.4-mini,3241915819_2018-06-06T00:16:00.000Z,0.6868783749998784,12,,"{""sentiment"":""Positive""}",,,,,,,,,,,,,,,,,,,,,,,Positive,Negative,,
ornstein_scotus_sentiment,gpt-5.4-mini,326243560_2020-07-11T02:16:40.000Z,0.7243694169999344,12,,"{""sentiment"":""Negative""}",,,,,,,,,,,,,,,,,,,,,,,Negative,Negative,,
ornstein_scotus_sentiment,gpt-5.4-mini,418196712_2018-06-04T14:57:56.000Z,0.6113786669998262,12,,"{""sentiment"":""Negative""}",,,,,,,,,,,,,,,,,,,,,,,Negative,Negative,,
ornstein_scotus_sentiment,gpt-5.4-mini,272835160_2020-07-15T12:11:38.000Z,1.2231612499999756,12,,"{""sentiment"":""Neutral""}",,,,,,,,,,,,,,,,,,,,,,,Neutral,Negative,,
ornstein_scotus_sentiment,gpt-5.4-mini,1039346703760072704_2020-07-09T01:43:11.000Z,1.1263811670000905,12,,"{""sentiment"":""Neutral""}",,,,,,,,,,,,,,,,,,,,,,,Neutral,Neutral,,
ornstein_scotus_sentiment,gpt-5.4-mini,303512493_2020-07-09T14:36:58.000Z,0.7162552919999143,12,,"{""sentiment"":""Neutral""}",,,,,,,,,,,,,,,,,,,,,,,Neutral,Neutral,,
ornstein_scotus_sentiment,gpt-5.4-mini,8758962_2018-06-04T17:34:05.000Z,0.9597247910000988,12,,"{""sentiment"":""Negative""}",,,,,,,,,,,,,,,,,,,,,,,Negative,Negative,,
ornstein_scotus_sentiment,gpt-5.4-mini,722632307232874496_2018-06-06T01:15:58.000Z,0.6878514579998409,12,,"{""sentiment"":""Positive""}",,,,,,,,,,,,,,,,,,,,,,,Positive,Negative,,
ornstein_scotus_sentiment,gpt-5.4-mini,68423127_2020-07-09T14:25:17.000Z,1.0131304160001946,12,,"{""sentiment"":""Positive""}",,,,,,,,,,,,,,,,,,,,,,,Positive,Positive,,
ornstein_scotus_sentiment,gpt-5.4-mini,4127948117_2020-07-09T14:57:01.000Z,0.7163446669999303,12,,"{""sentiment"":""Positive""}",,,,,,,,,,,,,,,,,,,,,,,Positive,Negative,,
ornstein_scotus_sentiment,gpt-5.4-mini,3401061634_2018-06-04T16:20:47.000Z,0.5897941250000258,12,,"{""sentiment"":""Negative""}",,,,,,,,,,,,,,,,,,,,,,,Negative,Negative,,
ornstein_scotus_sentiment,gpt-5.4-mini,123685982_2018-06-04T14:18:57.000Z,0.6636613749999469,12,,"{""sentiment"":""Neutral""}",,,,,,,,,,,,,,,,,,,,,,,Neutral,Neutral,,
ornstein_scotus_sentiment,gpt-5.4,758143000715329536_2020-07-09T14:28:51.000Z,0.7824719589998494,12,,"{""sentiment"":""Positive""}",,,,,,,,,,,,,,,,,,,,,,,Positive,Neutral,,
ornstein_scotus_sentiment,gpt-5.4,147634420_2018-06-04T19:03:29.000Z,1.2214335409998966,12,,"{""sentiment"":""Neutral""}",,,,,,,,,,,,,,,,,,,,,,,Neutral,Positive,,
ornstein_scotus_sentiment,gpt-5.4,66171696_2020-07-09T22:57:02.000Z,0.8211421660000724,12,,"{""sentiment"":""Neutral""}",,,,,,,,,,,,,,,,,,,,,,,Neutral,Neutral,,
ornstein_scotus_sentiment,gpt-5.4,23118829_2020-07-09T14:18:05.000Z,0.9195237080000424,12,,"{""sentiment"":""Positive""}",,,,,,,,,,,,,,,,,,,,,,,Positive,Positive,,
ornstein_scotus_sentiment,gpt-5.4,510766220_2018-06-04T18:17:53.000Z,0.9208895409999514,12,,"{""sentiment"":""Positive""}",,,,,,,,,,,,,,,,,,,,,,,Positive,Positive,,
ornstein_scotus_sentiment,gpt-5.4,951918524494041088_2020-07-09T15:31:41.000Z,0.9233115839999756,12,,"{""sentiment"":""Negative""}",,,,,,,,,,,,,,,,,,,,,,,Negative,Negative,,
ornstein_scotus_sentiment,gpt-5.4,1071491996035018752_2020-07-11T04:17:03.000Z,1.021641000000045,12,,"{""sentiment"":""Neutral""}",,,,,,,,,,,,,,,,,,,,,,,Neutral,Negative,,
ornstein_scotus_sentiment,gpt-5.4,896691265_2020-07-09T14:14:09.000Z,0.819036374999996,12,,"{""sentiment"":""Neutral""}",,,,,,,,,,,,,,,,,,,,,,,Neutral,Positive,,
ornstein_scotus_sentiment,gpt-5.4,22706582_2018-06-05T00:59:58.000Z,0.921389667000085,12,,"{""sentiment"":""Neutral""}",,,,,,,,,,,,,,,,,,,,,,,Neutral,Neutral,,
ornstein_scotus_sentiment,gpt-5.4,48116270_2018-06-04T14:48:47.000Z,0.759491374999925,12,,"{""sentiment"":""Neutral""}",,,,,,,,,,,,,,,,,,,,,,,Neutral,Neutral,,
ornstein_scotus_sentiment,gpt-5.4,44408295_2018-06-04T23:06:24.000Z,0.7651907499998742,12,,"{""sentiment"":""Neutral""}",,,,,,,,,,,,,,,,,,,,,,,Neutral,Negative,,
ornstein_scotus_sentiment,gpt-5.4,546444079_2018-06-05T20:59:58.000Z,0.8200684579999233,12,,"{""sentiment"":""Neutral""}",,,,,,,,,,,,,,,,,,,,,,,Neutral,Positive,,
ornstein_scotus_sentiment,gpt-5.4,1031576656203341824_2020-07-09T17:27:07.000Z,0.8184076249999634,12,,"{""sentiment"":""Negative""}",,,,,,,,,,,,,,,,,,,,,,,Negative,Negative,,
ornstein_scotus_sentiment,gpt-5.4,707302472_2020-07-09T19:36:21.000Z,0.9191693749999104,12,,"{""sentiment"":""Positive""}",,,,,,,,,,,,,,,,,,,,,,,Positive,Negative,,
ornstein_scotus_sentiment,gpt-5.4,494394593_2018-06-04T14:26:55.000Z,0.6174490420000893,12,,"{""sentiment"":""Neutral""}",,,,,,,,,,,,,,,,,,,,,,,Neutral,Neutral,,
ornstein_scotus_sentiment,gpt-5.4,3493563087_2020-07-09T14:46:45.000Z,0.9171881249999388,12,,"{""sentiment"":""Positive""}",,,,,,,,,,,,,,,,,,,,,,,Positive,Positive,,
ornstein_scotus_sentiment,gpt-5.4,14171334_2018-06-04T15:47:29.000Z,0.8210270419999688,12,,"{""sentiment"":""Negative""}",,,,,,,,,,,,,,,,,,,,,,,Negative,Negative,,
ornstein_scotus_sentiment,gpt-5.4,31524049_2020-07-09T15:02:46.000Z,0.8189424590000272,12,,"{""sentiment"":""Positive""}",,,,,,,,,,,,,,,,,,,,,,,Positive,Positive,,
ornstein_scotus_sentiment,gpt-5.4,21931325_2018-06-04T14:33:55.000Z,0.820626749999974,12,,"{""sentiment"":""Negative""}",,,,,,,,,,,,,,,,,,,,,,,Negative,Negative,,
ornstein_scotus_sentiment,gpt-5.4,1278734179384152064_2020-07-10T03:11:34.000Z,0.7997815829999126,12,,"{""sentiment"":""Negative""}",,,,,,,,,,,,,,,,,,,,,,,Negative,Negative,,
ornstein_scotus_sentiment,gpt-5.4,42106976_2020-07-18T16:16:52.000Z,0.8242098329999408,12,,"{""sentiment"":""Neutral""}",,,,,,,,,,,,,,,,,,,,,,,Neutral,Negative,,
ornstein_scotus_sentiment,gpt-5.4,82266118_2020-07-09T14:17:49.000Z,0.8443149579998135,12,,"{""sentiment"":""Positive""}",,,,,,,,,,,,,,,,,,,,,,,Positive,Negative,,
ornstein_scotus_sentiment,gpt-5.4,105588131_2020-07-17T17:42:18.000Z,0.8098101669997959,12,,"{""sentiment"":""Neutral""}",,,,,,,,,,,,,,,,,,,,,,,Neutral,Negative,,
ornstein_scotus_sentiment,gpt-5.4,21146102_2018-06-04T14:54:28.000Z,0.8294598750001114,12,,"{""sentiment"":""Neutral""}",,,,,,,,,,,,,,,,,,,,,,,Neutral,Neutral,,
ornstein_scotus_sentiment,gpt-5.4,382367498_2018-06-04T14:29:05.000Z,0.8925460000000385,12,,"{""sentiment"":""Neutral""}",,,,,,,,,,,,,,,,,,,,,,,Neutral,Neutral,,
ornstein_scotus_sentiment,gpt-5.4,134671493_2018-06-04T14:34:44.000Z,0.9251642500000798,12,,"{""sentiment"":""Positive""}",,,,,,,,,,,,,,,,,,,,,,,Positive,Positive,,
ornstein_scotus_sentiment,gpt-5.4,21043851_2018-06-05T00:24:28.000Z,0.7810826249999536,12,,"{""sentiment"":""Negative""}",,,,,,,,,,,,,,,,,,,,,,,Negative,Positive,,
ornstein_scotus_sentiment,gpt-5.4,12762142_2018-06-04T15:56:58.000Z,0.7926290000000336,12,,"{""sentiment"":""Negative""}",,,,,,,,,,,,,,,,,,,,,,,Negative,Negative,,
ornstein_scotus_sentiment,gpt-5.4,73766994_2018-06-05T10:29:24.000Z,1.0870294589999503,12,,"{""sentiment"":""Negative""}",,,,,,,,,,,,,,,,,,,,,,,Negative,Negative,,
ornstein_scotus_sentiment,gpt-5.4,1164613860504014848_2020-07-09T16:16:02.000Z,1.1190993749999052,12,,"{""sentiment"":""Neutral""}",,,,,,,,,,,,,,,,,,,,,,,Neutral,Neutral,,
ornstein_scotus_sentiment,gpt-5.4,444652453_2020-07-09T15:16:41.000Z,0.8076489999998557,12,,"{""sentiment"":""Positive""}",,,,,,,,,,,,,,,,,,,,,,,Positive,Negative,,
ornstein_scotus_sentiment,gpt-5.4,773282830898044929_2020-07-09T20:35:55.000Z,0.8278387079999447,12,,"{""sentiment"":""Positive""}",,,,,,,,,,,,,,,,,,,,,,,Positive,Negative,,
ornstein_scotus_sentiment,gpt-5.4,187374900_2020-07-09T14:45:47.000Z,0.7550270839999484,12,,"{""sentiment"":""Negative""}",,,,,,,,,,,,,,,,,,,,,,,Negative,Negative,,
ornstein_scotus_sentiment,gpt-5.4,851491630422949888_2018-06-05T03:23:25.000Z,0.985225249999985,12,,"{""sentiment"":""Neutral""}",,,,,,,,,,,,,,,,,,,,,,,Neutral,Positive,,
ornstein_scotus_sentiment,gpt-5.4,35210948_2018-06-04T15:11:52.000Z,0.816274458999942,12,,"{""sentiment"":""Negative""}",,,,,,,,,,,,,,,,,,,,,,,Negative,Positive,,
ornstein_scotus_sentiment,gpt-5.4,809787152947146753_2018-06-04T16:01:39.000Z,0.8318324169999869,12,,"{""sentiment"":""Positive""}",,,,,,,,,,,,,,,,,,,,,,,Positive,Positive,,
ornstein_scotus_sentiment,gpt-5.4,13168412_2020-07-09T12:44:22.000Z,1.0119128750000073,12,,"{""sentiment"":""Negative""}",,,,,,,,,,,,,,,,,,,,,,,Negative,Negative,,
ornstein_scotus_sentiment,gpt-5.4,189985569_2020-07-09T13:13:45.000Z,0.805716916999927,12,,"{""sentiment"":""Negative""}",,,,,,,,,,,,,,,,,,,,,,,Negative,Negative,,
ornstein_scotus_sentiment,gpt-5.4,3241915819_2018-06-06T00:16:00.000Z,0.8307142500000282,12,,"{""sentiment"":""Positive""}",,,,,,,,,,,,,,,,,,,,,,,Positive,Negative,,
ornstein_scotus_sentiment,gpt-5.4,326243560_2020-07-11T02:16:40.000Z,0.8196733750000931,12,,"{""sentiment"":""Negative""}",,,,,,,,,,,,,,,,,,,,,,,Negative,Negative,,
ornstein_scotus_sentiment,gpt-5.4,418196712_2018-06-04T14:57:56.000Z,0.7700477500000034,12,,"{""sentiment"":""Negative""}",,,,,,,,,,,,,,,,,,,,,,,Negative,Negative,,
ornstein_scotus_sentiment,gpt-5.4,272835160_2020-07-15T12:11:38.000Z,1.0152103329999136,12,,"{""sentiment"":""Neutral""}",,,,,,,,,,,,,,,,,,,,,,,Neutral,Negative,,
ornstein_scotus_sentiment,gpt-5.4,1039346703760072704_2020-07-09T01:43:11.000Z,0.7683728750000682,12,,"{""sentiment"":""Neutral""}",,,,,,,,,,,,,,,,,,,,,,,Neutral,Neutral,,
ornstein_scotus_sentiment,gpt-5.4,303512493_2020-07-09T14:36:58.000Z,0.8036520000000564,12,,"{""sentiment"":""Neutral""}",,,,,,,,,,,,,,,,,,,,,,,Neutral,Neutral,,
ornstein_scotus_sentiment,gpt-5.4,8758962_2018-06-04T17:34:05.000Z,0.87648045800006,12,,"{""sentiment"":""Negative""}",,,,,,,,,,,,,,,,,,,,,,,Negative,Negative,,
ornstein_scotus_sentiment,gpt-5.4,722632307232874496_2018-06-06T01:15:58.000Z,0.93504083300013,12,,"{""sentiment"":""Positive""}",,,,,,,,,,,,,,,,,,,,,,,Positive,Negative,,
ornstein_scotus_sentiment,gpt-5.4,68423127_2020-07-09T14:25:17.000Z,0.8629324159999214,12,,"{""sentiment"":""Positive""}",,,,,,,,,,,,,,,,,,,,,,,Positive,Positive,,
ornstein_scotus_sentiment,gpt-5.4,4127948117_2020-07-09T14:57:01.000Z,0.7254615829999693,12,,"{""sentiment"":""Positive""}",,,,,,,,,,,,,,,,,,,,,,,Positive,Negative,,
ornstein_scotus_sentiment,gpt-5.4,3401061634_2018-06-04T16:20:47.000Z,0.8113215840000976,12,,"{""sentiment"":""Negative""}",,,,,,,,,,,,,,,,,,,,,,,Negative,Negative,,
ornstein_scotus_sentiment,gpt-5.4,123685982_2018-06-04T14:18:57.000Z,0.7484041249999791,12,,"{""sentiment"":""Neutral""}",,,,,,,,,,,,,,,,,,,,,,,Neutral,Neutral,,
halterman_ccc_protest,gemma4:31b-it-q4_K_M,ccc_000,40.9677952909999,21,,"```json
{""protest_type"": ""CARAVAN""}
```",,,,,,,,,,,,,,,,,,,,,,,,,CARAVAN,CARAVAN
halterman_ccc_protest,gemma4:31b-it-q4_K_M,ccc_001,63.228603167000074,25,,"```json
{
  ""protest_type"": ""MARCH""
}
```",,,,,,,,,,,,,,,,,,,,,,,,,MARCH,CARAVAN
halterman_ccc_protest,gemma4:31b-it-q4_K_M,ccc_002,70.18751266599998,27,,"```json
 {
  ""protest_type"": ""DEMONSTRATION""
 }
 ```",,,,,,,,,,,,,,,,,,,,,,,,,DEMONSTRATION,DEMONSTRATION
halterman_ccc_protest,gemma4:31b-it-q4_K_M,ccc_003,76.55914170799997,22,,"```json
{""protest_type"": ""DEMONSTRATION""}
```",,,,,,,,,,,,,,,,,,,,,,,,,DEMONSTRATION,DEMONSTRATION
halterman_ccc_protest,gemma4:31b-it-q4_K_M,ccc_004,66.24993558300002,25,,"```json
{
  ""protest_type"": ""PROTEST""
}
```",,,,,,,,,,,,,,,,,,,,,,,,,PROTEST,DEMONSTRATION
halterman_ccc_protest,gemma4:31b-it-q4_K_M,ccc_005,61.666418625000006,25,,"```json
{
  ""protest_type"": ""MARCH""
}
```",,,,,,,,,,,,,,,,,,,,,,,,,MARCH,DEMONSTRATION
halterman_ccc_protest,gemma4:31b-it-q4_K_M,ccc_006,65.46855395900002,25,,"```json
{
  ""protest_type"": ""MARCH""
}
```",,,,,,,,,,,,,,,,,,,,,,,,,MARCH,DEMONSTRATION
halterman_ccc_protest,gemma4:31b-it-q4_K_M,ccc_007,71.743655042,20,,"```json
{""protest_type"": ""PROTEST""}
```",,,,,,,,,,,,,,,,,,,,,,,,,PROTEST,DEMONSTRATION
halterman_ccc_protest,gemma4:31b-it-q4_K_M,ccc_008,78.51153079200003,25,,"```json
{
  ""protest_type"": ""PROTEST""
}
```",,,,,,,,,,,,,,,,,,,,,,,,,PROTEST,DEMONSTRATION
halterman_ccc_protest,gemma4:31b-it-q4_K_M,ccc_009,71.16859295800009,27,,"```json
{
  ""protest_type"": ""DEMONSTRATION""
}
```",,,,,,,,,,,,,,,,,,,,,,,,,DEMONSTRATION,DEMONSTRATION
halterman_ccc_protest,gemma4:31b-it-q4_K_M,ccc_010,73.33723470900009,22,,"```json
{""protest_type"": ""DEMONSTRATION""}
```",,,,,,,,,,,,,,,,,,,,,,,,,DEMONSTRATION,DEMONSTRATION
halterman_ccc_protest,gemma4:31b-it-q4_K_M,ccc_011,77.8521000830001,21,,"```json
{""protest_type"": ""DIRECT_ACTION""}
```",,,,,,,,,,,,,,,,,,,,,,,,,DIRECT_ACTION,DEMONSTRATION
halterman_ccc_protest,gemma4:31b-it-q4_K_M,ccc_012,64.69430679200013,25,,"```json
 {
  ""protest_type"": ""PROTEST""
 }
 ```",,,,,,,,,,,,,,,,,,,,,,,,,PROTEST,DEMONSTRATION
halterman_ccc_protest,gemma4:31b-it-q4_K_M,ccc_013,67.25359700000035,27,,"```json
 {
  ""protest_type"": ""DEMONSTRATION""
 }
 ```",,,,,,,,,,,,,,,,,,,,,,,,,DEMONSTRATION,DEMONSTRATION
halterman_ccc_protest,gemma4:31b-it-q4_K_M,ccc_014,72.44839212500028,25,,"```json
{
  ""protest_type"": ""MARCH""
}
```",,,,,,,,,,,,,,,,,,,,,,,,,MARCH,MARCH
halterman_ccc_protest,gemma4:31b-it-q4_K_M,ccc_015,66.11065383300001,25,,"```json
{
  ""protest_type"": ""MARCH""
}
```",,,,,,,,,,,,,,,,,,,,,,,,,MARCH,MARCH
halterman_ccc_protest,gemma4:31b-it-q4_K_M,ccc_016,73.06836958299982,27,,"```json
{
  ""protest_type"": ""COUNTER_PROTEST""
}
```",,,,,,,,,,,,,,,,,,,,,,,,,COUNTER_PROTEST,MARCH
halterman_ccc_protest,gemma4:31b-it-q4_K_M,ccc_017,60.533421250000174,25,,"```json
{
  ""protest_type"": ""MARCH""
}
```",,,,,,,,,,,,,,,,,,,,,,,,,MARCH,MARCH
halterman_ccc_protest,gemma4:31b-it-q4_K_M,ccc_018,64.6778937500003,25,,"```json
{
  ""protest_type"": ""MARCH""
}
```",,,,,,,,,,,,,,,,,,,,,,,,,MARCH,MARCH
halterman_ccc_protest,gemma4:31b-it-q4_K_M,ccc_019,66.41803825000034,25,,"```json
{
  ""protest_type"": ""MARCH""
}
```",,,,,,,,,,,,,,,,,,,,,,,,,MARCH,MARCH
halterman_ccc_protest,gemma4:31b-it-q4_K_M,ccc_020,61.71776691700006,25,,"```json
{
  ""protest_type"": ""PROTEST""
}
```",,,,,,,,,,,,,,,,,,,,,,,,,PROTEST,MARCH
halterman_ccc_protest,gemma4:31b-it-q4_K_M,ccc_021,74.1697805419999,20,,"```json
{""protest_type"": ""MARCH""}
```",,,,,,,,,,,,,,,,,,,,,,,,,MARCH,MARCH
halterman_ccc_protest,gemma4:31b-it-q4_K_M,ccc_022,73.64144987500003,20,,"```json
{""protest_type"": ""MARCH""}
```",,,,,,,,,,,,,,,,,,,,,,,,,MARCH,MARCH
halterman_ccc_protest,gemma4:31b-it-q4_K_M,ccc_023,66.78563533399983,25,,"```json
 {
  ""protest_type"": ""MARCH""
 }
 ```",,,,,,,,,,,,,,,,,,,,,,,,,MARCH,MARCH
halterman_ccc_protest,gemma4:31b-it-q4_K_M,ccc_024,70.96931733300016,25,,"```json
{
  ""protest_type"": ""MARCH""
}
```",,,,,,,,,,,,,,,,,,,,,,,,,MARCH,MARCH
halterman_ccc_protest,gemma4:31b-it-q4_K_M,ccc_025,58.0855530419999,25,,"```json
{
  ""protest_type"": ""MARCH""
}
```",,,,,,,,,,,,,,,,,,,,,,,,,MARCH,MARCH
halterman_ccc_protest,gemma4:31b-it-q4_K_M,ccc_026,62.155715375,27,,"```json
{
  ""protest_type"": ""DEMONSTRATION""
}
```",,,,,,,,,,,,,,,,,,,,,,,,,DEMONSTRATION,PROTEST
halterman_ccc_protest,gemma4:31b-it-q4_K_M,ccc_027,70.03777183299962,25,,"```json
{
  ""protest_type"": ""PROTEST""
}
```",,,,,,,,,,,,,,,,,,,,,,,,,PROTEST,PROTEST
halterman_ccc_protest,gemma4:31b-it-q4_K_M,ccc_028,62.59050574999992,25,,"```json
{
  ""protest_type"": ""RALLY""
}
```",,,,,,,,,,,,,,,,,,,,,,,,,RALLY,PROTEST
halterman_ccc_protest,gemma4:31b-it-q4_K_M,ccc_029,62.90252833400018,25,,"```json
{
  ""protest_type"": ""MARCH""
}
```",,,,,,,,,,,,,,,,,,,,,,,,,MARCH,PROTEST
halterman_ccc_protest,gemma4:31b-it-q4_K_M,ccc_030,70.11362708300021,25,,"```json
 {
  ""protest_type"": ""MARCH""
 }
 ```",,,,,,,,,,,,,,,,,,,,,,,,,MARCH,PROTEST
halterman_ccc_protest,gemma4:31b-it-q4_K_M,ccc_031,62.42218120899997,26,,"```json
{
  ""protest_type"": ""DIRECT_ACTION""
}
```",,,,,,,,,,,,,,,,,,,,,,,,,DIRECT_ACTION,PROTEST
halterman_ccc_protest,gemma4:31b-it-q4_K_M,ccc_032,61.78080720900016,25,,"```json
{
  ""protest_type"": ""PROTEST""
}
```",,,,,,,,,,,,,,,,,,,,,,,,,PROTEST,PROTEST
halterman_ccc_protest,gemma4:31b-it-q4_K_M,ccc_033,80.41787458299996,27,,"```json
{
  ""protest_type"": ""COUNTER_PROTEST""
}
```",,,,,,,,,,,,,,,,,,,,,,,,,COUNTER_PROTEST,PROTEST
halterman_ccc_protest,gemma4:31b-it-q4_K_M,ccc_034,60.68543091699985,25,,"```json
 {
  ""protest_type"": ""PROTEST""
 }
 ```",,,,,,,,,,,,,,,,,,,,,,,,,PROTEST,PROTEST
halterman_ccc_protest,gemma4:31b-it-q4_K_M,ccc_035,69.5344862500001,25,,"```json
{
  ""protest_type"": ""PROTEST""
}
```",,,,,,,,,,,,,,,,,,,,,,,,,PROTEST,PROTEST
halterman_ccc_protest,gemma4:31b-it-q4_K_M,ccc_036,64.33130162499992,25,,"```json
{
  ""protest_type"": ""MARCH""
}
```",,,,,,,,,,,,,,,,,,,,,,,,,MARCH,PROTEST
halterman_ccc_protest,gemma4:31b-it-q4_K_M,ccc_037,72.71867808300021,20,,"```json
{""protest_type"": ""PROTEST""}
```",,,,,,,,,,,,,,,,,,,,,,,,,PROTEST,PROTEST
halterman_ccc_protest,gemma4:31b-it-q4_K_M,ccc_038,78.169246208,25,,"```json
{
  ""protest_type"": ""RALLY""
}
```",,,,,,,,,,,,,,,,,,,,,,,,,RALLY,RALLY
halterman_ccc_protest,gemma4:31b-it-q4_K_M,ccc_039,69.09049179099975,25,,"```json
 {
  ""protest_type"": ""RALLY""
 }
 ```",,,,,,,,,,,,,,,,,,,,,,,,,RALLY,RALLY
halterman_ccc_protest,gemma4:31b-it-q4_K_M,ccc_040,69.60474633400008,27,,"```json
{
  ""protest_type"": ""DEMONSTRATION""
}
```",,,,,,,,,,,,,,,,,,,,,,,,,DEMONSTRATION,RALLY
halterman_ccc_protest,gemma4:31b-it-q4_K_M,ccc_041,77.1868608750001,22,,"```json
{""protest_type"": ""COUNTER_PROTEST""}
```",,,,,,,,,,,,,,,,,,,,,,,,,COUNTER_PROTEST,RALLY
halterman_ccc_protest,gemma4:31b-it-q4_K_M,ccc_042,76.85208079099993,20,,"```json
{""protest_type"": ""PROTEST""}
```",,,,,,,,,,,,,,,,,,,,,,,,,PROTEST,RALLY
halterman_ccc_protest,gemma4:31b-it-q4_K_M,ccc_043,59.466503416000705,25,,"```json
{
  ""protest_type"": ""RALLY""
}
```",,,,,,,,,,,,,,,,,,,,,,,,,RALLY,RALLY
halterman_ccc_protest,gemma4:31b-it-q4_K_M,ccc_044,63.921042124999985,25,,"```json
{
  ""protest_type"": ""MARCH""
}
```",,,,,,,,,,,,,,,,,,,,,,,,,MARCH,RALLY
halterman_ccc_protest,gemma4:31b-it-q4_K_M,ccc_045,66.42026104199977,27,,"```json
 {
  ""protest_type"": ""DEMONSTRATION""
 }
 ```",,,,,,,,,,,,,,,,,,,,,,,,,DEMONSTRATION,RALLY
halterman_ccc_protest,gemma4:31b-it-q4_K_M,ccc_046,61.27658391700061,25,,"```json
{
  ""protest_type"": ""MARCH""
}
```",,,,,,,,,,,,,,,,,,,,,,,,,MARCH,RALLY
halterman_ccc_protest,gemma4:31b-it-q4_K_M,ccc_047,64.68088445800004,25,,"```json
{
  ""protest_type"": ""RALLY""
}
```",,,,,,,,,,,,,,,,,,,,,,,,,RALLY,RALLY
halterman_ccc_protest,gemma4:31b-it-q4_K_M,ccc_048,82.28326008299973,25,,"```json
{
  ""protest_type"": ""RALLY""
}
```",,,,,,,,,,,,,,,,,,,,,,,,,RALLY,RALLY
halterman_ccc_protest,gemma4:31b-it-q4_K_M,ccc_049,65.68936258400026,25,,"```json
{
  ""protest_type"": ""RALLY""
}
```",,,,,,,,,,,,,,,,,,,,,,,,,RALLY,RALLY
halterman_ccc_protest,qwen3:14b-q4_K_M,ccc_000,18.396474458999364,11,,"{""protest_type"": ""CARAVAN""}",,,,,,,,,,,,,,,,,,,,,,,,,CARAVAN,CARAVAN
halterman_ccc_protest,qwen3:14b-q4_K_M,ccc_001,5.064733375000287,12,,"{""protest_type"": ""DEMONSTRATION""}",,,,,,,,,,,,,,,,,,,,,,,,,DEMONSTRATION,CARAVAN
halterman_ccc_protest,qwen3:14b-q4_K_M,ccc_002,6.146426042000712,7,JSONDecodeError: Expecting value: line 1 column 1 (char 0),Label: DEMONSTRATION,,,,,,,,,,,,,,,,,,,,,,,,,,DEMONSTRATION
halterman_ccc_protest,qwen3:14b-q4_K_M,ccc_003,8.612206333000358,12,,"{""protest_type"": ""DEMONSTRATION""}",,,,,,,,,,,,,,,,,,,,,,,,,DEMONSTRATION,DEMONSTRATION
halterman_ccc_protest,qwen3:14b-q4_K_M,ccc_004,4.760270624999976,12,,"{""protest_type"": ""DEMONSTRATION""}",,,,,,,,,,,,,,,,,,,,,,,,,DEMONSTRATION,DEMONSTRATION
halterman_ccc_protest,qwen3:14b-q4_K_M,ccc_005,3.108983915999488,10,,"{""protest_type"": ""PROTEST""}",,,,,,,,,,,,,,,,,,,,,,,,,PROTEST,DEMONSTRATION
halterman_ccc_protest,qwen3:14b-q4_K_M,ccc_006,4.62491666599999,10,,"{""protest_type"": ""MARCH""}",,,,,,,,,,,,,,,,,,,,,,,,,MARCH,DEMONSTRATION
halterman_ccc_protest,qwen3:14b-q4_K_M,ccc_007,7.810008957999344,10,,"{""protest_type"": ""PROTEST""}",,,,,,,,,,,,,,,,,,,,,,,,,PROTEST,DEMONSTRATION
halterman_ccc_protest,qwen3:14b-q4_K_M,ccc_008,9.395616375000827,10,,"{""protest_type"": ""RALLY""}",,,,,,,,,,,,,,,,,,,,,,,,,RALLY,DEMONSTRATION
halterman_ccc_protest,qwen3:14b-q4_K_M,ccc_009,7.015856209000049,12,,"{""protest_type"": ""DEMONSTRATION""}",,,,,,,,,,,,,,,,,,,,,,,,,DEMONSTRATION,DEMONSTRATION
halterman_ccc_protest,qwen3:14b-q4_K_M,ccc_010,7.95839208399957,12,,"{""protest_type"": ""DEMONSTRATION""}",,,,,,,,,,,,,,,,,,,,,,,,,DEMONSTRATION,DEMONSTRATION
halterman_ccc_protest,qwen3:14b-q4_K_M,ccc_011,10.544906583999364,10,,"{""protest_type"": ""DIRECT_ACTION""}",,,,,,,,,,,,,,,,,,,,,,,,,DIRECT_ACTION,DEMONSTRATION
halterman_ccc_protest,qwen3:14b-q4_K_M,ccc_012,4.225606417000563,10,,"{""protest_type"": ""RALLY""}",,,,,,,,,,,,,,,,,,,,,,,,,RALLY,DEMONSTRATION
halterman_ccc_protest,qwen3:14b-q4_K_M,ccc_013,5.54158120899956,10,,"{""protest_type"": ""PROTEST""}",,,,,,,,,,,,,,,,,,,,,,,,,PROTEST,DEMONSTRATION
halterman_ccc_protest,qwen3:14b-q4_K_M,ccc_014,7.142601083000045,10,,"{""protest_type"": ""RALLY""}",,,,,,,,,,,,,,,,,,,,,,,,,RALLY,MARCH
halterman_ccc_protest,qwen3:14b-q4_K_M,ccc_015,4.440299542000503,10,,"{""protest_type"": ""MARCH""}",,,,,,,,,,,,,,,,,,,,,,,,,MARCH,MARCH
halterman_ccc_protest,qwen3:14b-q4_K_M,ccc_016,7.470708332999493,12,,"{""protest_type"": ""COUNTER_PROTEST""}",,,,,,,,,,,,,,,,,,,,,,,,,COUNTER_PROTEST,MARCH
halterman_ccc_protest,qwen3:14b-q4_K_M,ccc_017,2.4245436249993872,10,,"{""protest_type"": ""MARCH""}",,,,,,,,,,,,,,,,,,,,,,,,,MARCH,MARCH
halterman_ccc_protest,qwen3:14b-q4_K_M,ccc_018,3.7610047079997457,10,,"{""protest_type"": ""MARCH""}",,,,,,,,,,,,,,,,,,,,,,,,,MARCH,MARCH
halterman_ccc_protest,qwen3:14b-q4_K_M,ccc_019,4.204013916999429,10,,"{""protest_type"": ""MARCH""}",,,,,,,,,,,,,,,,,,,,,,,,,MARCH,MARCH
halterman_ccc_protest,qwen3:14b-q4_K_M,ccc_020,3.1025200409994795,10,,"{""protest_type"": ""PROTEST""}",,,,,,,,,,,,,,,,,,,,,,,,,PROTEST,MARCH
halterman_ccc_protest,qwen3:14b-q4_K_M,ccc_021,8.474468125000385,10,,"{""protest_type"": ""MARCH""}",,,,,,,,,,,,,,,,,,,,,,,,,MARCH,MARCH
halterman_ccc_protest,qwen3:14b-q4_K_M,ccc_022,10.357595249999576,10,,"{""protest_type"": ""MARCH""}",,,,,,,,,,,,,,,,,,,,,,,,,MARCH,MARCH
halterman_ccc_protest,qwen3:14b-q4_K_M,ccc_023,6.553883082999164,10,,"{""protest_type"": ""MARCH""}",,,,,,,,,,,,,,,,,,,,,,,,,MARCH,MARCH
halterman_ccc_protest,qwen3:14b-q4_K_M,ccc_024,9.025944957999856,10,,"{""protest_type"": ""MARCH""}",,,,,,,,,,,,,,,,,,,,,,,,,MARCH,MARCH
halterman_ccc_protest,qwen3:14b-q4_K_M,ccc_025,2.3634911660001308,10,,"{""protest_type"": ""PROTEST""}",,,,,,,,,,,,,,,,,,,,,,,,,PROTEST,MARCH
halterman_ccc_protest,qwen3:14b-q4_K_M,ccc_026,4.410958999999821,10,,"{""protest_type"": ""PROTEST""}",,,,,,,,,,,,,,,,,,,,,,,,,PROTEST,PROTEST
halterman_ccc_protest,qwen3:14b-q4_K_M,ccc_027,7.253472833999695,12,,"{""protest_type"": ""DEMONSTRATION""}",,,,,,,,,,,,,,,,,,,,,,,,,DEMONSTRATION,PROTEST
halterman_ccc_protest,qwen3:14b-q4_K_M,ccc_028,2.4326002079997124,10,,"{""protest_type"": ""RALLY""}",,,,,,,,,,,,,,,,,,,,,,,,,RALLY,PROTEST
halterman_ccc_protest,qwen3:14b-q4_K_M,ccc_029,3.538894833000086,10,,"{""protest_type"": ""MARCH""}",,,,,,,,,,,,,,,,,,,,,,,,,MARCH,PROTEST
halterman_ccc_protest,qwen3:14b-q4_K_M,ccc_030,6.435466707999694,10,,"{""protest_type"": ""MARCH""}",,,,,,,,,,,,,,,,,,,,,,,,,MARCH,PROTEST
halterman_ccc_protest,qwen3:14b-q4_K_M,ccc_031,3.7576504589997057,10,,"{""protest_type"": ""DIRECT_ACTION""}",,,,,,,,,,,,,,,,,,,,,,,,,DIRECT_ACTION,PROTEST
halterman_ccc_protest,qwen3:14b-q4_K_M,ccc_032,3.0060152500000186,5,JSONDecodeError: Expecting value: line 1 column 1 (char 0),Label: PROTEST,,,,,,,,,,,,,,,,,,,,,,,,,,PROTEST
halterman_ccc_protest,qwen3:14b-q4_K_M,ccc_033,10.452174249999189,12,,"{""protest_type"": ""COUNTER_PROTEST""}",,,,,,,,,,,,,,,,,,,,,,,,,COUNTER_PROTEST,PROTEST
halterman_ccc_protest,qwen3:14b-q4_K_M,ccc_034,3.535311458000251,10,,"{""protest_type"": ""PROTEST""}",,,,,,,,,,,,,,,,,,,,,,,,,PROTEST,PROTEST
halterman_ccc_protest,qwen3:14b-q4_K_M,ccc_035,7.029381833000116,12,,"{""protest_type"": ""DEMONSTRATION""}",,,,,,,,,,,,,,,,,,,,,,,,,DEMONSTRATION,PROTEST
halterman_ccc_protest,qwen3:14b-q4_K_M,ccc_036,4.3613665840002795,10,,"{""protest_type"": ""PROTEST""}",,,,,,,,,,,,,,,,,,,,,,,,,PROTEST,PROTEST
halterman_ccc_protest,qwen3:14b-q4_K_M,ccc_037,7.34310162499969,10,,"{""protest_type"": ""RALLY""}",,,,,,,,,,,,,,,,,,,,,,,,,RALLY,PROTEST
halterman_ccc_protest,qwen3:14b-q4_K_M,ccc_038,9.172064833999684,10,,"{""protest_type"": ""RALLY""}",,,,,,,,,,,,,,,,,,,,,,,,,RALLY,RALLY
halterman_ccc_protest,qwen3:14b-q4_K_M,ccc_039,6.2180800420001106,10,,"{""protest_type"": ""RALLY""}",,,,,,,,,,,,,,,,,,,,,,,,,RALLY,RALLY
halterman_ccc_protest,qwen3:14b-q4_K_M,ccc_040,6.6724398750002365,10,,"{""protest_type"": ""RALLY""}",,,,,,,,,,,,,,,,,,,,,,,,,RALLY,RALLY
halterman_ccc_protest,qwen3:14b-q4_K_M,ccc_041,9.390923416000078,10,,"{""protest_type"": ""RALLY""}",,,,,,,,,,,,,,,,,,,,,,,,,RALLY,RALLY
halterman_ccc_protest,qwen3:14b-q4_K_M,ccc_042,10.088192000000165,10,,"{""protest_type"": ""RALLY""}",,,,,,,,,,,,,,,,,,,,,,,,,RALLY,RALLY
halterman_ccc_protest,qwen3:14b-q4_K_M,ccc_043,2.6382431249994625,10,,"{""protest_type"": ""RALLY""}",,,,,,,,,,,,,,,,,,,,,,,,,RALLY,RALLY
halterman_ccc_protest,qwen3:14b-q4_K_M,ccc_044,4.231689375000315,10,,"{""protest_type"": ""MARCH""}",,,,,,,,,,,,,,,,,,,,,,,,,MARCH,RALLY
halterman_ccc_protest,qwen3:14b-q4_K_M,ccc_045,5.081094084000142,10,,"{""protest_type"": ""RALLY""}",,,,,,,,,,,,,,,,,,,,,,,,,RALLY,RALLY
halterman_ccc_protest,qwen3:14b-q4_K_M,ccc_046,2.636061874999541,10,,"{""protest_type"": ""MARCH""}",,,,,,,,,,,,,,,,,,,,,,,,,MARCH,RALLY
halterman_ccc_protest,qwen3:14b-q4_K_M,ccc_047,3.995230083000024,10,,"{""protest_type"": ""RALLY""}",,,,,,,,,,,,,,,,,,,,,,,,,RALLY,RALLY
halterman_ccc_protest,qwen3:14b-q4_K_M,ccc_048,11.02315066600022,10,,"{""protest_type"": ""RALLY""}",,,,,,,,,,,,,,,,,,,,,,,,,RALLY,RALLY
halterman_ccc_protest,qwen3:14b-q4_K_M,ccc_049,4.634819375000006,10,,"{""protest_type"": ""RALLY""}",,,,,,,,,,,,,,,,,,,,,,,,,RALLY,RALLY
halterman_ccc_protest,mistral-small:24b-instruct-2501-q4_K_M,ccc_000,30.96437012500064,18,,"```json
{
  ""protest_type"": ""CARAVAN""
}
```",,,,,,,,,,,,,,,,,,,,,,,,,CARAVAN,CARAVAN
halterman_ccc_protest,mistral-small:24b-instruct-2501-q4_K_M,ccc_001,8.18133116700028,17,,"```json
{
  ""protest_type"": ""MARCH""
}
```",,,,,,,,,,,,,,,,,,,,,,,,,MARCH,CARAVAN
halterman_ccc_protest,mistral-small:24b-instruct-2501-q4_K_M,ccc_002,11.395894792000036,20,,"```json
{
  ""protest_type"": ""DEMONSTRATION""
}
```",,,,,,,,,,,,,,,,,,,,,,,,,DEMONSTRATION,DEMONSTRATION
halterman_ccc_protest,mistral-small:24b-instruct-2501-q4_K_M,ccc_003,14.64413841700025,17,,"```json
{
  ""protest_type"": ""PROTEST""
}
```",,,,,,,,,,,,,,,,,,,,,,,,,PROTEST,DEMONSTRATION
halterman_ccc_protest,mistral-small:24b-instruct-2501-q4_K_M,ccc_004,8.707389041999704,20,,"```json
{
  ""protest_type"": ""DEMONSTRATION""
}
```",,,,,,,,,,,,,,,,,,,,,,,,,DEMONSTRATION,DEMONSTRATION
halterman_ccc_protest,mistral-small:24b-instruct-2501-q4_K_M,ccc_005,5.479531875000248,16,,"```json
{
""protest_type"": ""PROTEST""
}
```",,,,,,,,,,,,,,,,,,,,,,,,,PROTEST,DEMONSTRATION
halterman_ccc_protest,mistral-small:24b-instruct-2501-q4_K_M,ccc_006,8.072780250000505,17,,"```json
{
    ""protest_type"": ""MARCH""
}
```",,,,,,,,,,,,,,,,,,,,,,,,,MARCH,DEMONSTRATION
halterman_ccc_protest,mistral-small:24b-instruct-2501-q4_K_M,ccc_007,13.196550375000696,17,,"```json
{
  ""protest_type"": ""PROTEST""
}
```",,,,,,,,,,,,,,,,,,,,,,,,,PROTEST,DEMONSTRATION
halterman_ccc_protest,mistral-small:24b-instruct-2501-q4_K_M,ccc_008,15.846606207999685,18,,"```json
{
  ""protest_type"": ""RALLY""
}
```",,,,,,,,,,,,,,,,,,,,,,,,,RALLY,DEMONSTRATION
halterman_ccc_protest,mistral-small:24b-instruct-2501-q4_K_M,ccc_009,11.993635625000024,20,,"```json
{
  ""protest_type"": ""DEMONSTRATION""
}
```",,,,,,,,,,,,,,,,,,,,,,,,,DEMONSTRATION,DEMONSTRATION
halterman_ccc_protest,mistral-small:24b-instruct-2501-q4_K_M,ccc_010,13.545386915999188,17,,"```json
{
  ""protest_type"": ""PROTEST""
}
```",,,,,,,,,,,,,,,,,,,,,,,,,PROTEST,DEMONSTRATION
halterman_ccc_protest,mistral-small:24b-instruct-2501-q4_K_M,ccc_011,18.81666604200018,18,,"```json
{
  ""protest_type"": ""DIRECT_ACTION""
}
```",,,,,,,,,,,,,,,,,,,,,,,,,DIRECT_ACTION,DEMONSTRATION
halterman_ccc_protest,mistral-small:24b-instruct-2501-q4_K_M,ccc_012,7.865964250000616,20,,"```json
{
  ""protest_type"": ""DEMONSTRATION""
}
```",,,,,,,,,,,,,,,,,,,,,,,,,DEMONSTRATION,DEMONSTRATION
halterman_ccc_protest,mistral-small:24b-instruct-2501-q4_K_M,ccc_013,9.81934475000071,20,,"```json
{
  ""protest_type"": ""DEMONSTRATION""
}
```",,,,,,,,,,,,,,,,,,,,,,,,,DEMONSTRATION,DEMONSTRATION
halterman_ccc_protest,mistral-small:24b-instruct-2501-q4_K_M,ccc_014,12.109913499999491,17,,"```json
{
  ""protest_type"": ""MARCH""
}
```",,,,,,,,,,,,,,,,,,,,,,,,,MARCH,MARCH
halterman_ccc_protest,mistral-small:24b-instruct-2501-q4_K_M,ccc_015,7.721288374999858,17,,"```json
{
  ""protest_type"": ""MARCH""
}
```",,,,,,,,,,,,,,,,,,,,,,,,,MARCH,MARCH
halterman_ccc_protest,mistral-small:24b-instruct-2501-q4_K_M,ccc_016,12.753991792000306,20,,"```json
{
  ""protest_type"": ""COUNTER_PROTEST""
}
```",,,,,,,,,,,,,,,,,,,,,,,,,COUNTER_PROTEST,MARCH
halterman_ccc_protest,mistral-small:24b-instruct-2501-q4_K_M,ccc_017,4.3839099589995385,16,,"```json
{
""protest_type"": ""MARCH""
}
```",,,,,,,,,,,,,,,,,,,,,,,,,MARCH,MARCH
halterman_ccc_protest,mistral-small:24b-instruct-2501-q4_K_M,ccc_018,6.307314542000313,17,,"```json
{
  ""protest_type"": ""MARCH""
}
```",,,,,,,,,,,,,,,,,,,,,,,,,MARCH,MARCH
halterman_ccc_protest,mistral-small:24b-instruct-2501-q4_K_M,ccc_019,7.0320410840004115,17,,"```json
{
  ""protest_type"": ""MARCH""
}
```",,,,,,,,,,,,,,,,,,,,,,,,,MARCH,MARCH
halterman_ccc_protest,mistral-small:24b-instruct-2501-q4_K_M,ccc_020,5.82653370800017,17,,"```json
{
    ""protest_type"": ""PROTEST""
}
```",,,,,,,,,,,,,,,,,,,,,,,,,PROTEST,MARCH
halterman_ccc_protest,mistral-small:24b-instruct-2501-q4_K_M,ccc_021,17.410526332999325,17,,"```json
{
  ""protest_type"": ""MARCH""
}
```",,,,,,,,,,,,,,,,,,,,,,,,,MARCH,MARCH
halterman_ccc_protest,mistral-small:24b-instruct-2501-q4_K_M,ccc_022,17.76857904100052,17,,"```json
{
  ""protest_type"": ""MARCH""
}
```",,,,,,,,,,,,,,,,,,,,,,,,,MARCH,MARCH
halterman_ccc_protest,mistral-small:24b-instruct-2501-q4_K_M,ccc_023,11.321040832999644,17,,"```json
{
  ""protest_type"": ""MARCH""
}
```",,,,,,,,,,,,,,,,,,,,,,,,,MARCH,MARCH
halterman_ccc_protest,mistral-small:24b-instruct-2501-q4_K_M,ccc_024,12.945262958000058,17,,"```json
{
  ""protest_type"": ""MARCH""
}
```",,,,,,,,,,,,,,,,,,,,,,,,,MARCH,MARCH
halterman_ccc_protest,mistral-small:24b-instruct-2501-q4_K_M,ccc_025,3.39655566699912,17,,"```json
{
  ""protest_type"": ""MARCH""
}
```",,,,,,,,,,,,,,,,,,,,,,,,,MARCH,MARCH
halterman_ccc_protest,mistral-small:24b-instruct-2501-q4_K_M,ccc_026,6.29845049999949,17,,"```json
{
  ""protest_type"": ""PROTEST""
}
```",,,,,,,,,,,,,,,,,,,,,,,,,PROTEST,PROTEST
halterman_ccc_protest,mistral-small:24b-instruct-2501-q4_K_M,ccc_027,12.104797541999687,17,,"```json
{
  ""protest_type"": ""PROTEST""
}
```",,,,,,,,,,,,,,,,,,,,,,,,,PROTEST,PROTEST
halterman_ccc_protest,mistral-small:24b-instruct-2501-q4_K_M,ccc_028,4.56771391699931,18,,"```json
{
  ""protest_type"": ""RALLY""
}
```",,,,,,,,,,,,,,,,,,,,,,,,,RALLY,PROTEST
halterman_ccc_protest,mistral-small:24b-instruct-2501-q4_K_M,ccc_029,6.304225291999501,17,,"```json
{
  ""protest_type"": ""MARCH""
}
```",,,,,,,,,,,,,,,,,,,,,,,,,MARCH,PROTEST
halterman_ccc_protest,mistral-small:24b-instruct-2501-q4_K_M,ccc_030,10.99946324999928,17,,"```json
{
  ""protest_type"": ""MARCH""
}
```",,,,,,,,,,,,,,,,,,,,,,,,,MARCH,PROTEST
halterman_ccc_protest,mistral-small:24b-instruct-2501-q4_K_M,ccc_031,6.7468292499997915,18,,"```json
{
    ""protest_type"": ""DIRECT_ACTION""
}
```",,,,,,,,,,,,,,,,,,,,,,,,,DIRECT_ACTION,PROTEST
halterman_ccc_protest,mistral-small:24b-instruct-2501-q4_K_M,ccc_032,5.928508708000663,17,,"```json
{
    ""protest_type"": ""PROTEST""
}
```",,,,,,,,,,,,,,,,,,,,,,,,,PROTEST,PROTEST
halterman_ccc_protest,mistral-small:24b-instruct-2501-q4_K_M,ccc_033,20.965075125000112,20,,"```json
{
  ""protest_type"": ""COUNTER_PROTEST""
}
```",,,,,,,,,,,,,,,,,,,,,,,,,COUNTER_PROTEST,PROTEST
halterman_ccc_protest,mistral-small:24b-instruct-2501-q4_K_M,ccc_034,8.00165399999969,17,,"```json
{
  ""protest_type"": ""PROTEST""
}
```",,,,,,,,,,,,,,,,,,,,,,,,,PROTEST,PROTEST
halterman_ccc_protest,mistral-small:24b-instruct-2501-q4_K_M,ccc_035,14.694695791999948,20,,"```json
{
  ""protest_type"": ""DEMONSTRATION""
}
```",,,,,,,,,,,,,,,,,,,,,,,,,DEMONSTRATION,PROTEST
halterman_ccc_protest,mistral-small:24b-instruct-2501-q4_K_M,ccc_036,8.21142195900029,16,,"```json
{
""protest_type"": ""PROTEST""
}
```",,,,,,,,,,,,,,,,,,,,,,,,,PROTEST,PROTEST
halterman_ccc_protest,mistral-small:24b-instruct-2501-q4_K_M,ccc_037,15.80614479199994,18,,"```json
{
  ""protest_type"": ""RALLY""
}
```",,,,,,,,,,,,,,,,,,,,,,,,,RALLY,PROTEST
halterman_ccc_protest,mistral-small:24b-instruct-2501-q4_K_M,ccc_038,18.751120208999964,18,,"```json
{
    ""protest_type"": ""RALLY""
}
```",,,,,,,,,,,,,,,,,,,,,,,,,RALLY,RALLY
halterman_ccc_protest,mistral-small:24b-instruct-2501-q4_K_M,ccc_039,13.184511499999644,18,,"```json
{
  ""protest_type"": ""RALLY""
}
```",,,,,,,,,,,,,,,,,,,,,,,,,RALLY,RALLY
halterman_ccc_protest,mistral-small:24b-instruct-2501-q4_K_M,ccc_040,14.03566254100042,18,,"```json
{
    ""protest_type"": ""RALLY""
}
```",,,,,,,,,,,,,,,,,,,,,,,,,RALLY,RALLY
halterman_ccc_protest,mistral-small:24b-instruct-2501-q4_K_M,ccc_041,19.521932749999905,18,,"```json
{
  ""protest_type"": ""RALLY""
}
```",,,,,,,,,,,,,,,,,,,,,,,,,RALLY,RALLY
halterman_ccc_protest,mistral-small:24b-instruct-2501-q4_K_M,ccc_042,20.935164625000652,18,,"```json
{
  ""protest_type"": ""RALLY""
}
```",,,,,,,,,,,,,,,,,,,,,,,,,RALLY,RALLY
halterman_ccc_protest,mistral-small:24b-instruct-2501-q4_K_M,ccc_043,6.365895707999698,18,,"```json
{
  ""protest_type"": ""RALLY""
}
```",,,,,,,,,,,,,,,,,,,,,,,,,RALLY,RALLY
halterman_ccc_protest,mistral-small:24b-instruct-2501-q4_K_M,ccc_044,9.13828566599932,17,,"```json
{
  ""protest_type"": ""MARCH""
}
```",,,,,,,,,,,,,,,,,,,,,,,,,MARCH,RALLY
halterman_ccc_protest,mistral-small:24b-instruct-2501-q4_K_M,ccc_045,11.520500874999923,20,,"```json
{
  ""protest_type"": ""DEMONSTRATION""
}
```",,,,,,,,,,,,,,,,,,,,,,,,,DEMONSTRATION,RALLY
halterman_ccc_protest,mistral-small:24b-instruct-2501-q4_K_M,ccc_046,6.1380627919998005,17,,"```json
{
  ""protest_type"": ""MARCH""
}
```",,,,,,,,,,,,,,,,,,,,,,,,,MARCH,RALLY
halterman_ccc_protest,mistral-small:24b-instruct-2501-q4_K_M,ccc_047,8.791828583999632,18,,"```json
{
  ""protest_type"": ""RALLY""
}
```",,,,,,,,,,,,,,,,,,,,,,,,,RALLY,RALLY
halterman_ccc_protest,mistral-small:24b-instruct-2501-q4_K_M,ccc_048,22.599848666999605,18,,"```json
{
  ""protest_type"": ""RALLY""
}
```",,,,,,,,,,,,,,,,,,,,,,,,,RALLY,RALLY
halterman_ccc_protest,mistral-small:24b-instruct-2501-q4_K_M,ccc_049,10.17384420899998,18,,"```json
{
    ""protest_type"": ""RALLY""
}
```",,,,,,,,,,,,,,,,,,,,,,,,,RALLY,RALLY
halterman_ccc_protest,gpt-5.4-nano,ccc_000,1.9767605409997488,15,,"{""protest_type"":""CARAVAN""}",,,,,,,,,,,,,,,,,,,,,,,,,CARAVAN,CARAVAN
halterman_ccc_protest,gpt-5.4-nano,ccc_001,1.0050203329992655,15,,"{""protest_type"":""CARAVAN""}",,,,,,,,,,,,,,,,,,,,,,,,,CARAVAN,CARAVAN
halterman_ccc_protest,gpt-5.4-nano,ccc_002,1.023798917000022,16,,"{""protest_type"":""DEMONSTRATION""}",,,,,,,,,,,,,,,,,,,,,,,,,DEMONSTRATION,DEMONSTRATION
halterman_ccc_protest,gpt-5.4-nano,ccc_003,1.434890667000218,16,,"{""protest_type"":""DEMONSTRATION""}",,,,,,,,,,,,,,,,,,,,,,,,,DEMONSTRATION,DEMONSTRATION
halterman_ccc_protest,gpt-5.4-nano,ccc_004,1.1345385410004385,16,,"{""protest_type"":""DEMONSTRATION""}",,,,,,,,,,,,,,,,,,,,,,,,,DEMONSTRATION,DEMONSTRATION
halterman_ccc_protest,gpt-5.4-nano,ccc_005,1.629026542000247,14,,"{""protest_type"":""MARCH""}",,,,,,,,,,,,,,,,,,,,,,,,,MARCH,DEMONSTRATION
halterman_ccc_protest,gpt-5.4-nano,ccc_006,0.7175818329997128,14,,"{""protest_type"":""MARCH""}",,,,,,,,,,,,,,,,,,,,,,,,,MARCH,DEMONSTRATION
halterman_ccc_protest,gpt-5.4-nano,ccc_007,0.7155286659999547,14,,"{""protest_type"":""PROTEST""}",,,,,,,,,,,,,,,,,,,,,,,,,PROTEST,DEMONSTRATION
halterman_ccc_protest,gpt-5.4-nano,ccc_008,0.8199783750005736,16,,"{""protest_type"":""DEMONSTRATION""}",,,,,,,,,,,,,,,,,,,,,,,,,DEMONSTRATION,DEMONSTRATION
halterman_ccc_protest,gpt-5.4-nano,ccc_009,1.5365558749999764,16,,"{""protest_type"":""DEMONSTRATION""}",,,,,,,,,,,,,,,,,,,,,,,,,DEMONSTRATION,DEMONSTRATION
halterman_ccc_protest,gpt-5.4-nano,ccc_010,1.0808367500003442,16,,"{""protest_type"":""DEMONSTRATION""}",,,,,,,,,,,,,,,,,,,,,,,,,DEMONSTRATION,DEMONSTRATION
halterman_ccc_protest,gpt-5.4-nano,ccc_011,0.7538248749997365,14,,"{""protest_type"":""PROTEST""}",,,,,,,,,,,,,,,,,,,,,,,,,PROTEST,DEMONSTRATION
halterman_ccc_protest,gpt-5.4-nano,ccc_012,1.023082083999725,14,,"{""protest_type"":""RALLY""}",,,,,,,,,,,,,,,,,,,,,,,,,RALLY,DEMONSTRATION
halterman_ccc_protest,gpt-5.4-nano,ccc_013,0.8193419580002228,16,,"{""protest_type"":""DEMONSTRATION""}",,,,,,,,,,,,,,,,,,,,,,,,,DEMONSTRATION,DEMONSTRATION
halterman_ccc_protest,gpt-5.4-nano,ccc_014,0.6891960409993771,14,,"{""protest_type"":""MARCH""}",,,,,,,,,,,,,,,,,,,,,,,,,MARCH,MARCH
halterman_ccc_protest,gpt-5.4-nano,ccc_015,0.948749250000219,14,,"{""protest_type"":""MARCH""}",,,,,,,,,,,,,,,,,,,,,,,,,MARCH,MARCH
halterman_ccc_protest,gpt-5.4-nano,ccc_016,0.7159720839999864,16,,"{""protest_type"":""COUNTER_PROTEST""}",,,,,,,,,,,,,,,,,,,,,,,,,COUNTER_PROTEST,MARCH
halterman_ccc_protest,gpt-5.4-nano,ccc_017,0.8170070420001139,14,,"{""protest_type"":""MARCH""}",,,,,,,,,,,,,,,,,,,,,,,,,MARCH,MARCH
halterman_ccc_protest,gpt-5.4-nano,ccc_018,0.7210739170004672,14,,"{""protest_type"":""MARCH""}",,,,,,,,,,,,,,,,,,,,,,,,,MARCH,MARCH
halterman_ccc_protest,gpt-5.4-nano,ccc_019,0.7153002079994621,14,,"{""protest_type"":""MARCH""}",,,,,,,,,,,,,,,,,,,,,,,,,MARCH,MARCH
halterman_ccc_protest,gpt-5.4-nano,ccc_020,0.706964333000542,14,,"{""protest_type"":""PROTEST""}",,,,,,,,,,,,,,,,,,,,,,,,,PROTEST,MARCH
halterman_ccc_protest,gpt-5.4-nano,ccc_021,0.8186959169997863,14,,"{""protest_type"":""MARCH""}",,,,,,,,,,,,,,,,,,,,,,,,,MARCH,MARCH
halterman_ccc_protest,gpt-5.4-nano,ccc_022,0.7168777919996501,14,,"{""protest_type"":""MARCH""}",,,,,,,,,,,,,,,,,,,,,,,,,MARCH,MARCH
halterman_ccc_protest,gpt-5.4-nano,ccc_023,0.8188987080002335,14,,"{""protest_type"":""MARCH""}",,,,,,,,,,,,,,,,,,,,,,,,,MARCH,MARCH
halterman_ccc_protest,gpt-5.4-nano,ccc_024,1.5347755829998275,14,,"{""protest_type"":""MARCH""}",,,,,,,,,,,,,,,,,,,,,,,,,MARCH,MARCH
halterman_ccc_protest,gpt-5.4-nano,ccc_025,0.821190167000168,14,,"{""protest_type"":""MARCH""}",,,,,,,,,,,,,,,,,,,,,,,,,MARCH,MARCH
halterman_ccc_protest,gpt-5.4-nano,ccc_026,0.7142404590003935,16,,"{""protest_type"":""DEMONSTRATION""}",,,,,,,,,,,,,,,,,,,,,,,,,DEMONSTRATION,PROTEST
halterman_ccc_protest,gpt-5.4-nano,ccc_027,0.6572592499996972,16,,"{""protest_type"":""DEMONSTRATION""}",,,,,,,,,,,,,,,,,,,,,,,,,DEMONSTRATION,PROTEST
halterman_ccc_protest,gpt-5.4-nano,ccc_028,0.6756751249995432,14,,"{""protest_type"":""RALLY""}",,,,,,,,,,,,,,,,,,,,,,,,,RALLY,PROTEST
halterman_ccc_protest,gpt-5.4-nano,ccc_029,0.7156397919998199,14,,"{""protest_type"":""MARCH""}",,,,,,,,,,,,,,,,,,,,,,,,,MARCH,PROTEST
halterman_ccc_protest,gpt-5.4-nano,ccc_030,1.0135590419995424,14,,"{""protest_type"":""MARCH""}",,,,,,,,,,,,,,,,,,,,,,,,,MARCH,PROTEST
halterman_ccc_protest,gpt-5.4-nano,ccc_031,1.0814196249993984,14,,"{""protest_type"":""DIRECT_ACTION""}",,,,,,,,,,,,,,,,,,,,,,,,,DIRECT_ACTION,PROTEST
halterman_ccc_protest,gpt-5.4-nano,ccc_032,0.8626302499997109,14,,"{""protest_type"":""PROTEST""}",,,,,,,,,,,,,,,,,,,,,,,,,PROTEST,PROTEST
halterman_ccc_protest,gpt-5.4-nano,ccc_033,0.7172389999996085,16,,"{""protest_type"":""COUNTER_PROTEST""}",,,,,,,,,,,,,,,,,,,,,,,,,COUNTER_PROTEST,PROTEST
halterman_ccc_protest,gpt-5.4-nano,ccc_034,0.7176632919999975,14,,"{""protest_type"":""PROTEST""}",,,,,,,,,,,,,,,,,,,,,,,,,PROTEST,PROTEST
halterman_ccc_protest,gpt-5.4-nano,ccc_035,1.2286843749998295,16,,"{""protest_type"":""DEMONSTRATION""}",,,,,,,,,,,,,,,,,,,,,,,,,DEMONSTRATION,PROTEST
halterman_ccc_protest,gpt-5.4-nano,ccc_036,0.7158293330003289,14,,"{""protest_type"":""MARCH""}",,,,,,,,,,,,,,,,,,,,,,,,,MARCH,PROTEST
halterman_ccc_protest,gpt-5.4-nano,ccc_037,0.8173293749996446,14,,"{""protest_type"":""RALLY""}",,,,,,,,,,,,,,,,,,,,,,,,,RALLY,PROTEST
halterman_ccc_protest,gpt-5.4-nano,ccc_038,0.7176920829997471,14,,"{""protest_type"":""RALLY""}",,,,,,,,,,,,,,,,,,,,,,,,,RALLY,RALLY
halterman_ccc_protest,gpt-5.4-nano,ccc_039,0.7976777499998207,14,,"{""protest_type"":""RALLY""}",,,,,,,,,,,,,,,,,,,,,,,,,RALLY,RALLY
halterman_ccc_protest,gpt-5.4-nano,ccc_040,0.727742957999908,14,,"{""protest_type"":""RALLY""}",,,,,,,,,,,,,,,,,,,,,,,,,RALLY,RALLY
halterman_ccc_protest,gpt-5.4-nano,ccc_041,0.7173775840001326,14,,"{""protest_type"":""RALLY""}",,,,,,,,,,,,,,,,,,,,,,,,,RALLY,RALLY
halterman_ccc_protest,gpt-5.4-nano,ccc_042,0.8174938330002988,14,,"{""protest_type"":""RALLY""}",,,,,,,,,,,,,,,,,,,,,,,,,RALLY,RALLY
halterman_ccc_protest,gpt-5.4-nano,ccc_043,1.0235078329997125,14,,"{""protest_type"":""RALLY""}",,,,,,,,,,,,,,,,,,,,,,,,,RALLY,RALLY
halterman_ccc_protest,gpt-5.4-nano,ccc_044,0.922992792000514,14,,"{""protest_type"":""MARCH""}",,,,,,,,,,,,,,,,,,,,,,,,,MARCH,RALLY
halterman_ccc_protest,gpt-5.4-nano,ccc_045,1.228765167000347,16,,"{""protest_type"":""DEMONSTRATION""}",,,,,,,,,,,,,,,,,,,,,,,,,DEMONSTRATION,RALLY
halterman_ccc_protest,gpt-5.4-nano,ccc_046,0.6832935410002392,14,,"{""protest_type"":""MARCH""}",,,,,,,,,,,,,,,,,,,,,,,,,MARCH,RALLY
halterman_ccc_protest,gpt-5.4-nano,ccc_047,0.7504455420003069,14,,"{""protest_type"":""RALLY""}",,,,,,,,,,,,,,,,,,,,,,,,,RALLY,RALLY
halterman_ccc_protest,gpt-5.4-nano,ccc_048,0.6008601250005086,14,,"{""protest_type"":""RALLY""}",,,,,,,,,,,,,,,,,,,,,,,,,RALLY,RALLY
halterman_ccc_protest,gpt-5.4-nano,ccc_049,0.8331518750001123,14,,"{""protest_type"":""RALLY""}",,,,,,,,,,,,,,,,,,,,,,,,,RALLY,RALLY
halterman_ccc_protest,gpt-5.4-mini,ccc_000,0.7919829590000518,15,,"{""protest_type"":""CARAVAN""}",,,,,,,,,,,,,,,,,,,,,,,,,CARAVAN,CARAVAN
halterman_ccc_protest,gpt-5.4-mini,ccc_001,0.7046695420003743,15,,"{""protest_type"":""CARAVAN""}",,,,,,,,,,,,,,,,,,,,,,,,,CARAVAN,CARAVAN
halterman_ccc_protest,gpt-5.4-mini,ccc_002,0.8422117500003878,16,,"{""protest_type"":""DEMONSTRATION""}",,,,,,,,,,,,,,,,,,,,,,,,,DEMONSTRATION,DEMONSTRATION
halterman_ccc_protest,gpt-5.4-mini,ccc_003,0.9206699579999622,16,,"{""protest_type"":""DEMONSTRATION""}",,,,,,,,,,,,,,,,,,,,,,,,,DEMONSTRATION,DEMONSTRATION
halterman_ccc_protest,gpt-5.4-mini,ccc_004,0.6614620000000286,14,,"{""protest_type"":""PROTEST""}",,,,,,,,,,,,,,,,,,,,,,,,,PROTEST,DEMONSTRATION
halterman_ccc_protest,gpt-5.4-mini,ccc_005,0.771920291999777,14,,"{""protest_type"":""MARCH""}",,,,,,,,,,,,,,,,,,,,,,,,,MARCH,DEMONSTRATION
halterman_ccc_protest,gpt-5.4-mini,ccc_006,0.7470010420001927,14,,"{""protest_type"":""MARCH""}",,,,,,,,,,,,,,,,,,,,,,,,,MARCH,DEMONSTRATION
halterman_ccc_protest,gpt-5.4-mini,ccc_007,0.68464616700021,14,,"{""protest_type"":""PROTEST""}",,,,,,,,,,,,,,,,,,,,,,,,,PROTEST,DEMONSTRATION
halterman_ccc_protest,gpt-5.4-mini,ccc_008,0.7464519160002965,14,,"{""protest_type"":""RALLY""}",,,,,,,,,,,,,,,,,,,,,,,,,RALLY,DEMONSTRATION
halterman_ccc_protest,gpt-5.4-mini,ccc_009,0.881228082999769,16,,"{""protest_type"":""DEMONSTRATION""}",,,,,,,,,,,,,,,,,,,,,,,,,DEMONSTRATION,DEMONSTRATION
halterman_ccc_protest,gpt-5.4-mini,ccc_010,0.7190880420002941,16,,"{""protest_type"":""DEMONSTRATION""}",,,,,,,,,,,,,,,,,,,,,,,,,DEMONSTRATION,DEMONSTRATION
halterman_ccc_protest,gpt-5.4-mini,ccc_011,0.718271624999943,14,,"{""protest_type"":""DIRECT_ACTION""}",,,,,,,,,,,,,,,,,,,,,,,,,DIRECT_ACTION,DEMONSTRATION
halterman_ccc_protest,gpt-5.4-mini,ccc_012,0.9204516249992594,14,,"{""protest_type"":""MARCH""}",,,,,,,,,,,,,,,,,,,,,,,,,MARCH,DEMONSTRATION
halterman_ccc_protest,gpt-5.4-mini,ccc_013,0.7177946670008168,16,,"{""protest_type"":""DEMONSTRATION""}",,,,,,,,,,,,,,,,,,,,,,,,,DEMONSTRATION,DEMONSTRATION
halterman_ccc_protest,gpt-5.4-mini,ccc_014,1.1264723329995832,14,,"{""protest_type"":""MARCH""}",,,,,,,,,,,,,,,,,,,,,,,,,MARCH,MARCH
halterman_ccc_protest,gpt-5.4-mini,ccc_015,0.8302700829999594,14,,"{""protest_type"":""MARCH""}",,,,,,,,,,,,,,,,,,,,,,,,,MARCH,MARCH
halterman_ccc_protest,gpt-5.4-mini,ccc_016,0.8070361250001952,16,,"{""protest_type"":""COUNTER_PROTEST""}",,,,,,,,,,,,,,,,,,,,,,,,,COUNTER_PROTEST,MARCH
halterman_ccc_protest,gpt-5.4-mini,ccc_017,0.6114045419999456,14,,"{""protest_type"":""MARCH""}",,,,,,,,,,,,,,,,,,,,,,,,,MARCH,MARCH
halterman_ccc_protest,gpt-5.4-mini,ccc_018,0.99525900000026,20,,"{""protest_type"":""MARCH""}",,,,,,,,,,,,,,,,,,,,,,,,,MARCH,MARCH
halterman_ccc_protest,gpt-5.4-mini,ccc_019,1.0539019999996526,14,,"{""protest_type"":""MARCH""}",,,,,,,,,,,,,,,,,,,,,,,,,MARCH,MARCH
halterman_ccc_protest,gpt-5.4-mini,ccc_020,0.8154255839999678,14,,"{""protest_type"":""PROTEST""}",,,,,,,,,,,,,,,,,,,,,,,,,PROTEST,MARCH
halterman_ccc_protest,gpt-5.4-mini,ccc_021,0.8178741250003441,14,,"{""protest_type"":""MARCH""}",,,,,,,,,,,,,,,,,,,,,,,,,MARCH,MARCH
halterman_ccc_protest,gpt-5.4-mini,ccc_022,0.7885592080001516,14,,"{""protest_type"":""MARCH""}",,,,,,,,,,,,,,,,,,,,,,,,,MARCH,MARCH
halterman_ccc_protest,gpt-5.4-mini,ccc_023,1.15585154099972,14,,"{""protest_type"":""MARCH""}",,,,,,,,,,,,,,,,,,,,,,,,,MARCH,MARCH
halterman_ccc_protest,gpt-5.4-mini,ccc_024,1.6022788330001276,14,,"{""protest_type"":""MARCH""}",,,,,,,,,,,,,,,,,,,,,,,,,MARCH,MARCH
halterman_ccc_protest,gpt-5.4-mini,ccc_025,0.7806406250001601,14,,"{""protest_type"":""MARCH""}",,,,,,,,,,,,,,,,,,,,,,,,,MARCH,MARCH
halterman_ccc_protest,gpt-5.4-mini,ccc_026,0.6889390840005944,16,,"{""protest_type"":""DEMONSTRATION""}",,,,,,,,,,,,,,,,,,,,,,,,,DEMONSTRATION,PROTEST
halterman_ccc_protest,gpt-5.4-mini,ccc_027,0.7154595840002003,14,,"{""protest_type"":""PROTEST""}",,,,,,,,,,,,,,,,,,,,,,,,,PROTEST,PROTEST
halterman_ccc_protest,gpt-5.4-mini,ccc_028,0.7171194160000596,14,,"{""protest_type"":""RALLY""}",,,,,,,,,,,,,,,,,,,,,,,,,RALLY,PROTEST
halterman_ccc_protest,gpt-5.4-mini,ccc_029,0.7173641669996869,14,,"{""protest_type"":""MARCH""}",,,,,,,,,,,,,,,,,,,,,,,,,MARCH,PROTEST
halterman_ccc_protest,gpt-5.4-mini,ccc_030,0.8084857499998179,14,,"{""protest_type"":""MARCH""}",,,,,,,,,,,,,,,,,,,,,,,,,MARCH,PROTEST
halterman_ccc_protest,gpt-5.4-mini,ccc_031,0.921664124999552,14,,"{""protest_type"":""DIRECT_ACTION""}",,,,,,,,,,,,,,,,,,,,,,,,,DIRECT_ACTION,PROTEST
halterman_ccc_protest,gpt-5.4-mini,ccc_032,0.8013866669998606,14,,"{""protest_type"":""PROTEST""}",,,,,,,,,,,,,,,,,,,,,,,,,PROTEST,PROTEST
halterman_ccc_protest,gpt-5.4-mini,ccc_033,0.7339104580005369,16,,"{""protest_type"":""COUNTER_PROTEST""}",,,,,,,,,,,,,,,,,,,,,,,,,COUNTER_PROTEST,PROTEST
halterman_ccc_protest,gpt-5.4-mini,ccc_034,1.6372276670008432,14,,"{""protest_type"":""PROTEST""}",,,,,,,,,,,,,,,,,,,,,,,,,PROTEST,PROTEST
halterman_ccc_protest,gpt-5.4-mini,ccc_035,0.6866272079996634,16,,"{""protest_type"":""DEMONSTRATION""}",,,,,,,,,,,,,,,,,,,,,,,,,DEMONSTRATION,PROTEST
halterman_ccc_protest,gpt-5.4-mini,ccc_036,0.7494486670002516,20,,"{""protest_type"":""MARCH""}",,,,,,,,,,,,,,,,,,,,,,,,,MARCH,PROTEST
halterman_ccc_protest,gpt-5.4-mini,ccc_037,0.8161097080001127,14,,"{""protest_type"":""PROTEST""}",,,,,,,,,,,,,,,,,,,,,,,,,PROTEST,PROTEST
halterman_ccc_protest,gpt-5.4-mini,ccc_038,0.922597792000488,14,,"{""protest_type"":""RALLY""}",,,,,,,,,,,,,,,,,,,,,,,,,RALLY,RALLY
halterman_ccc_protest,gpt-5.4-mini,ccc_039,0.8187982910003484,14,,"{""protest_type"":""RALLY""}",,,,,,,,,,,,,,,,,,,,,,,,,RALLY,RALLY
halterman_ccc_protest,gpt-5.4-mini,ccc_040,0.7063017079999554,14,,"{""protest_type"":""RALLY""}",,,,,,,,,,,,,,,,,,,,,,,,,RALLY,RALLY
halterman_ccc_protest,gpt-5.4-mini,ccc_041,0.7180157080001663,14,,"{""protest_type"":""RALLY""}",,,,,,,,,,,,,,,,,,,,,,,,,RALLY,RALLY
halterman_ccc_protest,gpt-5.4-mini,ccc_042,0.8187278750001497,20,,"{""protest_type"":""RALLY""}",,,,,,,,,,,,,,,,,,,,,,,,,RALLY,RALLY
halterman_ccc_protest,gpt-5.4-mini,ccc_043,0.5876736669997626,14,,"{""protest_type"":""RALLY""}",,,,,,,,,,,,,,,,,,,,,,,,,RALLY,RALLY
halterman_ccc_protest,gpt-5.4-mini,ccc_044,0.6394216250000682,14,,"{""protest_type"":""MARCH""}",,,,,,,,,,,,,,,,,,,,,,,,,MARCH,RALLY
halterman_ccc_protest,gpt-5.4-mini,ccc_045,0.7177322919997096,14,,"{""protest_type"":""RALLY""}",,,,,,,,,,,,,,,,,,,,,,,,,RALLY,RALLY
halterman_ccc_protest,gpt-5.4-mini,ccc_046,0.6824847080006293,14,,"{""protest_type"":""MARCH""}",,,,,,,,,,,,,,,,,,,,,,,,,MARCH,RALLY
halterman_ccc_protest,gpt-5.4-mini,ccc_047,1.024184500000047,14,,"{""protest_type"":""PROTEST""}",,,,,,,,,,,,,,,,,,,,,,,,,PROTEST,RALLY
halterman_ccc_protest,gpt-5.4-mini,ccc_048,0.6481693329997142,14,,"{""protest_type"":""RALLY""}",,,,,,,,,,,,,,,,,,,,,,,,,RALLY,RALLY
halterman_ccc_protest,gpt-5.4-mini,ccc_049,0.8198732910004765,14,,"{""protest_type"":""RALLY""}",,,,,,,,,,,,,,,,,,,,,,,,,RALLY,RALLY
halterman_ccc_protest,gpt-5.4,ccc_000,0.8301208749999205,15,,"{""protest_type"":""CARAVAN""}",,,,,,,,,,,,,,,,,,,,,,,,,CARAVAN,CARAVAN
halterman_ccc_protest,gpt-5.4,ccc_001,1.308869374999631,15,,"{""protest_type"":""CARAVAN""}",,,,,,,,,,,,,,,,,,,,,,,,,CARAVAN,CARAVAN
halterman_ccc_protest,gpt-5.4,ccc_002,0.8040137500001947,16,,"{""protest_type"":""DEMONSTRATION""}",,,,,,,,,,,,,,,,,,,,,,,,,DEMONSTRATION,DEMONSTRATION
halterman_ccc_protest,gpt-5.4,ccc_003,0.9116011669993896,16,,"{""protest_type"":""DEMONSTRATION""}",,,,,,,,,,,,,,,,,,,,,,,,,DEMONSTRATION,DEMONSTRATION
halterman_ccc_protest,gpt-5.4,ccc_004,1.4496958750005433,14,,"{""protest_type"":""PROTEST""}",,,,,,,,,,,,,,,,,,,,,,,,,PROTEST,DEMONSTRATION
halterman_ccc_protest,gpt-5.4,ccc_005,0.9175531250002678,14,,"{""protest_type"":""MARCH""}",,,,,,,,,,,,,,,,,,,,,,,,,MARCH,DEMONSTRATION
halterman_ccc_protest,gpt-5.4,ccc_006,0.9245986249998168,14,,"{""protest_type"":""MARCH""}",,,,,,,,,,,,,,,,,,,,,,,,,MARCH,DEMONSTRATION
halterman_ccc_protest,gpt-5.4,ccc_007,0.8195124590001797,14,,"{""protest_type"":""PROTEST""}",,,,,,,,,,,,,,,,,,,,,,,,,PROTEST,DEMONSTRATION
halterman_ccc_protest,gpt-5.4,ccc_008,1.0228557500004172,14,,"{""protest_type"":""PROTEST""}",,,,,,,,,,,,,,,,,,,,,,,,,PROTEST,DEMONSTRATION
halterman_ccc_protest,gpt-5.4,ccc_009,1.0234688339996865,16,,"{""protest_type"":""DEMONSTRATION""}",,,,,,,,,,,,,,,,,,,,,,,,,DEMONSTRATION,DEMONSTRATION
halterman_ccc_protest,gpt-5.4,ccc_010,1.0582462089996625,16,,"{""protest_type"":""DEMONSTRATION""}",,,,,,,,,,,,,,,,,,,,,,,,,DEMONSTRATION,DEMONSTRATION
halterman_ccc_protest,gpt-5.4,ccc_011,0.8771346250005081,14,,"{""protest_type"":""DIRECT_ACTION""}",,,,,,,,,,,,,,,,,,,,,,,,,DIRECT_ACTION,DEMONSTRATION
halterman_ccc_protest,gpt-5.4,ccc_012,1.0713505840003563,14,,"{""protest_type"":""PROTEST""}",,,,,,,,,,,,,,,,,,,,,,,,,PROTEST,DEMONSTRATION
halterman_ccc_protest,gpt-5.4,ccc_013,1.045165917000304,16,,"{""protest_type"":""DEMONSTRATION""}",,,,,,,,,,,,,,,,,,,,,,,,,DEMONSTRATION,DEMONSTRATION
halterman_ccc_protest,gpt-5.4,ccc_014,0.8878496249999444,14,,"{""protest_type"":""MARCH""}",,,,,,,,,,,,,,,,,,,,,,,,,MARCH,MARCH
halterman_ccc_protest,gpt-5.4,ccc_015,0.8600294580000991,14,,"{""protest_type"":""MARCH""}",,,,,,,,,,,,,,,,,,,,,,,,,MARCH,MARCH
halterman_ccc_protest,gpt-5.4,ccc_016,0.9688445000001592,16,,"{""protest_type"":""COUNTER_PROTEST""}",,,,,,,,,,,,,,,,,,,,,,,,,COUNTER_PROTEST,MARCH
halterman_ccc_protest,gpt-5.4,ccc_017,0.9005820000002132,14,,"{""protest_type"":""MARCH""}",,,,,,,,,,,,,,,,,,,,,,,,,MARCH,MARCH
halterman_ccc_protest,gpt-5.4,ccc_018,0.9215017920005266,14,,"{""protest_type"":""MARCH""}",,,,,,,,,,,,,,,,,,,,,,,,,MARCH,MARCH
halterman_ccc_protest,gpt-5.4,ccc_019,0.9196608749998632,14,,"{""protest_type"":""MARCH""}",,,,,,,,,,,,,,,,,,,,,,,,,MARCH,MARCH
halterman_ccc_protest,gpt-5.4,ccc_020,1.4170889159995568,14,,"{""protest_type"":""PROTEST""}",,,,,,,,,,,,,,,,,,,,,,,,,PROTEST,MARCH
halterman_ccc_protest,gpt-5.4,ccc_021,1.37966733400026,14,,"{""protest_type"":""MARCH""}",,,,,,,,,,,,,,,,,,,,,,,,,MARCH,MARCH
halterman_ccc_protest,gpt-5.4,ccc_022,0.838734791999741,14,,"{""protest_type"":""MARCH""}",,,,,,,,,,,,,,,,,,,,,,,,,MARCH,MARCH
halterman_ccc_protest,gpt-5.4,ccc_023,1.01052774999971,14,,"{""protest_type"":""MARCH""}",,,,,,,,,,,,,,,,,,,,,,,,,MARCH,MARCH
halterman_ccc_protest,gpt-5.4,ccc_024,0.9884972909994758,14,,"{""protest_type"":""MARCH""}",,,,,,,,,,,,,,,,,,,,,,,,,MARCH,MARCH
halterman_ccc_protest,gpt-5.4,ccc_025,0.7860053750000588,14,,"{""protest_type"":""MARCH""}",,,,,,,,,,,,,,,,,,,,,,,,,MARCH,MARCH
halterman_ccc_protest,gpt-5.4,ccc_026,0.8369448339999508,16,,"{""protest_type"":""DEMONSTRATION""}",,,,,,,,,,,,,,,,,,,,,,,,,DEMONSTRATION,PROTEST
halterman_ccc_protest,gpt-5.4,ccc_027,0.872881375000361,14,,"{""protest_type"":""PROTEST""}",,,,,,,,,,,,,,,,,,,,,,,,,PROTEST,PROTEST
halterman_ccc_protest,gpt-5.4,ccc_028,0.893569958999251,14,,"{""protest_type"":""RALLY""}",,,,,,,,,,,,,,,,,,,,,,,,,RALLY,PROTEST
halterman_ccc_protest,gpt-5.4,ccc_029,1.9743189169994368,14,,"{""protest_type"":""MARCH""}",,,,,,,,,,,,,,,,,,,,,,,,,MARCH,PROTEST
halterman_ccc_protest,gpt-5.4,ccc_030,0.8677606249993914,14,,"{""protest_type"":""MARCH""}",,,,,,,,,,,,,,,,,,,,,,,,,MARCH,PROTEST
halterman_ccc_protest,gpt-5.4,ccc_031,0.7778769999995347,14,,"{""protest_type"":""DIRECT_ACTION""}",,,,,,,,,,,,,,,,,,,,,,,,,DIRECT_ACTION,PROTEST
halterman_ccc_protest,gpt-5.4,ccc_032,0.8561101659997803,14,,"{""protest_type"":""PROTEST""}",,,,,,,,,,,,,,,,,,,,,,,,,PROTEST,PROTEST
halterman_ccc_protest,gpt-5.4,ccc_033,0.848177083000337,16,,"{""protest_type"":""COUNTER_PROTEST""}",,,,,,,,,,,,,,,,,,,,,,,,,COUNTER_PROTEST,PROTEST
halterman_ccc_protest,gpt-5.4,ccc_034,1.4053138330000363,14,,"{""protest_type"":""PROTEST""}",,,,,,,,,,,,,,,,,,,,,,,,,PROTEST,PROTEST
halterman_ccc_protest,gpt-5.4,ccc_035,0.9152303749997373,14,,"{""protest_type"":""RALLY""}",,,,,,,,,,,,,,,,,,,,,,,,,RALLY,PROTEST
halterman_ccc_protest,gpt-5.4,ccc_036,0.9256064159999368,14,,"{""protest_type"":""MARCH""}",,,,,,,,,,,,,,,,,,,,,,,,,MARCH,PROTEST
halterman_ccc_protest,gpt-5.4,ccc_037,1.2267324579997876,14,,"{""protest_type"":""PROTEST""}",,,,,,,,,,,,,,,,,,,,,,,,,PROTEST,PROTEST
halterman_ccc_protest,gpt-5.4,ccc_038,0.9218810000002122,14,,"{""protest_type"":""RALLY""}",,,,,,,,,,,,,,,,,,,,,,,,,RALLY,RALLY
halterman_ccc_protest,gpt-5.4,ccc_039,0.8867579170000681,14,,"{""protest_type"":""RALLY""}",,,,,,,,,,,,,,,,,,,,,,,,,RALLY,RALLY
halterman_ccc_protest,gpt-5.4,ccc_040,0.9463909170008264,14,,"{""protest_type"":""RALLY""}",,,,,,,,,,,,,,,,,,,,,,,,,RALLY,RALLY
halterman_ccc_protest,gpt-5.4,ccc_041,0.8186932910002724,16,,"{""protest_type"":""COUNTER_PROTEST""}",,,,,,,,,,,,,,,,,,,,,,,,,COUNTER_PROTEST,RALLY
halterman_ccc_protest,gpt-5.4,ccc_042,0.9204412079998292,14,,"{""protest_type"":""PROTEST""}",,,,,,,,,,,,,,,,,,,,,,,,,PROTEST,RALLY
halterman_ccc_protest,gpt-5.4,ccc_043,1.145748999999341,14,,"{""protest_type"":""RALLY""}",,,,,,,,,,,,,,,,,,,,,,,,,RALLY,RALLY
halterman_ccc_protest,gpt-5.4,ccc_044,1.0058308329998908,14,,"{""protest_type"":""MARCH""}",,,,,,,,,,,,,,,,,,,,,,,,,MARCH,RALLY
halterman_ccc_protest,gpt-5.4,ccc_045,0.9188085840005442,14,,"{""protest_type"":""RALLY""}",,,,,,,,,,,,,,,,,,,,,,,,,RALLY,RALLY
halterman_ccc_protest,gpt-5.4,ccc_046,1.023630916000002,14,,"{""protest_type"":""MARCH""}",,,,,,,,,,,,,,,,,,,,,,,,,MARCH,RALLY
halterman_ccc_protest,gpt-5.4,ccc_047,1.085290958000769,14,,"{""protest_type"":""PROTEST""}",,,,,,,,,,,,,,,,,,,,,,,,,PROTEST,RALLY
halterman_ccc_protest,gpt-5.4,ccc_048,0.8615801249998185,14,,"{""protest_type"":""RALLY""}",,,,,,,,,,,,,,,,,,,,,,,,,RALLY,RALLY
halterman_ccc_protest,gpt-5.4,ccc_049,0.8189812499995242,14,,"{""protest_type"":""RALLY""}",,,,,,,,,,,,,,,,,,,,,,,,,RALLY,RALLY
chae_semeval_stance,gemma4:31b-it-q4_K_M,semeval_000,39.27210829100022,21,,"```json
{
  ""stance"": ""NONE""
}
```",,,,,,,,,,,,,,,,,,,,,NONE,AGAINST,,,,
chae_semeval_stance,gemma4:31b-it-q4_K_M,semeval_001,40.078338874999645,21,,"```json
{
  ""stance"": ""NONE""
}
```",,,,,,,,,,,,,,,,,,,,,NONE,NONE,,,,
chae_semeval_stance,gemma4:31b-it-q4_K_M,semeval_002,41.44024745800016,21,,"```json
{
  ""stance"": ""NONE""
}
```",,,,,,,,,,,,,,,,,,,,,NONE,NONE,,,,
chae_semeval_stance,gemma4:31b-it-q4_K_M,semeval_003,42.94130437500007,23,,"```json
{
  ""stance"": ""AGAINST""
}
```",,,,,,,,,,,,,,,,,,,,,AGAINST,AGAINST,,,,
chae_semeval_stance,gemma4:31b-it-q4_K_M,semeval_004,42.40670012499959,23,,"```json
{
  ""stance"": ""AGAINST""
}
```",,,,,,,,,,,,,,,,,,,,,AGAINST,AGAINST,,,,
chae_semeval_stance,gemma4:31b-it-q4_K_M,semeval_005,42.03816212499987,23,,"```json
{
  ""stance"": ""AGAINST""
}
```",,,,,,,,,,,,,,,,,,,,,AGAINST,AGAINST,,,,
chae_semeval_stance,gemma4:31b-it-q4_K_M,semeval_006,41.17500199999995,23,,"```json
{
  ""stance"": ""AGAINST""
}
```",,,,,,,,,,,,,,,,,,,,,AGAINST,AGAINST,,,,
chae_semeval_stance,gemma4:31b-it-q4_K_M,semeval_007,41.15578433299925,21,,"```json
{
  ""stance"": ""NONE""
}
```",,,,,,,,,,,,,,,,,,,,,NONE,NONE,,,,
chae_semeval_stance,gemma4:31b-it-q4_K_M,semeval_008,41.65843233299984,21,,"```json
{
  ""stance"": ""NONE""
}
```",,,,,,,,,,,,,,,,,,,,,NONE,NONE,,,,
chae_semeval_stance,gemma4:31b-it-q4_K_M,semeval_009,40.97976912499962,21,,"```json
{
  ""stance"": ""NONE""
}
```",,,,,,,,,,,,,,,,,,,,,NONE,NONE,,,,
chae_semeval_stance,gemma4:31b-it-q4_K_M,semeval_010,45.87095350000072,21,,"```json
{
  ""stance"": ""NONE""
}
```",,,,,,,,,,,,,,,,,,,,,NONE,NONE,,,,
chae_semeval_stance,gemma4:31b-it-q4_K_M,semeval_011,43.58978320799997,23,,"```json
{
  ""stance"": ""AGAINST""
}
```",,,,,,,,,,,,,,,,,,,,,AGAINST,AGAINST,,,,
chae_semeval_stance,gemma4:31b-it-q4_K_M,semeval_012,41.25770312499935,23,,"```json
{
  ""stance"": ""AGAINST""
}
```",,,,,,,,,,,,,,,,,,,,,AGAINST,AGAINST,,,,
chae_semeval_stance,gemma4:31b-it-q4_K_M,semeval_013,41.86024195800019,17,,"```json
{""stance"": ""FAVOR""}
```",,,,,,,,,,,,,,,,,,,,,FAVOR,FAVOR,,,,
chae_semeval_stance,gemma4:31b-it-q4_K_M,semeval_014,42.70242325000072,22,,"```json
{
  ""stance"": ""FAVOR""
}
```",,,,,,,,,,,,,,,,,,,,,FAVOR,AGAINST,,,,
chae_semeval_stance,gemma4:31b-it-q4_K_M,semeval_015,39.323811500000375,21,,"```json
{
  ""stance"": ""NONE""
}
```",,,,,,,,,,,,,,,,,,,,,NONE,AGAINST,,,,
chae_semeval_stance,gemma4:31b-it-q4_K_M,semeval_016,40.34976212499987,21,,"```json
{
  ""stance"": ""NONE""
}
```",,,,,,,,,,,,,,,,,,,,,NONE,NONE,,,,
chae_semeval_stance,gemma4:31b-it-q4_K_M,semeval_017,44.7151801659993,22,,"```json
{
  ""stance"": ""FAVOR""
}
```",,,,,,,,,,,,,,,,,,,,,FAVOR,FAVOR,,,,
chae_semeval_stance,gemma4:31b-it-q4_K_M,semeval_018,42.694867666999926,22,,"```json
{
  ""stance"": ""FAVOR""
}
```",,,,,,,,,,,,,,,,,,,,,FAVOR,FAVOR,,,,
chae_semeval_stance,gemma4:31b-it-q4_K_M,semeval_019,41.86672237499988,23,,"```json
{
  ""stance"": ""AGAINST""
}
```",,,,,,,,,,,,,,,,,,,,,AGAINST,AGAINST,,,,
chae_semeval_stance,gemma4:31b-it-q4_K_M,semeval_020,42.96411241700025,21,,"```json
{
  ""stance"": ""NONE""
}
```",,,,,,,,,,,,,,,,,,,,,NONE,AGAINST,,,,
chae_semeval_stance,gemma4:31b-it-q4_K_M,semeval_021,41.783789875000366,22,,"```json
{
  ""stance"": ""FAVOR""
}
```",,,,,,,,,,,,,,,,,,,,,FAVOR,AGAINST,,,,
chae_semeval_stance,gemma4:31b-it-q4_K_M,semeval_022,41.828839582999535,22,,"```json
{
  ""stance"": ""FAVOR""
}
```",,,,,,,,,,,,,,,,,,,,,FAVOR,NONE,,,,
chae_semeval_stance,gemma4:31b-it-q4_K_M,semeval_023,42.41482345799977,22,,"```json
{
  ""stance"": ""FAVOR""
}
```",,,,,,,,,,,,,,,,,,,,,FAVOR,FAVOR,,,,
chae_semeval_stance,gemma4:31b-it-q4_K_M,semeval_024,40.83746087500003,17,,"```json
{""stance"": ""FAVOR""}
```",,,,,,,,,,,,,,,,,,,,,FAVOR,FAVOR,,,,
chae_semeval_stance,gemma4:31b-it-q4_K_M,semeval_025,40.43177237500004,21,,"```json
{
  ""stance"": ""NONE""
}
```",,,,,,,,,,,,,,,,,,,,,NONE,NONE,,,,
chae_semeval_stance,gemma4:31b-it-q4_K_M,semeval_026,41.13724158400055,21,,"```json
{
  ""stance"": ""NONE""
}
```",,,,,,,,,,,,,,,,,,,,,NONE,NONE,,,,
chae_semeval_stance,gemma4:31b-it-q4_K_M,semeval_027,41.79328295800042,23,,"```json
{
  ""stance"": ""AGAINST""
}
```",,,,,,,,,,,,,,,,,,,,,AGAINST,NONE,,,,
chae_semeval_stance,gemma4:31b-it-q4_K_M,semeval_028,40.666399374999855,17,,"```json
{""stance"": ""FAVOR""}
```",,,,,,,,,,,,,,,,,,,,,FAVOR,FAVOR,,,,
chae_semeval_stance,gemma4:31b-it-q4_K_M,semeval_029,44.31871216699983,21,,"```json
{
  ""stance"": ""NONE""
}
```",,,,,,,,,,,,,,,,,,,,,NONE,NONE,,,,
chae_semeval_stance,gemma4:31b-it-q4_K_M,semeval_030,42.45591916699959,23,,"```json
{
  ""stance"": ""AGAINST""
}
```",,,,,,,,,,,,,,,,,,,,,AGAINST,AGAINST,,,,
chae_semeval_stance,gemma4:31b-it-q4_K_M,semeval_031,41.884187707999445,22,,"```json
{
  ""stance"": ""FAVOR""
}
```",,,,,,,,,,,,,,,,,,,,,FAVOR,FAVOR,,,,
chae_semeval_stance,gemma4:31b-it-q4_K_M,semeval_032,39.83433595800034,22,,"```json
{
  ""stance"": ""FAVOR""
}
```",,,,,,,,,,,,,,,,,,,,,FAVOR,FAVOR,,,,
chae_semeval_stance,gemma4:31b-it-q4_K_M,semeval_033,41.13986641700012,22,,"```json
{
  ""stance"": ""FAVOR""
}
```",,,,,,,,,,,,,,,,,,,,,FAVOR,FAVOR,,,,
chae_semeval_stance,gemma4:31b-it-q4_K_M,semeval_034,40.85357500000009,21,,"```json
{
  ""stance"": ""NONE""
}
```",,,,,,,,,,,,,,,,,,,,,NONE,NONE,,,,
chae_semeval_stance,gemma4:31b-it-q4_K_M,semeval_035,44.30346691700015,21,,"```json
{
  ""stance"": ""NONE""
}
```",,,,,,,,,,,,,,,,,,,,,NONE,NONE,,,,
chae_semeval_stance,gemma4:31b-it-q4_K_M,semeval_036,41.85583320900059,21,,"```json
{
  ""stance"": ""NONE""
}
```",,,,,,,,,,,,,,,,,,,,,NONE,NONE,,,,
chae_semeval_stance,gemma4:31b-it-q4_K_M,semeval_037,40.08443408400035,21,,"```json
{
  ""stance"": ""NONE""
}
```",,,,,,,,,,,,,,,,,,,,,NONE,NONE,,,,
chae_semeval_stance,gemma4:31b-it-q4_K_M,semeval_038,41.114133459000186,22,,"```json
{
  ""stance"": ""FAVOR""
}
```",,,,,,,,,,,,,,,,,,,,,FAVOR,FAVOR,,,,
chae_semeval_stance,gemma4:31b-it-q4_K_M,semeval_039,40.828975292,16,,"```json
{""stance"": ""NONE""}
```",,,,,,,,,,,,,,,,,,,,,NONE,NONE,,,,
chae_semeval_stance,gemma4:31b-it-q4_K_M,semeval_040,40.54343487499955,23,,"```json
{
  ""stance"": ""AGAINST""
}
```",,,,,,,,,,,,,,,,,,,,,AGAINST,NONE,,,,
chae_semeval_stance,gemma4:31b-it-q4_K_M,semeval_041,40.708154124999965,22,,"```json
{
  ""stance"": ""FAVOR""
}
```",,,,,,,,,,,,,,,,,,,,,FAVOR,FAVOR,,,,
chae_semeval_stance,gemma4:31b-it-q4_K_M,semeval_042,42.38907641700007,22,,"```json
{
  ""stance"": ""FAVOR""
}
```",,,,,,,,,,,,,,,,,,,,,FAVOR,FAVOR,,,,
chae_semeval_stance,gemma4:31b-it-q4_K_M,semeval_043,42.642996292000134,22,,"```json
{
  ""stance"": ""FAVOR""
}
```",,,,,,,,,,,,,,,,,,,,,FAVOR,FAVOR,,,,
chae_semeval_stance,gemma4:31b-it-q4_K_M,semeval_044,39.73779474999992,21,,"```json
{
  ""stance"": ""NONE""
}
```",,,,,,,,,,,,,,,,,,,,,NONE,AGAINST,,,,
chae_semeval_stance,gemma4:31b-it-q4_K_M,semeval_045,41.0682329579995,23,,"```json
{
  ""stance"": ""AGAINST""
}
```",,,,,,,,,,,,,,,,,,,,,AGAINST,AGAINST,,,,
chae_semeval_stance,gemma4:31b-it-q4_K_M,semeval_046,43.781751250000525,23,,"```json
{
  ""stance"": ""AGAINST""
}
```",,,,,,,,,,,,,,,,,,,,,AGAINST,AGAINST,,,,
chae_semeval_stance,gemma4:31b-it-q4_K_M,semeval_047,41.121414000000186,21,,"```json
{
  ""stance"": ""NONE""
}
```",,,,,,,,,,,,,,,,,,,,,NONE,AGAINST,,,,
chae_semeval_stance,gemma4:31b-it-q4_K_M,semeval_048,41.5783382919999,23,,"```json
{
  ""stance"": ""AGAINST""
}
```",,,,,,,,,,,,,,,,,,,,,AGAINST,AGAINST,,,,
chae_semeval_stance,gemma4:31b-it-q4_K_M,semeval_049,41.381157166000776,21,,"```json
{
  ""stance"": ""NONE""
}
```",,,,,,,,,,,,,,,,,,,,,NONE,AGAINST,,,,
chae_semeval_stance,qwen3:14b-q4_K_M,semeval_000,3.41886175000036,7,,"{""stance"": ""NONE""}",,,,,,,,,,,,,,,,,,,,,NONE,AGAINST,,,,
chae_semeval_stance,qwen3:14b-q4_K_M,semeval_001,1.231989082999462,7,,"{""stance"": ""NONE""}",,,,,,,,,,,,,,,,,,,,,NONE,NONE,,,,
chae_semeval_stance,qwen3:14b-q4_K_M,semeval_002,1.1519545840001228,7,,"{""stance"": ""NONE""}",,,,,,,,,,,,,,,,,,,,,NONE,NONE,,,,
chae_semeval_stance,qwen3:14b-q4_K_M,semeval_003,1.4422475829996984,8,,"{""stance"": ""AGAINST""}",,,,,,,,,,,,,,,,,,,,,AGAINST,AGAINST,,,,
chae_semeval_stance,qwen3:14b-q4_K_M,semeval_004,1.083997042000192,8,,"{""stance"": ""AGAINST""}",,,,,,,,,,,,,,,,,,,,,AGAINST,AGAINST,,,,
chae_semeval_stance,qwen3:14b-q4_K_M,semeval_005,0.8568068329996095,7,,"{""stance"": ""NONE""}",,,,,,,,,,,,,,,,,,,,,NONE,AGAINST,,,,
chae_semeval_stance,qwen3:14b-q4_K_M,semeval_006,1.3743810420000957,7,,"{""stance"": ""NONE""}",,,,,,,,,,,,,,,,,,,,,NONE,AGAINST,,,,
chae_semeval_stance,qwen3:14b-q4_K_M,semeval_007,1.3435719580002117,7,,"{""stance"": ""NONE""}",,,,,,,,,,,,,,,,,,,,,NONE,NONE,,,,
chae_semeval_stance,qwen3:14b-q4_K_M,semeval_008,0.8839977910001835,7,,"{""stance"": ""NONE""}",,,,,,,,,,,,,,,,,,,,,NONE,NONE,,,,
chae_semeval_stance,qwen3:14b-q4_K_M,semeval_009,1.300948416999745,7,,"{""stance"": ""NONE""}",,,,,,,,,,,,,,,,,,,,,NONE,NONE,,,,
chae_semeval_stance,qwen3:14b-q4_K_M,semeval_010,1.3726967090005928,7,,"{""stance"": ""NONE""}",,,,,,,,,,,,,,,,,,,,,NONE,NONE,,,,
chae_semeval_stance,qwen3:14b-q4_K_M,semeval_011,1.3455880410001555,8,,"{""stance"": ""AGAINST""}",,,,,,,,,,,,,,,,,,,,,AGAINST,AGAINST,,,,
chae_semeval_stance,qwen3:14b-q4_K_M,semeval_012,1.303601499999786,8,,"{""stance"": ""AGAINST""}",,,,,,,,,,,,,,,,,,,,,AGAINST,AGAINST,,,,
chae_semeval_stance,qwen3:14b-q4_K_M,semeval_013,1.3400388330001078,9,,"{""stance"": ""FAVOR""}",,,,,,,,,,,,,,,,,,,,,FAVOR,FAVOR,,,,
chae_semeval_stance,qwen3:14b-q4_K_M,semeval_014,1.4572470000002795,8,,"{""stance"": ""AGAINST""}",,,,,,,,,,,,,,,,,,,,,AGAINST,AGAINST,,,,
chae_semeval_stance,qwen3:14b-q4_K_M,semeval_015,1.7238735410001027,8,,"{""stance"": ""AGAINST""}",,,,,,,,,,,,,,,,,,,,,AGAINST,AGAINST,,,,
chae_semeval_stance,qwen3:14b-q4_K_M,semeval_016,1.068234332999964,7,,"{""stance"": ""NONE""}",,,,,,,,,,,,,,,,,,,,,NONE,NONE,,,,
chae_semeval_stance,qwen3:14b-q4_K_M,semeval_017,1.4172537080003167,9,,"{""stance"": ""FAVOR""}",,,,,,,,,,,,,,,,,,,,,FAVOR,FAVOR,,,,
chae_semeval_stance,qwen3:14b-q4_K_M,semeval_018,1.3424336250000124,9,,"{""stance"": ""FAVOR""}",,,,,,,,,,,,,,,,,,,,,FAVOR,FAVOR,,,,
chae_semeval_stance,qwen3:14b-q4_K_M,semeval_019,1.334646457999952,8,,"{""stance"": ""AGAINST""}",,,,,,,,,,,,,,,,,,,,,AGAINST,AGAINST,,,,
chae_semeval_stance,qwen3:14b-q4_K_M,semeval_020,1.080539124999632,7,,"{""stance"": ""NONE""}",,,,,,,,,,,,,,,,,,,,,NONE,AGAINST,,,,
chae_semeval_stance,qwen3:14b-q4_K_M,semeval_021,1.4852608749997671,9,,"{""stance"": ""FAVOR""}",,,,,,,,,,,,,,,,,,,,,FAVOR,AGAINST,,,,
chae_semeval_stance,qwen3:14b-q4_K_M,semeval_022,1.135220541999843,8,,"{""stance"": ""AGAINST""}",,,,,,,,,,,,,,,,,,,,,AGAINST,NONE,,,,
chae_semeval_stance,qwen3:14b-q4_K_M,semeval_023,1.4240059170006134,8,,"{""stance"": ""AGAINST""}",,,,,,,,,,,,,,,,,,,,,AGAINST,FAVOR,,,,
chae_semeval_stance,qwen3:14b-q4_K_M,semeval_024,1.2411369580004248,9,,"{""stance"": ""FAVOR""}",,,,,,,,,,,,,,,,,,,,,FAVOR,FAVOR,,,,
chae_semeval_stance,qwen3:14b-q4_K_M,semeval_025,1.3360264580005603,7,,"{""stance"": ""NONE""}",,,,,,,,,,,,,,,,,,,,,NONE,NONE,,,,
chae_semeval_stance,qwen3:14b-q4_K_M,semeval_026,1.1888354579996303,7,,"{""stance"": ""NONE""}",,,,,,,,,,,,,,,,,,,,,NONE,NONE,,,,
chae_semeval_stance,qwen3:14b-q4_K_M,semeval_027,1.2417343329998405,8,,"{""stance"": ""AGAINST""}",,,,,,,,,,,,,,,,,,,,,AGAINST,NONE,,,,
chae_semeval_stance,qwen3:14b-q4_K_M,semeval_028,1.2502659170004335,9,,"{""stance"": ""FAVOR""}",,,,,,,,,,,,,,,,,,,,,FAVOR,FAVOR,,,,
chae_semeval_stance,qwen3:14b-q4_K_M,semeval_029,1.2726340409999466,7,,"{""stance"": ""NONE""}",,,,,,,,,,,,,,,,,,,,,NONE,NONE,,,,
chae_semeval_stance,qwen3:14b-q4_K_M,semeval_030,1.147776249999879,8,,"{""stance"": ""AGAINST""}",,,,,,,,,,,,,,,,,,,,,AGAINST,AGAINST,,,,
chae_semeval_stance,qwen3:14b-q4_K_M,semeval_031,1.4235165000000052,8,,"{""stance"": ""AGAINST""}",,,,,,,,,,,,,,,,,,,,,AGAINST,FAVOR,,,,
chae_semeval_stance,qwen3:14b-q4_K_M,semeval_032,1.3623458749998465,7,,"{""stance"": ""NONE""}",,,,,,,,,,,,,,,,,,,,,NONE,FAVOR,,,,
chae_semeval_stance,qwen3:14b-q4_K_M,semeval_033,1.478093124999759,9,,"{""stance"": ""FAVOR""}",,,,,,,,,,,,,,,,,,,,,FAVOR,FAVOR,,,,
chae_semeval_stance,qwen3:14b-q4_K_M,semeval_034,0.8541586249993998,7,,"{""stance"": ""NONE""}",,,,,,,,,,,,,,,,,,,,,NONE,NONE,,,,
chae_semeval_stance,qwen3:14b-q4_K_M,semeval_035,1.400862665999739,7,,"{""stance"": ""NONE""}",,,,,,,,,,,,,,,,,,,,,NONE,NONE,,,,
chae_semeval_stance,qwen3:14b-q4_K_M,semeval_036,1.363189583999883,7,,"{""stance"": ""NONE""}",,,,,,,,,,,,,,,,,,,,,NONE,NONE,,,,
chae_semeval_stance,qwen3:14b-q4_K_M,semeval_037,1.246769833999679,7,,"{""stance"": ""NONE""}",,,,,,,,,,,,,,,,,,,,,NONE,NONE,,,,
chae_semeval_stance,qwen3:14b-q4_K_M,semeval_038,1.3256100839998908,9,,"{""stance"": ""FAVOR""}",,,,,,,,,,,,,,,,,,,,,FAVOR,FAVOR,,,,
chae_semeval_stance,qwen3:14b-q4_K_M,semeval_039,0.9988518329992075,7,,"{""stance"": ""NONE""}",,,,,,,,,,,,,,,,,,,,,NONE,NONE,,,,
chae_semeval_stance,qwen3:14b-q4_K_M,semeval_040,1.0833817919992723,7,,"{""stance"": ""NONE""}",,,,,,,,,,,,,,,,,,,,,NONE,NONE,,,,
chae_semeval_stance,qwen3:14b-q4_K_M,semeval_041,1.393457541999851,9,,"{""stance"": ""FAVOR""}",,,,,,,,,,,,,,,,,,,,,FAVOR,FAVOR,,,,
chae_semeval_stance,qwen3:14b-q4_K_M,semeval_042,1.210473957999966,7,,"{""stance"": ""NONE""}",,,,,,,,,,,,,,,,,,,,,NONE,FAVOR,,,,
chae_semeval_stance,qwen3:14b-q4_K_M,semeval_043,1.519492624999657,9,,"{""stance"": ""FAVOR""}",,,,,,,,,,,,,,,,,,,,,FAVOR,FAVOR,,,,
chae_semeval_stance,qwen3:14b-q4_K_M,semeval_044,1.3435522500003572,7,,"{""stance"": ""NONE""}",,,,,,,,,,,,,,,,,,,,,NONE,AGAINST,,,,
chae_semeval_stance,qwen3:14b-q4_K_M,semeval_045,1.372884124999473,8,,"{""stance"": ""AGAINST""}",,,,,,,,,,,,,,,,,,,,,AGAINST,AGAINST,,,,
chae_semeval_stance,qwen3:14b-q4_K_M,semeval_046,1.279039666999779,8,,"{""stance"": ""AGAINST""}",,,,,,,,,,,,,,,,,,,,,AGAINST,AGAINST,,,,
chae_semeval_stance,qwen3:14b-q4_K_M,semeval_047,1.239836834000016,7,,"{""stance"": ""NONE""}",,,,,,,,,,,,,,,,,,,,,NONE,AGAINST,,,,
chae_semeval_stance,qwen3:14b-q4_K_M,semeval_048,1.390856291000091,8,,"{""stance"": ""AGAINST""}",,,,,,,,,,,,,,,,,,,,,AGAINST,AGAINST,,,,
chae_semeval_stance,qwen3:14b-q4_K_M,semeval_049,1.3546791250000751,7,,"{""stance"": ""NONE""}",,,,,,,,,,,,,,,,,,,,,NONE,AGAINST,,,,
chae_semeval_stance,qwen3:30b-a3b-q4_K_M,semeval_000,1.7930313750002824,10,,"{
  ""stance"": ""NONE""
}",,,,,,,,,,,,,,,,,,,,,NONE,AGAINST,,,,
chae_semeval_stance,qwen3:30b-a3b-q4_K_M,semeval_001,0.7112189159997797,10,,"{
  ""stance"": ""NONE""
}",,,,,,,,,,,,,,,,,,,,,NONE,NONE,,,,
chae_semeval_stance,qwen3:30b-a3b-q4_K_M,semeval_002,0.9973784580006396,10,,"{
  ""stance"": ""NONE""
}",,,,,,,,,,,,,,,,,,,,,NONE,NONE,,,,
chae_semeval_stance,qwen3:30b-a3b-q4_K_M,semeval_003,0.7011466669991933,11,,"{
  ""stance"": ""AGAINST""
}",,,,,,,,,,,,,,,,,,,,,AGAINST,AGAINST,,,,
chae_semeval_stance,qwen3:30b-a3b-q4_K_M,semeval_004,0.9057220839995352,11,,"{
  ""stance"": ""AGAINST""
}",,,,,,,,,,,,,,,,,,,,,AGAINST,AGAINST,,,,
chae_semeval_stance,qwen3:30b-a3b-q4_K_M,semeval_005,0.9653566659999342,11,,"{
  ""stance"": ""AGAINST""
}",,,,,,,,,,,,,,,,,,,,,AGAINST,AGAINST,,,,
chae_semeval_stance,qwen3:30b-a3b-q4_K_M,semeval_006,0.6580021669997222,10,,"{
  ""stance"": ""NONE""
}",,,,,,,,,,,,,,,,,,,,,NONE,AGAINST,,,,
chae_semeval_stance,qwen3:30b-a3b-q4_K_M,semeval_007,0.8868352500003311,10,,"{
  ""stance"": ""NONE""
}",,,,,,,,,,,,,,,,,,,,,NONE,NONE,,,,
chae_semeval_stance,qwen3:30b-a3b-q4_K_M,semeval_008,0.9251854579997598,10,,"{
  ""stance"": ""NONE""
}",,,,,,,,,,,,,,,,,,,,,NONE,NONE,,,,
chae_semeval_stance,qwen3:30b-a3b-q4_K_M,semeval_009,0.6725831670000844,10,,"{
  ""stance"": ""NONE""
}",,,,,,,,,,,,,,,,,,,,,NONE,NONE,,,,
chae_semeval_stance,qwen3:30b-a3b-q4_K_M,semeval_010,0.9655809590003628,10,,"{
  ""stance"": ""NONE""
}",,,,,,,,,,,,,,,,,,,,,NONE,NONE,,,,
chae_semeval_stance,qwen3:30b-a3b-q4_K_M,semeval_011,0.827173749999929,11,,"{
  ""stance"": ""AGAINST""
}",,,,,,,,,,,,,,,,,,,,,AGAINST,AGAINST,,,,
chae_semeval_stance,qwen3:30b-a3b-q4_K_M,semeval_012,0.7429066659997261,11,,"{
  ""stance"": ""AGAINST""
}",,,,,,,,,,,,,,,,,,,,,AGAINST,AGAINST,,,,
chae_semeval_stance,qwen3:30b-a3b-q4_K_M,semeval_013,0.9949234999994588,12,,"{
  ""stance"": ""FAVOR""
}",,,,,,,,,,,,,,,,,,,,,FAVOR,FAVOR,,,,
chae_semeval_stance,qwen3:30b-a3b-q4_K_M,semeval_014,0.6999406249997264,11,,"{
  ""stance"": ""AGAINST""
}",,,,,,,,,,,,,,,,,,,,,AGAINST,AGAINST,,,,
chae_semeval_stance,qwen3:30b-a3b-q4_K_M,semeval_015,1.0212684999996782,11,,"{
  ""stance"": ""AGAINST""
}",,,,,,,,,,,,,,,,,,,,,AGAINST,AGAINST,,,,
chae_semeval_stance,qwen3:30b-a3b-q4_K_M,semeval_016,0.8659860000007029,10,,"{
  ""stance"": ""NONE""
}",,,,,,,,,,,,,,,,,,,,,NONE,NONE,,,,
chae_semeval_stance,qwen3:30b-a3b-q4_K_M,semeval_017,0.7425999579991185,12,,"{
  ""stance"": ""FAVOR""
}",,,,,,,,,,,,,,,,,,,,,FAVOR,FAVOR,,,,
chae_semeval_stance,qwen3:30b-a3b-q4_K_M,semeval_018,0.9996534579995568,12,,"{
  ""stance"": ""FAVOR""
}",,,,,,,,,,,,,,,,,,,,,FAVOR,FAVOR,,,,
chae_semeval_stance,qwen3:30b-a3b-q4_K_M,semeval_019,1.0124920420003036,11,,"{
  ""stance"": ""AGAINST""
}",,,,,,,,,,,,,,,,,,,,,AGAINST,AGAINST,,,,
chae_semeval_stance,qwen3:30b-a3b-q4_K_M,semeval_020,0.6763235830003396,10,,"{
  ""stance"": ""NONE""
}",,,,,,,,,,,,,,,,,,,,,NONE,AGAINST,,,,
chae_semeval_stance,qwen3:30b-a3b-q4_K_M,semeval_021,0.9751975409999432,11,,"{
  ""stance"": ""AGAINST""
}",,,,,,,,,,,,,,,,,,,,,AGAINST,AGAINST,,,,
chae_semeval_stance,qwen3:30b-a3b-q4_K_M,semeval_022,1.0187372499995035,11,,"{
  ""stance"": ""AGAINST""
}",,,,,,,,,,,,,,,,,,,,,AGAINST,NONE,,,,
chae_semeval_stance,qwen3:30b-a3b-q4_K_M,semeval_023,0.7030503750002026,11,,"{
  ""stance"": ""AGAINST""
}",,,,,,,,,,,,,,,,,,,,,AGAINST,FAVOR,,,,
chae_semeval_stance,qwen3:30b-a3b-q4_K_M,semeval_024,0.925529333000668,12,,"{
  ""stance"": ""FAVOR""
}",,,,,,,,,,,,,,,,,,,,,FAVOR,FAVOR,,,,
chae_semeval_stance,qwen3:30b-a3b-q4_K_M,semeval_025,0.8973269999996774,10,,"{
  ""stance"": ""NONE""
}",,,,,,,,,,,,,,,,,,,,,NONE,NONE,,,,
chae_semeval_stance,qwen3:30b-a3b-q4_K_M,semeval_026,0.6994754999996076,10,,"{
  ""stance"": ""NONE""
}",,,,,,,,,,,,,,,,,,,,,NONE,NONE,,,,
chae_semeval_stance,qwen3:30b-a3b-q4_K_M,semeval_027,1.0345659579998028,11,,"{
  ""stance"": ""AGAINST""
}",,,,,,,,,,,,,,,,,,,,,AGAINST,NONE,,,,
chae_semeval_stance,qwen3:30b-a3b-q4_K_M,semeval_028,0.7006760840004063,12,,"{
  ""stance"": ""FAVOR""
}",,,,,,,,,,,,,,,,,,,,,FAVOR,FAVOR,,,,
chae_semeval_stance,qwen3:30b-a3b-q4_K_M,semeval_029,0.8968891249996886,11,,"{
  ""stance"": ""AGAINST""
}",,,,,,,,,,,,,,,,,,,,,AGAINST,NONE,,,,
chae_semeval_stance,qwen3:30b-a3b-q4_K_M,semeval_030,0.9901024579994556,11,,"{
  ""stance"": ""AGAINST""
}",,,,,,,,,,,,,,,,,,,,,AGAINST,AGAINST,,,,
chae_semeval_stance,qwen3:30b-a3b-q4_K_M,semeval_031,0.7388931659997979,11,,"{
  ""stance"": ""AGAINST""
}",,,,,,,,,,,,,,,,,,,,,AGAINST,FAVOR,,,,
chae_semeval_stance,qwen3:30b-a3b-q4_K_M,semeval_032,0.9752201669998612,12,,"{
  ""stance"": ""FAVOR""
}",,,,,,,,,,,,,,,,,,,,,FAVOR,FAVOR,,,,
chae_semeval_stance,qwen3:30b-a3b-q4_K_M,semeval_033,0.983079125000586,12,,"{
  ""stance"": ""FAVOR""
}",,,,,,,,,,,,,,,,,,,,,FAVOR,FAVOR,,,,
chae_semeval_stance,qwen3:30b-a3b-q4_K_M,semeval_034,0.6350368749999689,10,,"{
  ""stance"": ""NONE""
}",,,,,,,,,,,,,,,,,,,,,NONE,NONE,,,,
chae_semeval_stance,qwen3:30b-a3b-q4_K_M,semeval_035,1.0194047499999217,10,,"{
  ""stance"": ""NONE""
}",,,,,,,,,,,,,,,,,,,,,NONE,NONE,,,,
chae_semeval_stance,qwen3:30b-a3b-q4_K_M,semeval_036,0.7202444160002415,10,,"{
  ""stance"": ""NONE""
}",,,,,,,,,,,,,,,,,,,,,NONE,NONE,,,,
chae_semeval_stance,qwen3:30b-a3b-q4_K_M,semeval_037,0.8409149169992816,10,,"{
  ""stance"": ""NONE""
}",,,,,,,,,,,,,,,,,,,,,NONE,NONE,,,,
chae_semeval_stance,qwen3:30b-a3b-q4_K_M,semeval_038,0.8040663330002644,10,,"{
  ""stance"": ""NONE""
}",,,,,,,,,,,,,,,,,,,,,NONE,FAVOR,,,,
chae_semeval_stance,qwen3:30b-a3b-q4_K_M,semeval_039,0.7179413339999883,10,,"{
  ""stance"": ""NONE""
}",,,,,,,,,,,,,,,,,,,,,NONE,NONE,,,,
chae_semeval_stance,qwen3:30b-a3b-q4_K_M,semeval_040,0.919044207999832,11,,"{
  ""stance"": ""AGAINST""
}",,,,,,,,,,,,,,,,,,,,,AGAINST,NONE,,,,
chae_semeval_stance,qwen3:30b-a3b-q4_K_M,semeval_041,0.7207846669998617,12,,"{
  ""stance"": ""FAVOR""
}",,,,,,,,,,,,,,,,,,,,,FAVOR,FAVOR,,,,
chae_semeval_stance,qwen3:30b-a3b-q4_K_M,semeval_042,0.9060669589998724,10,,"{
  ""stance"": ""NONE""
}",,,,,,,,,,,,,,,,,,,,,NONE,FAVOR,,,,
chae_semeval_stance,qwen3:30b-a3b-q4_K_M,semeval_043,0.9986021669992624,12,,"{
  ""stance"": ""FAVOR""
}",,,,,,,,,,,,,,,,,,,,,FAVOR,FAVOR,,,,
chae_semeval_stance,qwen3:30b-a3b-q4_K_M,semeval_044,0.6872845830002916,10,,"{
  ""stance"": ""NONE""
}",,,,,,,,,,,,,,,,,,,,,NONE,AGAINST,,,,
chae_semeval_stance,qwen3:30b-a3b-q4_K_M,semeval_045,0.9624821670004168,11,,"{
  ""stance"": ""AGAINST""
}",,,,,,,,,,,,,,,,,,,,,AGAINST,AGAINST,,,,
chae_semeval_stance,qwen3:30b-a3b-q4_K_M,semeval_046,0.7108804999998029,11,,"{
  ""stance"": ""AGAINST""
}",,,,,,,,,,,,,,,,,,,,,AGAINST,AGAINST,,,,
chae_semeval_stance,qwen3:30b-a3b-q4_K_M,semeval_047,0.9346527079997032,10,,"{
  ""stance"": ""NONE""
}",,,,,,,,,,,,,,,,,,,,,NONE,AGAINST,,,,
chae_semeval_stance,qwen3:30b-a3b-q4_K_M,semeval_048,0.8850824580003973,11,,"{
  ""stance"": ""AGAINST""
}",,,,,,,,,,,,,,,,,,,,,AGAINST,AGAINST,,,,
chae_semeval_stance,qwen3:30b-a3b-q4_K_M,semeval_049,0.7438542079999024,10,,"{
  ""stance"": ""NONE""
}",,,,,,,,,,,,,,,,,,,,,NONE,AGAINST,,,,
chae_semeval_stance,mistral-small:24b-instruct-2501-q4_K_M,semeval_000,6.229204166999807,12,,"```json
{""stance"": ""NONE""}
```",,,,,,,,,,,,,,,,,,,,,NONE,AGAINST,,,,
chae_semeval_stance,mistral-small:24b-instruct-2501-q4_K_M,semeval_001,2.7033801670004323,12,,"```json
{""stance"": ""NONE""}
```",,,,,,,,,,,,,,,,,,,,,NONE,NONE,,,,
chae_semeval_stance,mistral-small:24b-instruct-2501-q4_K_M,semeval_002,4.468249542000194,27,,"```json
{
  ""stance"": ""NONE""
}
```

The tweet does not mention or express any stance toward Clinton.",,,,,,,,,,,,,,,,,,,,,NONE,NONE,,,,
chae_semeval_stance,mistral-small:24b-instruct-2501-q4_K_M,semeval_003,3.098698499999955,15,,"```json
{
  ""stance"": ""NONE""
}
```",,,,,,,,,,,,,,,,,,,,,NONE,AGAINST,,,,
chae_semeval_stance,mistral-small:24b-instruct-2501-q4_K_M,semeval_004,2.0527867500004504,12,,"```json
{""stance"": ""NONE""}
```",,,,,,,,,,,,,,,,,,,,,NONE,AGAINST,,,,
chae_semeval_stance,mistral-small:24b-instruct-2501-q4_K_M,semeval_005,2.292729165999845,12,,"```json
{""stance"": ""NONE""}
```",,,,,,,,,,,,,,,,,,,,,NONE,AGAINST,,,,
chae_semeval_stance,mistral-small:24b-instruct-2501-q4_K_M,semeval_006,2.0746229169999424,12,,"```json
{""stance"": ""NONE""}
```",,,,,,,,,,,,,,,,,,,,,NONE,AGAINST,,,,
chae_semeval_stance,mistral-small:24b-instruct-2501-q4_K_M,semeval_007,2.0756622500002777,12,,"```json
{""stance"": ""NONE""}
```",,,,,,,,,,,,,,,,,,,,,NONE,NONE,,,,
chae_semeval_stance,mistral-small:24b-instruct-2501-q4_K_M,semeval_008,2.1358889999992243,12,,"```json
{""stance"": ""NONE""}
```",,,,,,,,,,,,,,,,,,,,,NONE,NONE,,,,
chae_semeval_stance,mistral-small:24b-instruct-2501-q4_K_M,semeval_009,2.1876527920003355,12,,"```json
{""stance"": ""NONE""}
```",,,,,,,,,,,,,,,,,,,,,NONE,NONE,,,,
chae_semeval_stance,mistral-small:24b-instruct-2501-q4_K_M,semeval_010,2.2205021250001664,15,,"```json
{
  ""stance"": ""NONE""
}
```",,,,,,,,,,,,,,,,,,,,,NONE,NONE,,,,
chae_semeval_stance,mistral-small:24b-instruct-2501-q4_K_M,semeval_011,1.9300293329997655,13,,"```json
{""stance"": ""AGAINST""}
```",,,,,,,,,,,,,,,,,,,,,AGAINST,AGAINST,,,,
chae_semeval_stance,mistral-small:24b-instruct-2501-q4_K_M,semeval_012,1.4830080830015504,12,,"```json
{""stance"": ""NONE""}
```",,,,,,,,,,,,,,,,,,,,,NONE,AGAINST,,,,
chae_semeval_stance,mistral-small:24b-instruct-2501-q4_K_M,semeval_013,1.571708415998728,13,,"```json
{""stance"": ""FAVOR""}
```",,,,,,,,,,,,,,,,,,,,,FAVOR,FAVOR,,,,
chae_semeval_stance,mistral-small:24b-instruct-2501-q4_K_M,semeval_014,1.4834317920012836,12,,"```json
{""stance"": ""NONE""}
```",,,,,,,,,,,,,,,,,,,,,NONE,AGAINST,,,,
chae_semeval_stance,mistral-small:24b-instruct-2501-q4_K_M,semeval_015,1.836041542001112,12,,"```json
{""stance"": ""NONE""}
```",,,,,,,,,,,,,,,,,,,,,NONE,AGAINST,,,,
chae_semeval_stance,mistral-small:24b-instruct-2501-q4_K_M,semeval_016,1.473264874999586,12,,"```json
{""stance"": ""NONE""}
```",,,,,,,,,,,,,,,,,,,,,NONE,NONE,,,,
chae_semeval_stance,mistral-small:24b-instruct-2501-q4_K_M,semeval_017,1.480861542000639,12,,"```json
{""stance"": ""NONE""}
```",,,,,,,,,,,,,,,,,,,,,NONE,FAVOR,,,,
chae_semeval_stance,mistral-small:24b-instruct-2501-q4_K_M,semeval_018,1.5771636250010488,13,,"```json
{""stance"": ""FAVOR""}
```",,,,,,,,,,,,,,,,,,,,,FAVOR,FAVOR,,,,
chae_semeval_stance,mistral-small:24b-instruct-2501-q4_K_M,semeval_019,1.9234887919992616,13,,"```json
{""stance"": ""AGAINST""}
```",,,,,,,,,,,,,,,,,,,,,AGAINST,AGAINST,,,,
chae_semeval_stance,mistral-small:24b-instruct-2501-q4_K_M,semeval_020,1.4871750000002066,12,,"```json
{""stance"": ""NONE""}
```",,,,,,,,,,,,,,,,,,,,,NONE,AGAINST,,,,
chae_semeval_stance,mistral-small:24b-instruct-2501-q4_K_M,semeval_021,1.9397445419999713,13,,"```json
{""stance"": ""AGAINST""}
```",,,,,,,,,,,,,,,,,,,,,AGAINST,AGAINST,,,,
chae_semeval_stance,mistral-small:24b-instruct-2501-q4_K_M,semeval_022,1.4837541249999049,12,,"```json
{""stance"": ""NONE""}
```",,,,,,,,,,,,,,,,,,,,,NONE,NONE,,,,
chae_semeval_stance,mistral-small:24b-instruct-2501-q4_K_M,semeval_023,1.485885791000328,12,,"```json
{""stance"": ""NONE""}
```",,,,,,,,,,,,,,,,,,,,,NONE,FAVOR,,,,
chae_semeval_stance,mistral-small:24b-instruct-2501-q4_K_M,semeval_024,1.5722970000006171,13,,"```json
{""stance"": ""FAVOR""}
```",,,,,,,,,,,,,,,,,,,,,FAVOR,FAVOR,,,,
chae_semeval_stance,mistral-small:24b-instruct-2501-q4_K_M,semeval_025,1.831635875001666,12,,"```json
{""stance"": ""NONE""}
```",,,,,,,,,,,,,,,,,,,,,NONE,NONE,,,,
chae_semeval_stance,mistral-small:24b-instruct-2501-q4_K_M,semeval_026,1.830720082998596,12,,"```json
{""stance"": ""NONE""}
```",,,,,,,,,,,,,,,,,,,,,NONE,NONE,,,,
chae_semeval_stance,mistral-small:24b-instruct-2501-q4_K_M,semeval_027,1.9252892499989684,13,,"```json
{""stance"": ""AGAINST""}
```",,,,,,,,,,,,,,,,,,,,,AGAINST,NONE,,,,
chae_semeval_stance,mistral-small:24b-instruct-2501-q4_K_M,semeval_028,1.575614958001097,13,,"```json
{""stance"": ""FAVOR""}
```",,,,,,,,,,,,,,,,,,,,,FAVOR,FAVOR,,,,
chae_semeval_stance,mistral-small:24b-instruct-2501-q4_K_M,semeval_029,1.830837583000175,12,,"```json
{""stance"": ""NONE""}
```",,,,,,,,,,,,,,,,,,,,,NONE,NONE,,,,
chae_semeval_stance,mistral-small:24b-instruct-2501-q4_K_M,semeval_030,1.921616334000646,13,,"```json
{""stance"": ""AGAINST""}
```",,,,,,,,,,,,,,,,,,,,,AGAINST,AGAINST,,,,
chae_semeval_stance,mistral-small:24b-instruct-2501-q4_K_M,semeval_031,1.829806499999904,12,,"```json
{""stance"": ""NONE""}
```",,,,,,,,,,,,,,,,,,,,,NONE,FAVOR,,,,
chae_semeval_stance,mistral-small:24b-instruct-2501-q4_K_M,semeval_032,1.4833614159997524,12,,"```json
{""stance"": ""NONE""}
```",,,,,,,,,,,,,,,,,,,,,NONE,FAVOR,,,,
chae_semeval_stance,mistral-small:24b-instruct-2501-q4_K_M,semeval_033,1.486184833000152,12,,"```json
{""stance"": ""NONE""}
```",,,,,,,,,,,,,,,,,,,,,NONE,FAVOR,,,,
chae_semeval_stance,mistral-small:24b-instruct-2501-q4_K_M,semeval_034,1.4814818329996342,12,,"```json
{""stance"": ""NONE""}
```",,,,,,,,,,,,,,,,,,,,,NONE,NONE,,,,
chae_semeval_stance,mistral-small:24b-instruct-2501-q4_K_M,semeval_035,2.100627624999106,15,,"```json
{
  ""stance"": ""NONE""
}
```",,,,,,,,,,,,,,,,,,,,,NONE,NONE,,,,
chae_semeval_stance,mistral-small:24b-instruct-2501-q4_K_M,semeval_036,1.4780097500006375,12,,"```json
{""stance"": ""NONE""}
```",,,,,,,,,,,,,,,,,,,,,NONE,NONE,,,,
chae_semeval_stance,mistral-small:24b-instruct-2501-q4_K_M,semeval_037,1.4728242919991317,12,,"```json
{""stance"": ""NONE""}
```",,,,,,,,,,,,,,,,,,,,,NONE,NONE,,,,
chae_semeval_stance,mistral-small:24b-instruct-2501-q4_K_M,semeval_038,1.5700040420015284,13,,"```json
{""stance"": ""FAVOR""}
```",,,,,,,,,,,,,,,,,,,,,FAVOR,FAVOR,,,,
chae_semeval_stance,mistral-small:24b-instruct-2501-q4_K_M,semeval_039,1.4806869580006603,12,,"```json
{""stance"": ""NONE""}
```",,,,,,,,,,,,,,,,,,,,,NONE,NONE,,,,
chae_semeval_stance,mistral-small:24b-instruct-2501-q4_K_M,semeval_040,1.4809642920008628,12,,"```json
{""stance"": ""NONE""}
```",,,,,,,,,,,,,,,,,,,,,NONE,NONE,,,,
chae_semeval_stance,mistral-small:24b-instruct-2501-q4_K_M,semeval_041,1.9471324999994977,13,,"```json
{""stance"": ""FAVOR""}
```",,,,,,,,,,,,,,,,,,,,,FAVOR,FAVOR,,,,
chae_semeval_stance,mistral-small:24b-instruct-2501-q4_K_M,semeval_042,1.4744329160002962,12,,"```json
{""stance"": ""NONE""}
```",,,,,,,,,,,,,,,,,,,,,NONE,FAVOR,,,,
chae_semeval_stance,mistral-small:24b-instruct-2501-q4_K_M,semeval_043,1.9190613749997285,13,,"```json
{""stance"": ""FAVOR""}
```",,,,,,,,,,,,,,,,,,,,,FAVOR,FAVOR,,,,
chae_semeval_stance,mistral-small:24b-instruct-2501-q4_K_M,semeval_044,1.4921525829995517,12,,"```json
{""stance"": ""NONE""}
```",,,,,,,,,,,,,,,,,,,,,NONE,AGAINST,,,,
chae_semeval_stance,mistral-small:24b-instruct-2501-q4_K_M,semeval_045,1.5732837499999732,13,,"```json
{""stance"": ""AGAINST""}
```",,,,,,,,,,,,,,,,,,,,,AGAINST,AGAINST,,,,
chae_semeval_stance,mistral-small:24b-instruct-2501-q4_K_M,semeval_046,1.844860957999117,16,,"```json
{
  ""stance"": ""AGAINST""
}
```",,,,,,,,,,,,,,,,,,,,,AGAINST,AGAINST,,,,
chae_semeval_stance,mistral-small:24b-instruct-2501-q4_K_M,semeval_047,1.8305407909992937,12,,"```json
{""stance"": ""NONE""}
```",,,,,,,,,,,,,,,,,,,,,NONE,AGAINST,,,,
chae_semeval_stance,mistral-small:24b-instruct-2501-q4_K_M,semeval_048,1.9198862909997845,13,,"```json
{""stance"": ""AGAINST""}
```",,,,,,,,,,,,,,,,,,,,,AGAINST,AGAINST,,,,
chae_semeval_stance,mistral-small:24b-instruct-2501-q4_K_M,semeval_049,1.827797208001357,12,,"```json
{""stance"": ""NONE""}
```",,,,,,,,,,,,,,,,,,,,,NONE,AGAINST,,,,
chae_semeval_stance,gpt-5.4-nano,semeval_000,1.9892104999998992,11,,"{""stance"":""NONE""}",,,,,,,,,,,,,,,,,,,,,NONE,AGAINST,,,,
chae_semeval_stance,gpt-5.4-nano,semeval_001,1.276290166999388,11,,"{""stance"":""NONE""}",,,,,,,,,,,,,,,,,,,,,NONE,NONE,,,,
chae_semeval_stance,gpt-5.4-nano,semeval_002,2.387483874999816,11,,"{""stance"":""NONE""}",,,,,,,,,,,,,,,,,,,,,NONE,NONE,,,,
chae_semeval_stance,gpt-5.4-nano,semeval_003,1.128200041999662,13,,"{""stance"":""AGAINST""}",,,,,,,,,,,,,,,,,,,,,AGAINST,AGAINST,,,,
chae_semeval_stance,gpt-5.4-nano,semeval_004,1.066018208000969,11,,"{""stance"":""NONE""}",,,,,,,,,,,,,,,,,,,,,NONE,AGAINST,,,,
chae_semeval_stance,gpt-5.4-nano,semeval_005,0.695323207999536,11,,"{""stance"":""NONE""}",,,,,,,,,,,,,,,,,,,,,NONE,AGAINST,,,,
chae_semeval_stance,gpt-5.4-nano,semeval_006,0.7353416250007285,11,,"{""stance"":""NONE""}",,,,,,,,,,,,,,,,,,,,,NONE,AGAINST,,,,
chae_semeval_stance,gpt-5.4-nano,semeval_007,1.2912898329996096,11,,"{""stance"":""NONE""}",,,,,,,,,,,,,,,,,,,,,NONE,NONE,,,,
chae_semeval_stance,gpt-5.4-nano,semeval_008,0.6430476669993368,11,,"{""stance"":""NONE""}",,,,,,,,,,,,,,,,,,,,,NONE,NONE,,,,
chae_semeval_stance,gpt-5.4-nano,semeval_009,0.726321124999231,11,,"{""stance"":""NONE""}",,,,,,,,,,,,,,,,,,,,,NONE,NONE,,,,
chae_semeval_stance,gpt-5.4-nano,semeval_010,0.6484326669997245,11,,"{""stance"":""NONE""}",,,,,,,,,,,,,,,,,,,,,NONE,NONE,,,,
chae_semeval_stance,gpt-5.4-nano,semeval_011,1.1457846670000436,11,,"{""stance"":""NONE""}",,,,,,,,,,,,,,,,,,,,,NONE,AGAINST,,,,
chae_semeval_stance,gpt-5.4-nano,semeval_012,1.1295143749994168,13,,"{""stance"":""AGAINST""}",,,,,,,,,,,,,,,,,,,,,AGAINST,AGAINST,,,,
chae_semeval_stance,gpt-5.4-nano,semeval_013,1.4224518749997517,12,,"{""stance"":""FAVOR""}",,,,,,,,,,,,,,,,,,,,,FAVOR,FAVOR,,,,
chae_semeval_stance,gpt-5.4-nano,semeval_014,1.0376085000007151,11,,"{""stance"":""NONE""}",,,,,,,,,,,,,,,,,,,,,NONE,AGAINST,,,,
chae_semeval_stance,gpt-5.4-nano,semeval_015,1.14589366600012,11,,"{""stance"":""NONE""}",,,,,,,,,,,,,,,,,,,,,NONE,AGAINST,,,,
chae_semeval_stance,gpt-5.4-nano,semeval_016,1.668026290999478,11,,"{""stance"":""NONE""}",,,,,,,,,,,,,,,,,,,,,NONE,NONE,,,,
chae_semeval_stance,gpt-5.4-nano,semeval_017,0.6870787079988077,12,,"{""stance"":""FAVOR""}",,,,,,,,,,,,,,,,,,,,,FAVOR,FAVOR,,,,
chae_semeval_stance,gpt-5.4-nano,semeval_018,0.8534322920004342,12,,"{""stance"":""FAVOR""}",,,,,,,,,,,,,,,,,,,,,FAVOR,FAVOR,,,,
chae_semeval_stance,gpt-5.4-nano,semeval_019,1.1174207920012122,13,,"{""stance"":""AGAINST""}",,,,,,,,,,,,,,,,,,,,,AGAINST,AGAINST,,,,
chae_semeval_stance,gpt-5.4-nano,semeval_020,0.693369917000382,11,,"{""stance"":""NONE""}",,,,,,,,,,,,,,,,,,,,,NONE,AGAINST,,,,
chae_semeval_stance,gpt-5.4-nano,semeval_021,0.7779444999996485,13,,"{""stance"":""AGAINST""}",,,,,,,,,,,,,,,,,,,,,AGAINST,AGAINST,,,,
chae_semeval_stance,gpt-5.4-nano,semeval_022,1.1255123329992784,11,,"{""stance"":""NONE""}",,,,,,,,,,,,,,,,,,,,,NONE,NONE,,,,
chae_semeval_stance,gpt-5.4-nano,semeval_023,0.6768202500006737,12,,"{""stance"":""FAVOR""}",,,,,,,,,,,,,,,,,,,,,FAVOR,FAVOR,,,,
chae_semeval_stance,gpt-5.4-nano,semeval_024,1.2318693329998496,12,,"{""stance"":""FAVOR""}",,,,,,,,,,,,,,,,,,,,,FAVOR,FAVOR,,,,
chae_semeval_stance,gpt-5.4-nano,semeval_025,0.8104507089992694,11,,"{""stance"":""NONE""}",,,,,,,,,,,,,,,,,,,,,NONE,NONE,,,,
chae_semeval_stance,gpt-5.4-nano,semeval_026,0.8073730830001296,11,,"{""stance"":""NONE""}",,,,,,,,,,,,,,,,,,,,,NONE,NONE,,,,
chae_semeval_stance,gpt-5.4-nano,semeval_027,0.740067500000805,13,,"{""stance"":""AGAINST""}",,,,,,,,,,,,,,,,,,,,,AGAINST,NONE,,,,
chae_semeval_stance,gpt-5.4-nano,semeval_028,1.3670079580006131,12,,"{""stance"":""FAVOR""}",,,,,,,,,,,,,,,,,,,,,FAVOR,FAVOR,,,,
chae_semeval_stance,gpt-5.4-nano,semeval_029,1.1478997920003169,11,,"{""stance"":""NONE""}",,,,,,,,,,,,,,,,,,,,,NONE,NONE,,,,
chae_semeval_stance,gpt-5.4-nano,semeval_030,0.7916406249987631,13,,"{""stance"":""AGAINST""}",,,,,,,,,,,,,,,,,,,,,AGAINST,AGAINST,,,,
chae_semeval_stance,gpt-5.4-nano,semeval_031,0.9431619999995746,13,,"{""stance"":""AGAINST""}",,,,,,,,,,,,,,,,,,,,,AGAINST,FAVOR,,,,
chae_semeval_stance,gpt-5.4-nano,semeval_032,1.1039548329990794,12,,"{""stance"":""FAVOR""}",,,,,,,,,,,,,,,,,,,,,FAVOR,FAVOR,,,,
chae_semeval_stance,gpt-5.4-nano,semeval_033,0.8100389169994742,12,,"{""stance"":""FAVOR""}",,,,,,,,,,,,,,,,,,,,,FAVOR,FAVOR,,,,
chae_semeval_stance,gpt-5.4-nano,semeval_034,0.7060267500000919,11,,"{""stance"":""NONE""}",,,,,,,,,,,,,,,,,,,,,NONE,NONE,,,,
chae_semeval_stance,gpt-5.4-nano,semeval_035,0.7290396669995971,11,,"{""stance"":""NONE""}",,,,,,,,,,,,,,,,,,,,,NONE,NONE,,,,
chae_semeval_stance,gpt-5.4-nano,semeval_036,0.5085600830007024,11,,"{""stance"":""NONE""}",,,,,,,,,,,,,,,,,,,,,NONE,NONE,,,,
chae_semeval_stance,gpt-5.4-nano,semeval_037,0.8201815409993287,11,,"{""stance"":""NONE""}",,,,,,,,,,,,,,,,,,,,,NONE,NONE,,,,
chae_semeval_stance,gpt-5.4-nano,semeval_038,0.7168218340011663,11,,"{""stance"":""NONE""}",,,,,,,,,,,,,,,,,,,,,NONE,FAVOR,,,,
chae_semeval_stance,gpt-5.4-nano,semeval_039,1.0247507499989297,11,,"{""stance"":""NONE""}",,,,,,,,,,,,,,,,,,,,,NONE,NONE,,,,
chae_semeval_stance,gpt-5.4-nano,semeval_040,0.6017227499996807,11,,"{""stance"":""NONE""}",,,,,,,,,,,,,,,,,,,,,NONE,NONE,,,,
chae_semeval_stance,gpt-5.4-nano,semeval_041,0.7405595420004829,12,,"{""stance"":""FAVOR""}",,,,,,,,,,,,,,,,,,,,,FAVOR,FAVOR,,,,
chae_semeval_stance,gpt-5.4-nano,semeval_042,0.7792089590002433,12,,"{""stance"":""FAVOR""}",,,,,,,,,,,,,,,,,,,,,FAVOR,FAVOR,,,,
chae_semeval_stance,gpt-5.4-nano,semeval_043,0.7341587080009049,12,,"{""stance"":""FAVOR""}",,,,,,,,,,,,,,,,,,,,,FAVOR,FAVOR,,,,
chae_semeval_stance,gpt-5.4-nano,semeval_044,0.714931541999249,11,,"{""stance"":""NONE""}",,,,,,,,,,,,,,,,,,,,,NONE,AGAINST,,,,
chae_semeval_stance,gpt-5.4-nano,semeval_045,1.3427642500009824,11,,"{""stance"":""NONE""}",,,,,,,,,,,,,,,,,,,,,NONE,AGAINST,,,,
chae_semeval_stance,gpt-5.4-nano,semeval_046,0.705932541999573,11,,"{""stance"":""NONE""}",,,,,,,,,,,,,,,,,,,,,NONE,AGAINST,,,,
chae_semeval_stance,gpt-5.4-nano,semeval_047,0.7167479159998038,11,,"{""stance"":""NONE""}",,,,,,,,,,,,,,,,,,,,,NONE,AGAINST,,,,
chae_semeval_stance,gpt-5.4-nano,semeval_048,1.0238626669997757,13,,"{""stance"":""AGAINST""}",,,,,,,,,,,,,,,,,,,,,AGAINST,AGAINST,,,,
chae_semeval_stance,gpt-5.4-nano,semeval_049,0.7645840419991146,11,,"{""stance"":""NONE""}",,,,,,,,,,,,,,,,,,,,,NONE,AGAINST,,,,
chae_semeval_stance,gpt-5.4-mini,semeval_000,0.9600124579992552,12,,"{""stance"":""FAVOR""}",,,,,,,,,,,,,,,,,,,,,FAVOR,AGAINST,,,,
chae_semeval_stance,gpt-5.4-mini,semeval_001,0.6516801249999844,11,,"{""stance"":""NONE""}",,,,,,,,,,,,,,,,,,,,,NONE,NONE,,,,
chae_semeval_stance,gpt-5.4-mini,semeval_002,0.8318567500009522,11,,"{""stance"":""NONE""}",,,,,,,,,,,,,,,,,,,,,NONE,NONE,,,,
chae_semeval_stance,gpt-5.4-mini,semeval_003,0.6675064169994585,13,,"{""stance"":""AGAINST""}",,,,,,,,,,,,,,,,,,,,,AGAINST,AGAINST,,,,
chae_semeval_stance,gpt-5.4-mini,semeval_004,0.7980655829996977,13,,"{""stance"":""AGAINST""}",,,,,,,,,,,,,,,,,,,,,AGAINST,AGAINST,,,,
chae_semeval_stance,gpt-5.4-mini,semeval_005,1.138295000000653,11,,"{""stance"":""NONE""}",,,,,,,,,,,,,,,,,,,,,NONE,AGAINST,,,,
chae_semeval_stance,gpt-5.4-mini,semeval_006,0.8292032909994305,13,,"{""stance"":""AGAINST""}",,,,,,,,,,,,,,,,,,,,,AGAINST,AGAINST,,,,
chae_semeval_stance,gpt-5.4-mini,semeval_007,0.6720220839997637,11,,"{""stance"":""NONE""}",,,,,,,,,,,,,,,,,,,,,NONE,NONE,,,,
chae_semeval_stance,gpt-5.4-mini,semeval_008,1.2122386250011914,11,,"{""stance"":""NONE""}",,,,,,,,,,,,,,,,,,,,,NONE,NONE,,,,
chae_semeval_stance,gpt-5.4-mini,semeval_009,0.6647714589998941,11,,"{""stance"":""NONE""}",,,,,,,,,,,,,,,,,,,,,NONE,NONE,,,,
chae_semeval_stance,gpt-5.4-mini,semeval_010,0.7446136670005217,17,,"{""stance"":""NONE""}",,,,,,,,,,,,,,,,,,,,,NONE,NONE,,,,
chae_semeval_stance,gpt-5.4-mini,semeval_011,0.733401583000159,13,,"{""stance"":""AGAINST""}",,,,,,,,,,,,,,,,,,,,,AGAINST,AGAINST,,,,
chae_semeval_stance,gpt-5.4-mini,semeval_012,0.7003917080000974,13,,"{""stance"":""AGAINST""}",,,,,,,,,,,,,,,,,,,,,AGAINST,AGAINST,,,,
chae_semeval_stance,gpt-5.4-mini,semeval_013,0.6938764999995328,12,,"{""stance"":""FAVOR""}",,,,,,,,,,,,,,,,,,,,,FAVOR,FAVOR,,,,
chae_semeval_stance,gpt-5.4-mini,semeval_014,0.687702540999453,13,,"{""stance"":""AGAINST""}",,,,,,,,,,,,,,,,,,,,,AGAINST,AGAINST,,,,
chae_semeval_stance,gpt-5.4-mini,semeval_015,1.9104612079991057,12,,"{""stance"":""FAVOR""}",,,,,,,,,,,,,,,,,,,,,FAVOR,AGAINST,,,,
chae_semeval_stance,gpt-5.4-mini,semeval_016,0.7522989999997662,11,,"{""stance"":""NONE""}",,,,,,,,,,,,,,,,,,,,,NONE,NONE,,,,
chae_semeval_stance,gpt-5.4-mini,semeval_017,0.6285330829996383,12,,"{""stance"":""FAVOR""}",,,,,,,,,,,,,,,,,,,,,FAVOR,FAVOR,,,,
chae_semeval_stance,gpt-5.4-mini,semeval_018,1.0822052499988786,12,,"{""stance"":""FAVOR""}",,,,,,,,,,,,,,,,,,,,,FAVOR,FAVOR,,,,
chae_semeval_stance,gpt-5.4-mini,semeval_019,0.7451693339990015,13,,"{""stance"":""AGAINST""}",,,,,,,,,,,,,,,,,,,,,AGAINST,AGAINST,,,,
chae_semeval_stance,gpt-5.4-mini,semeval_020,0.7146379999994679,11,,"{""stance"":""NONE""}",,,,,,,,,,,,,,,,,,,,,NONE,AGAINST,,,,
chae_semeval_stance,gpt-5.4-mini,semeval_021,1.235972208000021,12,,"{""stance"":""FAVOR""}",,,,,,,,,,,,,,,,,,,,,FAVOR,AGAINST,,,,
chae_semeval_stance,gpt-5.4-mini,semeval_022,0.8191549580005812,13,,"{""stance"":""AGAINST""}",,,,,,,,,,,,,,,,,,,,,AGAINST,NONE,,,,
chae_semeval_stance,gpt-5.4-mini,semeval_023,0.6821021249998012,12,,"{""stance"":""FAVOR""}",,,,,,,,,,,,,,,,,,,,,FAVOR,FAVOR,,,,
chae_semeval_stance,gpt-5.4-mini,semeval_024,0.7180277500010561,12,,"{""stance"":""FAVOR""}",,,,,,,,,,,,,,,,,,,,,FAVOR,FAVOR,,,,
chae_semeval_stance,gpt-5.4-mini,semeval_025,0.675710290999632,11,,"{""stance"":""NONE""}",,,,,,,,,,,,,,,,,,,,,NONE,NONE,,,,
chae_semeval_stance,gpt-5.4-mini,semeval_026,0.8111853750015143,12,,"{""stance"":""FAVOR""}",,,,,,,,,,,,,,,,,,,,,FAVOR,NONE,,,,
chae_semeval_stance,gpt-5.4-mini,semeval_027,0.8408117499984655,12,,"{""stance"":""FAVOR""}",,,,,,,,,,,,,,,,,,,,,FAVOR,NONE,,,,
chae_semeval_stance,gpt-5.4-mini,semeval_028,0.569702207998489,12,,"{""stance"":""FAVOR""}",,,,,,,,,,,,,,,,,,,,,FAVOR,FAVOR,,,,
chae_semeval_stance,gpt-5.4-mini,semeval_029,0.8430557079991559,17,,"{""stance"":""NONE""}",,,,,,,,,,,,,,,,,,,,,NONE,NONE,,,,
chae_semeval_stance,gpt-5.4-mini,semeval_030,0.669320458000584,13,,"{""stance"":""AGAINST""}",,,,,,,,,,,,,,,,,,,,,AGAINST,AGAINST,,,,
chae_semeval_stance,gpt-5.4-mini,semeval_031,0.6351482499994745,12,,"{""stance"":""FAVOR""}",,,,,,,,,,,,,,,,,,,,,FAVOR,FAVOR,,,,
chae_semeval_stance,gpt-5.4-mini,semeval_032,0.6882247499997902,12,,"{""stance"":""FAVOR""}",,,,,,,,,,,,,,,,,,,,,FAVOR,FAVOR,,,,
chae_semeval_stance,gpt-5.4-mini,semeval_033,0.6832968750004511,12,,"{""stance"":""FAVOR""}",,,,,,,,,,,,,,,,,,,,,FAVOR,FAVOR,,,,
chae_semeval_stance,gpt-5.4-mini,semeval_034,0.6462462089984911,11,,"{""stance"":""NONE""}",,,,,,,,,,,,,,,,,,,,,NONE,NONE,,,,
chae_semeval_stance,gpt-5.4-mini,semeval_035,1.7145010000003822,11,,"{""stance"":""NONE""}",,,,,,,,,,,,,,,,,,,,,NONE,NONE,,,,
chae_semeval_stance,gpt-5.4-mini,semeval_036,1.277218166998864,11,,"{""stance"":""NONE""}",,,,,,,,,,,,,,,,,,,,,NONE,NONE,,,,
chae_semeval_stance,gpt-5.4-mini,semeval_037,0.7008665840003232,11,,"{""stance"":""NONE""}",,,,,,,,,,,,,,,,,,,,,NONE,NONE,,,,
chae_semeval_stance,gpt-5.4-mini,semeval_038,1.120665625001493,12,,"{""stance"":""FAVOR""}",,,,,,,,,,,,,,,,,,,,,FAVOR,FAVOR,,,,
chae_semeval_stance,gpt-5.4-mini,semeval_039,0.6711198329994659,11,,"{""stance"":""NONE""}",,,,,,,,,,,,,,,,,,,,,NONE,NONE,,,,
chae_semeval_stance,gpt-5.4-mini,semeval_040,0.673614749999615,11,,"{""stance"":""NONE""}",,,,,,,,,,,,,,,,,,,,,NONE,NONE,,,,
chae_semeval_stance,gpt-5.4-mini,semeval_041,0.6838918329995067,12,,"{""stance"":""FAVOR""}",,,,,,,,,,,,,,,,,,,,,FAVOR,FAVOR,,,,
chae_semeval_stance,gpt-5.4-mini,semeval_042,0.6238309580003261,11,,"{""stance"":""NONE""}",,,,,,,,,,,,,,,,,,,,,NONE,FAVOR,,,,
chae_semeval_stance,gpt-5.4-mini,semeval_043,0.645143834000919,12,,"{""stance"":""FAVOR""}",,,,,,,,,,,,,,,,,,,,,FAVOR,FAVOR,,,,
chae_semeval_stance,gpt-5.4-mini,semeval_044,0.6614165000009962,17,,"{""stance"":""NONE""}",,,,,,,,,,,,,,,,,,,,,NONE,AGAINST,,,,
chae_semeval_stance,gpt-5.4-mini,semeval_045,0.6659395000006043,13,,"{""stance"":""AGAINST""}",,,,,,,,,,,,,,,,,,,,,AGAINST,AGAINST,,,,
chae_semeval_stance,gpt-5.4-mini,semeval_046,1.1124339160014642,13,,"{""stance"":""AGAINST""}",,,,,,,,,,,,,,,,,,,,,AGAINST,AGAINST,,,,
chae_semeval_stance,gpt-5.4-mini,semeval_047,0.8686643330001971,11,,"{""stance"":""NONE""}",,,,,,,,,,,,,,,,,,,,,NONE,AGAINST,,,,
chae_semeval_stance,gpt-5.4-mini,semeval_048,7.532746124999903,13,,"{""stance"":""AGAINST""}",,,,,,,,,,,,,,,,,,,,,AGAINST,AGAINST,,,,
chae_semeval_stance,gpt-5.4-mini,semeval_049,0.6835169579990179,13,,"{""stance"":""AGAINST""}",,,,,,,,,,,,,,,,,,,,,AGAINST,AGAINST,,,,
chae_semeval_stance,gpt-5.4,semeval_000,1.3228934170001594,13,,"{""stance"":""AGAINST""}",,,,,,,,,,,,,,,,,,,,,AGAINST,AGAINST,,,,
chae_semeval_stance,gpt-5.4,semeval_001,0.8346986670003389,11,,"{""stance"":""NONE""}",,,,,,,,,,,,,,,,,,,,,NONE,NONE,,,,
chae_semeval_stance,gpt-5.4,semeval_002,0.8250915000007808,11,,"{""stance"":""NONE""}",,,,,,,,,,,,,,,,,,,,,NONE,NONE,,,,
chae_semeval_stance,gpt-5.4,semeval_003,0.9347835410007974,13,,"{""stance"":""AGAINST""}",,,,,,,,,,,,,,,,,,,,,AGAINST,AGAINST,,,,
chae_semeval_stance,gpt-5.4,semeval_004,1.2295002499995462,13,,"{""stance"":""AGAINST""}",,,,,,,,,,,,,,,,,,,,,AGAINST,AGAINST,,,,
chae_semeval_stance,gpt-5.4,semeval_005,0.936689957999988,13,,"{""stance"":""AGAINST""}",,,,,,,,,,,,,,,,,,,,,AGAINST,AGAINST,,,,
chae_semeval_stance,gpt-5.4,semeval_006,1.1086084170001411,13,,"{""stance"":""AGAINST""}",,,,,,,,,,,,,,,,,,,,,AGAINST,AGAINST,,,,
chae_semeval_stance,gpt-5.4,semeval_007,0.8203412089987978,11,,"{""stance"":""NONE""}",,,,,,,,,,,,,,,,,,,,,NONE,NONE,,,,
chae_semeval_stance,gpt-5.4,semeval_008,0.814590333000524,11,,"{""stance"":""NONE""}",,,,,,,,,,,,,,,,,,,,,NONE,NONE,,,,
chae_semeval_stance,gpt-5.4,semeval_009,0.8985610409999936,11,,"{""stance"":""NONE""}",,,,,,,,,,,,,,,,,,,,,NONE,NONE,,,,
chae_semeval_stance,gpt-5.4,semeval_010,0.823991458000819,11,,"{""stance"":""NONE""}",,,,,,,,,,,,,,,,,,,,,NONE,NONE,,,,
chae_semeval_stance,gpt-5.4,semeval_011,1.0365097089998017,13,,"{""stance"":""AGAINST""}",,,,,,,,,,,,,,,,,,,,,AGAINST,AGAINST,,,,
chae_semeval_stance,gpt-5.4,semeval_012,1.022535375001098,13,,"{""stance"":""AGAINST""}",,,,,,,,,,,,,,,,,,,,,AGAINST,AGAINST,,,,
chae_semeval_stance,gpt-5.4,semeval_013,1.127010500000324,12,,"{""stance"":""FAVOR""}",,,,,,,,,,,,,,,,,,,,,FAVOR,FAVOR,,,,
chae_semeval_stance,gpt-5.4,semeval_014,1.106675875000292,13,,"{""stance"":""AGAINST""}",,,,,,,,,,,,,,,,,,,,,AGAINST,AGAINST,,,,
chae_semeval_stance,gpt-5.4,semeval_015,1.5566905409996252,12,,"{""stance"":""FAVOR""}",,,,,,,,,,,,,,,,,,,,,FAVOR,AGAINST,,,,
chae_semeval_stance,gpt-5.4,semeval_016,1.0221966669996618,11,,"{""stance"":""NONE""}",,,,,,,,,,,,,,,,,,,,,NONE,NONE,,,,
chae_semeval_stance,gpt-5.4,semeval_017,0.8185854589992232,12,,"{""stance"":""FAVOR""}",,,,,,,,,,,,,,,,,,,,,FAVOR,FAVOR,,,,
chae_semeval_stance,gpt-5.4,semeval_018,0.8192120829990017,12,,"{""stance"":""FAVOR""}",,,,,,,,,,,,,,,,,,,,,FAVOR,FAVOR,,,,
chae_semeval_stance,gpt-5.4,semeval_019,0.9216257500011124,13,,"{""stance"":""AGAINST""}",,,,,,,,,,,,,,,,,,,,,AGAINST,AGAINST,,,,
chae_semeval_stance,gpt-5.4,semeval_020,1.2214127499992171,11,,"{""stance"":""NONE""}",,,,,,,,,,,,,,,,,,,,,NONE,AGAINST,,,,
chae_semeval_stance,gpt-5.4,semeval_021,0.9195197909994022,12,,"{""stance"":""FAVOR""}",,,,,,,,,,,,,,,,,,,,,FAVOR,AGAINST,,,,
chae_semeval_stance,gpt-5.4,semeval_022,2.6601240419986425,12,,"{""stance"":""FAVOR""}",,,,,,,,,,,,,,,,,,,,,FAVOR,NONE,,,,
chae_semeval_stance,gpt-5.4,semeval_023,0.8134557499997754,12,,"{""stance"":""FAVOR""}",,,,,,,,,,,,,,,,,,,,,FAVOR,FAVOR,,,,
chae_semeval_stance,gpt-5.4,semeval_024,0.8893750000006548,12,,"{""stance"":""FAVOR""}",,,,,,,,,,,,,,,,,,,,,FAVOR,FAVOR,,,,
chae_semeval_stance,gpt-5.4,semeval_025,0.8587074579991167,11,,"{""stance"":""NONE""}",,,,,,,,,,,,,,,,,,,,,NONE,NONE,,,,
chae_semeval_stance,gpt-5.4,semeval_026,1.023685457999818,12,,"{""stance"":""FAVOR""}",,,,,,,,,,,,,,,,,,,,,FAVOR,NONE,,,,
chae_semeval_stance,gpt-5.4,semeval_027,1.434424167000543,13,,"{""stance"":""AGAINST""}",,,,,,,,,,,,,,,,,,,,,AGAINST,NONE,,,,
chae_semeval_stance,gpt-5.4,semeval_028,1.022498166999867,12,,"{""stance"":""FAVOR""}",,,,,,,,,,,,,,,,,,,,,FAVOR,FAVOR,,,,
chae_semeval_stance,gpt-5.4,semeval_029,1.2275223340002412,11,,"{""stance"":""NONE""}",,,,,,,,,,,,,,,,,,,,,NONE,NONE,,,,
chae_semeval_stance,gpt-5.4,semeval_030,0.9070932089998678,13,,"{""stance"":""AGAINST""}",,,,,,,,,,,,,,,,,,,,,AGAINST,AGAINST,,,,
chae_semeval_stance,gpt-5.4,semeval_031,1.4800202919996082,12,,"{""stance"":""FAVOR""}",,,,,,,,,,,,,,,,,,,,,FAVOR,FAVOR,,,,
chae_semeval_stance,gpt-5.4,semeval_032,1.0867832499989163,12,,"{""stance"":""FAVOR""}",,,,,,,,,,,,,,,,,,,,,FAVOR,FAVOR,,,,
chae_semeval_stance,gpt-5.4,semeval_033,0.8317934579990833,12,,"{""stance"":""FAVOR""}",,,,,,,,,,,,,,,,,,,,,FAVOR,FAVOR,,,,
chae_semeval_stance,gpt-5.4,semeval_034,0.9086304169995856,11,,"{""stance"":""NONE""}",,,,,,,,,,,,,,,,,,,,,NONE,NONE,,,,
chae_semeval_stance,gpt-5.4,semeval_035,1.102971708000041,11,,"{""stance"":""NONE""}",,,,,,,,,,,,,,,,,,,,,NONE,NONE,,,,
chae_semeval_stance,gpt-5.4,semeval_036,0.944007292000606,11,,"{""stance"":""NONE""}",,,,,,,,,,,,,,,,,,,,,NONE,NONE,,,,
chae_semeval_stance,gpt-5.4,semeval_037,1.0923032079990662,11,,"{""stance"":""NONE""}",,,,,,,,,,,,,,,,,,,,,NONE,NONE,,,,
chae_semeval_stance,gpt-5.4,semeval_038,1.3664664169991738,12,,"{""stance"":""FAVOR""}",,,,,,,,,,,,,,,,,,,,,FAVOR,FAVOR,,,,
chae_semeval_stance,gpt-5.4,semeval_039,0.9199336250003398,11,,"{""stance"":""NONE""}",,,,,,,,,,,,,,,,,,,,,NONE,NONE,,,,
chae_semeval_stance,gpt-5.4,semeval_040,1.324217583000063,11,,"{""stance"":""NONE""}",,,,,,,,,,,,,,,,,,,,,NONE,NONE,,,,
chae_semeval_stance,gpt-5.4,semeval_041,1.022478917000626,12,,"{""stance"":""FAVOR""}",,,,,,,,,,,,,,,,,,,,,FAVOR,FAVOR,,,,
chae_semeval_stance,gpt-5.4,semeval_042,0.8210265420002543,12,,"{""stance"":""FAVOR""}",,,,,,,,,,,,,,,,,,,,,FAVOR,FAVOR,,,,
chae_semeval_stance,gpt-5.4,semeval_043,0.8176020419996348,12,,"{""stance"":""FAVOR""}",,,,,,,,,,,,,,,,,,,,,FAVOR,FAVOR,,,,
chae_semeval_stance,gpt-5.4,semeval_044,0.8192173750012444,11,,"{""stance"":""NONE""}",,,,,,,,,,,,,,,,,,,,,NONE,AGAINST,,,,
chae_semeval_stance,gpt-5.4,semeval_045,1.2284188749999885,13,,"{""stance"":""AGAINST""}",,,,,,,,,,,,,,,,,,,,,AGAINST,AGAINST,,,,
chae_semeval_stance,gpt-5.4,semeval_046,0.8018620000002556,13,,"{""stance"":""AGAINST""}",,,,,,,,,,,,,,,,,,,,,AGAINST,AGAINST,,,,
chae_semeval_stance,gpt-5.4,semeval_047,1.5083233329987706,13,,"{""stance"":""AGAINST""}",,,,,,,,,,,,,,,,,,,,,AGAINST,AGAINST,,,,
chae_semeval_stance,gpt-5.4,semeval_048,0.967602958000498,13,,"{""stance"":""AGAINST""}",,,,,,,,,,,,,,,,,,,,,AGAINST,AGAINST,,,,
chae_semeval_stance,gpt-5.4,semeval_049,0.9797371249987918,13,,"{""stance"":""AGAINST""}",,,,,,,,,,,,,,,,,,,,,AGAINST,AGAINST,,,,
halterman_ccc_protest,qwen3:30b-a3b-q4_K_M,ccc_000,4.2433637499999985,11,,"{""protest_type"": ""CARAVAN""}",,,,,,,,,,,,,,,,,,,,,,,,,CARAVAN,CARAVAN
halterman_ccc_protest,qwen3:30b-a3b-q4_K_M,ccc_001,1.3262399589999987,12,,"{""protest_type"": ""DEMONSTRATION""}",,,,,,,,,,,,,,,,,,,,,,,,,DEMONSTRATION,CARAVAN
halterman_ccc_protest,qwen3:30b-a3b-q4_K_M,ccc_002,1.922216333999998,12,,"{""protest_type"": ""DEMONSTRATION""}",,,,,,,,,,,,,,,,,,,,,,,,,DEMONSTRATION,DEMONSTRATION
halterman_ccc_protest,qwen3:30b-a3b-q4_K_M,ccc_003,2.9803125,10,,"{""protest_type"": ""PROTEST""}",,,,,,,,,,,,,,,,,,,,,,,,,PROTEST,DEMONSTRATION
halterman_ccc_protest,qwen3:30b-a3b-q4_K_M,ccc_004,1.807851750000001,12,,"{""protest_type"": ""DEMONSTRATION""}",,,,,,,,,,,,,,,,,,,,,,,,,DEMONSTRATION,DEMONSTRATION
halterman_ccc_protest,qwen3:30b-a3b-q4_K_M,ccc_005,1.1037197079999999,10,,"{""protest_type"": ""PROTEST""}",,,,,,,,,,,,,,,,,,,,,,,,,PROTEST,DEMONSTRATION
halterman_ccc_protest,qwen3:30b-a3b-q4_K_M,ccc_006,1.7014196669999997,10,,"{""protest_type"": ""PROTEST""}",,,,,,,,,,,,,,,,,,,,,,,,,PROTEST,DEMONSTRATION
halterman_ccc_protest,qwen3:30b-a3b-q4_K_M,ccc_007,2.571414291,10,,"{""protest_type"": ""PROTEST""}",,,,,,,,,,,,,,,,,,,,,,,,,PROTEST,DEMONSTRATION
halterman_ccc_protest,qwen3:30b-a3b-q4_K_M,ccc_008,3.2193437079999967,10,,"{""protest_type"": ""RALLY""}",,,,,,,,,,,,,,,,,,,,,,,,,RALLY,DEMONSTRATION
halterman_ccc_protest,qwen3:30b-a3b-q4_K_M,ccc_009,2.3559345000000036,12,,"{""protest_type"": ""DEMONSTRATION""}",,,,,,,,,,,,,,,,,,,,,,,,,DEMONSTRATION,DEMONSTRATION
halterman_ccc_protest,qwen3:30b-a3b-q4_K_M,ccc_010,2.658522750000003,12,,"{""protest_type"": ""DEMONSTRATION""}",,,,,,,,,,,,,,,,,,,,,,,,,DEMONSTRATION,DEMONSTRATION
halterman_ccc_protest,qwen3:30b-a3b-q4_K_M,ccc_011,3.5808786670000003,10,,"{""protest_type"": ""PROTEST""}",,,,,,,,,,,,,,,,,,,,,,,,,PROTEST,DEMONSTRATION
halterman_ccc_protest,qwen3:30b-a3b-q4_K_M,ccc_012,1.414753791999999,10,,"{""protest_type"": ""PROTEST""}",,,,,,,,,,,,,,,,,,,,,,,,,PROTEST,DEMONSTRATION
halterman_ccc_protest,qwen3:30b-a3b-q4_K_M,ccc_013,2.000632500000002,12,,"{""protest_type"": ""DEMONSTRATION""}",,,,,,,,,,,,,,,,,,,,,,,,,DEMONSTRATION,DEMONSTRATION
halterman_ccc_protest,qwen3:30b-a3b-q4_K_M,ccc_014,2.402099458000002,10,,"{""protest_type"": ""RALLY""}",,,,,,,,,,,,,,,,,,,,,,,,,RALLY,MARCH
halterman_ccc_protest,qwen3:30b-a3b-q4_K_M,ccc_015,1.574826832999996,10,,"{""protest_type"": ""MARCH""}",,,,,,,,,,,,,,,,,,,,,,,,,MARCH,MARCH
halterman_ccc_protest,qwen3:30b-a3b-q4_K_M,ccc_016,2.479987166000001,12,,"{""protest_type"": ""COUNTER_PROTEST""}",,,,,,,,,,,,,,,,,,,,,,,,,COUNTER_PROTEST,MARCH
halterman_ccc_protest,qwen3:30b-a3b-q4_K_M,ccc_017,0.9104422499999956,10,,"{""protest_type"": ""MARCH""}",,,,,,,,,,,,,,,,,,,,,,,,,MARCH,MARCH
halterman_ccc_protest,qwen3:30b-a3b-q4_K_M,ccc_018,1.2573476250000013,10,,"{""protest_type"": ""MARCH""}",,,,,,,,,,,,,,,,,,,,,,,,,MARCH,MARCH
halterman_ccc_protest,qwen3:30b-a3b-q4_K_M,ccc_019,1.3800612920000006,10,,"{""protest_type"": ""MARCH""}",,,,,,,,,,,,,,,,,,,,,,,,,MARCH,MARCH
halterman_ccc_protest,qwen3:30b-a3b-q4_K_M,ccc_020,1.1150474580000065,10,,"{""protest_type"": ""PROTEST""}",,,,,,,,,,,,,,,,,,,,,,,,,PROTEST,MARCH
halterman_ccc_protest,qwen3:30b-a3b-q4_K_M,ccc_021,2.9798211659999936,10,,"{""protest_type"": ""MARCH""}",,,,,,,,,,,,,,,,,,,,,,,,,MARCH,MARCH
halterman_ccc_protest,qwen3:30b-a3b-q4_K_M,ccc_022,3.0239073750000003,10,,"{""protest_type"": ""MARCH""}",,,,,,,,,,,,,,,,,,,,,,,,,MARCH,MARCH
halterman_ccc_protest,qwen3:30b-a3b-q4_K_M,ccc_023,1.8938898749999993,12,,"{""protest_type"": ""DEMONSTRATION""}",,,,,,,,,,,,,,,,,,,,,,,,,DEMONSTRATION,MARCH
halterman_ccc_protest,qwen3:30b-a3b-q4_K_M,ccc_024,2.447690332999997,10,,"{""protest_type"": ""MARCH""}",,,,,,,,,,,,,,,,,,,,,,,,,MARCH,MARCH
halterman_ccc_protest,qwen3:30b-a3b-q4_K_M,ccc_025,0.7618159579999997,10,,"{""protest_type"": ""PROTEST""}",,,,,,,,,,,,,,,,,,,,,,,,,PROTEST,MARCH
halterman_ccc_protest,qwen3:30b-a3b-q4_K_M,ccc_026,1.260717624999998,10,,"{""protest_type"": ""PROTEST""}",,,,,,,,,,,,,,,,,,,,,,,,,PROTEST,PROTEST
halterman_ccc_protest,qwen3:30b-a3b-q4_K_M,ccc_027,2.3872729999999933,10,,"{""protest_type"": ""PROTEST""}",,,,,,,,,,,,,,,,,,,,,,,,,PROTEST,PROTEST
halterman_ccc_protest,qwen3:30b-a3b-q4_K_M,ccc_028,0.9295257079999999,10,,"{""protest_type"": ""RALLY""}",,,,,,,,,,,,,,,,,,,,,,,,,RALLY,PROTEST
halterman_ccc_protest,qwen3:30b-a3b-q4_K_M,ccc_029,1.238424374999994,10,,"{""protest_type"": ""MARCH""}",,,,,,,,,,,,,,,,,,,,,,,,,MARCH,PROTEST
halterman_ccc_protest,qwen3:30b-a3b-q4_K_M,ccc_030,2.1713408339999916,10,,"{""protest_type"": ""MARCH""}",,,,,,,,,,,,,,,,,,,,,,,,,MARCH,PROTEST
halterman_ccc_protest,qwen3:30b-a3b-q4_K_M,ccc_031,1.2778436250000027,10,,"{""protest_type"": ""PROTEST""}",,,,,,,,,,,,,,,,,,,,,,,,,PROTEST,PROTEST
halterman_ccc_protest,qwen3:30b-a3b-q4_K_M,ccc_032,1.1562155410000088,10,,"{""protest_type"": ""PROTEST""}",,,,,,,,,,,,,,,,,,,,,,,,,PROTEST,PROTEST
halterman_ccc_protest,qwen3:30b-a3b-q4_K_M,ccc_033,3.477368333000001,10,,"{""protest_type"": ""PROTEST""}",,,,,,,,,,,,,,,,,,,,,,,,,PROTEST,PROTEST
halterman_ccc_protest,qwen3:30b-a3b-q4_K_M,ccc_034,1.1929662499999978,10,,"{""protest_type"": ""PROTEST""}",,,,,,,,,,,,,,,,,,,,,,,,,PROTEST,PROTEST
halterman_ccc_protest,qwen3:30b-a3b-q4_K_M,ccc_035,2.351665000000011,12,,"{""protest_type"": ""DEMONSTRATION""}",,,,,,,,,,,,,,,,,,,,,,,,,DEMONSTRATION,PROTEST
halterman_ccc_protest,qwen3:30b-a3b-q4_K_M,ccc_036,1.2889440000000008,10,,"{""protest_type"": ""PROTEST""}",,,,,,,,,,,,,,,,,,,,,,,,,PROTEST,PROTEST
halterman_ccc_protest,qwen3:30b-a3b-q4_K_M,ccc_037,2.442830624999999,10,,"{""protest_type"": ""PROTEST""}",,,,,,,,,,,,,,,,,,,,,,,,,PROTEST,PROTEST
halterman_ccc_protest,qwen3:30b-a3b-q4_K_M,ccc_038,3.151965000000004,10,,"{""protest_type"": ""RALLY""}",,,,,,,,,,,,,,,,,,,,,,,,,RALLY,RALLY
halterman_ccc_protest,qwen3:30b-a3b-q4_K_M,ccc_039,2.1279416669999875,10,,"{""protest_type"": ""RALLY""}",,,,,,,,,,,,,,,,,,,,,,,,,RALLY,RALLY
halterman_ccc_protest,qwen3:30b-a3b-q4_K_M,ccc_040,2.3114157920000054,12,,"{""protest_type"": ""DEMONSTRATION""}",,,,,,,,,,,,,,,,,,,,,,,,,DEMONSTRATION,RALLY
halterman_ccc_protest,qwen3:30b-a3b-q4_K_M,ccc_041,3.212816165999996,10,,"{""protest_type"": ""RALLY""}",,,,,,,,,,,,,,,,,,,,,,,,,RALLY,RALLY
halterman_ccc_protest,qwen3:30b-a3b-q4_K_M,ccc_042,3.460136332999994,10,,"{""protest_type"": ""RALLY""}",,,,,,,,,,,,,,,,,,,,,,,,,RALLY,RALLY
halterman_ccc_protest,qwen3:30b-a3b-q4_K_M,ccc_043,0.9665085419999997,10,,"{""protest_type"": ""RALLY""}",,,,,,,,,,,,,,,,,,,,,,,,,RALLY,RALLY
halterman_ccc_protest,qwen3:30b-a3b-q4_K_M,ccc_044,1.4332752909999869,10,,"{""protest_type"": ""MARCH""}",,,,,,,,,,,,,,,,,,,,,,,,,MARCH,RALLY
halterman_ccc_protest,qwen3:30b-a3b-q4_K_M,ccc_045,1.8845345410000078,12,,"{""protest_type"": ""DEMONSTRATION""}",,,,,,,,,,,,,,,,,,,,,,,,,DEMONSTRATION,RALLY
halterman_ccc_protest,qwen3:30b-a3b-q4_K_M,ccc_046,0.9627170419999942,10,,"{""protest_type"": ""MARCH""}",,,,,,,,,,,,,,,,,,,,,,,,,MARCH,RALLY
halterman_ccc_protest,qwen3:30b-a3b-q4_K_M,ccc_047,1.3410705409999935,10,,"{""protest_type"": ""RALLY""}",,,,,,,,,,,,,,,,,,,,,,,,,RALLY,RALLY
halterman_ccc_protest,qwen3:30b-a3b-q4_K_M,ccc_048,3.72604075000001,10,,"{""protest_type"": ""RALLY""}",,,,,,,,,,,,,,,,,,,,,,,,,RALLY,RALLY
halterman_ccc_protest,qwen3:30b-a3b-q4_K_M,ccc_049,1.7070452500000073,10,,"{""protest_type"": ""RALLY""}",,,,,,,,,,,,,,,,,,,,,,,,,RALLY,RALLY
