source_id,text,gold
AAW_ARB_20080930.0037-36,وفي يناير كانون الثاني عام 2006 اطلقت طائرة بدون طيار تابعة لوكالة المخابرات المركزية الاميركية عدة صواريخ على منزل في باجور معتقدة ان الظواهري كان موجودا فيه.,EVENT
AAW_ARB_20070219.0041-7,وقبل يومين، انفجرت سيارة مفخخة لدى مرور حافلة تقل عناصر من الحرس الثوري، موقعة 11 قتيلا و31 جريحا.,EVENT
AAW_ARB_20070506.0021-4,وتبنت الحركة المسؤولية عن عملية تفجير عربة «أورال» في الطريق بين «مقديشو» و«بيدوا» وتدميرها بالكامل وقتل كل من فيها الاثنين الماضي، موضحة أن هذه هي أول عملية من نوعها بعد الانسحاب من المواجه.,EVENT
AAW_ARB_20061117.0010-11,وقد قتل شخصان واصيب خمسة، في انفجار سيارة مفخخة بالقرب من محكمة مدينة الصدر في شارع فلسطين.,EVENT
AAW_ARB_20081231.0006-36,ـ 20: تفجير انتحاري في فندق ماريوت بإسلام أباد، بباكستان، يقتل 60 شخصا على الأقل.,EVENT
AAW_ARB_20070624.0029-7,وفي يناير اكد حلف شمال الاطلسي انه قتل نحو 150 متمردا من طالبان الذين تسللوا من باكستان الى بارمال على بعد بضعة كيلومترات من المنطقة القبلية الباكستانية في وزيرستان.,EVENT
AAW_ARB_20070708.0023-3,وفجر المهاجمون قنابلهم على متن 3 قطارات للمترو وإحدى الحافلات.,EVENT
AAW_ARB_20080907.0042-2,وقال العميد نجم عبد الله قائمقام تلعفر ان «سيارة مفخخة انفجرت وسط سوق شعبية في حي الوحدة وسط البلدة، ما اسفر عن مقتل ستة مدنيين واصابة نحو خمسين اخرين».,EVENT
AAW_ARB_20070324.0016-14,* 8 فبراير (شباط) 2006: نجا وزير التعليم العالي العراقي سامي المظفر، من انفجار سيارة مفخخة عند مرور موكبه في وسط بغداد.,EVENT
AAW_ARB_20070602.0033-10,وقال النقيب محمد جاسم من شرطة كركوك إن «جنديا عراقيا قتل وأصيب آخر بجروح في هجوم مسلح استهدف دوريتهما عند قرية العباسي (75 كلم غرب كركوك)».,EVENT
AAW_ARB_20070913.0012-8,وكان مسؤول في البنتاغون قد قال أول من أمس، إن إسرائيل نفذت بالفعل ضربة جوية في سورية بعد منتصف ليلة الاربعاء من الاسبوع الماضي هي الاولى من نوعها منذ العام 2003.,EVENT
AAW_ARB_20070328.0033-18,وفي الموصل (370 كلم شمال بغداد)، اعلن الرائد محمد احمد من الشرطة أن «مسلحين مجهولين اغتالوا ضابطا في الشرطة في الحي الصناعي (غرب)، فيما قتل أحد عناصر الشرطة في هجوم مماثل في حي سومر (جنوب)».,EVENT
AAW_ARB_20070530.0005-2,وأعلنت الشرطة أن أمجد وهبة، المدير الإقليمي لـ«الشركة الجزائرية المصرية للتجارة والتصنيع»، خطف في وسط مدينة تيزي وزو (110 كلم شرق العاصمة) من قبل أربعة مسلحين، كانوا يحملون أسلحة رشاشة ويرتدون صدريات مكتوب عليها «الأمن الوطني» استولوا عليها في كمائن نصبت لرجال الأمن في المنطقة.,EVENT
AAW_ARB_20070104.0071-9,ومنذ عمليات الخطف الاخيرة في السابع من ديسمبر فجرت الجبهة ثلاث سيارات ملغومة في المدينة الرئيسية بالدلتا وهي بورت هاركورت مما دفع شركتي شل وتوتال العملاقتين للنفط الى سحب المئات من أقارب العاملين الاجانب.,EVENT
AAW_ARB_20070625.0052-14,وكان الاحد الماضي شهد حادثا امنيا تمثل باطلاق صواريخ كاتيوشا من جنوب لبنان على مستوطنة كريات شمونة.,EVENT
AAW_ARB_20070812.0017-16,وكانت حركة طالبان قد خطفت 23 من الكوريين الجنوبيين وغالبيتهم من النساء في 19 يوليو (تموز) الماضي بينما كانوا يسافرون على متن حافلة من كابل الى قندهار، ثم قتلت اثنين منهم.,EVENT
AAW_ARB_20081208.0020-16,وأوضح البيان أن احد عناصر القوات العراقية قتل وجرح سبعة آخرون في إطار هذه العمليات العسكرية.,EVENT
AAW_ARB_20070814.0060-1,إسلام آباد ـ رويترز: قال مسؤولون إن قوات الأمن الباكستانية قتلت ثلاثة متشددين موالين لحركة طالبان الافغانية، امس، في منطقة قبلية قرب الحدود الافغانية، حيث تحاول القوات إنقاذ 16 جنديا خطفوا الاسبوع الماضي.,EVENT
AAW_ARB_20080814.0030-2,وقال النقيب حسن الجبوري من شرطة كركوك ان «انتحاريا يقود سيارة مفخخة، فجر نفسه قرب موكب الشيخ عبد الكريم نصيف الجبوري، قائد صحوة الملتقى (30 كلم غرب كركوك) ما اسفر عن اصابته بجروح، مع خمسة من افراد حمايته».,EVENT
AAW_ARB_20070427.0013-4,وأفاد شهود عيان بأن «اشتباكات مماثلة شهدتها منطقة المعقل، بعد ان فتح مسلحون أسلحتهم الرشاشة وقاذفات الـ«آر بي جي 7» على مقر مقر حزب ثار الله، الذي يتزعمه يوسف الموسوي، احد أقطاب المعارضة للمحافظ، مشيرين إلى إصابة اثنين من حراس مبنى حسينية ثار الله الواقعة في منطقة (النواب ضباط)، التي تعرضت هي الأخرى لهجوم آخر، حيث القى مسلحون مجهولون قنبلة يدوية عليهم، ولاذوا بالفرار.,EVENT
AAW_ARB_20070417.0052-20,من ناحية أخرى قال حلف شمال الاطلسي في أفغانستان انه قتل عددا من زعماء طالبان في هجمات بما في ذلك ضربات جوية دقيقة في اقليم هلمند بجنوب البلاد على مدى الايام الماضية.,EVENT
AAW_ARB_20080417.0011-6,وأكد المركز، في تقرير أصدره أمس عن أحداث الشغب، أن مشاهدات فريق المركز الذي قام بزيارة إلى المركزين، والإفادات، تشير الى أن النزلاء في هذا السجن تعرضوا للضرب المبرح وسوء المعاملة من قبل قوات الدرك ومرتب السجن حتى بعد انتهاء الأحداث، وحتى اثناء وخلال زيارة فريق المركز إلى مركزي «سواقة» و«الموقر».,EVENT
AAW_ARB_20080119.0055-9,والثلاثاء اصيب 37 شخصا بجروح حين انفجرت قنبلة في سوق في ولاية يالا المجاورة.,EVENT
AAW_ARB_20070215.0029-29,وقامت الجماعة في ديسمبر (كانون الأول) 2005 بخطف تسعة جنود قرب الحدود مع باكستان، وأفرجت في ما بعد عن ثمانية منهم وقتلت التاسع.,EVENT
AAW_ARB_20061106.0064-17,وقالوا ان الجيش نجح في قتل العشرات من المسلحين الفلسطينيين ذوي العلاقة في صنع وإطلاق صواريخ القسام، وصادروا كميات كبيرة من الأسلحة والمواد التفجيرية.,EVENT
AAW_ARB_20070227.0015-20,وفي نوفمبر (تشرين الثاني) 2005 قامت امرأة بلجيكية اعتنقت الاسلام ومتزوجة من مغربي بتفجير نفسها مستهدفة دورية للقوات الاميركية جنوب بغداد.,EVENT
AAW_ARB_20080930.0006-8,من ناحية ثانية، ذكر مصدر في شرطة محافظة نينوى أن اربعة مدنيين أصيبوا بجروح أمس إثر انفجار سيارة مفخخة شرق الموصل.,EVENT
AAW_ARB_20070807.0039-1,أوقعت سلسلة هجمات أمس، بينها هجوم انتحاري بشاحنة مفخخة في تلعفر (شمال)، عشرات القتلى والجرحى، حسبما افادت مصادر أمنية.,EVENT
AAW_ARB_20070818.0025-14,وقال بيان للتحالف الدولي بقيادة الناتو، ان عبوة ناسفة انفجرت بقواته، تلا ذلك هجوم بالاسلحة النارية وقذائف الهاون، مما ادى الى اندلاع معارك بين قوات الناتو ومسلحي طالبان، قتل خلالها المدنيون الخمسة واصيب ثلاثة اخرون.,EVENT
AAW_ARB_20081205.0004-3,كما قتل جنديان اميركيان واصيب تسعة عراقيين بجروح في هجوم انتحاري بسيارة مفخخة في الموصل.,EVENT
AAW_ARB_20080104.0028-1,قتل أمس سبعة من عناصر الشرطة الأفغانية، ومهندس هندي في غرب افغانستان، اثر هجوم انتحاري تبنته طالبان، هو الأول في أفغانستان في عام 2008.,EVENT
AAW_ARB_20080530.0033-9,واوضح ان «انتحاريا يستقل سيارة مفخخة مشابهة لسيارات قوات الشرطة فجر نفسه حوالى التاسعة صباحا لدى مرور دورية في منطقة الغابات (شمال الموصل)».,EVENT
AAW_ARB_20070624.0025-3,وكانت مجموعة من حوالي ثلاثين طالبا من المسجد الاحمر قد اقتحمت ليلا عيادة للعلاج بالوخز بالابر في اسلام اباد «تستخدم للبغاء» بحسب احد المسؤولين عن المسجد وخطفت تسعة اشخاص واحتجزتهم لمدة تقرب من 24 ساعة.,EVENT
AAW_ARB_20071018.0035-8,وفي جلولاء التابعة لمحافظة ديالى قتل احد افراد البيشمركة (القوات الكردية) واصيب 10 آخرون بجروح، اثر انفجار سيارة مفخخة صباح امس في بلدة جلولاء.,EVENT
AAW_ARB_20070322.0018-4,وقال الجيش الاميركي ان جنوده قتلوا خمسة مسلحين مشتبه فيهم أمس خلال غارة على مصنع للقنابل شمال بغداد دمر في وقت لاحق في ضربة جوية.,EVENT
AAW_ARB_20081023.0034-1,قالت وزارة الدفاع الافغانية امس ان قوات اجنبية قتلت تسعة جنود افغان بطريق الخطأ في ضربة جوية في جنوب شرقي افغانستان الليلة الماضية.,EVENT
AAW_ARB_20071002.0048-4,وكان ربع من سقطوا قتلى في اغسطس هم 411 شخصا قتلوا في تفجير شاحنات ملغومة استهدفت الاقلية اليزيدية في شمال العراق يوم 14 اغسطس.,EVENT
AAW_ARB_20071110.0003-4,ونقلت وكالة رويترز عن مصادر امنية عراقية قولها، ان المهاجم فجر نفسه خلال اجتماع لزعماء العشائر ليقتل خمسة من اعضاء «مجلس انقاذ ديالى»، الذي شكل لمكافحة عناصر «القاعدة» في المحافظة.,EVENT
AAW_ARB_20070207.0048-1,افادت الاجهزة الامنية الباكستانية بان رجلا يشتبه في انه اراد تنفيذ عملية انتحارية بسيارة مفخخة في مطار اسلام اباد الدولي، فتح النار ثم فجر الشحنة التي بحوزته ما ادى الى اصابة خمسة اشخاص بجروح فيما قضى هو في الانفجار.,EVENT
AAW_ARB_20061115.0044-1,قتل اربعون شخصا امس في حوادث عنف متفرقة في العراق أبرزها انفجار سيارة مفخخة في احد الاسواق الأكثر ازدحاما في بغداد.,EVENT
AAW_ARB_20070820.0031-3,كما اختطف مسلحون 15 شخصا في نقطة تفتيش وهمية وسط بغداد.,EVENT
AAW_ARB_20070801.0034-2,وأوضح البيان أن هليكوبتر «أباتشي» من طراز «إيه إتش 64» تعرضت لهجوم من نيران أرضية، الأمر الذي اضطرها للهبوط في حي بغداد الجديدة.,EVENT
AAW_ARB_20070811.0003-7,وأفيد بمقتل زهاء 15 مسلحا في اشتباكات عنيفة امس، فيما تردد ان احد مسؤولي المسلحين شاهين شاهين جدد طلبه الاستسلام شرط عدم تنفيذ حكم الاعدام به.,EVENT
AAW_ARB_20070920.0021-17,يذكر ان مسلحين مجهولين اغتالوا الأسبوع الماضي مسلم يعقوب البطاط إمام جامع العروة الوثقى، أحد ممثلي السيستاني، عندما أطلقوا عليه النار من أسلحتهم الخفيفة في منطقة الفرسي أثناء خروجه من الجامع.,EVENT
AAW_ARB_20081017.0033-1,قال مسؤولون في المخابرات الباكستانية إن مقاتلا قتل بعدما اطلقت طائرة بدون طيار، يعتقد أنها أميركية، صاروخا على منطقة باكستانية على الحدود الافغانية أمس.,EVENT
AAW_ARB_20080413.0018-5,وقال الجيش الأميركي إن قواته أطلقت على الاقل صاروخا واحدا من طراز هيلفاير من طائرة بدون طيار وقذيفتين من مدفع دبابة (ام 1) ضد مقاتلين استهدفوا هذه القوات بتفجير قنابل مزروعة على الطرق وبقاذفات صاروخية.,EVENT
AAW_ARB_20070613.0015-3,وفي اول حادث من نوعه في الضفة الغربية منذ انهيار الهدنة بين حركتي فتح وحماس الخميس في قطاع غزة، تعرض قيادي في حركة حماس هو وكيل وزارة النقل الفلسطينية الثلاثاء، للخطف على ايدي مسلحين في رام الله.,EVENT
AAW_ARB_20061108.0035-16,وبعد عدة ساعات على قصف منزل الشنطي، قامت دبابة اسرائيلية بقصف احد المنازل في منطقة شعشاعة الواقعة الى الشرق من مخيم جباليا، الأمر الذي ادى الى مقتل ثلاثة مواطنين وجرح عدد اخر.,EVENT
AAW_ARB_20070225.0038-6,وقتل أكثر من 30 شخصا خلال الاربعة أسابيع الماضية في هجمات انتحارية يعتقد أنها من فعل مقاتلين يسيطر عليهم المتشددون الموالون لطالبان الذين يتمركزون في المناطق القبلية الباكستانية المتاخمة لافغانستان.,EVENT
AAW_ARB_20070324.0016-9,*5 فبراير 2004: افادت تقارير بتعرض المرجع الشيعي آية الله علي السيستاني لمحاولة اغتيال في النجف.,EVENT
AAW_ARB_20080119.0036-3,وقال الجيش في بيان إن قوات التحالف وجهت ضربة جوية دقيقة استهدفت اجتماعا لتنظيم «القاعدة» بمدينة المقدادية (100 كم شمال شرقي بغداد) أول من أمس ما أسفر عن مقتل أربعة من عناصر التنظيم، حسبما افادت به وكالة الانباء الالمانية (د ب أ).,EVENT
AAW_ARB_20061108.0088-1,اعترفت الحكومة السودانية امس، ولأول مرة منذ بدء الصراع في اقليم دارفور بأن «قبائل عربية منفلتة»، هي التي ارتكبت المجازر التي وقعت في مجموعة من القرى غرب الاقليم المضطرب، وقالت ان الهجوم الذي وقع الأسبوع قبل الماضي، أسفر عن مقتل 33 شخصا، بينهم 3 نساء و4 اطفال وجرح 17 شخصا آخر بينهم امرأتان وطفلان.,EVENT
AAW_ARB_20070618.0025-1,قالت الشرطة الأفغانية إن مهاجما انتحاريا من حركة طالبان، فجر حافلة تابعة للشرطة في العاصمة كابول أمس، مما أسفر عن سقوط نحو 35 قتيلا في أحد أكثر الانفجارات دموية في كابل في الشهور الأخيرة، وسط أعمال عنف متزايدة في شتى أنحاء البلاد.,EVENT
AAW_ARB_20070107.0016-1,نجا قائد شرطة النجدة في بغداد، أمس، من محاولة اغتيال اثر تعرض موكبه لانفجار سيارة مفخخة أدى الى مقتل أحد المارة.,EVENT
AAW_ARB_20071222.0040-7,من جهته، أعلن الجيش الأميركي بالعراق أمس أن جنديا أميركيا قتل وأصيب 10 آخرون في هجوم انتحاري بمحافظة ديالى شمال شرقي بغداد.,EVENT
AAW_ARB_20070128.0039-14,وأوضح ان «عددا منهم اقتحموا غرفة التنسيق، حيث يوجد الضابط الاميركي، وبدا الهجوم باستخدام القنابل الصوتية داخل المبنى وإطلاق نار على الجنود الاميركيين، في حين قام الذين احاطوا بسيارة الهامر بقتل الجندي الاميركي بعد سماع اطلاق النار».,EVENT
AAW_ARB_20071030.0060-2,ولقي 41 شخصا حتفهم وأصيب 27 آخرون في هجمات متفرقة كان من ابرزها هجوم انتحاري بدراجة ملغومة استهدف قاعدة للشرطة في مدينة بعقوبة.,EVENT
AAW_ARB_20081125.0021-16,وقتل رؤوف بحسب المسؤولين الباكستانيين في ضربة جوية استهدفت المنطقة القبلية الباكستانية المحاذية لافغانستان، والتي يشتبه بايوائها عناصر من طالبان و«القاعدة».,EVENT
AAW_ARB_20080930.0037-15,وهذا الهجوم الذي بدأ قبل شهرين اوقع بحسب الجيش اكثر من الف قتيل بين المتمردين الإسلاميين.,EVENT
AAW_ARB_20071217.0023-17,من جهة ثانية، افادت مصادر متطابقة ان مجهولين خطفوا مصورا فرنسيا في بوساسو بشمال الصومال.,EVENT
AAW_ARB_20080212.0023-7,وصرح مسؤولون بان جنودا متمردين اطلقوا النار على رئيس تيمور الشرقية خوسيه راموس هورتا في منزله في ديلي امس في محاولة اغتيال يقول محللون انها قد تجدد أعمال العنف والفوضى السياسية في الدولة الصغيرة.,EVENT
AAW_ARB_20061204.0018-3,وقال الجيش الاميركي إن ضربة جوية أميركية أدت لتدمير منزلين آمنين للمقاتلين الاجانب غرب بغداد الليلة قبل الماضية وكان القتلى خمسة مسلحين وامرأتين وطفلا.,EVENT
AAW_ARB_20081010.0016-2,وكانت القوات الاميركية وجهت عدة ضربات جوية داخل الصومال، خلال الاشهر القليلة الماضية، مستهدفة مقاتلي (الشباب) الذين يقاتلون حكومة مؤقتة ضعيفة يدعمها الغرب والقوات الاثيوبية المتحالفة معها منذ بداية العام الماضي.,EVENT
AAW_ARB_20070206.0012-1,قتل 18 شخصا وأصيب عشرات آخرون بجروح في انفجار سيارتين مفخختين، يقود إحداهما انتحاري، في بغداد امس.,EVENT
AAW_ARB_20080731.0037-19,وقتل ما لا يقل عن 28 متطوعا في الجيش العراقي وجرح 55 شخصا اخرون منتصف يوليو (تموز) الحالي، في هجوم انتحاري مزدوج بحزامين ناسفين استهدفا مقرا للتطوع شرق بعقوبة، وفقا لمصادر امنية عراقية.,EVENT
AAW_ARB_20061122.0010-5,وقد نفذت عملية الاغتيال عند الثالثة والنصف من بعد ظهر امس قرب كنيسة مار انطونيوس في منطقة الجديدة حيث افادت المعلومات الاولية ان سيارة رانج روفر اعترضت موكب الجميل وترجل منها 3 مسلحين اطلقوا النار مباشرة باتجاه رأس الجميل الذي اصيب على الفور كما اصيب مرافقه سمير الشرتوني ففارقا الحياة لاحقاً، فيما فر القتلة بسيارتهم الى جهة مجهولة.,EVENT
AAW_ARB_20080319.0010-4,وكان شهود عيان قد ذكروا ان هجوما بالقذائف نفذ ضد مدرسة للبنات بالقرب من السفارة الاميركية في صنعاء، اسفر عن سقوط ضحايا.,EVENT
AAW_ARB_20070322.0018-14,من ناحية ثانية، اوضح مصدر طبي في مستشفى الزعفرانية (جنوب بغداد) ان «ثمانية اشخاص قتلوا على الاقل بينهم طفلان واصيب 18 اخرون بينهم عدد من النساء والاطفال في سقوط عدد من قذائف الهاون على منطقة سكنية في ناحية المدائن (25 كم جنوب بغداد)»، حسبما افادت به وكالة الصحافة الفرنسية.,EVENT
AAW_ARB_20081007.0031-14,الى ذلك قتلت قوات الامن الباكستانية ستة متشددين سلاميين في غارة شنتها ليلا شمال غربي البلاد، في الوقت الذي أطلق فيه متمردون آخرون صواريخ سقطت بالقرب من منزل رئيس حكومة المنطقة.,EVENT
AAW_ARB_20061202.0019-9,وفي بغداد ايضا، افاد مصدر امني ان «ثلاثة عراقيين قتلوا وأصيب 13 آخرون بانفجار سيارة مفخخة وسط سوق الاولى في حي الحسينية ضواحي بغداد الشرقية».,EVENT
AAW_ARB_20070425.0025-15,وكانت «كتائب عز الدين القسام»، الجناح العسكري لحركة حماس قد أطلقت عشرات الصواريخ فجر امس على البلدات المحيطة بقطاع غزة.,EVENT
AAW_ARB_20070909.0013-1,قتل 28 شخصاً وجرح نحو 60 آخرين في هجوم انتحاري استهدف ثكنة عسكرية في مدينة دلس الواقعة شرق العاصمة الجزائرية أمس، وذلك بعد ثلاثة أيام على هجوم دموي مماثل في مدينة باتنة.,EVENT
AAW_ARB_20070111.0059-10,من جانب اخر، ذكر مصدر في الشرطة العراقية أن عدة قذائف هاون سقطت على مبان سكنية فجر امس في ضاحية «مدينة الصدر» شرق بغداد ما ادى الى مقتل مدنيين اثنين وتدمير عدة منازل.,EVENT
AAW_ARB_20080205.0029-23,وقالت كتائب الاقصى في بيان «إن العملية مركبة من عمليتين، الأولى تمت عندما فجر استشهادي نفسه والثانية كانت اشتباكا مسلحا خاضته مجموعة من المقاومين من كتائب الأقصى وأبو علي مصطفى وسرايا المقاومة الموحدة، دون ان يقدم أي تفاصيل».,EVENT
AAW_ARB_20061114.0055-7,وكان 42 جنديا باكستانيا قد قتلوا في الثالث من الشهر الحالي في هجوم انتحاري على مركز تجنيد للجيش شمال غربي البلاد ردا على ما يبدو على حملة عسكرية على مدرسة دينية مجاورة اوقعت 80 قتيلا في 30 اكتوبر (تشرين الاول) الماضي.,EVENT
AAW_ARB_20080427.0008-1,من ناحية ثانية، استهدف انتحاري اجتماعا لقوات الصحوة في بغداد امس مما أسفر عن مقتل اثنين من قادة هذه القوات التي تحارب «القاعدة».,EVENT
AAW_ARB_20070218.0034-23,وتزامنت الاضطرابات في ايران مع هجوم انتحاري وقع في قاعة محكمة ادى الى مقتل 15 شخصا في الأقل امس على الجانب الآخر من الحدود في مدينة كويتا عاصمة ولاية بلوشستان الباكستانية.,EVENT
AAW_ARB_20080424.0033-10,من ناحية ثانية، اعلنت مصادر امنية مقتل شخصين على الاقل واصابة 18 اخرين بجروح في هجوم انتحاري بحزام ناسف وانفجار سيارتين مفخختين أمس في مدينة الموصل (370 كلم شمال بغداد).,EVENT
AAW_ARB_20071026.0012-101,إلا ان الجبهة الشعبية لتحرير فلسطين رفضت الانصياع لاتفاق وقف إطلاق النار واحتجزت 68 رهينة من الأجانب في فندقين في عمان وهددت بنسف المباني إذا لم تصدر قرارات عزل ضباط بارزين في الجيش الأردني، من ضمنهم الشريف زيد بن شاكر، والشريف ناصر بن جميل، وتسريح وحدة المظلات التابعة للقوات الخاصة الأردنية.,EVENT
AAW_ARB_20070427.0012-1,قال مصدر امني عراقي إن رأسا مقطوعا انفجر أمس لدى مرور دورية تقدم عناصرها لرفعه من مكانه في مدينة الحويجة شمال العراق، من دون ان يسفر ذلك عن اصابات.,EVENT
AAW_ARB_20080618.0050-5,إسرائيل تغتال 5 من جيش الإسلام في غزة  * لندن ـ «الشرق الأوسط»: اغتال الطيران الاسرائيلي، بعد ظهر امس خمسة فلسطينيين، في خان يونس جنوب قطاع غزة أربعة منهم من تنظيم «جيش الإسلام»، والخامس من المارة.,EVENT
AAW_ARB_20080927.0014-27,واعلن المكتب البحري الدولي ان 55 سفينة على الاقل تعرضت للهجوم في خليج عدن والمحيط الهندي منذ يناير 2008 في عمليات نفذها قراصنة صوماليون.,EVENT
AAW_ARB_20070420.0012-1,فيما قتل 12 شخصا واصيب 28 بجروح في هجوم انتحاري بسيارة مفخخة استهدفت مقصفا يقصده طلاب جامعة بغداد في منطقة الجادرية (وسط) ظهر امس، أمر رئيس الوزراء العراقي، القائد العام للقوات المسلحة، باعتقال ضابط كبير مسؤول عن الأمن في منطقة الصدرية في بغداد، التي شهدت اول من امس اسوأ تفجير منذ الغزو اوقع نحو مائتي قتيل.,EVENT
AAW_ARB_20061118.0023-6,وأضاف المسؤول أن المسلحين خطفوا ما مجموعه 14 شخصا، إلا ان الشركة التي يعمل لحسابها الحراس الخمسة ذكرت من مقرها في الكويت انه تم الإفراج فيما بعد عن تسعة من سائقي الشاحنات.,EVENT
AAW_ARB_20080221.0023-4,وفي تلعفر، اكد اللواء نجم الجبوري قائمقام البلدة (60 كلم شمال غربي الموصل) ان امراة قتلت وأصيب ثمانية اشخاص بجروح في هجوم انتحاري بسيارة مفخخة في حي المثنى وسط تلعفر.,EVENT
AAW_ARB_20080909.0019-14,وهي المرة الرابعة في اقل من اسبوع التي تقوم فيها طائرات بدون طيار، لا تملكها الا القوات الاميركية المنتشرة في افغانستان المجاورة، باطلاق صواريخ على المناطق القبلية الباكستانية.,EVENT
AAW_ARB_20071217.0026-13,وأعلن المتحدث باسم وزارة الداخلية الافغانية زماراي بشاري لوكالة الصحافة الفرنسية، أن «سيارة مفخخة انفجرت بالقرب من مقر حاكم كابل».,EVENT
AAW_ARB_20071228.0012-57,كما تأتي هجمات الامس الانتحارية في رواالبندي، بعد مضي أقلّ من أسبوعين على إلغاء حالة الطوارئ، تحت ضغط داخلي ودولي، من قبل الرئيس الباكستاني مشرف، الذي اعتبرها، عند إعلانها، ضرورية لحماية بلاده من هجمات الإرهابيين.,EVENT
AAW_ARB_20080716.0009-30,وقال مصدر في وزارة الدفاع ان «28 شخصا على الاقل قتلوا وأصيب نحو 55 آخرين بجروح، جميعهم من المتطوعين للجيش العراقي جراء هجوم انتحاري مزدوج بحزامين ناسفين».,EVENT
AAW_ARB_20070204.0031-6,وقال الميجر جنرال شوكت سلطان المتحدث باسم الجيش: «صدم مهاجم ينفذ هجوما انتحاريا سيارته بالقافلة ودمر سيارة واحدة وقتل جنديين».,EVENT
AAW_ARB_20080312.0018-9,كما أعلن مصدر أمني عراقي مقتل ثمانية من قوات الأمن ومجالس الصحوة التي تحارب شبكة «القاعدة» وإصابة 13 آخرين بجروح في هجوم انتحاري بسيارة مفخخة استهدف أمس حاجزا مشتركا في بلدة الضلوعية، شمال بغداد.,EVENT
AAW_ARB_20081205.0035-6,من ناحية ثانية، اعلن الجيش الاميركي مقتل اثنين من جنوده واصابة تسعة عراقيين بجروح في هجوم انتحاري بواسطة سيارة مفخخة بعد ظهر أمس في الموصل.,EVENT
AAW_ARB_20070819.0023-18,وقالت الشرطة في ولاية قندهار الجنوبية، ان مسلحين خطفوا أربعة مهندسين في الولاية في وقت سابق من يوم أمس.,EVENT
AAW_ARB_20081129.0030-12,وتعرضت الحسينية ذاتها، في يوليو (تموز) 2005 الى هجوم انتحاري بشاحنة وقود مفخخة، اسفر عن مقتل 71 شخصا واصابة اكثر من 150 اخرين بجروح.,EVENT
AAW_ARB_20080208.0042-5,وفي بلدة «بيت حانون شمال غزة، اطلقت القوات الاسرائيلية المتمركزة شرق القطاع صاروخ ارض ـ ارض على المدرسة الزراعية شرق البلدة فقتلت المدرس هاني شعبان نعيم 40 عاما، وإصابة ثلاثة طلاب بجراح.,EVENT
AAW_ARB_20070703.0043-1,قتل وجرح سبعة عشر سائحا اسبانيا في هجوم انتحاري في معبد بلقيس بمأرب شرق اليمن امس.,EVENT
AAW_ARB_20070119.0012-5,كما قتل اربعة اشخاص، بينهم عنصران من الشرطة، واصيب ما لا يقل عن 15 اخرين، في انفجار سيارة مفخخة كانت متوقفة امام سينما السندباد في شارع السعدون وسط بغداد، وفقا للمصادر.,EVENT
AAW_ARB_20081117.0046-3,وقال الرائد حسن الكروي من الشرطة ان «هجوماً انتحارياً بسيارة مفخخة استهدف نقطة تفتيش للشرطة، وادى الى مقتل 15 شخصا؛ بينهم سبعة من الشرطة واصابة عشرين آخرين بجروح»، حسبما افادت به وكالة الصحافة الفرنسية.,EVENT
AAW_ARB_20071121.0051-8,يذكر ان امس شهد سلسلة عمليات فلسطينية مكثفة، حيث أطلقت 5 صواريخ «قسام»، سقط أحدها في منطقة مفتوحة في مدينة عسقلان، و18 قذيفة مدفعية.,EVENT
AAW_ARB_20080110.0023-9,كما هاجم مفجرون انتحاريون سياسيين بينهم زعيمة المعارضة بي نظير بوتو التي اغتيلت في هجوم بالأسلحة والقنابل يوم 27 ديسمبر الماضي.,EVENT
AAW_ARB_20080102.0012-3,وأضافت ان عملية التفجير أسفرت عن مقتل 30 شخصا وأن 38 شخصا آخرين أصيبوا بجراح، حسبما أفادت وكالة رويترز.,EVENT
AAW_ARB_20080914.0044-2,فيما أكد وزير الزراعة في الحكومة المقالة ان تل ابيب تفرض حصاراً بحرياً على القطاع وتنكل بالصياديين الفلسطينيين، داعيا الدول العربية والجوار للإبحار إلى شواطئ غزة لكسر الحصار.,EVENT
AAW_ARB_20070704.0029-1,كابل ـ روما ـ ا.ف.ب: قال متحدث باسم التحالف الدولي في افغانستان ان عملية انتحارية بسيارة مفخخة استهدفت امس قافلة لقوات التحالف بقيادة اميركية قرب كابل من دون ان تسفر عن سقوط ضحايا.,EVENT
AAW_ARB_20070417.0014-6,وفي الإسحاقي (100 كم شمال بغداد)، أعلنت الشرطة «مقتل ثلاثة أشخاص وإصابة ستة آخرين بجروح في انفجار سيارة مفخخة» بعد ظهر الاثنين عند مدخل مركز الشرطة.,EVENT
AAW_ARB_20070105.0014-6,وقال اللواء عبد الكريم خلف، مدير مركز القيادة الوطنية في وزارة الداخلية، في مؤتمر صحافي أمس: «مديريات عموم العراق خلال الاسبوع الماضي قتلت 47 ارهابياً، وضبطت كميات كبيرة من الاسلحة والمتفجرات».,EVENT
AAW_ARB_20080401.0029-21,من ناحية ثانية، قالت الشرطة العراقية ان المنطقة الخضراء المحصنة في بغداد التي تحوي مقار الحكومة والسفارة الاميركية، تعرضت لهجوم بقذائف المورتر.,EVENT
AAW_ARB_20080114.0045-5,وأعلن الجيش الامريكي في وقت لاحق أن قواته قتلت مسلحا خلال عمليات في العاصمة.,EVENT
AAW_ARB_20080930.0016-29,وأدت العملية الى مقتل 17 شخصا وجرح أكثر من 14 آخرين، بينهم أطفال ونساء، فيما أشارت مصادر مطلعة الى أن عدد الجرحى هو ضعف العدد المذكور، إذ أن كثيرا من السكان في محيط موقع التفجير أصيبوا في منازلهم جراء تحطم زجاج النوافذ.,EVENT
AAW_ARB_20080117.0004-1,واصلت اسرائيل اعمال القتل في قطاع غزة والضفة الغربية، وراح ضحية اعتداءاتها امس 7 فلسطينيين، ليصل عدد الضحايا في غضون 36 ساعة الى 26، اضافة الى عشرات الجرحى.,EVENT
AAW_ARB_20071012.0020-8,من ناحية ثانية، اعلن الجيش الاميركي ان 13 شخصا يشتبه في انتمائهم لجماعات مسلحة، بينهم ثلاثة أعضاء في تنظيم «القاعدة» مسؤولون عن اغتيال رجل دين عربي سني، قتلوا في ضربة جوية أميركية، حسبما افادت به وكالة رويترز.,EVENT
AAW_ARB_20061105.0046-1,اعلن عضو في الاتحاد الوطني الكردستاني الذي يتزعمه الرئيس طالباني، مقتل خمسة من فريق الحماية التابع للرئيس العراقي في انفجار عبوة ناسفة عند مرور سيارتهم قرب كركوك.,EVENT
AAW_ARB_20081202.0027-8,وفي الموصل، أفادت الشرطة بمقتل 15 شخصا على الأقل وإصابة 30 آخرين بجروح في هجوم انتحاري بسيارة مفخخة استهدف دورية مشتركة للقوات العراقية والاميركية وسط المدينة.,EVENT
AAW_ARB_20080715.0018-6,وطلبت قوات مدافعة قوامها بين 100 و150 توجيه ضربات جوية باستخدام طائرات هليكوبتر وطائرات حربية في القتال الذي استمر حتى بعد الظهيرة».,EVENT
AAW_ARB_20080822.0027-9,وكان انتحاريان قد فجرا نفسيهما امام مصنع عسكري للسلاح شمال باكستان امس، مما ادى الى مقتل 59 شخصا على الاقل، في هجوم يزيد من ضعف الائتلاف الحاكم الذي تشله خلافات داخلية.,EVENT
AAW_ARB_20070301.0012-23,وفي حادث منفصل، اعلن مصدر امني «مقتل اثنين من عناصر الشرطة واصابة ثلاثة في تفجير سيارة مفخخة يقودها انتحاري».,EVENT
AAW_ARB_20070326.0033-11,من جهة أخرى، قالت الشرطة ان مسلحين هاجموا مسجدا سنيا جنوب بغداد، أمس، وأضرموا فيه النار في هجوم انتقامي بعد يوم من هجوم انتحاري بشاحنة ملغومة قرب مسجد شيعي بنفس المنطقة.,EVENT
AAW_ARB_20080124.0018-3,وانفجرت خمس قذائف هاون في موقع غير بعيد من مقر اقامة رئيس وزراء الصومال نور عدي الذي من المقرر ان يجتمع في وقت لاحق مع سعيد جينيت مفوض الاتحاد الافريقي للسلم والامن.,EVENT
AAW_ARB_20070302.0045-33,ونفذ الجيش الباكستاني ضربة جوية على مجمعات يستخدمها متشددون في جبال وزيرستان في منتصف يناير (كانون الثاني) أعقبتها هجمات انتحارية أدت الى مقتل 45 شخصا.,EVENT
AAW_ARB_20070105.0014-1,قتل 13 عراقياً واصيب 22، في انفجارين متتاليين قرب محطة للوقود في حي المنصور الراقي في العاصمة العراقية أمس، فبعد تفجير عبوة ناسفة على الطريق، احتشد المارة لمساعدة الجرحى، انفجرت سيارة مفخخة في الموقع نفسه، في محاولة لقتل اكبر عدد ممكن من المدنيين.,EVENT
AAW_ARB_20080916.0011-17,وتزامنت هذه الاحداث مقتل واصابة نحو 100 شخص في بغداد وديالى إذ فجرت انتحارية نفسها وسط مأدبة افطار في بلدة بلدروز بمحافظة ديالى، مما اسفر عن مقتل وإصابة 50 شخصا على الأقل.,EVENT
AAW_ARB_20070211.0026-6,وقال أحد مشايخ القبائل المشارك في محادثات المصالحة، انه في الوقت ذاته أطلقت قذيفتان (آر.بي.جي) في شمال المدينة، مما أسفر عن تفجير مطعم فندق ومقتل فتاة صغيرة واصابة نادل.,EVENT
AAW_ARB_20080703.0001-1,بعد قرابة 4 اشهر عادت العمليات الى القدس، اذ قام فلسطيني في العشرينات من العمر من سكان القدس الشرقية اسمه تيسير دويات، بقيادة «البلدوزر» بعكس السير في شارع يافا قرب سوق محنية الذي شهد العديد من العمليات الانتحارية في القدس الغربية، فجرف سيارات خاصة وحافلتين وأثار الرعب في اوساط المارة الذين تراكضوا في كل اتجاه طلبا للنجاة.,EVENT
AAW_ARB_20070311.0017-1,في تحد للاجراءات الامنية المشددة التي تعم بغداد في مناسبة انعقاد مؤتمر الامن الاقليمي، لقي 26 شخصا بينهم ستة جنود عراقيين واصابة 45 اخرين بجروح في هجوم انتحاري بسيارة مفخخة ظهر امس في مدينة الصدر شرق بغداد.,EVENT
AAW_ARB_20081116.0037-1,سقط عشرات العراقيين بين قتيل وجريح بانفجار سيارة مفخخة وسط مدينة تلعفر القريبة من الحدود السورية، على بعد 450 كلم شمال بغداد، حسبما اعلنت الشرطة العراقية أمس.,EVENT
AAW_ARB_20070801.0031-10,وفي البصرة أعلنت الشرطة أن مسلحين مجهولين اختطفوا نقيب الصيادلة في المدينة أثناء عودته من عمله وسط المدينة مساء اول من امس.,EVENT
AAW_ARB_20080821.0013-3,ووقع الهجوم فجر امس في منطقة كيلو 4 الواقعة علي الطريق بين القصر الرئاسي ومطار مقديشو حيث تتمركز فيها القوات الأفريقية.,EVENT
AAW_ARB_20080827.0039-12,واوضح المصدر ان «سيارة مفخخة متوقفة امام مديرية صحة صلاح الدين انفجرت عند الساعة 30.,EVENT
AAW_ARB_20070415.0047-96,10 أبريل (نيسان) 2007 فجر 3 انتحاريين أنفسهم بينما قتل الرابع برصاص رجال الأمن في الدار البيضاء، فيما قتل رجل أمن وأصيب آخر بجروح خطيرة.,EVENT
AAW_ARB_20081012.0028-13,وقال غسان دغلس مسؤول الشؤون القروية في محافظة نابلس «ان العشرات من مستوطني براخة هاجموا المواطنين من قرية كفر قليل جنوب نابلس، واعتدوا عليهم بالضرب ورشقهم بالحجارة، مما أدى الى إصابة عدد منهم».,EVENT
AAW_ARB_20071228.0042-1,قتلت القوات الاميركية 11 مسلحا، قالت انهم ينتمون الى جماعة منشقة عن «جيش المهدي»، التابع للزعيم الشيعي مقتدى الصدر، في عملية فجر امس بمدينة الكوت، مركز محافظة واسط التي تقع جنوب شرق بغداد.,EVENT
AAW_ARB_20080824.0026-3,وكان التحالف الدولي ذكر امس، ان ثلاثين متمردا قتلوا في مواجهات مع قوات الأمن الأفغانية والدولية وفي ضربات جوية في منطقة شينداند.,EVENT
AAW_ARB_20070804.0030-13,وأوضح بيان الجيش أن «ثلاثة جنود أميركيين قتلوا وأصيب 11 آخرون بجروح بانفجار عبوة ناسفة استهدفت دورية كانت تقوم بمهام أمنية في شرق بغداد الخميس».,EVENT
AAW_ARB_20070820.0025-1,قال مسؤولون امس إن أربعة من حراس الأمن الأفغان قتلوا في هجوم انتحاري في جنوب أفغانستان، فيما قتل جندي من حلف شمال الاطلسي (ناتو) في حادث منفصل في نفس المنطقة.,EVENT
AAW_ARB_20070320.0048-7,واستهدف هجوم انتحاري بسيارة مفخخة، امس، موكبا لسفارة الولايات المتحدة في كابل، مما ادى الى جرح عدد من موظفيها اصابة احدهم خطيرة، على ما اعلنت السفارة الاميركية في العاصمة الافغانية.,EVENT
AAW_ARB_20070228.0001-9,وأفادت المصادر بأن «خمسة مدنيين قتلوا وأصيب تسعة آخرون في انفجار سيارة مفخخة استهدف موكبا رسميا لشخصية سياسية في منطقة الكرادة ذات الغالبية الشيعية»، مؤكدة أن الشخصية لم تصب بأذى، حسب وكالة الصحافة الفرنسية.,EVENT
AAW_ARB_20070520.0056-2,وقال نائب مفوض الشرطة شودري محمد علي لوكالة الأنباء الألمانية إن «تلاميذ مولانا عبد العزيز احتجزوا أربعة من شرطة إسلام آباد رهائن» منذ مساء أول من أمس.,EVENT
AAW_ARB_20080424.0033-11,وقال العميد خالد عبد الستار الناطق باسم خطة فرض القانون في الموصل، ان «شخصين قتلا واصيب حوالي تسعة اخرين بجروح جراء هجوم انتحاري بحزام ناسف اعقبه انفجار سيارة مفخخة وسط الموصل».,EVENT
AAW_ARB_20080108.0005-1,استهدف هجومان انتحاريان وسيارة ملغومة عددا من عناصر «صحوة الاعظمية» في بغداد، أمس، مما أدى الى مقتل رئيس التنظيم العقيد رياض السامرائي فضلا عن مقتل وإصابة العشرات.,EVENT
AAW_ARB_20070627.0063-16,ويقول نصر انه تعرض خلال الاستجواب في مصر للتعذيب بالصدمات الكهربائية والضرب والانتهاكات الجنسية.,EVENT
AAW_ARB_20070318.0028-21,وقال مصدر امني ان «شخصين قتلا وأصيب خمسة آخرون بجروح في هجوم انتحاري بسيارة مفخخة»، مشيرا الى ان «الهجوم استهدف نقطة للتفتيش في منطقة الحارثية (غرب بغداد) بعيد الظهر»، حسبما أفادت وكالة الصحافة الفرنسية.,EVENT
AAW_ARB_20070330.0038-3,وذكرت المصادر أن قوة إسرائيلية مكونة من عدة آليات عسكرية اقتحمت البلدة فجراً، وحاصرت منزل ربيع عصاعصه الناشط في كتائب الأقصى ـ الجناح العسكري لحركة فتح، إلا أنه فر من منزله، فشن الجنود الإسرائيليون حملة تفتيش واسعة في البلدة بحثاً عنه، دارت خلالها مواجهات بالحجارة بين عشرات الشباب والجنود الإسرائيليين الذين أطلقوا النار بكثافة على راشقي الحجارة، فقتلوا عصاعصه بعد إصابته برصاصة في رأسه ووقوع الإصابتين.,EVENT
AAW_ARB_20070124.0038-5,وأدى انفجار سيارة مفخخة في منطقة الصدرية وسط بغداد الى «مقتل شخص وإصابة 11 آخرين بجروح»، حسب مصدر في الشرطة.,EVENT
AAW_ARB_20070222.0012-2,من ناحية ثانية، قتل عراقيان في ثاني تفجير لصهريج مفخخ محمل بغاز الكلور، فيما اعلن الجيش الاميركي مقتل اثنين من جنوده في عمليات قتالية بمحافظة الانبار.,EVENT
AAW_ARB_20080130.0044-10,وفي الموصل (370 كلم شمال بغداد)، أعلن الجيش الاميركي مقتل شخص وإصابة 15 آخرين في هجوم انتحاري بسيارة مفخخة استهدف دورية للجيش الاميركي وسط المدينة.,EVENT
AAW_ARB_20081031.0026-1,انفجرت سيارة مفخخة بعيد الساعة الحادية عشرة من صباح أمس في موقف السيارات التابع لجامعة نابارا (شمال البلاد) واسفرت عن إصابة 17 فردا بجروح طفيفة.,EVENT
AAW_ARB_20080314.0023-1,اعلنت مصادر رسمية مقتل ستة مدنيين افغان امس وجرح 37 شخصا بينهم اربعة جنود اميركيين في هجوم انتحاري بسيارة مفخخة استهدف موكبا لقوات اجنبية على طريق مطار كابل وتبنته حركة طالبان.,EVENT
AAW_ARB_20070107.0002-8,كما اصيب مدير مكتب وزير الداخلية في رام الله ايهاب سليمان غيظان بجروح خطرة في القدمين اثر اطلاق نار على قدميه بعد محاولة خطفه من امام مكتبه في البيرة في الضفة الغربية.,EVENT
AAW_ARB_20071004.0021-1,في تطور يشكل نكسة لجهود العراق لإقناع دول العالم بفتح سفارات لديه، أصيب سفير بولندا أمس عندما تعرضت قافلته الدبلوماسية لهجوم بعدة قنابل في وسط بغداد في ما وصفه مسؤولون بولنديون بأنه محاولة اغتيال.,EVENT
AAW_ARB_20080305.0028-4,والى الشرق من حي «الشجاعية»، شرق مدينة غزة، اطلقت طائرة استطلاع بدون طيار صاروخاً على مجموعة من المقاومين كانوا يتحركون شرق حي الشجاعية، الأمر الذي ادى الى مقتل احد عناصر كتائب القسام، الجناح العسكري لحركة حماس، ويدعى اسعد القهوجي، 23 عاماً.,EVENT
AAW_ARB_20080314.0023-11,اما الهجوم الاكثر دموية الذي نفذته طالبان في العاصمة فأسفر عن ثمانية قتلى بينهم ثلاثة اجانب ووقع في 14 يناير (كانون الثاني) في فندق سيرينا الفخم المحاط بحماية امنية مشددة.,EVENT
AAW_ARB_20080321.0036-7,وقتل شخص واصيب 13 آخرون بجروح في تفجير انتحاري بسيارة مفخخة في العاشر من الشهر الجاري امام فندق بالاس في السليمانية.,EVENT
AAW_ARB_20070617.0053-4,وذكرت صحيفة «دون» (الفجر) أن وزارة الداخلية في إقليم السند قالت في بيان إن الهجوم نفذه انتحاري يدعى محمد صديق وهو عضو في جماعة صغيرة مرتبطة بمنظمة إسلامية محظورة تسمى «عسكر جنقوي».,EVENT
AAW_ARB_20070920.0027-1,قبل اقل من اسبوع على موعد الجلسة النيابية الاولى لمحاولة انتخاب رئيس جديد للبنان، امتدت يد «الارهاب السياسي» لتطال النائب انطوان غانم الذي قتل مع 9 مواطنين آخرين على الاقل في تفجير سيارة مفخخة لدى مرور موكبه في محلة مستديرة الحايك بمنطقة سن الفيل (شرق بيروت) عصر امس.,EVENT
AAW_ARB_20071002.0042-8,وقال العميد سعيد احمد الجبوري المتحدث باسم شرطة المحافظة ان «استاذا جامعيا يعمل في جامعة الموصل قتل واصيب ستة اشخاص بينهم اربعة طلبة بجروح اثر انفجار سيارة مفخخة استهدفت دورية للشرطة قرب جامعة الموصل في حي المجموعة الثقافية شمال المدينة».,EVENT
AAW_ARB_20071026.0012-87,ففي 9 يونيو أطلق بعض الفدائيين النار على المقر الرئيسي للاستخبارات في العاصمة عمان وأصر الملك حسين على التوجه إلى موقع مسرح الهجوم، وتعرضت قافلة الملك لإطلاق نار مكثف أسفر عن مقتل أحد حراسه.,EVENT
AAW_ARB_20061118.0023-2,"واختطف 9 عراقيين في العملية، لكن تم إطلاق سراحهم لاحقا واحتفظ بالأجانب الخمسة, فيما اعلن لاحقا مقتل الرهينة النمساوي وتحرير رهينتين من الأجانب.",EVENT
AAW_ARB_20070424.0013-11,وقال مسؤول الاعلام في الحزب عبد الغني علي ان «سيارة مفخخة انفجرت قرب مقر حزبنا (بزعامة رئيس اقليم كردستان مسعود بارزاني) في تل اسقف (30 كلم شمال الموصل) مما اسفر عن مقتل عشرة اشخاص في الاقل واصابة عشرين آخرين».,EVENT
AAW_ARB_20071028.0019-4,كما قتل احد عناصر الشرطة وأصيب خمسة آخرون بجروح في هجومين بعبوات ناسفة استهدفا دوريتين للشرطة، جنوب كركوك وشرقها، وفقا لمصدر في الشرطة.,EVENT
AAW_ARB_20080921.0027-1,قال ضابط رفيع في الشرطة، ان 60 شخصا قتلوا وجرح 200 على الاقل امس في ما يشتبه بأنه هجوم انتحاري بسيارة ملغومة على فندق ماريوت في العاصمة الباكستانية اسلام أباد وقع بعد آذان المغرب بـ10 دقائق وان من المتوقع أن يرتفع العدد أكثر من ذلك.,EVENT
AAW_ARB_20070314.0114-9,في الأسبوع الماضي تفجرت سيارة مفخخة في شارع المتنبي، تاركة مشهدا بات مألوفا في بغداد.,EVENT
AAW_ARB_20070527.0038-9,ونقل عن شهود عيان القول إن الطائرات الاسرائيلية اطلقت صباح امس خمسة صواريخ على الموقع، الذي دمر بالكامل.,EVENT
AAW_ARB_20070220.0017-3,وأضاف البيان، الذي أوردته وكالة الصحافة الفرنسية، أن «المتمردين شنوا الهجوم على الموقع بسيارة مفخخة يقودها انتحاري».,EVENT
AAW_ARB_20071012.0037-2,وكان الجيش قد اعلن ان نحو 200 مسلح اسلامي ونحو 50 جنديا باكستانيا قتلوا بين الاحد والثلاثاء في ضربات جوية واشتباكات على الارض في اقليم شمال وزيرستان.,EVENT
AAW_ARB_20071002.0051-3,وقال المتحدث العسكري الميجر جنرال وحيد ارشاد ان 11 مدنيا وأربعة من رجال الشرطة قتلوا في التفجير الانتحاري الذي وقع في البلدة الموجودة في الإقليم الحدودي الشمالي الغربي.,EVENT
AAW_ARB_20070814.0030-15,وأدى هجوم انتحاري بسيارة مفخخة في ابريل (نيسان) الماضي الى مقتل 71 شخصا وإصابة 178 بينهم نساء وأطفال.,EVENT
AAW_ARB_20061115.0044-30,وفي تكريت، أسفر انفجار سيارة ملغومة في وسط المدينة، عن إصابة عشرة بينهم ثلاثة من رجال الشرطة.,EVENT
AAW_ARB_20071219.0043-1,اعلنت مصادر امنية وأخرى طبية عراقية مقتل اربعة اشخاص وإصابة سبعة آخرين بجروح في انفجار سيارة مفخخة وسط بغداد أمس.,EVENT
AAW_ARB_20081110.0023-10,وفي مدريد قال متحدث باسم الجيش الاسباني ان جنديين اسبانيين قتلا واصيب ثالث بجراح خطيرة في هجوم انتحاري امس بجنوب اقليم هرات غرب افغانستان.,EVENT
AAW_ARB_20080922.0032-21,ـ 10: قتل 20 شخصا على الأقل وحوالي 30 جريحا في هجوم بقنبلة يدوية وأسلحة خفيفة على مسجد في منطقة دير المحاذية لأفغانستان.,EVENT
AAW_ARB_20071231.0042-5,كما تعرضت ثكنة الغلاوية في الشمال لاعتداء أسفر عن مقتل ثلاثة جنود، وقد تبناه «تنظيم القاعدة في بلاد المغرب الإسلامي».,EVENT
AAW_ARB_20081110.0023-3,وقتل 150 مدنيا افغانيا على الاقل في سلسلة من الضربات الجوية الاميركية التي اخطأت اهدافها مما قوض تأييدا عاما لاستمرار وجود اكثر من 60 الفا من القوات التي يقودها حلف شمال الاطلسي وقوات التحالف بقيادة الولايات المتحدة في افغانستان.,EVENT
AAW_ARB_20080218.0020-1,اسفر هجوم انتحاري نفذته امرأة أمس في سوق الكرادة وسط بغداد عن مقتل ثلاثة على الإقل وإصابة أربعة في أحدث هجوم من نوعه تنفذه امرأة.,EVENT
AAW_ARB_20080507.0007-4,ونقلت وكالة الصحافة الفرنسية عن الخبيرة قولها ان 12 امرأة نفذت عمليات انتحارية في العراق في الاشهر الثلاثة الاولى من العام الجاري مقابل 11 امرأة بين 2003 و2007 .,EVENT
AAW_ARB_20080220.0024-51,وخلال تنقلهم في سيارة في المدينة اصاب صاروخ اسرائيلي السيارة وقتلهم جميعاً.,EVENT
AAW_ARB_20070910.0054-23,أطلقت بعد حلول الليل طائرة بلا طيار من نوع بريداتور وتوجهها «سي.آي.ايه»، صواريخ على بيتين في قرية دمادولا التي تقع شمال شرقي باكستان، على بعد أميال قليلة من الحدود مع أفغانستان.,EVENT
AAW_ARB_20080817.0009-9,من ناحية ثانية، أعلنت مصادر امنية وأخرى طبية عراقية مقتل ستة اشخاص وإصابة 11 آخرين في انفجار سيارة مفخخة استهدف امس الزوار الشيعة في بغداد الذين كانوا في طريقهم الى كربلاء.,EVENT
AAW_ARB_20070418.0033-14,في تطور اخر قالت مصادر فلسطينية إن وحدة اسرائيلية خاصة اغتالت قبل ظهر امس الثلاثاء ناشطاً في كتائب الاقصى من بلدة قباطية شرق مدينة جنين، اقصى شمال الضفة.,EVENT
AAW_ARB_20081122.0039-12,وكان نفس الإقليم الحدودي، قد تعرض لقصف صاروخي في وقت سابق الأربعاء، أسفر عن سقوط خمسة قتلى على الأقل وإصابة سبعة آخرين.,EVENT
AAW_ARB_20080219.0002-16,وقتل مهاجم انتحاري 47 شخصا في هجوم على انصار زعيمة المعارضة الراحلة بي نظير بوتو يوم السبت.,EVENT
AAW_ARB_20080718.0008-14,وكان الوحيدي أطلق عدة أعيرة نارية على مجموعة اعتقد انهم سياح غربيون في منطقة المدرج الروماني وسط عمان حيث كانت جوقة الكسليك اللبنانية قد احيت أمسية موسيقية لبنانية ـ أردنية نظمها المعهد الوطني للموسيقى فأصاب ستة بجروح ثم حاول الانتحار اثناء القاء القبض عليه.,EVENT
AAW_ARB_20080719.0047-9,فاطلقت النار باتجاهها ما ادى الى مقتل شخص وجرح اثنين من الركاب، تم نقلهم الى المستشفى الاسلامي.,EVENT
AAW_ARB_20070215.0004-2,وقالت وكالة أنباء الجمهورية الإسلامية الإيرانية إن سيارة مفخخة فجرت حافلة مملوكة للحرس الثوري.,EVENT
AAW_ARB_20071101.0065-9,واشتعل القتال يوم الخميس الماضي عندما أسفر تفجير انتحاري استهدف سيارات تابعة للجيش عن سقوط 21 قتيلا.,EVENT
AAW_ARB_20070808.0020-6,وقتل اول من امس 4 جنود إثيوبيين في هجوم شنه مسلحون صوماليون مجهولون، على ثكنة للقوات الإثيوبية في منطقة «اكس كونترول» بشمال شرقي مقديشو.,EVENT
AAW_ARB_20061114.0014-7,وكان الجيش الاميركي قد أعلن أمس مقتل اثنين من جنوده، واصابة اثنين، في هجوم انتحاري في محافظة صلاح الدين، شمال بغداد أول من أمس.,EVENT
AAW_ARB_20070419.0012-16,وفي هجوم اخر، اكد مصدر عسكري «مقتل اربعة من عناصر الشرطة وإصابة ستة اشخاص بجروح في هجوم انتحاري بسيارة مفخخة استهدف دورية للشرطة في منطقة عوريج (غرب)».,EVENT
AAW_ARB_20080602.0047-24,ثلاثة جرحى في تفجير لـ«إيتا» في منطقة الباسك  * مدريد ـ «الشرق الاوسط»: أعلنت سلطات اقليم الباسك ان قنبلة انفجرت امس شمال اسبانيا، مما اسفر عن اصابة ثلاثة اشخاص بجروح طفيفة بعد اتصال اجرته منظمة «ايتا» المسلحة الانفصالية للتحذير عن هذا الهجوم.,EVENT
AAW_ARB_20070718.0031-19,كذلك، أعلنت الشرطة ان عشرة على الأقل قتلوا في هجوم انتحاري بسيارة ملغومة استهدف دورية للجيش العراقي في شرق بغداد.,EVENT
AAW_ARB_20070810.0015-11,وكانت فرقة مظلية من قوات مكافحة الإرهاب قد قتلت أول من أمس أربعة من المتهمين بالهجوم الانتحاري الذي نفذته خلية من «القاعدة» على قافلة سياحية في معبد بلقيس القريب من مدينة مأرب .,EVENT
AAW_ARB_20080702.0022-9,كما قال مصدر أمني في شرطة محافظة ديالى إن شرطيا قتل بانفجار سيارة مفخخة استهدفت نقطة تفتيش تابعة للشرطة في قرية الندة التابعة لقضاء خانقين (155 كم شمال شرق بعقوبة)، ما أسفر عن مقتل شرطي وإصابة 18 بينهم ثمانية من أفراد الشرطة.,EVENT
AAW_ARB_20080721.0027-4,واوضح ان القوات الاجنبية امرت بضربات جوية على مركز الشرطة اسفرت عن مقتل تسعة من رجال الشرطة واصابة اربعة اخرين بينهم رئيس شرطة المقاطعة.,EVENT
AAW_ARB_20080331.0046-9,وفي بيجي، قال ضابط في الشرطة إن خمسة اشخاص على الأقل قتلوا وأصيب حوالي تسعة بجروح في هجوم انتحاري بسيارة مفخخة استهدفت قوات الصحوة.,EVENT
AAW_ARB_20080427.0008-4,الى ذلك، قال مصدر أمني إن انتحاريا يقود سيارة مفخخة فجر نفسه قرب مقر للصحوة في شارع العمل الشعبي في منطقة العامرية بعد ظهر أمس «مما أسفر عن مقتل اثنين من مجلس أعيان الصحوة، وإصابة ثمانية آخرين، بينهم ابو العبد قائد صحوة العامرية».,EVENT
AAW_ARB_20081123.0032-8,وكان مسؤول في اجهزة الامن الباكستانية قد اعلن في وقت سابق امس مقتل ما لا يقل عن ثلاثة مسلحين اسلاميين في المناطق القبلية شمال غربي باكستان في غارة شنتها طائرة بدون طيار تابعة للقوات الاميركية التي تقاتل طالبان في افغانستان المجاورة.,EVENT
AAW_ARB_20070301.0012-16,من جانب آخر، أفاد قاسم دخيل مسؤول الادارة المحلية لمدينة سنجار (80 كلم غرب الموصل) بأن مسلحين فجروا في وقت مبكر من صباح أمس الطريق الرئيسي الذي يربط المدينة بالمناطق المجاورة لها.,EVENT
AAW_ARB_20070107.0002-7,وطاولت عمليات الخطف اثنين من المسؤولين في حماس، ففي نابلس قام مسلحون مقنعون بخطف نائب رئيس البلدية مهدي حنبلي من سيارته، ولم يعرف اي شيء عن مصيره.,EVENT
AAW_ARB_20080119.0040-2,وأكد شهود عيان لـ«الشرق الأوسط»، أن أكثر من عشرين قذيفة هاون وصاروخ انطلقت من منطقة الفيحاء في الضفة الشرقية لشط العرب باتجاه قاعدة المطار، أعقبها بقليل صوت انفجارات لقنابل طائرات عسكرية أطلقت قذائفها على مكان قريب من إطلاق القذائف.,EVENT
AAW_ARB_20071029.0012-5,من ناحية ثانية، قتل سبعة اشخاص واصيب 25 اخرون بجروح في هجوم انتحاري بسيارة مفخخة استهدفت مدنيين.,EVENT
AAW_ARB_20080117.0015-3,وقال اللواء الركن عبد الكريم الربيعي قائد عمليات ديالى، ان «انتحارية ترتدي حزاما ناسفا فجرت نفسها في بلدة خان بني سعد (50 كلم شمال شرق بغداد) ما اسفر عن مقتل ثمانية اشخاص على الاقل واصابة سبعة اخرين».,EVENT
AAW_ARB_20061113.0017-1,قتل 58 شخصا وأصيب عشرات آخرون أمس في أعمال عنف متفرقة في العراق، كان أشدها عنفا هجوم انتحاري مزدوج استهدف مركزا للمتطوعين في الشرطة العراقية في غرب بغداد.,EVENT
AAW_ARB_20081218.0036-2,وقال مصدر امني عراقي ان «ثمانية اشخاص على الاقل قتلوا واصيب حوالى 43 اخرين بجروح جراء انفجار سيارة مفخخة مركونة عند مقر لشرطة المرور تبعها انفجار عبوة ناسفة، قرب مستشفى الكندي» في جانب الرصافة شرق نهر دجلة، وسط بغداد.,EVENT
AAW_ARB_20080802.0016-17,وقال العقيد فراس العبيدي من الشرطة ان «جنديين عراقيين قتلا بانفجار عبوة ناسفة استهدفت دوريتهما في ناحية الرشاد (45 كلم جنوب كركوك)».,EVENT
AAW_ARB_20071231.0022-38,* 27 يوليو: مقتل 13 معظمهم من أفراد الشرطة في هجوم انتحاري بقنبلة في مطعم قرب المسجد الأحمر بإسلام أباد.,EVENT
AAW_ARB_20080421.0041-14,وأفادت وزارة الداخلية في الباسك بأن الحادث الذي وقع عندما انفجرت قنبلة أمام مكاتب الحزب في بلدة إلجويبار الصغيرة بالقرب من سان سباستيان، لم يسفر عن وقوع أي إصابات.,EVENT
AAW_ARB_20070328.0048-4,كذلك، تعرضت قاعدة تابعة للجيش في شرق الجزيرة أمس الى هجوم انتحاري، نسب الى المتمردين التاميل، واسفر عن مقتل اربعة جنود على الاقل وجرح 10 آخرين.,EVENT
AAW_ARB_20081025.0029-8,وكانت رئيسة الوزراء السابقة، بي نظير بوتو، قد قتلت في هجوم انتحاري في مدينة روالبندي في ديسمبر (كانون الاول).,EVENT
AAW_ARB_20080328.0031-7,ويبدو ان الجيش الاسرائيلي كان يرصد تحركاتهم، فما أن انتهوا من عملهم واستقلوا سيارتهم، حتى هاجمتهم قوة من وحدة المستعربين وقتلتهم جميعا.,EVENT
AAW_ARB_20070507.0025-1,واعلنت مصادر أمنية عراقية، أمس، مقتل 42 شخصا وإصابة عشرات آخرين بجروح، في انفجار سيارة مفخخة قرب سوق شعبي في حي البياع (جنوب غرب العاصمة).,EVENT
AAW_ARB_20081122.0039-8,واول من امس لقي سبعة أشخاص على الأقل مصرعهم وأُصيب ستة آخرون في هجوم انتحاري داخل أحد المساجد في شمال غرب باكستان، بينما كان العشرات مجتمعين في المسجد لأداء الصلاة.,EVENT
AAW_ARB_20080808.0018-7,ونقلت وكالة أنباء الاناضول عن شهود ان اشخاصا مختبئين خلف اشجار المقبرة عمدوا الى القاء المتفجرات.,EVENT
AAW_ARB_20080918.0038-6,ـ 30 ديسمبر (كانون الاول) 2002: مقتل ثلاثة اطباء اميركيين واصابة رابع بجروح في هجوم مسلح نفذه متطرف اسلامي ضد مستشفى للكنيسة المعمدانية في جنوب صنعاء.,EVENT
AAW_ARB_20080515.0011-27,وأشارت المصادر الى ان المزارع ابراهيم صالحة، عشرين عاماً، قتل بينما كان يقوم بفلاحة أرضه، في حين قتل باسم عاشور من كتائب القسام، الجناح العسكري لحركة حماس، عندما كان يتصدى للقوات الاسرائيلية في منطقة «جبل الكاشف» شرق جباليا.,EVENT
AAW_ARB_20061116.0068-29,كما خطف مسلحون قبل خمسة ايام، عددا من الاشخاص في ما يسمى بـ«مثلث الموت» جنوب بغداد، حيث تكثر عمليات الخطف والقتل.,EVENT
AAW_ARB_20070509.0035-30,وفي الديوانية (180 كم جنوب) قتل أحد عناصر الشرطة بنيران مسلحين مجهولين وسط الديوانية، بحسب مصدر في الشرطة.,EVENT
AAW_ARB_20080923.0005-1,أعلنت القنصلية الافغانية ان مجهولين خطفوا امس القنصل الافغاني العام في بيشاور شمال غرب باكستان وقتلوا سائقه في كمين.,EVENT
AAW_ARB_20061122.0015-5,* 21 مايو(أيار) 2005: اغتيال الأمين العام السابق للحزب الشيوعي جورج حاوي في اعتداء بسيارة مفخخة في بيروت.,EVENT
AAW_ARB_20080425.0039-1,الجيش التركي يضرب مسلحين في شمال العراق  * أنقرة ـ رويترز: قال الجيش التركي في بيان نشر على موقعه على الانترنت، أمس ان طائراته قصفت مجموعة من المتمردين الاكراد في شمال العراق أمس، بينما كانوا يحاولون التسلل الى داخل الاراضي التركية.,EVENT
AAW_ARB_20061115.0044-19,وقالت مصادر بوزارة الداخلية إن 13 شخصا أصيبوا أيضا بعدما نفذت القوات الأميركية ضربة جوية إثر تعرض قواتها لإطلاق نار من جانب عناصر من جيش المهدي.,EVENT
AAW_ARB_20070206.0012-6,كما أدى انفجار سيارة مفخخة متوقفة على جانب الطريق في شارع الصناعة (وسط بغداد) على مقربة من مستشفى للاطفال، الى مقتل ثمانية اشخاص وإصابة 40 آخرين بجروح، حسبما افادت المصادر.,EVENT
AAW_ARB_20071208.0036-23,وقال ان «سيارة مفخخة انفجرت قرب مقر مجلس للصحوة في ضاحية المنصورية الواقعة في بلدة المقدادية (100 كلم شمال شرقي بغداد)، مما أدى الى مقتل عشرة اشخاص على الاقل وإصابة آخرين بجروح».,EVENT
AAW_ARB_20070203.0016-6,وافاد بيان عسكري اميركي، اوردته وكالة رويترز، بأن القوات الاميركية تعرضت لهجوم في الرمادي مساء الخميس بأسلحة صغيرة.,EVENT
AAW_ARB_20070401.0071-1,لاغوس ـ ا.ف.ب: خطف موظف بريطاني يعمل في احدى منصات النفط في المياه النيجيرية أمس، حسب مصدر في قطاع النفط.,EVENT
AAW_ARB_20080913.0025-22,كما تزامن مع غارة جوية شنتها طائرة اميركية بدون طيار على الارجح فجر امس واسفرت عن سقوط 12 قتيلا.,EVENT
AAW_ARB_20080206.0078-7,تحدث التقرير أيضاً عن استمرار انتهاكات حقوق الانسان بالعراق من جانب القنوات الأمريكية التي لم تتوقف عن تعذيب المحتجزين، إضافة الى احتجازهم في مراكز اعتقال سرية تمارس فيها تلك الانتهاكات على نطاق واسع.,EVENT
AAW_ARB_20070901.0024-1,اعلنت وزارة الداخلية الافغانية وقوات الحلف الاطلسي مقتل جندي أفغاني امس واصابة اربعة اخرين، بينهم عسكريون من القوة الدولية في هجوم انتحاري بسيارة مفخخة في كابل.,EVENT
AAW_ARB_20070526.0034-7,وأضاف أن عبوة ناسفة تمت زراعتها وسط النفايات في شارع القدس قرب (محطة الوقود) في مدينة الصدر انفجرت ودمرت ساحبة لرفع النفايات وأصابت سائقها «إضافة إلى استشهاد احد المواطنين المارين بالقرب من الانفجار».,EVENT
AAW_ARB_20081215.0020-5,واضاف «ان عبد الحنان الموظف في اللجنة الانتخابية خطف من منزله مساء امس على يد عشرة متمردين مسلحين» في الاقليم نفسه.,EVENT
AAW_ARB_20081006.0036-3,وتأتي تصريحاته عقب مقتل 15 جنديا تركيا الجمعة في هجوم شنه متمردون قيل انهم تسللوا من قواعدهم في شمال العراق على موقع على الحدود تحت غطاء من نيران الأسلحة الثقيلة شمال العراق.,EVENT
AAW_ARB_20080220.0032-2,وعملية التفجير التي وقعت في منطقة سنية، استهدفت واحدة من اهم العتبات الشيعية، القبة الذهبية لمرقد الامامين علي الهادي والحسن العسكري في سامراء.,EVENT
AAW_ARB_20080523.0021-3,وقال مصدر في شرطة صلاح الدين، وكبرى مدنها تكريت، ان «ثمانية اشخاص، بينهم طفلان، قتلوا جراء ضربة جوية اميركية».,EVENT
AAW_ARB_20071124.0043-20,وفي مدينة الموصل، قال العميد عبد الكريم الجبوري من شرطة المدينة ان «خمسة اشخاص بينهم اثنان من عناصر الشرطة قتلوا واصيب خمسة اخرين بجروح في هجوم انتحاري بسيارة مفخخة».,EVENT
AAW_ARB_20070920.0030-11,ـ 13 يونيو (حزيران) 2007: اغتيال النائب وليد عيدو، عضو كتلة «المستقبل» النيابية بانفجار سيارة مفخخة في بيروت.,EVENT
AAW_ARB_20061117.0010-8,وقال مصدر في الشرطة، ان شخصا قتل واصيب اربعة في انفجار سيارة مفخخة متوقفة بالقرب من محطة كهرباء في حي القاهرة شمال شرق بغداد.,EVENT
AAW_ARB_20070204.0001-2,وقالت مصادر في وزارتي الداخلية والدفاع، ان «انتحاريا يقود شاحنة مفخخة فجر نفسه وسط سوق في منطقة الصدرية، ذات الغالبية الشيعية القريبة من حي الفضل مطلع المساء».,EVENT
AAW_ARB_20071219.0043-3,وقالت مصادر امنية ان «سيارة مفخخة مركونة على جانب الطريق في شارع النضال (وسط بغداد) انفجرت لدى مرور دورية للشرطة، مما ادى الى مقتل اربعة وإصابة سبعة بجروح»، حسبما افادت وكالة الصحافة الفرنسية.,EVENT
AAW_ARB_20070626.0043-21,وفي تطورات أمنية أخرى، قتل ثمانية من عناصر الشرطة على الاقل وأصيب 31 آخرون بجروح عندما فجر انتحاري يقود سيارة مفخخة نفسه وسط حشد للشرطة في الحلة (100 كم جنوب بغداد) صباح امس، حسبما افادت وكالة الصحافة الفرنسية.,EVENT
AAW_ARB_20061203.0012-4,وذكر شاهد عيان ان اثنين من التفجيرات وقعا في سوق خضراوات مكتظ بنساء يتسوقن في منطقة الصدرية، قرب الوسط التجاري لبغداد.,EVENT
AAW_ARB_20071125.0018-9,وكان انصار بهانغا قاموا منذ نهاية اغسطس (آب) بعدة عمليات ضد الجيش المالي في شمال البلاد وخطفوا 50 شخصا لا يزال 20 منهم مخطوفين.,EVENT
AAW_ARB_20080830.0015-10,وكان مسجد سلمان بمدينة صعدة قد شهد مذبحة بتفجير دراجة مفخخة في مايو (أيار) من العام الحالي وقتل فيه 13 وجرح 45 من المصلين كان بينهم العديد من العسكريين والموظفين الحكوميين الذين اعتادوا أداء الصلاة في مسجد سلمان.,EVENT
AAW_ARB_20080422.0040-1,* بعقوبة ـ أ.ف.ب: أعلنت مصادر أمنية وأخرى طبية عراقية مقتل ثلاثة من عناصر قوات الصحوة وإصابة أربعة اشخاص بينهم امرأة وطفل، في هجوم انتحاري نفذته امرأة الاثنين وسط مدينة بعقوبة، كبرى مدن محافظة ديالى المضطربة، شمال شرقي بغداد.,EVENT
AAW_ARB_20081203.0033-7,وأمس قتل سائقا شاحنات كانا ينقلان إمدادات الى أفغانستان في هجوم بقنابل يدوية وبنادق بالقرب من بيشاور.,EVENT
AAW_ARB_20061115.0044-14,وقال سكان في المدينة إن دبابات أميركية أطلقت نيرانها على المنطقة، وأن القتلى ليسوا من المسلحين.,EVENT
AAW_ARB_20071125.0035-18,ولكن خلال شهر واحد اغتيل كرامي في متفجرة زرعت في طائرة هليكوبتر كان يستقلها بين بيروت وطرابلس.,EVENT
AAW_ARB_20080824.0024-14,وأكد الجنرال علي ان عددا من مخابئ المتمردين المفترضين في كابال، تم تدميرها خلال العملية التي شاركت فيها مروحيات قتالية، بالإضافة الى سلاح المدفعية.,EVENT
AAW_ARB_20061122.0015-8,* 12 ديسمبر(كانون الأول) 2005: اغتيال الصحافي والنائب جبران تويني بتفجير سيارة مفخخة بموكبه قبل اقل من 24 ساعة على عودته الى لبنان.,EVENT
AAW_ARB_20080919.0023-8,وقال العميد سرحد قادر مدير شرطة الاقضية والنواحي، «انفجرت عبوة ناسفة اليوم (الخميس) في قرية (كرحه بازان) بالطريق العام الواصل بين الرياض والحويجة 50 كيلومترا غرب كركوك، مما أدى الى إصابة اثنين من المدنيين بجروح»، حسبما افادت به وكالة الأنباء الألمانية «د ب أ».,EVENT
AAW_ARB_20070108.0019-7,وبحسب التقرير، قام عدد من جنود «المارينز» بقتل المدنيين بعدما فجرت عبوة ناسفة إحدى مركباتهم، وتسببت بمقتل جندي أميركي.,EVENT
AAW_ARB_20071202.0016-16,من جهته، اعلن الجيش الاميركي مقتل أحد جنوده في انفجار قنبلة لدى مرور قافلته قرب بعقوبة شمال بغداد.,EVENT
AAW_ARB_20080630.0028-7,وأوضحت المصادر أن «مسلحين مجهولين اغتالوا العميد جبار مساعد، مدير استخبارات الشرطة الوطنية في البصرة».,EVENT
AAW_ARB_20071202.0016-13,كما اعلن مصدر من شرطة النجف مقتل شخص أثر انفجار عبوة ناسفة كان يقوم بزرعها مع شخصين آخرين شمال مدينة النجف.,EVENT
AAW_ARB_20070523.0045-19,وأضاف «بعد تأمين المبنى وجدوا 12 عراقيا في غرفة مقفلة بدت على ثلاثة منهم آثار للضرب (...) وخلال تفتيش المبنى والمكان المجاور، عثرت القوات على أسلحة وثلاثة اشخاص اعتقلوا للاشتباه بعلاقتهم بالخاطفين».,NO_EVENT
AAW_ARB_20080216.0040-46,وكانت معلومات أولية قد ذكرت ان الاغتيال تم عبر تفجير سيارة مفخخة كانت متوقفة بجانب سيارة مغنية اثناء اجتيازه الطريق الى سيارته بعد حضوره اجتماعا مع عدد من الأشخاص.,NO_EVENT
AAW_ARB_20080830.0012-1,نفى الجيش السوداني قيام حركة مسلحة في إقليم دارفور بإسقاط طائرة بدون طيار تتبع للجيش، وقال ان الطائرة هبطت اضطراريا بمنطقة «تارني» شرق جبل مرة وسط دارفور، ولكنه لم يستبعد احتمال اصابتها.,NO_EVENT
AAW_ARB_20061213.0055-8,ونقلت وكالة رويترز عن اربور قولها في كلمة لها أمام المجلس «لم تتوقف حوادث الاغتصاب الجماعي وغيرها من الانتهاكات المروعة لحقوق الانسان»، وأضافت «الضحايا وغيرهم من المدنيين المعرضين للخطر في وضع يجعلهم يتوقعون منكم ردا معقولا».,NO_EVENT
AAW_ARB_20080321.0031-21,ـ تشيكيون: قتل جندي في حادث سير عام 2003.,NO_EVENT
AAW_ARB_20061213.0102-11,ومع ذلك رفضت بوليا أن تتزوجه، وقذفت بكتابه من الشباك، وتزوجت بدلاً منه ضابطاً في سلاح المدفعية.,NO_EVENT
AAW_ARB_20070418.0012-27,واشار الى ان هناك اكثر من 20 جريمة قتل تتم يوميا في البصرة الا انها لا تتابع من قبل الشرطة التي قال إنها تعمد دائما الى نفي وقوع هذه الجرائم.,NO_EVENT
AAW_ARB_20080220.0013-1,كشفت السلطات الأميركية امس، صناديق تحتوي على مجموعة من الوثائق والأدلة المتعلقة باغتيال الرئيس الأميركي السابق جون كنيدي، يتوقع ان تثير مجموعة من نظريات المؤامرة حول مقتله.,NO_EVENT
AAW_ARB_20081230.0001-6,وفي الوقت ذاته أعلن البيت الابيض أمس انه ينبغي على حركة حماس وقف اطلاق الصواريخ على اسرائيل والموافقة على احترام وقف دائم لاطلاق النار كما طلب «من جميع الاطراف» افساح المجال امام ادخال الادوية والاغذية الى القطاع.,NO_EVENT
AAW_ARB_20061224.0088-16,الى ذلك، طالب المؤتمر العام لأهل العراق، رئيس الحكومة أن يوضح سبب سكوته وسكوت حكومته عن جرائم خطف النساء والخطف الجماعي «التي اصبحت يومية» واستهداف مساجد أهل السنة واحتلالها، وتهجيرهم من مناطق مختلفة من بغداد.,NO_EVENT
AAW_ARB_20070525.0004-1,اعتمد مجلس الوزراء الأمني الاسرائيلي المصغر قائمة اغتيالات تشمل عددا من قيادات الصف الاول في حركة حماس في الداخل والخارج، ومن السياسيين والعسكريين، في اطار الحملة التي تشنها السلطات الاسرائيلية على الحركة منذ اكثر من اسبوع من قتل وتدمير في غزة، وانتقلت امس الى الضفة الغربية باعتقال 33 من قادة الحركة منهم وزير التربية والتعليم ناصر الدين الشاعر و3 نواب اخرين، وعدد من المسؤولين في البلديات.,NO_EVENT
AAW_ARB_20061124.0089-9,عليكم ألا تأتوا إلينا فارعين دارعين كلما غيرت دبابة إسرائيلية مكان تموضعها في الشريط الحدودي أو عبر الحدود اللبنانية ـ الإسرائيلية.,NO_EVENT
AAW_ARB_20080528.0032-10,وحول ادعاءات عدد من المعتقلين الذين أفرج عنهم بعد ثبوت براءاتهم بتعرض معتقلين إلى انتهاكات لحقوق الإنسان وتعرضهم للتعذيب بغية انتزاع اعترافاتهم، أقر مهدي التميمي مدير مكتب الجنوب بوزارة حقوق الإنسان بوجود انتهاكات، لكن السلطات المحلية أكدت على تهدئة الوضع الحالي وعدم التصريح لوسائل الإعلام.,NO_EVENT
AAW_ARB_20080329.0027-8,وأكدت مصادر حكومية عراقية زيادة عدد الهجمات الصاروخية على المنطقة الخضراء، أمس.,NO_EVENT
AAW_ARB_20071022.0011-43,بالنسبة للملك حسين، لم يكن الهجوم على السموع حادثة منفصلة، بل جزءا من مخطط إسرائيلي واسع لتصعيد النزاع على الحدود إلى حرب توسعية واسعة النطاق.,NO_EVENT
AAW_ARB_20070427.0034-25,ودان رئيس الهيئة التنفيذية لـ «القوات اللبنانية» سمير جعجع خطف زياد قبلان وزياد غندور، معربا عن اسفه «لمثل هذه الحادثة التي لم تحصل منذ انتهاء الحرب الاهلية».,NO_EVENT
AAW_ARB_20071210.0029-16,وحول اتهام الجبهة باحتفاظها بسيارة مفخخة في مرآب المقر بحي العدل، اوضح رئيس جبهة التوافق «ان السيارة المفخخة تم اكتشاف وجودها في ارض خالية تقع بأحد الشوارع المتفرعة من شارع حي العدل ولا علاقة للجبهة بهذا الموقع، كما ان بناية مقر الجبهة لا يوجد فيها مرآب وهذه السيارة قد تكون اعدت ضدنا ولتفجير مقرنا لاسيما وانني تعرضت لعدة محاولات اغتيال وهددت وقتل عدد من حراسنا».,NO_EVENT
AAW_ARB_20070314.0034-10,وقالت ان «تكرار خطف الصحافيين الأجانب مؤشر خطير يستدعي من الجميع العمل بشكل جاد لوقف الاعتداءات المتكررة على الصحافيين والناشطين الأجانب وضمان تنقلهم دون تعرضهم للخطر».,NO_EVENT
AAW_ARB_20080907.0012-12,ويتحدث الكتاب عن مغنية الذي اغتيل لاحقا في دمشق في شهر شباط (فبراير) الماضي ولم يعلن اي طرف مسؤوليته عن الحادث، فيقول انه كان العقل المدبر عام 1983 لشاحنة المتفجرات التي انفجرت في بيروت، ضد قوات المظلات الفرنسية والبحرية الاميركية وأدت الى مقتل 58 فرنسيا و241 اميركيا.,NO_EVENT
AAW_ARB_20080219.0064-15,وإذا ما حدث ذلك، فإن المتعاقدين المدنيين يمكنهم اطلاق النار على مدنيين عراقيين بلا سبب او ارتكاب اعتداءات جنسية ضد متعاقدين مدنيين آخرين بدون عقاب.,NO_EVENT
AAW_ARB_20080127.0039-1,ودعت قوى الامن الداخلي ومحافظة لبنان الشمالي رئيس الفرع الفني في شعبة المعلومات الرائد وسام عيد ومرافقه المعاون اسامة مرعب، اللذين قتلا بتفجير سيارة مفخخة في منطقة الشفروليه (شرق بيروت) اول من امس مع ثلاثة مدنيين، وذلك في مراسم تشييع حاشدة وغاضبة، في وقت وضع القضاء العسكري يده على التحقيق، وكلف الاجهزة الامنية جمع الادلة والمعلومات واجراء التحقيقات اللازمة، توصلا لكشف خيوط قد تقود الى معرفة الجناة وتوقيفهم.,NO_EVENT
AAW_ARB_20070712.0024-12,وكان أكثر من 8000 مسلم بوسني قتلوا بعد أن استولت قوات صرب البوسنة على جيب سريبرينيتسا في 11 يوليو (تموز) 1995 خلال الحرب التي جرت في البوسنة والهرسك من 1992 حتى 1995، كما طرد أكثر من 30 ألف امرأة وطفل وأشخاص مسنين من المنطقة التي كانت تحت حماية الامم المتحدة بوصفها «منطقة آمنة» عندما حدثت المذبحة.,NO_EVENT
AAW_ARB_20070703.0035-7,وقال العليان ان «كل الدعاوى القضائية في العراق مشكوك في نزاهتها اليوم»، وطالب «الامم المتحدة وجامعة الدول العربية بالقيام بزيارات مفاجئة للسجون العراقية لمشاهدة اساليب التعذيب والاعتداء على السجناء».,NO_EVENT
AAW_ARB_20080529.0058-12,وأزالت هذه المذبحة سحر مملكة قدس النيباليون ملوكها ذات يوم، بوصفهم تجسيدا للاله الهندوسي فيشنو، فيما أطلقت سيطرة جيانيندرا على السلطة العنان لغضب الناس.,NO_EVENT
AAW_ARB_20081110.0036-9,من جانبه، أكد ثامر التميمي مستشار عام الصحوات في العراق والمعروف بابو عزام، أن مجالس الاسناد تختلف تماما عن الصحوات كون عمل الاسناد اداريا ومدنيا وتلتزم به عشائر العراق، والصحوات عملها امني ميداني وفق متطلبات الحالة التي هم فيها دفاعا عن المنطقة التي يوجدون فيها، مشيرا في تصريح لـ«الشرق الاوسط» الى ان موضوع المقارنة بين مجالس الاسناد والصحوات غير وارد وغير صحيح للاختلاف الجوهري بينهما، وان تشريع قانون لمجالس الاسناد لا يعني أبدا ضرب الصحوات، خصوصا وان دفعات من الصحوات ستنتمي للقوات الامنية وصولا الى آخر عنصر فيها وحسب الاتفاق مع الحكومة.,NO_EVENT
AAW_ARB_20081019.0023-6,كما طالبت بعض اللافتات بالقصاص العادل من الضابط السيد محمد السيد نائب مأمور قسم مينا البصل بالإسكندرية الذي قام بالاعتداء على حمادة، والرائد محمد عثمان والرائد أحمد ملبس الضابطين بمباحث سيدي جابر والمسؤولَين عن تعذيب المواطن صلاح أحمد محمد، والضابطين أحمد عزوز وأحمد أنور بقسم شرطة سمالوط والمسؤولَين عن الاعتداء على المواطنة ميرفت عبد الستار مما أدى إلى وفاتها.,NO_EVENT
AAW_ARB_20081013.0017-8,واستولى القراصنة على سفينة «فاينا» في 25 سبتمبر (ايلول) في عرض السواحل الصومالية بينما كانت السفينة الأوكرانية متوجهة الى ميناء مومباسا الكيني وعلى متنها 33 دبابة وقاذفات صواريخ وبطاريات مضادة للطيران.,NO_EVENT
AAW_ARB_20080512.0096-1,"منعطف مثير حول جبهة المهاجمين، فالميلان يكثف هجومه حول البرازيلي أماوري، ومن أجل مهاجمه ألبيرتو جيلاردينو تفتح أبواب اليوفي، وبعد فترة قليلة سوف توضح كامل الصورة, لكن في الساعات الأخيرة حدث الكثير من الأمور المصاحبة التي تجلبنا الى هذا التقاطع في سوق انتقالات اللاعبين؛ قبل كل شيء عودة وكلاء أعمال المهاجم البرازيلي لفريق باليرمو في ظهيرة أمس الأول الى نادي شارع «توراتي», وذلك بعد زيارة قاموا بها قبل أسبوعين, تؤكد أن الميلان يرغب الدخول في هذه الصفقة, ولغاية الآن يطالب أماوري بعقد يمتد لأربع سنوات بمرتب 3,75 مليون يورو للموسم الواحد, بينما توقف اليوفي عند 3 ملايين، فهوامش التحرك قليلة أيضاً، لأن الميلان ليست لديه أي مشاكل في دفع المرتبات, ومن ثم هناك تأثير الرابطة.",NO_EVENT
AAW_ARB_20070419.0083-22,وسياسات الحكومات المتعاقبة التي فاقمت الديون وأغرقت البلاد في الفساد والمحسوبية، قتلت كل بصيص ضوء قد يلتمع في آخر النفق، وتركت المواطنين اليوم يحاسبون بعضهم بعضا، على ما ابتلوا به جميعهم، بفضل حفنة من السياسيين المنحرفين.,NO_EVENT
AAW_ARB_20071020.0076-73,ففي المدى الزمني نفسه (للتحرش) بالعالم والصين، حصل التحرش بروسيا عبر مواقف عديدة منها: موقف عقد مسؤولين أمريكيين اجتماعات مع معارضين في روسيا، ليس من أجل الديمقراطية وحقوق الانسان بداهة، فلو وافق بوتين على نشر الدرع الصاروخية الامريكية على تخوم بلاده: لما جرت هذه الاجتماعات مع المعارضة الروسية، بل ربما حصلت (اتفاقات سرية) على كبتها في سبيل استراتيجية أعظم وأكثر حيوية!!,NO_EVENT
AAW_ARB_20070204.0020-6,وقال الدكتور صالح المطلك رئيس الجبهة العراقية للحوار الوطني واصفا ان ما يحدث في العراق هو«أسوأ بكثير من الحرب الاهلية، وهي عملية تطهير عرقي وطائفي تقوم بها الدولة بدعم من إيران».,NO_EVENT
AAW_ARB_20081007.0013-24,وتاتي زيارة اولمرت لروسيا في اعقاب تسليم الولايات المتحدة لاسرائيل منظومة الدفاع الصاروخي التي يعتبرونها اضافة لعناصر الدرع الصاروخي الاميركي التي قررت واشنطن نشرها في بولندا وتشيكيا.,NO_EVENT
AAW_ARB_20070226.0142-1,* «ما يزيد عن 400 إرهابي قتل واعتقل مثلهم تقريبا منذ بدء خطة تأمين بغداد» نوري المالكي رئيس الوزراء العراقي، خلال زيارة لقيادة مركز العمليات لتأمين العاصمة العراقية، متزامنا مع ما أعلنته مصادر أمنية عن مقتل العشرات من المسلحين في اشتباك مع القوات العراقية مدعومة بالقوات الأميركية أول من أمس.,NO_EVENT
AAW_ARB_20070724.0015-35,اما فيما يتعلق بخيار الضربات الجوية، فإن مسؤولين عسكريين واستخباراتيين قالوا ان المعلومات المتوفرة حول مكان وجود كبار الارهابيين نادرا ما تكون دقيقة على نحو كاف يبرر القيام بحملات قصف من المحتمل ان تسفر عن ضحايا مدنيين، كما ان أي ضربة جوية فاشلة من المحتمل ان تقفل الباب أمام أي عمليات اميركية مستقبلا.,NO_EVENT
AAW_ARB_20070108.0014-99,وإذ كانوا منزعجين مما جرى في غرفة الاعدام، وقلقين من اثارة أي غضب من جانب السنة العراقيين، امر الأميركيون قواتهم بان لا تمس الجثة بعد الاعدام، حتى عندما يجري نقلها الى الهليكوبتر او اخراجها منها.,NO_EVENT
AAW_ARB_20080722.0029-16,فهل يجوز تبرير القتل والاغتيال السياسي وإعادة فتح الباب أمام هذا النوع من الاجرام في لبنان؟»,NO_EVENT
AAW_ARB_20070411.0036-16,وأبدت المصادر الأمنية استهجانها من قدرة الجهاز العسكري التابع لحركة حماس على تنظيم نفسه بهذه السرعة، من دون أن يتم الكشف عن الخلية المسؤولة عن التخطيط للعملية، إلا بعد انفجار السيارة المحملة بالمتفجرات بالصدفة.,NO_EVENT
AAW_ARB_20070511.0028-6,لكن الاقليم الصومالي له تاريخ في اعمال الخطف والاغتيالات لموظفي الاغاثة المحليين والاجانب ولاسيما في جيب ارض الصومال الذي اعلن الاستقلال من جانب واحد.,NO_EVENT
AAW_ARB_20080925.0014-5,واكدت الخارجية السودانية أمس ان جميع الرهائن على قيد الحياة، وان المفاوضات متواصلة مع الخاطفين.,NO_EVENT
AAW_ARB_20080423.0027-1,في الطريق الى اكتمال عقد المحكمة ذات الطابع الدولي الخاص بمحاكمة المتهمين باغتيال رئيس حكومة لبنان الراحل رفيق الحريري، يبدو ان القضاة اللبنانيين المعنيين بهذه المحكمة دخلوا الى دائرة الخطر الى جانب سياسيي الاكثرية، وذلك من خلال الرسالة التي تلقاها القاضي رياشي اخيراً وتمثلت بدخول مجهولين الى منزله بواسطة الكسر والخلع وتحطيم أثاثه ومحتوياته من دون سرقته.,NO_EVENT
AAW_ARB_20080413.0024-5,واستطرد قائلا «إذا ماكو دبابة أريد همر».,NO_EVENT
AAW_ARB_20070401.0064-13,ويخضع اقليم كوسوفو الصربي الذي يشكل الالبان غالبية سكانه، لادارة الامم المتحدة منذ 1999 بعد ضربات جوية شنها حلف شمال الاطلسي لوقف اعمال قمع كان يقوم بها نظام سلوبودان ميلوشيفيتش ضد الانفصاليين الالبان.,NO_EVENT
AAW_ARB_20061108.0067-11,وقد احتل سهم سفن المرتبة الاولى من حيث كمية الاسهم المتداولة بواقع 14.39 مليون سهم تلاه سهم الصفاة بتداول 12.95 مليون سهم.  >,NO_EVENT
AAW_ARB_20080124.0023-10,بينما يرى بعض الخبراء أنه يبدو أن المجموعة كانت تحضر عددا من الهجمات الانتحارية في برشلونة، في حين يرى خبراء آخرون أن من المحتمل أن تقوم المحكمة الوطنية بإطلاق سراح معظم المعتقلين بعد استجوابهم.,NO_EVENT
AAW_ARB_20070503.0033-7,مشيرا الي ان الاعتداءات لم تتوقف.,NO_EVENT
AAW_ARB_20080516.0029-22,ولبنان يعاني من نتائج مغامرة انتحارية، وهنا المأساة.,NO_EVENT
AAW_ARB_20070114.0052-11,واضاف ان «تلك الضربات ستضيف وقودا الى النيران المشتعلة في الشرق الاوسط».,NO_EVENT
AAW_ARB_20080217.0043-30,ثم أجبروا في يوم آخر فاضل الصباح نفسه بإلقاء بيان وكان صوته المتهدج يدل على انه تعرض للضرب والتعذيب من طرف الخاطفين.,NO_EVENT
AAW_ARB_20070307.0031-10,وقالت وسائل اعلام اسرائيلية إن عسكري كان مسؤولاً عن نشاطات الحرس الثوري الايراني في لبنان، ومتورطا في خطف الطيار الإسرائيلي رون اراد الذي فقد في لبنان.,NO_EVENT
AAW_ARB_20080703.0045-16,وقد عمل هذا القسم على تطوير انواع من العبوات التي تم بها ضرب دفاعات دبابة «ميركافا» الاسرائيلية، وقد اتهمت اسرائيل الحزب بانه سرب هذه العبوات الى المقاومة الفلسطينية فيما اتهمته الولايات المتحدة بانه سربها الى المقاومة العراقية.,NO_EVENT
AAW_ARB_20070819.0082-20,وعلى صعيد المساهمة القطاعية في حجم التداول فقد احتل القطاع المالي المرتبة الأولى حيث حقق ما مقداره 152 مليون دولار بنسبة 51.5 في المائة من حجم التداول الإجمالي، وجاء في المرتبـة الثانيـة قطـاع الصناعة بحجم تداول مقداره 108 ملايين دولار بنسبة 36.6 في المائة وأخيراً قطاع الخدمات بحجم مقداره 35 مليون دولار بنسبة 11.9 في المائة.,NO_EVENT
AAW_ARB_20080929.0064-8,سؤال مستحق، وواقع عربي محير، خصوصا أننا نرى الملاحة البحرية تتأثر كل يوم من عمليات القرصنة التي يقوم بها القراصنة الصوماليون في البحر الأحمر، خاصة مع الحديث عن دفع فدية لهم لتخليص سفن تم اختطافها.,NO_EVENT
AAW_ARB_20070402.0020-30,ويشكو التركمان والعرب في المدينة الآن من عملية «تطهير عرقي».,NO_EVENT
AAW_ARB_20061117.0040-9,واضاف ان «ما لا يقل عن 70 رهينة ما يزالون في عداد المفقودين، واعتقد ان حوالى 150 شخصا تعرضوا للخطف».,NO_EVENT
AAW_ARB_20071008.0072-3,بينما قالت والدة محمود الكفافي الذي دهسته الدبابة الإسرائيلية عشية وصول رايس إلى الشرق الأوسط: «لقد خرج منذ لحظات.,NO_EVENT
AAW_ARB_20070820.0025-19,وبدا على الرهينة التي خطفت أمس العصبية، الا انها قالت انها «بخير»، ودعت حكومة بلادها الى المساعدة على اطلاق سراحها.,NO_EVENT
AAW_ARB_20071011.0018-19,من هناك، من فوق قمة قلعة كركوك تستطيع ان ترى الماضي والحاضر في آن واحد، حيث بقايا آثار القلعة التي كان قد بناها الاسكندر المقدوني عندما مر بكركوك، وهذا يعني انه لم يكن هناك أي تجمع سكاني او مدينة سوى هذه القلعة، وترقب حاضرها الذي يؤكد تعايش قومياتها في ما بينهم قبل ان تهدم قوات الحرس الجمهوري عام 1991 القلعة بقنابل دباباتها ومدفعيتها، خلال قمعهم لانتفاضة مارس (آذار) التي اعقبت عاصفة الصحراء، وجعلت من القلعة ارضا جرداء لتمحي تاريخ وحاضر المدينة.,NO_EVENT
AAW_ARB_20061201.0059-2,أنور»، 22 سنة، أثناء قيامهما بتفقد الحالة الامنية في منطقة عين شمس، شرقي القاهرة، في ساعة مبكرة من فجر أمس.,NO_EVENT
AAW_ARB_20080301.0015-18,ونفى الموسوي وجود صفقة تتمثل باعدام المجيد مقابل تخفيف الاحكام الصادرة على بقية المدانين، وهما وزير الدفاع الاسبق ونائب رئيس اركان الجيش الاسبق، وقال ان «القوانين والدستور لا تلزم رئاسة الجمهورية بالمصادقة على كل الاسماء التي تم النطق بالحكم ضدها»، مؤكدا عدم وجود مساومات حول هذا الامر، لكنه توقع عدم المصادقة نهائيا على تنفيذ الحكم بسلطان هاشم، وقال ان «هناك خلافا بين اطراف عدة حول تنفيذ الحكم من عدمه».,NO_EVENT
AAW_ARB_20081113.0017-18,وأضاف ريبلي أن حقيقة أن الصاروخ يعمل في مرحلتين، يمكن أن تزيد مداه، مشيرا الى أن ايران استعانت في الماضي بتكنولوجيا من كوريا الشمالية، بالرغم من أنه قال ان لا يمكنه ذكر ما اذا كان ذلك حدث هذه المرة.,NO_EVENT
AAW_ARB_20070806.0026-9,وفي 29 مايو (أيار)، حث هذا الأميركي الولايات المتحدة على سحب قواتها العسكرية من جميع الاراضي المسلمة، والا فإنها ستتعرض لـ«أهوال» ستنسيها اعتداءات 11 سبتمبر 2001 (أيلول).,NO_EVENT
AAW_ARB_20070515.0026-29,وأشار المقرن إلى اثنين من منفذي عملية ابقيق (التويجري والغيث)، لم يحسبوا العواقب الوخيمة التي يمكن أن تنتج عن هذه العملية، فكانوا «في البيت، حتى تم إعداد هذه الخطة، وتم تجهيز السيارات وركبوها حتى وصلوا لبقيق بالطريقة المعدودة لهم، وفجروا، هذا الحد الأقصى الذي يعلمون به».,NO_EVENT
AAW_ARB_20080403.0023-16,وفي ما بعد، أسقط البوليس الباكستاني تهم الإرهاب الموجهة ضد رؤوف، إلا أن السلطات البريطانية طالبت بتسليمه بتهمة تتعلق بمقتل عمه في إبريل (نيسان) 2002.,NO_EVENT
AAW_ARB_20061214.0038-17,ونقلت وكالة رويترز عن الشرطة ان الهجوم الذي وقع فجر امس استهدف طرد الشيعة من المنطقة.,NO_EVENT
AAW_ARB_20080106.0043-9,ان من يدعو الى الفتنة ويتهم الآخرين بالخيانة من دون دليل هو الخائن لأنه يعمل ضد مصلحة الوطن ويهدد بالتفجير».,NO_EVENT
AAW_ARB_20080917.0066-11,أمضى 5 سنوات في السجن والتعذيب ولذلك يعتبر كل محنة أخرى مجرد دعابة.,NO_EVENT
AAW_ARB_20070412.0079-6,وفي الشهر الماضي وقع اعتداء صغير نسبيا على مقهى للإنترنت، وبالأمس الأول استبقت الشرطة المغربية عمليات تحت التجهيز وداهمت خلية إرهابية من أربعة أشخاص تمكنوا من تفجير أنفسهم في ثلاث عمليات منفصلة.,NO_EVENT
AAW_ARB_20080715.0002-1,في أول سابقة دولية من نوعها وجه مورينو أوكامبو، ممثل الادعاء في المحكمة الجنائية الدولية، أمس قضاة المحكمة بإصدار أمر قبض على الرئيس السوداني، عمر حسن البشير، باتهامه بتدبير حملة لارتكاب أعمال قتل جماعي في دارفور، أدت الى مقتل 35 ألف شخص واستخدام الاغتصاب كسلاح في الحرب.,NO_EVENT
AAW_ARB_20070312.0045-11,واحتل المفكر والفيلسوف الأندلسي ابن رشد، المرتبة السابعة عشرة.,NO_EVENT
AAW_ARB_20080213.0041-3,وطالب العريضي في حديث لـ«وكالة انباء الشرق الاوسط» اجري معه في القاهرة، حيث يشارك في مؤتمر وزراء الاعلام العرب، بـ«حماية لبنان الذي يتعرض لمسلسل ارهاب واغتيالات يستهدف فريقا واحدا والمؤسسات الامنية لتفريغها من دورها».,NO_EVENT
AAW_ARB_20070212.0017-4,واضاف ان «مواطني كردستان يطالبون قيادة القوات الاميركية بالتحقيق في هذه العملية وإعلان النتائج ومحاسبة المقصرين ومعرفة الدوافع الحقيقية وراء الاعتداءات»، محذرا من «عواقب مؤلمة اذا لم تتوقف».,NO_EVENT
AAW_ARB_20070905.0015-4,وقد نفذ هذان الهجومان اللذان أوقعا ايضا 68 جريحا على الاقل، بحسب مصادر الشرطة، في مدينة روالبندي الضاحية الشعبية المجاورة للعاصمة الباكستانية والتي تضم ايضا مقر قيادة أركان الجيش والمقر العسكري للرئيس الباكستاني الجنرال برويز مشرف الحليف الأساسي للولايات المتحدة في «حربها على الإرهاب» والذي اقسم الرجل الثاني في «القاعدة» ايمن الظواهري قبل شهرين على اسقاط نظامه.,NO_EVENT
AAW_ARB_20070808.0081-27,قُتل لاعب فريق الزوراء سعد عبد الواحد، ومدرب فريق التنس العراقي، واختطف أعضاء اللجنة الأوليمبية وبينهم رئيسها أحمد عبد الرؤوف السامرائي، المعروف بالحجية، وقتل الحكم الدولي لكرة الجرس للمكفوفين فادي عادل يوحنا، والقائمة تطول.,NO_EVENT
AAW_ARB_20081128.0098-8,وخير وسيلة لمواجهتهم هو فرض حصار اقليمي او دولي والقبض على قياداتهم، فعند ذلك تتضح كافة التفاصيل المتعلقة بهم.,NO_EVENT
AAW_ARB_20070120.0039-13,وخطف الميكروفون من يد الأمين العام للحزب، وحاول فرض سيطرته بالقوة.,NO_EVENT
AAW_ARB_20061110.0038-11,وعرضت لفني خطة شاملة لصد الانتقادات الدولية، مؤكدة انها تعتمد على محورين، الأول هو الاعتراف بان المسألة تتعلق بخلل تقني وليس بمذبحة مقصودة، والثاني بتحميل حركة «حماس» وغيرها من التنظيمات المسلحة الفلسطينية مسؤولية ما يجري من عنف في غزة، بدعوى ان اسرائيل انسحبت من القطاع بالكامل ورغم ذلك لا يزال الفلسطينيون يقصفون البلدات الاسرائيلية الجنوبية بالصواريخ.,NO_EVENT
AAW_ARB_20061208.0020-88,* برأيك هل أن التحقيق في اغتيال زميلكم الوزير بيار الجميل يشهد تقدّماً ملموساً؟,NO_EVENT
AAW_ARB_20061211.0143-4,وخلال المناقشات التي تمت على هامش الندوات في المؤتمر طالب عدد من الحضور بضرورة إطلاق قناة فضائية متخصصة بالأوقاف تعنى بشؤون الناظرين للأوقاف، وتكون مهتمة بالتعريف بطريقة إدارة الوقف وتقديمه والاستغلال الأمثل له، فيما رأى آخرون بأن إطلاق قناة فضائية ضرب من الخيال نظراً لما يحتاجه مثل هذا العمل من تقنيات وعوامل أخرى كوجود الدعم والجهاز الفني، وأساليب الجذب والترويج لمشاهدتها، والتي يجب أن تكون متوفرة قبل التفكير في إطلاق مثل هذا العمل، في الوقت الذي يمكن الاستعاضة عن هذه القناة بأساليب أخرى أكثر نجاحاً وذات جدوى اقتصادية تتواءم مع أوضاع الأوقاف.,NO_EVENT
AAW_ARB_20080120.0025-17,واتهم دينيس آدني، أحد محامي خضر، الحكومة الكندية بازدواجية المعايير، قائلاً: كندا على دراية تامة بمزاعم تعرض عمر خضر للتعذيب، إلا أنها لم تثر إطلاقاً قضية حمايته».,NO_EVENT
AAW_ARB_20070707.0025-14,وقررت حكومة ولاية النيل الابيض تشكيل مجلس وزراء طوارئ للتعامل مع الكارثة التى حلت بالولاية جراء الامطار التي ضربتها أخيراً وقدرت خسائرها بما يفوق الثلاثة مليارات جنيه وتسببت في تدمير ما لا يقل عن 3180 منزلا تدميرا كاملا معظمها بمدينة ربك.,NO_EVENT
AAW_ARB_20081226.0012-1,في ما يشكل مؤشرا على طبيعة الأهداف التي ستضربها اسرائيل خلال حملتها العسكرية الوشيكة على قطاع غزة، ذكر شهود عيان أن طائرات هليكوبتر عسكرية إسرائيلية ألقت بآلاف المنشورات على مدينة رفح جنوب غزة تحذر أصحاب الأنفاق من تدميرها في حال لم يتم إقفالها.,NO_EVENT
AAW_ARB_20080112.0047-3,واضاف عبدالله في حديث لـ«الشرق الأوسط» ان عددا كبيرا من الشخصيات الاكاديمية الكردية والعراقية والعربية والاجنبية ستشارك في المؤتمر ببحوث ودراسات اكاديمية وافلام وثائقية عن حملات الانفال من امثال الدكتور كنعان مكية والدكتور حسن منيمنة وخالد سليمان ومصطفى كاظمي والدكتور احمد ابومطر والدكتور احمد صبحي منصور والدكتور تيسير الالوسي وبيتر غالبريث ويوسر تليمان وغيرهم وان الدعوة وجهت ايضا الى ممثلي منظمات حقوق الانسان في معظم بلاد العالم وعدد من اعضاء البرلمانات في الدول الاوروبية والبرلمان الاوروبي الذين من بينهم اعضاء مهتمون اصلا بقضية الانفال والذين اكدوا استعدادهم لتلبية الدعوة، موضحا ان الجهة المنظمة للمؤتمر تنوي من خلاله نقل رسالة حية الى العالم والمجتمع الدولي مفادها ان الشعب الكردي في العراق تعرض اواخر الثمانينات من القرن الماضي لحملة تطهير عرقي وابادة جماعية شرسة صم العالم آذانه ازاءها وغض الطرف عنها وقتذاك لأسباب عديدة وان الوقت قد حان الان لإحقاق الحق واظهار الابعاد المأساوية لهذه القضية الانسانية والاقرار بان الشعب الكردي قد تعرض لحملة استهدفت محوه من الوجود وبالتالي وضع المجتمع الدولي امام مسؤولياته القانونية والاخلاقية للحيلولة بدون تكرار تلك الفاجعة الانسانية الرهيبة في بقعة اخرى من العالم مستقبلا.,NO_EVENT
AAW_ARB_20070823.0045-19,الى ذلك، اعتقلت القوات الاسرائيلية أمس 9 فلسطينيين بينهم 3 شقيقات في مدن بيت لحم وجنين والخليل ورام الله في الضفة الغربية واختطفت 8 صيادين في عرض بحر غزة ايضا.,NO_EVENT
AAW_ARB_20080912.0099-26,وأشار إلى أنه يمارس مهنته منذ 10 سنوات ويتذكر الأعمال الجليلة التي قام بها بينما ينسى الحوادث الاليمة، ومن ذلك «أنقذت امرأة من الهلاك المحقق، كانت الساعة الثالثة فجراً وكانت مع زوجها تنتظر سيارة أجرة فقمت بنقلهما إلى المستشفى، ولم يكن معهما نقود، وذكر لهما الطبيب أنها لو تأخرت بعض الوقت لماتت.,NO_EVENT
AAW_ARB_20061216.0096-2,لا أحد يمكن أن يخالف رأيها عندما يرى ثلاثة أطفال يقتلون عمدا فقط لأنهم من عائلة فتحاوية ثم يليها قتل قاض انتقاما لأنه حماسي.,NO_EVENT
AAW_ARB_20070111.0099-8,وقتل سبعة من عناصر مجموعة «ابو سياف» السبت الماضي في اشتباك مع القوات الحكومية قبالة السواحل جنوب الفلبين.,NO_EVENT
AAW_ARB_20071126.0125-3,بعد رحيل النظام السابق وتأثيث بغداد بالجدران الكونكريتية العازلة لاسباب امنية، منها صد المتفجرات ومنع وصول السيارات المفخخة، اضحت بغداد عبارة عن مدينة رصاصية اللون، كالحة وحزينة، حتى انها شوهت العاصمة العراقية.,NO_EVENT
AAW_ARB_20070613.0021-18,وتحمل اللجنة المركزية قيادة حماس المسؤولية الكاملة عن تداعيات هذا الوضع الخطير الذي أدت إليه هذه المجموعة المنحرفة بمحاولتها ضرب الشرعية الوطنية والاستيلاء على السلطة بالقتل والتدمير.,NO_EVENT
AAW_ARB_20080813.0075-25,لهذا لم يتأخر ضحايا تلك الشعارات، من الطائفتين، عن انتخاب الآلوسي عضواً في البرلمان، وكأنه تضامن بقتل ولديه.,NO_EVENT
AAW_ARB_20071003.0023-47,ويعتقد ان عناصر حزب العمال الكردستاني وراء الهجوم.,NO_EVENT
AAW_ARB_20070129.0087-28,هذه المفارقات بين الوهم الذهني والواقع الفعلي لدى صنّاع الرأي والقرار تؤدي إلى ما نشهده اليوم من هجمة عنصرية شرسة ومن الحروب والاحتلال والعدوان وهي بالتأكيد العتبة لتفجير صراعات أشدّ خطورة مما شهده العالم حتى اليوم.,NO_EVENT
AAW_ARB_20071010.0023-10,من جانب آخر، ادانت الولايات المتحدة الهجومين اللذين شنهما انفصاليون اكراد في شرق تركيا وأسفرا عن مقتل 25 جنديا ومدنيا.,NO_EVENT
AAW_ARB_20070215.0028-18,وأقر بوش بحدوث عمليات «تطهير عرقي في بغداد»، اذ قال في رده على سؤال حول ما يعنيه تحقيق النصر في العراق: «السؤال الرئيسي هو: هل يمكننا مساعدة هذه الحكومة (العراقية) على امتلاك قوات الامن الضرورية لضمان وقف التطهير العرقي الذي يحدث في بعض الأحياء؟»,NO_EVENT
AAW_ARB_20070924.0032-11,وأضاف فوكس أمام الصحافيين أن «الايرانيين يسلمون صواريخ (ار بي جي 29) وفخاخ متفجرة ثاقبة وصواريخ 240 ملم وميثاق 1».,NO_EVENT
AAW_ARB_20080514.0030-12,وأضاف «هيومان رايتس ووتش تلقت تقارير غير مؤكدة عن ان بعض المعتقلين تعرضوا للتعذيب، وان اثنين على الاقل اعدما على الملا».,NO_EVENT
AAW_ARB_20070911.0030-17,كما يعتقد المحققون أنه كان أحد المشاركين في محاولة تفجير مطار لوس انجليس عام 1999، بواسطة متفجرات صودرت من عبارة كندية.,NO_EVENT
AAW_ARB_20070110.0040-3,وقال علي الدباغ، المتحدث باسم الحكومة العراقية، امس ان رجلا أحيل الى القضاء العراقي بسبب هتافات طائفية مستفزة ضد الرئيس العراقي المخلوع صدام حسين، في اللحظات الاخيرة قبل اعدامه.,NO_EVENT
AAW_ARB_20080712.0003-3,وقال كاشاني في خطبة الجمعة، التي نقلت عبر الاذاعة الرسمية ان «ايران لا تعترف باسرائيل لانها قوة احتلال، لكن ايران لا تريد التورط في حرب معها ولا تريد اطلاق صواريخها على تل ابيب».,NO_EVENT
AAW_ARB_20080903.0009-8,وظهرت تقارير في الصحف الإسرائيلية والغربية بشأن ضربة جوية أميركية أو إسرائيلية محتملة لإيران.,NO_EVENT
AAW_ARB_20081027.0003-1,قالت إسرائيل إنها نجحت مؤخراً في إحباط عملية فلسطينية لخطف جنود إسرائيليين، بعد تخديرهم ونقلهم إلى قطاع غزة عبر مصر للمطالبة بمبادلتهم بأسرى فلسطينيين.,NO_EVENT
AAW_ARB_20071126.0026-5,وكان حطاب قد عقد صفقة مع السلطات في خريف 2005 تعهد بموجبها بالسعي لدى المسلحين في الجبال لإقناعه بالتخلي عن الإرهاب، لكنه فشل وتعرض للتهديد بالقتل من أتباعه السابقين.,NO_EVENT
AAW_ARB_20081009.0024-8,وأضاف التقرير ان «حراس السجن والخاضعين لولاية مديرية الأمن العام يقومون بتعذيب السجناء او اساءة معاملتهم بشكل روتيني بسبب ما ينسب الى هؤلاء من خرق لقواعد النظام في السجن أو بسبب ما يتقدمون به من مطالب أو انتقاما لقيامهم بتقديم شكاوى».,NO_EVENT
AAW_ARB_20070322.0018-8,ووجهت قوات التحالف ضربة جوية لتدمير مصنع المتفجرات والعربات والذخيرة والاسلحة الملحقة به».,NO_EVENT
AAW_ARB_20081203.0048-4,لوميا هريجي، مؤسسة شركة «برنسيس تام تام» للملابس الداخلية، كانت لقيت حتفها مع زوجها مراد بينما كانا يتناولان الطعام في صالة فندق «أوبروي» في مومباي، أثناء التفجيرات الإرهابية التي هزت الهند في الأسبوع المنصرم.,NO_EVENT
AAW_ARB_20081209.0012-7,ويعتبر عبد القادر، نجل هاير، هو المسؤول عن مجموعة القراصنة التي تحتجز منذ شهر سبتمبر (أيلول) الماضي سفينة الشحن الأوكرانية «فايينا» التي تحمل على متنها 33 دبابة وقاذفات قنابل ومعدات عسكرية أخرى وتضاربت الأنباء حول حقيقة وجهتها النهائية، وما إذا كانت متجهة إلى كينيا أو لحكومة جنوب السودان.,NO_EVENT
AAW_ARB_20081211.0012-17,وتزامن ذلك مع اعلان مسؤول فلبيني، اطلاق سفينة يونانية خطفها القراصنة يوم 21 سبتمبر الماضي.,NO_EVENT
AAW_ARB_20070506.0010-4,مديرة الأكاديمية ديبي المنتصر، التي هاجرت الى الولايات المتحدة من اليمن، وهي في سن الثالثة، تعرضت لهجوم في بعض المواقع على شبكة الانترنت، ووصفت بأنها صاحبة «اجندة اسلامية».,NO_EVENT
AAW_ARB_20080214.0071-16,كما ظهرت صورته يقود خطف الطائرة الكويتية، وقيل الكثير حول عمليات أخرى نفذها في المحيط العربي واللبناني، وقد لا تكون صحيحة انما الثابت عليه تفجير الخبر وخطف الطائرة الكويتية.,NO_EVENT
AAW_ARB_20081128.0001-6,وتبنت منظمة غير معروفة تطلق على نفسها اسم «مجاهدو الديكان» وهي ضاحية في مدينة حيدر اباد، اعتداءات مومباي.,NO_EVENT
AAW_ARB_20070215.0046-2,وتوافد قياديو المنظمات الست، ومنتسبوها ومواطنون، قبالة بوابة المسرح، ورفعوا شعارات تندد بالإدارة الأميركية، وحملوها جميع ما يقع من أزمات في الوطن العربي الاسلامي، وزرع الفتن بين فصائل دينية، وتشجيع التناحر الطائفي، من خلال تزويد متطرفين بالأسلحة، وضرب الديمقراطية في عمقها، والمس الخطير بحقوق الإنسان.,NO_EVENT
AAW_ARB_20070308.0107-3,شاب يسجن بسبب مدونة، ونوال السعداوي تفرّ بجلدها هرباً مع ابنتها، بعد جرجرتها أمام المحاكم بسبب أفكارها، وهالة سرحان تفضل أن تنفي نفسها ولو مؤقتاً في دبي أو لندن، تحاشياً للوقوف أمام القضاء بعد الحلقة المثيرة للجدل التي قدمتها، وادعت الضيفات أنهن كن مجرد ممثلات تقاضين أجراً، فيما الإخوان المسلمون لا تنقطع أخبار التضييق عليهم واعتقالهم وتعذيبهم، وهم ماضون في الدفاع عن رؤيتهم.,NO_EVENT
AAW_ARB_20070619.0015-44,وبسبب ذلك خرجت مجموعة من معارضيه، في مقدمتهم رئيس «الموساد» في فترة الحرب، تسفي زمير، بهجوم كاسح عليه واتهموه بكسر أول وأهم «الوصايا العشر» في العمل الاستخباري، وهو كشف اسم العميل.,NO_EVENT
AAW_ARB_20070617.0049-19,وكان مجلس الوزراء قد عقد امس جلسة استثنائية استهلها رئيس الحكومة فؤاد السنيورة بالقول: «اذا كان القتلة قد ظنوا انهم بعملهم يخيفون اللبنانيين ويدفعونهم الى تغيير مسارهم، فانهم خائبون لان الناس اثبتوا تصميما على الاستمرار في مسيرتهم للخلاص من الوضع الذي يهددهم بالاغتيالات والتفجيرات والحشود على الحدود اللبنانية المثيرة للريبة والشك والقلق والعمليات في نهر البارد وغيره، وان كل ذلك لن يدع اللبنانيين يتراجعون عن موقفهم والتزامهم في بناء الوطن والدولة اللبنانية».,NO_EVENT
AAW_ARB_20070712.0024-1,أحيا أكثر من 30 ألف شخص أمس الذكرى الـ12 لمذبحة سريبرينيتسا، أكبر مجزرة عرفتها أوروبا منذ الحرب العالمية الثانية وذلك في مركز بوتوكاري شرق البوسنة.,NO_EVENT
AAW_ARB_20080315.0047-2,وقال سلام الحيدري رئيس تحرير صحيفة «المواطن» عن حادث الاغتيال في رسالة وجهها لمرصد الحريات الصحافية ببغداد، ان قاسم عبد الحسين العقابي قتل اثناء توجهه بسيارته الخاصة الى مقر عمله.,NO_EVENT
AAW_ARB_20071003.0055-3,وتقدم الأمين العام لحركة «سلام الآن»، يريف أوفنهايمر، بشكوى الى لجنة الطاعة في الكنيست ضد ليبرمان قائلا إن تصريحاته تبيح لكل مهووس يهودي عنصري ان يحاول اغتيال قادة اليسار.,NO_EVENT
AAW_ARB_20070317.0048-19,نحن على سبيل المثال نعاني من صعوبة في التنقل بين أرجاء العراق، وكما تعلم فإنه تم اختطاف 30 فردا من العاملين في الهلال الأحمر العراقي العام الماضي في بغداد.,NO_EVENT
AAW_ARB_20071210.0050-1,نظم «الاتحاد العمالي للصحف» وجريدة «النهار» في بيروت امس، حفل توزيع «جائزة جبران تويني» الدولية السنوية الثانية، لمناسبة الذكرى الثانية لاغتيال النائب والصحافي جبران تويني بتفجير استهدف موكبه في 12 ديسمبر (كانون الاول) 2006 اثناء توجهه من منزله في بلدة بيت مري الى بيروت، وذلك في اطار مسلسل الاغتيالات التي طالت شخصيات اعلامية وسياسية وحزبية لبنانية مناصرة لـ «ثورة الأرز» التي دفعت الى خروج القوات السورية من لبنان.,NO_EVENT
AAW_ARB_20080925.0027-1,أعلن الجيش الباكستاني امس، انه يحقق في أسباب سقوط طائرة بدون طيار اميركية على ما يبدو امس، في المناطق القبلية شمال غربي باكستان، حيث تضاعف واشنطن هجماتها الصاروخية على مقاتلي طالبان و«القاعدة».,NO_EVENT
AAW_ARB_20071207.0109-10,وفي مشهد محوري يجري اغتصاب حسن، الذي يقوم بدوره أحمد خان محمود زاده، الذي يبلغ الآن الثالثة عشرة من العمر، في زقاق من قبل صبي بشتوني.,NO_EVENT
AAW_ARB_20080520.0033-22,ويقول الشاب ان السبب ان مختطفيهم يهددونهم بأنهم اذا ما تحدثوا فسوف يعتقلون من جديد ويعذبون.,NO_EVENT
AAW_ARB_20080912.0002-11,ومن بين 376 مقاتلا اختاروا الذهاب للعراق، كان من المقرر أن يكون 56.4 في المائة منهم (212) انتحاريين.,NO_EVENT
AAW_ARB_20071112.0067-34,إنّ ما يجري لشعوبنا من تدخّل زوجة الرئيس ساركوزي لإطلاق سراح الممرضات البلغاريات، وسفر زوجها إلى تشاد من أجل إطلاق سراح خاطفي الأطفال، ومنح الحصانة لمرتكبي جرائم الإبادة والتعذيب في العراق وفلسطين يُري أنّ «القيم الكونيّة» التي يتحدّثون عنها هي أنّهم يثمّنون حياة الإنسان الغربي، حتى إن كان قاتلاً أو سارقاً أو خاطفاًً، من دون إعارة أي اهتمام لحياة ومستقبل أطفالنا.,NO_EVENT
AAW_ARB_20081215.0072-26,إن معظم أقسام الشرطة غير مدربة على وضع كردون أمني حول منطقة تتعرض للهجوم، ثم استدعاء قوات الفرق الخاصة شبه العسكرية للتخلص من المسلحين.,NO_EVENT
AAW_ARB_20070528.0030-7,وقال رئيس الجمهورية اميل لحود ان الحل الوحيد للمواجهة بين الجيش اللبناني و«فتح الاسلام» هو «باحالة كل من قام باعتداء على الجيش اللبناني الى العدالة ليصار الى محاكمتهم ومن بينهم من كان مسجونا في السابق وخرج بقانون عفو او بتدخل من سياسيين».,NO_EVENT
AAW_ARB_20070921.0031-4,وبحسب معلومات مصادر أمنية، فإن النائب غانم الذي عاد من ابوظبي الى بيروت قبل يومين من اغتياله، خضع لمراقبة دقيقة من قبل محترفين ومتخصصين كانوا يتابعون تحركاته المحدودة.,NO_EVENT
AAW_ARB_20070716.0013-14,وكانت الحكومة الصومالية قد نشرت في العاصمة آلافا من عناصر الجيش والشرطة تدعمها أيضا وحدات من القوات الإثيوبية، وأغلق عدد من الشوارع الرئيسية في الوقت الذي استمرت عمليات تفتيش المنازل والمحلات بحثا عن الأسلحة والمتفجرات.,NO_EVENT
AAW_ARB_20071116.0098-5,أما العامل الثاني، فهو ان ضرب التنظيمات المتشددة، يضعف من موقع اي رئيس باكستاني أمام عدوته التقليدية الهند.,NO_EVENT
AAW_ARB_20061117.0040-7,واضاف ان الرهائن، الذين اطلق سراحهم، قالوا ان عددا من المخطوفين عذبوا حتى الموت، وان عددا من المفرج عنهم في حالة صدمة، بعد ان تعرضوا هم انفسهم للتعذيب.,NO_EVENT
AAW_ARB_20070526.0022-13,واستطردت قائلة «وجهت ضربة جوية الي منشأة تستخدمها منظمة حماس الارهابية في مخيم الشاط» للاجئين».,NO_EVENT
AAW_ARB_20080811.0025-11,وشرح مصدر استخباراتي رفيع مطلع، رفض كشف هويته، أن الخطة قد تتضمن إيفاد فريق من القوات الاميركية الخاصة، تحت الإشراف المؤقت لوكالة الاستخبارات المركزية الاميركية، إلى مناطق القبائل، النائية والخارجة عن سلطة إسلام آباد، لتسديد ضربات نحو أهداف قيمة، بحسب الوكالة.,NO_EVENT
AAW_ARB_20061111.0012-9,واكد مسؤول أمني باكستاني ان الطائرة بدون طيار كانت تحلق فوق المنطقة في الفترة القريبة من يوم الثلاثين من اكتوبر (تشرين الاول) الماضي.,NO_EVENT
AAW_ARB_20070707.0012-64,* كتائب حفصة والمحاكم الشرعية  * يطلق اليوم في الاعلام المحلي بالعاصمة اسلام اباد على المسجد الأحمر او «لال مسجد» كتائب حفصة، نسبة الى خروج طالباته في مظاهرات حاشدة كاستعراض للقوة يحملن العصي الغليظة، وكذلك بسبب عمليات الاختطاف التي يقوم بها الطلبة والطالبات لضباط الشرطة ومسؤولين محليين، بالاضافة الى خطف سيدة باكستانية يزعم انها انخرطت في ادرارة بيوت الرذيلة، ولكن بعد اختطافها من قبل طالبات مدرسة حفصة المددجات بالعصي الغليظة، اعلنت توبتها في مؤتمر صحافي، وقالت «انها لن تعود الى ما كانت عليه، وان الدين الحنيف يجب ما قبله».,NO_EVENT
AAW_ARB_20080613.0067-8,وفي يوم الخميس، يبدو أنه كان يتم استخدام ذلك النظام من أجل عدم الاستماع إلى الحديث عن تعذيب هؤلاء المعتقلين.,NO_EVENT
AAW_ARB_20080410.0055-24,وحسب النيابة فإنها ستوجه الى قصاب لائحة اتهام شديدة للغاية في مركزها اتهامه باغتصاب عدة نساء.,NO_EVENT
AAW_ARB_20071120.0069-14,ويعد أحدث هجوم انتحاري تم تنفيذه داخل منزل الوزير الاتحادي عامر مقام خان في بيشاور في التاسع من نوفمبر الجاري، هذا الهجوم يعد تطورا خطيرا وهو الأكثر إثارة للقلق.,NO_EVENT
AAW_ARB_20080612.0024-39,* الشارع الخليجي قلق من الملف النووي الإيراني، وهنا أقول تحديد الشارع وليس الحكومات، حتى الآن لم تصدر أي تصريحات إيرانية تطمئن الدول الخليجية من عدم أستهدافها عسكريا في حال تعرض إيران لهجوم أميركي.,NO_EVENT
AAW_ARB_20080103.0026-11,واتهمت حكومة كيباكي أنصار أودينغا بالمسؤولية عن تفجر العنف القبلي، وقال المتحدث الحكومي ألفريد ماتوا لهيئة الاذاعة البريطانية إن «أنصار رايلا أودينغا ضالعون في تطهير عرقي... لا نريد أن يلوث هذا اسم أودينغا أو ينظر اليه على أنه يقوم بتطهير عرقي».,NO_EVENT
AAW_ARB_20080123.0049-3,وألقى وزير الخارجية الكولومبي فرناندو أراوخو الذي خطفته القوات المسلحة الثورية الكولومبية (فارك) لمدة ست سنوات محاضرة افتتاحية.,NO_EVENT
AAW_ARB_20071026.0012-75,تحركت كتيبة دبابات من منطقة وادي الاردن من دون ان تتلقى تعليمات بذلك، وتطلب الأمر تدخل الملك حسين والشريف زيد بن شاكر، قائد الفرقة المدرعة الثالثة، لوقف هجوم كانت الكتيبة تعتزم شنه على الفدائيين.,NO_EVENT
AAW_ARB_20081121.0028-28,فيما اتصلت ايران امس بالسفينة الايرانية التي خطفها قراصنة الثلاثاء في مضيق عدن، وكانت تحمل علم هونغ كونغ، واكدت ان افراد طاقمها سالمون على ما افادت به وكالة الانباء الايرانية الرسمية.,NO_EVENT
AAW_ARB_20070124.0058-2,وقال مصدر صناعي ان المخطوفين هما بيل غراهام ونيل موريس، مضيفا انه تم خطفهما بينما كانا في سيارتهما امس.,NO_EVENT
AAW_ARB_20070812.0020-6,وقال، ان الحركة لا تدري قبائل المشاركين في الهجوم».,NO_EVENT
AAW_ARB_20070619.0040-24,ومع استمرار اغلاق معبر المنطار التجاري وهو الاكبر بين غزة واسرائيل تهاتف الفلسطينيون على شراء الخبز والمؤن لتخزين المواد الغذائية تحسبا لاغلاق المعابر لفترات طويلة.,NO_EVENT
AAW_ARB_20070127.0045-13,وأكد زهراش أنهم يتوفرون على الضمانة القانونية، نظرا لأن واحدا منهم كان يعمل ضابطا في الاستعلامات العامة، فيما الثلاثة الآخرون كانوا يشتغلون في مركز الاشعار الفضائي عن بعد، التابع للدرك الملكي، موضحا أن موكليه الأربعة، تعرضوا لتعذيب بشع، وانتزعت منهم الاعترافات تحت الإكراه، مما استوجب إجراء خبرات طبية على أجسامهم.,NO_EVENT
AAW_ARB_20071028.0012-126,إلا ان مستوى الاستعداد المتدني لقوات الدفاع الإسرائيلية، التي كانت تحتفظ بـ70 دبابة فقط متمركزة على طول الجبهة الشرقية، كان عاملا محفزا للأردن للانخراط في المعركة.,NO_EVENT
AAW_ARB_20070427.0034-11,وافادت ان الاجهزة الامنية استمعت امس الى افادات عدد من هؤلاء الشهود «وجميعهم من عائلة شمص» التي يتهم افراد منها الحزب التقدمي الاشتراكي بالوقوف وراء مقتل الشاب عدنان شمص في الاحداث الامنية التي وقعت في محيط جامعة بيروت العربية في الطريق الجديدة في 25 يناير (كانون الثاني) الماضي.,NO_EVENT
AAW_ARB_20071229.0017-40,* نص محادثة الـ «القاعدة» الهاتفية > فيما يلي ترجمة أجرتها وكالة فرانس برس للنص الحرفي للمحادثة الهاتفية التي أجراها المسؤول الكبير في «القاعدة» بيت الله محسود، امس، مع عضو آخر في التنظيم، وتقول وزارة الداخلية الباكستانية انها رصدتها بعد اغتيال بي نظير بوتو.,NO_EVENT
AAW_ARB_20080821.0089-9,إنها خطوة تفوق أهميتها خطوات من نوع خطف جندي اسرائيلي أو إطلاق صواريخ أو تفجير حافلة ركاب أو مهاجمة سيارات بجرافة.,NO_EVENT
AAW_ARB_20070404.0087-5,وذكرت حبيبة حسن أنها الوحيدة في أسرتها التي بقيت في المنزل، وهي تريد أن تغادره ولكن كثافة النيران تمنعها من ذلك، خصوصا أن بعضا من جيرانها قتلوا من جراء القصف، لذلك فأنها لزمت البيت، وأصبح الهاتف هو الوحيد الذي يربطها بالعالم الخارجي.,NO_EVENT
AAW_ARB_20071018.0074-37,وجزء من ذلك يمكن التوصل إليه عبر سرية بوش ـ تشيني التقليدية، من مذكرات التعذيب إلى حظر صور الأكفان العسكرية.,NO_EVENT
AAW_ARB_20070402.0038-7,وأضاف «ان الجزائر سبق ان حذرت من آفة الإرهاب ذات الأبعاد الدولية إلا أن البعض اعتبرها ظاهرة وطنية خاصة بكل دولة واليوم وبعد أحداث 11 سبتمبر (أيلول) 2001 في الولايات المتحدة، والعديد من التفجيرات في مناطق متفرقة من العالم، بدأ العالم يتحرك».,NO_EVENT
AAW_ARB_20071217.0032-12,ولدى سؤاله عن محاولات الاغتيال التي تعرض لها، رد خلف ضاحكاً: «ربما ذلك يعني انني ناجح في عملي».,NO_EVENT
AAW_ARB_20080707.0012-8,حتى مساء أمس استمر وليد عبد الحميد، مدير نيابة مركز بنها (شمال القاهرة) في التحقق في مذبحة وقعت قبل يومين في منطقة تسمى «عزبة الكلافين».,NO_EVENT
AAW_ARB_20081125.0002-4,"ويأتي ذلك فيما طلبت الشركات البحرية من الأمم المتحدة فرض حصار بحري على السواحل الصومالية لمنع أعمال القرصنة, إلا أن رد الفعل الأولي لحلف الناتو كان متحفظا، إذ قال إنه يحتاج لدراسة الفكرة، مشيرا الى أنه لا خطط حالية للتدخل البري أو البحري.",NO_EVENT
AAW_ARB_20080422.0020-2,لكنه قال ان القيادات الاسرائيلية والأميركية ترفض مساعدتها على التقدم بخطوة كهذه من جراء مقاطعتها وفرض حصار دولي عليها.,NO_EVENT
AAW_ARB_20080929.0023-17,وتابعت الصحيفة ان الإرهاب «ضرب من جديد في قلب عاصمة العروبة، التي كانت على الدوام عنوان الصمود والتحدي، والتي تقول لا، لكل المخططات والمؤامرات التي تستهدف النيل من الأمة العربية، وتاريخها وحاضرها ومستقبلها، ورفضت، وترفض، كل المشاريع الوافدة من وراء البحار أو من المنطقة نفسها».,NO_EVENT
AAW_ARB_20080711.0006-1,فجر السويسري جوزيف سيب بلاتر رئيس الاتحاد الدولي لكرة القدم (الفيفا) قضية كبرى باعلانه انه تحدث مع ثلاث دول لتكون على استعداد لاستضافة مونديال عام 2010 بديلا لجنوب أفريقيا، اذا فشلت الاخيرة في حسم المشاكل التنظيمية العديدة التي تواجهها، في اقرب وقت.,NO_EVENT
AAW_ARB_20081202.0030-33,وقد أفادت الشرطة بعد ساعات من التحقيقات بأن كساب اعترف بأن العمليات انطلقت من ميناء كراتشي الباكستاني، حيث خرجوا في قارب ثم اختطفوا سفينة صيد هندية في طريقهم، وقالت الشرطة بعد ذلك أنهم وجدوا السفينة وعلى متنها جثة ربانها، منحور العنق ويداه مربوطتان.,NO_EVENT
AAW_ARB_20081005.0014-17,لم يستطع المسؤولون الكينيون الإجابة على تلك الأسئلة، وما زاد من الغموض في القضية كشف أحد أقارب البحارة هذا الأسبوع أنه قبيل مغادرة السفينة تم تحويل شحنتها من سيارات إلى دبابات؟,NO_EVENT
AAW_ARB_20070605.0014-4,واضاف ان «شخصا قتل واصيب ثلاثة بجروح بانفجار عبوة ناسفة في منطقة باب المعظم شمال بغداد».,NO_EVENT
AAW_ARB_20081208.0039-4,واضاف «ليس لدي تعريف آخر لما نراه إلا أنه مذبحة منظمة.,NO_EVENT
AAW_ARB_20071124.0044-5,وأضاف «أقول لكل الذين غرر بهم ان ما حصل كان هدفا ضد كل العراق وليس جماعة او طائفة بعينها، فان كان المغرر بهم بسبب المادة فهناك طريق أشرف من القتل والاختطاف والذبح بوحشية، وإن كان بسبب المذهب او المبادئ فكل ما قاله الأمراء وأسيادهم كان كذبا فهم يتلقون دعما ماديا لقتل كل ما هو عراقي».,NO_EVENT
AAW_ARB_20081125.0030-13,وصرح أمين عام الحلف الأطلسي ياب دي هوب شيفر، ان «الحلف الاطلسي لا ينوي فرض حصار على الموانئ (الصومالية)»، مؤكدا ان مجلس الأمن الدولي لم يعط ضوءا أخضر لأي عملية من هذا القبيل.,NO_EVENT
AAW_ARB_20070809.0029-3,وقال العصيمي لـ«الشرق الأوسط» حول التصريح الذي أدلى به النائب العراقي رضا جواد تقي، موضحاً فيه تعرض ابنه للضرب بالهراوات والعصي من قبل رجال الهيئة، احتجاجاً على تأديته الصلاة وفق المذهب الشيعي، «هذا الكلام غير صحيح، ولم تحدث أية اعتداءات داخل الحرم».,NO_EVENT
AAW_ARB_20080424.0037-7,وقال بيان لحماس انها تهنئ أبناءها في الكتلة الإسلامية في جامعة بيرزيت، بحصولهم على 19 مقعداً من اصل 51، وذلك رغم «الضربة الأمنية القاسية» التي تتعرض لها حركة حماس في الضفة الغربية، ورغم «الملاحقات الأمنية المتواصلة لقيادات وعناصر الكتلة الإسلامية في جامعة بيرزيت .,NO_EVENT
AAW_ARB_20070427.0078-12,مرة أخرى جرني الحديث الى غير ما اعتزم تناوله في هذا المقال، واحتل المساحة المخصصة مما يوجب علي الاختصار.,NO_EVENT
AAW_ARB_20070730.0049-2,وفي اطار تعزيز سيطرته على المناطق التي دخلها في المخيم القديم، قام الجيش بتفجير عدد من المباني ومشط الطرق الداخلية بحثا عن افخاخ وألغام لتفادي تكرار ما حصل لجرافة عسكرية سقطت في فخ هو عبارة عن حفرة عمقها 9 امتار.,NO_EVENT
AAW_ARB_20080726.0031-1,بعد صمت طويل، خرج رئيس الوزراء الإسرائيلي، ايهود أولمرت، بتصريحات هجومية صريحة ضد الشرطة ومحققيها ورجال النيابة المتعاونين معهم، اتهمهم فيها بمحاولة تحطيمه.,NO_EVENT
AAW_ARB_20070130.0087-50,تتكاثف غيوم الغموض الأميركي مع تكثيف التهديدات الشفهية لإيران، وملاحقة عملائها المتسللين الى العراق (31 ألف عميل نشرت منظمة مجاهدي خلق المعارضة أسماءهم)، وبالحشد البحري ونشر الصواريخ المضادة للصواريخ في الخليج وأوروبا الشرقية.,NO_EVENT
AAW_ARB_20070310.0066-28,وعاد رجل الاعمال الكويتي محمد البحر الى قائمة هذا العام بعد ان خرج منها في القائمة الماضية، واحتل المركز 717 بثروة تبلغ 1.4 مليار دولار.,NO_EVENT
AAW_ARB_20081109.0014-6,وشد خطف هذه السفينة أنظار العالم إلى خطورة ما باتت عليه نشاطات القراصنة بالنظر إلى أن عنابر السفينة تحوي شحنة من الأسلحة منها 33 دبابة من طراز «ت ـ 72»، ووحدات دفاع جوي وقاذفات صاروخية وذخيرة يُخشى وصولها إلى جهات متطرفة في الصومال.,NO_EVENT
AAW_ARB_20081125.0030-5,يمكن (للامم المتحدة) فرض حصار على طول السواحل الصومالية».,NO_EVENT
AAW_ARB_20070207.0061-15,ففي غينيا، مثلاُ، يعتبر ختان الإناث جريمة منذ عام 1965 يعاقب عليه القانون بالسجن مدى الحياة او الاعدام.,NO_EVENT
AAW_ARB_20061130.0032-1,ضرب «هاجس» التظاهر الشارع اللبناني قبل ان تنزل اليه قوى المعارضة تنفيذاً لتهديدها باسقاط «الحكومة غير الدستورية»، فقد ادى الغموض الذي تعمدت المعارضة اسباغه على توقيت تحركها ونوعيته الى ارباك كبير في الشارع اللبناني بلغ حد امتناع بعض الاهالي عن ارسال اولادهم الى المدارس وترقب نشرات الاخبار لمعرفة «ساعة الصفر» التي قيل ان الامين العام لـ«حزب الله» السيد حسن نصر الله سيعلنها في خطاب متلفز حددت الشائعات موعده اكثر من مرة، قبل ان يحدده نصر الله نفسه وفقاً لـ«التفويض» الذي ناله من قيادات المعارضة.,NO_EVENT
AAW_ARB_20070722.0092-15,التقارير المتنوعة عن تعرّض الممرضات والطبيب من أصل فلسطيني للتعذيب أسقطت من المتابعة، أما الأهم، فهو تقاطع معلومات من مصادر متعددة حول أن تفشي العدوى بدأ قبل وصول الممرضات والطبيب إلى المستشفى الليبي.,NO_EVENT
AAW_ARB_20070311.0065-6,وقال سكان محليون من عفر وبعض مسؤولي الاقليم ان الرهائن نقلوا الى اريتريا وربما كانوا في ايدي انفصاليين من عفر.,NO_EVENT
AAW_ARB_20081116.0021-19,أما وأن النظام السوري استخدم هذا الملف بشكل استباقي، فكان لا بد من دحض هذه الاتهامات بمعلومات موثقة، والاساس ان تكون هناك جهة محايدة تستقصي الحقائق استناداً الى المعلومات الدقيقة والدامغة».,NO_EVENT
AAW_ARB_20080623.0066-8,* خطفت التقنيات والاجهزة التي حملها واستخدمهــا الصحفيــون القادمون من شرق اسيا انظار الصحــافيين والاعـلاميين المشاركيين في تغطية المؤتمر.,NO_EVENT
AAW_ARB_20070820.0093-11,انتهى كلام التوحيدي، لكن يجب أن أستدرك وأقول: طبعاً وأكيد أن ليس كل أهل بغداد في ذلك الحين هم على هذه الشاكلة، فلا شك أن هناك أيضاً فقراء ومعدمين، لكن من حُسن حظهم أن السيارات المفخخة لم تخترع بعد، وأن ثقافة الانتحار لم تجر في عروق المجانين مجرى الدم.,NO_EVENT
AAW_ARB_20070413.0059-18,الأسهم العمانية: استمر تراجع السوق العمانية خلال جلسة أمس وسط انخفاض محدود في قيمة التداولات ليفقد المؤشر بواقع 0.14%، متراجعا الى مستوى 5656.39 نقطة بعد تداولات بواقع 7.83 مليون سهم بقيمة 3.85 مليون ريال، تم تنفيذها من خلال 1920 صفقة، وقد ارتفعت اسعار اسهم 27 شركة مقابل انخفاض اسعار اسهم 10 شركات، حيث كان الارتفاع بقيادة سهم صناعة مواد البناء بنسبة 8.04% عندما اقفل عند سعر 0.121 ريال عماني تلاه سهم الانوار القابضة بنسبة 6.78% وصولا الى سعر 0.189 ريال عماني، في المقابل سجل سهم العمانية للهندسة اعلى نسبة انخفاض بواقع 10% واقفل عند سعر 0.270 ريال عماني تلاه سهم نسيج عمان القابضة بنسبة 7.31% واستقر عند سعر 0.609 ريال عماني، وقد احتل سهم صناعة مواد البناء المرتبة الاولى من حيث كمية الاسهم المتداولة بواقع 1.63 مليون سهم تلاه سهم الانوار القابضة بتداول 1.56 مليون سهم، كما احتل سهم فنادق الباطنة المرتبة الاولى من حيث قيمة الاسهم المتداولة بواقع 528 الف ريال عماني تلاه سهم عمانتل بقيمة 427 الف ريال عماني.  >,NO_EVENT
AAW_ARB_20080804.0010-6,واستبعد المصدر السوري ان يكون اغتيال العميد سليمان، قد تم على خلفية طموحات سياسية وتنافس بين سليمان وغيره من اجنحة النظام السوري، موضحا ان دور سليمان كان أهم من اي مسؤول سياسي اخر بالنظام، موضحا أنه كان أقرب شخص الى الأسد، وكانت سلطاته تتجاوز وزير الدفاع السوري ورئيس الأركان.,NO_EVENT
AAW_ARB_20081211.0064-13,قمة اسطنبول بادرة بحث عن فرصة افضل، للتنسيق والانفتاح والتقارب الاقليمي، وازالة حالات الاحتقان والتوتر والجمود، وخطوة على طريق نزع فتيل التفجيرات الطائفية والمذهبية والعرقية، وليس محاولة زرعها وريها لتثمر انشقاقات وخلافات وشرذمة نحن في غنى عنها في هذه الأيام.,NO_EVENT
AAW_ARB_20070707.0020-11,وقالت محطة تلفزيون (سي.ان.ان) الاخبارية الاميركية ان الشرطة البريطانية التي تحقق في مخطط السيارات المغلومة المشتبه به عثرت على رسالة انتحار تركها أحد الرجلين اللذين اقتحما بالسيارة الجيب مطار غلاسكو.,NO_EVENT
AAW_ARB_20080705.0049-7,فيوم أول من أمس قتل فتى في السادسة عشرة طعناً بسكين في وضح النهار بأحد أحياء جنوب المدينة، ونقلت الشرطة عن شهود عيان أنهم شاهدوا زمرة من الشبان كانوا يطاردونه قبل الإجهاز عليه.,NO_EVENT
AAW_ARB_20080802.0025-34,من جهة اخرى في اسلام اباد رفضت باكستان بغضب امس تقريرا لصحيفة نيويورك تايمز ذكر أن وكالات مخابرات أميركية خلصت الى أن أفرادا بالمخابرات الباكستانية ساعدوا في التخطيط لهجوم انتحاري على السفارة الهندية في كابل الشهر الماضي.,NO_EVENT
AAW_ARB_20070624.0014-3,وفي ظل دوران الوساطات في حلقة مفرغة، وبعد دخول اقتراح جديد على الوساطة تفضي الى تشكيل محكمة اسلامية شرعية لمحاكمة عناصر «فتح الاسلام» الذين اعتدوا على الجيش وغدروا بجنوده في 20 مايو (ايار) الماضي، اكد مصدر عسكري لبناني لـ«الشرق الاوسط» امس ان الجيش سيفرض حصاره على الجزء القديم من المخيم حتى تسليم الذين اغتالوا الجنود واعدا بـ«معاملة خاصة» للمقاتلين غير المتورطين في الاغتيالات التي استهدفت جنودا عزل.,NO_EVENT
AAW_ARB_20070331.0028-8,وقام الخاطف السوداني محمد عبد اللطيف محمد ،24 عاما، بالاستسلام من دون مقاومة، وكان يحمل سكينا ومسدسا مكناه من خطف الطائرة التي كانت تقوم برحلة داخلية.,NO_EVENT
AAW_ARB_20061103.0040-2,من ناحية ثانية اغتال مسلحون عميد كلية تابعة لجامعة بغداد مع زوجته وابنه صباح امس.,NO_EVENT
AAW_ARB_20061125.0124-1,للأسف نحن العرب والمسلمين سكتنا وشجعنا ما يجري، من خلال بعض وسائل الاعلام، التي اخذت تشجع القتل والتفجير والاغتيال، بوصفها جميعا أعمالا مقاومة للاحتلال.,NO_EVENT
AAW_ARB_20080611.0011-9,من جهة ثانية قالت مصادر سودانية أمس ان الخرطوم ستطلب من الانتربول توقيف 20 من قادة المتمردين في دارفور متهمين بالضلوع في هجوم مسلح ضد العاصمة السودانية في 10 مايو (أيار).,NO_EVENT
AAW_ARB_20070808.0082-22,أما في حالة الاحتمال الثاني، فيجب أن نسلح جنوب السودان، مع احتمال فرض حصار على بورتسودان.,NO_EVENT
AAW_ARB_20070216.0038-11,وفي العام الأخير، صدرت احكام بحق عشرة ايرانيين من العرب على الاقل وبالطريقة نفسها، بحسب المصدر ذاته.وتقول المنظمة انه منذ مارس (آذار) 2006، اعدمت السلطات الايرانية 12 رجلا في محافظة خوزستان، بعدما ادينوا بتهمة تنفيذ تفجيرات في الاهواز عاصمة خوزستان في اكتوبر (تشرين الاول) 2005 ويناير (كانون الثاني) 2006.,NO_EVENT
AAW_ARB_20080412.0036-4,واغتال مسلحون مجهولون بعد صلاة الجمعة أمس رياض النوري مدير مكتب التيار الصدري، وصهر الصدر في النجف قرب منزله، بعد يومين فقط من وصول الصدر الى النجف تاركا مدينة قم الايرانية بصورة «سرية»، حسب اوامر من السلطات الايرانية، بحسب ما ذكرته مصادر عراقية موثوقة في قم والنجف لـ«الشرق الاوسط» امس.,NO_EVENT
AAW_ARB_20070503.0021-4,الطفل احمد عمر، 11 عاما، طالب في الابتدائية من الفلوجة، قال «بعد أن تصاعدت العمليات العسكرية التي قامت بها القوات الأميركية وازدادت معها عمليات القتل وبعد أن اتخذت دبابة أميركية قرب باب منزلنا موقعا لها تركنا المنزل وقدمنا إلى السليمانية قبل سنة».,NO_EVENT
AAW_ARB_20081105.0083-23,ولكن العالم عام 2008، هو غيره عام 1948، والرأي العام العالمي بالنسبة لإسرائيل قد تغير، والعالمين العربي والإسلامي يملكان من القدرات والإمكانات السياسية والمالية والاعلامية، ما يؤهلهما لحل القضية الفلسطينية وإنصاف الشعب الفلسطيني، بطرق عدة، غير الطرق التي اوصلتها الى حيث اوصلتها، ولا سيما الطريق الذي يتحدث عنه الرئيس الإيراني احمدي نجاد وغيره من الحالمين بتصفية الحسابات مع الغرب... بالصواريخ والقنابل النووية والسيارات المفخخة.,NO_EVENT
AAW_ARB_20071019.0077-6,* توالى النشر في الأسابيع الأخيرة في الصحف الأمريكية والتعليقات من مصادر أمريكية حول فضيحة المذكرات السرية الصادرة من وزارة العدل الأمريكية ـ في عهد وزيرها السابق عضو عصابة المحافظين المتطرفين ـ والتي يتيح أنواعا من التعذيب للمعتقلين والمشتبه فيهم، بالمخالفة للقانون الأمريكي الذي كان من المفروض بعد صدوره أن تلغى تلك المذكرات ولكن اتضح أنها سارية المفعول.,NO_EVENT
AAW_ARB_20061102.0021-1,القدس ـ د.ب.أ: نقلت الإذاعة العبرية العامة عن عضو الكنيست السابقة، داليا رابين ايتسيك، ابنة رئيس الوزراء الاسرائيلي الراحل إسحق رابين أمس تحذيرها من حدوث اغتيال سياسي آخر في إسرائيل.,NO_EVENT
AAW_ARB_20081005.0014-14,والظروف المحيطة باختطاف فانيا، السفينة الأوكرانية، في 25 سبتمبر (أيلول) على بعد 200 ميل من الساحل الصومالي تبدو مريبة إلى حد ما، فلماذا تُركت السفينة دون حراسة في واحدة من أكثر المياه خطورة في العالم وهي تحمل على متنها 33 دبابة و150 قاذفة قنابل وستة مدافع مضادة للدبابات وكما هائلا من الذخيرة؟,NO_EVENT
AAW_ARB_20080916.0014-5,يذكر أنه سبق للاجهزة الامنية التابعة للحكومة المقالة أن أوقفت أشخاصا بعد الاشتباه بمشاركتهم في اطلاق قذائف صاروخية على النقب، عقب سريان اتفاق التهدئة الذي تم التوصل اليه بين اسرائيل وفصائل المقاومة برعاية مصرية في يونيو (حزيران) الماضي.,NO_EVENT
AAW_ARB_20080114.0045-2,كما عثر على سجن ومكان للتعذيب.,NO_EVENT
AAW_ARB_20070526.0045-9,وتابع أن السفارة الهندية في نيروبي أبلغت بهذا الهجوم.,NO_EVENT
AAW_ARB_20080214.0003-10,الاستثناء الوحيد سورياً، كان المواقع الالكترونية الشبه مستقلة، مثل «سريانيوز» و«داموس بوست» التي نقلت الخبر وخصصت له مساحة مناسبة، ويعلق أحد المدونين السوريين في اتصال هاتفي مع «الشرق الأوسط» بالقول إن المصدر المحلي للمعلومات حول الاغتيال كان المدونات والفضائيات والمواقع العربية، حيث لم ينقل الاعلام الرسمي سوى عبر شريط الاخبار صباح أمس بنص مقتضب للغاية جاء فيه «الداخلية السورية: انفجار يؤدي الى مقتل شخص في دمشق».,NO_EVENT
AAW_ARB_20080215.0019-3,ونفى الاسلامي المصري السباعي عضو الجهاد المصري السابق، أي علاقة بين مغنية و«القاعدة»، مؤكدا ان مغنية «المتهم بالتآمر لخطف طائرات واحتجاز رهائن وقرصنة جوية أفضت إلى القتل، لم يكن له أي دور في ترتيب ملف عناصر القاعدة المختبئة حاليا في ايران».,NO_EVENT
AAW_ARB_20081108.0124-17,وشددت خبيرة مركز البحوث الجنائية على أن «المرأة التي تعيش في ظروف اجتماعية أفضل تجد متنفساً للتعبير عن غضبها بعيداً عن الضرب المبرّح الذي قد يفضي إلى الموت أحياناً في لحظة غضب عمياء، ولكن هذا لا يمنع أن السيدات في المجتمعات الراقية يضربن أزواجهن أيضاً، ولكن ليست بنفس نسبة المرأة في المجتمعات الفقيرة».,NO_EVENT
AAW_ARB_20080707.0022-19,وكان كاسترو انتقد في مقال خلال الأسبوع الجاري اثر الإفراج عن بيتانكور و14 رهينة آخرين، الوسائل التي تستخدمها حركة التمرد.,NO_EVENT
AAW_ARB_20061129.0041-10,سادسا: استنكار الجريمة النكراء التي اودت بحياة الوزير والنائب الراحل الشيخ بيار امين الجميل وادانة هذه الجريمة وما سبقها من جرائم مماثلة وخاصة جريمة اغتيال الرئيس الشهيد رفيق الحريري، والدعوة الى كشف الجناة ومحاكمتهم امام المحكمة ذات الطابع الدولي والتي هي محل اجماع اللبنانيين جميعا لقطع دابر الفتنة ووضع حد لهذا المسلسل من الاعمال الاجرامية المدانة.,NO_EVENT
AAW_ARB_20070510.0074-26,والنكتة الأخرى التي تقول ان رتل دبابات الانقلابيين تتقيد بقانون الحركة في الإشارات الضوئية، وهي ذاهبة لتمزيق الدستور الذي هو مصدر كل القوانين.,NO_EVENT
AAW_ARB_20081113.0026-26,تتضمن المادة 75 فقرات مخصصة لضمان إقامة محاكمات عادلة، وتمنع أيضا العقاب البدني والتعذيب العقلي وممارسة العنف ضد «الصحة الجسدية أو العقلية» للمعتقلين.,NO_EVENT
AAW_ARB_20080526.0035-41,وعلى الرغم من أن التابعين للصدر قد تمكنوا من ضمان الولاء عن طريق تقديم الطعام والملاذ وبعض الخدمات الأخرى التي تحتاجها المدينة، فقد أخذ بعض المقاتلين في نهب بعض النشاطات التجارية وتهريب الوقود وخطف بعض الموطنين طلبا لفدية.,NO_EVENT
AAW_ARB_20080120.0022-29,لكن التحقيقات الأولية التي أجريت من قبل «البنتاغون» و«إف.بي.آي» والحكومة العراقية لم تجد أي دليل يدعم شهادة سلاو، فلم تكن هناك سيارة مفخخة، ولا إشارات عن نيران قادمة من أعداء أو متمردين.,NO_EVENT
AAW_ARB_20071212.0019-19,وقال: «من العار مصافحة تلك الأيدي الغارقة بدماء الأبرياء والموغلة منذ صباح اليوم (امس) في جرائم القتل جنوب وشمال قطاع غزة وتوزيع الابتسامات أمام عدسات الصحافيين، إذ أن التحضير للقاء غد بدأ فعليا منذ فجر اليوم في هذا العدوان الغادر».,NO_EVENT
AAW_ARB_20080401.0018-3,وأوضح المصدر أن «قادة إرهابيين» يوجدون ضمن المدانين بالاعدام، والذين يوجدون حاليا في صفوف تنظيم «القاعدة ببلاد المغرب».,NO_EVENT
AAW_ARB_20071120.0047-1,أحبطت الشرطة الهندية محاولة اختطاف 3 من كبار السياسيين الهنود بينهم رئيس وزراء سابق على أيدي 3 متطرفين من جيش محمد.,NO_EVENT
AAW_ARB_20071112.0033-4,واعترف محافظ كربلاء حول ما ورد من انباء عن تعذيب بعض العوائل ومقتل طفلتين خلال التعذيب على ايدي الشرطة في المحافظة، وقال «هذا الحادث صحيح ومنذ ان عرفنا في مقر قيادة عمليات المحافظة تم تشكيل لجنة تحقيق مختصة من قبل وزارة الداخلية، وهناك بعض العوائل قالت انها تعرضت للتهديدات وقد انتهت اللجنة من اعمالها امس (اول من امس) وسترفع تقاريرها الى وزارة الداخلية»، مشيرا الى ان «اجهزة الاعلام عملت على تضخيم الخبر وتسييسه بطريقة بعيدة عن المصداقية، لكننا نؤكد أننا مع أي قرار يتخذه القضاء العراقي».,NO_EVENT
AAW_ARB_20080306.0003-1,قال مصدر إسرائيلي إن وزير الدفاع الإسرائيلي إيهود باراك يدرس من الناحية القانونية إمكان إخلاء أحياء في قطاع غزة تستخدم لإطلاق صواريخ فلسطينية على إسرائيل من خلال إلقاء مناشير تدعو السكان للرحيل.,NO_EVENT
AAW_ARB_20081001.0028-13,وأكد عدد من الرهائن الايطاليين انهم لم يشهدوا عملية انقاذ بل تركهم خاطفوهم ثم قادهم مرشدوهم المصريين الى بر الامان.,NO_EVENT
AAW_ARB_20070415.0047-36,26 مارس (آذار) 2005 تفجير سيارة مفخخة في منطقة صناعية شمال شرق بيروت يسفر عن جرح ستة أشخاص.,NO_EVENT
AAW_ARB_20070115.0049-7,ويأتي توقيف الناشط السلفي الموريتاني بعد أيام من اعتقال ثلاثة عناصر يشتبه في عضويتهم بالتيار السلفي ضمنهم أجنبيان، ويعتقد أن لهم صلة بالهجوم الذي استهدف حامية عسكرية في الشمال الموريتاني في يونيو (حزيران) 2005، وراح ضحيته أكثر من 20 جنديا، حسب الرواية الرسمية.,NO_EVENT
AAW_ARB_20070624.0029-1,قال الناطق باسم حلف شمال الاطلسي دونالد كوربي في خوست امس ان 60 عنصرا من حركة طالبان قتلوا ليلة اول من امس في ضربات جوية للحلف في جنوب شرقي افغانستان في اكبر عملية في هذه المنطقة منذ مطلع السنة.,NO_EVENT
AAW_ARB_20080130.0031-14,واستدرك المصدر قائلا أن المصريين باتوا يدركون أن التوصل لتسوية بشأن المعبر يجب أن تسبقه تسوية الصراع السياسي بين فتح وحماس الذي تفجر في أعقاب سيطرة حماس العسكرية على القطاع.,NO_EVENT
AAW_ARB_20080429.0022-3,وقال بيان صادر عن القيادة الاميركية اوردته وكالة الصحافة الفرنسية ان «الجنود الاميركيين قصفوا بمدافع 120 ملم من دبابات ابرامز ام1ايه12 وبالرشاشات وقتلوا 22 مجرما وارغموا القوات المهاجمة على التراجع».,NO_EVENT
AAW_ARB_20070617.0023-2,وفي اطار جهودها المتواصلة الرامية الى تسريع عملية حصر وتقييم الممتلكات في المناطق المتأثرة بالاعصار المداري (غونو) الذي ضرب بعض مدن ومناطق سلطنة عمان، عقدت اللجنة المكلفة اجتماعها الثاني أمس برئاسة السيد علي بن حمود البوسعيدي وزير ديوان البلاط السلطاني رئيس اللجنة بحضور كل من وزير الداخلية ووزير الدولة ومحافظ مسقط والدكتورة وزيرة التنمية الاجتماعية وأمين عام وزارة الاقتصاد الوطني واللواء مساعد المفتش العام للشرطة والجمارك.,NO_EVENT
AAW_ARB_20080426.0024-6,وتبنت حركة طالبان في باكستان مسؤولية هذا الاعتداء، الا انها اكدت في الوقت نفسه انها لا تزال متمسكة بمفاوضات السلام الجارية حاليا مع الحكومة الجديدة.,NO_EVENT
AAW_ARB_20070601.0077-8,قلت لمحدثي: إن ذلك لا يبعث على الضحك، أجابني: لو انك في تلك الليلة سمعت بعض دعاء النساء، والكلمات الصاروخية التي خرجت من أفواه بعضهن (فيمين بالله) لسوف يصيبك البلل من شدة الضحك.,NO_EVENT
AAW_ARB_20081029.0015-1,أدانت الصين امس قتل 3 من مواطنيها خطفتهم جماعة متمردة، كرهائن، ضمن مجموعة من 9 عمال يعملون في حقل نفطي في ولاية جنوب كردفان بالسودان، ولقوا مصرعهم في محاولة انقاذ فاشلة اول من أمس، وفق ما قالت الخارجية في بكين.,NO_EVENT
AAW_ARB_20070619.0035-25,ومخاوفي هي مخاوف جميع العقلاء من أن ينفجر الوضع والذي لن يقتصر تأثيره على المنطقة فحسب بل والعالم أجمع.,NO_EVENT
AAW_ARB_20070503.0031-3,ووجهت لهما المحكمة 51 تهمة تتراوح بين جرائم ضد الانسانية وقتل واغتصاب وتعذيب.,NO_EVENT
AAW_ARB_20080731.0015-27,وحسب مصادر عسكرية اسرائيلية، فإن هذا النظام يعمل على النحو التالي: أجهزة الرصد الأميركية ترصد أية عملية تمهيد (تسخين) لإطلاق صاروخ طويل المدى في أية بقعة تخضعها للمراقبة.,NO_EVENT
AAW_ARB_20070323.0081-28,والضحية الأخرى لـ«الحديث مع أميركا» هو بهزاد نبوي، الذي كان نائبا لرئيس الوزراء، وتفاوض حول الإفراج عن الرهائن الأميركيين مع مساعد وزير الخارجية الاميركية ووارن كريستوفر في الجزائر.,NO_EVENT
AAW_ARB_20071027.0011-83,إلا ان التفسير الأرجح هو ان القادة السوريين كانوا يريدون حماية الفلسطينيين من حدوث مذبحة، وذلك من خلال تأمين ملاذ لهم شمال الأردن يمكنهم منه التفاوض مع الملك حسين.,NO_EVENT
AAW_ARB_20080510.0008-18,ومن جهة أخرى، قررت المحكمة إرجاء النظر في ملف المتهم هشام الخديري، الى غاية 15 مايو (ايار) الجاري، من أجل منح مهلة لمحاميه لإعداد الدفاع، وبالتالي سيتم ضم ملفه مع ملف مجموعة الرايضي (انتحاري حي الفرح بالدار البيضاء).,NO_EVENT
AAW_ARB_20061218.0051-35,وشدد هذا الضابط الذي تدرب في فرنسا على انه «بدون قوات جوية وبدون دبابات ومصفحات لن يكون ممكنا القيام بحرب».,NO_EVENT
AAW_ARB_20061121.0020-1,قررت لجنة الشؤون الخارجية في البرلمان الهولندي عقب اجتماعها أمس، الانتظار إلى ما بعد الانتخابات البرلمانية التي تنطلق يوم غد الأربعاء وتأجيل عقد جلسات داخل المجلس لمناقشة ملف تورط ضباط هولنديين في تعذيب عراقيين داخل احد السجون في محافظة المثنى العراقية، وهي المنطقة التي كان يتمركز فيها 1300 جندي هولندي شاركوا ضمن قوات دولية لحفظ الاستقرار في العراق، في أعقاب سقوط نظام الرئيس العراقي السابق.,NO_EVENT
AAW_ARB_20080620.0016-13,وساعد على تسفير اعضاء من حزب الله اللبناني الى فنزويلا، وناقش مع بعضهم نشاطات، منها امكانية خطف، والقيام بعمليات ارهابية.,NO_EVENT
AAW_ARB_20071107.0143-11,وقد اطلع فرناندو بوترو، الذي ستعرض لوحاته عن ابو غريب في الجامعة الاميركية ابتداء من الاسبوع الحالي، عن التعذيب في سجن ابو غريب في صحيفة «نيويوركر»، وقدم تسجيله لما حدث.,NO_EVENT
AAW_ARB_20070321.0014-34,وصادقت الهيئة التمييزية بالاجماع على الحكم بالاعدام شنقا حتى الموت بحق رمضان بعد صدوره عن المحكمة الجنائية العليا في 13 فبراير (شباط) الفائت.,NO_EVENT
AAW_ARB_20080323.0028-31,يشير إلى تعرضه للتعذيب إذ كان جثمانه محروقا.,NO_EVENT
AAW_ARB_20080329.0029-4,وعقب الاجتماع قالت بهية الحريري: «اجتماع اليوم (امس) استثنائي بسبب المشكلة التي انفجرت في مخيم عين الحلوة اخيراً.,NO_EVENT
AAW_ARB_20080704.0002-5,كما اكد أن ما يصيب المسلمين في عصرنا الحاضر لا يكون مبرراً بأية حال للتفجير والتكفير.,NO_EVENT
AAW_ARB_20081202.0073-8,إنها ليست ضربة موجهة لهنري بولسون.,NO_EVENT
AAW_ARB_20081223.0017-1,أسدلت محكمة النقض المصرية أمس برئاسة المستشار حسن حمزة الستار على قضية مذبحة بني مزار بتأييد الحكم الصادر من محكمة جنايات المنيا ببراءة محمد علي عبد اللطيف المتهم بقتل 10 أشخاص من قرية شمس الدين التابعة لمركز بني مزار بمحافظة المنيا (جنوب القاهرة) قبل أكثر من عامين بعد اقتطاع أجزاء من أجسادهم.,NO_EVENT
AAW_ARB_20080325.0028-20,وأضاف: «نحن لم نعذب أي شخص.,NO_EVENT
AAW_ARB_20070614.0028-3,واعلن مسؤول امني كبير، مقتل خمسة من عناصر الشرطة واصابة ضابطين بجروح، احدهما برتبة عميد، في هجوم انتحاري اول من امس، استهدف مركز شرطة بلدة مندلي، شرق محافظة ديالى.,NO_EVENT
AAW_ARB_20080105.0023-7,وأكدت كتائب القسام في بيان عسكري مقتل أحمد نصر الكفارنة ومحمد عوض الكفارنة في بيت حانون.,NO_EVENT
AAW_ARB_20071007.0045-8,عام 1961 اختار برويز مشرف لنفسه الحياة العسكرية عندما التحق بالأكاديمية العسكرية الباكستانية في كاكول، وانتظم لاحقاً في سلاح المدفعية.,NO_EVENT
AAW_ARB_20070927.0052-2,وحسب المصدر فقد فجر الجيش الاسرائيلي المواد التي تسلمها من السلطة الفلسطينية في معسكر أبو غنيم شمال مدينة بيت لحم.,NO_EVENT
AAW_ARB_20070129.0013-2,وارتفع عدد القتلى الى 25 قتيلا، اثر مقتل 4 فلسطينيين في حادثين منفصلين، بينما تزايدت اعداد المخطوفين باختطاف 6 من كوادر حماس أحدهم مسؤول كبير في الحركة في مدينة نابلس والمرافق الشخصي لنائب رئيس الوزراء، على ايدي مسلحين من كتائب شهداء الاقصى الجناح العسكري لفتح.,NO_EVENT
AAW_ARB_20080606.0040-20,اما السعودي فيصل اكبر فانكر خلال استجوابه افاداته السابقة، مشيرا الى انها انتزعت منه بالاكراه والتعذيب.,NO_EVENT
AAW_ARB_20081026.0031-7,وهو ملاحق بتهمة المشاركة في «مؤامرة ارهابية» و«القتل» و«الارهاب» و«تقديم دعم مادي للإرهاب»، وهو كان من أوائل المعتقلين الذين وصلوا الى غوانتانامو مطلع 2002 ووجهت التهمة اليهم رسمياً واحيلوا الى لجنة عسكرية، وهو يواجه عقوبة السجن مدى الحياة.,NO_EVENT
