source_id,text,gold
nw_RC9f2f97e3659081e65918b572a6be1702649616800edd4c901d7bcaa7,"Trigger: flee
Document: That may encourage Thailand , controlled by a military regime , to cooperate when China seeks out dissidents living in tropical exile . Thailand ’s foreign minister , himself an army general , even gushed late last year that he would “ fall in love ” with his Chinese counterpart if only he were female . The hard - learned lesson for Chinese dissidents : If you plan to flee , try to flee farther than China ’s backyard . Prominent classified intelligence leakers sought by America — namely Julian Assange and Edward Snowden — have sought refuge with the help of Ecuador and Russia , among a small number of nations willing to defy the world ’s leading superpower . Likewise , as China ascends , it too is expanding the pool of countries willing to help capture dissidents on the lam .",movement.transportperson.evacuationrescue
nw_RC91d5c4421e75be25983306f4b8c4482eed6f3448a2c9c04e69370435,"Trigger: spy
Document: But Huma is more , much more than that . She is the person closest to the most powerful woman in American politics and perhaps the next President . Huma has been described variously as Hillary ’s “ body woman , ” a sort of glorified go - to personal maid , gentle confidant , and by others as an Islamic spy . She may be all of these things , because as we shall see , Huma Abedin has an interesting and complex career history . Politico and several other Beltway media outlets followed up on Stone ’s previous appearance on Breitbart News Daily : “ Trump Ally : Clinton Aide Could Be ‘ Terrorist Agent ’ ” :",government.spy.spy
nw_RC49a5130478f9e2812857c5162a59588c5b0a202d2fc53f9f54a9673f,"Trigger: charges
Document: The samovar - engraved with the letters "" FSB "" and the organisation 's logo - been presented to the head of the Investigations Committee 's Internal Security Directorate , Mikhail Maksimenko , and was left sitting in his office , Moscow daily Izvestiya reports . The three were arrested in July , but details of the bugging operation have only just been revealed as their case comes to court . A court in Moscow detained Maksimenko and senior officials Denis Nikandrov and Alexander Lamonov over charges that they accepted bribes from a known crime kingpin , Kommersant reports . All three deny the accusations and claim that the FSB surveillance activities against them were "" illegal "" and did n't implicate them in bribe - taking anyway . Their conversations were "" the prattle of tipsy men , "" Nikrandov told the court .",justice.initiatejudicialprocess.chargeindict
nw_RCac2c25fbd5bac97a7613717a6e7e3dd5dcad3cf51a7687ccb99d1e9e,"Trigger: building
Document: And a lot of really smart , wealthy people know that , and they are saying , "" Hey , we need to do more to make the contributions we should be making to rebuild the middle class . "" I do n’t think top - down works in America . I think building the middle class , investing in the middle class , making college debt - free so more young people can get their education , helping people refinance their — their debt from college at a lower rate — those are the kinds of things that will really boost the economy . Broad - based , inclusive growth is what we need in America , not more advantages for people at the very top . LESTER HOLT : Mr. Trump , we ’re —",manufacture.artifact.n/a
nw_RCf60c078187bffaada7fa2cdbcfca0c3c77ce70efa64730d73d6e6d24,"Trigger: trafficking
Document: Donald Trump repeatedly defended his claim that the Mexican government is sending criminals and rapists to the United States . But a range of studies shows there is no evidence immigrants commit more crimes than native - born Americans . Moreover , the vast majority of unauthorized immigrants in prison do not belong in the category that fit Trump ’s description : aggravated felons , whose crimes include murder , drug trafficking or illegal trafficking of firearms . Fox News host Megyn Kelly asked Donald Trump a pointed question about his verbal treatment of women . On the Sunday shows , Trump refused to apologize — and further asserted that Kelly lists things he did not say .",movement.transportartifact.n/a
nw_RCec31e419140946952fc3ee6dddc028382c448427b9f4e87003e8c271,"Trigger: vow
Document: She has done nothing remotely illegal , and her paranoia may be largely explained by the baseless charges of her overheated critics . After several investigations into the deaths in Benghazi , Republicans hunting for Hillary 's scalp came away with a whole lot of nothing . Trump 's vow to throw her in prison is an unnerving reminder of his scorn for Constitutional restraint . In fact , we endorse Hillary Clinton not just because Trump is such a scary alternative , but because she is ready for this job , in experience and temperament . Her flaws are outweighed by her virtues , and it 's not a close call .",contact.commitmentpromiseexpressintent.n/a
nw_RCe68704c32d4b70fdba98d589ba6ec318dbefff25af6527a5597aaacf,"Trigger: win elections
Document: The Koch - funded technology firm i360 manages all that data and produces those apps AFP canvassers rely on when they ’re knocking on doors . Its database is a vault of voting records , consumer data , census information and social media profiles on more than 250 million adults , i360 says , 190 million of whom are registered to vote . In today ’s high - tech politics , this kind of granular data is crucial for conducting the kind of targeted campaigns that win elections . “ They ’ve been very transparent about what they ’re trying to do , and I think a lot of people do n’t believe them , ” Wilson muses . “ They want to replace political parties . ”",personnel.elect.winelection
nw_RCd21d8f096a20d41a919bb780e18a47337ca60447a8640fd85f043fcc,"Trigger: arrested
Document: Investigators claim she murdered the girl , who is believed to have learning difficulties , after starting a fire at the child 's family home in a block of flats . Scroll down for video A burka - clad babysitter has been arrested in Moscow after she walked through the streets carrying the severed head of a four - year - old girl The nanny , Gyulchehra Bobokulova , 38 , from Uzbekistan , has been arrested . It is now known that the beheaded remains of the girl , identified as Anastasia ( Nastya ) Meshcheryakova , were discovered inside her cot .",movement.transportartifact.preventexit
nw_RCdf6547bbe4531938cc9bcdb5ba45e6bfd7d9d4835415fdb5bf4f4c9c,"Trigger: shoot
Document: All four girls married fighters approved by Isis – including an Australian and a US national – and two became widows within months of arriving in Syria , their families were told . In March last year , the Metropolitan police commissioner , Sir Bernard Hogan - Howe , said the teenagers could return home without fear of being prosecuted for terrorism , as long as no evidence emerged of them being engaged in violence . Akunjee told ITV : “ Leaving Isis is like trying to escape from Alcatraz , with a shoot - to - kill order added in ... Perhaps the only benefit out of this is as a tombstone and a testimony for others of the risks of actually going to a war zone , to dissuade people from ever making that choice . ”",life.die.deathcausedbyviolentevents
nw_RC41accc086aa06cb9397245c60a6930261c96eaf456ad98c470673189,"Trigger: poisoning
Document: The interview abruptly stops . It ’s 5.16pm . Hyatt dials the long telephone number , reaches “ Martin ” , and tells him that Litvinenko is gravely ill in hospital , the victim of an apparent poisoning by two mysterious Russians . Facebook Twitter Pinterest Police investigate Litvinenko ’s poisoning at the Millennium hotel in central London . Photograph : Alessia Pierdomenico / Reuters",conflict.attack.biologicalchemicalpoisonattack
nw_RCd02add6b9aaebe46a2f4b869577e948680b76d3d07699ca5de410039,"Trigger: shipment
Document: Oil prices have dropped below $ 30 a barrel in recent months , a fall of 70 percent since 2014 . Al Jazeera 's Bernard Smith , reporting from Doha , said that the challenge would be to get other producing countries , including Iran , to freeze production as well . Iran 's IRNA news agency said on Sunday the country had exported its first crude shipment to Europe since it reached a landmark deal last year with world powers . IRNA quoted Rokneddin Javadi , Iran 's deputy oil minister , as saying the shipment , the first in five years , marked "" a new chapter "" in Iran 's oil industry . Javadi said Iran had already reached an agreement to export oil to France , Russia and Spain .",movement.transportartifact.fall
nw_RC4ba4b4644f7d5b3102c7fa404a53a46bde982cc990ee2170143a7b21,"Trigger: compensated
Document: Early in her career , Clinton cultivated her hawkish reputation on the Senate Armed Services Committee , where she was “ looking to hone hard - power credentials , ” the Times writes . Eventually , she “ become a military wonk . ” One of the biggest influences on Clinton was Jack Keane , a retired four - star general whom the Times describes as “ a well - compensated member of the military - industrial complex ” and “ the resident hawk on Fox News , where he appears regularly to call for the United States to use greater military force in Iraq , Syria and Afghanistan . ” Keane took an immediate liking to Clinton and took her under his wing . He tutored her on Afghanistan , Iraq , Iran and more .",transaction.transfermoney.payforservice
nw_RC13cc2568553709c295752bfebf4d3e60cf00697f3cf6a431a6588175,"Trigger: arrested
Document: Advertisement Continue reading the main story Mr. Assange spoke from the Ecuadorean Embassy in London , where he has been holed up for four years . Sweden is seeking his extradition for an investigation into sexual misconduct allegations ; his supporters have expressed fear that if he is arrested , he could be sent to the United States and prosecuted for publishing leaked documents . After the Democratic chairwoman , Representative Debbie Wasserman Schultz , resigned Monday when Sanders supporters reacted angrily to revelations in the emails that party officials had privately rooted for Mrs. Clinton to win the presidential nomination , Mr. Assange told the news program “ Democracy Now ! ” that he had timed their release to coincide with the Democratic convention . “ Often it ’s the case that we have to do a lot of exploration and marketing of the material we publish ourselves to get a big political impact for it , ” he said .",movement.transportartifact.preventexit
nw_RCef94883e79e61dbec9487c2616bebfa0929188d26b4ed65ae2b91795,"Trigger: poisoning
Document: Apart from one important detail . Litvinenko never visits the hotel bathroom . He is not the source of the polonium ; it is his Russian companions - turned - executioners who bring it with them to London , in this , their second poisoning attempt . * * * The Soviet Union had a long tradition of bumping off its enemies .",conflict.attack.biologicalchemicalpoisonattack
nw_RC204664956406122e5039cf09f9c360b72cdc68d9cc0bdf187da24822,"Trigger: massacre
Document: 280 victims , including women , children and old people . Reason – cooperation with the Syrian army , ” The massacre is considered as one of the worst mass killings committed in Syria ever since the conflict began . Syrian news agency SANA reported that the massacre was committed in the contexts of daylong attacks on Deir el - zour since ISIS had gained advances in this region . ISIS controls most of the province , while the Syrian government controls a few neighborhoods in the northern part of the city .",life.die.n/a
nw_RC159ee4937751250ce6ca32169187da61658996991bf7ea599988412e,"Trigger: resigned
Document: First , her “ progressive ” base roundly rejected her vice presidential nominee , U.S. Senator Tim Kaine of Virginia . Then , the chairwoman of her party resigned in disgrace after getting busted colluding against her former rival , independent socialist U.S. Senator Bernie Sanders of Vermont . Finally , there ’s a new documentary out there exposing Clinton as the mother of all special interest whores .",personnel.endposition.n/a
nw_RCff32f5af1fcba12720fc6003bf6f96a3cc5628f52aa26450a408d378,"Trigger: payment
Document: Last month , NIOC 's director general for international affairs told Reuters that Iran "" would prefer to receive ( oil money owed ) in some foreign currency , which for the time being is going to be euro . "" Indian government sources confirmed Iran is looking to be paid in euros . Tehran has asked to be paid using the exchange rates at the time the oil was delivered , along with interest for those payment delays , Indian and Iranian sources said . Indian officials are working on a mechanism that could involve local banks United Commercial Bank ( UCO ) and IDBI Bank for handling payments to Iran , one Indian government source said . UCO CEO R.K. Takkar said the bank is involved in payments to Iran , but did not say if there were any plans to change the payment mechanism .",transaction.transfermoney.n/a
nw_RC76fe84b17c551ec6d415793a48a508e5ce3b1c6acab94fae1aebc977,"Trigger: conceal
Document: This bit of light devilry sent the media turbines into overdrive . How did that happen ? Well , the WikiLeaks revelations were clearly dangerous to the Clintons so a "" dust up "" had to be concocted to conceal and confuse the truth . Deep in some Clinton campaign war room - no doubt in sweat and panic -- A - team staffers and Washington insiders pasted together the bizarre "" Trump is soft on Russia "" narrative . That was to be the story .",movement.transportartifact.hide
nw_RC967519eff074b3d15c2b8da021a83214cebcab10b66cb3eafe1e0752,"Trigger: telephone
Document: Key Names / Issues : Barack Obama , Hillary Clinton , Donald Trump , Mike Pence , Bernie Sanders , Jill Stein , Gary Johnson , Kellyanne Conway , Michelle Obama , Bernie Sanders , Joe Biden , Elizabeth Warren , Deval Patrick , Affordable Care Act , Great Recession , economic recovery , terrorism , Iraq / Afghanistan , climate change , race relations , Electoral College , Trump transition efforts , conflict of interest , ISIS , Washington DC , immigration , Russian hacking , Oct. 26 , 2016 National Issues Poll with USA TODAY October 26 , 2016 Poll Documents : Marginals ( PDF ) Tables ( PDF ) Press Release : Poll Shows Clinton Leading Trump by 9 Points Nationwide Paleologos on the Poll : Clinton 's ' Electoral Sledgehammer ' and More Potential Superlatives Statement of Methodology : This survey of 1,000 likely voters was conducted between October 20 and October 24 , 2016 , and is based on live telephone interviews of adults 18 years of age or older , residing in all 50 states and the District of Columbia , who intend to vote in the general election in November 2016 . Quota and demographic information -- including region , race , and age -- were determined from 2010 Census data . Samples of both standard landlines and cell phones were called using a probability - proportionate - to - size method , which means that the phone numbers assigned to each state were proportional to the number of adult residents in each state .",contact.collaborate.correspondence
nw_RC6e943cdbafbdc273a42ff2b51a8409014130f8c0f06e6adf79483c18,"Trigger: hijacking
Document: Something of a trade contest has emerged between the United States ’ TPP initiative versus China ’s countervailing RCEP initiative . The TPP represents an important component of America ’s ‘ Asian pivot ’ as it aims to tie up key economic partners under rules which are favourable to the United States . Certainly , the United States ’ hijacking of the TPP process , from initially being outside the negotiations to taking on a leadership role , suggests that there is a sense for the United States to use its power advantage before it is rivalled by China and others ( possibly India , for example ) . China ’s motivation for the RCEP is similarly about maximising its power . However , whereas the United States appears motivated because of its declining power , China ’s motivation clearly stems from its rising power .",conflict.attack.n/a
nw_RC338b50a0e04493547cf0c12813be6aa86a4083b8c622d0f208a63ecb,"Trigger: imprisoned
Document: Given the beating he 's taken on this issue , it is obvious that the truth would be ferociously damaging if revealed . Trump earned his spot on the national stage with his racist claim that President Obama was born abroad . And just last month , he insisted that the five minority teens wrongly imprisoned in the infamous Central Park jogger case are guilty , despite undisputable DNA evidence that they are not . He misses no chance to inflame racial and ethnic hatreds , as long as he can play the divisions to his advantage . And now , in the final stretch , he is taking aim at our democracy itself , suggesting he might not honor the results .",movement.transportartifact.preventexit
nw_RC75dea6b3162bfa9df6837f2f026e2e88e331f852af44d330561dabee,"Trigger: donated
Document: 9:10 : And just like that , PBS takes a break and goes to commercial . 9:07 : “ I ’m running for president to knock down all the barriers that are holding Americans back and rebuild the ladders of opportunity , ” she says . She says she knows that a lot of people are angry about the economy , which Clintons says is “ rigged . ” I wonder if the moderators will ask her if the economy is rigged in favor of those like Clinton and those who donated to the Clinton Foundation . She says we need to get unaccountable money out of the political system . Clinton says she wants to go further to target barriers against African - Americans .",transaction.transaction.giftgrantprovideaid
nw_RCb91e0269e5e8bcb5d53e1a1a63bc6ad1133d368510b2d40ad9154061,"Trigger: blasted
Document: Former CIA Director Panetta Calls Trump 's Russia Comment ' Inconceivable ' Enlarge this image toggle caption Saul Loeb / AFP / Getty Images Saul Loeb / AFP / Getty Images Former CIA Director Leon Panetta blasted Donald Trump Wednesday night from the stage of the Democratic National Convention , calling his recent comment that Russia should "" find "" Hillary Clinton 's emails "" irresponsible "" and "" inconceivable . "" Panetta 's comments were largely disrupted by the crowd chanting "" No more war , "" but he continued his remarks . Earlier Wednesday , Trump urged Russian agents to "" find "" Clinton 's emails and release them , an unprecedented move by a candidate for president encouraging such a foreign breach .",conflict.attack.n/a
nw_RCb2a3bec922e267ccb66b68144be894d4c76119c1ece50b3aa419e118,"Trigger: inspect
Document: Rebel fighters and civilians inspect the wreckage of a Russian helicopter that had been shot down in the north of Syria 's rebel - held Idlib province , Syria August 1 , 2016 . REUTERS / Ammar Abdullah Men inspect the wreckage of a Russian helicopter that had been shot down in the north of Syria 's rebel - held Idlib province , Syria August 1 , 2016 .",inspection.sensoryobserve.physicalinvestigateinspect
nw_RC750847a19988bdb6d8fc2894ff5b035cadfc190f0b82c339af19ee34,"Trigger: robbery
Document: But Assange , in an interview with a Dutch news program highlighted by the conspiracy website InfoWars , implied Rich was the source of the email and was killed for working with his group “ Whistleblowers often take very significant efforts to bring us material and often at very significant risks , ” Assange said in the interview , before bringing up , unpromoted , that Rich was killed “ for unknown reasons . ” When the interviewer pressed Assange by noting Rich ’s death was “ just a robbery , ” Assange replied , “ No . There ’s no finding . ” Asked what he was suggesting , Assange replied , “ I ’m suggesting that our sources take risks ... We are concerned about it . ”",conflict.attack.n/a
nw_RCebbdd9221afe19ab7001d009efec9d8a17157778f23978b0b7b8e8e7,"Trigger: threaten
Document: “ Must be a pretty picture , you dropping to your knees , ” he smirked to a contestant on “ The Apprentice ” as she described how she had pleaded not to be fired from the show . At his California golf course , Trump told managers , according to a lawsuit , to fire women who were “ not pretty enough ” — ordering , “ I want you to get some good - looking hostesses here . ” For women sexually harassed in the workplace , Trump suggested they take the advice he would give his daughter — quit and get another job . Those who threaten Trump ’s alpha - male status are met with vicious treatment . After Fox News ’ Megyn Kelly asked Trump about calling women “ fat pigs , dogs , slobs , and disgusting animals , ’ Trump said of Kelly : “ You could see there was blood coming out of her eyes , blood coming out of her wherever ” — the unmistakable message being that Kelly must have been menstruating as an explanation for her demanding a straight answer . When Carly Fiorina was gaining on Trump in Republican primary polls , Trump mocked not her business credentials but her appearance : “ Look at that face ! ” “ Would anyone vote for that ? ” he asked .",contact.threatencoerce.meet
nw_RC36d1125e6e5588253a45740508e55cf07372aaac9374f4e2e0a9d958,"Trigger: boycotts
Document: “ It ’s one of the great five - star hotels . It ’s New York all the way . ” > > > > The sultan had indeed expressed interest in the hotel package , analysts said , but was dealing with other issues : His Beverly Hills and Bel - Air hotels in Los Angeles had become the subject of boycotts after he instituted laws in Brunei that permitted the stoning of gay people and adulterers . This week , the Human Rights Campaign threatened to extend the boycotts to the Plaza if the sultan were to acquire the property . > > > > There had been whispers of other potential international buyers taking a look at the Plaza and the other hotels in Mr. Roy ’s portfolio . Prince Al - Waleed bin Talal of Saudi Arabia — a billionaire investor who already owns a slice of the Plaza as well as stakes in the Ritz Carlton and Fairmont chains — was supposedly among those who were interested .",transaction.transfermoney.embargosanction
nw_RC6a0c005bd5e543577218891e4816d17ccd7d014c6e501fecdacacedb,"Trigger: pledged
Document: Power did not disclose the pledges from other countries . But on Monday , China announced it plans to contribute an additional $ 100 million to refugee relief efforts . Canada pledged a 10 percent increase in its overall humanitarian assistance efforts this year . Refugee activists say the administration could still be doing more . “ US leadership better if Syria refugees accepted ( 10 K ) matched Canada ( 35 K ) or Germany ( 500 K ) , ” Kenneth Roth , the executive director of Human Rights Watch , tweeted Monday .",contact.commitmentpromiseexpressintent.n/a
nw_RC2f710b3f379c17ff46086fbb8bfe34060816e90e4835403c675ca8b9,"Trigger: construct
Document: He took his 30 pieces of silver and joined with a bankrupt liberal establishment on behalf of a candidate who is a tool of Wall Street , a proponent of endless war and an enemy of the working class . Sanders , like all of the self - identified liberals who are whoring themselves out for the Democrats , will use fear as the primary reason to remain enslaved by the neoliberal assault . And , in return , the corporate state will allow him and the other useful idiots among the 1 percent to have their careers and construct pathetic monuments to themselves . The Trans - Pacific Partnership ( TPP ) will be pushed through whether Donald Trump or Hillary Clinton is president . The fracking industry , fossil fuel industry and animal agriculture industry will ravage the ecosystem whether Donald Trump or Hillary Clinton is president .",manufacture.artifact.build
nw_RC73b8bfc8ecbd41a3ae6b9a89077b1b95fc04709c6fc60e821d00d362,"Trigger: airstrike
Document: “ The Saudi - led coalition must move forward now on its commitment to investigate this incident , ” Dion said in a statement on Sunday . He added , “ Canada calls on all parties in Yemen to avoid an escalation of violence as a result of this incident . ” Yemeni rescue workers pull out a victim from amid the rubble following a Saudi airstrike against a packed funeral site in the capital , Sana’a , October 8 , 2016 . ( Photo by AFP ) “ Canada urges all parties to abide by their obligations under international humanitarian law , and to commit to political dialogue and to a lasting cessation of hostilities to halt the tragic loss of civilian life , ” the Canadian foreign minister said .",conflict.attack.airstrikemissilestrike
nw_RC2c181e5b5f3bf52ac66508140acd06b4013fe4ae8352933f417a2a07,"Trigger: intimidated
Document: he responds . "" Yeah I know you know it . But in case people feel intimidated in making direct comments to Hillaryland , I thought I 'd let you know of the grumbling I 'm hearing directly . But maybe that was my mistake , "" Tanden replies . While Podesta and campaign manager Robby Mook are white , Abedin , the campaign 's vice chairwoman is Muslim , Marlon Marshall , an African - American , is the director of state campaigns , and Amanda Renteria , a Hispanic , serves as national political director .",contact.threatencoerce.broadcast
nw_RC4ed61cfb865a2734ce8b5f80766c41b0250913d6159ba20059922ffb,"Trigger: boycotts
Document: > > > > “ It ’d be a shame for anything to happen to the Plaza , ” said Sumner A. Baye , a veteran hotel consultant who happened to be sitting at a table in the hotel ’s mahogany - paneled Rose Room overlooking the lobby on Monday . “ It ’s one of the great five - star hotels . It ’s New York all the way . ” > > > > The sultan had indeed expressed interest in the hotel package , analysts said , but was dealing with other issues : His Beverly Hills and Bel - Air hotels in Los Angeles had become the subject of boycotts after he instituted laws in Brunei that permitted the stoning of gay people and adulterers . This week , the Human Rights Campaign threatened to extend the boycotts to the Plaza if the sultan were to acquire the property . > > > > There had been whispers of other potential international buyers taking a look at the Plaza and the other hotels in Mr. Roy ’s portfolio .",transaction.transaction.embargosanction
nw_RC82db2460853c73ed38d0760470850bd1c5c222f2c392189e62989982,"Trigger: bombarding
Document: The French foreign minister has said he will ask the International Court of Justice to investigate possible war crimes in Syria . "" We do not agree with what Russia is doing , bombarding Aleppo . France is committed as never before to saving the population of Aleppo , "" Jean - Marc Ayrault said . France and Spain drafted a resolution on resurrecting an agreement on cessation of hostilities in the Syrian conflict which was put before a vote at the UN Security Council on Friday .",conflict.attack.airstrikemissilestrike
nw_RCfe7c977411b255052564f103f716c8f685bb33c990843b063cb3f722,"Trigger: income
Document: But CNN reports it ’s 30.6 percent without including their self - employment taxes — and that ’s the figure tax experts would typically use . ) Nevertheless : “ The headline here is they paid over 30 percent of their income in [ income ] taxes , ” Gale said . “ There ’s no middle - income family that pays 31 percent of their income in income taxes . ” Trump , for his part , has argued that “ there 's nothing to learn from ” his returns . The returns reveal where the Clintons ’ money came from last year , most of which Hillary Clinton spent on the trail after kicking off her campaign in April 2015 .",transaction.transfermoney.payforservice
nw_RC0242d96f82e0898b5d0d7ac82c8883283db08d041715a28d8a275064,"Trigger: donated
Document: On Saturday 15 October ( 2016 ) , this report notes , the SVR reported to the MoF that Hillary Clinton and John Podesta met with JP Morgan Chase & Company CEO Jamie Dimon at Clinton ’s Chappaqua Compound outside of New York City — and who , in 2009 , both President Obama and Hillary Clinton allowed to break US laws by his , Dimon ’s , being able to buy millions - of - dollars of his company ’s stocks prior to the public being told his JP Morgan bank was receiving a Federal Reserve $ 80 billion credit line — and that caused JP Morgan ’s stocks to soar and that have had an astonishing 920 % dividend growth since 2010 . Within 12 hours of the Hillary Clinton - John Podesta - Jamie Dimon meeting at the Chappaqua Compound , this report continues , the BIS registered the transfer of $ 1.8 billion from the Clinton Foundation to the Qatar Central Bank . To why the Clinton Foundation transferred this enormous sum of money to Qatar , this report explains , is due to the longstanding ties between this Islamic neo - patrimonial absolute monarchy and then US Secretary of State Hillary Clinton who “ oversaw / managed ” the “ massive bribery scheme ” that allowed this Gulf State nation to secure the 2022 World Cup — and that the Qataris were so appreciative of they donated millions to the Clinton Foundation , and incredibly , in 2011 , gave former US President Bill Clinton $ 1 million for a birthday present — bringing Hillary Clinton ’s total “ cash grab ” from these Persian Gulf sheiks of $ 100 million — all occurring as recently released secret emails revealed Hillary Clinton ’s knowledge that both Qatar and Saudi Arabia were , and still are , funding ISIS . To what Jamie Dimon “ related / said to ” Hillary Clinton that caused her to suddenly transfer $ 1.8 billion to Qatar , this report notes , revolves around his JP Morgan bank being told by the US Federal Deposit Insurance Corporation ( FDIC ) in April ( 2016 ) that this “ megabanks ” master plan to save itself had “ serious deficiencies ” that could “ pose serious adverse effects to the financial stability of the United States ” . Two months after the FDIC ’s warning letter to Jamie Dimon , in June ( 2016 ) , this report says , he cryptically “ sounded a warning ” that the United States sub - prime auto loan bubble was nearing collapse and stated that “ someone is going to get hurt ” .",transaction.transferownership.giftgrantprovideaid
nw_RC71a8268258cbbbd70278d51dcdb0491746536dcbe4452950309faefc,"Trigger: emails
Document: In one of more than 2,000 emails posted Friday night on the hacking website Wikileaks , Clinton ’s research director Tony Carrk appeared to write to top campaign officials about Clinton ’s now infamous paid speeches , saying , “ Attached are the flags from HRC ’s paid speeches . ” The email goes on to include several text excerpts with dates and times . In this batch , Clinton makes sweeping statements about two areas that have consistently been an issue for her in this campaign : Wall Street reform and trade . According to one of the leaked emails , Clinton told Banco Itau in 2013 , “ My dream is a hemispheric common market , with open trade and open borders … I think we have to have a concerted plan to increase trade already under the current circumstances . ” The speech excerpt goes on : “ There is so much more we can do , there is a lot of low - hanging fruit , but businesses on both sides have to make it a priority , and it 's not for governments to do but governments can either make it easy or make it hard and we have to resist protectionism , other kinds of barriers to market access , and to trade , and I would like to see this get much more attention . ” Clinton has faced serious skepticism from progressives throughout this campaign over her evolving and sometimes elusive stance on trade , specifically her flip - flopping on President Obama ’s proposed transpacific partnership trade deal by initially showing and then withdrawing support for the plan .",contact.collaborate.correspondence
nw_RC3c4a9dfc4876acfcec2baafbf190343726aaf993f15056c76087ef67,"Trigger: buy
Document: “ I believe we ’re adding some of the best talents in politics , with the experience and expertise needed to defeat Hillary Clinton in November and continue to share my message and vision to Make America Great Again . ” The campaign played down the notion that Trump was reacting to the polls or saw his bid in crisis . “ These announcements come at a time of significant growth for Mr. Trump ’s campaign , with the first major TV ad buy of the general election slated to start later this week and with additional top - flight operatives joining the movement on a near - daily basis , ” the campaign said in the statement . The Wall Street Journal first reported the moves . [ Dana Milbank : The hypocrisy at the heart of Trump 's campaign ]",transaction.transferownership.n/a
nw_RC77574168ea635b1c24f66bf89f37ba91c1125fa80c56f270c1e7cbe8,"Trigger: battle
Document: The leaflets carried several messages to the citizens attempting to reassure them that the advancing army "" would not target civilians , "" but warned them to avoid the known locations of Isis militants . The military operation is the most complex carried out in Iraq since US forces withdrew from the country in 2011 . Last week , the UN said it was bracing itself for the world 's biggest and most complex humanitarian effort following the battle , which it expects will displace up to one million people and see civilians used as human shields .",conflict.attack.n/a
nw_RC565c906aae6b3f75231096c9d8b40354825f0702d7d4d3fd49e25475,"Trigger: suggested
Document: Even Donald Trump admitted Friday he relishes denying things . Story Continued Below Speaking at a rally in Fletcher , North Carolina , Trump denounced what he hyperbolically suggested were “ thousands and thousands of ads ” run by Hillary Clinton ’s “ juggernaut , ” which he said has raised “ billions of dollars . ” “ I turned on the other day — I was in Florida , and I was in Pennsylvania — I turned on the television . It was ad after ad after ad , ” Trump said .",contact.requestadvise.broadcast
nw_RC5163497c432ac1ea78580c7572a744aad1a4affcd02823ad606d7804,"Trigger: deceiving
Document: In a news conference responding to evidence suggesting Russian agencies hacked the email accounts of the Democratic National Committee , Trump insisted that he had no business dealings in Russia — with the single exception of selling a Palm Beach house to a Russian for $ 100 million . The problem with this account is that it is contradicted by other evidence suggesting the Trump Organization has long been interested in business in Russia . We documented the evidence and concluded Trump ’s remarks are artfully deceiving . One of the most damaging attacks on Trump has been a Hillary Clinton ad that highlights his mocking of a disabled reporter who writes for The New York Times . Trump revisited the incident in a campaign rally , adamantly denying this was the case .",contact.prevarication.meet
nw_RCf78165b2d81971246d799e80f62df816a951239bc31469a3a14bed27,"Trigger: massacres
Document: Pay compensation – a lot of it . Sine qua non – end the God - awful blockade . Throughout the period of the Cuban revolution , 1959 to the present , Latin America has witnessed a terrible parade of human rights violations – systematic , routine torture ; legions of “ disappeared ” people ; government - supported death squads picking off selected individuals ; massacres en masse of peasants , students and other groups . The worst perpetrators of these acts during this period have been the military and associated paramilitary squads of El Salvador , Guatemala , Brazil , Argentina , Chile , Colombia , Peru , Mexico , Uruguay , Haiti and Honduras . However , not even Cuba ’s worst enemies have made serious charges against the Havana government for any of such violations ; and if one further considers education and health care , “ both of which,” said President Bill Clinton , “ work better [ in Cuba ] than most other countries ” , and both of which are guaranteed by the United Nations “ Universal Declaration of Human Rights ” and the “ European Convention for the Protection of Human Rights and Fundamental Freedoms ” , then it would appear that during the more - than - half century of its revolution , Cuba has enjoyed one of the very best human - rights records in all of Latin America .",conflict.attack.selfdirectedbattle
nw_RCe7cd5b71aa38fd0d9d5d1a466b144a658d471d0eef407bbec8aa64c1,"Trigger: deceive
Document: As one now - former Democrat wrote in a blog titled , “ Dear Democratic Party , I ’m Leaving You and I ’m Taking the Kids ” : “ When my party decides to build A WALL ( ! ! ! ) around their convention , in fear that perhaps democracy might find a way in , then they are no longer my party … When my party crowns an Empress , before the first vote is even cast , then they are no longer my party … When my party colludes with corporate media heads to falsify ‘ the news ’ and deceive the American people into not voting , then they are no longer my party . ” The blogger vowed to “ spend the remainder of [ their ] years fighting against them , ” and is joined by prominent liberals equally offended by the primary process and party corruption . Growing disdain for the Democratic Party and Hillary Clinton is matched only by the Republicans vowing # NeverTrump .",contact.prevarication.n/a
nw_RCc84648ae1298761cf4b8e50dc7ed8cfb210c27255411e5ce87b2d6fd,"Trigger: vow
Document: U.S. policy for when and how nuclear arms should be deployed has been one of the rare points of bipartisan foreign policy agreement . Yet it does n’t fit neatly into Trump ’s unique ideology , which is driven by challenging existing orthodoxy on everything . This is one corner of policy , though , where his vow to shake things up is not so much energizing voters as unnerving them . On the questions of national security and temperament , voter confidence in Trump lags far behind that of rival Hillary Clinton . One of Clinton ’s most effective lines on the stump now is asking whether someone who can be so easily baited by a tweet should have his finger on the nuclear button .",contact.commitmentpromiseexpressintent.n/a
nw_RC2c5e34b3774d665db5bc943e7ac197897a4097312d11525d6d24f376,"Trigger: broadcasts
Document: Nick Suntzeff , a Texas A&M University astronomer told the online magazine Ars Technica that the 11 gigahertz signal was observed in part of the radio spectrum used by the military . "" If this were a real astronomical source , it would be rather strange , "" Suntzeff was quoted as saying . "" God knows who or what broadcasts at 11Ghz , and it would not be out of the question that some sort of bursting communication is done between ground stations and satellites , "" Suntzeff said . "" I would follow it if I were the astronomers , but I would also not hype the fact that it may be at SETI signal given the significant chance it could be something military . """,contact.mediastatement.broadcast
nw_RC784b34bb16017130a35cb9b761cbb759bb589b6f0b3143bd72c9aa0b,"Trigger: sanctions
Document: A European oil embargo on Iran will also end . Already , some 38 million barrels of oil are in Iran 's floating reserves , ready to enter the market , according to the International Energy Agency . Although many in Iran welcomed the deal , not everyone was enthused about the agreement , which limits Iran 's nuclear programme in exchange for the lifting of sanctions . The deal is designed with so - called "" snap - back "" elements that can quickly restore sanctions if Iran is judged to be in violation of its obligations . Tehran newspapers largely welcomed the implementation of the deal .",transaction.transferownership.embargosanction
nw_RC7a23419006ef93d6405cb113a79fecff9cdbd089fcb8364329a01ddf,"Trigger: sick
Document: When were you most proud of Bernie this past year , if you can pinpoint one moment ? There were so many moments where I was proud of Bernie . I probably sound silly , but that debate where he said , "" I 'm sick of hearing about your damn emails , "" he did n't think of that [ ahead of time]. It was n't a plan . He 's not a politician who thinks of things and plans it all out .",life.injure.illnessdegradationphysical
nw_RC691e8a354cd69cc709f84288577c6f1e98e1148e733b8f887e6396a8,"Trigger: pay
Document: By the time Putin took power in 2000 , the only vestige of his country ’s superpower status was its nuclear arsenal , which was still the biggest in the world . So he began to use it as a crutch . “ Even in the darkest days of the Russian military , when they were n’t able to afford to pay their soldiers and fly their airplanes , they paid close attention to the readiness and modernization of their nuclear forces , ” says David Ochmanek , who served as a U.S. Air Force officer during the Cold War and , between 2009 and 2014 , was the Pentagon ’s top official for force development . “ Their doctrine reflected this , ” he says . Read More : Putin 's Wily Syria Tactics Pay Off",transaction.transfermoney.payforservice
nw_RC630838c5401283ee86f7538aaf9d2267048042526d968b54acb28103,"Trigger: buy
Document: According to this report , the Bank for International Settlements is the world ’s oldest international financial organization and acts as a prime counterparty for central banks in their financial transactions ; the Qatar Central Bank is the bank of that Gulf State nations government and their “ bank of banks ” ; JP Morgan Chase & Company is the United States largest “ megabank ” ; and the Clinton Foundation is an international criminal money laundering organization whose clients include the Russian mafia . With Hillary Clinton ’s US presidential campaign Chairman John Podesta having longstanding ties to the Russian mafia and money laundering , this report continues , the Foreign Intelligence Service ( SVR ) maintains “ complete / all times / all ways ” surveillance of him and his criminal associates — including both Hillary Clinton and her husband , and former US President , Bill Clinton , and who are collectively designated as the “ Clinton Crime Family ” . On Saturday 15 October ( 2016 ) , this report notes , the SVR reported to the MoF that Hillary Clinton and John Podesta met with JP Morgan Chase & Company CEO Jamie Dimon at Clinton ’s Chappaqua Compound outside of New York City — and who , in 2009 , both President Obama and Hillary Clinton allowed to break US laws by his , Dimon ’s , being able to buy millions - of - dollars of his company ’s stocks prior to the public being told his JP Morgan bank was receiving a Federal Reserve $ 80 billion credit line — and that caused JP Morgan ’s stocks to soar and that have had an astonishing 920 % dividend growth since 2010 . Within 12 hours of the Hillary Clinton - John Podesta - Jamie Dimon meeting at the Chappaqua Compound , this report continues , the BIS registered the transfer of $ 1.8 billion from the Clinton Foundation to the Qatar Central Bank . To why the Clinton Foundation transferred this enormous sum of money to Qatar , this report explains , is due to the longstanding ties between this Islamic neo - patrimonial absolute monarchy and then US Secretary of State Hillary Clinton who “ oversaw / managed ” the “ massive bribery scheme ” that allowed this Gulf State nation to secure the 2022 World Cup — and that the Qataris were so appreciative of they donated millions to the Clinton Foundation , and incredibly , in 2011 , gave former US President Bill Clinton $ 1 million for a birthday present — bringing Hillary Clinton ’s total “ cash grab ” from these Persian Gulf sheiks of $ 100 million — all occurring as recently released secret emails revealed Hillary Clinton ’s knowledge that both Qatar and Saudi Arabia were , and still are , funding ISIS .",transaction.transfermoney.purchase
nw_RCa55155d88d7db7f0154eda1bb5d8454de6b12e2dae69177589fc6e54,"Trigger: shooting
Document: She may be all of these things , because as we shall see , Huma Abedin has an interesting and complex career history . Politico and several other Beltway media outlets followed up on Stone ’s previous appearance on Breitbart News Daily : “ Trump Ally : Clinton Aide Could Be ‘ Terrorist Agent ’ ” : In the wake of Sunday ’s deadly terrorist shooting in Orlando , Donald Trump ’s longtime friend and informal adviser wants the presumptive Republican nominee to hit Hillary Clinton even harder , suggesting the former secretary of state ’s top aide Huma Abedin could be a “ Saudi spy ” or a “ terrorist agent . ” Only Trump , Roger Stone said on Sirius XM ’s “ Breitbart News Daily , ” will be able to draw the necessary amount of attention to the theories , which have drawn significant blowback from Democrats and Republicans alike . “ I also think that now that Islamic terrorism is going to be front and center , there ’s going to be a new focus on whether this administration , the administration of Hillary Clinton at State was permeated at the highest levels by Saudi intelligence and others who are not loyal Americans , ” Stone said . “ I speak specifically of Huma Abedin , the right - hand woman , now vice - chairman or co - chairman of vice — of Hillary Clinton ’s presidential campaign . ”",life.injure.n/a
nw_RC8ebe746ad98284b89c6d399357b59a3a0568433c39debf430bd96db2,"Trigger: conceal
Document: If you sell it and make a profit , it ’s taxable as if it were a house or a share of stock . Last year , the Commodities and Futures Trading Commission defined virtual currencies as commodities for regulatory purposes . Despite its increasingly common use , many see bitcoin as inherently dirty , used when people have something to conceal . That is what Arias and Secret Service special agent Gregory Ponzi thought when they began their investigation in 2013 . “ There is unquestionably no evidence that the Defendant did anything wrong , other than sell his Bitcoin to an investigator who wanted to make a case , ” Pooler wrote .",movement.transportartifact.hide
nw_RC7425672cff67186d1e189ce4b240b371c11f617f86da4b576b4bbcff,"Trigger: agreement
Document: At the same time , lower down the ranks , at the operations level , one of the American military service personnel said quite frankly that they spent several days preparing this strike . How could they make an error if they were several days in preparation ? ” said Putin . “ This is how our ceasefire agreement ended up broken . Who broke the agreement ? Was it us ?",government.agreements.n/a
nw_RCc660f1b2cb36a71e9d2fe46a701b68ea8553ab19f841def983f21ee1,"Trigger: meets
Document: At the White House : No public events are scheduled . On Capitol Hill : The Senate meets at 10 a.m. to work on a sanctuary cities bill . The House meets at noon for legislative business . QUOTE OF THE DAY : Clinton praised Obama as “ someone who has never forgotten where he came from ” : “ And Donald , if you ’re out there tweeting , it ’s Hawaii . ” NEWS YOU CAN USE IF YOU LIVE IN D.C. :",contact.collaborate.meet
nw_RC4040f0dde454f5cb84fa540b82ecbedfea8f224dda3e2714334a9a1b,"Trigger: illnesses
Document: Instrumental in passage of the State Children ’s Health Insurance Program . First Lady of the United States . Promoted nationwide immunization against childhood illnesses . Successfully sought to increase research funding for prostate cancer and childhood asthma at the National Institutes of Health . Worked to investigate reports of an illness that affected veterans of the Gulf War ( now recognized as Gulf War Syndrome ) .",life.injure.n/a
nw_RCf4db3b015be318b6e58563c9d34c3d39ea06f0c6a5b9d82bcf0adc41,"Trigger: loan
Document: But that is simply not credible . He appears to have inherited about $ 40 million . He also benefited from numerous loans and loan guarantees , as well as his father ’s connections , to make the move into Manhattan . His father set up lucrative trusts to provide steady income . When Trump became overextended in the casino business , his father bailed him out with a shady casino - chip loan — and Trump also borrowed $ 9 million against his future inheritance .",transaction.transfermoney.borrowlend
nw_RC02da7e59505d54b2e179a955ec897763412bbd89dba3a4c513b25e62,"Trigger: negotiated
Document: Republicans frequently trace the birth of Islamic State to the Obama administration ’s decision to withdraw the last U.S. forces from Iraq by the end of 2011 . But many analysts argue its roots lie in the decision of George W. Bush ’s Republican administration to invade Iraq in 2003 without a plan to fill the vacuum created by Saddam Hussein ’s ouster . It was Bush ’s administration , not Obama ’s , that negotiated the 2009 agreement that called for the withdrawal of all U.S. forces from Iraq by Dec. 31 , 2011 . Clinton posted on Twitter that Trump 's comments are disqualifying . "" Anyone willing to sink so low , so often should never be allowed to serve as our commander - in - chief , "" she wrote .",contact.discussion.meet
nw_RCd89a2f8ae6ffe10d7abbbd77e40511aa8602c4c79b70539308a01054,"Trigger: loans
Document: "" Despite having the most powerful economy on earth , the United States too often reaches for the gun instead of the purse in its international conduct , "" they write . China does n't just use punitive measures to get what it wants . It routinely gives loans and aid to countries like Venezuela that are at odds with the United States . Beijing also wields its massive sovereign wealth fund to invest -- tactically -- in parts of the world where it also wants to build political ties . The Chinese even engage in "" soccer stadium diplomacy "" where they fund and construct brand new stadiums , mostly in African countries with natural resources that China wants .",transaction.transferownership.borrowlend
nw_RC95292f3372af2a3a2478c50af67cb624a1a8825590adcd60dfbc92ba,"Trigger: guilty
Document: Clinton maintains that she never sent or received information marked as classified while using the private server . She has also claimed the server was never breached by hackers . Despite her claims , a Romanian hacker known as “ Guccifer ” ( true name Marcel Lehal Lazar ) plead guilty in May to federal charges for hacking Clinton ’s server . He has described the server as “ completely unsecured ” and compared it to “ an open orchid on the internet . ” He also noted that “ 10 others ” of unknown origin had access “ from other parts of the world . ”",justice.judicialconsequences.n/a
nw_RC9b83c1672e07492cb2b934c22434ef6debd45aa1cff4b7c30685473d,"Trigger: detained
Document: "" One should call it the way we see it . Why ? Because we have prisoners of war referred to as illegally detained individuals , the fighting on the front lines is called the anti - terrorist operation , and the measures taken by the UN are called a humanitarian campaign . Therefore , we have a problem with the involvement of international security elements . It is only if we call a spade a spade when we can count on the honesty and openness of both European and international communities , "" the official said .",justice.arrestjaildetain.arrestjaildetain
nw_RC90e35970a33cace5cdfc672e5273653b849227e84faff111b5084ca6,"Trigger: recommended
Document: Kissinger urged Nixon to be tough on her . “ I think publicly you should be extremely nice , ” said the national security advisor – and at this point the tape is bleeped out , to hide whatever words he used to urge being rougher in private . Kissinger recommended sternly telling her that her Soviet treaty had cast doubt on India ’s ostensible nonalignment , and that “ a war with Pakistan simply would not be understood . ” Kissinger ’s briefing set Nixon at ease . The president was impressed with what they had gotten the Pakistanis to do .",contact.requestadvise.correspondence
nw_RC8f899d7ac72a3cb57eb5ca9c8abc906d9e83745915b22cd7ffca7e07,"Trigger: quit
Document: Pence started his term with a large budget surplus . He tried to keep a big surplus — in my opinion , so he would look good in an eventual presidential run — so he was reluctant to spend money on needed programs . Budgets were cut to such a degree that many state workers quit because they could not get anything done . The roads got so bad that one interstate bridge sank and was closed for months . There were detours and accidents .",personnel.endposition.quitretire
nw_RC6b6ef29c775ba68c6981aa5e8688b8e928b27a7ac158b053438f4bc1,"Trigger: ceasefire
Document: At the same time , lower down the ranks , at the operations level , one of the American military service personnel said quite frankly that they spent several days preparing this strike . How could they make an error if they were several days in preparation ? ” said Putin . “ This is how our ceasefire agreement ended up broken . Who broke the agreement ? Was it us ?",government.agreements.violateagreement
nw_RCd30b1d26008743fa36e3e9f871af3d2ba9ba60dc8ef15d8f58b0dc70,"Trigger: crash
Document: Both French and Egyptian prime ministers said they were unable to rule out any possibility , including terrorism . Thursday 's incident comes less than a year after Metrojet Flight 9268 crashed in northern Sinai in Egypt , killing all 224 people on board . Russian investigators blamed the crash on a bomb claimed by the Islamic State ( ISIS ) , and Egypt 's president later acknowledged the crash as a terrorist attack . Video : James Valles reporting ( Twitter : @jamesvalles ) This is a breaking news alert .",disaster.accidentcrash.accidentcrash
nw_RCaf99390c0521d5a5120d3533f01b2d7ef1ad633d7523b75a0430cbd4,"Trigger: promises
Document: Syria ’s Bashar Assad and Russia ’s Vladimir Putin are not stoned college students ; they did not swoon over Sen. Barack Obama and will not be stopped by a 74-year - old socialist . Once again Sanders left out any mention of Israel and Jews . He made full - throated promises to fight for blacks , gays , women and Hispanics . Every form of bigotry catches his attention , including the mythical Islamophobia . Anti - Semitism gets not one word .",contact.commitmentpromiseexpressintent.broadcast
nw_RC9230f36e318acd5ed95acb18d91f585e075796a39cc7813ed7a20899,"Trigger: injured
Document: In 1999 a Cuban lawsuit demanded $ 181.1 billion in US compensation for death and injury suffered by Cuban citizens in four decades “ war ” by Washington against Cuba . Cuba asked for $ 30 million in direct compensation for each of the 3,478 people it said were killed by US actions and $ 15 million each for the 2,099 injured . It also asked for $ 10 million each for the people killed , and $ 5 million each for the injured , to repay Cuban society for the costs it has had to assume on their behalf . Needless to say , the United States has not paid a penny of this . One of the most common Yankee criticisms of the state of human rights in Cuba has been the arrest of dissidents ( although the great majority are quickly released ) .",life.injure.injurycausedbyviolentevents
nw_RC4fd9b9a9e5590d54ac1a2f32d2700b73038cc8327be8dee5a0db16ff,"Trigger: accused
Document: Clinton campaign spokesman Josh Schwerin called Judicial Watch a "" right - wing organization "" that "" has been attacking the Clintons since the 1990s , "" and added that Hillary Clinton "" never took action as secretary of state because of donations to the Clinton Foundation . "" Questions about the relationship between the Clinton Foundation and the State Department have persisted for years . Republicans , citing her use of a private email server and her deletion of tens of thousands of emails she deemed personal , have accused Clinton of trying to conceal the potentially embarrassing connections . A 2011 exchange , released by the State Department this year , showed that Ukrainian steel magnate Victor Pinchuk , who has pledged more than $ 10 million to the Clinton Foundation in recent years , met that year with a top State Department official . Pinchuk spoke on behalf of Ukraine 's president to try to soothe tensions with Washington over that country 's human - rights record and its growing closeness with Russian President Vladimir Putin , emails showed .",justice.initiatejudicialprocess.chargeindict
nw_RCa84cf40afa8fa586dbed21c5b868286425b4fdc3ed1d1c46560a6351,"Trigger: assailed
Document: ( Photo : Andrew Medichini , AP ) Secretary of State John Kerry on Wednesday warned that the United States would stop talking to Moscow about ending Syria 's civil war unless it ends the onslaught in the city of Aleppo by Russian and Syrian government forces . Kerry 's warning came as Pope Francis assailed the assault on civilians in what was Syria 's largest city , saying the perpetrators will be held “ accountable to God ” for their actions . Over the past week in Aleppo , Russian and Syrian war planes have unleashed the worst aerial bombardment in the 5-year - old war . More than 200 people have been killed , according to human rights groups .",conflict.attack.n/a
nw_RC9d59397e9e890e2c3edbfe31805e9be864603dd669eb91662a718881,"Trigger: destroying
Document: George W. Bush ’s Justice Department pressured U.S. Attorneys to prosecute the widespread vote fraud they insisted must be happening and fired two of them when they reported none could be found . John ­McCain in 2008 accused ACORN , without credible evidence , of “ maybe perpetrating one of the greatest frauds in voter history in this country , maybe destroying the fabric of democracy . ” Studies have found that Republican - controlled states have enacted voting restrictions in response to higher levels of minority turnout . In North Carolina , Republican lawmakers and staffers requested racial breakdowns of different voting methods , then crafted a bill that would “ target African - Americans with almost surgical precision , ” a federal judge wrote .",artifactexistence.damagedestroy.n/a
nw_RC1fd62587282cb6fc621cfacae6241779474d16c206a1ac96cee0806f,"Trigger: burials
Document: WATCH : Get a glimpse of the well - preserved , 8,400-year - old skeleton of a baby found in Germany . One possible explanation comes from hundreds of miles to the northeast . Standing burials similar to the one at Gross Fredenwalde have been found in a cemetery called Olenij Ostrov in modern - day Russia , from about the same time . Researchers have long assumed culture flowed into ancient Europe from the south , but these odd burials suggest that there was active migration or communication across northern Europe as well . “ This man is an indication of such eastern influences , ” Terberger says ; DNA results from his bones might be able to tease out the connections .",contact.funeralvigil.meet
nw_RC062020d1fa65bc9ff3d78314f66f9d095f2330d984ee2ad3e8dbcaa2,"Trigger: inspected
Document: NATO member Turkey hosts American troops and warplanes at its Incirlik Air Base , an important staging area for the U.S.-led fight against Islamic State militants in neighboring Iraq and Syria . The chairman of the U.S. Joint Chiefs of Staff Joseph Dunford tried to soothe strained ties with Turkey during a visit to Incirlik and Ankara just over a week ago . In Ankara he inspected the damage inflicted by the plotters ’ fighter jets on the Turkish parliament building . U.S. Secretary of State John Kerry is expected to visit Turkey on Aug. 24 . Turkish authorities have said the country ’s intelligence service has cracked into several smartphone messaging apps that Gulen ’s followers used to communicate with each other in the years ahead of the coup attempt and was able to trace tens of thousands of people from the group .",inspection.sensoryobserve.physicalinvestigateinspect
nw_RC8585393eedec849953e05bb6168d058c73f537ea1c6e84c18308a663,"Trigger: constructed
Document: Over the past five millennia , politicians have repeatedly turned to large walls to solve problems . We should look carefully at the track record of this ancient technology before we invest what some estimates suggest could be $ 25 billion in construction costs for a 2,000-mile - long wall , plus millions more in annual maintenance . One of the earliest examples of a large - scale barrier wall was constructed by the rulers of the city of Ur , in what is now southern Iraq , at the end of the third millennium B.C. The kings of Ur faced a considerable challenge along their northwestern border from a semi - nomadic people known as the Amorites . Cuneiform texts suggest that Amorites not only pressed in on grazing lands but also for decades had moved into the cities of southern Mesopotamia , where they were regularly identified as foreigners .",manufacture.artifact.n/a
nw_RC46f18975637c9847ba8d1c911a0863a3f82384ff441ea5b56be870ec,"Trigger: executions
Document: Saudi Arabia follows the ultra - conservative Wahhabi strain of Sunni Islam , and the public practice of any religion other than Islam is prohibited . Its legal system is governed by Sharia law , and a 2015 study from Middle East Eye noted that Saudi Arabia and Islamic State prescribed near - identical punishments , such as amputation and stoning for similar crimes . The government is also renowned for carrying out public executions after trials that Amnesty International condemns as “ grossly unfair ” ; Amnesty describes the Saudi “ justice system ” as “ riddled with holes . ” Given the two countries ’ divergent values , the U.S.-Saudi alliance relies almost entirely on overlapping economic and national security interests .",justice.judicialconsequences.n/a
nw_RCa6c22b1cfe217ba453ddf9800adbee17d323e2c5ffa8eac271db6cd5,"Trigger: protest
Document: Blue Burmese , an anonymous blogger , described the social media comments as "" protesting for the BBC to cover our protest "" , while Bryan Bastable – a trainer at assistive technology company Vocendi – questioned why the BBC was covering protests in Brazil , but not London . Moballeghi said : "" I do n't think it is surprising that the mainstream media do n't give these protests the attention they deserve . While it 's not the case they ignore it completely , they definitely fit it into an editorial that does n't give the protest much weight . "" They could just as easily decide to run with a story like this and put pressure on the politicians to respond to these calls , "" she added . "" But that 's just the nature of the mainstream press and I do n't think anyone here would be surprised at the style or tone of coverage . """,conflict.demonstrate.marchprotestpoliticalgathering
nw_RC80f3c79306cfe8517863ab10bc79aceb4c243deb42ae6d52054e8429,"Trigger: battle
Document: More than 275,000 civilians in the city are enduring daily bombing raids , alleged gas attacks , and the use of highly destructive barrel bombs from Russian and Syrian air strikes . Boris Johnson calls for protests outside the Russian Embassy over Syria conflict The battle to seize Mosul from Isis began on Monday morning , as convoys of troops began mobilising east of the city . US and French forces had already began bombing Isis targets in the city ahead of the offensive . Ahead of the battle , the Iraqi army dropped tens of thousands of leaflets over Mosul , urging residents to hide before the offensive beigns .",conflict.attack.n/a
nw_RCc4b50cb7d551f732d2013024a72a67a8835df38bf84cea1b779c89f0,"Trigger: murder
Document: For the sake of finding Seth 's killer , and for the sake of giving the family the space they need at this terrible time , they are asking for the public to refrain from pushing unproven and harmful theories about Seth 's murder , ” Bauman said . Asked about the reward , WikiLeaks said in a statement , “ We treat threats toward any suspected source of WikiLeaks with extreme gravity . This should not be taken to imply that Seth Rich was a source to WikiLeaks or to imply that that his murder is connected to our publications . ” A spokesperson for WikiLeaks did not respond to follow up questions about whether the website was concerned about fanning conspiracy theorists . The DNC also declined to comment .",life.die.deathcausedbyviolentevents
nw_RC559c94449ad8b528cd21becd04e6bb4d0f445e576bebfba49e01030b,"Trigger: lent
Document: The age of American Triumphalism has caused more rot in the mainstream media . Not only with the Times but with other major outlets like the Washington Post , the Wall St. Journal and National Public Radio . A striking example occurred when the Times lent its front page to a fabricated and now thoroughly discredited story by Judith Miller and Michael Gordon in September , 2002 claiming that Iraq had WMD . That was just weeks before Congress took a vote to “ authorize ” George W. Bush to launch an invasion of Iraq . I still recall the day I looked at that article and thought it was fact free and source free and that any decent editor would turn it back .",transaction.transferownership.borrowlend
nw_RC56ac8813a5d68219941d67e3cd3a6a5a2ea8ca1a59f43f3c4efbb983,"Trigger: roamed
Document: During the debate on Sunday , he was erratic , failed to land many blows , and humiliated his running mate on the Syria question . As for Clinton , her performance may not go down in the history books as one of the most sparkling debates , but it did n’t need to . She managed to remain above the fray , seeming calm , presidential , and poised as her rival roamed the stage and interrupted . Trump ’s pugilistic performance may serve as a rallying point for his key supporters , but the Republican ’s task right now is to staunch the bleeding and start winning over new voters , since he does n’t currently have enough to win . There ’s practically no prospect he made progress on that goal Sunday night .",movement.transportperson.n/a
nw_RC6d50fc272c5ceae9d11384b1bb24443f59b55ae78311dd83d5dffde5,"Trigger: payments
Document: In response to a report in the New York Times on Monday , Manafort denied any impropriety in a statement . "" I have never received a single ' off - the - books cash payment ' as falsely ' reported ' by The New York Times , nor have I ever done work for the governments of Ukraine or Russia , "" he said . The New York Times reported that he had received cash payments worth more than $ 12 million over five years that were itemized on secret ledgers belonging to Yanukovich 's Party of Regions . Manafort , who resigned as chairman of Republican presidential nominee Donald Trump 's campaign on Friday , had not been the focus of the probe , CNN said , citing the officials . The probe was looking at the work of other firms linked to the former Ukrainian government , including the Podesta Group , a lobbying and public relations company headed by Tony Podesta , whose brother John Podesta is chairman of the campaign to elect Democratic Party presidential nominee Hillary Clinton .",transaction.transfermoney.n/a
nw_RCa8586c681ee1c4866ebcc3cba26b7aa402721537dcce129c0f911a54,"Trigger: detained
Document: Humanitarian aid collected by Russian religious communities to be delivered to Syria In April 2017 , the Council for Communications with Religious Communities that reports to the Russian President set up a workgroup for assistance to the population of Syria Putin to hold talks with Kyrgyz president in Kremlin The sides are expected to sign a document on stepping up the alliance and strategic partnership between Moscow and Bishkek Russian daredevil detained on rooftop after climbing Moscow skyscraper ( VIDEOS ) The self - styled "" Russian Spiderman "" conquering a 72-story building in the capital � s Moscow City business center has been met by police and emergencies services on the rooftop . The stunt Ve?er : Border ruling will have consequences in both countries The upcoming decision of the arbitral tribunal on the border between Slovenia and Croatia , regardless of the fact that Croatia 's withdrawal from the arbitration agreement is null and void under in",movement.transportperson.preventexit
nw_RC9500b537264bbc955efff812f02e93e8fec696536809e370603ed608,"Trigger: hanged
Document: In May 2011 , Iranian media abruptly stopped covering news about Mr Amiri and plans for a film about his alleged kidnapping were scrapped . He was then arrested in Iran and was reportedly tried for treason . His fate remained unknown until Saturday when his family said he had been executed and his body returned with rope marks around his neck indicating he had been hanged , the BBC reports . Iran has repeatedly denied it is attempting to develop nuclear weapons and that all its nuclear activity is to build civilian power stations . In January , international sanctions on Iran were lifted in exchange for confirmation , verified by the International Atomic Energy Agency ( IAEA ) , that the country is not attempting to build nuclear weapons .",conflict.attack.n/a
nw_RC84307a97c36e8ed1ba35dd62891e4f9ce5957e8adfb37416f4c641d5,"Trigger: misleading
Document: Those gaps have confounded the inspectors ’ attempts to verify whether or not Syria has fully abandoned its chemical weapons program , fueling suspicions by the United States and other Western powers that the government may be seeking to retain a limited capacity to use the nerve agents and other lethal toxins against the rebels working to unseat Syrian President Bashar al - Assad . In a confidential two - page summary of the report , OPCW Director - General Ahmet Uzumcu writes that the majority of 122 samples taken at “ multiple locations ” in Syria “ indicate potentially undeclared chemical weapons - related activities . ” Many of Syria ’s explanations for the presence of undeclared agents , he added , “ are not scientifically or technically plausible , and … the presence of several undeclared chemical warfare agents is still to be clarified . ” The incomplete and sometimes misleading assertions by the Assad government have shaped the often rocky relationship between foreign inspectors and their Syrian counterparts , bedeviling international efforts to determine whether or not Damascus has abided by its obligation to destroy its chemical weapons . Assad promised to eliminate his stores in 2013 to avert promised U.S. airstrikes against regime targets . The findings of the OPCW ’s Declarations Assessment Team report — which is marked “ highly protected ” — contrast sharply with Assad ’s public insistence that Syria ’s chemical weapons have been largely eliminated .",contact.prevarication.correspondence
nw_RC6f4f39b976a0394e4ca5edea341dd9c9675a16414b0e4061be050a2a,"Trigger: donated
Document: Asked to explain the Algerian oversight , Clinton Foundation officials pointed The Hill to the foundation 's public statement , which acknowledges the mistake . The foundation said that immediately following the Haitian earthquake , the Embassy of Algeria made an “ unsolicited ” donation to the foundation 's relief fund . “ This was a one - time , specific donation to help Haiti and Algeria had not donated to the Clinton Foundation before and has not since , ” the foundation added in its statement . 4 . The Clinton Foundation did n’t disclose $ 2.35 million of donations from a family foundation linked to a company with business before Clinton 's State Department .",transaction.transferownership.giftgrantprovideaid
nw_RC7ae06a10949bf2f9765c13a24eb257968488cd4fd39a3678fda698a6,"Trigger: coup
Document: Another foreign - policy “ success ” of Mrs. Clinton , which her swooning followers will ignore , the few that even know about it , is the coup ousting the moderately progressive Manuel Zelaya of Honduras in June , 2009 . A tale told many times in Latin America . The downtrodden masses finally put into power a leader committed to reversing the status quo , determined to try to put an end to up to two centuries of oppression … and before long the military overthrows the democratically - elected government , while the United States – if not the mastermind behind the coup – does nothing to prevent it punish the coup regime , as only the United States can punish ; meanwhile Washington officials pretend to be very upset over this “ affront to democracy ” . ( See Mark Weisbrot ’s “ Top Ten Ways You Can Tell Which Side the United States Government is on with Regard to the Military Coup in Honduras ” . ) In her 2014 memoir , Hard Choices , Clinton reveals just how unconcerned she was about restoring Zelaya to his rightful office : “ In the subsequent days [ after the coup ] I spoke with my counterparts around the hemisphere … We strategized on a plan to restore order in Honduras and ensure that free and fair elections could be held quickly and legitimately , which would render the question of Zelaya moot . ”",conflict.attack.selfdirectedbattle
nw_RC5ac34fb323b0052fcf0ff9502fe11f46a2416173a00d1fdec4430330,"Trigger: misleading
Document: “ There are plenty of fakes now — from counterfeit paintings of brilliant artists to quotations falsely attributed to famous people . It is no wonder we fell for it , ” he said . Kiselyov did not apologize for misleading viewers , but used the situation to once again mention the fact that some Ukrainians fought alongside Nazi Germany and said he is thankful for “ such artifacts , even if they are made in our time ” for “ reminding us about true history . “ Last month , Kiselyov showed a trailer of the movie titled the “ Browder Effect , ” which portrays Russian opposition politician Alexei Navalny as a paid agent of the British - American investor William Browder .",contact.prevarication.broadcast
nw_RC98f6cfc31f7efea74f293ba1d28d96ddf1641082be2f9b5dc5157525,"Trigger: pledged
Document: Lindenbaum was given the City Planning Commission seat formerly held by Robert Moses , the power broker who built many of New York ’s highways , airports , and parks . The following year , Lindenbaum organized a fund - raising lunch for Wagner , who was running for re - election . Forty - three builders and landlords pledged thousands of dollars ; Trump , according to reporter Wayne Barrett , pledged $ 2,500 , one of the largest contributions . The lunch party made the front page of the newspapers , and Lindenbaum , disgraced , was forced off the commission . But Robert Wagner won the election , and Beame became his comptroller .",contact.commitmentpromiseexpressintent.broadcast
nw_RC0c74423ba94ffd936eba9e3ab3d5a1f5afec6649d819af20d352b9e0,"Trigger: obtain
Document: “ I really do believe that , and I believe that most health plans are in it for the long haul , ” he added . Large premium increases were also common before ObamaCare . Back then , people could be denied coverage due to preexisting conditions , meaning some people could not obtain coverage for any price . ObamaCare premiums came in about 15 percent below expectations in the first year of the new coverage , in 2014 . About 15 percent of ObamaCare enrollees do not receive a tax credit , so they would bear the full burden of price hikes , though they , like other enrollees , can shop around for the best deal .",transaction.transfermoney.purchase
nw_RC735b5b17f76a72e2456a8e2b0e88e9343abc000367d3f104e508268e,"Trigger: imprisoned
Document: The Bureau of Justice Statistics listed Maryland 's imprisoned population at 19,977 in 1992 . By 2002 , that number had jumped to 24,162 , but by 2012 , the number imprisoned had dropped to 22,558 . Maryland 's population , meanwhile , had increased from 4.8 million in 1990 to 5.8 million in 2010 , meaning the raw number imprisoned may have increased overall in that roughly 20-year span , but the rate itself decreased . Verdict : True . Hillary Clinton",movement.transportperson.preventexit
nw_RC44776ac1e501da452ef6cc023697c4fad52d2874cb5be2c5f6caa7d5,"Trigger: obtained
Document: On Oct. 2 , the Times ran a huge front - page spread featuring these tax returns and a detailed analysis of what they meant , how they got them and what the then - Trump accountant , Jack Mitnick , told the Times about their preparation . 9 . Five days later , on Oct. 7 — just two days before the second presidential debate — the "" Access Hollywood "" live microphone tape was revealed by The Washington Post 's David Farenthold , who later said he obtained it around mid - day ; the video then soon appeared all over network news and upended the race . 10 . Trump then began plummeting in the polls , and saw a mass retreat of endorsements and support .",transaction.transferownership.purchase
nw_RCc849a60a4e12805cf050f46e3107e7d9b2dda02f300717cc1910f898,"Trigger: smuggling
Document: MADRID Two Indian men arrested in Spain for smuggling Russian anti - aircraft missiles were extradited to the United States , Spanish military police said in a statement on Thursday . Spanish police detained the pair in Barcelona in 2014 along with two Pakistani men , who have already been extradited , as part of a joint operation - dubbed Operation Yoga - with the U.S. Drug Enforcement Administration ( DEA ) to bust a smuggling ring based in the Catalonia region . The group had offered the Russian - built Igla missiles to foreign paramilitary groups .",movement.transportartifact.hide
nw_RC8adc96d9543b05a9ca5e5a11b3df7ef0ac25ce8ca1ad901c41b27a4a,"Trigger: collide
Document: The Russian president ’s favourite chauffeur was killed in the horror collision , which was captured in shocking CCTV footage . CEN 7 High - speed collision … Putin ’s presidential BMW was involved in horror crash in Moscow CEN 7 Moment cars collide on Kutuzovsky Avenue is captured in shocking footage CEN 7 A Mercedes could be seen veering from the other side of the road before smashing into Putin ’s BMW Reuters 7 President Putin , pictured yesterday at the G20 summit in China , was not in the car at the time",disaster.accidentcrash.accidentcrash
nw_RC3686004354c77b593a71b69704d1d0f31f6cbbee69afae7f919a4e81,"Trigger: blackmail
Document: Sign it ! ” “ But I ca n’t look at this now , it ’s Christmas , ” Ivana said . Donald pressed her , according to Kennedy . Trump seemed extraordinarily concerned that she sign the papers , perhaps because an Atlantic City photographer was threatening to blackmail him with photos he had taken of him and Marla Maples . However efficiently Ivana ran Trump Castle , she seemed terrified of her husband . She signed the papers giving her $ 10 million and the mansion in Greenwich , Connecticut .",contact.threatencoerce.correspondence
nw_RC49c3c2e22ad5437fdc4df5d52976dacf86914b415b4cb3d8814927b0,"Trigger: interview
Document: Her only competition is President Barack Obama . "" Trump first made the assertion in a speech on Wednesday night in Florida , saying , "" I call them co - founders "" of Islamic State . In an interview on Thursday morning , Trump defended the remarks . "" Is there something wrong with saying that ? "" Trump told CNBC .",contact.discussion.n/a
nw_RC6ee7444e9f969e6c2bb2ffb5cb70bbf16500795c11e024cf742eb57e,"Trigger: blackmail
Document: This is about resurrecting the faded dream of a new American century . And what stands in the way of the type of the Neocon dream of global “ full - spectrum dominance ? ” Russia ’s nuclear arsenal . Russia is the only nation with an arsenal big enough to withstand the subtle nuclear blackmail of America ’s trillion - dollar nuclear “ upgrade . ” That ’s why Russia is concerned about the missile defense systems arrayed on their border . Those systems can knock down retaliatory strikes , thus making a first strike with new nuclear cruise missiles at least theoretically possible . The United States is also using NATO expansion to increasingly encircle a nation that once was America ’s geopolitical equal .",contact.threatencoerce.meet
nw_RC5681d34b21412c29332f7389a4f6688849240581bd4959f2e691565b,"Trigger: ceasefire
Document: ( CNN ) The United States and Russia have announced a plan to bring about a ceasefire in Syria , US Secretary of State John Kerry said . "" Today we are announcing an arrangement that we think has the capability of sticking , but it 's dependent on people 's choices , "" Kerry said Friday in Geneva , Switzerland , appearing alongside Russian Foreign Minister Sergey Lavrov . Kerry said the pact calls for the Syrian government and the opposition to respect a nationwide ceasefire scheduled to take effect at sundown Monday . The Syrian regime announced its support of the ceasefire deal Saturday , according to the state - run al - Ikhbariya TV . Secretary of State John Kerry and Russian Foreign Minister Sergey Lavrov unveil the new plan Friday .",government.agreements.acceptagreementcontractceasefire
nw_RC2bcda48942fa0aa505a99d7a7aa09a422de30fd51536edaa45fa8850,"Trigger: hurt
Document: A federal court blasted him as it overturned Pence ’s orders . Pence ’s policies have hurt LGBT people . They have hurt minorities and women . What would Jesus say to a follower who hurts people in his name ? What would he say to someone defending and apologizing for a misogynist , racist , and otherwise bigoted candidate in his name ?",life.injure.injurycausedbyviolentevents
nw_RC5a1277cba8a39c9fc0f7faad0940a8119865d29702f347c717d6b78c,"Trigger: trial
Document: Share on Facebook SHARE Share on Twitter TWEET Link Whistleblower Edward Snowden is willing to return to the US , if given a fair trial . Photo : AP Mr Snowden has previously spoken of making offers to the government to return home and his willingness to discuss a plea deal and even go to jail .",justice.initiatejudicialprocess.trialhearing
nw_RC37b56ccfb75b75a816f3b76f323404d4c92db125911f54d6bad5a0d5,"Trigger: announced
Document: ( Emily Langer ) Pope Francis met with the parents of the 19-year - old American exchange student who was killed in Rome hours after arriving in the city . A spokesman said Francis expressed his “ feelings of deep sympathy and compassion ” to the grieving parents . ( Peter Holley ) Egypt announced it is “ abolishing ” daylight savings time this year , moving to cancel the time - change practice just three days before was is set to begin . The last - minute announcement could cost the national airline $ 2 million . ( Adam Taylor ) The UAE ambassador met with State Department officials to protest the treatment of an Emirati businessman in Ohio , who was handcuffed on suspicion of being an Islamic State terrorist when he tried to check into a hotel .",contact.publicstatementinperson.n/a
nw_RC9f2a00a93a6f68d4937efd1783005f66915261eb2cf7cd172e66e647,"Trigger: killed
Document: Calls for Obama to reconsider his approach have been stirred anew by the latest attacks , which included homemade bombs in New York and New Jersey and stabbings in a Minnesota mall . The Islamic State in Iraq and Syria took credit for the Minnesota attack on Saturday reportedly carried out by Dahir Adan , a 22-year - old Somali - American who worked at a private security firm . Nine people were wounded in the stabbings ; Adan was shot and killed by an off - duty police officer . In New Jersey , Ahmad Khan Rahami , a naturalized U.S. citizen from Afghanistan , was arrested Monday in connection with bombs left in New York City and Seaside Park , N.J. The manhunt for Rahami , arrested after a shootout in New Jersey , instantly gave the GOP standard - bearer new fodder .",life.die.deathcausedbyviolentevents
nw_RC1b044ea94302d7bc0cc820ba2581e9e0dbaa5462eb2619d29ef37645,"Trigger: recommended
Document: Arms - length , independent boards also are considered the essential first step in good governance . The Independent Sector , a non - partisan good governance organization for nonprofits and foundations urge the creation of independent boards and said they should be in the majority . “ A substantial majority of the board of a public charity , usually meaning at least two - thirds of its members , should be independent , ” the group recommended . That is not the case with the Clinton Foundation . The board consists of Bill Clinton ’s tightest inner circle , including Democratic mega - fundraiser and now Virginia Gov.",contact.requestadvise.correspondence
nw_RCa8fd58ee70691abc39360685d13ae4f7660ad3dfeeb9ba975dcb45ff,"Trigger: ceasefire
Document: Syrians are also able to report violations of the truce by other means , including texting , emailing , or contacting the State Department via Google Voice . According to Syria Direct , some have decided to report the breaches instead to a United Nations hotline , which is manned by a native Arabic speaker . The UN ’s special envoy for the Syrian crisis , Staffan de Mistura , said yesterday that the ceasefire had so far been successful despite scattered incidents of violence in the Homs , Hama , Lataki and Damascus provinces . “ Success is not guaranteed but progress is visible , ” he told reporters in Geneva . State Department spokesman John Kirby said this week that US had not been informed of “ any claims of any additional violations of any significance ” since the truce took effect over the weekend , but Syrians were sceptical .",government.agreements.n/a
nw_RCa2c57d778fd4f64673751161eb0d0b3be4a8ff49d3854169deb99cb7,"Trigger: assassinated
Document: This is eerily similar to the situation faced by Franklin Delano Roosevelt when he took office in March of 1933 , in the midst of the Great Depression . Europe was going fascist , but at this time Americans resisted fascism and supported FDR . After FDR died , J. Edgar Hoover ’s FBI ran a terrifying witch hunt against everyone who collaborated with FDR , and later targetted President Kennedy and Martin Luther King , Jr , both of whom were assassinated . Today , after 15 years of Bush and Obama , in the wake of the September 11 , 2001 attacks , it is the government of the United States which is fascist , and the American people who have become the legendary “ good Germans ” and accommodated themselves to an FBI and Wall Street dictatorship . Look at the world today .",life.die.deathcausedbyviolentevents
nw_RCfaaa21b1e7b82479dd531ac0979e41892fe7fc6307142b5de3f8aa0c,"Trigger: eradicate
Document: “ Historically speaking ... a barbarian is someone not belonging to an empire , and we have only one of those today , ” she noted on her Facebook page . “ As for the imagery ... the world has seen nothing more barbaric in modern history than Iraq and Libya done the Washington way . ” Zakharova believes that Power 's remarks were meant to draw attention from the American attack on Syrian troops near Deir ez - Zor , which happened amid the ceasefire and almost resulted in the Syrian Army 's positions being overrun by the terrorist group Islamic State ( IS , formerly ISIS / ISIL ) , which the US is supposedly seeking to eradicate . Moscow blames the US for the failed truce , saying it was incapable of reining in rebel groups who would not commit to it , and would not agree to designating them as legitimate targets for counter - attacks . Power , who received her current appointment in 2013 , was among the most vocal supporters of the concept of “ humanitarian interventionalism ” – the use of military force on humanitarian grounds .",artifactexistence.damagedestroy.destroy
nw_RC69c20547f5349198246a5dff6b6de72bf2adea5e2327f1124f19625f,"Trigger: detain
Document: ' I realised it was n't a wig as I thought initially , but a head - that 's why blood was dripping on her shoes and skirt . ' I stopped , had a cigarette , tried to get my breath back to normal because I was so shocked . ' She claimed a security guard and two policeman missed the chance to detain her . Alexandra added : ' People ran away from her . I saw five people fleeing .",movement.transportartifact.preventexit
nw_RC7eb78d3189c55acad757025672c662552a4afced4a7969b018ce0452,"Trigger: migrate
Document: And in another message , a staffer appears to suggest to Podesta that the campaign should set up specific chants from the crowd at a Clinton rally : “ Wonder if tomorrow night , we should be more purposeful about generating the ‘ U - S - A , U - S - A ' chants during her riff about the need for togetherness and unity … with people holding the little American flags . ” “ I really like that , ” Podesta replies . One memo attached to an email from March 2016 is titled “ Concept Paper ” and outlines a proposal to “ use young elected officials and entertainers to build a ‘ grassroots ’ movement of under 40 voters as a vehicle to migrate support for Bernie into activism for Hillary . ” “ The group should be branded separately from the campaign so people who engage with it feel like they created and own it , ” the memo says . As the Democratic primary race with Vermont Sen. Bernie Sanders was tightening in early 2016 , Clinton 's team weighed options for responding to Sanders ’ arguments that she was too close to Wall Street , including whether to focus on her plan for regulating the finance industry or trying to debunk Sanders ' claims .",movement.transportperson.grantentryasylum
nw_RC80b821c63217c0659d417cda4451d8994cf385c0ac3da8660c34ddca,"Trigger: trafficking
Document: Donald Trump repeatedly defended his claim that the Mexican government is sending criminals and rapists to the United States . But a range of studies shows there is no evidence immigrants commit more crimes than native - born Americans . Moreover , the vast majority of unauthorized immigrants in prison do not belong in the category that fit Trump ’s description : aggravated felons , whose crimes include murder , drug trafficking or illegal trafficking of firearms . Fox News host Megyn Kelly asked Donald Trump a pointed question about his verbal treatment of women . On the Sunday shows , Trump refused to apologize — and further asserted that Kelly lists things he did not say .",movement.transportartifact.smuggleextract
nw_RCb15db7e8b1914d1539f0ab9bb205d2f250f28ae91374b1101bce94d8,"Trigger: trial
Document: Bishop said on Sunday said the next step for investigators was to identify those responsible for the missile attack , including the chain of command in the Russian military and all those involved in firing the missile . “ I expect that by the end of the year , maybe early next year , the list of those that we believe should be held accountable will be confirmed and then there must be a prosecution , ” she told the ABC on Sunday . She said she assumed Russia would veto any attempt by the United Nations Security Council to bring those responsible to trial , so Australia would consider other options . “ There can be a Lockerbie - style prosecution , a tribunal that ’s set up by the international community , or there can be domestic prosecutions in , say , the Netherlands , ” she said . “ As long as they had the powers of extradition and the like , a prosecution could be mounted successfully in a domestic jurisdiction , but that would cover the interests of the 298 victims aboard that flight . ”",justice.initiatejudicialprocess.trialhearing
nw_RC63005d7a20239653c95ac892f731802fbaa20403b8cdba15e10d149b,"Trigger: battered
Document: The deteriorating situation has been exacerbated by continued‎ Russian and Syrian government attacks on hospitals , the water supply and other civilian infrastructure in Aleppo , he said . Lavrov countered that a number of anti - government groups described by Washington as “ moderates ” refused to follow the cease - fire and chose to side with al - Qaeda 's Syrian affiliate , the Nusra Front , according to Russian state - owned broadcaster RT . The pope , speaking in St. Peter ’s Square on Wednesday , said : “ In expressing my deep sorrow and lively concern for what is happening in that already battered city — where children , the elderly , the sick , young and old , all are dying — I renew my appeal to everyone to commit themselves with all their strength to the protection of civilians as an imperative and urgent obligation . ” More than 250,000 civilians are thought to be trapped inside rebel - held parts of Aleppo , which had a pre - war population of more than 2 million . Syrian government forces carried out the biggest ground assault yet in their new offensive Tuesday , Reuters reported .",artifactexistence.damagedestroy.damage
nw_RCc3d85c48c826335b1170583a406ac918369fb5ae0735f08f503faab5,"Trigger: negotiating
Document: Asian - American — and voting for Trump During a campaign stop in Iowa last summer , Trump employed broken English in a jaw - dropping punchline mocking Asians . "" Negotiating with Japan , negotiating with China , "" he said . "" When these people walk in the room , they do n't say , ' Oh , hello ! How 's the weather ?",contact.negotiate.correspondence
nw_RC9c37dbbe95cead6e05c34aa031084ecb66c5eefe0686ebdf16acb826,"Trigger: urging
Document: Throughout the 1990s , “ Saddam ! Saddam ! Saddam ! ” was the official lamentation being expressed by the American people , at the urging of the national security establishment . He was the new Hitler . He was going to conquer the world .",contact.requestadvise.correspondence
nw_RC9ea5c72e1887aaf7ab43d37d191aa73df2020a817e7e54b26cb4d732,"Trigger: immigrating
Document: Increasingly , Chinese - owned factories in Siberia churn out finished goods , as if the region already were a part of the Middle Kingdom 's economy . "" According to Reuters , Chinese firms already lease or control at least 1.5 million acres of land in Russia 's Far East . Critics of Putin 's land grab plan say it will only increase the amount of Chinese workers immigrating in masses across the border to work on newly - developed Russian farms . Countered one Chinese businessman : "" I think the Russians need to understand that if they do n't allow Chinese investment or Japanese investment or Korean investment here , they will actually lose the place . """,movement.transportperson.grantentryasylum
nw_RC8c623e6388e308b5ee8647050f791d0cb8e0063aed1419d01a455cf1,"Trigger: detained
Document: Mr. Trump has also questioned the merit of deploying troops overseas , including in Japan and South Korea , where a withdrawal of forces would profoundly affect security in Asia . Such a move would significantly reduce American influence at a time of increasing Chinese aggression . And he has said he would not press President Recep Tayyip Erdogan of Turkey , a NATO ally who has suspended , detained or placed under investigation more than 60,000 people in a post - coup attempt frenzy , to respect the rule of law . Nor would he make promoting human rights abroad — a central tenet of American foreign policy under both Democratic and Republican administrations — part of his agenda , since he says America has no moral authority to make such a case . Newsletter Sign Up Continue reading the main story Please verify you 're not a robot by clicking the box .",justice.arrestjaildetain.arrestjaildetain
nw_RC67f6e815d1740d33633b243a2285a959ba4b3a14856c1d9b5cde72ea,"Trigger: massacre
Document: Where the London - based activist group said that at least 42 ISIS fighters had died . In the onslaughts ISIS committed killings of whole families for their cooperation with Syrian Army troops , according to Reuters , with some of those killed being beheaded . The residents in the area of the massacre called al - Bagilya , had received Russian humanitarian aid earlier . Sputnik news quoted a local in the area as saying : “ The horrific massacre carried out today by ISIL militants in al - Bagilya in Deir ez - Zor .",life.die.n/a
nw_RCd8582af5be9779180e99aa12e625e6bdb3a6fadefeb35f32d8e5b0f9,"Trigger: arrested
Document: As Mr. Marczak examined the spyware further , he found that it was being deployed from 67 different servers and that the emails had baited more than 400 people into clicking its links and unknowingly loading its malware onto their machines . He also found that 24 Emiratis were being targeted with the same spyware on Twitter . At least three of those targeted were arrested shortly after the surveillance began ; another was later convicted of insulting Emirate rulers in absentia . Mr. Marczak and the Citizen Lab plan to release details of the custom Emirates spyware online on Monday . He has developed a tool he called Himaya — an Arabic word that roughly means “ protection ” — that will allow others to see if they are being targeted as well .",movement.transportartifact.preventexit
nw_RC2e0fa1d6ece0d798ad4ed1af9ae8914de3a4cc9be068396f4133d2d6,"Trigger: took over
Document: MIKE PENCE : The United States of America needs to begin to exercise strong leadership to protect the vulnerable citizens and over 100,000 children in Aleppo . Hillary Clinton ’s top priority when she became secretary of state was the Russian reset , the Russian reset . After the Russian reset , the Russians invaded Ukraine and took over Crimea . And the small and bullying leader of Russia is now dictating terms to the United States to the point where all the United States of America , the greatest nation on Earth , just withdraws from talks about a ceasefire , while Vladimir Putin puts a missile defense system in Syria while he marshals the forces and begins — look , we have got to begin to lean into this with strong , broad - shouldered American leadership . It begins by rebuilding our military .",government.formation.mergegpe
nw_RCc533616aaf5b1411a6f40abc2d2f56444b7f37bc5a81e74d698b2130,"Trigger: poison
Document: Tests on the clump showed it contained 390,000 becquerels of polonium . The levels were so high that they could only have come from polonium itself . After laying the poison in Litvinenko ’s teapot , Kovtun had gone back upstairs to his room . There , in the privacy of the bathroom , he had tipped the rest of the liquid solution down the sink . No one else – other than Lugovoi and Sokolenko – had access to the room .",conflict.attack.n/a
nw_RC30489b7122012260c97418654086b33cefda2cce48b78391a8704084,"Trigger: indict
Document: Goodman wrote on Huffington Post in October . Sometimes such sweeping pronouncements prove true ; sometimes they are found to be folly . True , I predicted Bernie Sanders would win the nomination and the FBI would indict Clinton , but extraordinary things took place for my crystal ball to stop working . Comey made the case for indictment ( admitting “ we assess it is possible that hostile actors gained access to Secretary Clinton 's personal email account ” ) , but for some reason could n’t find “ intent . ” As for Bernie Sanders becoming nominee , just ask where Debbie Wasserman Schultz is now working .",justice.initiatejudicialprocess.chargeindict
nw_RCfd93ad1a39786e1ae0d2cb8c31fe66026e411f286736e823aae04905,"Trigger: land grab
Document: Since November 2013 , the Mejlis has been led by Refat Chubarov . Dzhemilev and Chubarov , both Ukrainian lawmakers , have been barred from entering Crimea for five years by Crimea 's pro - Moscow leadership . The Organization for Security and Cooperation In Europe 's ( OSCE ) Office for Democratic Institutions and Human Rights and the OSCE High Commissioner on National Minorities issued a report in September saying that since Russia 's land grab , fundamental freedoms had "" deteriorated radically "" for many in Crimea , especially for pro - Ukrainian activists , journalists , and the Crimean Tatar community . Crimean Tatars have been reported abducted , and in some cases later found dead , while others have been arrested and charged with extremism since the annexation . Crimean Tatars are native to the Black Sea peninsula but were deported to Central Asia by Soviet dictator Josef Stalin in 1944 .",transaction.transaction.transfercontrol
nw_RCb1bd879f72923ed37753bbba30203b5e93415f527d5290bd7112049c,"Trigger: sanctions
Document: Afghan officials have also reported the presence of militants from Tajikistan , Chechnya and Chinese Uighurs , many who relocated to Afghanistan from Pakistan ’s tribal areas . Fighting drug trafficking rings that partially fund the Afghan insurgency had been an area of common interest for the Russians and the Americans , said Yuri V. Krupnov , an adviser to the head of Russia ’s antidrug agency , Viktor P. Ivanov . But that stopped when the United States Treasury Department in 2014 imposed sanctions on Mr. Ivanov , a close associate of Mr. Putin ’s . “ Washington had no dialogue with us , and just asserted its interests and sovereignty , and was uninterested in the views of Russia or anybody else , ” Mr. Krupnov said , adding , “ The Obama administration buried this promising line of cooperation . All room for cooperation is exhausted . ”",transaction.transfermoney.n/a
nw_RC3c8215e64074326c2ecd3f7241fe08efe2b17c87f5a4f1bb651f063e,"Trigger: negotiated
Document: ( “ I never said that , ” Trump told me . “ Yes , he did , ” said Smith . ) The Japanese bankers with whom Trump had negotiated a tentative sale suddenly backed off . “ The Japanese despise scandal , ” one of their associates told me . Several weeks later , Donald called Ivana .",contact.negotiate.correspondence
nw_RC2faec14720deb73ee81b5ee7d64afba66aef1825198d255bfa348157,"Trigger: annihilate
Document: Ukraine has four special - forces regiments and a further unit of its Defence Intelligence Department – a total of 7,000 troops . It also has highly capable airborne troops , part of a mobilised army numbering 200,000 , of which 40,000 are always on the country ’s eastern front facing pro - Russian rebels . Russian air forces annihilate ISIS oil tankers in Aleppo province In terms of Russian language skills and combating Russian tactics , Ukrainians are world leaders . However , any troop deployment into Syria would be controversial in Kiev , and require a parliamentary vote , with some arguing that Ukraine needs to focus on the rebels who pose a continuing threat in its east , despite the current military deadlock .",conflict.attack.selfdirectedbattle
nw_RC9dc6763f199b574ec90097c4d346b7d8844530343a8a8d520807a4f2,"Trigger: annex
Document: Referring to areas in the West Bank and present - day Israel , Israeli Education Minister Naftali Bennett , a member of the ultra - nationalist Jewish Home party , said : "" We will build in Sarona and Kiryat Arba , in Jaffa and Jerusalem , in Itamar and Beersheba . "" Agriculture Minister Uri Ariel , the girl 's cousin and a key figure in the Israeli settlement movement , said building settlements was needed "" now more than ever "" and called for "" Israeli sovereignty "" in the West Bank . Yehuda Glick , a far - right Israeli politician , called for Israel to annex the West Bank and Jewish - Israelis to increase their excursions into the al - Aqsa Mosque compound , the third holiest site for Muslims . More than 530,000 Israelis live in settlements - considered illegal under international law - across the West Bank , according to the Israeli rights group B'Tselem . Source : Al Jazeera",government.formation.mergegpe
nw_RC97c25bd10d0730744fbe2031792efd7e5447d9bf96ffe302e57d4954,"Trigger: extradited
Document: “ POLITICAL DECISION ” “ Whether the U.S. extradites Gulen or not this will be a political decision , ” Bozdag said . “ If he is not extradited , Turkey will have been sacrificed for a terrorist . ” A recent opinion poll showed two thirds of Turks agree with their president that Gulen was behind the coup plot . Turkey has been holding almost daily mass rallies since July 15 in support of democracy and the government and against the plotters .",justice.judicialconsequences.extradite
nw_RC2a52042a391c229a1c782a24461de5af8f24064993a511a793951957,"Trigger: brings in
Document: "" The people are really friendly , and I really think I 'll come back and spend some more time here . "" - ' Afraid to work here ' - In May , Turkey suffered its worst drop - off in visits in 22 years -- down 35 percent from a year ago -- as an industry which ordinarily brings in 30 billion euros ( $ 33.2 billion ) went into free fall . This was partly a result of a Russian ban on Turkish package holidays that Moscow had slapped on Ankara over a bitter diplomatic row . That ban was lifted last week as the two countries made up -- cause for celebration in the resort province of Antalya , where Russians traditionally come to sun themselves in their droves .",movement.transportartifact.grantentry
nw_RC57c507ac50917551dbf29e7eac9dbf91b1cd06a6ac20d5d77dd6c7ca,"Trigger: paid
Document: Victoria Widergren , a Republican from Chester Springs , Pennsylvania , agreed . The 46-year - old builder and architect was planning to vote for Trump , but changed her mind after Monday 's debate . Widergren said she was particularly appalled to learn that the billionaire businessman had n't paid contractors who worked for him . But as the 90-minute debate stretched on , she , too , grew frustrated with Trump 's interruptions of Clinton , a view she said was shared by colleagues she 'd spoken to after the debate . "" He just does n't understand when to stop , "" she said .",transaction.transfermoney.payforservice
nw_RCeb7bf27a8a384b6efad19bebfb3c630a83940f3eb6073a7f2f0d2ca4,"Trigger: piercing
Document: A few days after that statement , the world got a more colorful reminder of Putin ’s position on nuclear disarmament . During a meeting at the Kremlin with his top generals on Nov. 10 , he accused the U.S. of trying to “ neutralize ” Russia ’s nuclear arsenal by building a missile shield over Europe , one that could knock Russian rockets out of the sky . In response , he said , Russia would have to “ strengthen the potential of its strategic nuclear forces , ” including the deployment of “ attack systems ” capable of piercing any missile shield . As if on cue , a state television camera then zoomed in on a piece of paper that one of the generals was holding in his hand . It showed the plans for a nuclear device codenamed Status-6 , complete with a curt definition of its purpose : “ to create an extensive zone of radioactive contamination ” along the enemy ’s coast , rendering it uninhabitable “ for a long time . ”",artifactexistence.damagedestroy.damage
nw_RCa11b55c658ce49cbe7cf59c9212dbe06a867e85b9f6e37b04e152b48,"Trigger: acquire
Document: North Korea had tested a nuclear weapon on Thursday night , prompting an emergency meeting by the United Nations Security Council . “ As a Senator I voted for every sanction that was put before the Senate against Iran , in our effort to try to prevent Iran from moving forward on a nuclear program , ” Clinton said , speaking to reporters after convening a meeting on national security in New York . “ They were able to acquire and put into operation a significant number of centrifuges , so our sanctions , despite our best efforts , were not enough and although we have international sanctions against North Korea ... they are n’t enough either . ” Clinton said one reason that sanctions are not “ enough ” is because China has not recognized the threat that North Korea presents , and she said that working with China would be “ on the top of [ her ] list . ” The meeting , a “ working session ” that took place at the New York Historical Society in Manhattan , focused largely on the threat of the Islamic State , also known as ISIS , and other terrorist groups .",transaction.transferownership.purchase
nw_RCa186402ed7209b7537b7537b76054aa1b7d87a623ec15441b2aa09f0,"Trigger: shipments
Document: Roughly 40 % of the crude imported from Iran was refined at Essar Oil 's massive refinery in the state of Gujarat . Now that the refinery is under new ownership , it 's likely to be processing more shipments from Russia . Lalit Kumar Gupta , Essar Oil 's chief executive officer , told Bloomberg in August that shipments from Iran would decline if Rosneft bought a stake in the Indian firm . "" When they are on board we will see how much to buy , what to buy , "" he said . Now , Iran might need to find new buyers in a global market already saturated with supply .",movement.transportartifact.bringcarryunload
nw_RCf375f3d5366c0ca1252896794797cf07a30f87d5a3dcf972f18ebe12,"Trigger: treaty
Document: Another long - range missile , called the SS - X-31 , is under development and will carry up to 12 warheads . Schneider , the former Pentagon official , said senior Russian arms officials have been quoted in press reports discussing Moscow ’s withdrawal from the New START arms accord . If that takes place , Russia will have had six and a half years to prepare to violate the treaty limits , at the same time the United States will have reduced its forces to treaty limits . "" Can they comply with New START ? Yes .",government.agreements.acceptagreementcontractceasefire
nw_RCfa87a65f729253aec42738bf0fc02a7d58335cd1a0f47d9c0b1a44a1,"Trigger: elected
Document: Mr. Trump ’s discussion of the crisis in Turkey was telling , because it unfolded at a moment in which he could plainly imagine himself in the White House , handling an uprising that could threaten a crucial ally in the Middle East . The United States has a major air base at Incirlik in Turkey , where it carries out attacks on the Islamic State and keeps a force of drones and about 50 nuclear weapons . Mr. Trump had nothing but praise for President Recep Tayyip Erdogan , the country ’s increasingly authoritarian but democratically elected leader . “ I give great credit to him for being able to turn that around , ” Mr. Trump said of the coup attempt on Friday night . “ Some people say that it was staged , you know that , ” he said .",personnel.elect.winelection
nw_RCfdb97dbe12055540c4b0ade3424e04a04d8b1bb5af588060a2f157fb,"Trigger: suggested
Document: But it was his protracted feud with two Muslim American Gold Star parents — who lost their son , Army Capt . Humayun Khan , while he served in Afghanistan — that drew the heaviest criticism from his Democratic critics and members of his own party alike . After Khizr Khan delivered an impassioned denunciation of Trump at the Democratic convention , Trump suggested that Khan 's wife , Ghazala , remained silent on stage because of their religion . She denounced his remarks in the following days , telling the public that her grief made it too difficult to speak about her son . Those controversies flew in the face of efforts by Trump ’s advisers to craft a more deliberate and controlled message , and to transform Trump from the populist flamethrower he was during the GOP primaries to a more restrained presidential candidate .",contact.requestadvise.n/a
nw_RCb4f9cc0fa866102b123ca14881a23dc799e661aeaa30dc1ecd3b8153,"Trigger: explode
Document: Trump talks of barring Muslims from entering the country -- which means everyone at our border crossings and airports , including Christians and Jews , would somehow have to prove religious affiliation . Clinton would impose no religious test , ever . Trump would offer the largest tax cut in our nation 's history , skewed heavily towards the rich , a move that economists of every stripe warn would explode the national debt . Clinton would require the rich and corporations to pay more , and use the money mostly to help middle - class families cover the cost of college . This list goes on and on .",conflict.attack.n/a
nw_RC4e340e4b2741f50fdfadfd6886ffe5c3f085a8eca5a71be265529f15,"Trigger: torture
Document: And where is Sen. John McCain ( Ariz. ) , who has declared that he supports a man who seems to stand for everything McCain is against — and who callously belittled his war record ? McCain has lived a life of service , with acts of courage that are beyond my comprehension . When the North Vietnamese offered to release him in advance of other prisoners of war ( because his father was an admiral ) , he refused , preferring more captivity and torture to losing his honor . Years later , when he learned that Henry Kissinger had also refused to allow any special treatment for him , he thanked Kissinger for saving “ my reputation , my honor , my life , really . ” Today , all McCain needs to do to preserve his honor is to say two words : “ Never Trump . ”",life.injure.injurycausedbyviolentevents
nw_RC7ddf99e6940dc86c96af417612dbf17d2efac3de8b1f220dfc498d4a,"Trigger: plummeted
Document: The United States later vaulted past Russia to become the world ’s largest natural gas producer . As a result , prices dropped to record lows , and America began to wean itself from coal , along with oil and gas imports , which lessened its dependence on the Middle East . The surging global gas supply also helped shrink Russia ’s economic clout : profits for Russia ’s state - owned gas company , Gazprom , plummeted by more than 60 % between 2008 and 2009 alone . Clinton , who was sworn in as secretary of state in early 2009 , believed that shale gas could help rewrite global energy politics . “ This is a moment of profound change , ” she later told a crowd at Georgetown University .",movement.transportartifact.fall
nw_RC4f44a9dd63c0f89a4a4e529b4c1bdc470dd1e4a5ad2ecc6c2018f207,"Trigger: elected
Document: He further says that deficient Russian institutions provide for the supremacy of arbitrariness and abuse . “ Our [ leaders ] like to rule manually , ” he said . Asked why , Gorbachev states : “ Because they were not elected , ” he comments , explaining that after the 1990 , Russian elections became less free than they were in Soviet times . In the 1996 presidential elections , Gorbachev says that the one who won was Gennady Zyuganov [ officially Boris Yeltsin won against the Communist leader , Gennady Zyuganov]. “ He [ Zyuganov ] knew he had won the elections , and was scared , ” Gorbachev said .",personnel.elect.n/a
nw_RCf39e6bddb07c352c448f5c67b7c7fa5ac3339fc4ce51ea6db7eb7928,"Trigger: boycott
Document: The petition has been signed by more than 3,000 people . But some disagree with Paikidze ’s stance . Mitra Hejazipour , a woman grandmaster ( WGM ) and the 2015 Asian continental women ’s champion , said a boycott would be a setback for female sport in Iran . “ This is going to be the biggest sporting event women in Iran have ever seen ; we have n’t been able to host any world championship in other sporting fields for women in the past , ” Hejazipour , 23 , told the Guardian . “ It ’s not right to call for a boycott .",transaction.transferownership.embargosanction
nw_RC6180572858291d589e32701c387efc15dc83f7c0ffa3da4f86c14915,"Trigger: demand
Document: On Wednesday , I wrote a contrarian piece on Bernie Sanders , who has a reputation as perilously weak on foreign policy , arguing that he has legitimate political reasons for ignoring the topic and that it 's not as big of a deal as it might seem . Lots of presidents come into office inexperienced on foreign policy , many do just fine by taking steps such as hiring a smart and experienced team , and there is no reason to think Sanders ca n't do this , too . I argued that we — political and media elites — demand that candidates put themselves through a somewhat artificial ritual of proving their foreign policy credentials , that this ritual is more about reassuring establishment figures than about actual foreign policy , and we should n't write Sanders off on foreign policy purely because his political incentives do not line up with conducting this ritual as usual . On Thursday , in his MSNBC debate with Hillary Clinton , Sanders went ahead and put my theory to the ultimate make - or - break test , giving a cringe - a - minute performance on foreign policy that was near - universally panned . I mean , it was bad .",contact.commandorder.correspondence
nw_RCd8edb5890a8b9ceae173eb6b6012f7f223fab4199b531b45cb15149f,"Trigger: war
Document: The bar has now been set so low for the GOP nominee that he could do the following on stage in St. Louis and still receive passing grades : suggest that as president he would jail his opponent ; defend Vladimir Putin and Russia over the hacking of the U.S. election ; praise brutal Syrian tyrant Bashar Assad ; admit to not paying federal income tax ; and rebuke his own running mate for daring to criticize Russia over the indiscriminate bombing of Syrian civilians . That 's a very partial list . Trump also lied with enthusiastic regularity , again saying he opposed the second Iraq war before it started ( he did n't ) , claimed his opponent would jack up the tax rate on the middle class ( she says she wo n't ) and protested that he did not Tweet at 3 a.m. that people should check out a sex tape featuring a former Miss Universe ( he did ) . And never mind that Trump spent the first portion of the debate apologizing for a video leaked over the weekend in which he grotesquely bragged about his ability to commit sexual assault because he 's a "" star . "" Diving deeply into the gutter , Trump tried to turn the video into a bizarre bank shot attack on Clinton by bringing to the debate women who claim former President Bill Clinton sexually abused them .",conflict.attack.selfdirectedbattle
nw_RCd81a3fa6c5d4756d88ed313a3d01b753f2a80cb13e2209839b47a2ac,"Trigger: misleading
Document: North Carolina stood out from other states only because its Republican officials made the mistake of putting their motives in writing . The other elements — the belief , against all evidence , that Democrats benefit from pervasive fraud ; the support for measures designed to suppress minority voting — are points of party consensus . Mike Roman , the figure Trump has tapped to direct his “ election security ” operation , once whipped conservatives into a frenzy by promoting a misleading but scary video of New Black Panthers at a polling station in Philadelphia , then ran the Koch brothers ’ intelligence agency . Trump ’s policy of fomenting white panic and suppressing the nonwhite vote is best - practice behavior within his party . This behavior will last beyond Trump .",contact.prevarication.broadcast
nw_RC43eff2463f18506d114d66283b33c34b89937f55e58581710a34e4d0,"Trigger: oath
Document: Photos : Hillary Clinton 's life in the spotlight During the 1992 presidential campaign , Clinton jokes with her husband 's running mate , Al Gore , and Gore 's wife , Tipper , aboard a campaign bus . Hide Caption 9 of 43 Photos : Hillary Clinton 's life in the spotlight Clinton accompanies her husband as he takes the oath of office in January 1993 . Hide Caption 10 of 43 Photos : Hillary Clinton 's life in the spotlight The Clintons share a laugh on Capitol Hill in 1993 .",contact.commitmentpromiseexpressintent.broadcast
nw_RC33eb71ce4c6140bf58048997c778e7d2d1b181a10fd839a8c4eab967,"Trigger: surveillance
Document: The stills offer a miraculous time machine , a journey into verisimilitude . Even modern CCTV has its limitations . Some parts of the Millennium were not covered by it – as Lugovoi , an expert in surveillance , and a former Kremlin bodyguard , would have noticed . One camera was fixed above the reception desk . Its footage shows the check - in counter ; a bank of three computer screens ; uniformed hotel staff .",government.spy.spy
nw_RC76ec1e0e98291f990aed67e498e4fa904e0d6115a7fd3619681879a6,"Trigger: negotiates
Document: Then the Pentagon helps negotiate the terms of the deal , notifies Congress of its details , and collects the funds from the foreign buyer , which it then gives to the US supplier in the form of a defense contract . In most deals , the Pentagon is also the point of contact for maintenance and spare parts for any US - supplied system . The bureaucracy that helps make all of this happen , the Defense Security Cooperation Agency , is funded from a 3.5 percent surcharge on the deals it negotiates . This gives it all the more incentive to sell , sell , sell . In its first six years , team Obama entered into agreements to sell more weaponry than any administration since World War II .",contact.negotiate.meet
nw_RC6a03c31c04c864c0b1a7e802195ca1b52dbb81fd07e2e353edd35d85,"Trigger: smuggling
Document: They ’re importing not only oil , but wheat and historic artefacts as well . ” Bilal Erdogan denies Russian allegations Bilal Erdogan this week denied continuous Russian allegations that he and his family were profiting from the illegal smuggling of oil from ISIS - held territory in Syria and Iraq , after Russia ’s defence ministry said it had proof that the Erdogan family was benefiting directly from this trade . The Turkish government has already dismissed the accusations and on Tuesday the president ’s son added his voice to the many denials . “ We build offices in Istanbul ... We do not do business in the Mediterranean , in Syria or Iraq , ” he was quoted as saying in Corriere della Sera newspaper , talking about his own corporate concerns , which have been called into question by Russian media .",movement.transportartifact.hide
nw_RCf85456433742543c3a4e914ad8733b59490715f6e27e819cd21e987f,"Trigger: punch
Document: Cruz in person is almost physically repellent . Psychology Today even ran an article by a neurology professor named Dr. Richard Cytowic about the peculiarly off - putting qualities of Cruz 's face . He used a German term , backpfeifengesicht , literally "" a face in need of a good punch , "" to describe Cruz . This may be overstating things a little . Cruz certainly has an odd face – it looks like someone sewed pieces of a waterlogged Reagan mask together at gunpoint – but it 's his tone more than anything that gets you .",life.injure.n/a
nw_RCfd62e458495559f2a4a590c0d28a05f8eaab95f60bbca9a7ef2fa630,"Trigger: deceased
Document: He added : “ I do not trust Mr Putin and Mr Trump . With those two all things are possible . ” Alamy 5 Bennet Omalu is famous for discovering the impact of concussions on deceased NFL players I must advice the Clinton campaign to perform toxicologic analysis of Ms. Clinton 's blood . It is possible she is being poisoned .",life.die.n/a
nw_RC31f348eebc31459c6e65bc79d2b4b2ee478aff8b029983aa895614a9,"Trigger: funded
Document: Likewise , only Bernie Sanders has a strong movement on social media , but through flooding the internet with fake Clinton support , one can make it harder for the opposition to organize , and distort the impressions of how people actually feel ( which will inevitably end up filtering into the resulting media coverage ) . This well - funded astroturfing campaign is not the only way the realities of social media have been manipulated to create favorable impressions of Clinton ; an entire media narrative sprang up based on false instances in which Bernie Sanders supporters were supposedly engaged in acts of mass , coordinated harassment . But whereas that was done by individual Clinton - supporting journalists , the astroturfing efforts are being funded on a large scale with the approval of the campaign itself . Of course , ordinarily a campaign is n’t technically responsible for the actions of an independent SuperPAC . After all , SuperPACs are limited by rules that prohibit coordinating with the candidates themselves .",transaction.transferownership.giftgrantprovideaid
nw_RC2a57f5c20813cd96d17d4807524fc89a2376d8992250825441a3eab5,"Trigger: payments
Document: Enlarge this image toggle caption Taylor Hill / WireImage / Getty Images Taylor Hill / WireImage / Getty Images A newly revealed memo from a former aide to Bill Clinton details substantial overlap between donors to the nonprofit Clinton Foundation and the former president 's personal financial activities , a $ 30 million - plus enterprise described in the memo as "" Bill Clinton , Inc. "" Money managers UBS and Barclays , mining giant BHP , and the for - profit educational company Laureate International Universities each made substantial payments to Bill Clinton for speeches or "" advisory services , "" while also contributing to the Clinton Foundation . Most of these payments were brokered by Doug Band , who served as a personal aide to Bill Clinton during his White House years , and later as a chief fundraiser for the Clinton Foundation . In 2011 , Band formed his own corporate consulting firm , Teneo Strategies , along with another Clinton ally , Declan Kelley .",transaction.transfermoney.payforservice
nw_RCdaf6815eeefdc996da047127916cc5837c6e0581ec196f028220ffa5,"Trigger: rape
Document: But mainstream politicians could be far more useful to the Kremlin than extremists , analysts say , since they still control most of the levers that could lead to an easing of sanctions , and Russia has courted politicians from Germany to Hungary to Slovakia to France . Still , some see sharp limits to Kremlin influence . The interference in the false German rape case helped spark a backlash among an electorate that remained sympathetic to Russia . The E.U. sanctions have repeatedly been renewed .",life.injure.n/a
nw_RC8a41a5786efb16fa1c20f5559486373fa9325b8ec7d2f9341b816bb4,"Trigger: deceased
Document: ( Ruth Eglash ) The University of Tennessee - Knoxville agreed to pay $ 2.48 million in a sexual assault suit involving student athletes , ending a dispute that pitted eight young women against the football program . It is the school ’s third financial settlement involving the athletics department in just two years . ( The Tennessean ) A 60-year - old British woman has become the subject of a high - profile legal dispute over whether she can use her deceased daughter ’s frozen eggs to carry her own grandchild . A London appeal 's court sided with the woman last week . She says it was her daughter ’s “ dying wish . ” ( Lindsey Bever ) Florida authorities are investigating a bizarre death in which they were called to the scene of a “ burning mannequin ” outside a craft store – only to discover that the body on fire belonged to a human man .",life.die.nonviolentdeath
nw_RCc21934711d6ae7fafca8a6ff4fbe3fa7cd4da55b15da7e15104f98bd,"Trigger: illness
Document: Litvinenko gives his own name and address . Hoar then says : “ Thank you very much for that , Edwin . Edwin , we ’re here investigating an allegation that somebody has poisoned you in an attempt to kill you . ” Hoar says that doctors have told him Edwin is suffering from “ extremely high levels of thallium ” and “ that is the cause of this illness ” . He continues : “ Can I ask you to tell us what you think has happened to you and why ? ” Medical staff had pre - briefed Hoar that Litvinenko spoke good English .",life.injure.illnessdegradationphysical
nw_RCf9353ecad23cae3f5bbe89bbbc93a7f728fd5dbf24476e8ee70e3afd,"Trigger: auction
Document: “ Then Elites runs for president . Why run for president when already control country like dictatorship ? ” “ We want make sure Wealthy Elite recognizes the danger cyber weapons , this message , our auction , poses to their wealth and control . Let us spell out for Elites , ” the group added . “ Your wealth and control depends on electronic data . ”",transaction.transferownership.purchase
nw_RCd24fa4000fd00c0d49d8d24356bd84a50bb2fc36ec932b56cbce930f,"Trigger: negotiated
Document: "" I do n't know what the reason is – I do know what the reason is , but I do n't know how they can sell it , "" he says . "" We 're not allowed to negotiate drug prices . We pay $ 300 billion more than if we negotiated the price . "" It 's actually closer to $ 16 billion a year more , but the rest of it is true enough . Trump then goes on to personalize this story .",contact.discussion.meet
nw_RCa4c8280fd1853941b81c1c2d910cc182973fc431890f869730fcda7b,"Trigger: executions
Document: Its membership had been growing over years of prison raids freeing Islamist militants , while leadership was strengthened with the addition of military and intelligence officers who served under Saddam Hussein . Isis already held several towns and swathes of territory across Iraq and Syria but did not come to international attention until it captured Mosul , sparking the declaration of a state of emergency by the Iraqi government as soldiers fled their posts . The group ’s subsequent advance and international expansion , marked by waves of brutal executions and terror attacks , has been well - documented . As well as international bombing campaigns in Iraq and Syria , the US - led coalition is attempting to throttle Isis’ revenue streams and resources .",justice.judicialconsequences.execute
nw_RC3d47c8d798db6a37fa12d3135db950a4558026209446eff7d4fc582f,"Trigger: interviewed
Document: But it ’s a sentiment that could be shared by a lot of people given the FBI ’s recent record . Bureau Director James Comey ’s news conference , in which he laid out an extended record of misconduct by Hillary Clinton but then announced that he would n’t recommend prosecuting her , was just the latest in a series of very visible FBI failures . The FBI had interviewed Boston Marathon bomber Tamerlan Tsarnaev , after being warned by the Russian government that he was a threat , but still did nothing . Three people were killed and more than 260 were injured as a result . The FBI also investigated in advance but failed to prevent mass killings by Fort Hood shooter Nidal Hasan and Arkansas shooter Carlos Bledsoe .",contact.discussion.meet
nw_RC9c215197fc0d6f9684ff28db73fdd279fa21f0988de2a546ff7be625,"Trigger: enact
Document: It ’s what we ’ve lost , it ’s what we need back . Telling political opponents to sit down and shut up ca n’t always be the first recourse of our politicians . Kaine might just be the bipartisan bridge that allows Clinton to enact real change . If Kaine markets himself this way successfully , he may become an asset to millennial outreach instead of the vanilla placeholder he is now . Caraway is a radio host and Biomedical Sciences Senior at the University of North Florida , from Jacksonville , Florida .",government.legislate.legislate
nw_RC9eff7312964919676d041a3e9bf6c3f7d2a7ce3a8474f057a4ed9c47,"Trigger: burial
Document: “ It ’s really rare to find an intact burial like this , because an infant ’s bones are so small and fragile , ” says Jungklaus . Laid to rest not long after it turned six months old , the baby is almost perfectly preserved , its arms folded across its tiny chest . The bones and nearby soil are stained red from ochre pigment used to decorate the body for burial . The excellent preservation offers researchers a wealth of information . Chemical signatures in the bones , for example , could show whether the infant was breast - fed ; DNA could establish links to other skeletons in the cemetery and determine the infant ’s gender .",contact.funeralvigil.meet
nw_RC7978194218e9c9fef503499b8c9b76bef94f169059ff116ae0682d2b,"Trigger: captured
Document: The IS research and development team has produced fully working remote controlled cars to act as mobile bombs , while they have fitted the cars with "" drivers "" ; mannequins with self - regulating thermostats to produce the heat signature of humans , allowing the car bombs to evade sophisticated scanning machines that protect military and government buildings in the West . The group trained fighters from a variety of countries to carry out attacks and to train more jihadists in their own countries . An IS trainer with more than eight hours of unedited training videos was captured by the remnants of the Free Syrian Army ( FSA ) as he headed north through Turkey towards Europe . The FSA passed the material to Sky News but was not aware of the importance of the videos , described by a weapons adviser to the British military as an intelligence "" gold mine "" . Using aerial and satellite imagery Sky News has identified the location of the "" university "" and pieced together the apparently random collection of video files to reveal the true extent of IS 's sophisticated development and training team .",movement.transportperson.n/a
nw_RCdc3c2c5182550c3e99c822b31e30ff5cbb8fecabded0cab2e2c4ea3f,"Trigger: protest
Document: His statement provoked a sharp reaction from the broadcaster , which denounced Gulen ’s attempt to pressure the channel to cancel its broadcast , and aired the documentary . “ We can never accept this . We will protest against any attempt to exert pressure that threatens freedom of expression , ” said TV4 ’s program director , Viveka Hansson , in a statement on the company ’s website . Speaking to Expressen , Gulen said that he had “ full respect for freedom of expression and for the channel , ” but refused to retract his plea to TV4 to withdraw the documentary piece . “ These are my feelings .",conflict.demonstrate.marchprotestpoliticalgathering
nw_RCa84a0ee22abc4bee5942982b99eab0de6b201c53d445592c76724162,"Trigger: immigration
Document: Sanders says he believes that comprehensive immigration reform needs to be passed and we have to move toward a path to citizenship . He agrees with Obama ’s use of executive orders to enact amnesty . Sanders says he wants to “ bring families together , not divide them up ” re : his immigration agenda . Sanders says he will use executive orders to grant a path to citizenship for all of the country ’s illegal immigrants . Clinton says she agrees with Obama ’s executive amnesty .",inspection.sensoryobserve.inspectpeopleorganization
nw_RCad444738b584f60fa389ea9bb9e3110903e1f10d6b29f081d5462baf,"Trigger: annihilated
Document: However , it added that the plan was dependent on ending all sieges , allowing in humanitarian aid , releasing all detainees and ending bombardments by ground or air . The British foreign secretary , Philip Hammond , expressed scepticism about the ceasefire . Speaking to the House of Commons , he said : “ Whatever the technicalities , the big picture is this : unless the level of Russian airstrikes dramatically decreases , this ceasefire will not hold because the moderate armed opposition can not lay down their weapons and will not lay down their weapons while they are being annihilated from the air . “ The ceasefire agreement will allow continuing operations against Daesh [ Isis ] and al - Nusra , and no one would disagree with that . The problem is the Russians claim to date that all of their action has been against those groups , so on the face of it the Russians could be entering into this arrangement on the basis that they are not going to change their behaviour at all .",conflict.attack.selfdirectedbattle
nw_RCcbe5aaaa943ab54725fc2a5bee33566c9ee277db023b8a9e8ec5e541,"Trigger: deceased
Document: All of these things , they ’re so false . They ’re such lies . ” Clinton ’s campaign announced Friday it would be featuring Khizr Khan , the father of Humayun Khan , a deceased Muslim American soldier , whose family drew Trump ’s ire after speaking ill of him at the Democratic National Convention , in an ad that will run in Florida and other battleground states . In the minute - long spot , Khan asks Trump : “ Would my son have a place in your America ? ” Clinton ’s campaign has also run ads highlighting Trump ’s disparaging rhetoric toward women , Republicans blasting their party ’s standard - bearer and Trump ’s outsourcing of American jobs that make products overseas .",life.die.n/a
nw_RCcb124b1ed0fb25dda27c0fd085c0cc16b53b97c935dd5bc4582dd58f,"Trigger: homicide
Document: If this was the only evidence of calculated racial divisiveness in Trump ’s campaign , it would be one thing . It is not . Last year — in one of the many tweets by racial supremacists that he has promoted to 12 million followers of his Twitter account — Trump disseminated the falsehood that blacks kill 81 % of white homicide victims . ( The actual number is 15 % . ) In February , asked on national television whether he would reject the support of former Ku Klux Klan grand wizard David Duke , Trump said “ I just do n’t know anything about him . ” He later blamed an earpiece — and said that he disavowed Duke .",life.die.deathcausedbyviolentevents
nw_RC3a4ca269973cd19819873ea724b81dcdc53e7aee3d1ab5367009c9cd,"Trigger: withdraw
Document: Here are some of Clinton ’s foreign policy remarks Thursday , which take a consistently aggressive line toward Russia and Iran , in stark contrast to Trump ’s “ America First ” messaging . The ‘ Vacuum ’ Clinton described a “ vacuum ” that could result if Americans withdraw overseas like America did during Clinton ’s State Department term , when the U.S. pulled out of Iraq and gave rise to ISIS . Trump has criticized the decision to announce the firm date when U.S. forces would leave . “ We are not a country that cowers behind walls , ” Clinton said .",conflict.yield.retreat
nw_RC179639bece02a9f39e11abea168ce1d6c046302e6b319af39963c3a4,"Trigger: detained
Document: A square near Amsterdam city hall that had been earmarked for the PEGIDA demonstration had to be shut down shortly before the gathering as police and explosives experts examined what police called a “ suspect package . ” Only about 200 PEGIDA supporters were present , outnumbered by police and left - wing demonstrators who shouted , “ Refugees are welcome , fascists are not ! ” Dutch riot police detained several people as officers on horseback intervened to separate the two groups of demonstrators . _ _ _ 2:30 p.m.",justice.arrestjaildetain.arrestjaildetain
nw_RCebc00cbc25a6c2b46b9162f0d56b110c7f4f58eafed992737b9aef18,"Trigger: fled
Document: In the three years since Edward Snowden landed in Moscow , his relationship with his hosts has been a source of much speculation and controversy . The American IT contractor , who worked for the CIA and NSA until he fled Hawaii with more than a million purloined secret files , has not left Russia since he arrived at Sheremetyevo airport on 23 June 2013 , on a flight from Hong Kong . Snowden landed in Moscow with the permission of the Russian government , whose representatives he met during his sojourn in Hong Kong that lasted more than three weeks . He became so friendly with them that he actually celebrated his 30th birthday at the Russian consulate !",movement.transportperson.n/a
nw_RC88b8fd2993b8bb3cab21621a6e9cb1436e588d9b2af76bf613bdb3c5,"Trigger: proclaimed
Document: Bernie Sanders is the only self - proclaimed “ Democratic socialist ” running in the 2016 race for the White House . And some of his supporters have been trying to lecture Garry Kasparov , a former Soviet citizen and Putin dissenter , on the glories of socialism . Kasparov posted a rebuttal to his Facebook that 's been shared over 40,000 times .",contact.publicstatementinperson.n/a
nw_RCfa5359334ae91971f55fce56a671c8bb30e12984d52cbddf05c87f59,"Trigger: intimidate
Document: And never mind that Trump spent the first portion of the debate apologizing for a video leaked over the weekend in which he grotesquely bragged about his ability to commit sexual assault because he 's a "" star . "" Diving deeply into the gutter , Trump tried to turn the video into a bizarre bank shot attack on Clinton by bringing to the debate women who claim former President Bill Clinton sexually abused them . Trump , who himself faced a rape allegation from ex - wife Ivana Trump and now faces one from a woman who was 13-years old at the time the alleged act occurred ( Trump has repeatedly denied the allegations ) argues that Hillary Clinton is worse than he is because she attempted to smear and intimidate Bill Clinton 's accusers , though the evidence for that smearing and intimidation is thin to nonexistent . Trump also spent the debate wandering around the stage and regularly crowding Clinton 's space and glowering over her shoulder like a stalker . When asked by a Muslim - American in the audience how he would deal with "" Islamophobia , "" Trump repeated the debunked claim that witnesses saw "" bombs all over the apartment "" of the San Bernardino terrorists and failed to report it .",contact.threatencoerce.n/a
nw_RC9fecace594cb903acd35955ff226e8c4678c61f7abd0024e3313236a,"Trigger: eradicated
Document: There is no longer any such thing as a Republican who is not conservative . The collapse of the George W. Bush administration was greeted among his party not as an indictment of its fanatical tax-­cutting , deregulatory agenda and failed effort to privatize Social Security , but as evidence that Bush was not conservative enough . During the Obama administration , a spate of right - wing primary challenges eradicated what was left of the party ’s vestigial moderate wing and cowed its remaining mainstream members into submission . That the contemporary Republican Party shares a name with the Republican Party of the 1970s — or even of the ’ 80s or ’ 90s — has created massive confusion over just how distinct its worldview is . According to one measure of ideology used widely by political scientists , the most conservative Republican in the House 25 years ago , when the House attacked a Republican president for the heresy of increasing taxes , would be among the most liberal House Republicans today .",artifactexistence.damagedestroy.n/a
nw_RC7e98f0c0788c0a59fa202202091f5e1637c8735ea0a104652f8400dc,"Trigger: seizing
Document: Though Iran published embarrassing photos of the Americans being detained , the effect of this was mostly wounded pride , and in all what could have been a dangerous incident was resolved quickly and peacefully . "" I would describe this as not outside of the norm , "" Robert Farley , a professor of international relations at the University of Kentucky , told me about the handling of the Iran - sailor situation . "" Polite powers manage to resolve these kinds of issues without actually arresting and seizing and pointing guns at each other . "" This was n't an example of "" American weakness "" ; it was an example of diplomacy managing and defusing a bad situation . American power is collapsing ... except it is n't",transaction.transaction.n/a
nw_RC4e69a33bb01fcb89ad726982aedebad3e501497532af328f7c7feb9c,"Trigger: hiring
Document: On Wednesday , I wrote a contrarian piece on Bernie Sanders , who has a reputation as perilously weak on foreign policy , arguing that he has legitimate political reasons for ignoring the topic and that it 's not as big of a deal as it might seem . Lots of presidents come into office inexperienced on foreign policy , many do just fine by taking steps such as hiring a smart and experienced team , and there is no reason to think Sanders ca n't do this , too . I argued that we — political and media elites — demand that candidates put themselves through a somewhat artificial ritual of proving their foreign policy credentials , that this ritual is more about reassuring establishment figures than about actual foreign policy , and we should n't write Sanders off on foreign policy purely because his political incentives do not line up with conducting this ritual as usual . On Thursday , in his MSNBC debate with Hillary Clinton , Sanders went ahead and put my theory to the ultimate make - or - break test , giving a cringe - a - minute performance on foreign policy that was near - universally panned .",personnel.startposition.n/a
nw_RC3f19d400a9b57d819adc8381c6ff6ff475b380b9f8b19147aa106ad1,"Trigger: vow
Document: She has done nothing remotely illegal , and her paranoia may be largely explained by the baseless charges of her overheated critics . After several investigations into the deaths in Benghazi , Republicans hunting for Hillary 's scalp came away with a whole lot of nothing . Trump 's vow to throw her in prison is an unnerving reminder of his scorn for Constitutional restraint . In fact , we endorse Hillary Clinton not just because Trump is such a scary alternative , but because she is ready for this job , in experience and temperament . Her flaws are outweighed by her virtues , and it 's not a close call .",contact.commitmentpromiseexpressintent.meet
nw_RC6a48c642920f0e96ff02f04c7cc0565b4290f4ad8ab619a5f85fb517,"Trigger: sicker
Document: ADVERTISEMENT "" There are absolutely some carriers that are going to have to come in with some pretty significant price hikes to make up for the underpricing that they did before , ” said Sabrina Corlette , a professor at Georgetown University ’s Center on Health Insurance Reforms , while noting that the final picture remains unclear . Insurers are already making the case for premium increases , pointing to a pool of enrollees that is smaller , sicker and costlier than they expected . The Blue Cross Blue Shield Association released a widely publicized report last month that said new enrollees under ObamaCare had 22 percent higher medical costs than people who received coverage through their employers . “ The industry is clearly setting the stage for bigger premium increases in 2017 , ” said Larry Levitt , an expert on the health law at the Kaiser Family Foundation .",life.injure.illnessdegradationphysical
nw_RCf2742bc6916bd684b438fdb8a1bc435f7dc65b603248defb8351da82,"Trigger: professes
Document: Those are explosive charges , and one should of course be cautious in characterizing a powerful law firm that has tried to deny or deflect most of these allegations in a vigorous if laborious rebuttal , published in full on the Guardian ’s website . In a long - winded letter signed by Carlos Sousa , the firm ’s public - relations director , Mossack Fonseca insists it “ does not foster or promote illegal acts , ” respectfully disagrees with the conclusion that it sought to help anyone avoid paying taxes or launder dirty money , and claims to “ have operated beyond reproach in [ its ] home country and in other jurisdictions ” for 40 years . Furthermore , if any of its clients misused its services or did anything illegal , the firm professes itself deeply shocked and distressed ( I am paraphrasing , but not by much ) . In short , Mossack says it did nothing wrong or at least did n’t mean to , and has recently added 26 new hires to its “ compliance department ” to ensure it continues to do nothing wrong in the future .",contact.publicstatementinperson.broadcast
nw_RCdd6e856b499b5f53dc627da0d0119a80206fcc2a8749dca3e7b66848,"Trigger: robbery
Document: “ There ’s a 27-year - old who works for the DNC and who was shot in the back , murdered , just a few weeks ago , for unknown reasons as he was walking down the streets in Washington . ” Seth Rich , shown at left , a DNC employee who did voter outreach , was shot to death last month early in the morning in Washington , D.C. The case is unsolved and Washington , D.C. , police have speculated it was an attempted robbery . On Reddit , his death has become the source of theories about whether he was involved in the leaks . WikiLeaks released emails and files from the Democratic National Committee last month .",conflict.attack.n/a
nw_RC6e63787352c49db19ef8e2e86bcc1810dead5ab69992bfca00939566,"Trigger: debate
Document: MORE scores 6 percent in the poll , while Green Party nominee Jill Stein takes 3 percent support . ADVERTISEMENT In the same poll from mid - September — conducted before the first presidential debate — Clinton held only a 1-point lead . The candidates entered that debate , which was viewed by 80 million people , essentially locked in a tie . Since then , self - described independents have abandoned Trump in favor of Clinton . In the Quinnipiac survey from September , Trump led 42 to 35 among unaffiliated voters , while Johnson took 15 percent support . Clinton now leads 46 to 32 among independents — a 21-point swing — while Johnson ’s support among the voting bloc has fallen to 10 percent . The Libertarian had been cutting into Clinton ’s support , particularly among young voters and left - leaning independents . The trend alarmed Democrats , who feared a replay of the 2000 election , when Green Party nominee Ralph Nader was blamed for spoiling the election for",contact.discussion.meet
nw_RC2a20c872b5a8e89ae8fdc020c22030691990764d7c808fc2e9d68e62,"Trigger: purchasing
Document: In Trump ’s eyes , that may be a good thing . The story is familiar by now : Trump , a self - described real estate mogul , found his calling in reality TV . He cut his teeth in the ‘ 90s by purchasing and producing the Miss Universe pageant , then made his onscreen debut in 2004 as the host of NBC ’s The Apprentice , where he honed the craft of spinning publicity out of nothing and marketed his own pointed bluster as a cornerstone of his burgeoning new career . There ’s no doubt that Trump leveraged his media savvy — by keeping the spotlight on himself and making his opponents look foolish — to level up from a candidate few people took seriously to the official Republican nominee . But in the past couple weeks , it ’s become abundantly clear that Trump has no interest in actually leading the country .",transaction.transfermoney.purchase
nw_RC6d6db4a378f8b2a7d3f9ec4c5329395bc1a0403d87467f3b016a4d8c,"Trigger: wrecking
Document: Longtime Clinton operative David Brock has argued that when you get down to it , all of the scandals and allegations surrounding Clinton are little more than “ nothingburgers . ” Salon ’s Gary Legum says there are simply “ credulous people willing to believe any variation of legerdemain , no matter how irrational and absurd , if the name ‘ Hillary Clinton ’ is attached to it . ” But a new report offers hard evidence that Clinton ’s campaign is , in fact , engaged in some of the most underhanded and antidemocratic practices that afflict our political system . In fact , Clinton ’s campaign is engaged in precisely the kind of money - driven secrecy and subversion that Democrats have long insisted were wrecking American politics . According to the Daily Beast , a pro - Clinton SuperPAC called “ Correct the Record ” has spent $ 1 million “ pushing back against ” Bernie Sanders supporters on social media , “ addressing ” thousands of people on Facebook , Twitter , Reddit , and Instagram . What this amounts to in practice is creating hundreds of fake accounts , which then place campaign propaganda all over the web as if it came from ordinary supporters .",artifactexistence.damagedestroy.damage
nw_RC82227bfdc2aba7a4f35d7c20c4063746b1b9dc24c598b6995e054d21,"Trigger: smuggling
Document: He now lives in Italy , allegedly to finish his dissertation . Along with his sister , he is suspected of corruption and bribery . Bild also took note of last year ’s discoveries published by the British news outlet , The Guardian , which uncovered information indicating that Turkish businessmen are actively involved in various deals with Islamic State ( IS , formerly ISIL / ISIS ) terrorists , such as illegal oil smuggling . READ MORE : Turkey is key supplier of weapons , military hardware to ISIS - Russian envoy to UN “ One of them according to [ The Guardian ] data is Bilal Erdogan , ” Bild points out .",movement.transportartifact.n/a
nw_RC6277230872e49d34e010d502760870efb33bcf7ab0971240a6379d4b,"Trigger: bombing
Document: Damascus has reacted harshly to the bombing of Kurdish militias in northern Syria on Thursday morning by Turkey ’s air force , vowing to intervene next time Ankara sends its planes over its border . Read more In a statement , the Syrian Defense Ministry accused Turkey of “ flagrant aggression , which targeted innocent citizens , ” saying that it considers it “ a dangerous development that could escalate the situation . ”",conflict.attack.n/a
nw_RC6864778adc363e9904976931b6003908419c695e1be8ef26524db765,"Trigger: auction
Document: However , those with loosing bids “ Lose Lose , ” it said , because they would not receive their money back . And should the total sum of the bids , in bitcoins , reach the equivalent of half a billion dollars , the group would make the whole lot public . While the “ auction ” seemed tongue in cheek , more like hacktivists than Russian high command , the sample documents were almost certainly real . The draft of a top - secret NSA manual for implanting offensive malware , released by Edward Snowden , contains code for a program codenamed SECONDDATE . That same 16-character string of numbers and characters is in the code released by the Shadow Brokers .",transaction.transfermoney.purchase
nw_RC35eaf596eb974b187ad047d3d5294200f066177c0b27cb2b3911860d,"Trigger: urge
Document: Trump was apparently referring to emails from Clinton ’s private email server that she did n’t turn over to the State Department because they involved personal matters . Trump ’s incendiary comments came on the heels of the theft and leak of emails from the Democratic National Committee , an operation that , as The Daily Beast first reported , U.S. official believe was carried out by the Russian government and may have been designed to help Trump in the polls . Trump appeared to urge a U.S. adversary suspected of criminal activity essentially to go further and attack his opponent . The comments drew ire from across the national security community . Minutes later , Trump ’s vice presidential nominee , Mike Pence , contradicted the candidate , calling for Russia to be held accountable should it be involved in the DNC hacking .",contact.commandorder.correspondence
nw_RC8b949d85b7b137f1638133125215526590cfededb5094f17a9f0ddd9,"Trigger: stabbings
Document: The president will outline his vision during remarks at a refugee summit on the sidelines of the United Nations General Assembly in New York , a city struck by terrorism on Saturday . ADVERTISEMENT Calls for Obama to reconsider his approach have been stirred anew by the latest attacks , which included homemade bombs in New York and New Jersey and stabbings in a Minnesota mall . The Islamic State in Iraq and Syria took credit for the Minnesota attack on Saturday reportedly carried out by Dahir Adan , a 22-year - old Somali - American who worked at a private security firm . Nine people were wounded in the stabbings ; Adan was shot and killed by an off - duty police officer .",conflict.attack.stabbing
nw_RC36368df639b3985bedc4a1a21686b5c4a7c7f6a95e805ac9b77be0fa,"Trigger: agreements
Document: Rebels have denied previous accusations of using chemical weapons . The SNC said of the reported use of poison gas in Saraqeb : "" After shelling , besieging and killing civilians and perpetrating war crimes on them , the Assad regime has resorted once again , and in breach of UN resolutions 2118 and 2235 , to using chemical substances and toxic gases . "" The daily reality confirms that all the international agreements and previous security council decisions , be they about chemical weapons or otherwise , are meaningless for the Assad regime . "" The Civil Defence spokesman said it was the second time Saraqeb had been hit by toxic gas . The group was aware of around nine suspected chlorine gas incidents across Idlib province since the conflict began , he said .",government.agreements.rejectnullifyagreementcontractceasefire
nw_RC63c6ddaff8ab563082f7d4dafe7a859998baa4e28239e0802ed270b2,"Trigger: tear
Document: Efforts to reach Mr. Assange for comment were unsuccessful , and a Clinton campaign spokesman did not respond to an inquiry . In November 2010 , when WikiLeaks and its news media partners began publishing the cables , Mrs. Clinton strongly condemned it . “ In addition to endangering particular individuals , disclosures like these tear at the fabric of the proper function of responsible government , ” she said then . Mr. Assange ’s remarks last month received only scattered attention , in part because in the interview Mr. Peston appeared to mistakenly assume that WikiLeaks had obtained still - undisclosed emails from the private server Mrs. Clinton had used while secretary of state and kept cutting Mr. Assange off to ask about it . But it now seems clearer that Mr. Assange was trying to talk about the Democratic National Committee emails .",artifactexistence.damagedestroy.damage
nw_RCb809c0aab203666143be4d550f895b94e7f217eeff2f779ba823f5fa,"Trigger: asylum
Document: Image copyright AFP Image caption Julian Assange has been claiming asylum at London 's Ecuadorean embassy since 2012 WikiLeaks says that Ecuador has shut down internet access for its founder Julian Assange . The transparency activist has sought asylum at London 's Ecuadorean embassy since 2012 to avoid extradition over sex assault allegations .",movement.transportperson.grantentryasylum
nw_RC1378a60e72c649fb6dcc3c8ad04dcdf355e64ab749a037b8575a01bd,"Trigger: blackmail
Document: This is about resurrecting the faded dream of a new American century . And what stands in the way of the type of the Neocon dream of global “ full - spectrum dominance ? ” Russia ’s nuclear arsenal . Russia is the only nation with an arsenal big enough to withstand the subtle nuclear blackmail of America ’s trillion - dollar nuclear “ upgrade . ” That ’s why Russia is concerned about the missile defense systems arrayed on their border . Those systems can knock down retaliatory strikes , thus making a first strike with new nuclear cruise missiles at least theoretically possible . The United States is also using NATO expansion to increasingly encircle a nation that once was America ’s geopolitical equal .",contact.threatencoerce.broadcast
nw_RC41070dcd039971e23902da167fd39cc9f2f5bd372832cb4b6ddc4a22,"Trigger: sanctions
Document: The U.S. Department of the Treasury added dozens of people and companies to the list , first introduced after Russia annexed the Crimean peninsula from Ukraine in 2014 and expanded over its support for separatist rebels in the east of the country . As well as multiple subsidiaries of Russian gas giant Gazprom ( GAZP.MM ) and 11 Crimean officials , the Treasury named seven companies directly involved in the construction of the 19 km ( 11.8 miles ) road - and - rail connection across the Kerch Strait , dubbed "" Putin 's bridge "" by some Russians . Chief among those were SGM - Most , a subsidiary of lead contractor Stroygazmontazh which is already under U.S. sanctions , and sub - contractor Mostotrest ( MSTT.MM ) , one of Russia 's biggest bridge builders . "" Treasury stands with our partners in condemning Russia 's violation of international law , and we will continue to sanction those who threaten Ukraine 's peace , security and sovereignty , "" said John Smith , acting director of the Treasury 's Office of Foreign Assets Control , which levies sanctions . The Russian Foreign Ministry was not immediately available for comment , but Moscow has previously said sanctions levied over its actions in Ukraine undermine efforts to resolve the conflict .",transaction.transferownership.embargosanction
nw_RC19f278bb1643115e7b54342f7a1ebf59aef7d199e72d08a79354e311,"Trigger: emails
Document: Wasserman Schultz resigned Sunday and will serve as an honorary chair on presumptive Democratic presidential nominee Hillary Clinton Hillary Rodham ClintonGOP fires opening attack on Dem reportedly running for Heller 's Senate seat Trump seeks tech 's help for government IT overhaul What do Democrats stand for ? MORE 's campaign instead . According to CNN , U.S. officials briefed on the investigation into the compromised DNC emails now suspect Russian hackers are part of a bigger effort targeting political organizations and Washington , D.C. , think tanks . On ABC 's "" This Week , "" Clinton ’s campaign manager , Robby Mook , said the emails were leaked right before the Democratic National Convention “ by the Russians for the purpose of helping Donald Trump , ” citing “ experts . "" Mook could not offer any evidence for the claim .",contact.collaborate.n/a
nw_RCa41dd9ccab15b2895573ad5d723960d90ddcb63795f55f8e6b9ec9af,"Trigger: arrest
Document: The girls testified they were lured to Epstein ’s home after being promised hundreds of dollars to be his model or masseuse , but when they arrived , he ordered them to take off their clothes and massage his naked body while he masturbated and used sex toys on them . The U.S. Attorney for the Southern District of Florida prepared charging documents that accused Epstein of child sex abuse , witness tampering and money laundering , but Epstein took a plea deal before an indictment could be handed up . On Sept. 24 , 2007 , in a deal shrouded in secrecy that left alleged victims shocked at its leniency , Epstein agreed to a 30-month sentence , including 18 months of jail time and 12 months of house arrest and the agreement to pay dozens of young girls under a federal statute providing for compensation to victims of child sexual abuse . In exchange , the U.S. Attorney ’s Office promised not to pursue any federal charges against Epstein or his co - conspirators . Florida attorney Brad Edwards , who represented some of Epstein ’s alleged victims , is suing the federal government over the secret non - prosecution agreement in hopes of having it overturned .",movement.transportperson.preventexit
nw_RC95b6b413519bd9673be42c49fd3b78b28b5f75e6a82a3b84eb8a3c35,"Trigger: met
Document: You 're one of his closest advisers — what are you , personally , the most proud of this campaign ? I ca n't claim credit for this : My daughter told me about Oak Flat , and then we had a meeting in Arizona — a rally — and a 14-year - old girl stood up and talked about the sacred site . I went to Flagstaff around the same time , and met with the Navajo Nation , met with the Apache - Stronghold , and came back and talked to Bernie about all this and said , "" We have to do something , we have to do something . "" And he said , "" OK . "" And since then , we met [ with Native Americans ] every single time we could . We have the strongest Native American platform .",contact.discussion.meet
nw_RC12218f73700aa2dcc9ae7a852f57190cac7773db236bbf6726985df2,"Trigger: funded
Document: Hillary Clinton ’s Facebook page is being taken over by tens of thousands of people calling her out and up - voting criticisms to the top of her page comments . It appears to be a mix of independents ( or no affiliation ) , green party supporters , libertarians , leftists , Trump supporters , and conservatives in what can only be described as a populist insurrection striking back at all the posts propaganda on her page . No matter what she posts , people are voting up comments wherein she is critiqued on everything from her being funded by financial elites to her desire for a war with Russia . We ’ve screen captured some for you just in case . ( You know , because Hillary has a tendency to delete things . )",transaction.transferownership.giftgrantprovideaid
nw_RC56e66cae4bca56e5e5d5d09af4131f7238c79fe4c477f1b89fd7f4da,"Trigger: detaining
Document: Instead of the vague creep of more boots on the ground , we should be clear about our long - term commitment to support allies and our willingness to ensure no new havens emerge . The announcement to maintain NATO troops and support in Afghanistan was an important step . With terrorists hiding behind encrypted communications , we should consider detaining high - value targets consistently to fill intelligence gaps . The Obama administration should also rethink whether this is the right moment to release the remaining detainees from the U.S. prison at Guantanamo Bay , Cuba , to various parts of the world . And we need to support and amplify voices and networks around the world confronting the ideology that animates terrorism — online and in the physical world .",movement.transportartifact.preventexit
nw_RC353ae68c9e6e88bb153da835a13e779074069ad27383291fc7d8e2d7,"Trigger: meeting
Document: Turkish President Tayyip Erdogan attends a joint news conference with his Russian counterpart Vladimir Putin ( not pictured ) following their meeting in Istanbul , Turkey , October 10 , 2016 . REUTERS / Osman Orsal ANKARA President Tayyip Erdogan warned Iraq 's prime minister he should "" know his limits "" after he criticized Turkey 's military presence there and said the Turkish army , shaken by a failed coup bid , had not lost so much standing as to take orders from him .",contact.discussion.n/a
nw_RCe7d922eb44033191c79f5b736ef64a39cec671331a3a322060b88dd7,"Trigger: inspection
Document: Clinton , nevertheless , is by no means the only one to have accused Snowden of failing to raise concerns inside the NSA and enjoying the ostensible concomitant whisteblower protections . Many other politicians have used the same argument to criticize Snowden , including President Obama himself . Yet , as The New Yorker noted at the time , “ From a civil - liberties perspective — and a factual perspective — Clinton ’s answers were disturbing enough that they warrant parsing . ” The argument “ does n’t withstand inspection . ” At the time , it was already known that this argument was flawed . In its fact check of the October debate , The Washington Post noted , “ Clinton is likely wrong that Snowden would have received the protections of a whistleblower . ”",inspection.sensoryobserve.n/a
nw_RC2913202f948a5bb3053fd5cf950722e2d23d3ee174e9c91035cacfcb,"Trigger: interviews
Document: Hillary Clinton ( while Secretary of State ) tried the ‘ reset ’ and it failed , and we need to see what we can do in the future . ” After numerous questions about Mr. Trump ’s comments to the media , Sen. Sessions finally shot back that at least “ Trump takes these interviews all the time , unlike Hillary Clinton , who hides from the press . ” Prior to a brief media availability on Sunday , Mrs. Clinton had gone 239 days without speaking to the press .",contact.discussion.meet
nw_RC949c17678023a9c793a790544759e782c11d805fb05b534c70d254b2,"Trigger: starvation
Document: Employment conditions and pay have deteriorated and women work less because of security concerns . About 13.8 million Syrians have lost their source of livelihood . Madaya again facing starvation as report warns of extent of sieges Read more “ The common characteristics across all regions are lack of security , the allocation of all resources to the fighting , the creation of violence - related job opportunities and imposition of authority by force . ” The shrinking of the population by 21 % helps explain the waves of refugees reaching Turkey and Europe .",life.injure.illnessdegradationhungerthirst
nw_RCeadeed772d7375d894c815500423472718d5e4a51bd9e4db5ea7873e,"Trigger: spy
Document: And once you have fallen foul of Assange — challenged him too openly , criticised him in public , not toed the line loyally enough — you are done . There is no such thing as honest disagreement , no such thing as a loyal opposition differing on a policy or political stance . To criticise Assange is to be a careerist , to sell your soul for power or advantage , to be a spy or an informer . To save readers a Google search or two , he would tell you I was in WikiLeaks as an “ intern ” for a period of “ weeks ” , and during that time acted as a mole for The Guardian , stole documents , and had potential ties to MI5 . Compared to some who ’ve criticised Assange , I got off fairly lightly .",government.spy.spy
nw_RC9538ac0c2db67e8214f1c5876c6a31e6eca06ebaca2d982413ab6db2,"Trigger: smuggling
Document: READ MORE : ‘ You can go your way ’ : Erdogan rejects demands to change anti - terror law for EU visa deal Erdogan has yet to appoint Davutoglu ’s successor , but as the President will no doubt want his replacement to be more malleable , it is speculated that Erdogan ’s son - in - law , Energy Minister Berat Albayrak , might have what it takes . Albayrak ’s appointment as the government ’s leader would benefit the whole Erdogan family , especially Bilal , who has been accused of involvement in illegal oil smuggling in Syria and Iraq . Bild states that Albayrak might be “ that firm part of the clan ” that the Turkish head of state wants to see by his side . READ MORE : ‘ Merkel threw me to a despot ’ : German comedian fights back against probe for insulting Erdogan",movement.transportartifact.hide
nw_RC2a64ae9047afc5ed5c4ee684b71c5e7eb1b6f15f4fc4b698a18cfd3e,"Trigger: wars
Document: Gabbard , an Army soldier and veteran , called her decision “ incredibly personal and it ’s incredibly important because I think this is the most important job of a president is to be our commander in chief . ” “ There ’s a very clear contrast and clear difference when it comes to our two Democratic candidates and who will exercise good judgment , who will stop us from continuing these interventionist regime change wars that we ’ve seen in Iraq and Libya and now in Syria that have cost our country so much in terms of American lives , trillions and trillions of dollars , what to speak of the hundreds of thousands of lives in the Middle East that have been lost to this and the impact on our economy here at home , ” Gabbard said , roughly four weeks until her state votes in its primary , to Politico . “ Bernie Sanders is that candidate who will not take us , service members and our country , into these interventionist wars and Hillary Clinton , through her record , has proven that she will continue that and that ’s what ’s important to me and I think it ’s important for our voters to know before they go and head to the pollstomorrow and into the coming weeks . ” Gabbard and DNC Chairwoman Debbie Wasserman Schultz clashed over the party ’s debate schedule last October , with the Hawaii Democrat saying last year that she was disinvited from the party ’s first debate for demanding more of them . Wasserman Schultz blasted Gabbard ’s complaints at the time , affirming that she would have been a distraction to the Las Vegas debate .",conflict.attack.selfdirectedbattle
nw_RCc29b17dbee276224fcc981d7f574ac416764714b2aff5cc045978f56,"Trigger: violent
Document: "" You can do both of them at the same time by doing the things that work . "" Maryland 's Uniform Crime Report data for 2014 found that the state 's violent crime rate stood at 441.3 victims per 100,000 inhabitants . This number is consistent with a long - term trend of declining violent crime in Maryland during O'Malley 's time in office , from 2007 - 2015 . But Maryland 's drop in the number of violent crimes reported also coincided with a national drop in violent crime reported by the FBI in the same period . Meanwhile , O'Malley argued that his state - level policies helped reduce the rate of those imprisoned to a 20-year low .",life.injure.injurycausedbyviolentevents
nw_RCfc6c5beb1daafc8a7fb392e93134d3bba4edcc3e01bc4a6afa5c1b70,"Trigger: intimidating
Document: She 's never said it to me and I think she 's been very clear and consistent in her goals , etc . , ” Chelsea Clinton continued in the email , which was sent from a pseudonymous email address bearing the name Anna James and associated with New York University , where she served as an assistant vice provost . Those goals , according to Chelsea Clinton ’s email , “ were to help to take stock , professionalize the Foundation , build it for the future and build it in such a way that supported his work and mom 's . ” But , as POLITICO reported last year , Chelsea Clinton , who had by that point become the foundation ’s vice chair , was seen by some in the foundation ’s rank and file as distant and intimidating , while some officials saw her as using her relationship with her father to get her way . In a December 2011 email to Podesta and Cheryl Mills , who was then serving as Hillary Clinton ’s chief of staff in the State Department , Band alleged that “ the stress of all of this office crap with [ Bill Clinton ] and [ Chelsea Clinton ] ” had contributed to pushing a top foundation official to the brink of suicide . And Lindsey “ said the stress of specifically the office had caused his very serious health issues , ” according to Band ’s email .",contact.threatencoerce.n/a
nw_RCae8320f7a63d437b3147f46f239c287f27f56ddb2735b838afb7539b,"Trigger: bought
Document: We must act affirmatively to protect the Internet and the amazing engine for economic growth and opportunity the Internet has become , and I urge my colleagues to support this legislation . ” The Texas Republican has been among the most vocal voices in Congress with regards to preventing the NTIA ’s Internet Assigned Numbers Authority ( IANA ) functions from expiring , and urged the Government Accountability Office last September “ to determine whether the agency has the legal authority to conduct such a transfer to a nongovernmental entity without congressional approval . ” “ The likes of Russian President Vladimir Putin , Iran ’s Ayatollah Ali Khamenei and Chinese President Xi Jinping should not dictate what can be read , written , distributed , bought and sold on the Internet , ” Mr. Cruz warned in a 2014 op - ed . “ Countries that do not give their own people the right to speak freely deserve no say in what Americans can say and do on the Internet . ” As the NTIA ’s oversight role nears expiration , however , the former presidential hopeful ’s latest push is being punctuated by fellow Republican members of Congress and conservative groups alike .",transaction.transfermoney.purchase
nw_RC911d9422a157ed2625ed47593279d8b3c5122fa4457c309c53baf0fb,"Trigger: address
Document: Israeli airstrikes in Syria have also been the topic of previous high - level meetings between Moscow and Jerusalem . A number of airstrikes in Syria have been attributed to Israeli efforts to prevent advanced weapons from reaching Hezbollah . Netanyahu was also expected to address Russian - backed peace efforts in Syria , which have reportedly become entangled with the status of the Golan Heights , an area effectively annexed by Israel in 1981 in a move not recognized by the rest of the world . The prime minister has previously gone on the record saying that Syrian peace talks needed to take Israel ’s position into account . According to Israel ’s Channel 2 , the first clause of a draft agreement aimed at settling the brutal civil war in Syria , being worked on with the support of the US , Russia and other major world powers , specifies that the Golan Heights is Syrian territory and must be returned to Syria .",contact.mediastatement.n/a
nw_RCeb842f3aee58795344c949b7246aaaa3d8b571391255343066a8ba8d,"Trigger: confiscated
Document: Hillary Clinton ’s main new supporter , Muhammad Tahir Javed , this report continues , has long been identified by the FSB as a “ suspected ” terror supporter and ISI “ agent ” since he arrived in the United States in 1989 during the President Bill Clinton regime and over the past quarter century has amassed a fortune through his “ convenience store empire ” located in Texas and the American south which he has vastly expanded into other business areas making him one of the most powerful Islamic businessmen in both the US and Pakistan . FSB intelligence on the “ true ” business practices of Muhammad Tahir Javed though , this report notes , appear to show that his fortune was made through his involvement with the ISI and Mexican drug cartels utilizing the “ complicity / support ” of American government officials . To the exact working of the ISI ’s and Muhammad Tahir Javed ’s “ scheme ” to support global Islamic terrorists , this report says , was recently detailed in news reports from the US State of Alabama where 11 of Javed ’s affiliated convenience stores were confiscated this past summer , and as we can , partly , read about : “ A couple of steaks shoplifted at a Gardendale Walmart three months ago led to the biggest food stamp fraud investigation in Alabama history , and launched 11 simultaneous raids this morning at convenience stores countywide . Led by the Jefferson County District Attorney ’s Office , teams of law enforcement officers met at 5 a.m. for a briefing and then fanned out across the county beginning at 6:50 a.m.",transaction.transaction.n/a
nw_RC75db3145e8b86c9286b37e3e769bf8eb22e7617383bbbf1c63f1fee1,"Trigger: murdered
Document: "" I have always felt that Russia and the United States should be able to work well with each other towards defeating terrorism and restoring world peace , not to mention trade and all of the other benefits derived from mutual respect . "" During an interview with MSNBC ’s “ Morning Joe "" on Dec. 18 , 2015 , Trump said he welcomed Putin 's compliments : “ When people call you brilliant , it ’s always good , especially when the person heads up Russia . ” Asked what he thought of the high number of Russian journalists who have been murdered during Putin 's tenure , Trump responded , “ He ’s running his country , and at least he ’s a leader , you know unlike what we have in this country . "" Pushed further by co - host Joe Scarborough , Trump compared Russia to the United States . “ Well I think our country does plenty of killing also , Joe , ” he said .",life.die.deathcausedbyviolentevents
nw_RC8f4bc8a33630545bda0c3afdd059f7c5b909c541b56973a29f8f4b45,"Trigger: rape
Document: But at the moment , the American people appear to have decided that while they may not like Clinton very much , they find her qualified to serve as president while Trump is not . And Trump did just well enough in the second debate to stagger to the finish line of a race he is almost certain to lose . CORRECTION : Donald Trump faced a rape allegation from Ivana Trump , not Marla Maples . — Ben White is Politico 's chief economic correspondent and a CNBC contributor . He also authors the daily tip sheet Politico Morning Money [ politico.com / morningmoney].",life.injure.injurycausedbyviolentevents
nw_RC6d8a832785220d18a7545f8483080d1e85458959bac9941038c956fb,"Trigger: extradite
Document: Assange 's decision – and it was a decision – to elide his Swedish case with any possible US prosecution was a cynical one . It led many to support his cause alongside those of Chelsea Manning or Edward Snowden . And yet it is more difficult , not easier , to extradite Assange to the US from Sweden than from the UK , should Washington even wish to do so . Assange coming to believe his own spin may be what 's been behind six years of effective imprisonment for him . No one is keeping him in the Ecuadorian embassy – where he has fallen out with his hosts – but himself , and a fear of losing face .",justice.judicialconsequences.extradite
nw_RC1bcef2b087ea0df8941fa3e7a9ab994838ac5d499e11044ab15eae06,"Trigger: quits
Document: News broke Monday that Huma Abedin , Hillary Clinton 's top aide , would separate from her husband , former Democratic Rep. Anthony Weiner . Weiner made headlines , once again , for "" sexting "" a woman who is not his wife . Evidently having suffered enough humiliation , Abedin called it quits . Within hours , Maggie Haberman , a superb The New York Times reporter and frequent target of Donald Trump 's media gripes , wondered if Weiner 's dalliances were fair game , given the scrutiny of Trump 's new campaign chief , Steve Bannon . On Twitter , Haberman said : "" The problem for Clinton team – after Democrats repeatedly pointed to Bannon 's personal past , going to be hard to argue Weiner is off limits . """,personnel.endposition.n/a
nw_RC897ab086be21013876820c89628ffdf8e1ea942ae6cda1a8e0e33d3d,"Trigger: trafficking
Document: Under the circumstances , it should be obvious that trends in the global arms trade are a major news story and should be dealt with as such in the country most responsible for putting more weapons of a more powerful nature into the hands of those living in “ volatile ” regions . It ’s a monster business ( in every sense of the word ) and certainly has far more dangerous consequences than licensing a Hollywood blockbuster or selling another Boeing airliner . Historically , there have been rare occasions of public protest against unbridled arms trafficking , as with the backlash against “ the merchants of death ” after World War I , or the controversy over who armed Saddam Hussein that followed the 1991 Persian Gulf War . Even now , small numbers of congressional representatives , including John Conyers , Chris Murphy , and Kentucky Senator Rand Paul , continue to try to halt the sale of cluster munitions , bombs , and missiles to Saudi Arabia . There is , however , unlikely to be a genuine public debate about the value of the arms business and Washington ’s place in it if it is n’t even considered a subject worthy of more than an occasional media story .",movement.transportperson.smuggleextract
nw_RCbaa7e628df1377086a55ff38f3c457e4c4fbb060836c51b0baf1c4dc,"Trigger: deceive
Document: They can transmit it , if they want . But I can say what I feel , too , ” he said , as cited by Expressen . Hanson said that the message ’s polite tone should not deceive the public , pointing out that while “ the email is polite , the message can not be mistaken . ” She sees the request as an attempt to prevent a Swedish media outlet from broadcasting an opinion that “ the Turkish embassy would not appreciate , ” according to Expressen . Surely not , in @Sweden of all places ? -- > ‘ Turkish embassy tried to muzzle Swedish media ’ – TV4 https://t.co/PJaNqkXaWP via @TheLocalSweden — Tempus Fugit ( @franosch ) April 24 , 2016",contact.prevarication.correspondence
nw_RC4b0becc83cf268e20c4fd0b1797822fed4330316e05fd6e1e4a9b974,"Trigger: signed into law
Document: Photograph : Menemsha Films / Everett / Rex Shutterstock The move against the historian comes as the nationalist Law and Justice government , elected in 2015 , comes under European scrutiny for law changes that , critics say , threaten democracy . President Andrzej Duda signed into law a controversial move bringing the attorney general under the control of the justice ministry . Critics say this will put political pressure on the judiciary . Intellectuals who in the past few days have signed two open letters in Gross ’s defence say the Law and Justice government wants to rewrite history , expunging any suggestion of Polish complicity in past horrors .",government.legislate.legislate
nw_RC062a7eed1282ee4f36b0eeddb331c431fcab543818b37cd86e92a583,"Trigger: capitulation
Document: The chances of intentional conflict are real , as is the possibility of an unintended clash escalating . At the same time , Syria is not essential to the national security of Russia or the United States . It is not without importance , but a defeat or capitulation there will not change the balance of power between them at all . It would of course affect psychological and political perception , but in the long run , perception ultimately comes down to substantial military and economic power . The United States can afford to back off .",conflict.yield.n/a
nw_RC3640a6adfa9a1965026d7e15392dce95a283eebbf08f76086c87c0a2,"Trigger: auction
Document: From that point , it became a funnel for tax - deductible contributions from other charities as well as from business associates , some of whom appear to have given the foundation money that they owed Trump himself for expenses like rent and TV appearances . At the same time , Trump has exploited the foundation for self - dealing . In 2014 , he drew on it to pay $ 10,000 for a painted portrait of you - know - who at a charity auction at Mar - a - Lago , his Florida resort and residence . The foundation also spent $ 20,000 for Melania Trump to purchase a 6-foot Donald portrait ; $ 12,000 to buy a Tim Tebow helmet at a charity auction ; and $ 258,000 to settle legal disputes and unpaid fines involving Trump ’s businesses . In 2013 , the Trump Foundation contributed $ 25,000 to an organization supporting Florida Attorney General Pam Bondi , after Bondi announced she was considering whether to join New York Attorney General Schneiderman ’s investigation of fraud at Trump University .",transaction.transfermoney.purchase
nw_RC11645d834c5c15d81f1fffad163d11ee373dd8e7608023f10983efb6,"Trigger: testified
Document: It is not clear if Ms. Abedin downloaded the emails to the laptop or if they were automatically backed up there . The emails dated back years , the officials said . Ms. Abedin has testified that she did not routinely delete her emails . Advertisement Continue reading the main story Because of the age of the emails , many could be outside the scope of the Clinton inquiry , investigators said .",justice.initiatejudicialprocess.trialhearing
nw_RC94388afc50be5d55678f416b42bd6f0856ca9446e7232399adb2e85d,"Trigger: deceiving
Document: I want to speak to her . ” The loss of the three girls , who followed a friend who had earlier left for Syria , was a major blow to the Muslim community in east London and a powerful indication of how strong the lure of Isis can be . They plotted the trip together , according to material recovered by investigators , making a shopping list of items to take with them and then deceiving their families . Latest video footage reportedly shows London teenagers en route to Syria Read more The items for their escape to Syria ranged from a mobile phone to underwear , makeup and an epilator .",contact.prevarication.correspondence
nw_RCc9d3cb6dc1d83f5c679d144304daa269c868568565fdba99365e24e8,"Trigger: discuss
Document: Oren Shur , a campaign media advisor , organized the call “ following several discussions we had with Marc , ” a reference to Marc Elias , to discuss even more direct coordination with Priorities USA , noting that doing so would be “ breaking new ground . ” Officials floated pursuing coordinated “ issue advocacy ads , ” campaign ads that do not mention express advocacy for a candidate but are clearly political and partisan in nature . Shur recommended a second course of action : using consultants shared with Emily ’s List , a Democratic group , to shoot campaign video that would be posted online to “ send public smoke signals in a more traditional way to the Priorities IE . ” That way , the Priorities USA team would pick “ up the signals , ” and air independent expenditures that would “ save the campaign anywhere from $ 2M-$4M. ” The subject of Super PAC interaction was of particular concern for Elias , who emailed and met with Podesta on several occasions to discuss pro - Clinton groups . In one email on March 5 , 2015 , shortly before the formal launch of the campaign , Elias contacted Podesta to ask if he was “ good to meet with Priorities and CTR ” at his law firm . Two months later , Correct the Record formally separated from another Brock - led Super PAC , called American Bridge 21st Century , and announced it would be “ allowed to coordinate with campaigns . ”",contact.discussion.meet
nw_RCf37a186ae1bb29f156774114345ee7477a8c3e3724cd4c1ff0824d29,"Trigger: retiring
Document: His stake was diluted to less than 1 percent after EyeLock was acquired last year by Voxx International , according to a shareholder close to Manafort . EyeLock ’s push to get into the Moscow metro system was no different than working with the Federal Security Service , or FSB , the successor of the Soviet Union ’s KGB , analysts told The Post . “ Really , the FSB is everywhere , ” Steven L. Hall , who ran intelligence operations for the Central Intelligence Agency in Eurasia and Latin America for 30 years before retiring in 2015 , told The Post . “ If the Russian metro officials suspected anything difficult or problematic they would call the FSB . “ It would not surprise me , as a former intelligence officer , that the Russians are looking to have that capability , ” he said .",personnel.endposition.n/a
nw_RCde6d59770eeab7ca95fe44caa6a99acff25570a2084040eec3e2dfd6,"Trigger: inspection
Document: As for Ailes , the Trump campaign denies that he is playing any official role . ( It has n't denied the New York Times revelation that Ailes met with Trump on Sunday in New Jersey . ) Does this official explanation withstand inspection ? Hardly . Trump 's got a core group of supporters who love his nativist , outsider shtick and pack his rallies .",inspection.sensoryobserve.physicalinvestigateinspect
nw_RCcca1f8226e1ae91855c74b68b2e18a0e175701a6a05e973294e41a1d,"Trigger: vowed
Document: But accompanied by that support is an underlying vow to fiercely police top government officials if Hillary Clinton wins . As a candidate , Clinton has made several nods to progressives in building out her policies , including vowing to punish bank executives and break up big banks if necessary , and opposing the Trans - Pacific Partnership . Warren on Wednesday hailed Clinton ’s agenda and vowed to work “ my heart out to elect Hillary Clinton . ” “ Hillary Clinton has put together a strong , progressive agenda , chock - full of policy proposals that will help level the playing field and grow opportunities for working families , ” she said . And as she has in the past , Warren carved out ample time to go after Republican nominee Donald Trump Donald TrumpOvernight Tech : Trump seeks tech 's help for ' sweeping ' IT overhaul | FTC looks to block sports fantasy merger | Firm exposes nearly 200 M voters ' data Trump seeks tech 's help for government IT overhaul Republicans and the lost promise of local control in education MORE , calling him a “ thin - skinned , racist bully ” with no clear agenda to help working families .",contact.commitmentpromiseexpressintent.meet
nw_RC2852357ac91b614bd8af18709e110640b39c867ac32afb2f5447bf1a,"Trigger: imprisoned
Document: Gates noted in the emails that the official , Ukraine 's foreign minister , did not want to use his own embassy in the United States to help coordinate the visits . Gates also directed the firms to gather information in the U.S. on a rival lobbying operation , including a review of its public lobbying disclosures , to determine who was behind that effort , the emails show . And Gates directed efforts to undercut sympathy for Yulia Tymoshenko , an imprisoned rival of then - President Viktor Yanukovych . The Ukrainian leader eventually fled the country in February 2014 during a popular revolt prompted in part by his government 's crackdown on protesters and close ties to Russia . The emails do not describe details about the role of Manafort , who was Gates ' boss at the firm , DMP International LLC .",movement.transportperson.preventexit
nw_RCc1b527bf99e99a5d1941d336f3885f1450a70ad41f5a4726e5ae2712,"Trigger: blackmail
Document: Trump 's aim here seems to be highlighting that Clinton deleted her emails , full stop . If Russia can find them , after all , maybe they will come to light , he seems to suggest . But that scenario could also very plausibly lend itself to the kind of cyberespionage — blackmail or otherwise — that Trump has already alleged Clinton is being subjected to . The emails were deemed personal and should not contain classified information . Yes , but many work - related emails Clinton said did not contain classified information were later proven by the FBI to have contained some .",contact.threatencoerce.broadcast
nw_RC684c57a5a8ad266627d665fdaa5b773f2b1f082f28452eeff10af3ed,"Trigger: crash
Document: Click to share on Facebook ( Opens in new window ) Click to share on Twitter ( Opens in new window ) VLADIMIR Putin ’s presidential car has been involved in a deadly head - on crash in Moscow . The Russian president ’s favourite chauffeur was killed in the horror collision , which was captured in shocking CCTV footage . CEN 7 High - speed collision … Putin ’s presidential BMW was involved in horror crash in Moscow",disaster.accidentcrash.accidentcrash
nw_RCadd0e256e79d720d9521e205e2bd03bfdd0b05456631fffaa3cad092,"Trigger: burials
Document: WATCH : Get a glimpse of the well - preserved , 8,400-year - old skeleton of a baby found in Germany . One possible explanation comes from hundreds of miles to the northeast . Standing burials similar to the one at Gross Fredenwalde have been found in a cemetery called Olenij Ostrov in modern - day Russia , from about the same time . Researchers have long assumed culture flowed into ancient Europe from the south , but these odd burials suggest that there was active migration or communication across northern Europe as well . “ This man is an indication of such eastern influences , ” Terberger says ; DNA results from his bones might be able to tease out the connections .",contact.funeralvigil.n/a
nw_RCb09d1a890a5c8012bf70a544a5492edd9bd828e08d003f912d6455f1,"Trigger: protest
Document: JUST WATCHED Undercover in Syria : On Aleppo 's ' Death Road ' Replay More Videos ... MUST WATCH Undercover in Syria : On Aleppo 's ' Death Road ' 03:25 Syria 's conflict started in 2011 and has raged on for years , with more than 250,000 killed , according to the United Nations . It started as an anti - government protest as Syrians nationwide demanded reform and the release of political protesters . Government forces fired on the protesters , killing scores . As the government crackdown intensified , the opposition got more organized .",conflict.demonstrate.marchprotestpoliticalgathering
nw_RC0d05babbe5ffef83a02ff38cc9280fda40628ee6e957011d9ce044b8,"Trigger: burials
Document: With no water sources nearby , it would have been a bad place for a settlement , too . In a paper published in the journal Quartär , Thomas Terberger , the archaeologist who led the recent dig , says the burials are evidence of careful planning . “ It ’s not an accumulation of burials by accident , but a place where they decided to put their dead , ” says Terberger , of the Lower Saxony Department of Historic Preservation . “ It ’s the first evidence of a true cemetery in northern Europe or Scandinavia . ” That , colleagues say , makes the spot special .",contact.funeralvigil.meet
nw_RC9e24ac0b8bf4d9d2cb3f57c0867ffd9acb5b8c8eb4e608750ae3b9b2,"Trigger: ceasefire
Document: Hide Caption 9 of 10 Photos : Aleppo photographer watches city die There is still fresh produce in the market stalls but it is more difficult to bring into the city , and much more expensive than even a few weeks ago . Hide Caption 10 of 10 The United States wants a nationwide ceasefire in Syria between the regime and the rebels to create the conditions for UN - led political talks to end the five - year civil war . The US - backed moderate opposition has refused to resume the UN - led talks unless a cessation of hostilities take hold and the regime and Russia end the siege and bombing of Aleppo . "" The opposition tells us they want to reach a deal with the Russians if in fact it would stop some of the worst forms of violence against the Syrian people , "" a second senior administration official said .",government.agreements.n/a
nw_RC7c0ed80f6e936cb942c4ad2a236782fac069f3f9ee89449294a57374,"Trigger: blackmail
Document: But Trump 's comments earlier Wednesday suggested Russia might hand the emails over to the news media , as WikiLeaks did with hacked Democratic National Committee emails last week . As it did with the committee , that could cause major problems — except this time for a former top U.S. diplomat who could soon be president . And he has said previously in this campaign , without any evidence , that enemies of the United States "" almost certainly "" have accessed Clinton 's emails and are using them to blackmail her . So he 's clearly aware of that possibility . FBI Director James B. Comey said in rebuking Clinton 's use of the email server earlier this month that it 's indeed possible the server had been accessed — but that there was no evidence yet that it had happened .",contact.threatencoerce.n/a
nw_RC8f242515788970bb99f8296a95ab44fda8099c2b0f7c657fbd205c70,"Trigger: detain
Document: Police are still searching for Milhem , who managed to flee the scene . His father , Muhammad Milhem , a police volunteer , recognized his son in video footage of the attack and called the police . Muhammad Milhem urged security forces on Saturday to detain his son as soon as possible , fearing he would strike again . “ What is important to me now is that they reach my son and arrest him , because he is still armed , ” he was quoted as saying by the Ynet news website . “ And just as he murdered two people , he can murder more . ”",movement.transportperson.preventexit
nw_RC7a7e7318762028a9e04ade014fe1c834448b2120688c33bee7b171cd,"Trigger: crash
Document: In the southern West Bank city of Hebron , a Palestinian woman was shot dead by Israeli forces during an alleged stabbing attempt , Israeli police spokesman Micky Rosenfeld wrote on Twitter . Outside Otniel , a nearby illegal Israeli settlement , an Israeli man died and three of his relatives were injured when their car flipped after allegedly coming under fire by a Palestinian assailant on Friday afternoon , Israeli media reported . Although unable to comment on the Qalandia clashes , an Israeli army spokesperson told Al Jazeera the three people injured in the crash near the settlement were evacuated to a hospital . "" Forces are now searching the area for the assailant , "" the spokesperson said by phone on Friday afternoon . Threats",disaster.accidentcrash.accidentcrash
nw_RC0f93bf2cef8c8352db365ab54ed721f2ad4f22212968496cd012dd36,"Trigger: incarcerate
Document: He even suggested that one leaked email , where a Politico columnist asked Podesta to fact - check part of a story he was writing , was evidence this is “ a media - rigged election . ” Unlike Clinton , Trump ’s polling numbers have only nosedived for the last two weeks since The Washington Post reported he once bragged about grabbing women “ by the pussy ” without their consent . In the last presidential debate , he promised to try to incarcerate Clinton if elected and tried to make an issue out of Bill Clinton ’s past sexual misconduct . He also said he had never sexually assaulted anyone — a remark that prompted ten women to publicly accuse him of sexual misconduct . His campaign ’s circumstances have only grown more dire since then , which means he ’s likely to feel completely liberated on the debate stage .",justice.arrestjaildetain.arrestjaildetain
nw_RC3cf0b503a4df8631749fd0963087fbba83423a1011a253845317dcda,"Trigger: misleading
Document: Because Trump ’s statements are so various and self - contradictory , there will always be some phrase he has spoken that reflects better on him than his other words . Surely the media critics do n’t expect the press to ignore all the indefensible nonsense , pluck out the least indefensible hedge across multiple appearances , and present that to the American people as what Trump really and truly meant ? That would be hugely misleading ! ( The media critics are themselves misled . Note that Gobry , who accuses the media of twisting Trump ’s words , purports to agree with Hemingway , though her complaint is that the media presents Trump ’s words too literally . )",contact.prevarication.broadcast
nw_RC36bbfdd93239e7430a545008f6ed3300bf7f18b534fbf20d4a37f553,"Trigger: wounded
Document: Lavrov and Kerry will meet in the Swiss city of Lausanne , according to a Wednesday statement by the Russian Foreign Ministry . CBS News correspondent Elizabeth Palmer reported from inside Aleppo that kids are usually among the victims of the Russian and Syrian strikes , making life a hell for the few families left in the city . The U.N. and Doctors Without Borders are pushing for a ceasefire -- even a temporary one -- to allow the evacuation of seriously wounded people from besieged Aleppo . So far , the Syrians and Russians are saying no .",life.injure.injurycausedbyviolentevents
nw_RC0a9b210c1a61094dc553e9be4194af167d4a0785bc09754ebdd35bec,"Trigger: genocide
Document: In the latest response : Turkey 's Prime Minister Binali Yildirim blamed a "" racist Armenian lobby "" for the resolution Armenia 's Foreign Minister Edward Nalbandian said it was a "" valuable contribution "" to the "" international recognition and condemnation of the Armenian genocide "" German Chancellor Angela Merkel said : "" There is a lot that binds Germany to Turkey and even if we have a difference of opinion on an individual matter , the breadth of our links , our friendship , our strategic ties , is great "" Armenian ' genocide ' vote ignites press",life.die.n/a
nw_RC6d6e5d3a2310acb992d71e506f07534f126575c9e04022c71525a1ec,"Trigger: unloading
Document: The Observatory said the dead include three children and a pregnant woman . In Turkey , the private Dogan news agency reported that more than 30 of those wounded in Russian airstrikes in Azaz , primarily children , were transferred to a hospital in southern Turkey . It showed footage of ambulances arriving at the Kilis State hospital and medical personnel unloading children on stretchers and a girl wrapped in a blanket , as well as a handful of adults . "" They hit the school , they hit the school , "" wailed a Syrian woman who was unloaded from an ambulance onto a wheelchair . The Observatory and al - Halaby also reported an air raid on the village of Kaljibrin near Azaz .",movement.transportperson.bringcarryunload
nw_RCc2e640468e553ced64983286e7ae1b8e0c90ce300a973907ae34e199,"Trigger: sanctions
Document: U.S. officials estimate about $ 100 billion ( 69 billion pound ) of Iranian assets were frozen abroad , around half of which Tehran could access as a result of sanctions relief . It is not clear how much of those funds are oil dues that Iran would want back in euros . India owes Tehran about $ 6 billion for oil delivered during the sanctions years . Last month , NIOC 's director general for international affairs told Reuters that Iran "" would prefer to receive ( oil money owed ) in some foreign currency , which for the time being is going to be euro . "" Indian government sources confirmed Iran is looking to be paid in euros .",transaction.transfermoney.embargosanction
nw_RC431177abf45134a4a21e3cb4bde68ff41392eae7629351ce2ebbd056,"Trigger: surgery
Document: In June 2010 , Mr. Hockey became Dr. Hockey when Howe received an honorary Doctor of Laws degree from the University of Saskatchewan in Saskatoon . In 1998 , he had double knee replacement . In 1999 , he had surgery to remove a cancerous spot on his left shin at the Ohio hospital where son Murray was head of radiology . He had some heart problems in 2003 . An irregular heartbeat was diagnosed and angioplasty was performed on the right coronary artery to relieve a blockage .",life.injure.illnessdegradationphysical
nw_RC72f413a502cef76444bf4ca0fd4237f6e8225a1074ad4d317fe81a09,"Trigger: attack
Document: In the neighboring Aleppo province , a missile struck a children 's hospital in the town of Azaz , killing at least five people and wounding dozens on Monday . And in a nearby village , an air raid hit a school , killing seven and wounding several others . "" This appears to be a deliberate attack on the health structure , and we condemn this attack in the strongest possible terms , "" said Massimiliano Rebaudengo , MSF 's mission chief . "" The destruction of the hospital leaves the local population of around 40,000 people without access to medical services in an active zone of conflict . "" The aid group said the hospital had 30 beds , 54 staff members , two operating theatres , an outpatients department and an emergency room .",life.injure.injurycausedbyviolentevents
nw_RC1cc53f36cc282c615cea50198cfb668f4b0929b25c8a8275aa1d9c62,"Trigger: strike
Document: The deterrence against conventional war in Europe , as opposed to proxy wars elsewhere such as Vietnam or Afghanistan , was nuclear war . Wars that did not involve primary and overwhelming interests did not involve the risk of nuclear war . There was no military target worth a nuclear strike in either country , nor would either country risk immolation over Vietnam or Afghanistan . Therefore , these wars could take place . I think this is Steinmeier 's point .",conflict.attack.n/a
nw_RC8cbe10ec777e463f797c7f4aca1687f624c5802d5d31e776ffc0e5c2,"Trigger: embargo
Document: We are not saying China is wrong in the claims . We are simply saying , ‘ Resolve it peacefully ; resolve it in the rules - based order.’ ” Relaxing an “ out of the ordinary ” arms embargo was neither out of order nor inflammatory , Kerry insisted . “ I hope China will read this correctly . ” Experts in China said they expected that U.S. warships would sooner or later be granted access to Cam Ranh Bay , a deep - water port that served as the key U.S. naval base during the Vietnam War .",transaction.transferownership.embargosanction
nw_RC959c467af59fbc91aadeebc1769b07b2bfd2437580102b423ad90cb5,"Trigger: creating
Document: Bernie Sanders Bernie SandersMechanic : Baseball field shooter ranted about Trump before attack Senate Democrats pressure GOP to hold healthcare hearings Georgia GOP district chairman : Shooting will win us the special election MORE won a huge upset in Michigan on Tuesday night , giving his campaign for the Democratic presidential nomination a jolt of momentum even as Donald Trump Donald TrumpOvernight Regulation : Trump focus turns to scrapping regs | FTC moves to block fantasy sports merger | Pelosi wants net neutrality hearing in San Francisco Trump calls out Ossoff for living outside of Georgia district CNN 's Acosta : Spicer is ' kind of useless ' MORE tightened his grip on the Republican nomination by scoring victories in Michigan , Mississippi and Hawaii . Entering Tuesday , not one public poll had shown Sanders leading in Michigan , and most had him down by double - digits , creating expectations that Hillary Clinton Hillary Rodham ClintonTHE MEMO : For Trump , danger signs in the polls McAuliffe touts buildup of cyber defenses in the states Senate GOP shifts focus to Lynch MORE would cruise to victory . ADVERTISEMENT But Sanders took the lead from the moment polls closed in the state and never let go .",manufacture.artifact.n/a
nw_RCc2816d0f3765261029773424658daeed2aec15700ae499f128d2bc2e,"Trigger: charges
Document: It asks the "" carbon majors "" to take remedial actions on behalf of typhoon survivors in the islands , which suffer devastating storms that may have worsened as a result of climate change . "" Heede 's report is one of the bedrock pieces of science and research that helped form our campaign , "" says Kristin Casper , litigation counsel for Greenpeace 's Global Climate Justice and Liability Project in Toronto , Canada . In late July , the commission sent orders to 47 of the world 's largest investor - owned fossil fuel companies , asking them to respond to the human rights charges in the petition . Similar actions and lawsuits are proceeding in several other countries . Now , Heede is extending his carbon accounting into the future , quantifying the potential carbon release from future fossil fuel exploration .",justice.initiatejudicialprocess.chargeindict
nw_RCb5dddb4791d79054330b5ccee399383a09a05ef3e8e079aff24507f6,"Trigger: exports
Document: And once in a while , if a foreign leader meets with the president , US arms sales to his or her country might generate an article or two . But the sheer size of the American arms trade , the politics that drive it , the companies that profit from it , and its devastating global impacts are rarely discussed , much less analyzed in any depth . Why do other major US exports garner regular coverage while trends in weapons exports remain in relative obscurity ? So here ’s a question that ’s puzzled me for years ( and I ’m something of an arms wonk ) : Why do other major US exports — from Hollywood movies to Midwestern grain shipments to Boeing airliners — garner regular coverage while trends in weapons exports remain in relative obscurity ? Are we ashamed of standing essentially alone as the world ’s No .",movement.transportartifact.n/a
nw_RC1575a2bc7faa770b09fa6cf9354d2e8dbcf5da201591ab53c8b0f406,"Trigger: walked
Document: ' You have become so hardened , you have eliminated so many of us . Look I am a suicide bomber , I will die , doomsday will come in a second . ' She pulled the severed head out of a bag and walked near the metro station entrance in north - west Moscow . Video of the dead girl 's mother , Ekaterina Meshcheryakova , collapsing in the street upon hearing the horrific news has emerged . She was taken to hospital in an unconscious condition .",movement.transportperson.selfmotion
nw_RCc0eb547be4c518d3cacdc3ef6179d37cf4d4aee8734312e24562c8e3,"Trigger: incarcerated
Document: Syringe restrictions legislated during the 1980s war on drugs contributed to Danny Wilson 's HIV infection . ( CBC ) The authors found the biggest factor driving higher rates of infection among drug users was that they were excessively incarcerated and excluded from HIV and hepatitis C prevention , treatment and harm - reduction programs . These include needle and syringe exchanges , safe injection facilities and opioid substitution therapies such as methadone . Russia is the opposite extreme , the authors said .",movement.transportperson.preventexit
nw_RC5ea722de9afa11f7947168ad358ea283de9942ed465c9b8361ef2013,"Trigger: inaugurate
Document: Seated next to Simonyan at the dinner and just two seats away from Putin himself was perhaps the most intriguing example of how the Russians have gone about recruiting disaffected members of that establishment : a rugged - looking man in a tuxedo who less than 18 months earlier had been head of the Defense Intelligence Agency , the Pentagon ’s powerful in - house equivalent of the CIA . Michael Flynn , now a private citizen after a reportedly disgruntled retirement , was not there to gather intelligence . His attendance at the RT gala , before which he also gave a talk on world affairs , appeared to inaugurate a relationship with the network — presumably a paid one , though neither Flynn nor RT answered queries on the subject . Flynn now makes semi - regular appearances on RT as an analyst , in which he often argues that the U.S. and Russia should be working more closely together on issues like fighting ISIL and ending Syria ’s civil war . “ Russia has its own national security strategy , and we have to respect that , ” he said in one recent appearance .",government.formation.n/a
nw_RCd9dd958ad92b9ca5bb8bd57a01ce9209437981c03c69d3ead919cc0f,"Trigger: meeting
Document: "" Cocaine or heroin , we know what the purpose is , "" said Allan Lai , an officer - in - charge at the Royal Canadian Mounted Police in Calgary , who is helping oversee the criminal investigation . "" With respect to carfentanil , we do n't know why a substance of that potency is coming into our country . "" In August and September , high - level delegations of Chinese and U.S. drug enforcement authorities met to discuss joint efforts on synthetic opioids , but neither meeting produced any substantive announcement on carfentanil . Nonetheless , some Chinese vendors are already bracing for a new wave of controls . In an email , Wonder Synthesis wrote , "" If you need any chems , just hurry to buy . """,contact.collaborate.n/a
nw_RCbd492e6b20b050788ec03528d1ab1ed470bf306ca2a3ba45d956eb2e,"Trigger: homicides
Document: For months , Clinton and her allies in the # NeverTrump movement have attempted to paint Trump as someone who could n't do the job of the presidency . Tonight , Trump proved them wrong . Trump was particularly impressive when he passionately defended the success of the "" stop and frisk "" policy in New York City in lowering the number of homicides . By making the crime issue about the non - criminals who live in the impacted communities and are victimized , Trump showed that this issue is n't about arresting people , but instead about protecting the innocent . It was clear that Trump believed every word he said , speaking directly to African - American and Hispanic voters about the personal safety issue that dominates their lives with a passion that Clinton never mustered .",life.die.n/a
nw_RCe72545b9b12fb775da06318b1145522e2c1d1d250550d756bc126152,"Trigger: resigned
Document: Trump has tried to downplay any potential issues involving his own business empire and the Russian government by insisting , among other things , “ I do n’t know Putin . ’’ But his two aides were unable to distance themselves . Manafort resigned from the campaign in August amid growing heat over his ties to Ukraine ’s pro - Russian government . Gates hung on a bit longer — till last month — before he also stepped down . Through Manafort ’s consulting company , David Manafort & Freeman , the pair had helped elect Viktor Yanukovich , Ukraine ’s pro - Putin president .",personnel.endposition.quitretire
nw_RC40b4120704c44f24e1be526ef2be8e30f6d96eb187785be25cdfd3bd,"Trigger: oath
Document: What Sanders knows is that winning would require fighting the fighter — just the way she fights . Thus far he has refused . But a judge on Tuesday ordered Clinton ’s top aides to be questioned under oath about the private email server she set up as secretary of State that violated government policy and circumvented the Freedom of Information Act . She and her employees deliberately moved material from a classified system to her unsecure server , which is illegal and now the subject of an FBI investigation . Sanders can argue the Democratic Party ’s presumptive nominee is a damaged general election candidate who could face enough legal jeopardy to see her candidacy blow up in smoke .",contact.commitmentpromiseexpressintent.meet
nw_RC55734e7c825354a32a7b68d8ee82826fea852dbf3e45224489d03f4c,"Trigger: oust
Document: In 2011 , Clinton joined with “ liberal interventionists ” in again pushing Obama into a “ regime change ” war in Libya that led to the overthrow and torture - murder of Muammar Gaddafi – which she gleefully welcomed with the quip , “ We came , we saw , he died ” – but has since turned the once relatively prosperous North African country into a failed state with the Islamic State gaining another foothold . Both as Secretary of State and since her departure in 2013 , Clinton has pressed to escalate the “ regime change ” war in Syria , seeking a “ no - fly zone ” that would require the U.S. military to destroy the Syrian government ’s air force and air defenses , apparently without regard to the risk that the U.S. intervention could pave the way for Al Qaeda ’s Nusra Front and/or the Islamic State to march into Damascus . Though the Syrian “ regime change ” strategy that Clinton has advocated has failed to oust President Bashar al - Assad , it has transformed another reasonably functional Mideast state into a bloody killing field and driven millions of refugees into what is now a destabilized Europe . In 2014 , Clinton also has embraced the neocon - backed coup in Ukraine that has touched off a new and costly Cold War with Russia . Again showing her “ tough - gal ” side , Clinton likened Russia ’s President Vladimir Putin to Adolf Hitler .",personnel.endposition.firinglayoff
nw_RC867e08fd4c2849aeeebd895b758ee183949d89aada072300d5a27bc8,"Trigger: collision
Document: Click to share on Twitter ( Opens in new window ) VLADIMIR Putin ’s presidential car has been involved in a deadly head - on crash in Moscow . The Russian president ’s favourite chauffeur was killed in the horror collision , which was captured in shocking CCTV footage . CEN 7 High - speed collision … Putin ’s presidential BMW was involved in horror crash in Moscow CEN 7 Moment cars collide on Kutuzovsky Avenue is captured in shocking footage",disaster.accidentcrash.accidentcrash
nw_RC8deff2d8d3bdc7e0262039103aa10bc035c7559718c3da6d13800ac2,"Trigger: proposed
Document: Tax Policy When outlining her tax reform policy , Clinton has made clear that she wants to tax the wealthy and make sure they "" pay their fair share . "" She has proposed a tax plan that would require millionaires and billionaires to pay more taxes than middle - class and lower - income individuals . Raising incomes for American families is crucial to Clinton 's tax policy ; she wants to give working families tax relief to increase the money they 're actually taking home from work . Clinton also supports helping small businesses grow through providing tax relief and broadening their access to capital .",contact.publicstatementinperson.n/a
nw_RC50e5cd4d3bf93040dfd69c0c42580c8d71d7c3b7119c38d37085c470,"Trigger: airstrikes
Document: UK Ambassador gives damning speech to UN after Russia 's security council veto over Syria On Saturday , Russia vetoed the resolution , which called for an end to all air strikes except those against Isis and al - Qaeda affiliated terrorists - the fifth time the country has used its veto to block UN action in the almost six - year - long civil war . Russia 's own rival measure on a truce which called for a ceasefire but did not mention airstrikes was also rejected . France has previously appealed to Russia to save rebel - held east Aleppo from total destruction . The besiged area , home to 250,000 people , has been subjected to unprecedented Russian - backed shelling by President Bashar al - Assad 's forces since the breakdown of a US - Russian brokered ceasefire last month .",conflict.attack.selfdirectedbattle
nw_RCd1f520f8ba526483577c7ac843e338e5136097fe9d2949a8a5cd5217,"Trigger: took over
Document: I said , Boris , you surely do n't believe that I would use an air base in Poland to bomb Western Russia . He said , of course you would n't . But , a lot of little old ladies in Western Russia think you would , which is why Putin got so much support when he took over Crimea . He said , look , Bill , he said countries are like individuals , they have hopes and fears , dreams and nightmares . You did n't ever have Napoleon or Hitler all the way up in your belly .",government.formation.mergegpe
nw_RC82052d30a50bc62148ab53f392cfd5cf71e46a8db62ac939be47f296,"Trigger: funds
Document: On 9/11 , Hillary Clinton and Donald Trump ’s hometown was attacked by the worst terrorist attack in the history of the United States . Young men and women — young men and women signed up to serve in the military to fight terrorism . Hillary Clinton went to Washington to get funds to rebuild her city and protect first responders . But Donald Trump was fighting a very different fight . It was a fight to avoid paying taxes so that he would n’t support the fight against terror .",transaction.transfermoney.n/a
nw_RCf0ab272bf75795d0c45865cff27059c7babcd0e0438ae33fcc97d4ff,"Trigger: bringing in
Document: David Petraeus Listed on the Bilderberg website as “ Chairman , KKR Global Institute ” , Mr Petraeus is also a former director of the CIA . Appointed by Geroge W Bush as the general commanding the multinational force in Iraq in 2007 , he orchestrated what became known as ‘ the surge ’ , bringing in 30,000 more troops to the country in a move which appeared to quell the insurgency there . An expert in counter - insurgency , he was made director of the CIA by Barack Obama in 2011 . He resigned , however , in November 2012 after it was reported that he had had an affair with his biographer Paula Broadwell .",movement.transportartifact.n/a
nw_RC5366683131f5187d8bd9e4156a98e56158eaecc36f329c7d442754f3,"Trigger: auctioning
Document: Story Continued Below Some of the concerns raised by the former first daughter echo attacks that have been dogging her mother , Hillary Clinton , during her presidential campaign . Clinton ’s GOP rival Donald Trump and other Republicans allege that the Clintons used their foundation and private business arrangements to enrich themselves by essentially auctioning off access to the powerful family and their associates in government — including during Hillary Clinton ’s tenure as secretary of state . Teneo , in particular , did lucrative work for foundation donors and entities with business before Clinton ’s State Department . And it signed a contract reportedly worth $ 3.5 million with Bill Clinton to serve as an adviser ( though the former president ultimately kept only $ 100,000 of that , according to his tax returns and a source familiar with the arrangement ) .",transaction.transferownership.n/a
nw_RCb377857b3cb6b350d7bca04a36a5042724f421e17b0797c3253e3d2f,"Trigger: sanctions
Document: Afghan officials have also reported the presence of militants from Tajikistan , Chechnya and Chinese Uighurs , many who relocated to Afghanistan from Pakistan ’s tribal areas . Fighting drug trafficking rings that partially fund the Afghan insurgency had been an area of common interest for the Russians and the Americans , said Yuri V. Krupnov , an adviser to the head of Russia ’s antidrug agency , Viktor P. Ivanov . But that stopped when the United States Treasury Department in 2014 imposed sanctions on Mr. Ivanov , a close associate of Mr. Putin ’s . “ Washington had no dialogue with us , and just asserted its interests and sovereignty , and was uninterested in the views of Russia or anybody else , ” Mr. Krupnov said , adding , “ The Obama administration buried this promising line of cooperation . All room for cooperation is exhausted . ”",transaction.transferownership.embargosanction
nw_RC4e66faf17ff571ca7ec0374f17a305a2619ac1021d814056a1a822c2,"Trigger: ousted
Document: There were obvious signs that pressure was building on Kasyanov — beginning in January , when Chechen leader Ramzan Kadyrov posted video of Kasyanov inside a sniper 's crosshairs . A few weeks later , he was "" pied "" in the face at a restaurant , a favourite threatening tactic of provocateurs . Kasyanov is chairman of PARNAS , a liberal opposition party in Russia , and was prime minister before he fell out of favour and was ousted by Putin in 2004 . Pelevina is his political assistant and was a member of the party executive until she resigned this week . ( Corinne Seminoff / CBC )",personnel.endposition.firinglayoff
nw_RCf8cc1b7c0859c7ff5b19fe06a070dde4debe33ce3ddec8d103c98bdf,"Trigger: wounded
Document: The YPG would hand over all seized areas to an affiliated Kurdish police force , the Asayish . Government policemen would be left to secure the one remaining area under state control . Details reported by state TV included a prisoner swap , handing over the wounded and bodies of the dead , and opening the roads to Syrian army positions inside and outside the city . Reuters could not immediately obtain a full text of the agreement . One of the Kurdish officials said the deal was concluded on Monday evening "" via international parties "" .",life.injure.injurycausedbyviolentevents
nw_RC5df5d3ecfc94dd651443912f60a56f8f886962fdccbfe663632227cb,"Trigger: purchase
Document: You wo n’t need to spend Olympic gold to see the Games in person this summer . Demand for tickets to the Rio Olympics has been low in the months leading up to the events , which will run from Aug. 5 to Aug. 21 . Ticket sales have been so slow that Rio organizers will now allow buyers from outside Brazil to purchase tickets at the same reduced prices as citizens , according to a report from the Associated Press . Previously , tickets were available through the authorized ticket resale site CoSport at an exchange rate of 2.35 real to the U.S. dollar with a possible 20 % service fee added . Under the new local pricing , anyone can buy tickets from the official Rio website at the current exchange rate of 3.25 real to the dollar and no service fee .",transaction.transfermoney.purchase
nw_RC859eb408a706b421583dd809ea99bf3d8b1050b9de18d34fc142d312,"Trigger: inspections
Document: Weddings and funerals have been banned and Pyongyang is in lockdown as preparations for a once - in - a - generation party congress get underway in North Korea . The ruling Worker ’s Party of Korea , headed by the country 's leader , Kim Jong - un , is due to stage the first gathering of its kind for 36 years on Friday . Free movement in and out of the capital has also been forbidden and there has been an increase in inspections and property searches , according to Daily NK , which claims to have sources in the country . Life in North Korea captured with a mobile phone 30 show all Life in North Korea captured with a mobile phone",inspection.sensoryobserve.inspectpeopleorganization
nw_RC34397e5ca63336e425d9ef9a75f338baa575e00986ef7a49f1897aea,"Trigger: investigation
Document: WikiLeaks founder Julian Assange took the offer a step further in an interview , suggesting that Rich was potentially a WikiLeaks source . In a statement to Business Insider on Wednesday , Brad Bauman , a spokesperson for the Rich family , thanked investigators and implored high - profile figures to stop attempting to politicize Rich 's death by perpetuating unfounded theories about the shooting . "" The family welcomes any and all information that could lead to the identification of the individuals responsible , and certainly welcomes contributions that could lead to new avenues of investigation , "" Bauman said . He added : "" That said , some are attempting to politicize this horrible tragedy , and in their attempts to do so , are actually causing more harm than good and impeding on the ability for law enforcement to properly do their job .",justice.investigate.investigatecrime
nw_RCa901ac71431eff4618975e34efb4a45ba6c22035fca197fe92be496c,"Trigger: conferred
Document: According to three Republicans familiar with that event , Trump was confronted by several supporters there , including mega - donor Rebekah Mercer , about news reports on his advisers ’ desire to tame his personality . The three Republicans requested anonymity due to sensitivity of the campaign 's transition and their relationships with Trump , Bannon and Conway . Trump was visibly infuriated at the news stories , the Republicans said , and he conferred with Mercer about potential steps he might take to remake his campaign and populate his inner circle with voices more like his own . Bannon ’s name soon came up . Mercer , the daughter of hedge - fund titan Robert Mercer , spoke highly of him .",contact.discussion.meet
nw_RCee35b52b93f06bcc4aa777295779400aa4dabdff066b73c835fbf47d,"Trigger: urging
Document: Cyber experts have identified ties between Russia and an alleged hacker nicknamed “ Guccifer 2.0 , ” who has taken credit for the intrusions and claims to have stolen documents from the computer that Clinton used as secretary of state . “ The prospect of something hanging out there is obviously unnerving , to say the least , ” a former DNC official told POLITICO . Lawmakers urging a public White House response include the top Democrats on both Intelligence panels , Rep. Adam Schiff and Sen. Dianne Feinstein of California , as well as Senate Judiciary Chairman Chuck Grassley ( R - Iowa ) , top Judiciary Democrat Sen. Patrick Leahy of Vermont and Sen. Tom Cotton ( R - Ark . ) . They ’ve said that at the very least , the administration should publicize the results of its probe into the hacks . Some Democrats have said Putin could have ample reason to want to see Trump in the White House , noting that the New York real estate magnate has praised him as a “ strong leader ” and has expressed doubts about whether the U.S. would defend NATO nations that come under Russian attack .",contact.commandorder.correspondence
nw_RC1d18048e28287c686fe3ddbbd2b06d1fb3bf42318510494b13c13048,"Trigger: advised
Document: Their problem was not getting investors , but figuring out how to spend money in a non - efficient way if you read between the lines . He was probably aware of that . He would have known how inefficient and wasteful the company is . ” Page became an investor in the company , and has , according to filings , advised other companies he ’s worked for to invest in them . After Merrill Lynch , Page tried to set up his own fund to invest in energy projects and called it Global Energy Capital . But he tried to do this in 2008 , and we know what happened to the markets in 2008 .",contact.requestadvise.meet
nw_RC10923f3f7f705fa6cc5099b67edde3d82c4da5dc975ef53347023c7c,"Trigger: spy
Document: “ And this year , they will be voting in record numbers , and it wo n’t be for Hillary Clinton , it will be for Donald Trump . ” But it ’s only the latest example of the unscripted candidate ’s sense of humor getting him in trouble in the context of a presidential campaign . Just days ago , Trump stirred controversy at a news conference by encouraging Russia to spy on Clinton and to uncover the 33,000 emails deleted from her private server . After letting the controversy boil for more than a day , Trump and his campaign team attempted to argue that he was joking and not , in fact , nudging a foreign government — described by Trump ’s predecessor as GOP nominee as America ’s “ greatest geopolitical foe ” — to spy on his political opponent . In both cases , the carelessness with words carries broad , serious implications — in the political realm and beyond .",government.spy.spy
nw_RC2515478f76f7dc224c8115a155391c2a911cf63f0ac0e49703ecedf7,"Trigger: suggest
Document: But while the Trump Wall ( as he has called it ) is the most provocative proposal of the election season , it is not particularly original . Over the past five millennia , politicians have repeatedly turned to large walls to solve problems . We should look carefully at the track record of this ancient technology before we invest what some estimates suggest could be $ 25 billion in construction costs for a 2,000-mile - long wall , plus millions more in annual maintenance . One of the earliest examples of a large - scale barrier wall was constructed by the rulers of the city of Ur , in what is now southern Iraq , at the end of the third millennium B.C. The kings of Ur faced a considerable challenge along their northwestern border from a semi - nomadic people known as the Amorites .",contact.requestadvise.broadcast
nw_RCec03d115ba4b601e945dcd14155ceab0bdf12f946185906c2690b0a2,"Trigger: shipments
Document: Investors from local farmers to billionaire tycoons are pumping money into the business . Russian wheat has crowded out U.S. supplies in Egypt , the world ’s biggest buyer , and is gaining footholds in some other countries , such as Nigeria , Bangladesh and Indonesia . That ’s four decades after the Soviet Union turned to U.S. shipments of wheat and corn to offset shortfalls in its own harvests . Over the last decade , Russia has been the biggest single source of growth in wheat exports , vital to meeting surging global demand . “ Russia will be among the top exporters for a long time , especially given the potential advances in productivity there , ” said Tom Basnett , general manager at Market Check , a Sydney - based commodity consultant .",movement.transportartifact.n/a
nw_RC9f8a5ac0d724883a1cd93c9fa9af7cb1c0b4cbf54e75eada50b6f18d,"Trigger: slain
Document: He has for his entire campaign operated under the theory that all publicity is good publicity , that he ’ll dominate at the polls if he can dominate each news cycle with his latest outrage — and , for a long time , it worked . But the act is wearing thin . He has faced building criticism from conservatives and fellow Republicans for encouraging Russia to hack Clinton ’s emails , for apparently being unaware of Russia ’s invasion of Ukraine , and for senselessly and repeatedly attacking the Muslim parents of a slain American soldier . His refusal Tuesday to support Paul Ryan or John McCain in their primaries ( both men are supporting him ) will surely heighten the criticism . Polls show Clinton rebuilding the substantial lead she had before the conventions and before the FBI director ’s scalding comments on her emails .",life.die.n/a
nw_RCcc7133ecaecc586d79e2c6529f0c13e4568d8ee79bf7d71b58c54d2d,"Trigger: flee
Document: The video lasts nine minutes and ends with a masked man addressing President Vladimir Putin and urging Daesh supporters to attack Russia . © REUTERS/ Ahmed Saad Daesh Commanders Fleeing Mosul Amid Iraqi Army 's Liberation Campaign Daesh terrorist group , outlawed in the United States , Russia and numerous other countries throughout the world , has seized vast areas in Iraq and Syria , forcing thousands of people to flee their homes . The radical Sunni group has become notorious for its human rights atrocities , such as public beheadings of foreign journalists . Daesh and its affiliates have claimed responsibility for numerous terrorist attacks carried out in various parts of the world , including the July 14 Nice attack and the the March 22 Brussels attacks .",movement.transportperson.evacuationrescue
nw_RC77e68bca7e228e8ac1756407d868d02e621c9c72a772d807f42794df,"Trigger: announced
Document: A government The fact that the minimal level of monitoring that is conducted by the Canadian government exceeds the export value of this industry by $ 2 million is certainly a strong indication that this hunt should be ended for economic reasons alone . We have a government that is well aware it ’s pouring dollars into an economic sinkhole that will never recover . Recently , Justin Trudeau ’s new government came under renewed pressure from animal rights activists to ban seal hunting as it has not yet announced a quota for 2016 hunting season that starts by the end of March and continues through April . Canada 's annual commercial seal hunt , which mainly takes place during March and April , sees thousands of young seals clubbed to death for their furs . An estimated 95 - 98 per cent of the seals killed during the commercial hunt are three weeks to three months old , sparking calls for a ban on seal hunting from animal activists . Commercial hunt has shrunk in recent years as major export markets such as the European Union , the United States and Russia have banned import of seal - fur products over animal - welfare concerns .",contact.publicstatementinperson.broadcast
nw_RC6a815e72da6de167b24ca33d1c8b13e7498a3037150b8aea7f733371,"Trigger: paid
Document: Finally , let us turn to Bill Blum , who wrote an article entitled , “ American Exceptionalism and the Election Made in Hell ( Or Why I ’d Vote for Trump Over Hillary ) . ” Again there is little doubt about the stance of Blum , who is the author of Killing Hope : U.S. Military and CIA Interventions Since World War II , a scholarly compendium , which Noam Chomsky calls “ Far and away the best book on the topic . ” Blum begins his piece : “ If the American presidential election winds up with Hillary Clinton vs. Donald Trump , and my passport is confiscated , and I ’m somehow FORCED to choose one or the other , or I ’m PAID to do so , paid well … I would vote for Trump . ” “ My main concern is foreign policy . American foreign policy is the greatest threat to world peace , prosperity , and the environment . And when it comes to foreign policy , Hillary Clinton is an unholy disaster .",transaction.transfermoney.payforservice
nw_RCdae4a0526d8413432e6a17eaf3988a89dc1201386f62eb0ced5ab089,"Trigger: jailed
Document: WikiLeaks was the subject of every cable TV discussion and every newspaper front page , and press packs swarmed the gates of every address even tenuously connected to it . Commentators called for arrest , deportation , rendition , or even assassination of Assange and his associates . At the same time , WikiLeaks was having its payment accounts frozen by Visa and Mastercard , Amazon Web Services pulled hosting support , and Assange was jailed for a week in the UK ( before being bailed ) on unrelated charges relating to alleged sexual offences in Sweden . Inside WikiLeaks , a tiny organisation with only a few hundred thousand dollars in the bank , such pressure felt immense . Most of the handful of people within came from a left - wing activist background , many were young and inexperienced , and few had much trust of the US government – especially after months of reading cables of US mistakes and overreactions in the Afghan and Iraq war logs , often with tragic consequences .",movement.transportperson.preventexit
nw_RC6a0e6fc045e3918696abc4246c8f0066a784dea2e2e0bb91bef946f5,"Trigger: lied
Document: Trump lied when he s aid Hillary wants to sign TPP . Trump lied when he s aid Hillary talks , but does n’t get anything done . Trump lied when he s aid $ 6 billion went missing when Hillary was secretary of state . Trump lied when he s aid he started with a $ 1 million loan . Trump lied when he s aid his company is worth “ many , many ” billions of dollars .",contact.prevarication.meet
nw_RC17d6856854d2c768786110cfb36cc19aa5114fdf7097377b6eb6a670,"Trigger: discussed
Document: On Wednesday ’s Breitbart News Daily , Sirius XM host Alex Marlow discussed leaked Hillary Clinton emails with former Navy SEAL and Blackwater CEO Erik Prince . Prince saw a disturbing threat about Clinton ’s appetite for centralized power running through several of these emails . Prince found an exchange in which Clinton applauded Chinese President Xi Jinping ’s consolidation of authoritarian power more evidence that “ her analysis of all things foreign , foreign governments , is about as goofed - up as her supposed reset with Russia , where they did n’t even get the translation right on the event . ”",contact.discussion.meet
nw_RCbeac03f961f6decdd4fb0028d73124e78c7862cea4129ef87d2dc594,"Trigger: trafficking
Document: There ’s no more doubting it , no more excusing it , no more defending it , no more trying to explain it away . We ’re past the time when having a Jewish son - in - law makes it okay to spew paranoia and conspiracy theories . A line has finally been crossed , and we need to acknowledge a cold and very scary truth : Donald Trump is openly trafficking in the types of anti - Semitic slurs that have been used to justify the hatred of Jews for decades . I do n’t write those words glibly , or casually . They ’re not words I ever thought I ’d need to write about the nominee of a major American political party .",movement.transportperson.n/a
nw_RCb4d2b2ea40d9d92fdbb1ffd9a3bb4e24acb5fff0cec2c733d355cfa6,"Trigger: inspection
Document: Emergency crews are working at the scene of the crash and have already put out the fire , according to a TASS source . IC spokesman Vladimir Markin said "" no less than 50 "" experts and experienced investigators are at the crash site , collecting evidence . “ Site inspection is actively underway . IC investigators are collecting the remains of the passengers for subsequent forensic , genetic examination , ” Markin said in a statement published on the Russian Investigative Committee ’s official website . There are some 25 psychologists currently working with relatives of the crash victims at the airport .",inspection.sensoryobserve.physicalinvestigateinspect
nw_RC4dbb3dd4a436b99964f12b52cec790c3f62134e1b9c65247e1c46658,"Trigger: deceased
Document: ( Ruth Eglash ) The University of Tennessee - Knoxville agreed to pay $ 2.48 million in a sexual assault suit involving student athletes , ending a dispute that pitted eight young women against the football program . It is the school ’s third financial settlement involving the athletics department in just two years . ( The Tennessean ) A 60-year - old British woman has become the subject of a high - profile legal dispute over whether she can use her deceased daughter ’s frozen eggs to carry her own grandchild . A London appeal 's court sided with the woman last week . She says it was her daughter ’s “ dying wish . ” ( Lindsey Bever ) Florida authorities are investigating a bizarre death in which they were called to the scene of a “ burning mannequin ” outside a craft store – only to discover that the body on fire belonged to a human man .",life.die.n/a
nw_RCa774605dfe5e532972cf461278552fc124aedc9c0433391d76bbd3bf,"Trigger: poisoned
Document: Click to share on Facebook ( Opens in new window ) Click to share on Twitter ( Opens in new window ) A TOP scientist claims US presidential candidate Hillary Clinton may have been poisoned by her rival Donald Trump and Russian President Vladimir Putin – which caused her to collapse at a 9/11 memorial event . Bennet Omalu , an established forensic pathologist , warned campaign officials to get Clinton ’s blood checked for possible poison after she was caught on camera appearing to faint at a 9/11 service . Getty Images 5 A well - established doctor claims Hilary Clinton is being poisoned",conflict.attack.n/a
nw_RC1f4c5e3ac366f6fc671d750bedba3909098c8797c3f5184799adda2c,"Trigger: execution
Document: A file photo showing Iranians while reacting to a public execution in Tehran . ( AP ) Click to email this to a friend ( Opens in new window )",justice.judicialconsequences.execute
nw_RC93e94179a1726ec4bed671f1d89060158fef229ea699546ff119d9b5,"Trigger: sanctions
Document: Ambassador Samantha Power told reporters : "" We will ensure that the Security Council imposes serious consequences . DPRK 's ( North Korea ) latest transgressions require our response to be even firmer . "" The United States and China began discussing a U.N. sanctions resolution after Pyongyang 's Jan. 6 atomic test . North Korea had initially given a Feb. 8 - 25 time frame for the launch but on Saturday changed that to Feb. 7 - 14 , apparently taking advantage of clear weather on Sunday . North Korea 's National Aerospace Development Administration called the launch "" an epochal event in developing the country 's science , technology , economy and defense capability by legitimately exercising the right to use space for independent and peaceful purposes "" .",transaction.transaction.embargosanction
nw_RCb5d1575018a746808a70902b3bf74fcca14cab33ddcad5213047beb8,"Trigger: convene
Document: Officials and cyber security experts say recent breaches at the Democratic National Committee and elsewhere in the Democratic Party were likely carried out by people within the Russian government . Kremlin officials have denied the allegations of Moscow 's involvement . Concerns about election computer security prompted Homeland Security Secretary Jeh Johnson to convene a conference call with state election officials earlier this month , when he offered the department 's help in making their voting systems more secure . The FBI warning did not identify the two states targeted by cyber intruders , but Yahoo News said sources familiar with the document said it referred to Arizona and Illinois , whose voter registration systems were penetrated . Citing a state election board official , Yahoo News said the Illinois voter registration system was shut down for 10 days in late July after hackers downloaded personal data on up to 200,000 voters .",contact.discussion.correspondence
nw_RCf6a11935aed787311cf7a58abb2e608d9f9b7dea5992bd935860a908,"Trigger: dialogue
Document: “ The IDF Spokesperson ’s Unit gives instructions and simulations at all levels in the field , under the assumption that [ operations ] will be covered [ by the press ] and documented . ”Lerner admitted that there was an increase of violent incidents in recent months , but said they are exceptions that do not reflect the general situation . He also pointed out that an officer who was violent toward the press was fired . Zionist Union MK Ksenia Svetlova , a former Arab affairs reporter for Russian - language media who has written for The Jerusalem Post , initiated the discussion and said , “ Freedom of action for the media is a central component in a democratic state . Unfortunately , recently , it seems that some reporters are seen as the enemy or as a foreign agent acting against the State of Israel . ”She added , “ Violence against the press hurts Israel ’s good name in the world . ”Foreign Press Association secretary Gila Sugarman said that in the past two years there has been an increase in physical violence against journalists and their equipment . Union of Journalists in Israel chairman Yair Tarchitsky called the phenomenon fairly common and said the violence generally comes from low - level soldiers or police officers who are not aware of the way they should treat the press . “The general feeling is that they see journalists as an annoyance , ” he said . “ Security forces have to understand the job of the press in a democratic country , even if the truth is uncomfortable for the country . Our job is to reflect reality as it is to the broader public . ”Foreign Affairs and Defense Committee Tzachi Hanegbi ( Likud ) closed the meeting by calling the IDF Spokesperson ’s Unit to review the complaints from press representatives and make sure that they are present in sensitive situations to hold a dialogue with reporters . “IDF commanders are not trained or authorized to deal with the press ; it ’s not their responsibility , ” Hanegbi said . “They are focused on security and executing their operational orders . The IDF Spokesperson ’s Unit must send people to events with the potential for conflict , in order to avoid obstacles to reaching operation goals , on the one hand , and harm to journalists ’ work , on the other . ”Hanegbi also said he will discuss the issue with Interior Committee chairman David Amsalem ( Likud ) , whose panel is responsible for overseeing police and border police actions , to hold a similar discussion about complaints of police treatment of the press .",contact.discussion.correspondence
nw_RC3315a4eed511426cdbcc6ecc3575e93d720d7f8ce4e0bbd678ef2204,"Trigger: ceasefire
Document: While the ceasefire has reduced fighting , some violence has persisted across Syria . Meanwhile , there has been little movement on promised aid deliveries to besieged areas and both sides have accused the other of bad faith . Russia 's Defence Ministry said conditions in Syria were deteriorating , adding that it believed the ceasefire had been breached 199 times by rebels and saying the United States would be responsible if it were to collapse . After the Deir al - Zor attack , it said Moscow had told the United States to rein in the Syrian opposition and make sure it did not launch a new offensive , adding that it had informed Washington about a concentration of rebels north of Hama . Insurgents say they only reluctantly accepted the initial deal , which they believe is skewed against them , because it could relieve the dire humanitarian situation in besieged areas they control , and blamed Russia for undermining the truce .",government.agreements.acceptagreementcontractceasefire
nw_RCb1215125d43a2f3f73524da5b39a2934d58fcf77b0232ee40f916e4e,"Trigger: arrested
Document: Nine people were wounded in the stabbings ; Adan was shot and killed by an off - duty police officer . In New Jersey , Ahmad Khan Rahami , a naturalized U.S. citizen from Afghanistan , was arrested Monday in connection with bombs left in New York City and Seaside Park , N.J. The manhunt for Rahami , arrested after a shootout in New Jersey , instantly gave the GOP standard - bearer new fodder . “ Hillary Clinton Hillary Rodham ClintonGOP fires opening attack on Dem reportedly running for Heller 's Senate seat Trump seeks tech 's help for government IT overhaul What do Democrats stand for ? MORE wants to increase what [ Obama has ] let in , ” Trump said Monday on Fox News .",movement.transportperson.preventexit
nw_RC138e88c14729ea31568da361d994c09a6fbd0285d0f0954c1269516f,"Trigger: wages
Document: The 62 richest people in the world have as much wealth as the bottom 50 percent of the world , roughly 3.6 billion people . The wealthiest 1 percent of the global population have as much wealth as the other 99 percent of the world 's population . For decades , wages of the middle and working classes have remained stagnant in the United States while the top earners have seen their wages grow exponentially . In the United States since the 2008 recession , nearly 99 percent of all new generated income has gone to the wealthiest 1 percent of Americans . Current trends suggest these enormous disparities in wealth are expanding .",transaction.transfermoney.n/a
nw_RC5f8bd107fcafcd78150e25ba1b4e88b6ec76e6c2cbedb77dabe0a20b,"Trigger: homicides
Document: Trump has repeatedly claimed that the United States has the highest murder rate in 45 years . This is false . Both the rate of homicides and violent crimes are back down to the levels they were 45 years ago , and are at about half the rates at their peak in the 1980s and early 1990s . ( About our rating scale ) Send us facts to check by filling out this form",life.die.deathcausedbyviolentevents
nw_RCaaff4bbfb7c11d18a4eb753a4f611f8b9ecd154b434b6d77f33d0b97,"Trigger: illness
Document: 10/15 Senator Al Franken was joined on stage by comedian and actress Sarah Silverman , with critics praising their double act Getty Images 11/15 Delegates danced joyously at the convention in the Wells Fargo Center as musical entertainment was provided Getty Images 12/15 Pop singer Demi Lovato told the DNC she was "" living with mental illness "" before performing her hit single ' Confident ' Getty Images 13/15 Legendary singer - songwriter Paul Simon was another high - profile performer to entertain the crowd on day one Getty Images 14/15 Anastasia Somoza , an international disability rights advocate , also delivered remarks on the first day of the convention Getty Images",life.injure.illnessdegradationphysical
nw_RC433b77d3a4bae1d63238911b115f4c9d5ff631b955bfd77ebed0c9c8,"Trigger: emails
Document: “ I think the tape raises an awful lot of questions , and if you take that as Donald accurately describing his actions , then , yeah , it is a pattern of assaultive behavior , ” Kaine said . [ GOP consumed by crisis as more Republicans call on Trump to quit race ] On the same program , Kaine was pressed about comments attributed to Clinton that were included in the hacked emails released by WikiLeaks . The emails included the apparent excerpts from closed - door speeches that she made to Wall Street and other corporate interests . Among other things , the apparent comments reflect her “ dream ” of a “ hemispheric common market , with open trade and open borders . ”",contact.collaborate.correspondence
nw_RC3a5b6a1b65f5845778923460d8b1a173ab620044964f90828f7c0b69,"Trigger: smuggled
Document: But North Korean viewers wo n’t be getting anything close to what Netflix offers . That ’s right , The Interview , among other less controversial content , will not be landing on the service anytime soon . For movies made outside of North Korea , its citizens will have to continue to rely on smuggled material from activists like this guy who ’s been using drones to carry USB drives loaded up with Western movies into the country . With its broadband infrastructure limited as well as tightly controlled , it ’s not clear how many people will actually be able to access Manbang . It ’s thought only a few thousand people in the country – population 25 million – have access to the internet , with special permission necessary needed to get online .",movement.transportartifact.n/a
nw_RC159fbbb90b744361e17d6e68f75c30fe06cf8cd5baade472fc52056f,"Trigger: wrecking
Document: It ’s all the same to him . Just like aggrieved and aggressive Muslims were all the same to the Kagans on 9/11 . Does n’t that make Trump ’s persistent suspicion of Muslims a perfect match for the Neoconservative wrecking crew ? And then there ’s the Iran nuclear deal , which Trump has relentlessly criticized as being so bad that it ’s downright suspicious . He said he wants to “ renegotiate ” immediately after taking office .",artifactexistence.damagedestroy.n/a
nw_RCd40480189f88d7e9d1dd0e7cb51e0584f21f8863cc18a266678d13f9,"Trigger: auctioning
Document: Story Continued Below Some of the concerns raised by the former first daughter echo attacks that have been dogging her mother , Hillary Clinton , during her presidential campaign . Clinton ’s GOP rival Donald Trump and other Republicans allege that the Clintons used their foundation and private business arrangements to enrich themselves by essentially auctioning off access to the powerful family and their associates in government — including during Hillary Clinton ’s tenure as secretary of state . Teneo , in particular , did lucrative work for foundation donors and entities with business before Clinton ’s State Department . And it signed a contract reportedly worth $ 3.5 million with Bill Clinton to serve as an adviser ( though the former president ultimately kept only $ 100,000 of that , according to his tax returns and a source familiar with the arrangement ) .",transaction.transferownership.purchase
nw_RC6eaded9d288df0060d2497eaea4b956412d85ef68a0d276c271efda0,"Trigger: killed
Document: But if we were going to do anything , it would be a very positive step to say that discrimination has no place in our law and to reaffirm the president ’s actions in this area , ” Maloney told The Hill . “ Seems to me a pretty basic thing to do . ” The shooting at Pulse nightclub on Sunday that killed 49 people and injured 53 more has been deemed by federal authorities as both a terrorist attack and a hate crime . FBI Director James Comey said the suspected shooter had pledged allegiance to the Islamic State of Iraq and Syria ( ISIS ) during a 911 call before he was shot dead by police . Two centrist Republicans , Reps . Ileana Ros - Lehtinen ( Fla. ) and Richard Hanna ( N.Y. ) , signed onto Maloney ’s amendment as co - sponsors .",life.die.deathcausedbyviolentevents
nw_RCc3d85db29e2fd317a2261459b476524deba76b11078633c7056878fd,"Trigger: blackmail
Document: Deputy Moskalkova , who is a member of the A Just Russia party , was also supported by the ruling United Russia party for the post . The newly elected Human Rights Commissioner has distinguished herself in the State Duma for advocating particularly draconian legislation . In her post - election interview , Commissioner Moskalkova said she had to take a stand against human rights being used as a tool by the West to blackmail Russia .",contact.threatencoerce.correspondence
nw_RCa8a16aea442f4e7666f8f6574b681c0128146cc2ddafeb31761bfe42,"Trigger: discuss
Document: She had less of a presence on TV in March and April 2017 but resurfaced to discuss Trump ’s firing of FBI director James Comey . Though Conway had been notably missing from media ( which SNL parodied in a recent skit , "" Where in the World Is Kellyanne Conway ? "") , she appeared on CNN with Anderson Cooper to discuss Comey 's removal as FBI director . During her appearance , Conway reiterated that Comey 's firing was not due to the current investigation into Russia 's role in the recent election and Cooper rolled his eyes when she brought up winning Michigan in the election . ( Conway later attributed his reaction to sexism . )",contact.discussion.n/a
nw_RCffe528980fd7e30819767680b8cbf3fc5b8776965efd8a33024e002d,"Trigger: intimidated
Document: He also said he had "" changed "" and pledged "" to be a better man tomorrow . "" And he added : "" I ’ve said some foolish things , but there 's a big difference between the words and actions of other people . Bill Clinton has actually abused women , and Hillary has bullied , attacked , shamed , and intimidated his victims . "" But how about Trump 's own actions ? Trump limited his video apology to the words he used , yet those words describe his own abuse of women — actions that Trump did not apologize for .",contact.threatencoerce.meet
nw_RC4f3eef6e321e23163b651cf451d95fb53e349a6e4aacc47a61a5e79d,"Trigger: resign
Document: Election 2016 | Live coverage on Trail Guide | Sign up for the newsletter | The race to 270 “ He jumped in with the devil and now he ’s in a huge predicament here , ” said Brian Howey , publisher of a website chronicling Indiana politics . “ If the guy had any shred of integrity , he ’d resign the ticket . ” Pence has not reached that point . On Saturday , he issued a statement that leaves him room to maneuver and makes it clear that he would not defend Trump in the near term , as he has on so many other occasions in recent months .",personnel.endposition.quitretire
nw_RCa4d44942927e2f08d6b4ed5d8085d8d38f18eb02d21ee9866f335959,"Trigger: quit
Document: I do n't know if it was meant to be a compliment , ” he said . Then he offered his own backhanded compliment . “ I will say this about Hillary : She does n't quit . She does n't give up . I respect that .",personnel.endposition.n/a
nw_RC3b41c0cd53fc350aae8a11cb112fa4acd21358bb47cafef8b04784af,"Trigger: smuggling
Document: But the weaker regulations also make it potentially easier for arms smugglers and human rights abusers to get their hands on US arms . For example , 36 US allies — from Argentina and Bulgaria to Romania and Turkey — will no longer need licenses from the State Department to import weapons and weapons parts from the United States . This will make it far easier for smuggling networks to set up front companies in such countries and get US arms and arms components that they can then pass on to third parties like Iran or China . Already a common practice , it will only increase under the new regulations . The degree to which the Obama administration has been willing to bend over backward to help weapons exporters was underscored at a 2013 hearing on those administration export “ reforms . ” Tom Kelly , then the deputy assistant secretary of the State Department ’s Bureau of Political - Military Affairs , caught the spirit of the era when asked whether the administration was doing enough to promote American arms exports .",movement.transportperson.smuggleextract
nw_RCbdf831fe9835b57cf63f14bb93ff49d752062eddf83bbcc9e96cb5ce,"Trigger: captured
Document: When a Russian FSB agent and a Russian soldier were killed by a team of Ukrainian saboteurs , and one of the captured Ukrainians was shown on Russian media in handcuffs , US ambassador to Ukraine Geoffrey Pyatt tweeted “ US government has seen nothing so far that corroborates Russians allegations of a ‘ Crimea incursion ’ & Ukraine has strongly refuted them . ” Apparently two dead Russians do n’t count for much in Pyatt ’s book : perhaps Putin personally killed them , and the whole thing is a set up .",movement.transportperson.preventexit
nw_RCccc2b8edaa635aca19619f887d1befe7b4dac6f89c8d67ed7b04f197,"Trigger: testify
Document: Plus 20 "" closed "" GOP primary states where only Republicans can vote — not a good playing field for The Donald , who does better among working - class Dems and independents . 10 . Sen. Marco Rubio Marco RubioOvernight Finance : Ryan seeks manufacturing muscle for tax reform | Warren targets Wells Fargo board | Senators raise concerns over Russian takeover of Citgo | Pelosi hits GOP for budget delays Senators ask administration to probe possible Russian takeover of Citgo Week ahead : Obama DHS chief to testify on Russian meddling MORE ( Fla. ) just is n't getting it done . Thus Cruz will soon — again — be the main competition to Trump . 11 .",justice.initiatejudicialprocess.n/a
nw_RC7bba460cecaa3fd51f7a6f13468f8e8c92db6e8eea43da3e61f3a17f,"Trigger: executed
Document: Trump and VP nominee Mike Pence have asked whether Clinton ’s emails led to the execution of a former U.S. defector from Iran . This is among the stupidest claims made so far in this campaign . A check of newspaper clips shows that the saga of Shahram Amiri , the executed scientist , was well - covered by the media in 2009 and 2010 . Iranian officials could have learned everything they needed to know about Amiri ’s defection from reading The Washington Post — and there was little to be learned from the cryptic messages in Clinton ’s emails . It seemed like such a sweet story — Donald Trump sending his personal plane down to Camp Lejeune , N.C. , when 200 Marines were stranded after fighting in the 1991 Persian Gulf War .",life.die.deathcausedbyviolentevents
nw_RCf3e65e8ad6cdada1ec12b8f859d56c4e41f3f49d42af2cf3f223c465,"Trigger: compensated
Document: The burdens of trade have been disproportionately fallen on those people who used to have good unionized jobs in America . And the failure of NAFTA and also the WTO , the World Trade Organization , Chinese ascension into the WTO , all of those Clinton - era programs — the failure was , number one , not to have nearly strong enough and enforceable enough labor and environmental side agreements ; number two , not to have adjustment mechanisms here in the United States for people who lost their jobs to help them get good jobs , that were new jobs , for the jobs they lost . The winners in trade could have compensated the losers and still come out ahead , but they did not . And that is a structural , political problem in this country that we have to address . It is also a problem with regard to technological displacement .",transaction.transfermoney.payforservice
nw_RC1d446dcb64f3746f00a03a355b89f356b7deb5a7ade91de92246819d,"Trigger: eradicate
Document: Venezuelan President Nicolas Maduro said , “ The Cuban revolution is a paradigm of dignity for all the people of Latin America and the Caribbean , waging anti - imperialist struggles for justice , independence and self - determination of the people . ” IN DEPTH : Cuba 's Revolution Enters New Phase In the 57 years of its revolutionary process , Cuba has managed to eradicate extreme poverty and hunger , achieve universal primary education , promote gender equality and women 's empowerment , as well as reducing the mortality rate of children under five . WATCH : Cuban Revolution The Venezuelan government praised the “ admirable struggle of resistance ” in Cuba , which over more than five decades has fought to liberate Cubans from “ the largest empire known to humanity , ” without falling victim to U.S.-backed attempts to sabotage the process with the more than 50-year blockade and “ constant conspiring . ”",artifactexistence.damagedestroy.n/a
nw_RC935056e6b0455dfc836ac130573484031e0cfec335b0db95e958ea88,"Trigger: tortured
Document: Carsten Koall / Getty Images 9/10 Dawood al - Marhoon was arrested aged 17 for participating in an anti - government protest . After refusing to spy on his fellow protestors , he was tortured and forced to sign a blank document that would later contain his ‘ confession’ . At Dawood ’s trial , the prosecution requested death by crucifixion while refusing him a lawyer . Getty Images",life.injure.injurycausedbyviolentevents
nw_RC1b9fbbf5ab6361cf1c411eeb44ddca30d5f5cbf21698f1da35691b35,"Trigger: urged
Document: Merkel says Germany “ considers its support for Iraq against the so - called IS not just as military but also as humanitarian , such as by taking in refugees . ” Merkel has faced growing criticism in her country for allowing an unprecedented number of asylum seekers — almost 1.1 million last year — to enter Germany . In her weekly video podcast Saturday , she urged refugees from Iraq and Syria to integrate in the country and learn German . But she also says refugees are being taught transferable skills that will help them rebuild their home countries when peace returns . Merkel backed calls for better protection of the European Union ’s external borders .",contact.requestadvise.correspondence
nw_RC4ca86423721b94c80d633a480d76d3ec3ddfaaa9a424dd768e6bfeeb,"Trigger: commandeered
Document: A recent opinion poll showed two thirds of Turks agree with their president that Gulen was behind the coup plot . Turkey has been holding almost daily mass rallies since July 15 in support of democracy and the government and against the plotters . Authorities have suspended , detained or put under investigation tens of thousands of people in the armed forces , the judiciary , civil service and elsewhere since the coup , in which a faction of the military commandeered warplanes , helicopters and tanks in an attempt to topple the government . On Tuesday Bozdag put the number of people now formally arrested awaiting trial at 16,000 , adding that a further 6,000 detainees were still being processed . Another 7,668 people are under investigation but have not been detained , he said .",conflict.attack.stealrobhijack
nw_RC21d04bceda5c9b513386a9ad9f4a0eb7e52cfcca6ab11897112e5d18,"Trigger: inspecting
Document: During the TV interview he explained how a hardware and software engineer could go about retrieving the data on the phone . As Ars Technicha pointed out , a similar technique to the one described by McAfee could potentially prove successful , but would be immensely risky . By manually inspecting the handset ’s processor using acid and lasers , hackers could figure out the device ’s unique hardware ID and try to combine it with the each of the PIN numbers to try and find the right one . In addition to being incredibly complex and expensive , if such a technique was done incorrectly the data on the phone could be permanently destroyed . For McAfee , how the iPhone is hacked is beyond the point .",inspection.sensoryobserve.physicalinvestigateinspect
nw_RC948266da677a8ea415695816503143906a7c9c29bc2b3c18695f9251,"Trigger: telephone
Document: We checked with Scott Clement , polling manager at The Washington Post . He cited four polls that have been completed on the debate between Trump and Hillary Clinton at Washington University in St. Louis on Oct. 9 . Clement said that the best - quality post - debate poll so far was CNN ’s immediate post - debate survey , which was conducted by calling back respondents to its previous national telephone survey who said they would watch the debate . That survey was conducted among a national random sample of cellular and landline phones , so it has the best claim of representativeness . The result ?",contact.collaborate.correspondence
nw_RCd088c8e7f040cb9469c8dc5bfa238b9bcacd5193a395e7c92b708e02,"Trigger: meet
Document: The encounter will be the first face - to - face contact between the two men since Washington bitterly broke off bilateral diplomatic contact with Moscow over the Syrian war earlier this month . A brief cease - fire in Syria that was brokered by Russia and the United States collapsed last month . Lavrov and Kerry will meet in the Swiss city of Lausanne , according to a Wednesday statement by the Russian Foreign Ministry . CBS News correspondent Elizabeth Palmer reported from inside Aleppo that kids are usually among the victims of the Russian and Syrian strikes , making life a hell for the few families left in the city . The U.N. and Doctors Without Borders are pushing for a ceasefire -- even a temporary one -- to allow the evacuation of seriously wounded people from besieged Aleppo .",contact.discussion.meet
nw_RC0510266ed701ad0564b1556696777d9f985c590000d63facb33319f5,"Trigger: recruits
Document: The company allegedly recruits men online through military - themed chatrooms . In a record of one such conversation obtained by Sky News , a man reaches out to Wagner and answers a few basic questions about his physical fitness and any potential legal issues before being asked to "" come to Molkino , "" a small town that 's home to a special forces base . According to Alexander , Wagner is n't highly selective when it comes to recruits , but the training , which lasts for a month or two , is intense , and how the men end up serving depends on their level of military experience . The two men said authorities are covering up the deaths by reporting the men as missing , or having their records say they died elsewhere . Dmitry , who is now back in Moscow and says he 's one of about 50 former Wagner troops in the city , gave up his personal identification when he signed up to serve .",personnel.startposition.hiring
nw_RC815df6807b7bd3b75d38b8cf9cf60d4d6e2652c2a8cc7c24514792ab,"Trigger: advocated
Document: Fifteen days into Ravel ’s tenure as chairwoman , former Koch brothers money man Sean Noble wrote an op - ed for the conservative site Townhall titled “ FEC ’s Latest Rule Regulating Online Speech Is Akin to Book Burning . ” Noble ’s article attacked the improbable specter of a regulatory framework that would require anyone discussing politics on the internet to register with the FEC . Such a framework might indeed reduce the amount of free speech conducted on the internet , hence “ book burning . ” In an email , Noble wrote that requiring the disclosures that Ravel advocated for would stifle free speech , and more generally , that “ we have less political and public policy speech in the U.S. than we should because of regulations . ” He continued : Requiring a blogger , stay - at - home mom , or college student to register with a government agency in order to write about candidates or political issues would have a chilling effect on free speech . If the goal of the FEC is to “ get money out of politics”—which is an absurdity — this proposal actually goes in the opposite direction .",contact.requestadvise.meet
nw_RCf4362e54aaf9c429c5997bfc8eed709937ee111278063391c20e337d,"Trigger: embargo
Document: President Obama announced the United States is lifting its embargo on sales of lethal weapons to Vietnam . ( Linh Pham / Getty Images ) China warned President Obama on Tuesday not to spark a fire in Asia after he announced the lifting of a long - standing embargo on lethal arms sales to Vietnam . Obama unveiled the historic step on Monday during his first visit to Vietnam , insisting the move was “ not based on China ” while simultaneously acknowledging that Washington and Hanoi share a common concern about China ’s actions in the South China Sea . Beijing , not surprisingly , was unimpressed .",transaction.transfermoney.embargosanction
nw_RCbd9a31c91b06af57b953267f04f8c95f3a44a38173afd8c62a7386d8,"Trigger: burial
Document: “ We can look at possible illnesses , and perhaps determine the cause of death , ” Jungklaus says . “ Children are always the weakest link – they’re the first victims when the environment or living situation changes . ” While the infant burial is remarkable , the body of a young man found nearby has excavators puzzled – and excited . Buried more than 1,000 years after the infant , the man was entombed standing up , together with bone tools and flint knives . The man ’s skeleton suggests he lived a pretty easy life .",contact.funeralvigil.meet
nw_RC9d1b375cd2f350d644442f90cc0fd07bc4e2c17845050db0a92b1da6,"Trigger: ousted
Document: The buyer was Russian fertiliser billionaire Dmitry Rybolovlev , who was reported in the Panama Papers leaks to have used offshore law firms to hide more than $ 2bn - worth of art works , including pieces by Picasso , Van Gogh and Leonardo , from his wife in advance of their divorce . Yanukovych , Gazprom and more Facebook Twitter Pinterest Viktor Yanukovych used to employ Paul Manafort , Trump ’s campaign manager before being ousted as Ukrainian president in 2014 . He is now exiled in Russia . Photograph : Ivan Sekretarev / AP",personnel.endposition.firinglayoff
nw_RCf0c32e1b01d334bbd7330caed6cc351ac1d49cf00f43d5582a699b79,"Trigger: export
Document: By By Kesavan Unnikrishnan Mar 13 , 2016 in Environment A newly released government document says the Canadian government is spending $ 2.5 million to monitor the annual commercial seal hunt , the largest marine mammal cull on the planet , which had an export value of only $ 500,000 . Commercial hunt has shrunk in recent years as major export markets such as the European Union , the United States and Russia have banned import of seal - fur products over animal - welfare concerns . Still , more than 38,000 seals were killed in the year 2015 .",movement.transportartifact.sendsupplyexport
nw_RC2e2a140de55c4bd033fcdcee631d6ad461db17253ac013d0c630c51b,"Trigger: coup
Document: In pictures : Turkey coup attempt 17 show all In pictures : Turkey coup attempt 1/17 Turkish President Erdogan attends the funeral service for victims of the thwarted coup in Istanbul at Fatih mosque on July 17 , 2016 in Istanbul , Turkey Burak Kara / Getty Images 2/17 Soldiers involved in the coup attempt surrender on Bosphorus bridge with their hands raised in Istanbul on 16 July , 2016 Gokhan Tan / Getty 3/17 A civilian beats a soldier after troops involved in the coup surrendered on the Bosphorus Bridge in Istanbul , Turkey , 16 July , 2016 REUTERS / Murad Sezer",conflict.attack.selfdirectedbattle
nw_RCbe483fbf0d61def55de037931b7db199cb71a53c2cb104120d33c96d,"Trigger: auction
Document: “ Then Elites runs for president . Why run for president when already control country like dictatorship ? ” “ We want make sure Wealthy Elite recognizes the danger cyber weapons , this message , our auction , poses to their wealth and control . Let us spell out for Elites , ” the group added . “ Your wealth and control depends on electronic data . ”",transaction.transferownership.n/a
nw_RC7d1a0ac937957799c106efa7b68209c134ece6dcf1f5cc53f6f671d6,"Trigger: professed
Document: Because Stalin ’s purges and the reign of terror he invoked throughout Soviet society are actually pretty natural outgrowths of a system that puts too much power in the hands of too few people . That ’s why . The current professed yearning for socialism — a system so conducive to corruption , cronyism , censorship , and coercion — just keeps rearing its ugly head . Yet the current professed yearning for socialism — a system so conducive to corruption , cronyism , censorship , and coercion — just keeps rearing its ugly head . One case in point is the open support for Stalin himself in today ’s Russia .",contact.publicstatementinperson.n/a
nw_RC83ecedfedf2351aba86b9489d8fe5021c97ffa26d9d5d00c9d1185f4,"Trigger: suggest
Document: For decades , wages of the middle and working classes have remained stagnant in the United States while the top earners have seen their wages grow exponentially . In the United States since the 2008 recession , nearly 99 percent of all new generated income has gone to the wealthiest 1 percent of Americans . Current trends suggest these enormous disparities in wealth are expanding . Amid calls for reform to redistribute wealth in the United States to the middle and working classes , criticism has mounted , stereotyping such reforms as "" handouts , "" "" free stuff "" or "" socialist . "" What these criticisms of proposed reforms for wealth inequality fail to recognize is that socialism for the wealthy not only exists , but is prevalent throughout our current system of government in the form of corporate socialism .",contact.requestadvise.meet
nw_RC896a03096a7846b4c75befc0fdedb21d79510ab616a4661c5877c42d,"Trigger: advised
Document: Priess said “ it ’s possible ” that a candidate would receive “ a more generic ” briefing , but the point of the modern - day information session is to ensure that a candidate does n’t say anything that would damage foreign policy on the campaign trail – or box him or her in should the candidate win . Briefings do not include information about espionage , covert actions or nuclear information . "" Candidates are advised of the classified nature of the material , and operational and policy matters are not addressed , "" an intelligence official familiar with the matter told NBC News . Gov. Michael Dukakis said the two briefers who came to his home during his 1988 presidential run were then CIA Director William Webster and Robert Gates , then Deputy Director of the CIA .",contact.requestadvise.meet
nw_RCc61401d39b51d453bcb2aac14a9c32dbf432d0ff3df2928d5fcbb5ea,"Trigger: urged
Document: Human Rights Watch and other groups have previously accused Saudi Arabia of using cluster munitions in Yemen , including in a Jan. 6 strike in Sana , the capital , and have criticized the United States as an accomplice . Advertisement Continue reading the main story In a Jan. 12 letter to President Obama , Megan Burke , the director of the Cluster Munition Coalition , a disarmament group , urged him to “ demand that Saudi - led coalition members stop using cluster munitions , ” and said the United States “ should investigate its own role in the recent strikes . ” Newsletter Sign Up Continue reading the main story Please verify you 're not a robot by clicking the box . Invalid email address .",contact.requestadvise.n/a
nw_RC3712a4c9c4bad28320baaa0fb1f91a546d2ff4f3f9e6c9309ddcf3a7,"Trigger: inspecting
Document: Billado recalled Trump saying something along the lines of , “ Do n’t worry , ladies , I ’ve seen it all before . ” According to CNN , Trump has also joked about it being his obligation to sleep with pageant contestants and how he was allowed to walk freely into their dressing room because he was the owner . “ Well , I ’ll tell you the funniest is that before a show , I ’ll go backstage and everyone ’s getting dressed , and everything else , and you know , no men are anywhere , and I ’m allowed to go in because I ’m the owner of the pageant and therefore I ’m inspecting it , ” Trump said in an interview on The Howard Stern Show . “ You know , they ’re standing there with no clothes . ‘ Is everybody okay ? ’ And you see these incredible looking women , and so , I sort of get away with things like that ” he said .",inspection.sensoryobserve.inspectpeopleorganization
nw_RCa1c7e10ccd2d795acb7009abf1909b17edce3adaa20188a6c531a977,"Trigger: incarcerate
Document: He even suggested that one leaked email , where a Politico columnist asked Podesta to fact - check part of a story he was writing , was evidence this is “ a media - rigged election . ” Unlike Clinton , Trump ’s polling numbers have only nosedived for the last two weeks since The Washington Post reported he once bragged about grabbing women “ by the pussy ” without their consent . In the last presidential debate , he promised to try to incarcerate Clinton if elected and tried to make an issue out of Bill Clinton ’s past sexual misconduct . He also said he had never sexually assaulted anyone — a remark that prompted ten women to publicly accuse him of sexual misconduct . His campaign ’s circumstances have only grown more dire since then , which means he ’s likely to feel completely liberated on the debate stage .",movement.transportperson.preventexit
nw_RC585bc4a22d608c41b3dbd3ff16654e8dd004e30e99a9557abc6ff62c,"Trigger: torture
Document: Four months of Russian air strikes have tipped momentum Assad 's way . With Moscow 's help and allies including Lebanon 's Hezbollah and Iranian fighters , the Syrian army is regaining areas on key fronts in the west . United Nations investigators called for new sanctions on Syrian officials as well as leaders of the two most hardline rebel groups , Islamic State and the Nusra Front , accusing the three of mass killings , torture and disappearances of civilians in custody . Speaking in Ankara , Merkel , under fire at home over the refugee crisis , said Europe needed to follow up quickly on pledges of aid to help Turkey cope with the Syria exodus , and also urged Ankara to act fast to improve the situation for refugees . ( Additional reporting by Nick Tattersall in Istanbul , Yesim Dikmen and Ercan Gurses in Ankara and Stephanie Nebehay in Geneva ; writing by Suleiman al - Khalidi and Philippa Fletcher ; editing by Peter Graff and Pravin Char )",life.injure.injurycausedbyviolentevents
nw_RC1d87ba6454e56a11a32269793522b6c76d5f232492648441d1f6bbd2,"Trigger: recruiting
Document: Among the 150 posters up for grabs are three thought never to have made it into production featuring Adolf Hitler , Nazi spin doctor Joseph Goebbels and Luftwaffe chief Hermann Goerring . It is thought the designs were blocked from print because Brits might not have recognised the enemy leaders and might have taken the messages to "" take time off "" literally . Play slideshow PenzanceAuctionHouse / BNPS 1 of 16 A fascinating archive of iconic World War Two recruiting posters , some which have never been seen before has emerged for sale for £ 10,000 . The team can be seen examining bullets , scraps of tents and personal items such as shoes ; many of which appear to be dated and marked with the swastika . In a statement , Evgeny Ermolov , a senior researcher at the Russian Arctic National Park said : “ Before it was only known from written sources , but now we also have real proof . ” All the objects found will now be taken back to the Russian mainland , where the researchers hope they can be archived , studied , and eventually put on display for the public .",personnel.startposition.hiring
nw_RC11230b9aacaeffaf6cdd2ad4030fab40218dd2bca16b3bc867c1603f,"Trigger: bought
Document: In recent years , they never seemed to touch each other or exchange intimate remarks in public . They had become less like man and wife and more like two ambassadors from different countries , each with a separate agenda . The Trumps had bought Mar - a - Lago only a few months earlier , but already they had become Palm Beach curiosities . Across the road was the Bath and Tennis Club , “ the B and T , ” as the locals called it , and it was said that the Trumps had yet to be invited to join . “ Utter bullshit !",transaction.transfermoney.purchase
nw_RC9d594a40e77ffbd7e8f46300b670447bdd50d26435ec6ab33ede6e41,"Trigger: punched
Document: I will pay for the legal fees . I promise . "" The next month , he said he was looking into paying the legal fees of a man who had sucker - punched a protester at a Trump rally . But when Trump was challenged on his apparent incitement to violence , he insisted that he ’d never offered to pay for the man ’s legal fees . A president who refuses to admit mistakes would be a disaster",life.injure.injurycausedbyviolentevents
nw_RCbc34d0ee94fe29af2fd9a3fdf5f45d8d5739ad90b8b070e11e50fc96,"Trigger: sanctions
Document: “ That does n’t mean that they ’re going to take action sooner or later . ” The administration insists it has improved its ability to respond quickly to cyberattacks , and officials increasingly say they support publicly calling out foreign nations that hack the United States . One administration official noted that it took just five weeks for President Barack Obama to impose economic sanctions against North Korea in response to the destructive late-2014 hacking of Sony Pictures . Yet current and former officials acknowledge that constructing a public response is n't an instant task . Merely preparing a declassified explanation of who perpetrated an attack or readying economic sanctions takes weeks .",transaction.transferownership.n/a
nw_RCe2171080d114a4a6bbdf2893c74530c7da7ceccd1901a407401be6aa,"Trigger: imprisoned
Document: This number is consistent with a long - term trend of declining violent crime in Maryland during O'Malley 's time in office , from 2007 - 2015 . But Maryland 's drop in the number of violent crimes reported also coincided with a national drop in violent crime reported by the FBI in the same period . Meanwhile , O'Malley argued that his state - level policies helped reduce the rate of those imprisoned to a 20-year low . The Bureau of Justice Statistics listed Maryland 's imprisoned population at 19,977 in 1992 . By 2002 , that number had jumped to 24,162 , but by 2012 , the number imprisoned had dropped to 22,558 .",movement.transportartifact.preventexit
nw_RC03a8d123c6167de26fb5bd617942f690d413dd14ec651b427f23be14,"Trigger: murder
Document: Investigators say nanny killed young girl and set flat on fire before being detained at metro station Police have detained a nanny on suspicion of murder after she was found at a Moscow metro station holding the severed head of a child . The woman , believed to be from central Asia , can be seen in video footage holding up what appears to be a severed head near Oktyabrskoye Pole station in north - western Moscow . In the video she is covered in black except for her face and she can be heard shouting “ for a terrorist , for your death ” .",life.die.deathcausedbyviolentevents
nw_RCbb3fc8eb7a8b383475ed09950481826b272e488b01e195facb261e38,"Trigger: assailing
Document: It later came out that more than 900 of the 1,600 seats were given to local and national GOP officials . ( Trump mentioned during the debate that he had only his wife and son there in comparison , but few picked up on what he was saying . ) Pundits , meanwhile , lined up to congratulate Jeb for "" assailing "" Trump – "" Bush is finally going for it , "" The New York Times wrote – but the exchange really highlighted many of the keys to Trump 's success . Trump had said things that were true and that no other Republican would dare to say . And yet the press congratulated the candidate stuffed with more than $ 100 million in donor cash who really did take five whole days last year to figure out his position on his own brother 's invasion of Iraq .",conflict.attack.n/a
nw_RCfbc7959674c015926e380fecc1a69b7a42e037f52c94c130c0f94f05,"Trigger: stabbing
Document: In a video posted on social media by the Activestills collective photo agency , Israeli soldiers are seen hitting Palestinians with batons , throwing sound grenades , firing tear gas canisters and threatening to "" use force "" . READ MORE : Israel 's stop - and - frisk law ' blatant racism ' In the southern West Bank city of Hebron , a Palestinian woman was shot dead by Israeli forces during an alleged stabbing attempt , Israeli police spokesman Micky Rosenfeld wrote on Twitter . Outside Otniel , a nearby illegal Israeli settlement , an Israeli man died and three of his relatives were injured when their car flipped after allegedly coming under fire by a Palestinian assailant on Friday afternoon , Israeli media reported . Although unable to comment on the Qalandia clashes , an Israeli army spokesperson told Al Jazeera the three people injured in the crash near the settlement were evacuated to a hospital .",conflict.attack.stabbing
nw_RC1a6063ba4e210b574e1d2191b96a2cd218d5ab570257744f53492d91,"Trigger: reimbursed
Document: It ’s not all bad . Kaine was n’t arrested for protesting like Sanders , but he fought for civil rights through legal channels . He achieved a multi - million dollar settlement from big insurance for discriminatory practices , and after he fell under criticism for using $ 6000 in public funds as Mayor of Richmond to support bussing for the Million Mom March , he raised the funds privately and reimbursed the city . Kaine left Harvard law school for a year to teach carpentry and welding — his father ’s trade — to impoverished Hondurans as a missionary . Kaine signed an executive order to ban smoking in Virginia federal buildings and cars , in stark contrast to cigarette truther Mike Pence Mike ( Michael ) Richard PenceDems threaten to gum up Senate over ' secret ' ObamaCare bill This week : Senate plots path on healthcare Pence family adopts new kitten , puppy MORE .",transaction.transfermoney.payforservice
nw_RCade9553b183385dad41c9da80c8dfb2c541d8c55244f1bb3f8793f9a,"Trigger: stumble
Document: Instead of spending a trillion dollars creating a new generation of nuclear weapons and modes of delivery , it ’s time to instead change direction here and move as quickly as humanly possible towards nuclear disarmament . And instead of blaming the Russians , we need to acknowledge it was actually the Russians who tried to engage us in a nuclear disarmament process , again , several decades ago . We need to revive that proposal , take them up on it and move to nuclear disarmament — excuse me — as quickly as we possibly can , because this is sitting on an absolute catastrophe into which we could stumble at any point , particularly given the crazy circular firing squad that ’s taking place now around Syria , where there are so many allies at cross - purposes with each other that any of us could be dragged into a larger , full - scale , and even nuclear , war at any moment . And it ’s important to remember , not only is this a trillion dollars which has been proposed — actually , is underway , a trillion dollars ’ worth of spending over the next decade and a half , approximately , on new nuclear weapons , but let ’s look at our whole war budget , which is half of our discretionary budget . Nearly half of your income taxes are going to pay for these absolutely catastrophic wars .",movement.transportperson.n/a
nw_RC87a73555c6f54f1e8a4d767c75f8469c6f3eb03b6948ae32e8a49383,"Trigger: land grabs
Document: They are backed up by a "" Spearhead Force "" -- officially the "" Very High Readiness Joint Task Force "" -- which numbers about 5,000 troops ready to move within a couple of days . - ' Feeling of intimidation ' - NATO has been working to prevent a repeat of Russia 's Ukraine intervention and annexation of Crimea in 2014 , with former Soviet - bloc members anxious they could be vulnerable should Moscow attempt additional land grabs . The alliance has mounted a series of exercises , especially in the eastern member states , to test readiness levels and reassure nervous allies , and it has also deployed extra aircraft to boost air policing , especially over the Baltic states . Further south , NATO is increasingly focusing on alliance members Romania and Bulgaria as they cast a wary eye across the Black Sea , where the Russians are building up their military presence .",transaction.transaction.transfercontrol
nw_RCc558916f7bb6824417bdb9b2f90963fc2010737869490c0edcc1f282,"Trigger: investigation
Document: A spokesperson for Mr Trump said the businessman "" has personally donated.tens of millions of dollars ... to charitable causes "" . The Independent has contacted the Trump Foundation for further comment . The Foundation is currently under investigation by the New York Attorney General , Eric Schneiderman , over alleged legal breaches and possible “ self - dealing ” – the illegal act of charity leaders using donations to further their own interests . Sources also described to the Post how Mr Trump allegedly gate - crashed a charity event at a school for children with HIV , despite never having donated a penny to the charity . Organisers said he had turned up unannounced and sat in the seat of another businessman , Steven Fisher , who had been a prominent donor to the charity .",justice.investigate.n/a
nw_RC013c8e78b7e8a4fb22193483877058f712dfd8b75b7a06d950de0b8f,"Trigger: slaughtered
Document: I thought , wow , it must be a replica , ” he said . The man says he heard the perpetrator shouting : “ Allahu Akbar … The Russians will be hanged like this . The Russians will be slaughtered . ” The woman was dressed in black “ like Muslims , ” but her face was open , Manzhesov recalled . “ I thought she just went mad … When I saw the head I started shaking … I saw the child ’s face and blood coming from it .",life.die.deathcausedbyviolentevents
nw_RC70216b3c61179c10493f217ca986d04dc1609352ad471c4b5a853246,"Trigger: attack
Document: HILLARY CLINTON : Whew , OK . Let’s — let ’s talk about two important issues that were briefly mentioned by Donald . First , NATO . You know , NATO , as a military alliance , has something called Article 5 , and basically it says this : An attack on one is an attack on all . And do you know the only time it ’s ever been invoked ? After 9/11 , when the 28 nations of NATO said that they would go to Afghanistan with us to fight terrorism , something that they still are doing by our side .",conflict.attack.selfdirectedbattle
nw_RC97ebd3bb80eda544109f69e93e0de6ca065e43cb7477c52747896929,"Trigger: immigration
Document: “ With all due respect to Ethiopia , I do n’t know of any contributions that Ethiopia has made to the making of America . ” Story Continued Below President Lyndon Johnson , hoping to tamp down concerns about the immigration act at a time when Congress was engaged in an even more ferocious debate over the voting rights act , sought to downplay the implications of the proposed immigration law : “ This bill that we will sign today is not a revolutionary bill , ” he said upon signing it . The president , like many other of the law ’s supporters , sincerely believed that Europeans were most likely to take advantage of less stringent U.S. immigration policy . He was wrong .",inspection.sensoryobserve.physicalinvestigateinspect
nw_RC88a2745712d68f232e500647dee03ed3ee04a2b5d820ff556ec7ecca,"Trigger: unloading
Document: Image copyright AFP Image caption The UN 's secretary general denounced the attack as "" savage and apparently deliberate "" Analysis of satellite imagery taken after a deadly attack on an aid convoy in northern Syria last month shows that it was an air strike , a UN expert says . At least 18 people were killed when lorries unloading at a Syrian Arab Red Crescent warehouse in a rebel - held town outside Aleppo came under fire . The US believes Russian warplanes bombed the convoy . Russia , which backs Syria 's government , denies the charge .",movement.transportperson.n/a
nw_RC4105484e18162dbb39d3b0ad86f128995fe64e76af56672fc3f13fa8,"Trigger: assassinated
Document: A second rebel familiar with the preparations said around 1,500 fighters were now gathered at a location in Turkey to take part . "" The plan is to take Jarablus and expand south ... so as to abort any attempt by the Kurds to move north ... and so that Kurds do n't take more villages , "" he said . The leader of the newly declared "" Jarablus military council "" , set up with the aim of mounting its own campaign to seize Jarablus with SDF support , was assassinated on Monday , the Observatory said . A Kurdish official said two "" agents of Turkey "" had been detained over the killing . ( Additional reporting by Suleiman al - Khalidi in Amman , Daren Butler and Asli Kandemir in Istanbul , Umit Ozdal in Karkamis , Turkey and David Alexander and Arshad Mohammed in Washington ; Editing by Dominic Evans and Alistair Bell )",life.die.n/a
nw_RCee6368eaf433d9d617b87debc0eb96851b71b3feb50bd637fab81643,"Trigger: funded
Document: Likewise , only Bernie Sanders has a strong movement on social media , but through flooding the internet with fake Clinton support , one can make it harder for the opposition to organize , and distort the impressions of how people actually feel ( which will inevitably end up filtering into the resulting media coverage ) . This well - funded astroturfing campaign is not the only way the realities of social media have been manipulated to create favorable impressions of Clinton ; an entire media narrative sprang up based on false instances in which Bernie Sanders supporters were supposedly engaged in acts of mass , coordinated harassment . But whereas that was done by individual Clinton - supporting journalists , the astroturfing efforts are being funded on a large scale with the approval of the campaign itself . Of course , ordinarily a campaign is n’t technically responsible for the actions of an independent SuperPAC . After all , SuperPACs are limited by rules that prohibit coordinating with the candidates themselves .",transaction.transaction.giftgrantprovideaid
nw_RC0ccd250f6e31880fd13270162f8a28e1ca2b45813101c34ff93278e7,"Trigger: capitulation
Document: The chances of intentional conflict are real , as is the possibility of an unintended clash escalating . At the same time , Syria is not essential to the national security of Russia or the United States . It is not without importance , but a defeat or capitulation there will not change the balance of power between them at all . It would of course affect psychological and political perception , but in the long run , perception ultimately comes down to substantial military and economic power . The United States can afford to back off .",conflict.yield.surrender
nw_RC5c856e2e4798092ea0a85cc0b58ca3b8b015fd13b1c46d944794f1cd,"Trigger: sanctions
Document: “ That does n’t mean that they ’re going to take action sooner or later . ” The administration insists it has improved its ability to respond quickly to cyberattacks , and officials increasingly say they support publicly calling out foreign nations that hack the United States . One administration official noted that it took just five weeks for President Barack Obama to impose economic sanctions against North Korea in response to the destructive late-2014 hacking of Sony Pictures . Yet current and former officials acknowledge that constructing a public response is n't an instant task . Merely preparing a declassified explanation of who perpetrated an attack or readying economic sanctions takes weeks .",transaction.transferownership.embargosanction
nw_RC025c3959602c4d362a536e0e74204fded41a6b1b3706d29e42a014b7,"Trigger: wrecking
Document: Assad ’s recent military advances around Aleppo – Syria ’s second city – have largely been enabled by the ferocity of Russian airstrikes against opposition positions . There is scepticism that the ceasefire will hold due to the difficulties in marking out what territory is covered , and the way in which some opposition groups are interwoven with al - Nusra Front . The Syrian government stressed the importance of sealing the borders , halting foreign support to armed groups and “ preventing these organisations from strengthening their capabilities or changing their positions ” , in order to avoid wrecking the agreement . Assad believes Turkey has acted as a supply line for foreign fighters supporting both the “ moderate ” opposition and Isis . Turkey has welcomed the ceasefire plan , but is under pressure from the UN to allow entry to tens of thousands more refugees massed on the Syrian border .",artifactexistence.damagedestroy.n/a
nw_RC4ca8d1aeb1113d96eaefbb0a2f88288a6ceddbcde668d2caadf0e189,"Trigger: assassinate
Document: We must keep in mind that food is a human right ( although the United States has repeatedly denied this . Washington maintained a blockade of goods and money entering Cuba that is still going strong , a blockade that President Clinton ’s National Security Advisor , Sandy Berger , in 1997 called “ the most pervasive sanctions ever imposed on a nation in the history of mankind ” . Attempted to assassinate Cuban president Fidel Castro on numerous occasions , not only in Cuba , but in Panama , Dominican Republic and Venezuela . In one scheme after another in recent years , Washington ’s Agency for International Development ( AID ) endeavored to cause dissension in Cuba and/or stir up rebellion , the ultimate goal being regime change . In 1999 a Cuban lawsuit demanded $ 181.1 billion in US compensation for death and injury suffered by Cuban citizens in four decades “ war ” by Washington against Cuba .",life.die.deathcausedbyviolentevents
nw_RC2bbd630fe275996128ef4e99d76f9f297fdf01da65d71b52c7598822,"Trigger: charge
Document: If ever there was a case that an information democracy is preferable to an information oligarchy , then this is it The nutritional establishment has proved itself , over the years , skilled at ad hominem takedowns , but it is harder for them to do to Robert Lustig or Nina Teicholz what they once did to John Yudkin . Harder , too , to deflect or smother the charge that the promotion of low - fat diets was a 40-year fad , with disastrous outcomes , conceived of , authorised , and policed by nutritionists . Professor John Yudkin retired from his post at Queen Elizabeth College in 1971 , to write Pure , White and Deadly . The college reneged on a promise to allow him to continue to use its research facilities .",justice.initiatejudicialprocess.chargeindict
nw_RC162f1d9b51a329f847363a523d48b919a45953e08cb3d53416747f44,"Trigger: acquire
Document: "" It has no legitimate use today , "" said Weber at the Arms Control Association conference . "" We do n’t need nuclear weapons in the megaton plus range of yield . "" Senators McCain and Corker disagree with this assessment , calling for a flood of new taxpayer dollars to acquire more nuclear weapons with greater yield . A recent poll shows John McCain losing his reelection bid for a sixth term in the US Senate to upstart Democratic Congresswoman Ann Kirkpatrick by two points , signaling that Arizona voters no longer care for the war hawk ’s apocalyptic foreign policy agenda .",transaction.transfermoney.purchase
nw_RC0bf407184ccba5f8150e8fd84e88a72571505c01413a647ea959446b,"Trigger: auction
Document: The files posted over the weekend include two sets of files . The hackers have made one set available for free . The other remains encrypted and is the subject of an online auction , payable in bitcoin , the cryptocurrency . That set includes , according to the so - called Shadow Brokers , “ the best files . ” If they receive at least 1 million bitcoin — the equivalent of at least $ 550 million — they will post more documents and make them available for free . The set of files available for free contains a series of tools for penetrating network gear made by Cisco , Juniper , and other major firms .",transaction.transfermoney.purchase
nw_RC7739320166e6966082f96f886777475f7cde96a6a6a93b0e409fcdc0,"Trigger: meeting
Document: Echoing Erdogan ’s criticism of the West , Prime Minister Binali Yildirim on Tuesday repeated a pledge to bring Gulen back to Turkey . “ That terrorist leader will come to Turkey and pay for what he did . We will hold him accountable for the blood of our martyrs and veterans , ” Yildirim told a meeting of his ruling Islamist - rooted AK Party in parliament . “ That religious , impudent , lying , bloody murdering nothing will be surely held accountable . ” NATO member Turkey hosts American troops and warplanes at its Incirlik Air Base , an important staging area for the U.S.-led fight against Islamic State militants in neighboring Iraq and Syria .",contact.discussion.correspondence
nw_RCefa2de7a1aa50aa382e84cc74e2d52c4521457fa45801161d2679fad,"Trigger: incarcerate
Document: He even suggested that one leaked email , where a Politico columnist asked Podesta to fact - check part of a story he was writing , was evidence this is “ a media - rigged election . ” Unlike Clinton , Trump ’s polling numbers have only nosedived for the last two weeks since The Washington Post reported he once bragged about grabbing women “ by the pussy ” without their consent . In the last presidential debate , he promised to try to incarcerate Clinton if elected and tried to make an issue out of Bill Clinton ’s past sexual misconduct . He also said he had never sexually assaulted anyone — a remark that prompted ten women to publicly accuse him of sexual misconduct . His campaign ’s circumstances have only grown more dire since then , which means he ’s likely to feel completely liberated on the debate stage .",movement.transportartifact.preventexit
nw_RCb00cc3cdb1fd318d0c6e5948483f86644142420cd19c83df73e2bc3b,"Trigger: trials
Document: The party can not be saved , but the country still can be . "" Learning to love Big Brother : "" There are those who merely hope to survive . Their consciences wo n’t let them curry favor so shamelessly , so they mumble their pledges of support , like the victims in Stalin 's show trials , perhaps not realizing that the leader and his followers will get them in the end anyway . "" Bonus Greek drama : "" When the plague descended on Thebes , Oedipus sent his brother - in - law to the Delphic oracle to discover the cause . Little did he realize that the crime for which Thebes was being punished was his own .",justice.initiatejudicialprocess.trialhearing
nw_RC2e170091f91bf95477ed6348bfdde3185ee4decbfde879d7e9732e75,"Trigger: surrendering
Document: It is not the first time Russian officials have suggested that certain chapters of Russian history are sacred . In January 2014 , independent liberal broadcaster Dozhd TV came under attack . It was accused of smearing the memory of WW2 veterans by asking whether residents of wartime Leningrad could have been saved by surrendering the city to Nazi forces . Image copyright Kommersant Image caption "" Citing Nuremberg "" - a court ruled that blogger Vladimir Luzgin was guilty of denying facts established by the Nuremberg Trials The public discussion of WW2 history has also been curbed by a controversial 2014 law against the rehabilitation of Nazism .",conflict.yield.surrender
nw_RC63a3f12a64e4c14ed0cb489d6e34787bfec8d0785235c571e0ad6c13,"Trigger: convicted
Document: Argentina Mauricio Macri , president of Argentina ( 1 ) Georgia Bidzina Ivanishvili , former prime minister of Georgia Iceland Sigmundur Davíð Gunnlaugsson , Anna Sigurlaug Pálsdóttir , Iceland ’s prime minister Iraq Ayad H. Allawi , former prime minister of Iraq Jordan Ali Abu - Ragheb , former prime minister of Jordan Qatar Hamad Jassim J.M. Al Thani , former prime minister of Qatar Qatar Sheik Hamad Bin Khalifa Bin Hamad Al Thani , Emir of Qatar Saudi Arabia H.R.H. Prince Salman , King of Saudi Arabia Sudan Ahmad al - Nirghani , former president of Sudan United Arab Emirates Sheikh Khalifa Bin Zayed Bin Sultan Al Nahyan , president of the United Arab Emirates and Emir of Abu Dhabi ( 2 ) Ukraine Pavlo Lazarenko , former prime minister of Ukraine , convicted of money laundering , fraud and extortion Ukraine Petro Poroshenko , president of Ukraine ( 3 ) 2 3",justice.judicialconsequences.n/a
nw_RC4ef9388a339870230f5d5d49f2941f0093cc2deb94ecabd6d069c055,"Trigger: annex
Document: His support of Trump is not a surprise for me because he wants to see an alternative world and he wants to be a world leader . And obviously , with Trump , it will be much easier for Putin to execute his internal and external policies — and quite brutal ones . When Mr. Trump says he would n't support NATO allies , such as the Baltic countries , this would give Putin much more freedom to annex those territories . Trump talks about making America great again — taking it back to an earlier time when things were supposedly better . Does Putin have any of that ?",government.formation.mergegpe
nw_RC3806c890618dd17ce5350a20ea1a3552168bafe4ce8cc985ae8cca18,"Trigger: shipment
Document: Oil prices have dropped below $ 30 a barrel in recent months , a fall of 70 percent since 2014 . Al Jazeera 's Bernard Smith , reporting from Doha , said that the challenge would be to get other producing countries , including Iran , to freeze production as well . Iran 's IRNA news agency said on Sunday the country had exported its first crude shipment to Europe since it reached a landmark deal last year with world powers . IRNA quoted Rokneddin Javadi , Iran 's deputy oil minister , as saying the shipment , the first in five years , marked "" a new chapter "" in Iran 's oil industry . Javadi said Iran had already reached an agreement to export oil to France , Russia and Spain .",movement.transportartifact.disperseseparate
nw_RCbbe9424ed036e1b6a129447e2bfa89a6fdbe4d5f0814878cafe495d7,"Trigger: damage
Document: From this standpoint , Trump is less a freakish occurrence than something close to an inevitability . Photo : Mark Peterson / Redux Why , exactly , is Ryan , as well as senators Mitch McConnell , Marco Rubio , and Ted Cruz , enduring the reputational damage and personal humiliation of endorsing a presidential candidate who has belittled and mocked them ? One reason is obvious : fear of the party ’s voting base , which has fallen in line with its bullying presidential candidate and turned sharply against most Republican dissenters , who saw their approval ratings among their own base plummet . Another consideration , which has received far less media coverage , is something of the opposite of fear : lust .",artifactexistence.damagedestroy.damage
nw_RC6c4ffe805cf44a70b7f2da42b6c4da2b4d8895b78dce42965390eafc,"Trigger: imprisoned
Document: Paul Manafort and his deputy , Rick Gates , never disclosed their work as foreign agents as required under federal law . The lobbying included attempts to gain positive press coverage of Ukrainian officials in The New York Times , The Wall Street Journal and The Associated Press . Another goal : undercutting American public sympathy for the imprisoned rival of Ukraine 's then - president . At the time , European and American leaders were pressuring Ukraine to free her . Gates personally directed the work of two prominent Washington lobbying firms in the matter , the emails show .",movement.transportperson.preventexit
nw_RCa3b828a935afbd6c0daa148b4ae5021ec181b473664d3712428efc20,"Trigger: inspected
Document: NATO member Turkey hosts American troops and warplanes at its Incirlik Air Base , an important staging area for the U.S.-led fight against Islamic State militants in neighboring Iraq and Syria . The chairman of the U.S. Joint Chiefs of Staff Joseph Dunford tried to soothe strained ties with Turkey during a visit to Incirlik and Ankara just over a week ago . In Ankara he inspected the damage inflicted by the plotters ’ fighter jets on the Turkish parliament building . U.S. Secretary of State John Kerry is expected to visit Turkey on Aug. 24 . Turkish authorities have said the country ’s intelligence service has cracked into several smartphone messaging apps that Gulen ’s followers used to communicate with each other in the years ahead of the coup attempt and was able to trace tens of thousands of people from the group .",inspection.sensoryobserve.n/a
nw_RCa02650f04cd10bb9b968c4951aacf4e26017ec279dc82d44cdc252a6,"Trigger: donated
Document: "" There is no evidence of ' cash payments ' made to me by any official in Ukraine . "" This is not the first time Manafort has been accused of trying to take advantage of Ukraine 's corrupt political environment for financial gain . Manafort also attempted to set up an offshore real - estate partnership with Dmitry Firtash , a notorious Ukrainian businessman who donated to Yanukovych 's pro - Russia political party , according to documents uncovered in 2014 . Firtash is wanted by the FBI on bribery charges . Manafort has also worked with the Russian oligarch and Putin ally Oleg Deripaska on investment deals in New York and Ukraine , The Guardian reported .",transaction.transferownership.giftgrantprovideaid
nw_RC67fb9d680576469cb72b53317f1e5b73dd98633b0dfc6e5f7779cdc1,"Trigger: buy
Document: A week later , Arias texted Espinoza again . He wanted $ 1,000 in bitcoin , and they met at a Miami Haagen - Dazs . Over frozen treats , Arias told Espinoza that he used the bitcoin to buy stolen Russian credit - card numbers . During the next transaction , he offered to pay with those instead of cash . “ I ’ll think about it , ” Espinoza replied .",transaction.transferownership.n/a
nw_RC369eb010c9001dcac06d9e86f2cecbccdcafeac5b20d64d53b53cc5b,"Trigger: lied
Document: Here are ( just some of ) the most egregious lies he ’s told during the three presidential debates . Trump lied when he denied praising Russian president Vladimir Putin . Trump lied when he claimed Hillary created the birther movement . Trump lied when he denied calling climate change a Chinese hoax . Trump lied about his support for the Iraq War .",contact.prevarication.n/a
nw_RC83f20d081e967e9a40e23e105c5aaf2538f3e36e706d5879818b90af,"Trigger: concealed
Document: In exchange , the U.S. Attorney ’s Office promised not to pursue any federal charges against Epstein or his co - conspirators . Florida attorney Brad Edwards , who represented some of Epstein ’s alleged victims , is suing the federal government over the secret non - prosecution agreement in hopes of having it overturned . Edwards claimed in court records that the government and Epstein concealed the deal from the victims “ to prevent them from voicing any objection , and to avoid the firestorm of controversy that would have arisen if it had become known that the Government was immunizing a politically - connected billionaire and all of his co - conspirators from prosecution of hundreds of federal sex crimes against minor girls . ” The U.S. Attorney for the Southern District of Florida did not respond to a request for comment about the deal . Other politicians , celebrities and businessmen , including presidential candidate Donald Trump , have been accused of fraternizing with Epstein .",movement.transportartifact.hide
nw_RC71eaf7c51d828f0e36cf9eab2e31b9a7ac7ed94e4a972bfd07f6677c,"Trigger: Buy
Document: But , the perfect is the enemy of the good . It is our goal to throw our weight behind the candidate who has a reasonable chance of actually becoming President of the United States whose views are CLOSEST to libertarianism . Crippled America : How ... Donald J. Trump Best Price : $ 1.15 Buy New $ 6.49 When put in this way , it is clear that The Donald is the most congruent with our perspective . This is true , mainly because of foreign policy . And , of the three , foreign policy , economic policy and person liberties , the former is the most important .",transaction.transfermoney.purchase
nw_RC8a211c5b0fad87bb39e6e2300b353dc20982178253ee13b33e9f4800,"Trigger: captured
Document: It was bad enough when Trump last year disparaged the war record of Sen. John McCain ( R - Ariz . ) , who spent 5½ years as a prisoner of war of North Vietnam . “ He ’s not a war hero , ” Trump said . “ He was a war hero because he was captured . I like people who were n’t captured . ” Despite that indefensible comment , McCain eventually endorsed Trump . Now Trump has responded to Khizr and Ghazala Khan , the parents of U.S. Army Capt .",justice.arrestjaildetain.arrestjaildetain
nw_RCdc3d5e6188d1a5dca260d387a4610e0083630901aeb23304e09503a3,"Trigger: spy
Document: In addition to the highly technical process of tracing each intrusion to a specific computer , prosecutors then try to prove that a particular person executed the attack at that computer , or show that the “ digital fingerprints ” are unique to that individual , said Peter Toren , a cybercrime attorney and former DOJ cyber prosecutor . Presenting this evidence in court could also expose valuable secret surveillance footholds in Russian intelligence agencies . Raj De , a former National Security Agency general counsel , said spy agencies are typically “ very reticent to burn sources and methods for any activity . ” Revealing such tactics could even open up the NSA to lawsuits over its surveillance operations . Together , these factors mean that getting such an indictment before November “ would be an impossibility , ” according to one former DOJ National Security Division prosecutor . Sanctions could serve as a more expedient option .",government.spy.spy
nw_RC9034fea8cd55b6c601f20feb25ee900b1c99945d316138b954ab148c,"Trigger: starving
Document: And , despite being explicitly told otherwise by the experts , Trump expressed doubt about U.S. intelligence findings that Russia had hacked into Democratic National Committee computers . It goes well beyond Putin . Speaking about Kim Jong Un , the ultra - absolutist dictator of North Korea who is starving his own people , Trump said : “ If you look at North Korea , this guy , I mean , he ’s like a maniac , OK ? And you ’ve got to give him credit . He goes in , he takes over , and he ’s the boss .",life.injure.illnessdegradationhungerthirst
nw_RC6366bface12f0be058d45644a620d322689594d35515af7eb6274244,"Trigger: oath
Document: Among the documents Kendall sent was an affidavit that Broaddrick had submitted in a sexual harassment lawsuit filed by Paula Jones against Clinton , in which she indicated that she did not have “ any information to offer regarding a non - consensual or unwelcome sexual advance by Mr. Clinton . ” Kendall also attached a portion of the report from the Office of Independent Counsel Ken Starr , which investigated allegations against Clinton . Those allegations included one that Clinton had lied under oath in the Jones case by denying having sexual relations with intern Monica Lewinsky . After being given immunity for possible perjury charges by Starr , Broaddrick said her affidavit in the Jones case had been false and that she gave public interviews alleging the rape . Kendall explained to Podesta : “ Starr was seeking more evidence against the President , any way he could , and he immunized Broaddrick to protect her from any prosecution for perjury if she now changed her story .",contact.commitmentpromiseexpressintent.correspondence
nw_RC1f17f4bca6a69f231ceabbc0731eea587713e0236a5ea50c731171d1,"Trigger: assailed
Document: Last week , WikiLeaks published other hacked emails from Podesta ’s account , which included alleged excerpts of Clinton ’s paid speeches to Wall Street . Clinton ’s campaign has neither confirmed nor denied the authenticity of the emails , but in recent days escalated its charge that the hack was conducted by Russian state actors . Brian Fallon , a spokesman for Clinton ’s campaign , fired off a tweet storm late on Monday in which he assailed WikiLeaks and its founder , Julian Assange , for working on behalf of the Russian government . “ You are no media organization , ” Fallon tweeted at WikiLeaks . “ You are a propaganda arm of the Russian government , running interference for their pet candidate , Trump .",conflict.attack.n/a
nw_RCf02db29e18fdc344bcc84be8a7889cfcf2e8b50764acb0d502376ea3,"Trigger: loans
Document: Why should the wealthiest sector of the economy be the one sector which is not contributing a sales tax to our general revenues ? So , even putting a tiny tax on Wall Street transactions would generate hundreds of billions of dollars , which are critically needed . In addition , as I mentioned , we need a Green New Deal to actually create the jobs directly , government - funded jobs , which create incentives , grants and loans for small businesses , for worker cooperatives and nonprofits , and with government as an employer of last resort to ensure that we have the jobs that we need to transition the economy in the time frame needed to 100 percent clean , renewable energy by 2030 , a healthy and sustainable food system , which is currently the source of many of our fossil fuel emissions , and efficient , renewably powered public transportation , also to restore our ecosystems . And finally , healthcare as a human right needs to be provided as a basic right for everyone through an improved Medicare - for - all system . It does n’t cost any more .",transaction.transfermoney.borrowlend
nw_RC4c953e97f7fea2eac4bae60bd698355b6f1be68131ec6f987a66f29d,"Trigger: loan
Document: During the hiatus , borrowers would receive help and advice to save money , the preview material provided to education advocates said . Clinton frequently talks of the advantages of loan repayment plans that are tied to income , which would be one of the refinancing options along with help reducing fees and resolving delinquent debts . Clinton also plans to use the moratorium to crack down on for - profit colleges and loan servicers , whom she accuses of often taking advantage of borrowers . ” She will use the setting , Atlantic City , to slam Trump 's business acumen and poor record of running casinos . She 'll also accuse of him "" cheating workers . "" -- In good timing for HRC , USA Today fronts this story -- > “ Trump casino empire dogged by bad bets in Atlantic City , ” by Karen Yi : Records “ shine light on an era marked by battles with regulators who often doubted statements by Trump , yet allowed him to keep operating . ” The paper ’s review “ also found Trump ’s casinos repeatedly broke state rules , leading to more than a million dollars in fines .",transaction.transfermoney.borrowlend
nw_RCc16a221d847cf6f2ab78a117f67785fcf0b00ebd6e7030c5710ca17e,"Trigger: quit
Document: Gabbard is the first practicing Hindu in US Congress . AB Wire Hawaii Rep. Tulsi Gabbard , the first practicing Hindu elected to the US Congress , and who quit the Democratic National Committee ( DNC ) to endorse Bernie Sanders as the party ’s nominee , has ruled out squabbles with the DNC as the reason for her leaving as vice chairwoman of the DNC . “ This had nothing to do with the DNC or DNC politics . This had everything to do with my decision that I could no longer stand on the sidelines as elections are taking place to determine who our potential next commander in chief could be , ” Gabbard , the DNC ’s vice chairwoman until her resignation Sunday , told MSNBC ’s “ Morning Joe ” on Monday .",personnel.endposition.quitretire
nw_RC7a5a2be63c89adca53ee3b5a3dab828839eb57d9a3a478a1d0e79959,"Trigger: conceal
Document: They include President Xi Jinping and two more , Zhang Gaoli and Liu Yanshan , who sit on the party 's powerful seven - member Standing Committee . According to several reports , posts about the leak are being scrubbed from Chinese social networks including Sina Weibo and Wechat , after the topic started to trend on those networks early Monday . The so - called papers , which were comprised of 11 million documents leaked from Panamanian law firm Mossack Fonseca and reported on Sunday , indicate that at least 140 current or former world leaders set up offshore accounts to conceal their assets . In total , the firm has set up more than 240,000 of those accounts . Several Western countries have begun investigations into whether the information warrants prosecution .",movement.transportartifact.n/a
nw_RCeca65d740e0fadf3046b2ae5c2fc3ac80b90380fe86aac6d36ed56e7,"Trigger: jail
Document: His promise to use his executive power to reopen that case , and have it investigated again , was unlike anything in recent presidential debates . “ It ’s just awfully good that someone with the temperament of Donald Trump is not in charge of the law in our country , ” Clinton said . “ Because you ’d be in jail , ” Trump said . The first half - hour of this debate was dominated not by questions from the undecided voters in the audience , but by interruptions and accusations by Trump himself . At one point , Trump referred to the endorsement by Sen. Bernie Sanders ( Vt . ) of Clinton as a deal with “ the Devil . ”",movement.transportartifact.preventexit
nw_RC794dfe422e81e8db9dacab12af0bdbb3a42251e7186c3230d6f04619,"Trigger: coup
Document: We have bailed out the banks , pushed through programs of austerity . This has been a bipartisan effort , because they ’ve both been captured by corporate power . We have undergone what John Ralston Saul correctly calls a corporate coup d’état in slow motion , and it ’s over . I just came back from Poland , which is a kind of case study of how neoliberal poison destroys a society and creates figures like Trump . Poland has gone , I think we can argue , into a neofascism .",conflict.attack.selfdirectedbattle
nw_RCe6684cdb8a9dd544dcefc8e9e753b8d6f495c2c7737313433d06a670,"Trigger: funeral
Document: Saudi Arabia has repeatedly been condemned for its indiscriminate targeting of the Yemeni population . In the war the Riyadh regime has launched on Yemen , at least 10,000 people have been killed , with many of them being civilians , according to the United Nations ( UN ) . On Sunday evening , the leader of Yemen ’s Houthi Ansarullah movement condemned the Saudi funeral attack , saying the assault points to the frustration of the United States and the Saudi regime in the war on the impoverished Arab country . The US has been supporting the Saudi regime in the war on Yemen . Abdul Malik al - Houthi said Saudi Arabia and its regional allies would not have carried out the Saturday airstrike if they had not received the green light from Washington .",contact.funeralvigil.n/a
nw_RC85f1b71334551a60acfc7e07329c5ff139116b892bfb64fc4462f957,"Trigger: auction
Document: At the same time , Trump has exploited the foundation for self - dealing . In 2014 , he drew on it to pay $ 10,000 for a painted portrait of you - know - who at a charity auction at Mar - a - Lago , his Florida resort and residence . The foundation also spent $ 20,000 for Melania Trump to purchase a 6-foot Donald portrait ; $ 12,000 to buy a Tim Tebow helmet at a charity auction ; and $ 258,000 to settle legal disputes and unpaid fines involving Trump ’s businesses . In 2013 , the Trump Foundation contributed $ 25,000 to an organization supporting Florida Attorney General Pam Bondi , after Bondi announced she was considering whether to join New York Attorney General Schneiderman ’s investigation of fraud at Trump University . It would be charitable to call Donald Trump a philanthropist .",transaction.transferownership.n/a
nw_RC7c17893532a7a72a9e90d1f68717febffb4e20115f4131c804a2ee65,"Trigger: embargo
Document: We are not saying China is wrong in the claims . We are simply saying , ‘ Resolve it peacefully ; resolve it in the rules - based order . ’ ” Relaxing an “ out of the ordinary ” arms embargo was neither out of order nor inflammatory , Kerry insisted . “ I hope China will read this correctly . ” Experts in China said they expected that U.S. warships would sooner or later be granted access to Cam Ranh Bay , a deep - water port that served as the key U.S. naval base during the Vietnam War .",transaction.transaction.embargosanction
nw_RCd2c8f179e510408423f803c8f73e158d0c1979aa6050c2d7c9e6e10b,"Trigger: demands
Document: Socialism demands that we place blind trust in whoever takes the power to distribute society ’s goods and services . History shows those who have this power abuse it in horrific ways . Nikolai Bukharin was executed by shooting in Moscow on March 15 , 1938 .",contact.commandorder.meet
nw_RC5959033e9b07203e3c29d67950f733698921cde3f4943282fbedd46c,"Trigger: arrest
Document: Reports later emerged claiming that the apartment where the money was discovered belongs to Zakharchenko ’s sister , which the arrested official confirmed , TASS reported . Zakharchenko ’s lawyers proposed that bail be set at 70 million rubles ( $ 1 million ) . “ We are asking about two alternative measures : home arrest or 70 million rubles ( $ 1 million ) bail , ” Zakharchenko ’s lawyer Yury Novikov said , as cited by Interfax . According to TASS ’ sources , the money belonged to NOTA - Bank , which had its license revoked in November of 2015 .",justice.arrestjaildetain.arrestjaildetain
nw_RCb4139166515d2abbe3c49abbd38a9ec9dede16213fd26de6709e2827,"Trigger: charged
Document: Chelsea Manning , then known as Bradley Manning , who is serving a 35-year prison sentence . WikiLeaks also provided the documents to news outlets , including The New York Times . Despite a criminal investigation into Mr. Assange , he has not been charged ; the status of that investigation is murky . ) In addition , Mr. Assange criticized Mrs. Clinton for pushing to intervene in Libya in 2011 when Col . Muammar el - Qaddafi was cracking down on Arab Spring protesters ; he said that the result of the NATO air war was Libya ’s collapse into anarchy , enabling the Islamic State to flourish . “ She has a long history of being a liberal war hawk , and we presume she is going to proceed ” with that approach if elected president , he said .",justice.initiatejudicialprocess.chargeindict
nw_RCb1834dc4a2d6e6f91819f7d41b3ec06d3286690d4d0b0bb6f7632db3,"Trigger: bruises
Document: Trump refused to admit his campaign manager grabbed a reporter On March 8 , Trump ’s then - campaign manager , Corey Lewandowski , grabbed Breitbart News reporter Michelle Fields as she was walking next to Donald Trump . He pulled her hard enough that she had bruises two days later . While there was some initial dispute about what happened , video evidence soon left no doubt that Lewandowski had , in fact , grabbed Fields . If he had simply admitted to grabbing Fields and apologized , it might have been a one - day story .",life.injure.injurycausedbyviolentevents
nw_RCdefd9454a6ab5dc32b750b053e6070593f8f66df4ef428752b0bf0d6,"Trigger: shipment
Document: The Russian embassy in Pyongyang made the announcement this week that 2,394 tons of flour and other food items have been sent to the North Korean port city of Chongjin , Sputnik news agency reported Thursday . The flour was sent through the United Nations World Food Program and was made possible with a Russian donation , according to South Korean news agency Yonhap . This is the second time in 2016 Russia has delivered a shipment . In March , Moscow provided funds for the delivery of 2,500 tons of flour to North Korea . The flour is to be used to produce nutritious biscuits and cereals that can be distributed to child daycare centers in North Hamgyong and Kangwon provinces , according to the report .",movement.transportartifact.n/a
nw_RCdb866348eb6a83d2fe0c1df2706907c69a252c126661b7d0f123b05c,"Trigger: seized
Document: Forms of fentanyl are suspected in at least one known assassination attempt , and were used by Russian forces against Chechen separatists who took hundreds of hostages at a Moscow theater in 2002 . The chemicals are banned from the battlefield under the Chemical Weapons Convention . In fiscal year 2014 , U.S. authorities seized just 3.7 kilograms ( 8.1 pounds ) of fentanyl . This fiscal year , through just mid - July , they have seized 134.1 kilograms ( 295 pounds ) , according to U.S. Customs and Border Protection data obtained by the AP . Fentanyl is the most frequently seized synthetic opioid , U.S. Customs reports .",transaction.transaction.transfercontrol
nw_RC118480a5b735dcea64949cde2ab43d965f4cd4cf4f8e6247bbfc1553,"Trigger: telephone
Document: July 11 , 2016 National Poll with USA TODAY July 11 , 2016 Poll Documents : Marginals ( PDF ) Tables ( PDF ) Press Release : Poll Shows 61 Percent Alarmed About Presidential Election Paleologos on the Poll : Voters are Deeply Divided and Fearful Statement of Methodology : This survey of 1,000 likely voters was conducted between June 26 and June 29 , 2016 , and is based on live telephone interviews of adults 18 years of age or older , residing in all 50 states and the District of Columbia , who intend to vote in the general election in November 2016 . Quota and demographic information -- including region , race , and age -- were determined from 2010 Census data . Samples of both standard landlines and cell phones were called using a probability - proportionate - to - size method , which means that the phone numbers assigned to each state were proportional to the number of adult residents in each state .",contact.collaborate.n/a
nw_RC4e9258f8b03902a1508b2b712615da76a8bc46e3658642b0c273e910,"Trigger: advocating
Document: PUSHED RUSSIA TO ARMS RACE IN NUCLEAR SPHERE Perhaps even more worrying are the comments from Obama administration officials declaration that war with Russia was all but inevitable ( via AntiWar ’s Jason Ditz ) , “ With some Obama Administration officials openly advocating starting a war with Russia over Syria , it is noteworthy that a lot of top Pentagon officials are treating the conflict as all but inevitable . Army Chief of Staff Gen. Mark Milley hyped Russian modernization efforts , but declared that they ‘ will lose to the American Army . ‘ “ Russian officials have been cognizant of the possibility , insisting that Russia ‘ can now fight a conventional war in Europe , ’ comments which Gen. Milley dismissed as ‘ bluster , hubris , bravado . ’ and insisting that war with other nation - states ‘ is almost guaranteed . ’",contact.requestadvise.n/a
nw_RC186cb8a506fe1941938a84a9540bf0220eb85f30f767dc5bc17c31b1,"Trigger: evacuate
Document: 4/14 Bombing in Aleppo The damage of the airstrikes in the rebel - held area of Aleppo on April 28 Reuters 5/14 Bombing in Aleppo The damaged the Medecins Sans Frontieres ( MSF)-backed al - Quds hospital after it was hit by airstrikes , in a rebel - held area of Syria 's Aleppo Reuters 6/14 Bombing in Aleppo Syrians evacuate an injured man amid the rubble of destroyed buildings following an air strike on a rebel - held of Aleppo on April 29 , 2016 . AFP / Getty Images 7/14 Bombing in Aleppo People inspect the damage at a site hit by airstrikes , in the rebel - held area of Aleppo 's Bustan al - Qasr AP",movement.transportperson.n/a
nw_RC3072c08ed00be85bc9ecac7cde06ed2403e88911ade70287781bb466,"Trigger: captured
Document: Officials opened a criminal case the next day , following an autopsy of the patient 's body , which revealed the presence of traumatic brain injury , the Investigative Committee of the Russian Federation for the Belgorod region said in a statement . The doctor was fired and his actions are classified as negligence , since there is no evidence he intended to kill the patient , the Investigative Committee said . The incident was captured on surveillance video and went viral on the Internet . The committee said the criminal case was initiated before the video surfacing online . The patient entered the hospital and , in the course of a procedure , kicked a nurse , the Russian state news agency Ria Novosti reported , citing investigators .",movement.transportartifact.preventexit
nw_RC165a7f6fab8e7bd81bcb02dea4554d693b94978ebb0059c619664419,"Trigger: annihilate
Document: Ukraine has four special - forces regiments and a further unit of its Defence Intelligence Department – a total of 7,000 troops . It also has highly capable airborne troops , part of a mobilised army numbering 200,000 , of which 40,000 are always on the country ’s eastern front facing pro - Russian rebels . Russian air forces annihilate ISIS oil tankers in Aleppo province In terms of Russian language skills and combating Russian tactics , Ukrainians are world leaders . However , any troop deployment into Syria would be controversial in Kiev , and require a parliamentary vote , with some arguing that Ukraine needs to focus on the rebels who pose a continuing threat in its east , despite the current military deadlock .",conflict.attack.n/a
nw_RC158730f4633a7f72ab3cc150f7c6581cb790fa57b72d4dcd81c6233b,"Trigger: shot
Document: MORE warned that he would order the Navy to open fire on Iranian boats that provoke American ships , days after a high - seas incident that ended peacefully . When the GOP presidential nominee laid out his plan to modernize the military during a Friday night rally in Pensacola , Fla. , he took an off - script aside to address his posture toward Iran . ADVERTISEMENT "" With Iran , when they circle our beautiful destroyers with their little boats and they make gestures at our people that they should n't be allowed to make , they will be shot out of the water , "" Trump said to loud cheers . Rally - goers could be heard shouting "" shoot them "" as Trump wound up . This week , the Pentagon said seven Iranian attack boats harassed an American destroyer in the Persian Gulf .",life.die.deathcausedbyviolentevents
nw_RC59add929479152ad4c5bfe216a0f4b7a466eae8845b89555484d85af,"Trigger: battered
Document: Pelevina and Kasyanov often met there during their long affair . She is 38 and single ; he is 58 , married with two children . They worked together in the trenches of Russia 's battered opposition . Both were deep in preparations for this fall 's parliamentary elections when the video emerged . Pelevina believes the secret surveillance of a private apartment owned by Kasyanov , a married father of two , was carried out by Russia 's security services and lasted six months .",artifactexistence.damagedestroy.damage
nw_RC06f93fc9b12b98ac26b24fc14a957aaec925686625df43896942248e,"Trigger: death penalty
Document: In the immediate aftermath of the Oklahoma City bombing that ripped apart a federal building and killed 168 people , he was dispatched to the city to set up the early stages of the prosecution case , winning plaudits for gathering large amounts of evidence that led to the convictions of both McVeigh and Terry Nichols . He was also central to the prosecution of the Unabomber , Ted Kaczynski . He acquired his passion for being a judge by sitting at the feet of the liberal supreme court justice William Brennan , who was a champion of progressive policies such as opposition to the death penalty and support of abortion rights . Garland has had plenty of opportunity to wield similar progressive influence as chief judge of the DC appeals circuit which , given its location , frequently acts as arbiter in major cases concerning the federal government . Among those were the 2008 judgment from the appeals court , led by Garland , that punched a hole in the Bush administration ’s detention of so - called “ enemy combatants ” in Guantánamo Bay without any oversight from the civilian courts .",justice.judicialconsequences.execute
nw_RC4c2f9825767d13e71797c371a8dcb1f8bd38eb2647626920b6fa6d1a,"Trigger: agreements
Document: Trump 's fascination with Russia Trump has long been fascinated with Russia and , before its dissolution , the Soviet Union . During the early 1980s he told The Washington Post that President Reagan should give him the job of negotiating nuclear arms agreements with the USSR . "" It would take an hour and a half to learn everything there is to learn about missiles , "" he noted . He declined to say exactly what he would propose be done about arsenals with enough power to destroy the world several times over .",government.agreements.acceptagreementcontractceasefire
nw_RC82319e6f4bf5db3fb5204c6fa41e5dd330fec458f52a1c39b10bfed3,"Trigger: ceasefire
Document: http://www.belfasttelegraph.co.uk/news/world-news/syria-civil-war-staff-manning-us-ceasefire-hotline-cant-speak-arabic-34511855.html http://www.belfasttelegraph.co.uk/news/world-news/article34497762.ece/b9e1e/AUTOCROP/h342/PANews%20BT_P-61be2583-7b15-4f1b-8945-028152c2217e_I1.jpg Email The US State Department has admitted that its round - the - clock hotline service for Syrians to report violations of the recent ceasefire needs improvement , following reports that the volunteers manning the phones were unable to understand the Arabic speakers who called in . The hotline was set up on Saturday after the declaration of a tentative ceasefire in Syria ’s devastating civil war . Witnesses on the ground have been encouraged to call and report any breaches of the agreement between rebels and the regime of President Bashar al - Assad .",government.agreements.acceptagreementcontractceasefire
nw_RC49030203b2e3dd72de6c5b26ab698208bf16f42d6f47a246cfcec009,"Trigger: injured
Document: But if we were going to do anything , it would be a very positive step to say that discrimination has no place in our law and to reaffirm the president ’s actions in this area , ” Maloney told The Hill . “ Seems to me a pretty basic thing to do . ” The shooting at Pulse nightclub on Sunday that killed 49 people and injured 53 more has been deemed by federal authorities as both a terrorist attack and a hate crime . FBI Director James Comey said the suspected shooter had pledged allegiance to the Islamic State of Iraq and Syria ( ISIS ) during a 911 call before he was shot dead by police . Two centrist Republicans , Reps . Ileana Ros - Lehtinen ( Fla. ) and Richard Hanna ( N.Y. ) , signed onto Maloney ’s amendment as co - sponsors .",life.injure.n/a
nw_RC170d9208eb985cad1f6deb4eb93ce0f2898a4227655c554d79ba28fe,"Trigger: wreck
Document: Poll : Clinton Ahead in North Carolina ; Virtual Tie in Ohio Other co - conspirators named by Trump earlier in the week included “ crooked ” public pollsters who showed Trump losing , election officials and “ other communities ” in swing states threatening to rig ballots , and a “ sinister deal ” involving Speaker Paul Ryan that Trump did not elaborate upon . It seems everyone is in the dark secret society out to wreck Trump , with the exception of the person caught on tape saying he uses his celebrity status to “ grab ‘ em by the p --- y . ” Or the person who told Howard Stern that his visits to young women ’s dressing rooms were a side benefit of owning beauty pageants . Play Facebook",artifactexistence.damagedestroy.n/a
nw_RCea9b60f039094e55bb52a36494d69d07e47e391abdc06de056d9ecc0,"Trigger: assembled
Document: This module , known as Schiaparelli , will carry a number of scientific instruments , but its primary purpose is to test systems needed to get the rover down safely in 2019 or 2021 , whichever date is chosen for that endeavour . These critical landing systems include a radar , computers and their algorithms . Media playback is unsupported on your device Media caption The second ExoMars mission is a UK - assembled rover Image copyright MOLA Image caption Schiaparelli is being targeted at Meridiani Planum - the same place as Nasa 's Opportunity rover Image copyright TAS Image caption The Trace Gas Orbiter was assembled by European manufacturer Thales Alenia Space",manufacture.artifact.createmanufacture
nw_RC794639324d2314786617527d4dd148033f587f448f675e1fb4d86804,"Trigger: advocated
Document: As a senator , she voted for the war in Iraq in 2003 . She supported the troop surge in Afghanistan in 2009 . As secretary of state , she advocated military intervention in Libya in 2011 and forceful measures in Syria ( for example , the early arming of the moderate opposition and more recently the creation of safe or no - fly zones ) . Where others wavered , she supported the use of force to kill Osama bin Laden . On the campaign trail , she has supported President Barack Obama ’s decisions to deploy more special forces and intensify air strikes against the ISIS .",contact.requestadvise.n/a
nw_RCbb7ff5769a2ba41afb17a0b966f9e907034e1b09c7be077f456c250d,"Trigger: embargo
Document: So , we have had a major hand in the chaos of Syria and , indeed , the major hand instigating the chaos in the Middle East . So , being the wealthiest country in the world , it ’s very important that we do our share in caring for the Syrian refugees . But , let me say , it ’s also really important that we go back to this crisis in Syria and in the Middle East , and instead of continuing to pour gasoline on this fire , we need to take a stand on behalf of a weapons embargo to all parties , since our weapons are getting into the hands of all parties . We need to impose a freeze on the bank accounts of our allies that are continuing to fund terrorist enterprises , and to work with the Turks , who are our ally — in name , at least — to close down their border to the flow of terrorist militias across their border . That is the contribution that we need to make .",transaction.transferownership.embargosanction
nw_RCda4157b1b700ed655225a92a4efddc4297dc36b1e0d10b759df80ea6,"Trigger: loans
Document: “ Someone who kills and jails his adversaries , has basically destroyed Russian democracy . ” Clark , who unsuccessfully sought the Democratic presidential nomination in 2004 , said Trump “ does n’t do his homework , ” appears to be “ totally consumed by self - interest ” and , with business connections all over the world , wo n’t release his tax returns , raising questions about conflict of interest . “ I ’d like to know who invests in his properties , who controls his loans , what the business connection is with Russia , ” he said . “ We ca n’t have someone as our commander in chief and president who does n’t understand American values and whose character is n’t suited to the awesome responsibility of that office . ” This year ’s presidential campaign has garnered a lot more political involvement by former military leaders in support of the candidates , drawing criticism from former commander of the Joint Chiefs of Staff Gen. Martin Dempsey who warned these actions could undermine the political neutrality of the military .",transaction.transfermoney.borrowlend
nw_RCb8dc2752efc9f1e8050bbb4bd4e7a475137ff16e86732cce47ea9663,"Trigger: discussing
Document: Equally important , they ’re not going to bring an end to anti - American terrorism . As long as the U.S. death machine is killing people in the Middle East and Afghanistan , there will be the continuous threat of anti - American terrorism here at home . Why do interventionists spend so much time discussing things like radical Muslims , regular Muslims , Islam , and the Koran ? Here ’s why : Their supreme goal is to maintain the U.S. national - security state ’s continued intervention in the Middle East and Afghanistan . Nothing must interfere with that goal .",contact.discussion.n/a
nw_RCb93fa5f54a3b6b1d006c8a89d0d86075b01e566aa278c66a6dbdbcfc,"Trigger: transfer control
Document: However , while the mainstream media pounced on this story , the same media sources have been largely silent about the many documents WikiLeaks released the same day that reflect badly on Hillary Clinton . As The New American reported last week , WikiLeaks ' Julian Assange promised to release a new batch of leaked documents each week for 10 weeks , descibing the troves of documents as “ significant material on war , arms , oil , Google , the election and mass surveillance ” that show “ interesting features of U.S. power factions and how they operate . ” The documents released Friday comprised the first batch of this material . That first installment includes the Podesta e - mails — 2,060 e - mails involving , among other things , evidence that Hillary Clinton , as secretary of state , approved her part of the deal to transfer control of a company called “ Uranium One ” to Russian interests — along with giving Russia “ effective control of one - fifth of all uranium production capacity in the United States . ” Meanwhile , the Clinton Foundation received millions of dollars in “ donations ” from “ individuals directly connected to the deal including the Chairman of Uranium One , Ian Telfer . ” Furthermore , though Secretary Clinton was required to disclose all donors to the Clinton Foundation , the “ donations ” from Tefler were not disclosed . And , just to top it off , when the New York Times reported on this scandal last year , Clinton Campaign spokesman Brian Fallon denied the allegations in an e - mail to the Times , saying :",transaction.transaction.n/a
nw_RCfdc9db37ae2413078efc27904592a7942942435e6b9c10d4dac0fc04,"Trigger: punched
Document: Mr. Campbell reflexively moved his arm to release himself from Ms. Teeter ’s grip . Ms. Teeter then fell backwards onto the ground . Ms. Teeter has given several media interviews stating that she was “ punched in the face ” , “ sucker punched ” and “ punched in the jaw ” . She claims she suffered severe injuries requiring treatment at Mission Hospital . She also claimed that she had engaged Mr. Campbell in a discussion about living in Russia and he “ sucker punched me ” .",life.injure.injurycausedbyviolentevents
nw_RC336d2e30e978d59a314ba29056a5b292a6203bb19f7f6527e6975885,"Trigger: rent
Document: African - American — and voting for Trump It 's no secret Trump has a thorny history with African - Americans . The billionaire 's father ’s real - estate company , helmed by The Donald at the time , was sued by the Justice Department in 1973 for allegedly refusing to rent properties to black tenants . In 1989 , he memorably took out full - page ads in New York 's daily newspapers — including this one — demanding that five black and Hispanic teens accused of raping a female jogger in Central Park be given the death penalty , though they later turned out to be innocent . To this day , he routinely tacks on an antiquated definite article ( "" the blacks "" ) when referring to the racial group .",transaction.transferownership.borrowlend
nw_RCf1d292eee0ea77abdb7f07c651dee98a5045f1b4fb86dccf29bf768a,"Trigger: robbery
Document: But Assange , in an interview with a Dutch news program highlighted by the conspiracy website InfoWars , implied Rich was the source of the email and was killed for working with his group “ Whistleblowers often take very significant efforts to bring us material and often at very significant risks , ” Assange said in the interview , before bringing up , unpromoted , that Rich was killed “ for unknown reasons . ” When the interviewer pressed Assange by noting Rich ’s death was “ just a robbery , ” Assange replied , “ No . There ’s no finding . ” Asked what he was suggesting , Assange replied , “ I ’m suggesting that our sources take risks ... We are concerned about it . ”",conflict.attack.stealrobhijack
nw_RC411c8f98c9107dc801a1568fc9a02c1a3463d922917a4e64c48342b0,"Trigger: plunge
Document: said that the country did not need another lecture on “ Islamophobia . ” “ We need a commander in chief who does everything necessary to defeat the enemy , ” he said . Privately , Obama has worried that a large - scale terrorist attack in Europe or on U.S. soil could force him to plunge American forces into another large and costly war in the Middle East — something he has vowed to avoid . In the near term , this nightmare scenario could lead Obama to deploy more U.S. Special Operations forces to track and destroy the Islamic State cells involved in planning terrorist attacks in Europe and North America . If that is not enough , Obama could choose to speed up plans to drive the Islamic State from its major havens .",movement.transportartifact.fall
nw_RCd33d15d0cec7589385f9798bac6bc0dbde75e77f3cd182d6a6b05667,"Trigger: auction
Document: The files posted over the weekend include two sets of files . The hackers have made one set available for free . The other remains encrypted and is the subject of an online auction , payable in bitcoin , the cryptocurrency . That set includes , according to the so - called Shadow Brokers , “ the best files . ” If they receive at least 1 million bitcoin — the equivalent of at least $ 550 million — they will post more documents and make them available for free . The set of files available for free contains a series of tools for penetrating network gear made by Cisco , Juniper , and other major firms .",transaction.transfermoney.n/a
nw_RC618642b67eede8ed83fc439606b2b6640632d8d8a65d768bba1d7966,"Trigger: firing
Document: Here ’s a guy that used to call me , begging me to buy stock through him , with the implication that if I ’d buy stock he ’d give me positive comments . ” “ Are you accusing him of fraud ? ” I asked . “ I ’m accusing him of being not very good at what he does . ” Congressman John Dingell of Michigan asked the S.E.C. to investigate the circumstances of Roffman ’s firing . When I asked Roffman about Trump ’s charges he said , “ That ’s the most unbelievable garbage I ’ve ever heard in my entire life . ” Roffman ’s attorney James Schwartzman called Trump ’s allegations “ the desperate act of a desperate man . ” Roffman is now suing Trump for defamation of character . “ Donald is a believer in the big - lie theory , ” his lawyer had told me .",personnel.endposition.firinglayoff
nw_RC38c87964ff4c7492057162cdb9785114502fc9b7bb947ff505459735,"Trigger: surveillance
Document: There have been no material changes to our client engagements as a result of this matter . Booz Allen is a 102-year - old company , and the alleged conduct does not reflect our core values . "" Booz Allen had also employed Snowden when he abruptly departed his job at an NSA facility in Hawaii and revealed that he had removed a massive trove of records detailing NSA surveillance operations around the world as well as some programs gathering information in the United States . An NSA spokesperson referred all questions about the case to prosecutors . The delay since Martin 's initial court appearance strongly suggests he is cooperating with the government .",government.spy.spy
nw_RC6b722e6f0eef2fe1dee30ecba3538b393af8a8fde8f0ca485825cc89,"Trigger: arrested
Document: At the heart of the operation are Electronic Benefits Transfer ( EBT ) cards , a government - issued debit card that replaced food stamps . There are more than 900,000 people who get government assistance through the EBT card in Alabama each year , and they are allowed to use the cards for food , non - alcoholic beverages , and other basic needs , mostly through the Supplemental Nutrition Assistance Program ( SNAP ) . The investigation began in February when Gardendale police arrested a man for shoplifting steaks and some other items at Walmart in that city . When they interviewed the suspect , he said he was boosting the items to give to two convenience stores , and he named the stores , authorities said . ” As to why the State of Alabama became the only US law enforcement entity to crack down on Muhammad Tahir Javed , this report explains , is due to that State ’s top judge becoming embroiled with the Obama regime over the rights of homosexual peoples to marry — and which this action was clearly meant to send a message to President Obama himself that they knew some of his darkest secrets .",justice.arrestjaildetain.arrestjaildetain
nw_RC228c727e2128974b31c59d96acbeb6197a489b817b20860d32b395af,"Trigger: purchasing
Document: Moreover , at least one of dozens of companies set up in Malta by Azerbaijani billionaire Mubariz Mansimov – which over the last year sold oil tankers to Bilal Erdogan , the son of Turkish President Recep Tayyip Erdogan – is also at the centre of the accusations . Russia ’s allegations of Turkish involvement in ISIS ’ oil trade have focused primarily on the Turkish president ’s son , Bilal Erdogan . The 34-year - old is one of three equal partners in the BMZ group , a major Turkish oil and marine shipping company , which both the Russian and Syrian governments have accused of purchasing oil from ISIS . Russian and Syrian officials and media reports from those countries suggest that Bilal Erdogan has been directly involved in the oil trade with ISIS , and that Turkey downed a Russian jet on 24 November specifically to protect his oil smuggling business . Regional politics , propaganda and the Russia - Turkey sabre - rattling aside , the crux of the matter as far as Malta is concerned is that the fleet of five tankers owned by Erdogan ’s son , which are being linked to the illegal trade , are all registered in Malta .",transaction.transfermoney.purchase
nw_RCcf5f9dbae6abdf7ea2eb7319f91198950e0d3f0a5b0bb809634c324a,"Trigger: deceased
Document: What they found confirmed the truth of Planck ’s maxim . Junior researchers who had worked closely with the elite scientists , authoring papers with them , published less . At the same time , there was a marked increase in papers by newcomers to the field , who were less likely to cite the work of the deceased eminence . The articles by these newcomers were substantive and influential , attracting a high number of citations . They moved the whole field along .",life.die.n/a
nw_RC1379802f5e76b63b909affecc898946720233e728a6e3022972e2711,"Trigger: proposed
Document: Turkey is focused on preventing the YPG or its allies building on recent advances against Islamic State by capturing the town of Jarablus . The U.S .- backed Syria Democratic Forces alliance ( SDF ) , including the YPG , captured the city of Manbij , just south of Jarablus , from Islamic State earlier this month . Turkish Deputy Prime Minister Numan Kurtulmus told broadcaster NTV that northern Syria should not become the domain of one group alone and that a "" secure zone "" , an internationally policed buffer area Turkey has proposed in vain in the past , should be reconsidered . Turkey has been shelling Islamic State positions in Jarablus as part of an effort to help allied Syrian rebels secure it . Rebel sources say they have been mobilizing in Turkey , ready to cross into Jarablus .",contact.publicstatementinperson.broadcast
nw_RC6465201a1e82222919f867469ba4b6d6b6951015bedcef0b1d4c5c9f,"Trigger: seizing
Document: NATO member Turkey shares a 1,200 km ( 750-mile ) border with Syria and Iraq and faces threats from Islamic State militants in both . But it is concerned that international efforts to destroy radical Islamists will leave new dangers in their wake . The Turkish army , its senior ranks purged following a failed military attempt to overthrow Erdogan in July , launched an incursion into Syria in August to push back Islamic State and prevent U.S .- backed Kurdish militia fighters from seizing territory . Ankara is wary of Washington 's support for what it sees as a hostile Syrian Kurdish force . Erdogan suggested Turkey could take a similar attitude in Iraq , where expectations are growing of an assault to drive Islamic State out of the northern city of Mosul .",transaction.transaction.transfercontrol
nw_RC2cb37d3f1cbfdb48ce3609a8ca2426b4847ed53f2f968f35f7cabbd1,"Trigger: robbery
Document: Embed Full MTP Interview : Julian Assange on DNC Emails and 2016 11:29 autoplay autoplay Copy this code to your website or blog WikiLeaks , the controversial transparency organization that publishes classified government documents and other confidential materials , is fueling Internet conspiracy theories by offering a $ 20,000 reward for information on a Democratic National Committee staffer who was killed last month . Seth Rich , a 27-year - old data analyst at the DNC , was shot and killed early one Sunday morning last month in what police say was robbery gone wrong . He was killed while walking home in a Washington , D.C. neighborhood that has seen a recent uptick in crime . Rich 's murder quickly became a fascination of right - wing conspiracy theorists , including longtime informal Donald Trump adviser Roger Stone , who told NBC News that he has been in contact with WikiLeaks Founder Julian Assange .",conflict.attack.n/a
nw_RC15918253644cf05351b3a0e9d2f3c62426cead498320ec4d4c29ab83,"Trigger: ceasefire
Document: But to the Assad regime , the strike today was no accident . Damascus called it a "" serious and blatant aggression . ” On Monday , the U.S. and Russia entered a ceasefire agreement in Syria , in part to get humanitarian aid to cities like Aleppo . The ceasefire does not apply to strikes targeting ISIS . How this attack will impact the ceasefire is so far unclear .",government.agreements.n/a
nw_RC78a47f4d79460ccfed485b456a32ecab2cf3101142b54f920b50f573,"Trigger: voted
Document: It passed unanimously , when they were refusing before , because people understood how heartfelt it was . A year and a half ago , what would you have never expected ? I would never have expected that he would have won the vast majority of people who voted in the Democratic primary under age 45 . Blacks , Latinos , Asians , whites , it did n't matter : he won the vast majority of people under 45 . I was surprised at how fast they knew him on a gut level .",government.vote.n/a
nw_RC55aa830c3dc6b7349bad602cd93837b6e8548740cd07a141b0ccea21,"Trigger: smuggling
Document: See the most - read stories this hour » Online exhortations and blueprints for attacks that are pushed to followers on Twitter and via encrypted apps can inspire individuals to “ embark on this path to destruction ” while evading a surveillance net that tracks communications and travel for potential signs of terrorist plots , Brennan said . Intelligence analysts are concerned that Islamic State may try send terrorists into Western countries by hiding them among refugees , by using smuggling channels or by finding weaknesses in the security screening of legitimate travelers , he said . Gunmen and suicide bombers , including some who had returned from the war in Syria , killed 130 people in restaurants , a concert hall and a sports arena in Paris last Nov. 15 . And on March 22 , another terrorist team directed by Islamic State bombed the airport and subway in Brussels , killing 32 people .",movement.transportperson.smuggleextract
nw_RCd85d3206bc8032aac2691aa56fc38d3036e3e0106ec1ab982bc6540b,"Trigger: airstrike
Document: On Sunday evening , the leader of Yemen ’s Houthi Ansarullah movement condemned the Saudi funeral attack , saying the assault points to the frustration of the United States and the Saudi regime in the war on the impoverished Arab country . The US has been supporting the Saudi regime in the war on Yemen . Abdul Malik al - Houthi said Saudi Arabia and its regional allies would not have carried out the Saturday airstrike if they had not received the green light from Washington . This photo provided by the media bureau of Yemen ’s operations command shows a Scud - type Borkan-1 ( Volcano-1 ) missile . Meanwhile , Yemeni army forces have launched a locally - designed and -manufactured Borkan-1 ( Volcano-1 ) ballistic missile toward an area deep inside Saudi Arabia in response to Riyadh ’s atrocious aerial attacks against the country .",conflict.attack.n/a
nw_RCf135b6f2c18bb31dfc7a909e89588cc8dbffb9d74168b6c56ac28840,"Trigger: embargo
Document: Both Moscow and the Trump campaign have said those claims were “ absurd ” . Orban ’s government has unnerved some partners with its close ties to Russia . It has secured large business deals with Moscow , such as the construction of a big new nuclear power plant , and criticised the European Union ’s embargo on Russia . “ Hungary ’s foreign policy has borne an eerie resemblance to Russian diplomatic interests in recent years , and indeed has been little short of an extended arm of the Russian government in foreign policy matters , ” the Political Capital analyst Peter Kreko said . “ I do n’t think Putin is behind the budding relationship between Trump and Orban but both are interested in improving Russian ties , so theirs is an alliance of interests . ”",transaction.transferownership.embargosanction
nw_RC0b6097dddfd8bb65bea27576e14d189724dd030961f055dbf03dbccb,"Trigger: charged
Document: Earlier this year , a U.S. grand jury indicted seven Iranians employed by two Iran - based computer firms on charges of hacking into the U.S. financial sector . In 2015 , Obama announced sanctions against North Korea for hacking into Sony Pictures . In 2014 , the United States charged five Chinese military hackers for economic espionage aimed at U.S. nuclear , metals and solar industries . A senior U.S. official said the administration is considering other retaliatory steps against Russia , but he declined to identify them . Those steps may remain covert , the official said .",justice.initiatejudicialprocess.n/a
nw_RCfdf9e17c65f59054c4847922fb19f34548a6b63ea7b995f60a798c12,"Trigger: extradited
Document: MADRID Two Indian men arrested in Spain for smuggling Russian anti - aircraft missiles were extradited to the United States , Spanish military police said in a statement on Thursday . Spanish police detained the pair in Barcelona in 2014 along with two Pakistani men , who have already been extradited , as part of a joint operation - dubbed Operation Yoga - with the U.S. Drug Enforcement Administration ( DEA ) to bust a smuggling ring based in the Catalonia region . The group had offered the Russian - built Igla missiles to foreign paramilitary groups .",justice.judicialconsequences.n/a
nw_RC79e1a14235b5972c82301b9eeed143db97bf86047ac2a9d4b3985e17,"Trigger: interviewed
Document: It may not have been the choicest of venues for Donald Trump , as he disputes the charge that he is being played by Russian President Vladimir Putin . But there he was Thursday , being interviewed on Russia Today , the network funded by the Kremlin . Trump ’s campaign said it was all a big mistake . The interviewer was Larry King , whom Trump has known for years .",contact.discussion.n/a
nw_RC3d43e58efa7e40ae2388c4a8a63ef3a85cd40d3cb38a230d8a86215a,"Trigger: purchasing
Document: Maybe Ng figured all that stateside fuss about the Clintons was forgotten when he made a series of brief trips to New York with suitcases of cash on a total of 10 occasions between July 12 , 2013 , and July 5 of this year . The amounts ranged from $ 200,000 to $ 900,000 , for a total in excess of $ 4.5 million . Ng may also have assumed that the feds could not prove otherwise when he told them the money was variously intended for gambling , acquiring real estate , and purchasing art and antiques . The FBI set to work . “ In truth and in fact the more than $ 4.5 million in cash was not principally used for or intended to be used for these purposes , ” the FBI concluded in the resulting criminal complaint filed last month .",transaction.transfermoney.purchase
nw_RC91699950e67828ddf5d10606e2048ec6e195fad0bfbd1c6ed17af642,"Trigger: assassinate
Document: It has spent those years arming and supporting Middle Eastern dictators and religious fighters , while rejecting out of hand all Soviet proposals to leave the region free to govern itself . In 1956 , the CIA tried another coup in Syria , arming and funding Islamic militants , but without success . For years , the CIA kept trying -- perhaps less comically than with its efforts to assassinate Fidel Castro , but certainly with greater consequences . This history is relevant not only as a guide to what not to do , but also because the people of Syria and the region know this history , so it illuminates how they view current events . Wesley Clark says Syria was on a Pentagon list of governments to overthrow in 2001 .",life.die.deathcausedbyviolentevents
nw_RC70b39f9c0fd6b27acc763af7b03b769a54ac288fe1adafd73f2cddc8,"Trigger: funded
Document: In 2008 , Trump ’s son , Donald Trump Jr , told a New York Russian real estate investors conference that a “ lot of money [ is ] pouring in from Russia ” . “ Russians make up a pretty disproportionate cross - section of a lot of our assets , ” he added . A lot of the money was destined for the 46-storey Trump Soho hotel and condos project on Spring Street in New York City , which was partly funded by group of Russian and ex - Soviet state billionaires . After allegations of fraud by buyers , the project was embroiled in an investigation by the Manhattan district attorney . Trump and his partners settled out of court .",transaction.transfermoney.giftgrantprovideaid
nw_RC745d53a04a859ac86c907427b1f98dda12794649e3f80a28e1e850ca,"Trigger: bruising
Document: "" The problem with Puerto Rico is they have far too much debt . "" Improving the GOP convention Trump no longer has to plan for the bruising prospect of a contested convention , but the now - presumptive nominee said he intends to inject his flair for show business into the party 's summer convention in Cleveland . Knocking the 2012 convention as the "" lowest - rated convention in the history of conventions , "" Trump said he would "" like to add something that would make people happy . "" "" We have to promote our country , "" Trump said .",life.injure.n/a
nw_RC1b20090fdd98dce31c1d1c24a24a9183efde45dedb817e32d13db03d,"Trigger: funeral
Document: On Friday , the Middle East "" Quartet "" - the United States , Russia , the European Union and the United Nations - published a report calling on Israel to stop building settlements . Israel 's policy of usurping Palestinian land in order to expand existing settlements and build new ones "" is steadily eroding the viability of the two - state solution "" , the Quartet said in the report . Yet , at the girl 's funeral in Kiryat Arba on Friday afternoon , several Israeli politicians vowed to expand Jewish - only settlements across the occupied Palestinian territory , Israeli media reported . READ MORE : ' There 's always an Intifada inside the Israeli prisons ' Referring to areas in the West Bank and present - day Israel , Israeli Education Minister Naftali Bennett , a member of the ultra - nationalist Jewish Home party , said : "" We will build in Sarona and Kiryat Arba , in Jaffa and Jerusalem , in Itamar and Beersheba . """,contact.funeralvigil.n/a
nw_RCccb71c215057415c927420ab9b192afbea8baaa5db136b5a32f585d4,"Trigger: oath
Document: Debate officials said no . ] The emails show that Kendall and Podesta discussed the matter by phone that evening . The next day , Kendall forwarded Podesta a series of documents showing that Broaddrick had previously denied the rape allegation under oath . Donald Trump held a news conference ahead of the second presidential debate on Oct. 9 with four women who have made allegations in the past against Bill and Hillary Clinton . The Washington Post ’s Glenn Kessler explains those allegations .",contact.commitmentpromiseexpressintent.broadcast
nw_RC10642bfcc8e38d16285e1fc17c03caf99588f9fbeb4cb9f033a88ddc,"Trigger: meet
Document: The stunt Ve?er : Border ruling will have consequences in both countries The upcoming decision of the arbitral tribunal on the border between Slovenia and Croatia , regardless of the fact that Croatia 's withdrawal from the arbitration agreement is null and void under in Special prosecutor to meet Senate committee leaders Special prosecutor Robert Mueller will hold talks this week with senior Senate Judiciary Committee members to ensure that there is no conflict between his investigation of potential collusion between � Better him than our country � : Keith Olbermann scorches Trump � s � presidency of self - destruction � GQ special correspondent Keith Olbermann on Monday excoriated Donald Trump � s � presidency of self - destruction , � arguing he is � bent on destroying himself and ending his � reign as the leader of the free El � as Has Fun At The Festival Reykjav � k Needs � Do you want this ? � � What is it ? � � It � s a cheeseburger , I don � t want it , you can have it . � � Oh , thanks . � ...",contact.discussion.meet
nw_RC28f77fd483576698f7f930684ffff9be77fe8619b1f596a739e7a6ee,"Trigger: misled
Document: We salute them . We know they are going to rescue the values and the principles of America against Obama . Obama is misled . Obama is bylined by Saudi dirty money . Saudi dirty money is destroying the principles of American values of America .",contact.prevarication.broadcast
nw_RC5757c62e252811650bd21ccd53059634c511846a7ce3e790f3d9e3ca,"Trigger: transport
Document: Julie Bishop said Russia would likely veto any moves by the United Nations security council to bring to trial those responsible , so other legal avenues would be considered . An international team investigating the downing of flight MH17 released its preliminary conclusions on Wednesday . The two - year investigation found close to 100 people were linked to the transport and firing of the Buk 9M38 missile that brought down the plane in 2014 . It found the missile had been driven from Russia into an area of eastern Ukraine controlled by Moscow - backed rebels . Russia has rejected all suggestions its military was involved in the incident .",movement.transportartifact.disperseseparate
nw_RCf2f3da326a2485bd5c3599c38b9ee1c38bca21c88032f9bddcb33e55,"Trigger: investigation
Document: Chelsea Manning , then known as Bradley Manning , who is serving a 35-year prison sentence . WikiLeaks also provided the documents to news outlets , including The New York Times . Despite a criminal investigation into Mr. Assange , he has not been charged ; the status of that investigation is murky . ) In addition , Mr. Assange criticized Mrs. Clinton for pushing to intervene in Libya in 2011 when Col . Muammar el - Qaddafi was cracking down on Arab Spring protesters ; he said that the result of the NATO air war was Libya ’s collapse into anarchy , enabling the Islamic State to flourish . “ She has a long history of being a liberal war hawk , and we presume she is going to proceed ” with that approach if elected president , he said .",justice.investigate.investigatecrime
nw_RC25878ed44d13d9e3d14ff3d36bf134ecaf6970a934ac2b4d602680cb,"Trigger: assembled
Document: Trump has been using this talking point for more than a year , and it ’s never been quite clear exactly what he meant . On its face , this claim does n’t make much sense : People in the country illegally , by definition , are not given the basic rights that people here legally — veterans or civilians — have . We examined the evidence assembled by the campaign and it ’s clear that these are apples - to - oranges comparisons that do n’t make much sense . Trump is citing a figure from the Bureau of Labor Statistics concerning Americans who are “ not in labor force . ” But the BLS data shows 93 percent of these people do not want a job at all . The picture that emerges from a study of the data is that the number consists mostly of people who are retired , students , parents or disabled .",manufacture.artifact.n/a
nw_RC917c3b9b2e7447f7810499d788b551940c3700f066203f480fa3b122,"Trigger: unloaded
Document: In Turkey , the private Dogan news agency reported that more than 30 of those wounded in Russian airstrikes in Azaz , primarily children , were transferred to a hospital in southern Turkey . It showed footage of ambulances arriving at the Kilis State hospital and medical personnel unloading children on stretchers and a girl wrapped in a blanket , as well as a handful of adults . "" They hit the school , they hit the school , "" wailed a Syrian woman who was unloaded from an ambulance onto a wheelchair . The Observatory and al - Halaby also reported an air raid on the village of Kaljibrin near Azaz . Al - Halaby said the air raid hit a school , killing seven and wounding others while the Observatory said five were killed .",movement.transportperson.bringcarryunload
nw_RC36f157482f8a67d4fd199dc4a3410d90ae4cc92640784d2146160d4c,"Trigger: debate
Document: In the first Clinton - Trump debate , Trump disputed moderator Lester Holt ’s comment that stop and frisk was ruled unconstitutional in New York . But he was wrong , resorting to word games to cover up the fact that while stop and frisk as a tactic is constitutional , the way the tactic was applied in New York City has been found unconstitutional . Also during the first debate , Trump tried to shrug off a racial discrimination lawsuit filed against his company in 1973 by arguing it was a federal lawsuit filed against “ many , many other companies . ” This is false . The Justice Department under then - President Richard Nixon though the case against Trump was one of the strongest ever for violations of the Fair Housing Act . Trump and his father eventually settled the suit – but they were back in court three years later , as the Justice Department in 1978 alleged that they had reneged on the agreement to allow minorities to rent properties .",contact.negotiate.n/a
nw_RC0575d3ecb11a5fa548e781da469809886ed7b4b824ec067de1c6cb31,"Trigger: massacre
Document: Where the London - based activist group said that at least 42 ISIS fighters had died . In the onslaughts ISIS committed killings of whole families for their cooperation with Syrian Army troops , according to Reuters , with some of those killed being beheaded . The residents in the area of the massacre called al - Bagilya , had received Russian humanitarian aid earlier . Sputnik news quoted a local in the area as saying : “ The horrific massacre carried out today by ISIL militants in al - Bagilya in Deir ez - Zor .",conflict.attack.selfdirectedbattle
nw_RC6ac4785184ff61ca157216a5265222861014d2bfad07674619e17ff8,"Trigger: recruiting
Document: It ’s positioning itself as a scrappy dissenter to the old Western media ’s monopoly on information , a theme Simonyan emphasized to me in a statement for this story . Americans , she said , watch RT for “ stories , views and analysis they wo n’t find in the mainstream media . ” As for criticism of RT ’s coverage of the United States and the 2016 campaign , she sounded a positively Trumpian theme , saying RT ’s critics are “ mostly members of the U.S. political establishment , who are uncomfortable with losing the longtime monopoly on information . ” Seated next to Simonyan at the dinner and just two seats away from Putin himself was perhaps the most intriguing example of how the Russians have gone about recruiting disaffected members of that establishment : a rugged - looking man in a tuxedo who less than 18 months earlier had been head of the Defense Intelligence Agency , the Pentagon ’s powerful in - house equivalent of the CIA . Michael Flynn , now a private citizen after a reportedly disgruntled retirement , was not there to gather intelligence . His attendance at the RT gala , before which he also gave a talk on world affairs , appeared to inaugurate a relationship with the network — presumably a paid one , though neither Flynn nor RT answered queries on the subject .",personnel.startposition.n/a
nw_RCcb637f3ca6ecd559954f7cdd02bc3a42fb5678c2fc4809ffd8c78b7d,"Trigger: importing
Document: This is why Turkey became anxious when Russia began delivering airstrikes against the IS infrastructure and destroyed more than 500 trucks with oil already . This really got on Erdogan and his company ’s nerves . They ’re importing not only oil , but wheat and historic artefacts as well . ” Bilal Erdogan denies Russian allegations Bilal Erdogan this week denied continuous Russian allegations that he and his family were profiting from the illegal smuggling of oil from ISIS - held territory in Syria and Iraq , after Russia ’s defence ministry said it had proof that the Erdogan family was benefiting directly from this trade .",movement.transportartifact.grantentry
nw_RC1745605dcbb36ad10e0f76e8bcfed32381bd3f00f5e4339e65f660b5,"Trigger: seized
Document: The AP visited its published address in Beijing and found a beauty parlor . The problem with carfentanil is not limited to the United States . In late June , Canadian authorities seized a kilogram of carfentanil shipped from China in a box labelled printer accessories . The powder contained 50 million lethal doses , according to the Canada Border Services Agency — more than enough to wipe out the entire population of the country . It was hidden inside bright blue cartridges labeled as ink for HP LaserJet printers .",transaction.transaction.transfercontrol
nw_RC1d161c635803e7e31051769b67d4e2888d52fb333342fae9cdb6eeb1,"Trigger: eradicate
Document: Humans can be exposed to anthrax by eating contaminated meat , breathing in spores or getting the bacteria on broken skin while handling animal products or carcasses . READ MORE : Anthrax infection found in Wiltshire cow Biological warfare troops and civilian emergencies specialists were deployed to the epidemic area to dispose of dead animals and eradicate pests such as rats , which can spread anthrax . A mass vaccination of the population was conducted over the last week . Livestock vaccination is currently underway with a total of 41,000 animals expected to be given anthrax vaccine doses .",artifactexistence.damagedestroy.destroy
nw_RC3f6b4158e5666e947b60ee214b95bea9133454ecf2fc2f1cb545192b,"Trigger: sack
Document: America ’s leviathan , blood - sucking , warmongering military needs to be sacked . The crass views of military top brass like General Breedlove show that this outsized excrescence is not only leading America to defeat ; it is , ironically , the biggest threat to American and world security . If Americans do embark on a political revolution , as Bernie Sanders implores , they need to not only sack the big banks . They need to sack the big tanks and all the other elements of the freeloading military gravy train that is destroying the country .",personnel.endposition.firinglayoff
nw_RC02406d6894eda6e05c390e5e2ab792c336ffa27ca1585cfdf88385e5,"Trigger: surrender
Document: "" This could mean a three - party alliance , rather than two - sided alliances [ of the US and Japan , and the US and South Korea ] , and this would pose a damaging threat to the stability of Northeast Asia , "" Song said . If South Korea drifts into the orbit of the US and Japan , China 's influence on the Korean peninsula could be badly compromised . At a military parade in Beijing to mark the 70th anniversary of the surrender of Japan last ­September , South Korean President Park Geun - hye was the only American ally present , standing with President Xi Jinping and Russian President Vladimir Putin . A few months later , the US and Seoul announced they would ­deploy the Terminal High Altitude Area Defense , or THAAD , system . Its stated purpose is to counter North Korea 's missile threat , but it could also be used to watch China .",conflict.yield.n/a
nw_RC2d26567fc14de8d04b26266eccb970d5f2791fa7a7fd0e8bc6a412fc,"Trigger: executed
Document: Rami Abdurrahman , who heads the Britain - based Syrian Observatory for Human Rights , said some ISIS fighters began feeding information to the coalition about targets and movements of the group 's officials because they needed money after the extremist group sharply reduced salaries in the wake of coalition and Russian airstrikes on ISIS - held oil facilities earlier this year . The damage and the loss of important ISIS - held supply routes into Turkey have reportedly hurt the group 's financing . "" They have executed dozens of fighters on charges of giving information to the coalition or putting ( GPS ) chips in order for the aircraft to strike at a specific area , "" said Abdurrahman , referring to ISIS in Syria . The militants have responded with methods of their own for rooting out spies , said the informant . For example , they have fed false information to a suspect member about the movements of ISIS leader Abu Bakr al - Baghdadi , and if an airstrike follows on the alleged location , they know the suspect is a spy , he said .",justice.judicialconsequences.n/a
nw_RC0c02875f7891b23cb938cbbc6fadfef6fa4adb6638ef21f70755c2c9,"Trigger: vowing
Document: Damascus has reacted harshly to the bombing of Kurdish militias in northern Syria on Thursday morning by Turkey ’s air force , vowing to intervene next time Ankara sends its planes over its border . Read more In a statement , the Syrian Defense Ministry accused Turkey of “ flagrant aggression , which targeted innocent citizens , ” saying that it considers it “ a dangerous development that could escalate the situation . ”",contact.commitmentpromiseexpressintent.broadcast
nw_RCe3f9c17cb88e1a8bd515e9853e8f37f4aca92677275634afe35a3d24,"Trigger: War
Document: The Republicans ’ creation will soon be let loose on the land , leaving to others the job the party failed to carry out . ” Then referring to himself , he added , “ For this former Republican , and perhaps for others , the only choice will be to vote for Hillary Clinton . ” [ See Consortiumnews.com ’s “ Neocon Kagan Endorses Hillary Clinton . ” ] Kagan , whom Clinton appointed to a State Department advisory panel , is married to Assistant Secretary of State for European Affairs Victoria Nuland , a former senior aide to Vice President Dick Cheney who rose under Clinton and helped orchestrate the Ukraine coup which sabotaged Obama ’s behind - the - scenes cooperation with Putin on touchy issues such as Iran and Syria . The Ukraine coup also opened the U.S. military - spending spigot even wider to pay for a new Cold War . [ See Consortiumnews.com ’s “ A Family Business of Perpetual War . ” ] Unpopular Warmongering",conflict.attack.selfdirectedbattle
nw_RCdd7e99c9fadb7e68c9beb031e6da1adcc0f1ce8a2c41c426636e32a2,"Trigger: debate
Document: In nine debates , Sanders has been asked questions about his socialism a total of ten times ( roughly the amount of questions asked about Russia ) . In the very first debate , CNN ’s Anderson Cooper , after bringing up Sanders “ honeymooning in the Soviet Union ” and support for the Sandinistas , pushed Sanders to pledge his loyalty to capitalism with three consecutive follow - up questions . Keep in mind these were the first four questions in the very first debate — the first impression millions of Americans had of the largely unknown senator : COOPER : Senator Sanders . A Gallup poll says half the country would not put a socialist in the White House .",contact.negotiate.meet
nw_RC178b08808ab2017f919eadf2cd07b95d63fabb62b56d00d730944569,"Trigger: hanged
Document: “ I saw her coming out with the head in her hands . I thought , wow , it must be a replica , ” he said . The man says he heard the perpetrator shouting : “ Allahu Akbar … The Russians will be hanged like this . The Russians will be slaughtered . ” The woman was dressed in black “ like Muslims , ” but her face was open , Manzhesov recalled .",conflict.attack.hanging
nw_RC99f89a3c11ae39aef6d00ee4bb05aa33d24631d3b84b05ac82619dea,"Trigger: wages
Document: ' Looking at ' raising minimum wage Trump , speaking with CNN for the first time as the presumptive GOP nominee , offered a glimpse of how he will seek to expand his appeal beyond the Republican primary electorate to whom he has catered his campaign platform . Asked whether he would consider raising the minimum wage , Trump said he is "" looking at that "" and "" open to doing something with it , "" despite claiming months earlier that he opposed raising the minimum wage because the U.S. needs to keep wages low to compete with foreign countries . "" I 'm actually very different from most Republicans "" on the issue , Trump said in the interview Wednesday . Republican lawmakers are overwhelmingly opposed to raising the federal minimum wage , which is currently $ 7.25 per hour , while Democrats have called for raising the wage floor to as high as $ 15 per hour .",transaction.transfermoney.n/a
nw_RC9fb90acbac68973b8448d92191ff62ed497fbff9ccbcff752c5b1ebc,"Trigger: eradicate
Document: In 1981 an epidemic of dengue hemorrhagic fever swept the island , the first major epidemic of DHF ever in the Americas . The United States had long been experimenting with using dengue fever as a weapon . Cuba asked the United States for a pesticide to eradicate the mosquito involved but were not given it . Over 300,000 cases were reported in Cuba with 158 fatalities . These are but three examples of decades - long CIA chemical and biological warfare ( CBW ) against Cuba .",artifactexistence.damagedestroy.destroy
nw_RCe04ce54dd8617fa0a8c770a020622c8451f597197f72bdc6d4c3c478,"Trigger: negotiate
Document: In a typical sale , the US government is involved every step of the way . The Pentagon often does assessments of an allied nation ’s armed forces in order to tell them what they “ need”—and of course what they always need is billions of dollars in new US - supplied equipment . Then the Pentagon helps negotiate the terms of the deal , notifies Congress of its details , and collects the funds from the foreign buyer , which it then gives to the US supplier in the form of a defense contract . In most deals , the Pentagon is also the point of contact for maintenance and spare parts for any US - supplied system . The bureaucracy that helps make all of this happen , the Defense Security Cooperation Agency , is funded from a 3.5 percent surcharge on the deals it negotiates .",contact.negotiate.correspondence
nw_RC47bbf245a9e46c9605181627d71b594eb662f0dc5123ada7fe2613a2,"Trigger: transport
Document: The Russian government is allegedly secretly paying young men to fight extremists in Syria , despite the Kremlin 's repeated claims that the country 's involvement in the war is strictly aerial , according to one report . On Wednesday , Britain - based Sky News reported that a private military company called ' Wagner ' — illegal under the Russian constitution — has been recruiting hundreds of men and flying them down to Syria on Russian military transport planes . The two men interviewed by Sky News , whose names have been changed to Dmitry and Alexander , claim they were paid the equivalent of $ 3,900 a month to fight against rebel factions , including the Islamic State . This , despite Russia 's claims the only people it has on the ground are instructors and military advisors , and Prime Minister Dmitry Medvedev telling a German newspaper in February that the presence of foreign powers in Syria could unleash a world war .",movement.transportartifact.n/a
nw_RCf47ff5fb1cda1e8bb7bd2553852a4f0910bf62e3a268a8e2bf7068b9,"Trigger: inspection
Document: Clinton , nevertheless , is by no means the only one to have accused Snowden of failing to raise concerns inside the NSA and enjoying the ostensible concomitant whisteblower protections . Many other politicians have used the same argument to criticize Snowden , including President Obama himself . Yet , as The New Yorker noted at the time , “ From a civil - liberties perspective — and a factual perspective — Clinton ’s answers were disturbing enough that they warrant parsing . ” The argument “ does n’t withstand inspection . ” At the time , it was already known that this argument was flawed . In its fact check of the October debate , The Washington Post noted , “ Clinton is likely wrong that Snowden would have received the protections of a whistleblower . ”",inspection.sensoryobserve.inspectpeopleorganization
nw_RC2fd1305c92c71e36bee0991591cd2208135e2873bf5d5bc8a4ead49f,"Trigger: advised
Document: "" From the media we discovered that some local authorities we approached coordinated their negative decision with the federal government , "" it said . "" That is quite the opposite to what ’s being told by the administration on independence of a decision - making process in the states . "" Reporters at the State Department 's daily press briefing on Friday asked if U.S. officials had advised individual states not to allow in Russian observers . Department spokesman John Kirby said he was "" not aware of any guidance that we gave to the states with respect to Russia specifically . "" Much of the diplomatic dust - up appears to revolve around terminology being used by both sides .",contact.requestadvise.correspondence
nw_RCa9630906e5f2a0b0bc1755a78697567dfdaa4e41edff9f9b8862420c,"Trigger: quit
Document: "" I have the information and facts that have never been published . "" Russia was suspended from international athletics in November after a special commission of the World Anti - Doping Agency ( WADA ) exposed widespread state - sponsored cheating and corruption . Kamayev , who quit as executive director of Russia 's Anti - Doping Agency ( RUSADA ) two months ago , died last weekend at the age of 52 . A Taas news agency report said it appeared his death was caused by a heart attack . Kamayev stood down from his position , along with the rest of the senior RUSADA management , in mid - December as Russia began working on lifting the suspension in time for its athletes to compete at the Rio de Janeiro Olympics in August .",personnel.endposition.quitretire
nw_RCc4fd2e2cf9f4766f88cd2148d27dd646c5eb42f7deb11d7ae37a23e2,"Trigger: purchasing
Document: In Trump ’s eyes , that may be a good thing . The story is familiar by now : Trump , a self - described real estate mogul , found his calling in reality TV . He cut his teeth in the ‘ 90s by purchasing and producing the Miss Universe pageant , then made his onscreen debut in 2004 as the host of NBC ’s The Apprentice , where he honed the craft of spinning publicity out of nothing and marketed his own pointed bluster as a cornerstone of his burgeoning new career . There ’s no doubt that Trump leveraged his media savvy — by keeping the spotlight on himself and making his opponents look foolish — to level up from a candidate few people took seriously to the official Republican nominee . But in the past couple weeks , it ’s become abundantly clear that Trump has no interest in actually leading the country .",transaction.transferownership.n/a
nw_RC088f8227320d18698df3d773f387ec73089968990c1cba814e1cd22f,"Trigger: importing
Document: This is why Turkey became anxious when Russia began delivering airstrikes against the IS infrastructure and destroyed more than 500 trucks with oil already . This really got on Erdogan and his company ’s nerves . They ’re importing not only oil , but wheat and historic artefacts as well . ” Bilal Erdogan denies Russian allegations Bilal Erdogan this week denied continuous Russian allegations that he and his family were profiting from the illegal smuggling of oil from ISIS - held territory in Syria and Iraq , after Russia ’s defence ministry said it had proof that the Erdogan family was benefiting directly from this trade .",movement.transportartifact.receiveimport
nw_RCfce098774c54ffc5f78124af42060eef0e99e87e225e68da64bdfa00,"Trigger: testify
Document: MORE from naming liberal justices to the Supreme Court . More than 20 Republicans interviewed by the Times described Trump as exhausted , frustrated , unwilling to accept advice and still confused by some points of the political process . Trump was reportedly upset that Sen. Marco Rubio Marco RubioOvernight Finance : Ryan seeks manufacturing muscle for tax reform | Warren targets Wells Fargo board | Senators raise concerns over Russian takeover of Citgo | Pelosi hits GOP for budget delays Senators ask administration to probe possible Russian takeover of Citgo Week ahead : Obama DHS chief to testify on Russian meddling MORE ( R - Fla . ) said in his re - election announcement he would stand up to the next president regardless of party . And he was unhappy with Rep. Peter King ( R - N.Y. ) for criticizing him on TV after accepting donations with him in previous years . Jason Miller , a spokesman for Trump , refuted the claims of those interviewed , telling the Times that Trump is "" very motivated "" and "" very focused . """,justice.initiatejudicialprocess.n/a
nw_RC5698f615e3e7ae7e9563780c0fb5896039fbff141903b7e8a98060be,"Trigger: negotiated
Document: Trump and Ryan would also both repeal Obama ’s health - care reforms and regulations on Wall Street . Democrats would be powerless to stop them . Trump could renounce the Paris climate accord immediately after his election , reversing international momentum toward green energy , and then quickly dismantle Obama ’s regulations that enabled the pact to be negotiated in the first place . Democrats in the Senate may threaten to filibuster legislative action , but if Republicans continue to control the Senate ( as they surely would after a Trump victory ) , they could abolish the filibuster with a simple majority vote ( as they surely would if it were all that stood in their way ) . Even if Republicans uncharacteristically were to shy away from such an aggressive approach , Congress could , under existing rules , pass a budget bill that is exempt from the filibuster as long as it contains only tax - and - spending - related matters .",contact.discussion.correspondence
nw_RC5ab4bc85b0877283df84f3bc6bfedcf59153e84af79fef022680adb8,"Trigger: buy
Document: The Bulletin of the Atomic Scientists says Pakistan is on course to have the world ’s fifth - largest inventory of nuclear weapons , and is spending more than $ 2.5 billion on nuclear weapons annually . Given the Pakistani obsession with matching India weapon for weapon , it is likely Islamabad will try and develop a Made in Pakistan BMD . At the same time , it will attempt to buy systems from outside as a hedge against failure . Either way the impact on the Pakistani economy will be immense . The Stockholm International Peace Research Institute lists India as the fifth largest military spender with an annual budget of $ 51 billion .",transaction.transfermoney.n/a
nw_RC15072663287da2fa010c15053189d0439f5c82add2e9b3f2888f7260,"Trigger: bombarding
Document: The French foreign minister has said he will ask the International Court of Justice to investigate possible war crimes in Syria . "" We do not agree with what Russia is doing , bombarding Aleppo . France is committed as never before to saving the population of Aleppo , "" Jean - Marc Ayrault said . France and Spain drafted a resolution on resurrecting an agreement on cessation of hostilities in the Syrian conflict which was put before a vote at the UN Security Council on Friday .",conflict.attack.selfdirectedbattle
nw_RC58cfd5f520393ed90eed371e6e7587c0d51a5d0507011cc2dec11c8c,"Trigger: smuggling
Document: Police in Istanbul and elsewhere have in the past months conducted similar raids on workshops that produce defective lifejackets sold to migrants . Turkey is under intense pressure to stem the flow of migrants to Europe . In November , it agreed to fight the smuggling networks and help curb irregular migration . In return , the European Union pledged 3 billion euros ( $ 3.25 billion ) to help improve the refugees ’ conditions . The International Organization for Migration says 284 migrants have died so far this year trying to make the dangerous crossing from Turkey to Greece .",movement.transportartifact.smuggleextract
nw_RCfb9cde42cfde02411c7653337da9fab78b72707f59cce823ded4eea7,"Trigger: poisoned
Document: But the highest concentrations were discovered at the table where the three men were sitting , and in and around the teapot . The polonium , the inquiry finds , was manufactured in a nuclear reactor , suggesting the role of a government rather than criminal networks . The report conclusively rules out suggestions that Litvinenko poisoned himself , or that he was poisoned by others , as Russian officials have suggested . “ The scientific evidence , ” Owen , the judge , said at a Thursday new conference , “ demonstrates conclusively that Alexander Litvinenko was poisoned by Andrei Lugovoi and Dimitry Kovtun . ” But Owen said the two killers had no “ personal reason ” to kill Litvinenko .",conflict.attack.biologicalchemicalpoisonattack
nw_RC1b152ac206d436a946553a0ecdb90c83785d7b831a5d71d4b64ba54f,"Trigger: reiterated
Document: Hillary Clinton reiterated her unreserved support for both a “ no - fly zone ” and “ safe zones ” in Syria during Sunday ’s presidential debate — but in a partial transcript of private remarks she made at a Goldman Sachs event in 2013 , she acknowledged some of the complications involved . Her comments were included in an 80-page report prepared by the Clinton campaign listing the most politically damaging quotes from Clinton ’s paid speeches , which she has refused to make public . Among the recipients of that report was Clinton campaign chairman John Podesta , whose hacked emails were posted by WikiLeaks on Friday .",contact.publicstatementinperson.n/a
nw_RC8b4abf9d2a8c95bb079cbd595bee02189790f6c1bfd877468fdf5a0a,"Trigger: charges
Document: He has revived Clinton ’s ethics and alleged illegality as the front - and - center question before the voters in the race ’s final week . To assume Comey ’s statement will have no effect , as many hopeful Clinton supporters do , is to assume the voters will respond in a way they have not responded before . Comey ’s announcement is a shocking breach of a vital , decades - old law - enforcement norm prohibiting the announcement of charges against candidates in the closing stages of the race . Staffers at the Department of Justice tried to steer Comey away from his announcement . His decision has baffled and outraged law - enforcement veterans in both parties , like Democratic former attorney general Eric Holder , Democratic and Republican former deputy - attorney generals Jamie Gorelick and Larry Thompson , and Republican former chief White House ethics lawyer Richard Painter .",justice.initiatejudicialprocess.n/a
nw_RC2842b58805241a5b5027f17b86b2f68fab873ee63c76f987b5480989,"Trigger: broadcast
Document: Speaking in English to Russia 's state - backed Rossiya 24 channel , Asma Assad , a London - born former investment banker , did not say who made the offers . But she said the people trying to get her to flee had not been Syrian and that their offers were "" stupid . "" "" I 've been here since the beginning and I never thought of being anywhere else at all , "" the 41-year - old mother of three told Rossiya 24 in an interview broadcast on Tuesday . "" Yes I was offered the opportunity to leave Syria or rather to run from Syria . These offers included guarantees of safety and protection for my children and even financial security .",contact.mediastatement.n/a
nw_RCfa4fbeeb96af8c851d9c84e97a0bb85e68a1c739f8468bc6b4b3c377,"Trigger: enact
Document: “ It is in no sense business as usual ” between Britain and Russia , she said , adding that Cameron would discuss the matter with Putin “ at the next available opportunity . ” [ Full report : Russian President Vladimir Putin implicated in fatal poisoning of former KGB operative ] That cautious stance is likely to disappoint Litvinenko ’s wife , who called Thursday for Britain to expel Russian intelligence officials and enact new sanctions in response to the killing of her husband . Speaking before the government ’s response became public , Marina Litvinenko said her husband ’s dying belief had been vindicated . “ I am , of course , very pleased that the words my husband spoke on his deathbed — when he accused Mr. Putin of his murder — have been proved true , ” she told reporters outside the Royal Courts of Justice in central London .",government.legislate.legislate
nw_RCe183038ddfb8598faf27507e84c5fb419791b7c9f0655078daeb3772,"Trigger: auctioning
Document: A mysterious online group calling itself “ The Shadow Brokers ” is claiming to have penetrated the National Security Agency , stolen some of its malware , and is auctioning off the files to the highest bidder . The authenticity of the files can not be confirmed but appear to be legitimate , according to security researchers who have studied their content . Their release comes on the heels of a series of disclosures of emails and documents belonging mostly to Democratic officials , but also to Republicans .",transaction.transfermoney.purchase
nw_RC0f11f9533e61fddee39f53b45f38dbcf29defa39ded011cf7aec0f40,"Trigger: died
Document: Mike Pence , whose son is in the Marines , said Capt . Humayun Khan died defending his country in the war on terror . He blamed Clinton and President Obama — who was an Illinois state senator when Khan died — for allowing the Middle East to be “ overrun ” by the Islamic State . Pence said proposals such as Trump ’s plan to bar immigrants from certain countries will help reduce military deaths . “ Donald Trump and I believe that Captain Humayun Khan is an American hero and his family , like all Gold Star families , should be cherished by every American , ” Pence said .",life.die.nonviolentdeath
nw_RC04992035300b2ec94d8692646a28dc8b5f210c94842d20834c5342df,"Trigger: injured
Document: : : History Of Deadly Attacks In France One , Laurence Olding , was with his fiance and jumped over a promenade wall onto the concrete below to avoid the truck . Emerging from hospital in bandages he said : "" There was debris in the streets , people lying injured or dead in the road . "" Video : Hollande On ' Horror ' Of Attack Two Americans - Sean Copeland and his 11-year - old son Brodie from Texas - have been confirmed among the dead , a US official said .",life.injure.n/a
nw_RC145b172bc59fdc46e7e4f90864f32fa130847831ad8e75499670d4fb,"Trigger: debate
Document: Trump tweeted on Sunday , a sentiment he also expressed in posts and during rallies in Maine and New Hampshire on Saturday . The comments raised questions both from Republicans and Democrats about whether he would accept the outcome should he lose to Clinton . Trump said after the first presidential debate in September that he would "" absolutely "" accept the election outcome . But a few days afterward , he told the New York Times : "" We 're going to see what happens . "" He has also urged his supporters to keep an eye on voting locations to prevent a "" stolen "" election , which some critics interpreted as encouraging them to intimidate voters .",contact.negotiate.correspondence
nw_RC0b20b25d9cbfcd5925115f2b45f359e1a426dbbce575f3662b7574b8,"Trigger: stabbings
Document: RELATED : With Disasters Everywhere , It ’s Time to Take Foreign Policy Seriously Again In what mental universe other than the president ’s does being raised in Hawaii and Indonesia and spending adulthood rising through the academy and U.S. political institutions grant someone a deep ( or even superficial ! ) understanding of Zionism , of the Holocaust , of four wars for survival over 25 years , of unending terrorist violence directed toward civilians , of hijackings and kidnappings and bombings and stabbings , of SCUD attacks from Iraq , rockets from Lebanon and Gaza , incitement and de - legitimization campaigns from Tehran ? Conversely , what in President Obama ’s life story leads him to comprehend the Palestinians , addicted to enmity and resentment and violence , victims of institutional collapse and official corruption , awash and adrift in the worst movements of the last 100 years , from nationalism to socialism to pan - Arabism to Islamic fundamentalism ? Does Obama actually believe that buried in every disagreement with him is an assumption of his inferiority ?",conflict.attack.stabbing
nw_RC124bce40e52eb6a4467892fb6f456180800dc489779d18a015248ebc,"Trigger: debate
Document: She has many paths to 270 electoral votes , Trump at the moment has none . All the usual caveats apply . There is a final debate in nine days in Las Vegas . More damaging information could come out about Clinton . External events could shift the landscape in the GOP nominee 's favor .",contact.discussion.meet
nw_RC6178f0a31932cc5a90e0b66165de46ad5fc24e7aab55c43ba3820122,"Trigger: donating
Document: For example , it took me all of about 5 minutes to find a list of donors and their email addresses , which I wo n't be sharing here , but I 'm sure others can find as well . And , then , of course , you can find things like this discussion about a potential donor , Niranjan Shah , with "" ties "" to disgraced and convicted former Illinois Governor Rod Blagojevich , noting that there were "" pay to play "" accusations associated with him . The DNC noted that they "" could be ok "" with Shah donating to the DNC , but that the administration might not want him to show up at their events . And , of course , there are emails detailing specific donations by specific people . There are claims that some emails contain credit card data , though I have n't seen that myself . Either way , it certainly appears that in the rush to "" nothing to see here "" the leak of the info , the DNC simply lied about what was leaked .",transaction.transferownership.n/a
nw_RC3b2030c02e0afe47139f497e76d2090ffac6d0d97074ecd3d165e230,"Trigger: transported
Document: A soldier fires a rocket launcher as other U.S. servicemen watch during the Exercise Noble Partner on May 14 . ZURAB KURTSIKIDZE / EPA The equipment was shipped across the Black Sea and transported by rail to the military training area . For the Georgian military , the exercise has become a source of prestige . "" We are proud to have them here and it ’s a unique opportunity to train with these advanced troops and this advanced equipment , "" Lt . Col . Beka Ambroladze said .",movement.transportartifact.disperseseparate
nw_RC63d1e27e0209ee8a90a97fa17cf774fb7934c8d2288084c5f69b5fcd,"Trigger: promised
Document: Where , they ask , is the M - F'ing love ? What about those conservative principles we 've spent decades telling you flyover - country hicks you 're supposed to have ? "" Trump has also promised to use tariffs to punish companies , "" wrote David McIntosh in the Review 's much - publicized , but not - effective - at - all "" Conservatives Against Trump "" 22-pundit jihad . "" These are not the ideas of a small - government conservative ... They are , instead , the ramblings of a liberal wanna - be strongman . """,contact.commitmentpromiseexpressintent.broadcast
nw_RC3e6cc61afbb319c7591ad080d782fb8cbd4da2b0a8383f7f3017b7e7,"Trigger: bomb
Document: Andrew Weber , a former Obama administration official who served as the assistant secretary of defense for nuclear , chemical and biological defense programs , also cautioned against increasing the US atomic stockpile . He cited excessive costs and the unnecessary power of some US nuclear weapons . The US B83 gravity bomb , for instance , has a yield of over one megaton , roughly 75 times the catastrophic yield of the Hiroshima "" Little Boy "" bomb that killed nearly 150,000 Japanese civilians . "" It has no legitimate use today , "" said Weber at the Arms Control Association conference . "" We do n’t need nuclear weapons in the megaton plus range of yield . """,conflict.attack.bombing
nw_RC93494fe7e657448c70355afa78b68b6f543d9efbcc463a1ce4dac4f8,"Trigger: announced
Document: Trump and Clinton will reportedly begin receiving classified briefings after this week ’s convention . House Speaker Paul Ryan had previously asked Director of National Intelligence James Clapper to deny Clinton classified briefings , due to her use of a private email server as Secretary of State , but Clapper has said that briefings would be provided for both candidates on a nonpartisan basis . This month , FBI Director James Comey announced that while Clinton would not be charged for having classified information on her server , it was “ possible ” that hostile foreign governments had gained access to her email account . Rep. Devin Nunes said in a statement that Trump ’s comments addressed unanswered questions from that investigation . “ Most likely , Donald Trump was simply making light of Hillary Clinton setting up her own homebrew email server that trafficked in classified information and her sending insecure emails from the soil of known foreign adversaries .",contact.publicstatementinperson.n/a
nw_RC9aa12be18c6ab00784157b4bd0cdf2a419652a55c87f655240fff270,"Trigger: embargo
Document: More than 30 billion dollars ( £ 21 billion ) in assets overseas will become immediately available to the Islamic Republic . Official Iranian reports have set the total amount of frozen Iranian assets overseas at 100 billion dollars ( £ 70 billion ) . A European oil embargo on Iran will also end . Already , some 38 million barrels of oil are in Iran 's floating reserves , ready to enter the market , according to the International Energy Agency . Although many in Iran welcomed the deal , not everyone was enthused about the agreement , which limits Iran 's nuclear programme in exchange for the lifting of sanctions .",transaction.transferownership.embargosanction
nw_RC3f15a8a42cca4277955f3b68c372666d3fb6406861c3eac923f456a7,"Trigger: withdraw
Document: NATO military vehicles with American flags that were put on display in a central square of Chisinau , Moldova ’s capital , had to withdraw before Monday ’s V - Day march and retreat outside the town after the show - off sparked fierce opposition from the locals . The exhibition of US military equipment on the city ’s Great National Assembly Square on Sunday was presented as part of the V - Day celebrations , but instead provoked hundreds of protesters to take to the streets in outrage . Activists opposing NATO ’s presence in the country waved banners that read “ Go home,”“We do n’t need NATO , ” and “ Moldova is a neutral state . ”",conflict.yield.n/a
nw_RC598cc676878c6b181efae7dd4eab1efc5f22db3b55c9bd33cdedfd1a,"Trigger: indicted
Document: Exclusive : Before the Democrats lock in their choice for President , they might want to know if Hillary Clinton broke the law with her unsecure emails and may be indicted , a question that ex - CIA analyst Ray McGovern addresses . By Ray McGovern A few weeks after leaving office , former Secretary of State Hillary Clinton may have breathed a sigh of relief and reassurance when Director of National Intelligence James Clapper denied reports of the National Security Agency eavesdropping on Americans .",justice.initiatejudicialprocess.chargeindict
nw_RCaa074b57575e3e8360aa55feb606a85d576adbfbee5527766289308f,"Trigger: evacuated
Document: More than two thousand of those deer have already died , all of them in the Yamalo - Nenetsky area . This territory is located above the Arctic Circle , and is generally known for a very long winter that lasts up to 8 months , and extremely low temperatures , reaching -70 degrees Celsius . A total of 90 people , half of them children , were taken to hospital after being evacuated from the remote area where the infection spread . Most of them tested negative for the disease . Yamal residents are collecting donations for the evacuees , who had to leave most of their possessions behind .",movement.transportperson.evacuationrescue
nw_RC8bbe1bc8593bddf970bffeebf6418a0428fe610f249aa76514a38ddf,"Trigger: intimidate
Document: In a series of tweets Wednesday , Warren challenged House Science Committee Chairman Lamar Smith ’s ( R - Texas ) decision to subpoena communications between state attorneys general investigating Exxon 's claims . Massachusetts Attorney General Maura Healey is one of the leaders in that effort , and one of the officials whom Smith ’s committee subpoenaed last week . Warren tweeted that Smith ’s push is “ how giant corporations rig the system ” by trying to “ intimidate ” Healy . “ Now @exxonmobil got the Chair of the @HouseScience Committee — a TX Republican who has taken $ 675k from oil & gas — to subpoena @MassAGO , ” she tweeted . “ Yup , that ’s right : House Republicans are interfering with a state AG ’s ongoing investigation of a company violating state law . ”",contact.threatencoerce.correspondence
nw_RCfd41ac080eacd394a76f521a4769b6d5dd2cafe6045e6641c6a6c53d,"Trigger: preached
Document: Bringing criminal charges — as the Justice Department has done with state - backed hacking suspects in Iran and China — can require years . And the U.S. has never leveled any official public reprisal for hacking by Russia , despite years of evidence that hackers linked to Vladimir Putin ’s regime have carried out intrusions of the White House , State Department and Pentagon . Obama himself preached caution at a news conference this week . Imposing penalties , he said , “ requires us to really be able to pin down and know what we ’re talking about . ” The prospect of a lengthy wait is unnerving for Clinton supporters , who see potential repeats of last month ’s mass release of Democratic National Committee emails as one of a handful of unpredictable curveballs that could still toss the White House to Donald Trump .",contact.mediastatement.n/a
nw_RC6ff1d07c82662187fb752d76521e9415d87e9a77d8ac6e88ad2f60de,"Trigger: invaded
Document: Clearly , he loves the semi - useful information hacked from Democratic officials , the Clinton Foundation , and state election systems . But Trump curiously refuses to acknowledge that this love originates with Russian criminals , and he still has n't explained his pro - Kremlin sympathies . He has n't explained why he repeatedly calls a kleptocrat a "" stronger leader "" than President Obama , other than poll numbers ; why he claims Russia had not invaded Ukraine or annexed Crimea ; why he has n't denounced its intimidation of the Baltic states , or has n't pledged his allegiance to NATO allies against Russian aggression ; why he rejected Mike Pence 's call for Putin 's provocation to be "" met with American strength "" ; and why he calls for Russians to commit more cyber - espionage . Nor has he acknowledged how he was bankrolled by Russian investors , when American banks closed the spigot after his multiple bankruptcies ; and how his three advisors - Paul Manafort , Carter Page , and Lt . Gen. Michael Flynn - have connections to Russian oligarchs . The Clinton transcripts are interesting reading , but little else : She seems wobbly on fracking , trade and Keystone , but she largely comes across as a smart and pragmatic politician .",conflict.attack.invade
nw_RC616fb80c58da28db82d7056657e5f03f0890cc730e1910f4795ce284,"Trigger: vote
Document: “ I do still plan to vote for the orange buffoon . He is a ridiculous egomaniac who has found the recipe for stirring up support among discontented voters , ” said a manager from South Carolina . “ My only regret is that I wo n’t be able to say that I cast a vote for the first woman to ever hold the presidency , but I have little doubt she will win . By the way , my 20-year - old self would be appalled by the complete political cynicism of my 52-year - old self , ” he added . A 20-year - old Arab student from Missouri says he backs Trump because he ’s flipped US politics .",government.vote.n/a
nw_RCeaeac10a6531b6297a3a5fbfbe009d72589208f680c4f5de73e96128,"Trigger: urge
Document: Every president and first lady face vicious criticism ; most of them , however , have not had to explain it to small children . “ That is what Barack and I think about every day , ” Obama said , “ as we try to guide and protect our girls through the challenges of this unusual life in the spotlight . “ How we urge them to ignore those who question their father ’s citizenship or faith . How we insist that the hateful language that they hear from public figures on TV does not represent the true spirit of this country . How we explain that when someone is cruel or acts like a bully , you do n’t stoop to their level .",contact.commandorder.n/a
nw_RC61d02e0e079a89da7e2e150bb3c5935213a9df255fff33dbbd467a91,"Trigger: immigrated
Document: "" It 's a practice of mine to figure out how I can minimize energy use . "" He was born in Norway into a long line of watchmakers , which may contribute to his own meticulousness . At 15 , he and his parents immigrated to the United States . His father was a consulting engineer , but the younger Heede was n't keen on "" fixing problems that should not have been created in the first place""—which , he admits , is exactly what he 's doing these days . Heede has spent most of his life in Colorado , and he has the solid build and weathered face of someone who has spent lots of time in the mountains .",inspection.sensoryobserve.inspectpeopleorganization
nw_RC05164653a9ab41381181fd02de7a94d256ed4743db7d2cef0c4b24fe,"Trigger: jailed
Document: She hammered away at Pakistan ’s “ persistent ‘ hate India ’ campaign , ” which she blamed for the two previous India - Pakistan wars . Then she gave an expansive denunciation of Pakistan . Since its creation , it had jailed or exiled rival politicians . Many of its regions , like Baluchistan and the North - West Frontier Province , sought autonomy . ( India , she claimed , had always shown some forbearance toward its own separatists – something that might have come as news to the Nagas and Mizos . )",justice.arrestjaildetain.arrestjaildetain
nw_RC97e5a6cdea545d59a6f56667b5663612d3a0dcb01d28e1b478fc21c0,"Trigger: blackmail
Document: It added that the net economic effects would probably be "" negative and substantial "" . But economists for the Brexit campaign said the consensus that a UK exit would be bad for the economy was "" based on flawed EU - centric models "" . Meanwhile , Russian President Vladimir Putin has accused UK Prime Minister David Cameron of holding the referendum to "" blackmail "" and "" scare "" Europe , and France 's economy minister says Britain would become as significant as Guernsey if it voted to leave . ' Substantial Brexit costs ' There are five days to go until the UK votes on whether to stay in or leave the European Union on 23 June .",contact.threatencoerce.broadcast
nw_RCd2fca28815e7501c2a28332f7ddf484804a4faa83d10737205a5d24b,"Trigger: Boycott
Document: Plight of the Palestinians Beyond the nuclear deal with Iran , Netanyahu has exacerbated tensions with the US and the European Union with his handling of the Palestinian question . A burgeoning campaign known as BDS , for link:18506073 : Boycott , Divestment and Sanctions has taken root , and nowhere more so than in Europe # - which remains Israel 's largest export destination . But Netanyahu was incensed when new EU guidelines came out late last year calling for labeling goods grown or manufactured in the occupied West Bank . Watch video 03:55 Share West Bank heritage site highlights tensions Send Facebook Google+ Whatsapp Tumblr linkedin stumble Digg reddit Newsvine Permalink http://p.dw.com/p/1Ioug West Bank heritage site highlights tensions",transaction.transfermoney.embargosanction
nw_RC901b58a4750bc83431cc7831b5a1fbd0ba210042cd1e30f65d90cc5c,"Trigger: wage
Document: Asked whether he would consider raising the minimum wage , Trump said he is "" looking at that "" and "" open to doing something with it , "" despite claiming months earlier that he opposed raising the minimum wage because the U.S. needs to keep wages low to compete with foreign countries . "" I 'm actually very different from most Republicans "" on the issue , Trump said in the interview Wednesday . Republican lawmakers are overwhelmingly opposed to raising the federal minimum wage , which is currently $ 7.25 per hour , while Democrats have called for raising the wage floor to as high as $ 15 per hour . JUST WATCHED Donald Trump : Then & Now Replay More Videos ... MUST WATCH Donald Trump : Then & Now 01:48 Trump took fire from conservatives and Republican primary opponents earlier in the campaign when he told Fox News that "" everything is negotiable "" as he responded to a report that he suggested to The New York Times editorial board in an off - the - record meeting that his immigration views are in fact more flexible than the hardline positions he laid out during his primary campaign .",transaction.transfermoney.payforservice
nw_RCe75a82ff099cf87eec2006cb4ecf16fdd55d4d745e1ed04811ae6dcd,"Trigger: negotiating
Document: “ As to whether they assimilate or not , you make the decision , ” Mr. Trump said . “ But assimilation has not been exactly a positive factor . ” Mr. Trump , who last month said he would be open to negotiating directly with Kim Jong - un , the North Korean leader , went further on Wednesday in his commitment to being open to talk to anyone . “ I would n’t go there , that I can tell you , ” Mr. Trump said of North Korea . “ If he came here , I ’d accept him , but we would n’t have a state dinner like we do for China and all these other people who rip us off . ”",contact.discussion.meet
nw_RC7e2e6b2169b97208c9f7bceab2a92bcc7ad8e07ae23dbb76e3487657,"Trigger: murdered
Document: WikiLeaks founder Julian Assange floated the possibility on Tuesday that a murdered Democratic National Committee staffer was an informant for the organization . “ Whistleblowers often take very significant efforts to bring us material and often at very significant risks , ” Assange said in an interview on to be aired Tuesday with the Dutch television program Nieuwsuur . “ There ’s a 27-year - old who works for the DNC and who was shot in the back , murdered , just a few weeks ago , for unknown reasons as he was walking down the streets in Washington . ” Seth Rich , shown at left , a DNC employee who did voter outreach , was shot to death last month early in the morning in Washington , D.C. The case is unsolved and Washington , D.C. , police have speculated it was an attempted robbery .",life.die.n/a
nw_RCc4036358190b357f97a526dfc0564b806a01341218e0ac1bc3f5d230,"Trigger: Buy
Document: FBI agents met senior Clinton officials in Brooklyn in March to warn them it was the target of cyber attack . It was weeks before the attack on the Democratic National Committee came to light . Buy Yahoo News ' Michael Isikoff reported Friday that agents asked the campaign to hand over internal computer logs and senior officials ' email addresses . Through lawyers , the campaign refused to give over the information because ' the FBI ’s request for sensitive personal and campaign information data was too broad and intrusive ' , Yahoo News said . The involvement of the Justice Department 's national security division is a sign that the Obama administration has concluded that the hacking was state sponsored , individuals with knowledge of the investigation said .",transaction.transferownership.purchase
nw_RC8cb94c89543ce88a320cefcab95dde94e9cdb7d968263c8e80e8e268,"Trigger: enact
Document: Reality check : Clinton on her role pushing sanctions on Iran By Kevin Liptak , CNN Clinton claimed she led efforts to enact new sanctions on the regime during her tenure as the nation 's top diplomat . "" I spent 18 months putting together the coalition that imposed international sanctions on the Iranians that forced them finally to begin negotiating with us to get an end to their nuclear weapons program , "" she said . It 's a line Clinton has used regularly in her bid for the Democratic nomination , and her campaign has pointed to her efforts pressuring foreign partners -- namely Russia and China -- to agree to United Nations Security Council sanctions on Iran .",government.legislate.legislate
nw_RCd765e83b8ec85e4bab8a3b1762b09d8230b6a7bc8848f6e99f7bfeeb,"Trigger: donated
Document: Sen. Bernie Sanders ( I - VT ) and Hillary Clinton will debate tonight in Wisconsin as both try to court minority voters who will dominate the caucuses and primaries ahead . The debate will take place hours after a Washington Post revealed that the State Department subpoenaed the Clinton Foundation . PBS ’s Judy Woodruff , who will moderate the debate with Gwen Ifill , donated to the Clinton Foundation . So it will be interesting to see if Clinton is grilled on today ’s report . advertisement",transaction.transfermoney.giftgrantprovideaid
nw_RC5ff9f01f8580613f00b8c7697f0e6db3f829a6a3e4d9f62f2db9005b,"Trigger: spy
Document: Myers did not estimate what percentage of the records or the data was classified or obtained from the NSA , where Martin worked under a Booz Allen contract . The New York Times said he was suspected of removing source code from the NSA developed to hack into the networks of foreign governments . In the wake of Snowden 's disclosures about the NSA 's snooping at home and abroad , the spy agency and other federal agencies sought to step up their controls on sensitive information . Limits were adopted on the use of digital media , such as thumb drives , in many workspaces . NSA announced it adopted new "" two - man key "" policies designed to prevent a single employee from absconding with a vast trove of data , as Snowden did .",government.spy.spy
nw_RCf3638b32dd47d692e500102ded2fde16913b87d836637b1ef7c6f967,"Trigger: battle
Document: The TNM , based in this humid corner of south - east Texas near the Louisiana border , is the most prominent and best organised of the groups that want the Lone Star state to go it alone , and plausibly asserts that the issue is growing in popularity and gathering more mainstream credibility ( or at least , less mainstream ridicule ) . Miller , 42 , is a polished advocate who grew up in a politically active household and became frustrated by what he sees as the shackles of a federal government that are stopping Texas from reaching its full potential . Buoyed by the rearguard action at the battle of the Alamo , Texas toiled to free itself from Mexican rule and was an independent nation from 1836 to 1845 . But its fiercely solitary spirit did not fade when it became part of the union . Texas Independence Day , 2 March , is still an annual state holiday .",conflict.attack.selfdirectedbattle
nw_RCdaf91fc623d63b5f821b6a5fbe10859486a5676dc6a529f38eab04e0,"Trigger: embargo
Document: So , we have had a major hand in the chaos of Syria and , indeed , the major hand instigating the chaos in the Middle East . So , being the wealthiest country in the world , it ’s very important that we do our share in caring for the Syrian refugees . But , let me say , it ’s also really important that we go back to this crisis in Syria and in the Middle East , and instead of continuing to pour gasoline on this fire , we need to take a stand on behalf of a weapons embargo to all parties , since our weapons are getting into the hands of all parties . We need to impose a freeze on the bank accounts of our allies that are continuing to fund terrorist enterprises , and to work with the Turks , who are our ally — in name , at least — to close down their border to the flow of terrorist militias across their border . That is the contribution that we need to make .",transaction.transfermoney.embargosanction
