source_id,text,n_votes,votes_Care,gt_Care,votes_Equality,gt_Equality,votes_Proportionality,gt_Proportionality,votes_Loyalty,gt_Loyalty,votes_Authority,gt_Authority,votes_Purity,gt_Purity,votes_Thin Morality,gt_Thin Morality,votes_Non-Moral,gt_Non-Moral,vote_share_majority
mfrc_7c89035da1f17693c9a7,"Yep, not anti-labor; more anti work-as-it-exists-as-an-institution. At least that’s my perspective. ❤️",3,0,0,0,0,1,0,0,0,0,0,0,0,0,0,2,1,0.9166666666666666
mfrc_ed14644ce80349dd1509,What a horrible take. New ideas are in not inherently better than old ones. This entire post is just rehashing things Marx had already observed and/or predicted 150 years ago.,3,0,0,0,0,0,0,0,0,0,0,0,0,1,0,1,0,0.9166666666666666
mfrc_40fd5eeea0b19a5f0441,"we have farron

Macron only had a 4 point lead on Melenchon, if Corbyn loses by more then that then l have folders of memes to delete",3,0,0,0,0,0,0,0,0,0,0,0,0,0,0,3,1,1.0
mfrc_e57c719c331b980ce6ac,"You just don't get it do you.

This is why (((Macron))) won",3,0,0,0,0,0,0,0,0,0,0,0,0,0,0,3,1,1.0
mfrc_e70b46c26d16931507d2,"""“A wokefish may at first present themselves as a protest-attending, sex-positive, anti-racist, intersectional feminist who drinks ethically sourced oat milk and has read the back catalogue of Audre Lorde, twice.” However, in actuality, these practitioners of false identity politics couldn’t care less.""

LOLOLOLOL.  So basically, Twitter for dating.",3,0,0,0,0,0,0,0,0,0,0,0,0,0,0,3,1,1.0
mfrc_f1d07c4c4112ba0630e6,Negligence. Any good ambulance chaser could spin a case for me to pay also,3,0,0,0,0,0,0,0,0,0,0,0,0,2,1,0,0,0.9583333333333334
mfrc_175da22bd7b4f509f52c,"Laxitives are intentional tampering, on the other hand: incredibly hot chilli sauce could just be your personal taste preference",3,0,0,0,0,0,0,0,0,0,0,0,0,1,0,2,1,0.9166666666666666
mfrc_8bfb63ae7ee5f741b7d9,NTA - your partner absolutely is. Anxiety doesn’t justify his behaviour.,3,1,0,0,0,0,0,0,0,0,0,0,0,0,0,2,1,0.9166666666666666
mfrc_b02fb10cb3d22fad8fc6,"&gt; The fact that both sides play the same argument is proof enough.

Yeah, except that one side was investigated for crimes and no evidence was found, so she had no charges filed against her.

The other side has charges pending against him for tax fraud. And lawsuits for rape.

But yeah... ""sAmE bOtH sIdEs"", Mr Enlightened Centrist.",3,0,0,0,0,0,0,0,0,0,0,0,0,1,0,2,1,0.9166666666666666
mfrc_a1c9794c4177b10a271f,From your spelling it’s clear you have been suspended a while lmao,3,0,0,0,0,0,0,0,0,0,0,0,0,1,0,2,1,0.9166666666666666
mfrc_d96312d8e4489e701d44,Why Le Pen didn't release her emails? What's she is hiding?,3,0,0,0,0,0,0,0,0,1,0,0,0,0,0,2,1,0.9166666666666666
mfrc_3eb8df6ff8e4fca1a040,Is she mocking Macron and his voters? Or does she actually think people will believe she's disassociating from FN?,3,0,0,0,0,0,0,0,0,0,0,0,0,1,0,2,1,0.9166666666666666
mfrc_d4cea5341330571920d6,He didn't proposed Le pen as a solution for his consultation. Don't really know what to think about it.,3,0,0,0,0,0,0,0,0,0,0,0,0,0,0,3,1,1.0
mfrc_623e1a372b7066496573,You are arguing with someone who clearly hasn’t conceived of life before social media or that celebrations can take place without involving public demand for recognition,3,0,0,0,0,0,0,0,0,0,0,0,0,0,0,3,1,1.0
mfrc_e48a1fbd69c6cab8a266,"Music, history, nature channels have all turned their shows to more profittable and trashy programs.

News channels are the same. Profit based. If they get more views by putting clowns or yelling Karens, they will.",3,0,0,0,0,1,0,0,0,0,0,0,0,0,0,2,1,0.9166666666666666
mfrc_a616930f57cdcb675011,"Yea, don't put up with that bs. You don't have to tolerate anyones creepieness and it's perfectly okay to show everyone else his self he shows to you.",3,0,0,0,0,0,0,0,0,0,0,1,0,1,0,1,0,0.875
mfrc_af9860071f1914ddc847,"Im a Democrat. I have a *Religious* bias.

I'm sick of politicians legislating their fairy tales.",3,0,0,0,0,0,0,0,0,0,0,0,0,0,0,1,0,0.9583333333333334
mfrc_8e4a47e4f253744c6476,"Sometimes I think they're not actually real people ala The Truman Show lol 

Seriously though, I know so many people who land these awesome jobs right out of school and managed to buy a house at like 23. Even though they have massive student loan debt they never seem to struggle with money and go on a bunch of vacations every year, that their jobs never give them shit about taking the time off for.

It really makes no sense.",3,0,0,0,0,0,0,0,0,0,0,0,0,0,0,3,1,1.0
mfrc_fff4e19ef0651588fd48,I am starting to think the left might be violent.,3,1,0,0,0,0,0,0,0,0,0,0,0,0,0,2,1,0.9166666666666666
mfrc_40f488eff1c2c369d4e7,"Dutchman here. You're getting closer but are not exactly there yet. There are 2 provinces in the Netherlands with Holland in the the name, Noord-Holland and Zuid-Holland (North and South respectively).  
  
[Pretty insightful video on the situation] (https://youtu.be/eE_IUPInEuc)   

Edit: also, in regards to being named Hollanders I don't think most people really mind. I don't think I've really met anyone who's been annoyed by it, and I was born and raised in a southern province. Heck, we all shout ""Holland!"" when our national soccer team is playing. ",3,0,0,0,0,0,0,0,0,0,0,0,0,1,0,2,1,0.9166666666666666
mfrc_0b610883b173abce0cb6,"I’m 38 and literally don’t give two shits anymore. I do what I want, slack at my job because I learned my boss tolerates slackers so I stopped doing everything, and I just make enough to get by. My work does tuition reimbursement so I’m taking classes I like and not really caring about an eventual degree lol. Nobody really cares that much what you do, anyway. You learn that as you get older.",3,0,0,0,0,0,0,0,0,0,0,0,0,0,0,2,1,0.9583333333333334
mfrc_235c3acd724aa91fe33b,Well I don't think I have any faith in Reddit /r/relationship_advice anymore.,3,0,0,0,0,0,0,0,0,0,0,0,0,1,0,2,1,0.9166666666666666
mfrc_8b0bbeb52aa90afa632b,"No one shills like Macron

Gives us chills like Macron

In a runoff election no one kills like Macron


Who's the moderate amongst men

Who's the super success

Don't you know, can't you guess?

Ask his financiers and his globalist cabal

There's just one guy in town, who has got it all

M A C R O N
M A C R O N",3,0,0,0,0,0,0,0,0,0,0,0,0,1,0,2,1,0.9166666666666666
mfrc_f85cf586008ff5130d71,"Step 1: Violate Belgian neutrality.
Step 2: Win caucus.
Step 3: Profit.",3,0,0,0,0,0,0,0,0,0,0,0,0,1,0,2,1,0.9166666666666666
mfrc_d7baf0da4635cc203f4b,"What. The. Fuck. Is wrong with you. This is the most disgusting thing I have ever heard, and the fact you enjoy it could be a sign of some mental illness. Popping your pimple on an elevator window is very, very far from normal. Please seek help",3,0,0,0,0,0,0,0,0,0,0,1,0,1,0,0,0,0.9166666666666666
mfrc_8d3a0589bf84fc5a00af,"I mean, given that Le Pen's party is quite literally in debt to state-owned Russian banks it's not an unjustified assertion. ",3,0,0,0,0,0,0,0,0,0,0,0,0,0,0,3,1,1.0
mfrc_6f3a9fabb9366f57e765,"Seriously, stop it. The FN are literal nazis. Le Pen's party was founded by members of the Waffen-SS and french collaborationists. Jean-Marie Le Pen (MLP's father and cofounder of the party) is publicly anti-semite and an holocaust denier.

Stop it with the straw man. There is no Godwin Law here. These are actual, literal, nazis. Not neo nazis, not ""certain elements"", no. Classic Nazis. ",3,0,0,2,1,0,0,0,0,0,0,0,0,0,0,0,0,0.9583333333333334
mfrc_9c69d18588302a20caa6,"This makes me laugh because no child should ever see that film, lol.",3,0,0,0,0,0,0,0,0,0,0,0,0,1,0,2,1,0.9166666666666666
mfrc_782d5a14e6e71dbc65c6,"Yes. Before the election, I made a list of the top 5 reasons to support Trump on my FB page - hoping to encourage my family and friends to support Trump - and “protecting free speech” was #2 on my list IIRC. But “Orange Man Bad, CNN Told Me,” was more important I guess.",3,0,0,0,0,0,0,0,0,0,0,0,0,0,0,2,1,0.9583333333333334
mfrc_6bac9b063ececd6ed892,I agree speaking as someone who did not like Le Pen and also as someone who does not complain about reddit shitposts dividing us further I think neither of those options are good,3,0,0,0,0,0,0,0,0,0,0,0,0,2,1,1,0,0.9166666666666666
mfrc_56ae8d2d336571a81796,Cause that makes a ton of sense lmao. This is why half the country thinks you guys are brain dead.,3,0,0,0,0,0,0,0,0,0,0,0,0,1,0,2,1,0.9166666666666666
mfrc_ddaabdad935b73ab74a9,"I could dig a King Macron.

Jokes aside, its an interesting point he makes, the idea that France has been more prone to popular despotism as a sort of continuing legacy of the Revolution, and one I'd actually quite like to investigate further. 

 Also, come on, talking about the impact of the French Revolution on French society and history is hardly the same as saying he wants to go find a living Bonaparte or Capet to put on the throne.",3,0,0,0,0,0,0,0,0,1,0,0,0,1,0,1,0,0.875
mfrc_13e4f96ece13bbb71458,That's what I keep telling him and my parents. I wish they'd take me seriously.,3,1,0,0,0,0,0,0,0,1,0,0,0,0,0,1,0,0.875
mfrc_b737a86ee4515073aff3,NTA. It's the truth. I love my country but there are parts of our culture I will never be okay with. The idea of not challenging our elders and their often outdated views is kind of ingrained in us. We're taught not to do or say anything that makes people uncomfortable. It's hard to stand your ground in that kind of situation and I applaud you for it.,3,0,0,0,0,0,0,0,0,1,0,0,0,0,0,0,0,0.9583333333333334
mfrc_3e4dd4f36d0fa0171e26,"Hold up, you're trying to make it out like the people doing unethical and illegal things are innocent victims here and are the good guys? Quit your fucking bullshit. if the shoe was on the other foot you wouldn't have a single negative word to say about people leaking stuff about Trump or Le Pen. Quit your fucking bullshit.",3,0,0,0,0,0,0,0,0,0,0,0,0,2,1,0,0,0.9583333333333334
mfrc_d902aa1cf87d21c198a5,"Sometimes it’s not about tit for tat or malicious retaliation.... it’s about having them walk in your shoes... get them to see what it feels like to be on the receiving end. Because you can talk to them about it until you’re blue in the face and they can pretend to understand, but they won’t fully grasp the detrimental effect, mentally, emotionally and physically until they find themselves in the exact same predicament.",3,0,0,0,0,0,0,0,0,0,0,0,0,2,1,0,0,0.9583333333333334
mfrc_a86276e1e387cc5ccd2f,It takes two. Do you also not trust your wife? Because that's a bigger problem than your brother not being able to keep it in his pants.,3,0,0,0,0,0,0,0,0,0,0,0,0,0,0,2,1,0.9583333333333334
mfrc_a20811b1344ec5de8d85,Had me there until the “devout catholic serving god and spreading his word” part.... glad that you found religion helps you stay clean and have motivation but keep it yourself don’t push those beliefs onto others and be in your face about it. Religion shouldn’t be your identity it should be something you use to find motivation and strength to better yourself/ explain things you can’t understand or don’t want to understand,3,0,0,0,0,0,0,0,0,1,0,1,0,0,0,0,0,0.9166666666666666
mfrc_e8754140625ffea66563,"Wtf. Generalize? 

I mentioned two slimy women and compared them. How in the eternal fuck could that be construed to mean all women are slimy?

Sorry but your thinking is grade A impaired.

Also, the first part is a direct quote from Le Pen. 

Edit: I'm generally appalled that so many people done even understand how generalization works.. man the education system is a failure",3,0,0,2,1,0,0,0,0,0,0,1,0,0,0,0,0,0.9166666666666666
mfrc_2b1528668f86422e34fe,"illegal immigration was already records low and stock market always goes up when a pro-business conservative is elected like macron. Everything else is a joke, no legislation, extreme nepotism, highly inefficient government, fighting against its own judiciary. This is just the start. Institutional corruption is no joke.",3,0,0,0,0,0,0,0,0,1,0,0,0,1,0,0,0,0.9166666666666666
mfrc_7304a7e6c1d8f688d11b,"Ironically, old man Le Pen is the only current Member of the European Parliament who tried to get into the resistance during World War II (but he was rejected for being too young).",3,0,0,0,0,0,0,0,0,0,0,0,0,1,0,2,1,0.9166666666666666
mfrc_afa380129c0ffdb0f140,"i have said nothing about monsignor fillon who is the jerk not better than any other, if you are interested in my personal opinion/ i just pointed to their ideal and stated that such an aim is very achievable indeed. just look on any of your former colonies",3,0,0,0,0,0,0,0,0,1,0,0,0,1,0,1,0,0.875
mfrc_c5333d291e5c19d080cd,I can't imagine being so gullible as to believe we live in a meritocracy...,3,0,0,0,0,2,1,0,0,0,0,0,0,0,0,0,0,0.9583333333333334
mfrc_048787aaa33527ed46bf,If he'd not taken stupid advice to treat unreasonable people reasonably (I've been there) he'd have plausible deniability.,3,1,0,0,0,0,0,0,0,0,0,0,0,0,0,1,0,0.9166666666666666
mfrc_8fc7772979e6e782cfe4,"Yep. Just because a woman is running doesn't mean women should just vote for her. How stupid is that? ""Oh, it doesn't matter what she stands for...she's a woman! How can you not vote for her??"" So FREAKING stupid. No one *should* vote for anyone based on their gender/income/race/lifestyle.",3,0,0,1,0,0,0,0,0,0,0,0,0,0,0,1,0,0.9166666666666666
mfrc_d4db8993b9ee1ee62819,"Btw, she was not there for Trump, Le Pen did not meet a single person of Trump team. The situation is a bit pathetic in my opinion  (and for today news in France). She actually was there to meet George « Guido » Lombardi (italian and affiliated to the Tea party) whose apartment is in the Trump tower, but we all figure out that Le pen had higher expectations...

If you can read french (cough*) : http://www.lemonde.fr/politique/article/2017/01/12/marine-le-pen-se-rend-a-la-trump-tower-mais-sans-rencontrer-le-proprietaire-des-lieux_5061876_823448.html",3,0,0,0,0,0,0,0,0,0,0,0,0,1,0,2,1,0.9166666666666666
mfrc_3930e138802eb941656e,"Voting for Macron is voting for the same conditions that gave rise to the far right, it's staying the same way, he won't stop the inevitable.

Things cannot go the way they are, that's the real utopian dream by liberals, it's either socialism or barbarism. ",3,0,0,0,0,0,0,0,0,1,0,0,0,0,0,1,0,0.9166666666666666
mfrc_e3ae131fbaf9606199b9,Basically anything that makes Macron look good is real and anything that makes him look bad is fake.  Use your brain.,3,0,0,0,0,0,0,0,0,0,0,0,0,1,0,1,0,0.9166666666666666
mfrc_5d53a6b9046897e97cbc,This is both gross and inappropriate on so many levels,3,0,0,0,0,0,0,0,0,0,0,2,1,1,0,0,0,0.9166666666666666
mfrc_2336f082f26afa02cf7a,"Yep, Im a very conservative neo-liberal but macron is a better choice over le pen. 

I like the idea of standing up to the EU politically, because I don't think the EU should have a say in the internal affairs of the member states, but le pen is just tooooooo much. the EU in it's past as an economic institution has done a wonderful job.",3,0,0,0,0,0,0,0,0,2,1,0,0,0,0,0,0,0.9583333333333334
mfrc_ec2154cc4d8ca7839ce3,"""Strange"" is one way to put it. Interested to see how the SC decides this, since we all know that's where this is headed.",3,0,0,0,0,0,0,0,0,0,0,0,0,1,0,2,1,0.9166666666666666
mfrc_c564f14c6298e2957a33,"I don't. I want to be happy.

did I stutter?",3,1,0,0,0,0,0,0,0,0,0,0,0,0,0,2,1,0.9166666666666666
mfrc_f9800e182472e4c8cc83,"Seeing this advice in one of these threads always gives me a chuckle.

""My wife has no respect for me and wants to fuck other men""
""Just talk to her about it! Tell her that makes you feel bad and surely that'll somehow both make her respect you and be more attracted to you""

Just the absolute worst advice delivered with utmost earnestness makes me laugh so hard. Thanks!",3,1,0,0,0,0,0,0,0,0,0,0,0,1,0,1,0,0.875
mfrc_961d727dc57670241c70,"I'm aware we exploit all animals (including other human animals) - I've battled with my own speciesism after going vegan. 

What do you mean cows are ignored?",3,2,1,0,0,0,0,0,0,0,0,0,0,0,0,0,0,0.9583333333333334
mfrc_d8184a5a2e4971a395b1,"I don't know much about the French voting system, but doesn't it narrow to the two in the lead now? Which would mean that the 39% that voted for the other two candidates would have to choose between Le Pen and Macron? If I haven't gone wrong anywhere in my understanding, I wouldn't say she's beaten yet.",3,0,0,0,0,1,0,0,0,0,0,0,0,0,0,2,1,0.9166666666666666
mfrc_df5ca010c0c72a58d211,It's the only magazine I pay to subscribe to..... Totally worth it.,3,0,0,0,0,1,0,0,0,0,0,0,0,0,0,2,1,0.9166666666666666
mfrc_2fd9debb7386111d36e9,"&gt; Not necessarily a referendum, Melenchon can pull out without referendum if ""negociations will fail""

Modifying the Constitution (which says ""France is part of the EU"") needs a 3/5 majority from the Parliament, or a simply majority at a referendum.

So I don't think anyone can just pull out if they want to.",3,0,0,0,0,0,0,0,0,0,0,0,0,0,0,3,1,1.0
mfrc_3a2c9339e63aea245d9c,"&gt; Countering her with economic problems just reinforces what she's talking about.

...and shows how ignorant Mnuchin is.  He has no legitimacy to criticize her, when he is part of an administration that blatantly ignores climate science.",3,0,0,0,0,0,0,0,0,0,0,0,0,1,0,2,1,0.9166666666666666
mfrc_0737891de75bf8df1c82,"Okay I'm a little confused now. Didn't this sub upvote an anti-Macron post not too long ago?

EDIT: I found the post, I had skipped a line while reading the title like some dumb fuck. What I saw was this: 

**This is Emmanuel Macron,** the French presidential candidate running against Marine Le Pen, **a far-right demagogue endorsed by Trump**

I had also wondered since when Macron was even remotely fascist, especially compared to Le Pen. I don't know man, I must have been real tired then.",3,0,0,0,0,0,0,0,0,0,0,0,0,1,0,2,1,0.9166666666666666
mfrc_77058d20f88dd84d1f16,"The US actually has laws? I can’t wait to read Scotus’ reasoning for why Trump’s taxes can’t be released despite the law being crystal, mother fucking clear... “shall furnish”... let’s see what pretzel the 5 sycophants wrap themselves into, Boof!!!

Scotus: “we shall not furnish his taxes because he’s... .. . Um... .. . under an IRS audit?!?”",3,0,0,1,0,0,0,0,0,0,0,0,0,1,0,1,0,0.875
mfrc_0d1bca0c00c032c7daa0,When your kink violates another person’s boundaries you absolutely deserve to be shamed for it. That is completely unacceptable.,3,0,0,0,0,1,0,0,0,0,0,0,0,1,0,0,0,0.9166666666666666
mfrc_3666d9ad2f79677d32e2,"In fact, The only reason Hulot accepted is because he asked Macron to have total control over ecology and energy and he agreed. I hope we can start working on a greener future for generations to come.",3,0,0,0,0,0,0,0,0,0,0,0,0,0,0,1,0,0.9583333333333334
mfrc_497b7c8c1371af7051b6,"&gt;country of unicorns

Oh my god. Macron is about to become the youngest, most powerful leader the Fifth Republic has seen in almost a century and he's already a living meme.

Incredible.",3,0,0,0,0,0,0,0,0,1,0,0,0,0,0,2,1,0.9166666666666666
mfrc_a60a3bf560f877086b27,NTA this sounds like some low level manipulation. Don’t allow others to dictate what you do.,3,1,0,0,0,0,0,0,0,1,0,0,0,0,0,0,0,0.9166666666666666
mfrc_dfe8cccddd041edbd50b,"Just wait for Marine le Pen to win. That'll be Brexit x 1,000,000. ",3,0,0,0,0,0,0,0,0,0,0,0,0,0,0,3,1,1.0
mfrc_f113e5bc678af68ad24b,"My predictions. Macron wins. France sees very few policy changes. Can continues to be kicked down the road in Europe. Benefits are in the short term things will be relatively stable, though partisanship will increase. Drawbacks are the eventual blowback to the west's failures to address the negative aspects of neoliberalism and globalism will be bigger.",3,0,0,0,0,0,0,0,0,1,0,0,0,0,0,2,1,0.9166666666666666
mfrc_c54fecb3b447f4f29de1,"Exactly, there seems to be quite a few stories circulating all of a sudden. This is an attempt for her to look good and distance herself from Trump. 2021 divorce papers, guaranteed.",3,0,0,0,0,0,0,0,0,0,0,0,0,0,0,3,1,1.0
mfrc_6aaa34c991134c78134c,Macron's parents took some actions at the time. But this is none of our concerns anymore. We have now a 12 year old happy marriage to prove the concerns are misguided. Crying 'misogyny' and 'homophobia' *now* seems totally appropriate to me.,3,0,0,0,0,0,0,0,0,0,0,0,0,1,0,2,1,0.9166666666666666
mfrc_118a9fa869bb79640d33,One of the best ideological victories of capitalism is making us believe we were free because we could choose what brand of potato chips we wanted to eat.,3,0,0,0,0,0,0,0,0,1,0,0,0,1,0,1,0,0.875
mfrc_c7c5710ca8fec3e03de4,"Eh, live and let live. If you don't find it attractive, don't pursue them sexually. Otherwise just treat them with the same respect you would someone without tattoos. :)",3,1,0,0,0,0,0,0,0,0,0,0,0,0,0,1,0,0.9166666666666666
mfrc_054b33816d653e949631,"I am thankful that you have grown out of that terrible shell you waddled into while getting into pornography. But I feel as though, to get full closure on the past mistakes you made, you need to own up to your mistakes not in this anonymous space but to the girl you wronged. Just my two cents but I’m still glad you grew out of that “I can get away with it” mentality. Cheers!",3,1,0,0,0,0,0,0,0,0,0,0,0,1,0,1,0,0.875
mfrc_56de745fa19a1c52bbc2,"Agreed. Work sucks but honestly it's hard to find an accommodating employer that won't fire you for mental illness. Op is decently fortunate but is being antagonistic in return.


I don't know ops relationship with their managers, but if they're decent people at least try not to make the situation worse.",3,0,0,0,0,0,0,0,0,1,0,0,0,1,0,0,0,0.9166666666666666
mfrc_c831b02374e00e3c33a2,"They don't claim to be unbiased arbiters of Truth and Fact. They don't cheer about how ""we"" won when a Dem candidate is elected (Obama) while insisting they're unbiased. They don't screech ""BIGGIOOOOOOOOTT"" when valid statistics are cited or points are raised. They're willing to call out their own party for screwups. They don't condone, justify, or **encourage** violent riots in response to things not going their way.",3,0,0,0,0,0,0,0,0,0,0,0,0,2,1,1,0,0.9166666666666666
mfrc_0b551dcc91486802c718,"Yeah, that's Le Pen for you, and it's not even his worst !",3,0,0,0,0,0,0,0,0,0,0,0,0,2,1,1,0,0.9166666666666666
mfrc_27c6ed894924175881a6,"You’re not crazy, but if you truly love him then you should let him go be happy. You’re clearly not in a position to be worried about anyone but yourself. If you love him enough you’ll let him be happy and leave.",3,2,1,0,0,0,0,0,0,0,0,0,0,0,0,0,0,0.9583333333333334
mfrc_681cd9feb2c4fcc77c06,Macron will make more harm to EU than anyone else with this kind of politics.,3,0,0,0,0,0,0,0,0,1,0,0,0,1,0,1,0,0.875
mfrc_772e6105a98a47242ccb,This guy is the fucking man. I hope he realizes the torch is passed onto him to keep fighting these fuckwads. I respect him. Help us macron,3,0,0,0,0,0,0,0,0,1,0,0,0,2,1,0,0,0.9166666666666666
mfrc_3b7383ad2cb409d584fc,He isn't being optimistic but trying to slander Macron... he spends most of his time on T_d and raging against anything that dares criticize Russia.,3,1,0,0,0,0,0,0,0,0,0,0,0,0,0,1,0,0.9166666666666666
mfrc_36e2149f4b819518c42e,Hope you get caught you racist pos. People like you always get what's coming to them one way or another. Talking about rights and privileges like you aren't scum more than the people you chastise for being here.,3,0,0,2,1,0,0,0,0,0,0,0,0,0,0,0,0,0.9583333333333334
mfrc_46d5a961363d12a8ca6f,How much support is there for Melenchon in Marseilles and Paris? I heard he had a big rally in Marseilles. ,3,0,0,0,0,0,0,1,0,0,0,0,0,0,0,2,1,0.9166666666666666
mfrc_ef40e99a7dd0533be9c9,"... But there *is* racism involved. France is famously rather racist and it's a huge problem that contributes to French Muslim's feeling marginalized and excluded from their own culture which makes them easier to radicalize. 

Trying to paint all Le Pen supporters with a sympathetic brush doesn't work. ",3,0,0,3,1,0,0,0,0,0,0,0,0,0,0,0,0,1.0
mfrc_473ad17c4610e00ffe98,"Oh my god, they are making memes? We are doomed!",3,0,0,0,0,0,0,0,0,0,0,0,0,0,0,3,1,1.0
mfrc_5101861aa6fa50c586c3,"That’s ok, but this is more about him knowing she is straight and not telling her about his pre op and second talking about kids with her and not disclosing what that really meant is so wrong...

Deceit and betrayal hurts more them anything else and people giving him pass just because he is trans is not ok...

He did something very wrong to someone who clearly likes him and that is despicable....",3,0,0,0,0,0,0,0,0,0,0,0,0,1,0,0,0,0.9583333333333334
mfrc_857fa084c4075bb1753a,"TBH, I would appeal the decision if you can, cause thats bullshit. You got fired in every sense.",3,0,0,0,0,0,0,0,0,0,0,0,0,0,0,3,1,1.0
mfrc_5f23381d02e33e0d8ac8,"Hopefully france will not be convinced, and btw, in the french election system hillary would have won. (I am not trying to compare her to macron though) ",3,0,0,0,0,0,0,0,0,0,0,0,0,1,0,2,1,0.9166666666666666
mfrc_fa58172500dff7bd0578,Le Pen is a nationalist liberal. Yeah it's antinomic. It's simply because her economic program is bullshit.,3,0,0,0,0,0,0,0,0,1,0,0,0,0,0,2,1,0.9166666666666666
mfrc_ea7c5430c3b6adba4d22,le Pen is what you get when you take Trump's views on social issues and and mix them with Bernie's views on economic issues ,3,0,0,0,0,0,0,0,0,0,0,0,0,1,0,2,1,0.9166666666666666
mfrc_2c78de1095c6d807ba76,"Yeah, France has enough of a problem integrating Muslims as it is. Le Pen would dial that alienation up to 11. ",3,0,0,0,0,0,0,0,0,0,0,0,0,1,0,2,1,0.9166666666666666
mfrc_1294c81b315ceefcb239,"Keep telling yourself that while Pence is VP. Debating topics such as gay marriage and abortions. 

What do you think those topics derive from?",3,0,0,1,0,0,0,0,0,0,0,0,0,0,0,1,0,0.9166666666666666
mfrc_0ccdd1581f2dcf757ebc,All he's gotta' do is promise a pardon for anyone who stands against the rioters and there won't even be a need to spend money deploying troops.,3,0,0,1,0,0,0,0,0,0,0,0,0,0,0,1,0,0.9166666666666666
mfrc_63cd9369d4c307f5c6f7,"&gt; I thought the leaked emails were supposed to change things????

Nah that last-minute try at smearing Macron bombed as hard as her whole campaign. Do you even still qualify as a populist at 35%? **Liberté, égalité, fraternité!**",3,0,0,0,0,0,0,0,0,0,0,1,0,0,0,2,1,0.9166666666666666
mfrc_a643303fc603f881e0da,"Of course it’s okay to cry in front of your children- it’s okay to cry for less upsetting things than death as well- it’s OKAY to express emotions and it’s healthy to model that for your kids especially if you want them to grow up as well-adjusted, compassionate and sensitive humans.",3,3,1,0,0,0,0,0,0,0,0,0,0,0,0,0,0,1.0
mfrc_beef1c14ae4a03004991,"Manafort and Stone are card-carrying *founders* of the swamp...

Edit: My first award! Thank you!",3,0,0,0,0,0,0,0,0,0,0,0,0,0,0,3,1,1.0
mfrc_f013ed593057b44ee2a0,Because transparency is a prerequisite  for fairness and equality. Also indispensable in evaluating the market worth of your labor.,3,0,0,1,0,0,0,0,0,0,0,0,0,0,0,0,0,0.9583333333333334
mfrc_3d035fba1bd20bc900a8,Trump will hire them as contractors and then not pay them. Kinda like he does with all other contractors.,3,0,0,0,0,1,0,0,0,0,0,0,0,1,0,1,0,0.875
mfrc_fde856b30a4e7fda4cd3,What part of the catholic doctrine allows the cover up of widespread molestation of children?,3,1,0,0,0,0,0,0,0,1,0,1,0,0,0,0,0,0.875
mfrc_c59e8b6f134ea238c73d,France is well liked in these parts anyways just keep le pen in her box and all will be grand! :) ,3,0,0,0,0,0,0,0,0,0,0,0,0,1,0,2,1,0.9166666666666666
mfrc_ce95782f00522d5f3e56,"Seriously? I don't understand that logic. It sounds a lot like the angry Bernie supporters who voted for Trump to me. I am a social democrat myself and I would rather vote for a centrist than a far right politician. Don't get me wrong though, I am not trying to tell you what to do as I honestly don't even know as much about the French political scene as I would like. For the record, what's the deal with Valls? I would have thought that people who lean left would vote for him over Le Pen or Fillon.",3,0,0,0,0,1,0,0,0,0,0,0,0,0,0,2,1,0.9166666666666666
mfrc_5ed0a5f3aad7d7210acf,"I don’t think Biden himself is much more competent than trump. 

The thing is that the presidency isn’t just one person, it’s a whole administration. I believe that Biden will nominate competent people and listen to them. 

I honestly don’t think being president would be a hard job. All you do in nominate qualified experts and listen to them. Trump doesn’t do any of that though",3,0,0,0,0,0,0,0,0,1,0,0,0,0,0,1,0,0.9166666666666666
mfrc_5b8b773d603229305ffb,"...who is an expert in developing economies, so he should know? However, it is an insult to most developing nations (except Brazil, where a comparison with Trump is a compliment).",3,0,0,0,0,0,0,0,0,0,0,0,0,0,0,2,1,0.9583333333333334
mfrc_daa7671ccd7aa7ebcaf2,"Well now that the pope says it, it must be real. s/",3,0,0,0,0,0,0,0,0,1,0,0,0,1,0,1,0,0.875
mfrc_cbe11eb6deadfe6eef9b,"What ""craziness""? Macron got heckled at a factory visit and Le Pen stole a speech from Fillon. Literally nothing happend that could cause a large swing in one way or the other.",3,0,0,0,0,1,0,0,0,0,0,0,0,0,0,2,1,0.9166666666666666
mfrc_7a96f551d06b751e0459,"95% chance of Brexit not happening, 95% chance of Clinton winning the election, 95% chance of Le Pen not making it through the last round of elections. I wouldn't feel so safe with 95% odds of major geopolitical changes not happening in 2017.",3,0,0,0,0,0,0,0,0,0,0,0,0,1,0,2,1,0.9166666666666666
mfrc_4c9716ff1d7760b9eede,"This makes me respect Le Pen. Puts the ""feminist"" Swedish Government to shame. ",3,0,0,0,0,1,0,0,0,0,0,0,0,2,1,0,0,0.9166666666666666
mfrc_4985f14e8de86b847b64,"If this man never existed Eastern Europe would've looked like this now https://imgur.com/a/tJ7x2iC

f#cking communists",3,0,0,0,0,0,0,0,0,0,0,0,0,0,0,3,1,1.0
mfrc_a32b98c33a583179dfcb,"&gt; This makes us no better than the Left!

A man accidentally doing to himself what he was trying to do to others is not morally equivalent to assassination of your political opponents. This man only got the shit scared out of him because he was in the middle of trying to set innocent people on fire.",3,0,0,0,0,0,0,0,0,0,0,0,0,0,0,2,1,0.9583333333333334
mfrc_65c66b0aaf6bdbe676cc,"&gt; There are some limitations,

Yeah. Those limitations are for ""reasonable"" job offers and they're defined by law and quite precise. https://www.service-public.fr/particuliers/vosdroits/F14926. 

What macron wants:

https://en-marche.fr/emmanuel-macron/le-programme/emploi-ch%C3%B4mage-securites-professionnelles

* two ""decent"" job offers (*he offers no definition for what decent job offer means*)

* job seeking intensity/eagerness isn't sufficient (*WTF is a job seeking eagerness?*)",3,0,0,0,0,0,0,0,0,0,0,0,0,1,0,2,1,0.9166666666666666
mfrc_2260dcb1a2e81aef9e69,I don't think I've ever seen a Presidential candidate backpeddle so furiously as Le Pen is now.,3,0,0,0,0,0,0,0,0,0,0,0,0,1,0,2,1,0.9166666666666666
mfrc_32be738b4a9c9f1c91b0,"NTA **by a longshot**. She downplayed all your struggles, gave y’all zero support, and insulted you as a mother AND as wife. 

You’re not obligated to stay in contact with her. To all the family that’s asking you to let it slide, they’re equally toxic, for not seeing how wrong she was. Just because she’s old, doesn’t give her a hall pass to treat you like shit.",3,1,0,0,0,0,0,0,0,0,0,0,0,1,0,0,0,0.9166666666666666
mfrc_28119cfafd5373dd1623,Explain to me why would Macron be disruptive? I thought he was the ultimate status quo guy? What are you suggesting?,3,0,0,0,0,1,0,0,0,1,0,0,0,0,0,1,0,0.875
mfrc_4f7074e51e151310450b,Um there are a heap of countries that use the dollar symbol. It's not solely an American Dollar sign,3,0,0,0,0,0,0,0,0,1,0,0,0,0,0,2,1,0.9166666666666666
mfrc_d7744f629a4da3adf5b0,"Yeah it devalues it when we want to talk about real fascists, like Marine Le Pen.",3,0,0,0,0,0,0,0,0,0,0,0,0,1,0,2,1,0.9166666666666666
mfrc_35d9b5fdfe9fa52828d5,"Booooooop boo be boo boo be boo boop 

Beep beep beep beep beeeeeepkkassshhhhhh eehhheerrreehhhhksshhhhhhhhhhhhh.....

WELCOME!

YOU GOT MAIL!",3,0,0,0,0,0,0,0,0,0,0,0,0,1,0,2,1,0.9166666666666666
mfrc_ce4fa1ed16c5af3bddf7," &gt; Also both candidates are very bad for the EU and Europe in general.


Melenchon wants to *reform* the EU to make it less liberal and more democratic. Isn't that exactly what it needs? Or are you saying the EU is perfect? Plus such reforms would significantly reduce the impact of far-right anti-EU parties. ",3,0,0,0,0,0,0,0,0,0,0,0,0,2,1,1,0,0.9166666666666666
mfrc_d2de8dd58db57f3fd672,The PS had a majority but a divided party. A lot of people weren't on board for the new direction Hollande was taking the party. This isn't the case for Macron considering that his movement/party is brand new and that everyone who is a part of it signed on with Macron's platform when they joined.,3,0,0,0,0,0,0,0,0,0,0,0,0,0,0,3,1,1.0
mfrc_8f190ea79a2257b0576f,"if Le pen wins, it is the extreme left fault. It will be written in history like that. 

(Not agreeing or disagreeing but it how history gets written). ",3,0,0,0,0,1,0,0,0,0,0,0,0,0,0,2,1,0.9166666666666666
mfrc_16430931f337f3015312,"*locks door when black guy walks by*

Office Space reference before anyone gets offended!

https://youtu.be/XASNM1XEQPs",3,0,0,0,0,0,0,0,0,0,0,0,0,0,0,3,1,1.0
mfrc_d515e4531c872e566223,Did nature ever intend for humans to become wage slaves?,3,1,0,1,0,0,0,0,0,0,0,0,0,1,0,0,0,0.875
mfrc_e7d58bec6659198d82f2,"A lukewarm campaign to elect the severed prehensile tail of Macron: $50,000,0000

The L: Priceless.",3,0,0,0,0,0,0,0,0,0,0,0,0,0,0,3,1,1.0
mfrc_85e8a02eb2acdd4df4ec,"So Corsican nationalists protest against French nationalists and call them nazis which is countered by calling them left wing militia.

You just cant make this up...

On a second though Corsican nationalists are most likely on the left of Le Pen when they call her nazi...",3,0,0,0,0,0,0,0,0,0,0,0,0,1,0,2,1,0.9166666666666666
mfrc_0490501e92a7a039caad,"but if it is her and Mélenchon, i think she might win because of how polarized they are. Mélenchon is the only one that can make a moderate voter see Le Pen as a good option.",3,0,0,0,0,0,0,0,0,0,0,0,0,2,1,1,0,0.9166666666666666
mfrc_1735bb3e92d045c0c32c,"He's been the Economy minister under Hollande.

\&gt; implying the death penalty is still allowed

My muslim neighbours gave me some leftovers the other day, do you think they poisoned me?

The climate deal was real, there's footage of it.

https://en-marche.fr/article/politique-de-lutte-contre-le-terrorisme-emmanuel-macron

What are your journalistic standards?",3,0,0,0,0,0,0,0,0,0,0,0,0,1,0,2,1,0.9166666666666666
mfrc_82b488a2780b8ec62374,"In all seriousness, I’m not sure he’s capable of crying. The man’s almost incapable of laughing or displaying any emotion other than anger.",3,0,0,0,0,0,0,0,0,0,0,0,0,1,0,2,1,0.9166666666666666
mfrc_81551028ced3022ad418,"We have but WHAT CAN WE DO?! Reasoning doesn't work, facts don't work, they cannot be convinced and are irredeemable. All we can do is vote.",3,0,0,0,0,0,0,0,0,0,0,0,0,1,0,2,1,0.9166666666666666
mfrc_f522429c30b8f68f7449,"I mean I stuck around for my daughter lmao, I’m 17 and I have a beautiful 14 month old daughter. I’ve been with the girl since I was 14, and she was 16 at the time. She’s 19 and I’m 17 now and we are actually engaged and planning our wedding for next year.",3,0,0,0,0,0,0,2,1,0,0,0,0,0,0,1,0,0.9166666666666666
mfrc_ce90b7b22de55959e83d,"It's very unlikely Le Pen doesn't make round 2, but in a Fillon v Macron matchup, [Macron likely wins](https://en.wikipedia.org/wiki/Opinion_polling_for_the_French_presidential_election,_2017#Macron.E2.80.93Fillon)",3,0,0,0,0,0,0,0,0,0,0,0,0,1,0,2,1,0.9166666666666666
mfrc_dbb73f23389f76a7ff86,That's called sexual assault. It's a stunning lack of respect and a really scary future to your relationship.,3,2,1,0,0,0,0,0,0,0,0,0,0,0,0,0,0,0.9583333333333334
mfrc_39ec74dd9b03739f5ed8,"It's worth noting the peculiar lack of driven Le Pen or Clinton inspired politicians. Either her supporters don't care or these politicians don't seem to exist, or both.  ",3,0,0,0,0,0,0,0,0,0,0,0,0,0,0,3,1,1.0
mfrc_2037a6d8d44901639312,"You speak like Macron has an official policy of open immigration from the Middle East. He does not. It is very difficult these days to emigrate to France from any country in North Africa. The problem in France is with a minority of the second and third generation Muslims who are already there. This is a problem that needs addressing through sound housing, prison, welfare, counter-terrorism policy, etc. Not through demonizing whole groups of people and stoking racist fervor in neo-Nazi groups. ",3,1,0,1,0,0,0,0,0,0,0,0,0,1,0,0,0,0.875
mfrc_f6aae91580f478dbf0a1,"Not a well executed debate. Trump did okay, Biden was not very convincing or genuine. Trump kept taking Biden’s bait rather than hammer the issues and accomplishments. I feel like any person on this subreddit could have beaten Biden better than Trump did.",3,0,0,0,0,1,0,0,0,0,0,0,0,0,0,2,1,0.9166666666666666
mfrc_47b0481410ddf028526c,"I would not complain about this, but I think it even more unlikely than the people getting any more money at all unless we complain loud and long before the passage of this next bill.",3,0,0,0,0,0,0,0,0,0,0,0,0,0,0,2,1,0.9583333333333334
mfrc_11664f0bd48e3fbc9120,"Caffeine is a highly addictive psychoactive stimulant, specifically an adenosine agonist. It essentially tricks your brain into not feeling as fatigued as it actually is.",3,0,0,0,0,0,0,0,0,0,0,1,0,0,0,2,1,0.9166666666666666
mfrc_0482c2e8636f72850ab1,It's strange how your argument mirrors that of Macron's political opposition. Do you not house any of your own opinions or do you just parrot what you've heard from a bias viewpoint?,3,0,0,0,0,0,0,0,0,0,0,0,0,0,0,3,1,1.0
mfrc_836b7df316c632c1c1f2,Regular muslims yes. Islamist terrorists on the other hand would prefer Le Pen so they can use that in their propaganda.,3,0,0,0,0,0,0,0,0,0,0,0,0,0,0,2,1,0.9583333333333334
mfrc_d19282f207de73978b37,"This is me. A few months ago I realised that my phone case was broken, so I took it off for the night (just to sleep) to get a new one in the morning. Of course, that night I dropped a whole glass on my phone and had to replace it. Go me.",3,0,0,0,0,0,0,0,0,0,0,0,0,1,0,2,1,0.9166666666666666
mfrc_ce2c4a13b69b5c86a4c4,We moved into a house many years ago. The snails were insane they were everywhere. I was chatting with my neighbor one day and asked if she had a snail issue. She laughed and said she didn’t like the previous owner and put snail repellent in her yard. They all moved to my yard after that. We had a good laugh and then I went out and bought snail repellent. Not sure where they went but we didn’t have any issues after that.,3,0,0,0,0,0,0,0,0,0,0,0,0,1,0,2,1,0.9166666666666666
mfrc_76df60377548128e3197,This is a good time to point out he is up for reelection in 2022.,3,0,0,0,0,0,0,0,0,0,0,0,0,1,0,2,1,0.9166666666666666
mfrc_9855350e0cdbf3017d0c,"This is part of the widespread perception that all our politicians are corrupt, they're all *de la merde*. It's cute when it leads people to call for Obama. It's not cute when it leads people to call for Le Pen. It's all equally idiotic.

Politicians try to cater to a majority, not to you personally. Don't wait for a candidate who seems ""perfect"" (because you've never looked at the details) or who promises ""change at any cost"" (because you don't realize change could be for the worse). So, pick whoever is least bad. That's how democracy works.",3,0,0,0,0,0,0,0,0,2,1,0,0,1,0,0,0,0.9166666666666666
mfrc_3fd5b9a96c7562931343,Increasing taxes is socialism ? What the hell are you talking about ? Socialism is not only increasing taxes. There's a whole politic behind that Macron doesn't have. ,3,0,0,0,0,0,0,0,0,0,0,0,0,1,0,2,1,0.9166666666666666
mfrc_728785bd574d90e843ac,"Melenchon, no question.

Then again I'd choose him over Fillon, Macron, or Hamon as well.",3,0,0,0,0,0,0,0,0,0,0,0,0,1,0,2,1,0.9166666666666666
mfrc_cebecd7aa40605e3c6a1,"&gt;Macron will prove to be a way better decision for French people than Le Pen

Yes, him deepening labour reforms that the French rioted over will be great.

&gt;he'll have to swat at the 'muh globalism' conspiratards.

He'll have to ""swat"" at people that are concerned about globalisation? How is globalisation not a legitimate concern and why is he obliged to ""swat"", whatever that means, those concorned about it?",3,0,0,0,0,0,0,0,0,1,0,0,0,0,0,2,1,0.9166666666666666
mfrc_a9382c5ba2dc56d8d8c0,"&gt;Le Penn 

I'm sure you watched the debate, and that you know many things about French elections.",3,0,0,0,0,0,0,0,0,0,0,0,0,0,0,3,1,1.0
mfrc_c9edb624f4ca7cda9f8b,"Lol let them spend gas and accommodation money in the place that voted 93.2% for Joe Biden. Hahaha idiots, you totally owned them!",3,0,0,0,0,0,0,0,0,0,0,0,0,0,0,3,1,1.0
mfrc_3431e99a9aac0fb32363,"No. Otherwise I would be supporting him. Melancommie is objectively worse

Edit: Great economic policy and being a shitty nationalist &gt;&gt;&gt;&gt;&gt;&gt;&gt;&gt;&gt;&gt; Pants on head ridiculous economic policy and being best mates with Cuba + being just as reactionary + anti-semitic

""The well-known left figure, presidential candidate Jean-Luc Mélenchon, maintains a strongly republican, nationalist position. In 2011, he went so far as to call for a prohibition on street prayers.""

""Jean-Luc Melenchon, the leader of the French Party of the Left, has said that Socialist Finance Minister Pierre Moscovici, who is Jewish, “thought in international finances, not in French."" ""
http://www.lemondejuif.info/2014/08/gaza-violentes-accusations-de-melenchon-contre-israel-et-les-juifs-de-france/",3,0,0,0,0,0,0,0,0,0,0,0,0,2,1,0,0,0.9583333333333334
mfrc_39e456df8a11942b4161,"YTA, and honestly, this is pretty much standard FOG (fear obligation guilt) in terms of how you deal with your mother.

It's probably come up in other comments, but you should check out the ""justnomil"" subreddit.  I think you're going to find a lot of unexpected information there regarding why your ex is now your ex.  If you want to be able to find a partner in the future, or hope to get your ex back, you'll want to educate yourself.",3,0,0,0,0,0,0,0,0,0,0,0,0,1,0,2,1,0.9166666666666666
mfrc_ca9bc824eb6851faccaa,"YTA, explain women's suffrage and other oppression to your children if they have qualms with a t shirt",3,0,0,2,1,0,0,0,0,0,0,0,0,1,0,0,0,0.9166666666666666
mfrc_d6da4767a10a914ac6d0,Hollande should tell everybody to vote for LePen so everybody does the opposite of that,3,0,0,0,0,0,0,0,0,0,0,0,0,0,0,3,1,1.0
mfrc_46c2012f2d2d5cf75325,Unless your teacher is a bitch because she doesn’t like certain types of people etc,3,0,0,2,1,0,0,0,0,0,0,0,0,1,0,0,0,0.9166666666666666
mfrc_c128f6cc06910b146006,"""As part of a worldwide effort towards partisanship"". It's not hard to see that Facebook wants Le Pen to lose.",3,0,0,0,0,0,0,0,0,0,0,0,0,0,0,3,1,1.0
mfrc_e23000f87c3d12ba9b14,"&gt;police are public servants

Public servants, not GIs. He can have whatever flag he wants.",3,0,0,0,0,0,0,0,0,0,0,0,0,0,0,2,1,0.9583333333333334
mfrc_c3abd2af6fa00f3335a1,"&gt;They better make him part of the left or they're not going to win an election again

He will never be part of the left because he's not a socialist, not even a social democrat. Full stop. He can make his own centrist party if he wants, just don't pretend it's part of ""the left"". 

Besides, Hollande was elected on leftist promises. He just did the fucking opposite of it while in office. ",3,0,0,0,0,0,0,0,0,0,0,0,0,0,0,3,1,1.0
mfrc_d097064cf5658b6b09bc,"&gt;  and how are sanctions stopping Russia? They are not in any way.

Yeah, you're right, we should just let them invade their neighbours without any consequences. 


The sanctions hurt their economy. It tells them that we won't just ""give them a stern talk"" whenever they decide they want to take their neighbour's land by force. What Russia-apologists like melenchon propose is to do fuck all. They might not get putin removed from office, but they give a clear negative effect from doing things considered unacceptable by us and the international community. ",3,0,0,0,0,0,0,0,0,0,0,0,0,1,0,1,0,0.9166666666666666
mfrc_b0cd39c6ee347ad62fc3,"Do you ever wonder why you feel like so many groups are against you, or why Trump adds groups/people to that list when they speak out against him? 

Do you ever stop to think that maybe it's not everyone else with a problem?",3,0,0,0,0,0,0,0,0,0,0,0,0,1,0,2,1,0.9166666666666666
mfrc_d733b7c829d584ce632d,That's totally not corrupt whatsoever. Also why the hell is a state attorney general meddling in federal government?,3,0,0,0,0,0,0,0,0,0,0,0,0,1,0,1,0,0.9166666666666666
mfrc_e7c4923965bee3f594e3,This sounds great in a world where the justice department isn't run by a partisan hack and Trump lapdog who can't be trusted to not drum up charges against Trump's rivals.,3,0,0,0,0,0,0,1,0,0,0,0,0,1,0,1,0,0.875
mfrc_5060958d74c888829a09,I think they were mostly neutral in public (besides not wanting Le Pen and Melenchon). I can´t really remember if they made any statements supporting Fillion.,3,0,0,0,0,0,0,0,0,0,0,0,0,0,0,2,1,0.9583333333333334
mfrc_f5ba807f96edbddaae12,"&gt; All of those are things which neither Macron nor Le Pen can solve 

Trivialising the importance of this election is no side I am on. ",3,0,0,0,0,0,0,0,0,1,0,0,0,0,0,2,1,0.9166666666666666
mfrc_991565cbe42cd5332dea,This really confuses me. If they all have sons who will their sons marry and procreate with?,3,0,0,0,0,0,0,0,0,0,0,0,0,0,0,3,1,1.0
mfrc_6bc6c7ec8d64a124db76,I agree! My husband proposed early in the day. He attached my ring to our dog’s collar and sent him in our room. We had the whole day to enjoy and I loved it! It was a blissful day.,3,0,0,0,0,0,0,0,0,0,0,0,0,1,0,2,1,0.9166666666666666
mfrc_073ab7948528d356477c,"&gt; a joint EU operation

EU? You will only get that with Macron, not with Le Pen.",3,0,0,0,0,0,0,0,0,0,0,0,0,1,0,2,1,0.9166666666666666
mfrc_facadb219fbf8bb2c0de,"NTA they wanted it early, you gave them the terms and they agreed they are old enough to understand. They said they understood and now are whining about not getting anything else. Stand your ground.",3,2,1,0,0,0,0,0,0,1,0,0,0,0,0,0,0,0.9166666666666666
mfrc_38f4a87b7fe45215e69b,I’ve had lots of teachers offer extra points for small things. Sometimes food donations or help with school events. I don’t think OP needs to worry about that.,3,0,0,0,0,1,0,0,0,1,0,0,0,0,0,1,0,0.875
mfrc_5245cfc9e28b011d9c2d,"They CAN'T, that's why we need an Unconditional Basic Income as a first step to true civilization and freedom or risk societal collapse!",3,0,0,0,0,1,0,0,0,0,0,1,0,0,0,0,0,0.9166666666666666
mfrc_9bf5478825f1c7c761fc,I'm sorry Macron seems like he could rock my world and Trudeau would treat me right. ,3,0,0,0,0,0,0,0,0,0,0,0,0,0,0,3,1,1.0
mfrc_49c27f7d14bc5231f0de,The smell of shoe spray and a spritz of mold,3,0,0,0,0,0,0,0,0,0,0,0,0,1,0,2,1,0.9166666666666666
mfrc_384804f3b248f70524d9,"Just was inspired to make an interactive version of fold-in hearing about Al Jaffee's retirement:

https://thomaspark.co/2020/06/the-mad-magazine-fold-in-effect-in-css/",3,0,0,0,0,0,0,0,0,0,0,0,0,1,0,2,1,0.9166666666666666
mfrc_98d54283ec607f7c3536,Productivity have increased by so much the last 100 years you wouldn't belive it. There's no necessity for this level of work to be enforced for our current society to be sustained.,3,0,0,0,0,0,0,0,0,0,0,0,0,0,0,3,1,1.0
mfrc_90302b68db9367274cfa,"I think it would actually be a legitimate investigation. It would be ironic, wouldn’t it?",3,0,0,0,0,0,0,0,0,0,0,0,0,0,0,3,1,1.0
mfrc_5b9f95d23fed45be149c,"My non-existent childrens are going to be hard to kill.

It really shows how little you know of the world if you really believe that Le Pen winning would have made us less likely of being a terrorist's target.",3,1,0,0,0,0,0,0,0,0,0,0,0,0,0,2,1,0.9166666666666666
mfrc_ffc70dfb2e9f489543b7,"I can't believe what I'm reading. You're not manning up. Fucking leave! They're abusing you!

Find friends and tell them about your situation. Make them force you out of the house. For the love of God seek help!

Edit because language.",3,3,1,0,0,0,0,0,0,0,0,0,0,0,0,0,0,1.0
mfrc_e825d5953695d3b093c0,"Maybe people just want to blame their problems, economic or otherwise, on others? Some blame the EU, globalism, corporates, the governments, God, the weather; some blame immigrants. 

But when you want to blame others for your problems instead of saying ""whoever has the fault, let's solve our problems together"", you'd still go for Le Pen instead of Macron.",3,0,0,0,0,0,0,1,0,0,0,0,0,1,0,1,0,0.875
mfrc_a263f3295e77a3c18073,"Grew up with five siblings, anytime one of us would get the high score our sister would reset the high scores then set hers that would barely in the thousands.",3,0,0,0,0,0,0,0,0,0,0,0,0,0,0,3,1,1.0
mfrc_87d1a779898d968705ee,Part of it is that the French far left is pushing the authoritarian Macron narrative to try and delegitimize the labor reforms he's trying to accomplish. ,3,0,0,0,0,0,0,0,0,1,0,0,0,0,0,1,0,0.9166666666666666
mfrc_678b0d287e216251fcb8,"&gt; Macron is definetly an 'elite' too, the question is whether you view that as a bad thing.

I personally don't. I mean, I do think there's such a thing as too much, Trump for example, but I have no problem with simply having a bunch of people who are just doing politics all their life. And I would really like it if we could normalize that idea again instead of everyone having to pretend that they're somehow not an elite.",3,0,0,0,0,0,0,0,0,0,0,0,0,1,0,2,1,0.9166666666666666
mfrc_ba975827b26691c3a52e,Aww this is cute! I didn't realize it was his real-life daughter.,3,0,0,0,0,0,0,0,0,0,0,0,0,1,0,2,1,0.9166666666666666
mfrc_83d6fcf077782e885581,"Ah, so they’re exploiting children now... 
just like terrorists do...",3,2,1,0,0,0,0,0,0,0,0,0,0,0,0,0,0,0.9583333333333334
mfrc_ca3f6fa1a73fea5f3d02,Fillon voters won't all vote against MLP... And Fillon voters would never vote for Mélenchon either,3,0,0,0,0,0,0,1,0,0,0,0,0,0,0,2,1,0.9166666666666666
mfrc_8a19bd9023aa8b641ffb,NTA. As a parent I’d appreciate your honesty. I’ve always contacted my references prior to putting them down as a reference.,3,0,0,0,0,0,0,0,0,1,0,0,0,0,0,2,1,0.9166666666666666
mfrc_cb6fd9a09720e3946410,"Daily, piece by piece, he uses the Executive Office of the United States to leverage himself as an unimpeachable dictator. And Republicans voters support this, while the Republican Congress enables it. This is only going to get worse and worse.",3,0,0,0,0,0,0,0,0,1,0,0,0,0,0,1,0,0.9166666666666666
mfrc_eba0cd7bd5eb5040e20e,"Am I the only one who wishes Le Pen would win FIRST TURN?
I just have a horrible feeling that if it's Macron who wins many people will be like ""ok, now he is gonna beat her in the second round for sure"" and not vote or even worse ""I can safely protest-vote for Le Pen""
And then at 2nd May shock and surprise because...

TAM-DAM-DAM-PAM-PAM
Le Pen 51-49 Macron
Lets welcome Madamė President Le Pen...",3,0,0,0,0,0,0,0,0,1,0,0,0,0,0,2,1,0.9166666666666666
mfrc_7680ca389e8a4b570536,"I feel like the quality of this sub has seriously dropped significantly over the past two-ish weeks. Every second meme isn't even funny, it's just circle jerking while lacking in humour (I get it, you guys like Macron but posting 20 pictures of him with zero humour gets repetitive). Comments also have turned away from informed discussion/meeming to circle jerking.",3,0,0,0,0,0,0,0,0,0,0,0,0,1,0,2,1,0.9166666666666666
mfrc_f2f6ac6d6fad114e60bf,"Historically and academically, neolibs have spanned from Clinton/Gore types on the left to Reaganites and Thatcherites to the right. 

This sub seems to be going with a different definition, that excludes some Reagan/Thatcher types and includes some more center-left types that align more with Obama/HRC.

If the split in definitions worry you at all, rejoice- Macron fits both descriptions!",3,0,0,0,0,0,0,0,0,0,0,0,0,0,0,3,1,1.0
mfrc_0a60ef171157efc72f31,"YTA, you owe her a massive apology.  You got into SJW mode without any knowledge of the subject you were pontificating on, and got rightly called out for talking out of your arse.  You earned and deserved that smack down.  Maybe in future do some research before opening your mouth.",3,0,0,0,0,1,0,0,0,0,0,0,0,2,1,0,0,0.9166666666666666
mfrc_a800b90db9e46a6392c5,"It's better when you're like Le Pen and say, ""With me none of the terror attacks would have happened!"". Way more reasonable and realistic.",3,0,0,0,0,0,0,0,0,0,0,0,0,1,0,2,1,0.9166666666666666
mfrc_973723c5506b8e013f79,"Me too. In my opinion here is absolutely nothing wrong with centrism neoliberalism and Macron just doesn't fully align with my political views, I'm completely okay with that. Whereas LePen on the far right just doesn't work.",3,0,0,0,0,1,0,0,0,0,0,0,0,1,0,1,0,0.875
mfrc_898d3a90a5855fb2d067,"That's because you're part of the group that benefits from globalism. You'd be a fool to ignore the needs of those left behind by globalism, even if you don't need their votes to win the presidency.

Hopefully Macron understands this. I doubt it.",3,2,1,0,0,0,0,1,0,0,0,0,0,0,0,0,0,0.9166666666666666
mfrc_b837edc131e3a1f8fcf5,"Yeah but you're an actualized adult and not an overgrown mental toddler.  The leftists demanding such things, well, *aren't*.",3,0,0,0,0,0,0,0,0,0,0,0,0,0,0,3,1,1.0
mfrc_278e4715611bb9d6c044,"Went to crosspost this here and you beat me too it. I totally agree with the sentiment. I also think work has a big role to play in causing depression which then in turn stops people from working. Some of my jobs in the past have made me severely mentally ill because of office politics, toxic environments, all that jazz...",3,0,0,0,0,0,0,0,0,0,0,1,0,0,0,2,1,0.9166666666666666
mfrc_360b0b22f29e07db391c,"i, too, run to raw dog my best friend whenever my relationships are having struggles. totally normal thing to do is it not?",3,0,0,0,0,0,0,0,0,0,0,1,0,0,0,2,1,0.9166666666666666
mfrc_8b595d24f6d63c54c3bf,They don't like it BECAUSE  you're questioing them and making them work.  I get the feeling that mentioning violation of federal law/ADA and that you'd be speaking to your lawyer might get them to backpedal REALLY fast.,3,0,0,0,0,0,0,0,0,2,1,0,0,0,0,1,0,0.9166666666666666
mfrc_be532dc4ae07395967f0,"1) That's a terrible joke.

2) I'm bothered I didn't come up with it.",3,0,0,0,0,0,0,0,0,0,0,0,0,0,0,2,1,0.9583333333333334
mfrc_ed1aa1fa378bd648316d,"[Anyone who says ""Le Pen can win because Trump!"" is basically innumerate. Their situations are not at all comparable](https://twitter.com/NateSilver538/status/856209194449596416):

Clinton led Trump by 2-3 points

Remain led Leave by 1-2 points

Macron leads Le Pen by 26 points in runoff polls",3,0,0,0,0,0,0,0,0,0,0,0,0,0,0,3,1,1.0
mfrc_9b5e80982c3fe20b7e47,Its because they think they have to escalate the situation and act very angry in order to get what they want. I blame corporations for bending over backwards for customers like this.,3,1,0,0,0,0,0,0,0,1,0,0,0,1,0,0,0,0.875
mfrc_e04a6c6c160a49054fbf,"I hate both parties too, but I hate each of them for very different reasons.  I hate the Republicans for constantly fucking over the majority to benefit the extreme minority, attempting to destroy democracy, and controlling their supporters with disinformation campaigns (buttery males, Benghazi, Birther, Pizzagate) and I hate the Democrats for being so incredibly incompetent that they seem to let it happen.",3,0,0,0,0,0,0,0,0,0,0,0,0,0,0,1,0,0.9583333333333334
mfrc_8882cc833abe7f6edaac,"My mom loves to say how my brother needs a wife and I think, no, you mean an indentured servant.",3,1,0,1,0,0,0,0,0,0,0,0,0,0,0,1,0,0.875
mfrc_3586255d2cfba0c1b3e1,"And you honestly think companies won't strongarm employees into voting their way? Daily indoctrination sessions against unions as per macrons poster child economy the US, threats, selective disciplinary processes. I've worker for many employers, they are all driven by profit and could care less about you or even the law of they can get away with it.",3,0,0,0,0,0,0,0,0,0,0,0,0,1,0,1,0,0.9166666666666666
mfrc_4b6a8877abf7da1f18ae,"Holy shit, Macron I (GoShogun) is such a blatant aesthetic rip-off of MSG 0079 it's not even funny.",3,0,0,0,0,0,0,0,0,0,0,0,0,1,0,2,1,0.9166666666666666
mfrc_21ed0ff3a4cdc8220c1b,"That's especially bad, because some of the 29% have to be Macron voters.",3,0,0,0,0,0,0,0,0,0,0,0,0,3,1,0,0,1.0
mfrc_8a8af0abd775fdc0d51f,This is the most nostalgic thing I’ve seen today. That dedicated YouTube app was OG.,3,0,0,0,0,0,0,0,0,0,0,0,0,2,1,1,0,0.9166666666666666
mfrc_070a2f1589bef340da3f, Don't give me this chickenshit argument. Abstaining is empowering Le Pen because nobody knows if Le Pen would get even more power in 2022. That's simply a completely fabricated scenario to justify their nonsensical voting behaviour. ,3,0,0,0,0,0,0,0,0,0,0,0,0,0,0,2,1,0.9583333333333334
mfrc_94f30dedede7b1de0399,“This is a President who respect the rule of law.” An actual quote from r/Conservative... God help us all.,3,0,0,0,0,0,0,0,0,2,1,0,0,0,0,0,0,0.9583333333333334
mfrc_82bad22457db420b9832,Wouldn’t plans to kill senators and then congratulating those people and telling them to “liberate Michigan”and telling certain supporters to “stand back and stand by” count as inciting violence. Or that ad that asked if people were willing to die for Trump?,3,0,0,0,0,0,0,0,0,1,0,0,0,1,0,0,0,0.9166666666666666
mfrc_069ceb2bb44e239b5b50,Thats a carpet pattern that can hold decades of dirt before its noticeable,3,0,0,0,0,0,0,0,0,0,0,0,0,1,0,2,1,0.9166666666666666
mfrc_9a26fdb87da960242835,"Medicaid ain't free either.  It requires patients to pay premiums, deductibles, and copays.

[https://www.kff.org/report-section/medicaid-and-chip-eligibility-enrollment-renewal-and-cost-sharing-policies-as-of-january-2016-premiums-and-cost-sharing/](https://www.kff.org/report-section/medicaid-and-chip-eligibility-enrollment-renewal-and-cost-sharing-policies-as-of-january-2016-premiums-and-cost-sharing/)",3,0,0,0,0,0,0,0,0,0,0,0,0,0,0,3,1,1.0
mfrc_302918e256baf9e756d8,I assume its just a coincidence that the only spells you can do are ones that are purely psychological?,3,0,0,0,0,0,0,0,0,0,0,0,0,1,0,2,1,0.9166666666666666
mfrc_fe0ed3402cba6b87b53b,"More or less, from an ideology PoV.

Fillon isn't necessarily bad (for the EU); he is indeed more pro-Russia than every other politicians (I think?) in France, but he's also pro-EU and would prioritize the EU over Russia. About Macron, we don't really know his position towards Russia so it is assumed to be the generic stand ('not good, you bad boy, but maybe we can do something'). And Lepen is against the Euro to an extent, and completely pro-Russia.",3,0,0,0,0,0,0,0,0,0,0,0,0,2,1,1,0,0.9166666666666666
mfrc_ec7c795553466b15c198,Can't tell whether this is sarcasm or you're actually gatekeeping stealing lmao,3,0,0,0,0,0,0,0,0,0,0,0,0,1,0,2,1,0.9166666666666666
mfrc_fe04b01f166d36e283dc,I can't understand how these tests aren't considered discriminatory. They are clearly discriminating against certain personally types in their hiring practices.,3,0,0,2,1,0,0,0,0,0,0,0,0,0,0,1,0,0.9166666666666666
mfrc_cf840cb4afeafc964f24,"'Careers' are just a fun way to label adults.  Career in IT, Career in Healthcare, career in Retail, Career in Finance, etc.  It's all just a way to label what industry you work in and it's the least creative and informative thing we can say about a person.  Yet, we still do it.  

First thing people ask when meeting someone else - what do you do?  As if my job could possibly tell whether I'm a good or bad person, optimistic, fun loving, artistic, any of my hobbies, my mannerisms or anything else that actually defines me.

It's all crap.",3,0,0,0,0,1,0,0,0,0,0,0,0,1,0,1,0,0.875
mfrc_e64b8958955d7d91775b,"What is the deal with hot takes on Macron's ""road to autoritarism""? This is France for fuck's sake, not freaking Nicaragua.",3,0,0,0,0,0,0,0,0,0,0,0,0,0,0,3,1,1.0
mfrc_cd22bb9523b0152baa21,"I don't understand this kind of question. Who cares what's good for the EU, I want what's good for the European people. Sometimes they align, sometimes they don't.

Macron may be pro-EU, but whether his suggested policies are good for people or not is entirely subjective and depends on your political leaning.",3,1,0,0,0,0,0,0,0,0,0,0,0,1,0,1,0,0.875
mfrc_b602924c92c1b376feb4,Oh no I agree with you. I was just saying that that election news is and campaigning is banned which may have benefited le pen. I like that it stops tactical tarnishing. We do it here in Ireland,3,0,0,0,0,0,0,0,0,0,0,0,0,1,0,2,1,0.9166666666666666
mfrc_5e254a7c928cae727f15,"Well yea, by region it was a unanimous Macron victory, but the US system still fucking sucks either way.",3,0,0,0,0,0,0,0,0,0,0,1,0,1,0,1,0,0.875
mfrc_ecb688ae77986d022770,I'm not gonna hurt these women! Why would I ever hurt these women? I feel like you're not getting this at all!,3,2,1,0,0,0,0,0,0,0,0,0,0,0,0,0,0,0.9583333333333334
mfrc_9c7e29815ae25813c3c6,"White dude currently in a foreign country discovering that Republicans would really like a lot of immigrants who themselves align with many Republican views, but damn if the GOP just cannot help being scared of them anyway",3,0,0,0,0,0,0,0,0,0,0,0,0,0,0,3,1,1.0
mfrc_22048a9e8f04809f27ce,"They view losing as immoral, that's what makes their behaviour dangerous.",3,1,0,0,0,0,0,0,0,0,0,0,0,2,1,0,0,0.9166666666666666
mfrc_4b5422ba08d959ef6c46,"They shit on him when he ran for president, calling him everything from racist to elderly mass murderer and here he is going ass to mouth sucking every turd out of Chuck Schumer’s rear end.",3,0,0,0,0,1,0,0,0,0,0,0,0,1,0,1,0,0.875
mfrc_f9ba7bba83178d3fc658,"He was one of the more competent Republicans running in 2016.  Not very inspiring though.  But I'm sure he would have handled corona much better.  Everyone else running probably would have.  I wouldn't have voted for him, but we'd be in a better position if he had won the Republican nomination.",3,0,0,0,0,0,0,0,0,1,0,0,0,0,0,2,1,0.9166666666666666
mfrc_0818a3a6708e35d42d94,"&gt; ... This being said, it's a pity to see that political debates always devolve to this. If Le Pen and Macron could have a proper rational discussion, rather than all this polemical posturing, I think Macron would have a huge advantage. It's just not how politics work.

No one is interested in a wonky debate, and both know it.",3,1,0,0,0,0,0,0,0,0,0,0,0,0,0,2,1,0.9166666666666666
mfrc_61390e580d92829b189b,"Didn't know that heroism is a capitalistic trait? I've seen plenty of communist countries speak about heroes.

Maybe they mean heroinism? You need to be a heroinist in order to make it in this job.",3,0,0,0,0,0,0,0,0,0,0,0,0,2,1,1,0,0.9166666666666666
mfrc_564acb33b142cebf63d8,"Trump may be an aspiring kleptocrat, but Wilders, Le Pen and Bannon aren't. They're genuine culture warriors.",3,0,0,0,0,0,0,1,0,0,0,0,0,1,0,1,0,0.875
mfrc_c73328d43bc1f396534c,"&gt;blondes are evil

The joke is that Trump, Wilders, and to a lesser extent Le Pen have similar hair.",3,0,0,0,0,0,0,0,0,0,0,0,0,1,0,2,1,0.9166666666666666
mfrc_e2683a72e5a7846850ca,"And she asks to borrow his coat after that.  Obviously its about coy and mutual flirtation with a girl thats worried about what her friends and family would think, but wants to see the guy again, hence borrowing his jacket.  People are so quick to fuck these days they cant even comprehend that type of flirtation.",3,0,0,0,0,0,0,0,0,0,0,0,0,0,0,3,1,1.0
mfrc_0a6a7ae2d1cfccbfacd5,"As far as I'm aware, Fillon is leading in the polls, though we know how much that's worth. Pretty much none of the others are even close.",3,0,0,0,0,0,0,0,0,0,0,0,0,1,0,2,1,0.9166666666666666
mfrc_3e6d4eb49f98c15dd568,"Ben Stein has a house in my town, super nice guy

Sold him a landline in like 2015",3,0,0,0,0,0,0,0,0,0,0,0,0,1,0,2,1,0.9166666666666666
mfrc_e71ec57cb66330eef4cb,France's Marine Le Pen quietly pledges to hold hands with Putin while re-entering the medieval age.,3,0,0,0,0,0,0,1,0,0,0,0,0,1,0,1,0,0.875
mfrc_45916fe90888c293095b,"Nope, *le* pen is a curse and will *not* pass. But seriously, what can make you believe france has bad politics, and that le pen is a good alternative? 

I'm genuinely curious about your point of view",3,0,0,0,0,0,0,0,0,1,0,0,0,2,1,0,0,0.9166666666666666
mfrc_88ddadb24ded937644ab,"Depends, if you're liberal then yeah, if you're conservative no, if you're centrist, well, Macron is centrist, so yeah.",3,0,0,0,0,0,0,0,0,0,0,0,0,0,0,3,1,1.0
mfrc_9c14a411d06349af5a11,"That's not a good reason because they can just turn it around and say if you want people to live by your rules in your country, you have to live by theirs when you go there.

I don't like Le Pen but I support anyone refusing to wear the headscarf because I think their culture is just wrong about that kind of stuff.",3,0,0,0,0,0,0,0,0,2,1,0,0,1,0,0,0,0.9166666666666666
mfrc_7d9872acf5b3345a288c,"I hope no one forgets the obvious attempt at sabotage of the Macron campaign with all the ""hacked"" emails last week.  Was nearly another Clinton email-dump leading to campaign failure.  

Ten bucks says Russian link to email-dump reported within the month.",3,0,0,0,0,0,0,0,0,0,0,0,0,0,0,3,1,1.0
mfrc_e23276ac27410bbdc410,"Oh noes, we might see Le Pen elected and witness an end to the slow-motion suicide of Western Europe!",3,0,0,0,0,0,0,0,0,0,0,0,0,1,0,2,1,0.9166666666666666
mfrc_33c0c8732544504bad9a,"Honestly, keeping it impersonal and bland can be a decent fuck-you in many workplace cultures. No details, you're just done.",3,0,0,0,0,0,0,0,0,0,0,0,0,1,0,2,1,0.9166666666666666
mfrc_d38d54d802f8efcf6c49,"This can’t be emphasized enough, President Camacho actually cared about people.",3,0,0,0,0,0,0,0,0,0,0,0,0,1,0,1,0,0.9166666666666666
mfrc_710a7aa839e8a19fdf9f,"Paying your fair portion of tax lmao
This money was taxed when it was earned, taxed when it was given and will be taxed when it is spent. Yikes",3,0,0,0,0,3,1,0,0,0,0,0,0,0,0,0,0,1.0
mfrc_fa46541a2bf5d54c865d,"Melenchon spokeman was angry, nearly yelling in the TV. They're not going to play ball. And they are going to break ties with the communists. Lots of blood in a month.",3,0,0,0,0,0,0,0,0,0,0,0,0,1,0,2,1,0.9166666666666666
mfrc_ee35deed0d50fcf3b727,"I was considering throwing a few bucks at AMC stock since their so destroyed, but I didn’t realize the commnese owned them. Instead I’ll throw them onto my ever growing cootie list.",3,0,0,0,0,0,0,0,0,0,0,0,0,1,0,2,1,0.9166666666666666
mfrc_ebd878820503a99d0bb7,"We’re already there... literally every time a liberal mentions the wall, they say “trump didn’t even get his wall, they just repaired existing border wall”.",3,0,0,0,0,1,0,0,0,0,0,0,0,0,0,2,1,0.9166666666666666
mfrc_224fd49cda5a462c0c52,"I’m convinced we all had the same childhood

Thanks for posting. Overwhelmed with childhood nostalgia and actually tearing up randomly. I need tea.",3,0,0,0,0,0,0,0,0,0,0,0,0,0,0,3,1,1.0
mfrc_6a37be50c41af86926f3,And the bees that inevitably lived inside the wood. Added a sense of danger lol,3,0,0,0,0,0,0,0,0,0,0,0,0,1,0,2,1,0.9166666666666666
mfrc_6740aef4c9b1728f3160,it is what dr dre said to do. and he is a doctor....,3,0,0,0,0,0,0,0,0,1,0,0,0,0,0,2,1,0.9166666666666666
mfrc_dc153f9982f58cb92fa1,Oh my god I’m so sorry this happened to you. Your teacher should have absolute put a stop to it and dealt out some punishment. He did not deserve to be teaching. I hope your doing well now.,3,0,0,0,0,0,0,0,0,0,0,0,0,1,0,0,0,0.9583333333333334
mfrc_9e4f0c6a6baa8828c870,You’re entirely justified: you’re merely reciprocating the treatment they gave you. Except you’re not stealing from them (I assume they engage in wage theft). Maybe you ought to send them a bill for phone time.,3,0,0,1,0,1,0,0,0,0,0,0,0,0,0,1,0,0.875
mfrc_d9f8543a4e3edf671f7f,To be honest Macron wipes the floor with Le Pen. Her getting to the second round isn't an issue. ,3,0,0,0,0,0,0,0,0,0,0,0,0,0,0,3,1,1.0
mfrc_44451eed3b114bd8edb2,"There are some things to note, though.

For example, Macron leads in every education category except ""Less than high school diploma"". 

He also scores almost the same in urban vs rural areas, exposing the myth that it's an urban vs rural divide.

Additionally, less than half of Le Pen's voters believe she will win, so it'll be interesting to see if they turn up.",3,0,0,0,0,0,0,0,0,0,0,0,0,1,0,2,1,0.9166666666666666
mfrc_8181313a81b6bb4116e9,That's because we'll be covering their losses in bailouts. Too corrupt to fail.,3,0,0,0,0,0,0,0,0,0,0,0,0,1,0,2,1,0.9166666666666666
mfrc_5d7294745586e9587030,"If Macron disposes Bayrou, wouldn't he lose support of Modem? ",3,0,0,0,0,0,0,0,0,0,0,0,0,0,0,2,1,0.9583333333333334
mfrc_d5f3c980580013ee441f,Thanks dude. I was just so so touched out. Constantly humans on me. It helped me maintain the slightest bit of sanity here and there.,3,1,0,0,0,0,0,0,0,0,0,0,0,1,0,1,0,0.875
mfrc_931eda2632546b46326c,I will never eat liver and onions simply because of this episode.,3,0,0,0,0,0,0,0,0,0,0,0,0,0,0,3,1,1.0
mfrc_d814ccdc061e5dab3750,"I hate this kinda of thing. Firing people by calling things they say you disagree with offensive is absurd on its face.

I thought it was really hard to fire principals. Depending on employment laws, I would expect most public schools have protections from arbitrary termination.",3,0,0,1,0,0,0,0,0,0,0,0,0,2,1,0,0,0.9166666666666666
mfrc_8fcd6f55d30d68959ad4,"He’s absolutely right. You don’t “compromise” on other people’s boundaries like that. He tells you something makes him very uncomfortable and has good reason why, and he’s asking for very reasonable boundaries in place. You don’t get to make it some contract negotiation",3,1,0,0,0,0,0,0,0,0,0,0,0,2,1,0,0,0.9166666666666666
mfrc_fe4953fd293eed3a87ee,"As I said in a comment above, I'm sure guys with little dicks have enough problems, without people lumping them together with misogynists.

You wouldn't say that a nasty hateful woman has flabby labia, because deep down we know that size and shape of genitalia has no bearing on political views and bigotry.

These guys might have little dicks, or big dicks, or (statistically by far the most likely:) average-sized dicks. The most crucial fact is that they ARE dicks.",3,0,0,2,1,0,0,0,0,0,0,0,0,1,0,0,0,0.9166666666666666
mfrc_8573a5b9aef0ddca232c,"&gt;In an interview in his office Thursday with The Associated Press, Guillaume Poupard said the Macron campaign hack ""was so generic and simple that it could have been practically anyone.""

This doesn't add up. How can the Macron campaign have been so easy to hack after what happened to the Clinton campaign? It is also inconsistent with evidence that the Macron campaign and French intelligence were aware of the hacking attempts and were actively trying to prevent it.

What's going on here?",3,0,0,0,0,0,0,0,0,0,0,0,0,0,0,3,1,1.0
mfrc_51d86cf9d58eb1aa6b17,"&gt; And this is in Europe.

neoliberalism has slowly been removing the worker protections in Europe and eroding the welfare state",3,0,0,1,0,0,0,0,0,0,0,0,0,0,0,2,1,0.9166666666666666
mfrc_25786c1ef845da78a0e4,"To any French votes:

Please, please, please vote for Macron. We cannot afford any more psychopathic Nazi-pandering world leaders.",3,0,0,2,1,0,0,0,0,0,0,0,0,1,0,0,0,0.9166666666666666
mfrc_bbc1580223e54974ca0f,He’s probably using that headset to call someone a homophobic slur on Fortnite,3,0,0,1,0,0,0,0,0,0,0,0,0,1,0,1,0,0.875
mfrc_7a38fd85f2c8d982c20b,"Le Pen and Melenchon personally hate each other, so no, she would not enjoy losing to him.",3,1,0,0,0,0,0,0,0,0,0,0,0,0,0,2,1,0.9166666666666666
mfrc_27459eee3902d54b940f,Democrats promised them free healthcare and open borders.  Now shut up and take your $600.,3,0,0,0,0,0,0,0,0,0,0,0,0,1,0,2,1,0.9166666666666666
mfrc_0c1ba611b17fa018e803,Put them in someone's else's recycling and see if it starts drama within the other house.,3,0,0,0,0,0,0,0,0,0,0,0,0,0,0,3,1,1.0
mfrc_a30d5b08388b1bdf5929,"Not so sure about that. I would think that a Macron victory was already mostly priced into the exchange rate. The round 1 outcome was a lot less certain than the round 2 outcome. I think that almost all traders will be expecting a Macron victory and will already have traded accordingly.

I expect some small gains for the Euro, but nothing huge (or ""yuge"" ?)",3,0,0,0,0,0,0,0,0,0,0,0,0,1,0,2,1,0.9166666666666666
mfrc_037cdf4b5ee611d9b3d8,I read that Le Pen got less than 5% in Paris lol. ,3,0,0,0,0,0,0,0,0,0,0,0,0,1,0,2,1,0.9166666666666666
mfrc_95a1f8a464d9d6ee5609,"She won’t, because anyone who thinks being pretty is everything are the real ugly people. Like you",3,0,0,0,0,0,0,0,0,0,0,0,0,2,1,1,0,0.9166666666666666
mfrc_c9aae487fbfabc58a729,I remember in high school they were banned because a rumor started that they were being exchanged for sex or something like that.,3,0,0,0,0,0,0,0,0,0,0,0,0,0,0,3,1,1.0
mfrc_06d38ba7c8b5b09c50bc,Agree. Blood is not anything if there isn’t effort on both ends,3,0,0,0,0,0,0,0,0,0,0,0,0,1,0,2,1,0.9166666666666666
mfrc_1e23ed094d5fbc84ef01,"THANK GOD, something goes right in this godforsaken year.

Marine Le Pen is hopefully next up in line for a downfall.",3,0,0,0,0,0,0,0,0,0,0,0,0,2,1,1,0,0.9166666666666666
mfrc_a9a10ca5cfe8332ce740,"In typical Liberal fashion, they will falsly accuse The Proud Boys of racism and label them as terrorists while narcissistically ignoring Antifa/BLM as they continue to riot, loot, vandalize and murder accross our country.",3,0,0,1,0,0,0,0,0,0,0,0,0,1,0,0,0,0.9166666666666666
mfrc_eaf11022fb4654375767,A certainly interesting development. Now left and centrist voters in France need to create a strategy for the First Round - having Fillon and Le Pen advance to Round 2 by dividing into numerous small parties is not ideal from their point of view. Getting behind Macron might be the best strategy for a French center and center-left; while the French right should probably hope that these forces do not consolidate and that two conservatives manage to advance.,3,0,0,0,0,0,0,0,0,0,0,0,0,1,0,2,1,0.9166666666666666
mfrc_5fc87c7abb7a6adfbc0f,Cleaning and garbage collecting isnt breathing. Its literally a physical job that prevents us from drowning in trash and dirt. How is that not creating worth,3,0,0,0,0,1,0,0,0,0,0,0,0,0,0,2,1,0.9166666666666666
mfrc_eee51cdf9a1cb77ab042,"""Hey man, took a couple hits, hope you don't mind.  Ill throw you a few bucks if you want.""  Its that easy.

Or flee the country.  There is no in between.",3,0,0,0,0,0,0,0,0,0,0,0,0,0,0,3,1,1.0
mfrc_a032f7452587bc9562f1,Bro 99 percent of people have no idea what any of this means,3,0,0,0,0,0,0,0,0,0,0,0,0,0,0,3,1,1.0
mfrc_6ce75124f56033053c27,He wants your vote but doesn’t want to take any responsibility,3,0,0,0,0,0,0,0,0,1,0,0,0,1,0,1,0,0.875
mfrc_debe389ca51cf0b2321b,"Now this is truly stupid. What attorney in their right mind would say something so completely contrary to the judicial process?

You don’t get to tell the other person to make your argument for you. That’s your responsibility. This is seriously turning into an utter shit show. It was humorous at first and now it’s just really sad.",3,0,0,0,0,0,0,0,0,2,1,0,0,0,0,1,0,0.9166666666666666
mfrc_a504ce9cd458bea12130,NTA. But is living with your father a best choice? If he has ways to provide you better and the situation inside your house escalate you should consider talking with him and see your options.,3,0,0,0,0,0,0,0,0,0,0,0,0,1,0,2,1,0.9166666666666666
mfrc_139a0c15dab48f127a25,"He’s essentially saying Jews are white and don’t experience racism... because they don’t, there is literally word for that. This is such racist trash.",3,0,0,2,1,0,0,0,0,0,0,0,0,0,0,0,0,0.9583333333333334
mfrc_7b3dfb87967182476eff,"Yep, 70% of redditors aren't American.

They hate us cause they ain’t us.",3,1,0,0,0,0,0,0,0,0,0,0,0,1,0,1,0,0.875
mfrc_3555868b486aaa6f0d06,"Nah, under fuedalism the elites actually ensured a minimum quality of life for the serfs. Our overlords have no such compunction, or drive to do so

We look like the slave states of ancient times",3,0,0,0,0,0,0,0,0,1,0,0,0,1,0,0,0,0.9166666666666666
mfrc_f71295d14d588fc1d090,"I agree with NAH. You felt uncomfortable and therefore didn't want to be a part of the bridal party.

They felt judged and offended for how they choose to conduct there wedding (which did cone across from your post!). It stands to reason they don't want that judgement and potential negativity at their wedding.",3,1,0,0,0,0,0,0,0,0,0,0,0,1,0,1,0,0.875
mfrc_1dd580bbb6337d12bd9d,"Crooked Le Pen is trying to get away with your tax money, stealing from the people, lock her up!",3,1,0,0,0,1,0,0,0,0,0,0,0,0,0,0,0,0.9166666666666666
mfrc_a07dc8962351cef844c7,And Le Pen will act decisively in speeding up that decline to WARP SPEED. Remember with Trump: change for the sake of change is not good... ,3,0,0,0,0,0,0,0,0,0,0,0,0,1,0,2,1,0.9166666666666666
mfrc_b80fd46bddf2547af47d,They turned anyone’s jenky car into an obnoxious scene!  Such nostalgia with this show.,3,0,0,0,0,0,0,0,0,0,0,0,0,0,0,3,1,1.0
mfrc_a98efa14b02e3ec16547,"Paris race riots going on? Proving Le Pen's point in any way??? What are you even talking about?

Macron scandal brewing? What scandal are you talking about? If a scandal had to happen, it would happen suddenly. I doubt any media would provoke a Macron scandal anyway.  
The only risk for Macron is when he will have to show his program and people will understand he's not just ""that cool guy who's neither left side nor right side"".",3,0,0,0,0,0,0,0,0,1,0,0,0,1,0,1,0,0.875
mfrc_4d1f50eeb60c260153cb,"Who the fuck just books a flight without discussing it with the person you're planning to visit? And no, her going through the trouble of coming over doesn't entitle her to an actual visit. On top of that, you explicitly told her not to come over! NTA",3,0,0,0,0,0,0,0,0,0,0,0,0,1,0,2,1,0.9166666666666666
mfrc_b110af5997c6cfa44013,You can hear the spiders and snakes in the background too...,3,0,0,0,0,0,0,0,0,0,0,0,0,0,0,3,1,1.0
mfrc_7ff55338b0c280b4d02c,"Also not conservative so I hope I’m cool posting!

I think the argument against your second point is that the murder of George Floyd isn’t the system failing but is a symptom of a failing system. Overly aggressive policing is more common than some think (maybe less common than others think), and that’s the system that’s broken. It’s been broken for a long time, and words &amp; nonviolent protests haven’t done the trick.",3,0,0,0,0,0,0,0,0,1,0,0,0,1,0,0,0,0.9166666666666666
mfrc_014a84510c72d985e6e9,That's not a new trend at all. These guys started to go towards Marine Le Pen since she took the reins of the FN.,3,0,0,0,0,0,0,0,0,0,0,0,0,0,0,3,1,1.0
mfrc_e6aae31d6ca6bed36f35,"If you want to go down that route, Macron was the victim, and he's the person we support, not his wife.",3,2,1,0,0,0,0,0,0,0,0,0,0,0,0,0,0,0.9583333333333334
mfrc_6f9a08b45478401fce76,"Making the minimum wage a living wage wouldn't make the jobs untenable, it would make £1 hamburgers and £5 dresses untenable. Good! We can decrease consumption, increase quality and eliminate some suffering.

 That's just a sticking plaster though, the real end goal (as you touched upon) is a strong incentive towards developing technology and process for full automation of those jobs. As it stands it's cheaper to exploit than innovate.",3,3,1,0,0,0,0,0,0,0,0,0,0,0,0,0,0,1.0
mfrc_5236336e41232d3040f9,"Are you talking about Umbrella Man?

That was Minnesota.

Or is there another guy in all black and a hammer calmly breaking windows?",3,0,0,0,0,0,0,0,0,0,0,0,0,0,0,3,1,1.0
mfrc_3b3c6865b9e8d2bbbc90,"Hmmm, most of the towns I'm thinking of are very industrial and very working class.  
Probably there is a strong presence of organized labour and politicized workers who are voting for Mélenchon. There'd also be a history of strong communist local government. There wouldn't be so many privileged kids.

Paris is an interesting case - the wealthiest neighbourhoods have voted Fillon, the more middle class ones Macron, and the more working class ones (19th, 20th) have voted Mélenchon.",3,0,0,1,0,0,0,0,0,0,0,0,0,0,0,1,0,0.9166666666666666
mfrc_2233f38264b2033f8f4a,They have the right take. The US is obviously the entity that bears moral responsibility for this conflict.,3,0,0,0,0,0,0,0,0,0,0,0,0,2,1,1,0,0.9166666666666666
mfrc_b9ceeb31c20c11adc1e8,"lmao 


edit: don't troll the antiwork sub with your bootlicker nonsense. You are actively degrading society by believing that some people don't deserve to have their basic needs met and therefore, by your logic, deserve less than nothing in return.",3,0,0,1,0,2,1,0,0,0,0,0,0,0,0,0,0,0.9166666666666666
mfrc_e27009910322bcebbbfb,Yeah I’m gonna have to end up doing that. I’m still hoping they’re somewhere in the house. Gonna tell them today I’m going to the cops. If he still has them or my parents do maybe they’ll give it back. Already have too much anxiety from this. I’ve never missed a dose before,3,0,0,0,0,0,0,0,0,0,0,0,0,1,0,2,1,0.9166666666666666
mfrc_c579596fc1d119203205,"I don’t think enormous wealth corrupts. I think that the system is geared to reward exponentially those who are inherently corrupt. As Adam Smith put it, wages naturally rise when there is an abundance of revenue, so the only way for people like this to garner so much excessive wealth in a time of high revenue is to cheat the system. An honest person can become uber rich, but it is rare to the point of non existence.",3,0,0,1,0,1,0,0,0,0,0,0,0,0,0,0,0,0.9166666666666666
mfrc_a9e8a9defa95cd94514c,"She's the worst kind. Socially racist ([calls for a complete ban on immigration bc brown people scary](http://www.independent.co.uk/news/world/europe/french-elections-latest-marine-le-pen-immigration-suspend-protect-france-borders-front-national-fn-a7689326.html), [party was founded by SS sympathizers](https://www.ft.com/content/181619a2-9cba-11e5-b45d-4812f209f861) and still [issues with Holocaust Denial because of its very real literal Nazi past](http://www.independent.co.uk/news/world/europe/front-national-leader-jean-francois-jalkh-marine-le-pen-louis-aliot-quits-nazi-gas-chamber-deny-a7706971.html).) and also economically stupid ([protectionism, lowering retirement age](http://www.bbc.com/news/world-europe-39705744)).

[""What makes Marine Le Pen far right?""](http://www.bbc.com/news/world-europe-38321401)

",3,0,0,1,0,0,0,0,0,0,0,0,0,1,0,0,0,0.9166666666666666
mfrc_1f3c9882c72c0e282dd8,"Wow, the delusion on show here is incredible. Funny you complain about being called a nazi, while advocating purges of your own party for those not loyal enough, how very fascist and authoritarian, and you think your the good guy? Ha!",3,0,0,1,0,0,0,0,0,0,0,0,0,0,0,0,0,0.9583333333333334
mfrc_40402c866538b5ce9fa5,"Nope they just keep leading the blind with a carrot. They love the problems too much to get rid of them. The prolems energize their base when it comes time for their votes and that's all they care about. More votes, more power, more control.",3,0,0,0,0,0,0,0,0,0,0,0,0,2,1,0,0,0.9583333333333334
mfrc_674704540bda2dc1f038,Where to the predictions come from that the vast majority of the abstentions will go to Macron?,3,0,0,0,0,0,0,0,0,0,0,0,0,1,0,2,1,0.9166666666666666
mfrc_6a201cb63c948de21682,"2 yrs is nothing. If you want to sever the trust that you two have - by all means go and tell your parents. 

YTA",3,0,0,0,0,0,0,1,0,0,0,0,0,0,0,1,0,0.9166666666666666
mfrc_266e6f82678d95117281,People don’t give the Benefit of the doubt anymore. It’s a lot easier to scream racism,3,0,0,0,0,0,0,0,0,0,0,0,0,0,0,3,1,1.0
mfrc_eb1e01d37447a73d2260,"It's not illegal for me, it's only illegal for the client. And the CRA doesn't care where the money comes from they just want their cut.",3,0,0,0,0,0,0,0,0,0,0,0,0,0,0,3,1,1.0
mfrc_f313955703021abb7204,"Even if you were really frugal as a working class person, you’d likely only be able to save a million dollars by the end of your lifetime, that’s if you don’t have any medical bills, children, or other large expenses.",3,0,0,0,0,0,0,0,0,0,0,0,0,0,0,3,1,1.0
mfrc_af0cd5121524c0ed7f15,"I really doubt that. While I have no doubts that some may have been swayed by the effects of Trump and the Brexit and the efforts of some to launch a ""global populist wave"" are known (I still remember the amount of Americans who were screaming for Le Pen), in the end the results of the last few elections can be credited more to the efforts of the politicians within each country.

We can not allow ourselves to be complacent or engage in schadenfreude.",3,0,0,0,0,0,0,0,0,0,0,0,0,1,0,2,1,0.9166666666666666
mfrc_5a604dba023196fe80c3,"authoritarian rule by a far-right demagogue whose support is built on the fear and hatred of specific groups of people, no? sounds like Le Pen to me.

oh and don't forget the Vichy apologism",3,0,0,1,0,0,0,0,0,1,0,0,0,0,0,0,0,0.9166666666666666
mfrc_7e63639175e4f48f5a6e,"You should stay with family. Do not go home. I wouldn't trust your husband not to lash out at you. Especially if your boss defended himself and your husband ""lost""",3,0,0,0,0,0,0,1,0,0,0,0,0,0,0,1,0,0.9166666666666666
mfrc_43fd8f12af2a80236426,You said supporting protectionism is an extremist position. That would make literally every French politician an extremist in economic terms since agricultural subsidies are pretty much untouchable. So do you consider Macron to be an extremist?,3,0,0,0,0,1,0,1,0,0,0,0,0,0,0,1,0,0.875
mfrc_2b776fb404cc9b108806,"Because without a degree you won’t break $12 an hour in many places or industries, and for most companies outside of the service sector no degree won’t even get you through the door for an interview. It’s like a lottery. If you get the degree and happen to be extremely “lucky” you’ll get a job with career growth potential, but if you aren’t one of the select few you’ll die in debt working for poverty wages.",3,0,0,0,0,1,0,0,0,0,0,0,0,0,0,2,1,0.9166666666666666
mfrc_8b05a058e59920dcfd50,"There are reasons to believe they did it on purpose if you consider that wikileaks has turned into a russian propaganda tool, that leaked the american emails and sent a link to the mix of true and false Macronleaks. ",3,0,0,0,0,0,0,0,0,0,0,0,0,0,0,3,1,1.0
mfrc_9702ec58035e66e4070b,"Apparently, yes. I've read that without a source, but it wouldn't surprise me. Fillon is more to the right than what Sarkozy was, and we know that Sarko was bad.",3,0,0,0,0,1,0,0,0,0,0,0,0,0,0,2,1,0.9166666666666666
mfrc_0b3031d6d68b075185db,Nuclear would solve so much of their problems. It's clean and safe and it provides a tremendous amount of power. The extra electricity is sold off to near by states and that money goes back into the coffers. My province of Ontario has 2 nuclear power plants and they create a ton of electricity as well as jobs.,3,0,0,0,0,0,0,0,0,0,0,0,0,0,0,3,1,1.0
mfrc_f115e26b073c33bc8692,"I always begged my parents for these at the mall for some reason. They hurt my cheeks, they smelled like death, and it wasn't like the bubble it made was any fun.",3,1,0,0,0,0,0,0,0,0,0,0,0,1,0,1,0,0.875
mfrc_1bc517fe514a952ca1ed,We hold items for 60 days afterward we donate them to the United Way.,3,0,0,0,0,0,0,0,0,0,0,0,0,0,0,3,1,1.0
mfrc_99185aa244039b24bb40,Le Pen = FN and FN = Le Pen. It won't work.,3,0,0,0,0,0,0,0,0,0,0,0,0,0,0,3,1,1.0
mfrc_0c75f7df195ed2ce5882,"Macron's parents plead with her to stay away from their boy. I'm sure they were just being prudish by not wanting their 15 year old son romantically interested in a married woman who was in a position of authority over their son.

Currently there is no evidence of sexual intercourse between Tad Cummings and his victim. So, I suppose that means their relationship was okay? ",3,1,0,0,0,0,0,0,0,0,0,0,0,1,0,0,0,0.9166666666666666
mfrc_cf798cf6529facd8292b,I personally think that this is great. Le Pen is refusing to adhere to an islamic cultural staple that degrades women in more ways than in appearance.,3,0,0,1,0,0,0,0,0,1,0,1,0,0,0,0,0,0.875
mfrc_9b1fa9df8de594fc0384,"I mean, you could really let that show ruin pillows for you, if you so choose.",3,0,0,0,0,0,0,0,0,0,0,0,0,1,0,2,1,0.9166666666666666
mfrc_3c4e3727da6e0f73111b,"No ethical consumption. Even if chattel slave labor wasn't employed, wage slave labor definitely was.",3,0,0,0,0,0,0,0,0,0,0,0,0,1,0,1,0,0.9166666666666666
mfrc_158ae8cae8b07a22968f,"&gt;  this corrupt piece of garbage

You're talking about Le Pen or Fillon? Cause they're both under investigation and the Fillon case is arguably even more damning.",3,0,0,0,0,0,0,0,0,0,0,0,0,2,1,1,0,0.9166666666666666
mfrc_230626babdcf40077bf1,"No, breitbart. Not even once.

Breitbart doesn’t want you to vote by mail. But doesn’t care that the president and all elected officials do. Fuck outta here. What they really want is to help suppress votes. 


Also, you should probably worry about republicans more, they’re the ones always getting caught committing voter fraud. Like Trump and his whole family, again.",3,0,0,0,0,0,0,0,0,0,0,0,0,1,0,1,0,0.9166666666666666
mfrc_b29da16179b9855930ea,"I'm not an expert in French politics, but I've heard otherwise:

http://www.cnbc.com/2017/03/06/reuters-america-forex-dollar-rises-as-euro-dips-on-french-election-development.html
&gt;A poll on Friday showed that if Juppe replaced the scandal-hit Francois Fillon as the center-right candidate, he would likely win the election's first round, with centrist candidate Emmanuel Macron coming second - a scenario that would knock Le Pen out of the race.",3,0,0,0,0,0,0,0,0,0,0,0,0,0,0,3,1,1.0
mfrc_ef42ee36e4aa17fdd743,Trump may be the *only* person surprised by the fact that thousands of people die of the flu every year.,3,0,0,0,0,0,0,0,0,0,0,0,0,1,0,2,1,0.9166666666666666
mfrc_5c117605f2d6f44b8954,"Reminds me of an Alan Watts quote which goes something like this: “We are liable to confuse symbols with the world itself, just as we confuse money with wealth—a lot of people are in business to make money instead of wealth, when they make the money they don’t know what to do with it.”",3,0,0,0,0,0,0,0,0,0,0,0,0,2,1,1,0,0.9166666666666666
mfrc_c989cce41c366da0c79d,"Yeah, you’re right. No one’s managing, but they know it’s going on. I guarantee SOMEONE has a line item in a ledger SOMEWHERE, that accounts for “Spillage”.",3,0,0,0,0,0,0,0,0,0,0,0,0,1,0,2,1,0.9166666666666666
mfrc_05daa4fe74d7b4c12161,That's what I'm afraid of. Maybe he'll react like this. But what if he doesn't? I'm confused but I'll try to talk to him. I think it's better than don't do anything and regret it all my life.,3,0,0,0,0,0,0,0,0,0,0,0,0,1,0,2,1,0.9166666666666666
mfrc_072449df234ca76e884b,"Macron is the worst choice.

He would taint any leftist ideals with his neoliberalism, something you cannot say about Fillon and Le Pen.

",3,0,0,0,0,0,0,0,0,0,0,0,0,2,1,1,0,0.9166666666666666
mfrc_be8e5f96a196de3a315b,I really want to know what casual conversation is like with these people. Its gotta be fucking awkward.,3,0,0,0,0,0,0,0,0,0,0,0,0,1,0,2,1,0.9166666666666666
mfrc_b00cacac4bbbe3d48c83,"Come on Fillon, rally the old guard and push LePen out of second place.",3,0,0,0,0,0,0,0,0,0,0,0,0,0,0,3,1,1.0
mfrc_d0eec8da1782871abe51,"Religion is not the only group that does that.

And most Christians do not do that.",3,0,0,0,0,0,0,0,0,0,0,0,0,0,0,3,1,1.0
mfrc_9795f149f05a9d6dec50,"We're a (((globalist))) cabal, dammit. Once we rig Macron into the office of Dictator of the World, political expedience will be secondary.",3,0,0,0,0,0,0,0,0,0,0,0,0,1,0,0,0,0.9583333333333334
mfrc_f88b42130367bcda4048,"Well, if it weren't for the second round then Le Pen would waltz right into le Palais de l'Élysée",3,0,0,0,0,0,0,0,0,0,0,0,0,0,0,3,1,1.0
mfrc_de476d58c2d732a8c64c,"Jetstar, an Australian airline, once tried to argue that their flight attendants and pilots who were hired in New Zealand weren't entitled to breaks (under NZ law), because they spent up to half of their hours in Australia. Or maybe it was something even more ridiculous like ""they're only entitled to half the breaks NZ law says, and they can only take them if they are landside in New Zealand"". NZ courts beat that down, fortunately.",3,0,0,1,0,0,0,0,0,0,0,0,0,0,0,1,0,0.9166666666666666
mfrc_a0020a261a4fc83a7c07,"So much this. It's already part of feminism that the patriarchy hurts men as well as women.

r/MensLib for more.",3,0,0,2,1,0,0,0,0,0,0,0,0,1,0,0,0,0.9166666666666666
mfrc_f587a1f28d3991d07c5c,Imagine people doing what actually interests them. What a radical concept.,3,1,0,0,0,0,0,0,0,0,0,0,0,0,0,2,1,0.9166666666666666
mfrc_14b6dbedc764996c37b9,"Buy air / water tight plastic containers (home depot has dozens of different types) and store the items neatly in the garage until you move out and can take them with you.

You are not going to win this battle and don't want to come home one day to find that she's gotten rid of them for you.

Also, if you have a scanner, you can scan the pictures/photo albums. Frankly, it's a better solution since pictures fade over time and can be damaged by water, air, and such",3,0,0,0,0,0,0,0,0,0,0,0,0,0,0,3,1,1.0
mfrc_ea65288abcd480a3cd29,"Indeed, they were extremely accurate. Which it is a relief since they all predict that Macron will win with 60-65% in the second round.",3,0,0,0,0,0,0,0,0,0,0,0,0,0,0,3,1,1.0
mfrc_6909d5bfea940a906682,Hahahaha he will never unify us. They hate us. Don’t you see??,3,0,0,0,0,0,0,0,0,0,0,0,0,1,0,1,0,0.9166666666666666
mfrc_fab770acfb4525f13952,My mum went no contact with my dad for a few years. Tho he did kick my brother out on the street at 16 with no where to go when we were on the other side of the country. Dad didn't even tell my mum because of he had we wouldve just booked him a flight to come by us.,3,1,0,0,0,0,0,0,0,0,0,0,0,0,0,2,1,0.9166666666666666
mfrc_22e9ee09c9cdcccfdd18,"Economically speaking, Le Pen is nowhere near a strong right wing. She might grab the votes of the more socially conservative, but Macron is nearest to Fillon on economics",3,0,0,0,0,0,0,0,0,0,0,0,0,0,0,3,1,1.0
mfrc_37e845e38bb6d6399481,"With a grip like that, how could someone not support macron? ",3,0,0,0,0,0,0,0,0,0,0,0,0,0,0,2,1,0.9583333333333334
mfrc_dd3873e5e3821a9a8d7f,So what do you think will happen ? Will what happened to Le Pen pere happen to la fille ? Another 4 years of Sarkozy ?,3,0,0,0,0,0,0,0,0,0,0,0,0,0,0,3,1,1.0
mfrc_46d4432b4a13939d6264,"Do you really think that? Anti work is sitting on reddit. 

&amp;#x200B;

Trump idiots are creating gridlocks with their cars and marching around screaming and begging for work like toddlers.

&amp;#x200B;

Good luck.",3,1,0,0,0,0,0,0,0,0,0,0,0,0,0,2,1,0.9166666666666666
mfrc_136a8f5eca9c86255ebb,Except lots of melenchon voter are closer to the fn than hamon.,3,0,0,0,0,0,0,0,0,0,0,0,0,1,0,2,1,0.9166666666666666
mfrc_9a90e98a92d1bb3085da,"Hamon wants a universal basic income, that was never part of the platform of Socialist/Social democratic parties in Europe in the last 150 years.",3,0,0,0,0,0,0,0,0,0,0,0,0,0,0,2,1,0.9583333333333334
mfrc_46e11fb50244379fb70d,As a woman I could never excuse this girls disgusting behavior. You don't do this to someone you love. Its manipulative.,3,1,0,0,0,0,0,0,0,0,0,0,0,0,0,0,0,0.9583333333333334
mfrc_356aee265aa53aef5c6f,"Tbh. I kinda liked Hamon from is proposals, some of Mélenchons stuff seems to be to abrupt a change for me (tho e.g. I wholeheartedly support him in trying to change the EU), but looking at the failure of the current PS government I can understand people not wanting to vote for them.",3,0,0,0,0,0,0,0,0,1,0,0,0,1,0,1,0,0.875
mfrc_1e0d77b837333f4ef8d0,"https://www.usatoday.com/story/news/world/2019/09/16/donald-trump-israel-election/2333266001/

https://thehill.com/hilltv/what-americas-thinking/431675-trump-is-most-pro-israel-president-since-truman-says-analyst

Trump is very much pro israel. Sorry that doesn't align with the narrative you got going there.",3,0,0,0,0,0,0,0,0,0,0,0,0,0,0,2,1,0.9583333333333334
mfrc_ba115825f8822d5e47d4,I'm just waiting for Macron to get an EU military sorted so we can enter glorious Pax Europa.,3,0,0,0,0,0,0,0,0,0,0,0,0,0,0,3,1,1.0
mfrc_4b6e735b7b45b6ff4804,"What the hell are you talking about? Le Pen was one of the favorite to go to the second turn...

And as everyone said, the Brexit and Clinton elections were both predicted to finish liuke 52-48 whereas this election is predicted to finish like 70-30 so the comparison is not possible.",3,0,0,0,0,0,0,0,0,0,0,0,0,0,0,3,1,1.0
mfrc_e0f9e794c3b66570f992,"What you are talking about was in Fillon's program.

 Macron wants workers to negotiate working time and payment with their employers through unions, instead of it being fixed in the law. This will affect their overtime but for 20 hours per month, what they will lose on the overtime surplus will be largely compensated by the removal of the habitation tax and the lower CSG.

And don't forget the fact that overtime will not be taxed anymore.",3,0,0,1,0,1,0,0,0,0,0,0,0,0,0,1,0,0.875
mfrc_7a384b1c23b4d6cfeec9,[What if they were legally obligated to wear these pants every time they want to speak in public?](https://www.google.com/search?q=flaming+pants&amp;tbm=isch&amp;ved=2ahUKEwiP67n99b7uAhVT2VkKHVOSB9cQ2-cCegQIABAA&amp;oq=flaming+pants&amp;gs_lcp=CgNpbWcQAzICCAA6CAgAELEDEIMBOgUIABCxAzoECAAQQzoHCAAQsQMQQzoGCAAQBRAeOgYIABAIEB5QyLwDWLXNA2DM0gNoAHAAeACAAaYBiAG_DJIBBDAuMTOYAQCgAQGqAQtnd3Mtd2l6LWltZ8ABAQ&amp;sclient=img&amp;ei=VNUSYI_xNdOy5wLTpJ64DQ&amp;bih=507&amp;biw=1154#imgrc=OoZXwXakRXhfmM),3,0,0,0,0,0,0,0,0,0,0,0,0,0,0,3,1,1.0
mfrc_3b2db6dd5139f6859cd9,Or Adio for that matter. I used to love those.,3,0,0,0,0,0,0,0,0,0,0,0,0,1,0,2,1,0.9166666666666666
mfrc_86983639529e576355be,"Never apologize for who you are, you seem like a nice person and you definitely shouldn’t feel guilty for what happened. That air hostess is a bitch and she should feel bad, not you.",3,2,1,0,0,0,0,0,0,0,0,0,0,1,0,0,0,0.9166666666666666
mfrc_00696315566d97efd558,"Someone that constantly has to profess their honesty is usually not that honest. He's trying to guilt you by reminding you of the ""sacrifice"" that he's making by being a ""honest guy"". He's setting you up so that when he eventually cheats, he can say ""Well, what about all the other women I rejected?"" I'd be careful, OP.",3,0,0,0,0,0,0,1,0,0,0,0,0,1,0,0,0,0.9166666666666666
mfrc_1bae323cec5b8194d19c,"Considering there were no EMTs there they just left him. In the full video you can see it happen, its brutal.",3,1,0,0,0,0,0,0,0,0,0,0,0,1,0,1,0,0.875
mfrc_5ec41fde3f40219481de,"I'm guessing her supporters will only see it as ""authorities try to prevent Le Pen from showing the dangers of the Muslim extremist that are entering our country""",3,0,0,1,0,0,0,0,0,0,0,0,0,1,0,1,0,0.875
mfrc_94a48f696fea28ae144e,"You can collect on furlough, it sounds like she closed temporarily in order to follow the guidelines and allow her employees to collect unemployment. In other words she did exactly what we’re supposed to do.

Her employees are finding out that they make more under the CARES act than they did working for her. Now she’s sweating about having to pay a fair wage when they come back.",3,0,0,0,0,1,0,0,0,0,0,0,0,0,0,1,0,0.9166666666666666
mfrc_efba3cc678c68187af7e,"Regardless of your political beliefs, you don’t advocate beheading others with different beliefs. That exactly what this sick lady did.",3,0,0,0,0,0,0,0,0,0,0,0,0,0,0,0,0,1.0
mfrc_4630ada5bf9ee286632a,"Guys, we memed for Macron. Why aren't we meming for LibDem and Farron?",3,0,0,0,0,1,0,0,0,0,0,0,0,0,0,2,1,0.9166666666666666
mfrc_2eb10bc926611b810477,"I mean, it was awfully close. What would have happened if it was Melenchon v Le Pen? The French system doesn't guarantee that the Condorcet winner gets elected.",3,0,0,0,0,0,0,0,0,0,0,0,0,1,0,2,1,0.9166666666666666
mfrc_fff16ab23d5af37f06a5,"He's fundamentally against something that you fundamentally stand for, and you've known this since before you got together. Is what you feel for him genuinely worth his clear hatred for a community that you're part of?",3,0,0,0,0,0,0,2,1,0,0,0,0,0,0,0,0,0.9583333333333334
mfrc_b017ce43a23808afd3ff,Allah isn’t fragile. The power structure of the religion devoted to him is.,3,0,0,0,0,0,0,0,0,1,0,0,0,0,0,1,0,0.9166666666666666
mfrc_e1e196a4f142d31f0867,The trouble is that every candidate in this election has done the same or worse so you can't really use that as a stick to beat Le Pen with. ,3,0,0,0,0,0,0,0,0,0,0,0,0,2,1,1,0,0.9166666666666666
mfrc_c9b1d01c0940eac505ef,"something like ""all rise for the honorable justice Chick Withdick"" iirc",3,0,0,0,0,0,0,0,0,2,1,0,0,0,0,1,0,0.9166666666666666
mfrc_9c611061cabf8e3898a6,Don't underestimate them. I'm sure at least some of them are aware of the cultural differences and they might be able to count on the support of Le Pen supporters in France. They might not get anywhere in /r/france but that doesn't mean they won't be able to reach French people via news sites comment sections or facebook.,3,0,0,0,0,0,0,2,1,0,0,0,0,0,0,1,0,0.9166666666666666
mfrc_473868dea5417e7eef0c,"Because YouTube has been struggling to make money since it started (same with Twitter). Google effectively accepts that is is a revenue loss, but because there really isn't anything like it, they have a defacto monopoly.",3,0,0,0,0,0,0,0,0,0,0,0,0,0,0,3,1,1.0
mfrc_c7ce4da89bb5673fa1e1,"Playing ""doctor"" at 5 isn't sexual assault. It's so unbelievably natural that most kids do it at some point, despite nobody really talking about it very often. There's a lot going on in this story, but the least of your concerns should have been anything you were doing at 5. It's normal.",3,0,0,0,0,0,0,0,0,0,0,0,0,1,0,2,1,0.9166666666666666
mfrc_9f77a44153a5c3240662,Why hasn't anyone tried and form a third party encompassing the centrists? Let the  extremists be extreme while the rest of us set policy that favors individual liberties and workers rights,3,0,0,2,1,0,0,0,0,0,0,0,0,0,0,1,0,0.9166666666666666
mfrc_1279fdd507ee51be2118,Or 2 years of community college bf going to university to save money!,3,0,0,0,0,0,0,0,0,0,0,0,0,1,0,2,1,0.9166666666666666
mfrc_95d7fc693ecdac33d652,"Any empirical proof that Melenchon's socialist ideas actually work? You may hate on liberalism all you want and caricature it with some ''everyone is a neoliberal thatcherit'' strawman, it's still the only model that has proven to work.

If you want to do lab experiments, kindly don't do them on France. Let's see how they are working out in Venezuela and Cuba first.",3,1,0,0,0,0,0,0,0,0,0,0,0,0,0,2,1,0.9166666666666666
mfrc_1308d53607e9d6a28120,Imagine the cognitive dissonance it will cause. They will have an absolute meltdown.,3,1,0,0,0,0,0,0,0,0,0,1,0,0,0,1,0,0.875
mfrc_3ecd72b7d9b711f1a9bc,No.  All accredited universities must allow exemptions for qualified medical emergencies.,3,0,0,0,0,0,0,0,0,0,0,0,0,0,0,3,1,1.0
mfrc_00405303c2bfedca5708,"""The Poor Boys""

God, Biden has ALL the dementia lol",3,0,0,0,0,0,0,0,0,0,0,0,0,0,0,3,1,1.0
mfrc_414265bcabf1d6b5205f,As a Canadian I am looking forward to Macron taking the crown of young attractive handsome world leader from Trudeau. Get ready for a lot dumb articles about how hot your new President is my French friends.,3,0,0,0,0,0,0,0,0,1,0,0,0,0,0,2,1,0.9166666666666666
mfrc_ef6c7693838eeade4ada,Some people have such an unreliable sense of self that they seek out labels or diagnoses to help define themselves.,3,0,0,0,0,0,0,0,0,0,0,0,0,0,0,3,1,1.0
mfrc_4202d6abe89b9731d08e,Why do none of these articles talk about anyone getting arrested?,3,0,0,0,0,0,0,0,0,0,0,0,0,0,0,2,1,0.9583333333333334
mfrc_6b6660b9b0699f2b0f27,"Thank you to every Wisconsin voter who stood in line to vote.  I am sorry you had to put your lives on the line to defend your right to vote.  You are true Patriots.

See you in November you rotten and soulless GOP.",3,0,0,0,0,0,0,1,0,0,0,0,0,0,0,0,0,0.9583333333333334
mfrc_888817d92f6ba507cf78,"You know what? I don't mind the hard drugs, the Islamification and obvious support for ISIS and what not, but colliding with ANTIFA? How are they colliding, is it bumper cars or are we talking about a Large Macron Collider here? That shit's dangerous.",3,0,0,0,0,0,0,0,0,0,0,0,0,2,1,1,0,0.9166666666666666
mfrc_dfd1a9d0f5f565feb4cd,"&gt; politicians would kll their own carreers by saying anything positive about Assad. 

Fillon and MLP did, tho.",3,0,0,0,0,0,0,0,0,0,0,0,0,1,0,2,1,0.9166666666666666
mfrc_ddbd827254f51fa07253,"One of capitalism's greatest triumphs was training the population to shame people for *not wanting to work*

That's some fucking disgusting protestant work ethics right there.",3,0,0,0,0,0,0,0,0,0,0,0,0,2,1,0,0,0.9583333333333334
mfrc_72ad66cad85072ce868f,Difficulty is inversely proportional to intelligence. That's why he's proud.,3,0,0,0,0,1,0,0,0,0,0,0,0,0,0,2,1,0.9166666666666666
mfrc_7223ba4c8c225ff6f445,"Yea it's one of those addictions that can kill if you go cold turkey, not even opiate addiction does that, so take it seriously.",3,0,0,0,0,0,0,0,0,0,0,0,0,1,0,2,1,0.9166666666666666
mfrc_ab5b4a326a4c338a6df4,"So agree, the fact our healthcare system is so ducked that it forces someone to do this proves something needs to change.",3,1,0,0,0,0,0,0,0,1,0,0,0,1,0,0,0,0.875
mfrc_52de961f44f9105fe8d9,"Well done Le Pen. Women deserve better in these countries. And you refusing to wear a headscarf might just give them the courage to stand up against, these islamic regimes ",3,0,0,1,0,0,0,0,0,0,0,0,0,0,0,0,0,0.9583333333333334
mfrc_40caa59cf7f8136535a4,"Probably, but they also made trainers with non-marking soles - I remember the vague threat of punishment if you were wearing the wrong kind!",3,1,0,0,0,0,0,0,0,0,0,0,0,1,0,1,0,0.875
mfrc_72a5c434adb77f72e180,This is why a child won. Did Macron write this?,3,0,0,0,0,0,0,0,0,1,0,0,0,0,0,2,1,0.9166666666666666
mfrc_5561e66da6e4cbd9756e,"So the next step for our soon-to-be President of France is the legislative elections. And nominating candidates. 

Manuel Valls, the former Prime Minister, hated by the left (for good reasons unrelated to economy) wants to join En Marche and be their official candidate in his town. 

Macron was like ""sure bro, send me a resume and a cover letter"". And then ""btw we already have someone in mind for that sooooo"". 

I think refusing Manuel Valls could go a long way to show change. ",3,0,0,0,0,0,0,0,0,0,0,0,0,1,0,2,1,0.9166666666666666
mfrc_4cc39bf32b347bd368b7,Democrats consider black people to be their property.  Nothing has changed.,3,0,0,2,1,0,0,0,0,0,0,0,0,0,0,0,0,0.9583333333333334
mfrc_943d6da882b3d9e57bef,Sully remember when I said I’d kill you last I lied.,3,0,0,0,0,0,0,0,0,0,0,0,0,1,0,2,1,0.9166666666666666
mfrc_1baebc7445f0bbff85e9,Jean-Luc Melenchon knows what he would do if he had power so he's projecting.,3,0,0,0,0,0,0,0,0,0,0,0,0,1,0,2,1,0.9166666666666666
mfrc_28b9c321369fb7cbcf4b,"I mean if you read the article, it sounds like left wing groups was who this was directed toward, not Le Pen. ",3,0,0,0,0,0,0,0,0,0,0,0,0,0,0,3,1,1.0
mfrc_f41e4dce222f6859985e,"It’s not my “opinion”- his actions are literally on camera 

when you start denying objective reality, you seriously need to ask yourself if you are in a cult",3,0,0,0,0,0,0,0,0,0,0,0,0,0,0,3,1,1.0
mfrc_d9b780a3d9e354c48780,"How isn’t this breaking your own first rule “be civil”? 

This sub has a marked lack of civility, ranging from straight up bigoted and racist commentary to just slandering and denigrating an entire group of people based on their political views. Does the civility rule only apply one way towards flared members, or does this sub have some explanation why it’s okay to completely disregard and be rude to people based off of nothing but conjecture and their own opinion?",3,0,0,1,0,0,0,0,0,0,0,0,0,1,0,0,0,0.9166666666666666
mfrc_9d2e0bdef3735a8d7f57,"The Ministry's page is updating quicker now. You can see that Macron is closing the gap with MLP, currently higher than him, at 69% of the votes counted.",3,0,0,0,0,0,0,0,0,0,0,0,0,0,0,3,1,1.0
mfrc_790b4c765f8485e49e04,"Well there's a whole disctinction to be made between ""far-right"" economically, which is basically full-on liberalism, and far-right as you seem to hint at it, as in fascism. 

Fascism is not far-right economically, there's protectionism, borders, ect.

If you look at in France at LePen and Melenchon, they have the same kind of unrealistic economic bullshit, just one of them wants to block border for the threat of outsiders, and the other to keep the wealth in. Same shit, different words.

",3,0,0,0,0,0,0,0,0,2,1,0,0,0,0,1,0,0.9166666666666666
mfrc_e4b999cf82a30899e272,Damn these illustrators dont get paid enough for thos amazing work,3,0,0,0,0,2,1,0,0,0,0,0,0,0,0,0,0,0.9583333333333334
mfrc_5d0534ed9a8f1b81e582,"It’s soooooo bad.  And to be fair, I’ve encountered those women everywhere, of all faiths. I’m so glad my mom brought me up to be so strong.",3,0,0,0,0,0,0,0,0,0,0,0,0,1,0,1,0,0.9166666666666666
mfrc_9b105dd7dbd4d44eebb1,"I was a Melenchon voter, I will vote Macron but I honestly not going to blame people who abstain, I understand and hesitated myself. ",3,0,0,0,0,0,0,0,0,1,0,0,0,0,0,2,1,0.9166666666666666
mfrc_5e569039d5576f7e4100,"If Hunter's guilty, send him to jail.  

Meanwhile, Trump's been under investigation for tax evasion for years, and he's the actual candidate.",3,0,0,0,0,1,0,0,0,0,0,0,0,0,0,2,1,0.9166666666666666
mfrc_a575bcd6a8f38bd81544,"I mean, I had a co-worker take a handful of candy from my candy bowl like twice a day. Its 70kcal for a fun size kit kat. If she's eating 5 kit kats everyday, every two weeks (or 10 business days), she'd be gaining a pound. So in a year (52 weeks, but there's holidays) she'd probably gain like 25lb.",3,0,0,0,0,0,0,0,0,0,0,0,0,0,0,3,1,1.0
mfrc_c239985938b751aef13f,"Yes, I meant macronutrients, but fat is the least satiating one:  http://www.sciencedirect.com/science/article/pii/S0924224414002386#sec3",3,0,0,0,0,0,0,0,0,0,0,0,0,1,0,2,1,0.9166666666666666
mfrc_b57966764e55f261f897,"Yeah, it hasn't been updated by Microsoft in years. You've essentially got the online security protection of a fly swat at this point.",3,0,0,0,0,0,0,0,0,0,0,0,0,0,0,3,1,1.0
mfrc_7b8bddc92f7241aec46b,"Yes, let's all vote for the status quo, for no particular reason other than its ""less extreme"".

Edit: For those who think I support Le pen, I do not. I however, see no merit in voting for something based on something as ridiculous as ""moderate"". Explain your decisions and why, don't just throw vague statements. I support Melenchon specifically because of his tax policy for the record.",3,0,0,0,0,0,0,1,0,0,0,0,0,0,0,2,1,0.9166666666666666
mfrc_28df533c102bb218234e,Are you often deceptive? This is more trouble than it’s worth,3,0,0,0,0,0,0,0,0,0,0,0,0,0,0,2,1,0.9583333333333334
mfrc_caf2150ec5c212db108c,"You sounds like a lovely, humble person and I. Sure your friends and family love you /s",3,0,0,0,0,0,0,0,0,0,0,0,0,1,0,1,0,0.9166666666666666
mfrc_acc8c46366c4d000ccaa,"If you’re not allowed to be there then it’s disrespectful to you from both of them. She’ll say “trust me”, but when you’re having a bad feeling in your gut, she’s not trusting you.",3,0,0,0,0,0,0,0,0,0,0,0,0,2,1,1,0,0.9166666666666666
mfrc_fef7f1dd4e3dab63a80d,"Looking for a job that I don’t want during a pandemic especially means I hold zero cards and any potential employers can bend me over a barrel cause otherwise I can’t send my money to my landlord so I can continue to exist and... work more?

Fuck life’s so depressing, I’m not even allowed to end my own life, that’s how little control I have over it :(",3,0,0,0,0,0,0,0,0,0,0,0,0,1,0,1,0,0.9166666666666666
mfrc_899b0d0b57998fbce474,Why the does it matter how many minorities are in the video of Macron's inauguration? ,3,0,0,0,0,0,0,0,0,0,0,0,0,0,0,3,1,1.0
mfrc_14e09ea278aa722463a8,"For the people who like to go on about the impending return of Jesus, the identity of the Antichrist is dependent on the latest popular left-leaning person. For this reason, you can find people who have predicted that Bill Clinton (because he helped implement NAFTA) and Barack Obama (because he was a hella charismatic POC) were the Antichrist. I'm sure that somewhere someone thinks Merkel is the Antichrist, and I wouldn't be surprised if Macron was a candidate too.",3,0,0,0,0,0,0,0,0,1,0,0,0,1,0,1,0,0.875
mfrc_f147fc59a4ff6d247c74,"it's just lies that's perpetuated by the previous generation.

notice how pretty much none of their advice is actually helpful?

""work hard, study hard"", ""pursue post-secondary education"", ""you gotta pound the pavement and hand in resumes in person to really show you're a go-getter"" and all these useless tidbits.

I listened to my parents and I'm going to pay for that mistake for the next 4 decades.  yay.",3,0,0,0,0,1,0,0,0,0,0,0,0,0,0,2,1,0.9166666666666666
mfrc_f3e7c087bdf479c026ed,I think it's mostly to piss of snowflake Conservatives who don't realize the bias is against their bullshit UnAmerican contempt for diversity and the Constitution.,3,0,0,0,0,0,0,1,0,0,0,0,0,0,0,0,0,0.9583333333333334
mfrc_05e32a1b73b5e3b2d13e,"She will face Fillon since he's positioned as a Merkel ally. I think you greatly underestimate the fact the masses will not tolerate 500,00 civil service cuts. 1in 5 French workers is a government employee and Fillon will win in ""landslide""? Impossible a rational person presented with these facts would vote Fillon. Not going to happen.",3,0,0,0,0,0,0,0,0,1,0,0,0,1,0,1,0,0.875
mfrc_f6f85cce7fa66478fc89,"Antiwork is not anti labour

People can do whatever they want with their time, not everyone finds purpose in wage slavery",3,0,0,0,0,0,0,0,0,0,0,0,0,0,0,3,1,1.0
mfrc_b3e85a79100154495165,"I don't know,yes some ""Mélenchonfans"" are annoying but overall it doesn't feel too bad compared to the FN.

Macron isn't that hated anymore on r/france",3,0,0,0,0,0,0,0,0,0,0,0,0,2,1,0,0,0.9583333333333334
mfrc_c877f6e861306e2056a7,Fair enough. I don't know about le pen but I believe you're mistaken about Donnie. Regardless it's not a bad excuse ,3,0,0,0,0,0,0,0,0,0,0,0,0,3,1,0,0,1.0
mfrc_91bf107d6f113af2c682,"Because they don't care about Macron. That's why the break-in was before the election but the emails didn't get leaked till now, when he's already basically won. They had the opportunity to truly damage him and passed. ",3,1,0,0,0,0,0,0,0,0,0,0,0,0,0,2,1,0.9166666666666666
mfrc_f14b1b2b929209a86eaa,"Who cares? Apparently the person whose stuff was stolen. By the way, you do realize how unfortunate it is to have YOUR possessions stolen, right? I don’t think it was right for some thief to take your things from you either. 

Just because you can deal with things being stolen doesn’t necessarily mean that whatever was taken away from someone else doesn’t affect them anymore. We don’t know their financial situation and we don’t know how they live their life. Stop being self centered, this isn’t about you. Get your head out of your tuckus!!!",3,1,0,0,0,0,0,0,0,0,0,0,0,1,0,0,0,0.9166666666666666
mfrc_75f0aded97298a4bca1a,"&gt; He's hated by the Socialist establishment esspically Hollande

lol no, the PS ""establishment"" preferred him over their own candidate Hamon ",3,0,0,0,0,0,0,2,1,0,0,0,0,1,0,0,0,0.9166666666666666
mfrc_cef33322b9ffa049f78f,"In a marriage vasectomies should be discussed, not unilaterally decided. 

If you can’t even have a open discussion and have to resort to making monumental decisions without agreement, you shouldn’t be married.",3,0,0,0,0,0,0,1,0,0,0,0,0,0,0,1,0,0.9166666666666666
mfrc_1fc8fac39af869b9c7c7,"yea, I believe that .. such a shame that people don't care for one another with any real conviction.",3,2,1,0,0,0,0,0,0,0,0,0,0,0,0,1,0,0.9166666666666666
mfrc_36daa4f2b556618b85ab,"What a load of bullshit. We only work because we need money to survive, meaning comes from other things we truly enjoy not work.",3,0,0,0,0,0,0,0,0,0,0,0,0,1,0,2,1,0.9166666666666666
mfrc_18be3dcc3006ff7fae20,"Macron is gonna steal yo girl.

Don't show her any pro Trudeau films or you're completely fucked.",3,0,0,0,0,0,0,0,0,0,0,0,0,1,0,2,1,0.9166666666666666
mfrc_5e82b01e6a1e15058fee,"I used to cut a small hole in the lid and feed two wires through. I hooked those up to a propane BBQ grill battery powered igniter and made a spark gap. Then I'd spray some Axe in the cap, wait a second for some air to come back in for a better combustion ratio, lid that bitch and BAM! Instant parental panic. I also tried it with gallon milk jugs. The ratio was much harder to get right, and it was obviously much, much more powerful. I wasn't allowed to do it anymore after that.",3,0,0,0,0,0,0,0,0,0,0,0,0,1,0,2,1,0.9166666666666666
mfrc_fd8172229511ec303c99,"The interventions are quite obvious to anyone with a working brain. Le Pen has met with Putin several times despite not having been elected yet and her party has taken loans from him. The many connections between Trump and the Russian government, while not concrete evidence, are highly suspicious.",3,0,0,0,0,0,0,0,0,0,0,0,0,1,0,2,1,0.9166666666666666
mfrc_7361ea835b5f54cfe0ec,"Very untrue. You cannot have a country if you abandon ethnicity. Le Pen wasn't great, but she was necessary to restore France to a good state. Maslow's hierarchy of needs. Le Pen would fulfill the more immediate needs.",3,0,0,0,0,0,0,0,0,1,0,0,0,1,0,1,0,0.875
mfrc_42c650b2e8974c2d7ce7,My US friend who's trying to register in Texas told me how the agency who was trying to help him register messed up his documents while sending them in... like MULTIPLE TIMES. He's still waiting for his Texas registration confirmation but hearing from him made me so stressed since the deadline for Texas is Oct 5. He told me that there's going to be a LOT of voter suppression happening in Texas and is making him mad. This is really upsetting.,3,1,0,0,0,0,0,0,0,0,0,0,0,1,0,1,0,0.875
mfrc_a8b43e74548734de31f6,"Is it true people will take a big item like a lawn mower, remove it as if they were setting up a display, and fill the box with other crap and just buy the ""lawnmower"".  Obviously they would choose a less expensive item",3,0,0,0,0,0,0,0,0,0,0,0,0,1,0,2,1,0.9166666666666666
mfrc_a3e80364f77e0c8413e0,I hate that dyson with a passion. I'm tall with back problems and they're always low and wheelchair accessible so I have to kill myself to reach it and then my fat hands just rub all over the awful moist plastic and make me hate life.,3,0,0,0,0,0,0,0,0,0,0,0,0,1,0,2,1,0.9166666666666666
mfrc_c4868c984e9394cb5a19,Yeah so charities are racist because only white folks want to volunteer.,3,0,0,2,1,0,0,0,0,0,0,0,0,0,0,1,0,0.9166666666666666
mfrc_3ccb996f03ad04777e07,"~~Just out of curiosity because this sub gets a bad rap for immediately saying “dump them!!”, what do you like about this guy? From this post it sounds like he doesn’t respect your belongings, and more importantly your personal boundaries. He doesn’t value your life experiences and is disrespectful toward your memories. He isn’t willing to communicate or apologize when he causes problems in your relationship.~~

After seeing the comment below I’ve changed my tune. It is abusive to ruin your partners belongings on purpose. It doesn’t matter what you like about him, there’s no redemption for abusers.",3,1,0,0,0,0,0,0,0,0,0,0,0,0,0,0,0,0.9583333333333334
mfrc_cd2566854a6f93f6ae49,"those corporations are made of people exactly like OP, greedy, justifying their lack of moral, and ruthless",3,1,0,0,0,0,0,0,0,0,0,0,0,2,1,0,0,0.9166666666666666
mfrc_13ecc2dab20682180972,"This girl ISNT your friend.....

She clearly just tolerates you and intends to remove you from the situation if possible",3,0,0,0,0,0,0,1,0,0,0,0,0,0,0,2,1,0.9166666666666666
mfrc_023cfd4aeb91e5cec0b8,"Who told you that people want to be Russians? Mari le Pen? You are joking? Do you think someone ask people? 

and remember - 97% of Ukranians know russian language, but they Ukranians - 3% are hungarians  -noone can undestand what they say",3,0,0,0,0,0,0,0,0,0,0,0,0,1,0,2,1,0.9166666666666666
mfrc_e87831fbeb048d72dfb1,"He's a 'white nationalist?'

From the things I've read the guy actually had a weird mix of political positions. He liked trump and Le pen for their anti immigration rhetoric, but also liked the NDP (Canada's far left party), former NDP leader Jack Layton, and the PQ(Quebec nationalist and separatist party). 

The guy was an unhinged maniac who publicly picked on refugees for fun.",3,1,0,0,0,0,0,0,0,0,0,0,0,1,0,1,0,0.875
mfrc_76e6d67c13c9956425a8,That Marine Le Pen is not their president and I love them.,3,0,0,0,0,0,0,1,0,0,0,0,0,0,0,2,1,0.9166666666666666
mfrc_729aeb6a429707a403e5,Except what Hollande did was completely legal and acceptable and something the corrupt politicians you defend *also* do (in addition to their actual crimes).,3,0,0,0,0,0,0,0,0,1,0,0,0,1,0,1,0,0.875
mfrc_b6c28399dd75e051510f,"No, but either way around the way they got together would be a crime, and the older partner would be guilty of a sexual offence.

The age of consent may be 15 in France, but if you hold a position of power over the younger person a sexual relationship is not allowed.

If the Macrons had any kind of sexual contact before he was 18, it would be perfectly correct to call his wife a statutory sex offender.",3,0,0,0,0,0,0,0,0,0,0,1,0,0,0,1,0,0.9166666666666666
mfrc_a8b5fe2c198faceab930,"It has been repeatedly stressed that none of the intercepted communications had to with Russia. Furthermore you make the assumption that because the US surveilled a foreigner it was for good reason. That is incorrect. We have wiretapped Chancellor Angela Merkel and intercepted the communications of President Francois Hollande. The full list is much longer. The Trump campaign had its communications intercepted while talking with foreign leaders, businessmen, and diplomats, not spies.",3,0,0,0,0,0,0,0,0,0,0,0,0,2,1,1,0,0.9166666666666666
mfrc_6f550fe60a5a1336f656,"Just so you know, if you have an Android based phone you can download it on the Play store.

  


https://play.google.com/store/apps/details?id=com.azurinteractive.pinball",3,0,0,0,0,0,0,0,0,0,0,0,0,0,0,3,1,1.0
mfrc_68998efbe4b860c5e76e,"https://www.reddit.com/r/worldnews/comments/673o3e/macronle_pen_in_french_runoff/dgnzk3k/

Told ya.

&gt;I doubt Le Pen will win. She needs to magic up like 30 more points in the election from.. somewhere.

She did, indeed, lose by 30 points.",3,0,0,0,0,0,0,0,0,0,0,0,0,0,0,3,1,1.0
mfrc_af3219e7937bcee23b8c,"Next reddit confession post: when I was child someone random man broke into my house, and served me milk but no one believed me!",3,0,0,0,0,0,0,0,0,0,0,0,0,1,0,2,1,0.9166666666666666
mfrc_c4c56f49e7f81204ef53,I was today years old when I realized my parents lied to me when they told me those were for holding coins.,3,0,0,0,0,0,0,1,0,0,0,0,0,0,0,2,1,0.9166666666666666
mfrc_efc725f6255f8fa4d9ea,"It wont be. It will have a little tiny addendum that revokes Trump's EO, so expect another rejection.",3,0,0,0,0,0,0,0,0,0,0,0,0,1,0,2,1,0.9166666666666666
mfrc_5366d9a486ad8616d130,"Have you even looked at any debunking of defund the police, no obviously not cause your fucking oblivious.",3,0,0,0,0,0,0,0,0,1,0,0,0,1,0,1,0,0.875
mfrc_85e3891b431cae06c951,Hearsay testimony is not legitimate.  Opinion is not direct evidence.  Unease and personal inference of wrongdoing is not criminal.  End of discussion.,3,0,0,0,0,0,0,0,0,0,0,0,0,2,1,1,0,0.9166666666666666
mfrc_5c1985ab222de93183dc,"Wilders and Le Pen both gained support from their last elections, and I wouldn't exactly call the Tories ""right wing populists""",3,0,0,0,0,0,0,0,0,0,0,0,0,0,0,2,1,0.9583333333333334
mfrc_1fad77c2c82e427b9bb7,"NTA, and you ABSOLUTELY needed to draw that line firmly and clearly.

You probably should have been more tactful. But she also should have been far more self aware of her behaviour. 

You didn't do anything to apologize for.

If some aspect of your conduct feels ""wrong"" to you... Apologize for that and nothing more. 

But you reacted pretty proportional to what transpired here.",3,0,0,0,0,1,0,0,0,0,0,0,0,1,0,0,0,0.9166666666666666
mfrc_5c4a6baef7a5bc103c25,"At the very least, delay the wedding - indefinitely.  NTA",3,0,0,0,0,0,0,0,0,0,0,0,0,1,0,2,1,0.9166666666666666
mfrc_65afaf58a91006af46e3,Are you implying that Le Pen is not corrupt or do you think her voters don't care?,3,0,0,0,0,0,0,0,0,0,0,1,0,1,0,0,0,0.9166666666666666
mfrc_5de9b79a4248e31961ab,"Valls isnt in EM, Macron didnt let him in. Macron doesn't like Valls for good reason. Macron called Valls an arch traitor in his documentary lmao and its honestly true ",3,0,0,0,0,0,0,1,0,0,0,0,0,1,0,0,0,0.9166666666666666
mfrc_75dfb59b30a27062b627,"How much power Macron will really have if he wins? 

Hopefully this is barking without biting, and his proposal would be rejected by the Parliament. 

His other positions are decent, but this is wrong. Imposing sanctions not only won't help, it would do the opposite: make pro-EU parties look ""unpatriotic"" and strengthen siege mentality that feeds PiS.",3,0,0,0,0,0,0,0,0,0,0,0,0,2,1,0,0,0.9583333333333334
mfrc_707dcbc00a4d667ecf1a,I live a mere ten minute ride from Ross township and this is the first I’ve heard of this,3,0,0,0,0,0,0,0,0,0,0,0,0,0,0,3,1,1.0
mfrc_5b76c5aeaa10205cf1d2,When my siblings and I were all home alone we made a pact and had all our SOs over and just stayed out of each others way. Really helped make a stronger bond between us and all of us benefit. That’s how you do it. Not freaking blackmailing your siblings. Have fun never having a relationship with them.,3,0,0,0,0,0,0,0,0,0,0,0,0,1,0,1,0,0.9166666666666666
mfrc_3f7c4459c45dcd75983f,She can SUCK it. This “woman” is an absolute disgrace to humanity.,3,0,0,0,0,0,0,0,0,0,0,0,0,1,0,2,1,0.9166666666666666
mfrc_e49126ea265d9a0b7496,"These people come from the country side and have never suffererd  from terrorism (unlike parisians who voted Macron).
Fuck these people. 
If they wanted to pissed of and smart they should have chosen Melenchon.",3,1,0,0,0,0,0,0,0,0,0,1,0,1,0,0,0,0.875
mfrc_6b60932e83e2d00ac7f7,Fear and greed  is a great motivator to do wrong The cases of police brutality and looting proved that beyond a doubt,3,0,0,0,0,0,0,0,0,0,0,0,0,1,0,1,0,0.9166666666666666
mfrc_d2fed551ad112e843ef6,We knew this would happen. It was still the right decision.,3,0,0,0,0,0,0,0,0,0,0,0,0,3,1,0,0,1.0
mfrc_20168c9dca2a135fdbf2,Not to give you sh*t but this is crap I can't stand. YOU achieved success through hard work and determination. Many have tried and failed attempting similar climbs. Don't belittle your own success by claiming anybody can do it.,3,1,0,0,0,0,0,0,0,0,0,0,0,0,0,2,1,0.9166666666666666
mfrc_fec41da8c9ffa6ad9932,Violence and the threat of violence to coerce and pressure for particular political outcomes is we call terrorism.,3,1,0,0,0,0,0,0,0,0,0,0,0,1,0,0,0,0.9166666666666666
mfrc_ae1e690ef7337b31e364,"Hierarchy absolutely has not always existed in human society, and when it has, it has taken vastly different forms and vastly different proportions of power. Tribal groups basically lacked hierarchy except for gendered differences based on area. The hierarchies of feudalism, empire, the city state, colonial power, absolutism, capitalism, and socialism are basically incomparable.",3,0,0,0,0,0,0,0,0,1,0,0,0,0,0,2,1,0.9166666666666666
mfrc_b44662226d56d7ccc55b,"One question, why do you persist with this when it's clearly upsetting for your girlfriend? If you respect her at all, including her feelings, you would desist with this. You're basically putting low grade eye enjoyment above her happiness and not respecting her insecurities?

Stop that shit and then apologise to her for trivialising her issues.",3,3,1,0,0,0,0,0,0,0,0,0,0,0,0,0,0,1.0
mfrc_f6d9441ad53e72d358f4,"Good. Burn down the establishment, including Democrats and Republicans. Sacrifices must be made",3,0,0,0,0,0,0,0,0,1,0,0,0,2,1,0,0,0.9166666666666666
mfrc_e2782c330cc678224619,"He's certainly no Russophobe, but he isn't on the same level as Le Pen. Not even close.",3,0,0,0,0,0,0,0,0,0,0,0,0,0,0,3,1,1.0
mfrc_acafb1b74465b12c1318,"&gt; When you have a candidate of a party winning the majority of the public's votes it simply doesn't match that definition.

What candidate are you talking about? Le Pen doesn't have the majority of the public's votes...",3,0,0,0,0,0,0,0,0,0,0,0,0,1,0,2,1,0.9166666666666666
mfrc_cd1a26784ad5f5f0decd,"This guy thinks being a decent human being is extreme 😂😂😂

What are your thoughts on Colbert? A truly saintly TV personality for our generation.

Get bent.",3,0,0,0,0,0,0,0,0,0,0,0,0,2,1,1,0,0.9166666666666666
mfrc_b52c9403b8b1da73e2ea,"This pandemic exposed flaws in our society, our policy, our way of life, it showed the stupidity and selfishness of our leaders and our people. Undeniably laid bare, no propaganda could possibly hope to cover it up. 

And not one of the people in charge has learned a damn thing.",3,0,0,0,0,0,0,0,0,1,0,0,0,2,1,0,0,0.9166666666666666
mfrc_af8714697a133c26dec0,"Macron, in a snobby French accent simply for effect: ""This is for 1812: Fuck off!""",3,0,0,0,0,0,0,0,0,0,0,0,0,1,0,2,1,0.9166666666666666
mfrc_9fc3abdd7327919e42d4,"They dont need it, they didnt even ask for it its just LR politicians who want to move Macron to the center right  ",3,0,0,0,0,0,0,0,0,0,0,0,0,1,0,2,1,0.9166666666666666
mfrc_2510904db02fdca7136d,It’s honestly both right now. Capitalism is a god awful beast that needs to be done with.,3,0,0,1,0,0,0,0,0,0,0,0,0,2,1,0,0,0.9166666666666666
mfrc_83c431f8f5f15d5877b9,Can you really not comprehend that people view sex differently? It’s not just men with that view btw.,3,0,0,1,0,0,0,0,0,0,0,0,0,1,0,1,0,0.875
mfrc_ff63880b2abc3f739a47,"""We must learn to accept Terrorism as a fact of life and live with it."" - Macron

im sure he does",3,0,0,0,0,0,0,0,0,0,0,0,0,0,0,2,1,0.9583333333333334
mfrc_85941aac4f3d2cb26edf,"If her friends continue to message you, gently remind them that their friend is the cheater.  Then I’d invite the friend over to bone.",3,0,0,0,0,0,0,1,0,0,0,0,0,0,0,2,1,0.9166666666666666
mfrc_e519385fdd2f593020e4,don’t feel guilty!! get that bag and fuck the authorities!,3,0,0,0,0,0,0,0,0,2,1,0,0,1,0,0,0,0.9166666666666666
mfrc_67924612edd07b00a868,No only people that think Fox News is liberal is hopeless.,3,0,0,0,0,0,0,0,0,0,0,0,0,0,0,3,1,1.0
mfrc_9b8842759cf53f6093fb,"“Laughter through tears is my favorite emotion.” —Dolly Parton’s character in *Steel Magnolias* 

Hope it gets better.",3,1,0,0,0,0,0,0,0,0,0,0,0,0,0,2,1,0.9166666666666666
mfrc_1e5310e1478ce692c402,"Do you know what positions Marine Le Pen represents? Do you think the fact that she's a woman has anything to do with the popularity over those positions in France?

As /u/Catersu said it's both unfunny and untrue. French people are not any more or less sexist than others in Western culture.",3,0,0,2,1,0,0,0,0,0,0,0,0,0,0,0,0,0.9583333333333334
mfrc_4492eebab8d21debac16,There are plenty of liberals who own guns. Any Republicans who think this is gonna sway voters are in la la land. Nothing Democrats propose as far as gun control is a violation of the 2nd amendment. I own a rifle. I still want background checks for private gun sales. The two aren't mutually exclusive.,3,0,0,1,0,0,0,0,0,0,0,0,0,0,0,2,1,0.9166666666666666
mfrc_fa3fa29100e3068b29fa,"Mostly Macron, actually. The parisians suburbs, which host most of the 2nd or 3rd generation French muslims, massively voted blank or didn't vote at all. ",3,0,0,0,0,0,0,0,0,0,0,0,0,0,0,3,1,1.0
mfrc_f4ae08b29f439bd05696,"I actually wish schools would mix the groups anyway, it kinda prepares you more for the outside world, socialising with people you wouldn’t normally or if you have a small friend group you don’t face being split up or singled out. I feel your pain. Don’t feel guilty man you’re doing great",3,2,1,0,0,0,0,0,0,0,0,0,0,0,0,0,0,0.9583333333333334
mfrc_ee3ffb0b1a20508c96f2,Not too surprised considering how his admin treated the NG.,3,0,0,1,0,0,0,0,0,0,0,0,0,0,0,2,1,0.9166666666666666
mfrc_3cea34fea5548654c2e8,"""Because life is hard and it always has been."" That's the usual answer, an inability to want to try and work out something better. Nope, end of the road is just capitalism to them.",3,0,0,0,0,0,0,0,0,0,0,0,0,1,0,2,1,0.9166666666666666
mfrc_5276acb798f46e5dc74a,"I didn't suggest anything that remotely outlandish, so don't try to discredit me with a terrible, hyperbolic attempt at humor or whatever, it seems other people are arriving at similar conclusions as me, especially considering what happened in the US election and how Le Pen and Putin are tight.",3,0,0,0,0,0,0,0,0,0,0,0,0,0,0,2,1,0.9583333333333334
mfrc_c487749dbdfb27dd8676,"As a child golden corral was one of my favorite places to go. Last time i went was more than 10 years ago and it was so disgusting that i have not and will not ever return.

Aside from the gluttony everywhere in there just crap food, unbussed tables, and too many hands touching everything.

Im happy to forget that experiemce and keep the nosgalgic memories from childhood.",3,0,0,0,0,0,0,0,0,0,0,2,1,1,0,0,0,0.9166666666666666
mfrc_bde55214f556f6a541a5,Imagine if Texas is called for Biden on election night and we can all go to sleep early!,3,0,0,0,0,0,0,0,0,0,0,0,0,1,0,2,1,0.9166666666666666
mfrc_aadaea2490ff73d2e85d,It didn’t feel as good as I thought it would. They were messing around and wanted to prank the teacher when she left the classroom.,3,0,0,0,0,0,0,0,0,1,0,0,0,2,1,0,0,0.9166666666666666
mfrc_8d516ca9df44de2d2daf,Chechnya is a republic of Russia. Putin ought to have a lot more influence in Chechnya than Macron does in Saudi Arabia,3,0,0,0,0,1,0,0,0,0,0,0,0,0,0,2,1,0.9166666666666666
mfrc_4b7cc8b786cb53c2be0c,"Honest, yeah, but it's racist. You're talking about votes that are being won literally because of the race and sex of the running mate. What if a white person had said, ""I'm not thrilled about Obama's policies but I guess I'll vote for him because his VP is an old white man.""? Nobody would make an excuse for that kind of sentiment. We can make all the justifications we want based on lingering effects of historic injustices, but racism in the present will not change that and should not be tolerated.",3,0,0,2,1,0,0,0,0,0,0,0,0,0,0,0,0,0.9583333333333334
mfrc_ae7870f40418eea92947,"NTA

Consent is not just for sex. 

If you do not want someone to touch you they should respect that. 

If this is such a huge problem for you then you really need to go see a doctor and see if there is anything they can offer to help. Your personal boundaries do need to be respected but this is an extreme case of not wanting physical contact past the norm of personal preference.",3,0,0,0,0,0,0,0,0,0,0,0,0,0,0,1,0,0.9583333333333334
mfrc_e43e85fc53c12bc7db69,"Same here. ADHD, quit my job this year, have no idea what my future is, sick to my stomach thinking about needing another job so I can have zero energy to do anything at home",3,0,0,0,0,0,0,0,0,0,0,1,0,0,0,2,1,0.9166666666666666
mfrc_bfe6e6f64ed090cdc100,"Macron peut prendre plus que mon énergie, if you know what I'm saying...",3,0,0,0,0,0,0,0,0,0,0,0,0,0,0,3,1,1.0
mfrc_6918c006fbd44ae67126,"And he was a Minister under Hollande and Valls -- Minister *of the Economy*, no less. Then he quit and said he wanted to be president. I'm not sure what people are expecting of him given he hasn't given us a program yet, so maybe they're just hopeful or something.",3,0,0,0,0,0,0,0,0,0,0,0,0,0,0,3,1,1.0
mfrc_1866ec4e6be073b7edd8,"Tribalism wins again!

Marine Le Pen for example was the living embodiment of the horseshoe theory.",3,0,0,0,0,0,0,0,0,0,0,0,0,0,0,3,1,1.0
mfrc_f8a213a0741dc752bdbf,"This exactly! Kids forget that their parents are people and that people change. NAH but YWBTA if you don't apologize- not for what you said necessarily but for what was communicated, even though it's no one's ""fault."" Just let her know you've relaxed over the years and why. Emphasise that you love her just as much as you love her siblings, that that will never change, and that you'll always be watching out for her to protect her",3,3,1,0,0,0,0,0,0,0,0,0,0,0,0,0,0,1.0
mfrc_e95bc0cb67a724ad0ca0,"Hamon and Fillon were both extreme candidates for their respective traditional non-extreme political parties.
Hamon wanted to implement an universal income and tax robots to fight job loss due to automation, for example, while Fillon promised a hard austerity to reduce the national debt and tough reforms to increase productivity (remove the 35h legal limit for the basic work week for example).",3,0,0,0,0,0,0,0,0,0,0,0,0,0,0,3,1,1.0
mfrc_df39758f8b694803b30b,"Mythbusters did an episode on whether or not speeding and being an asshole driver helped you get to your destination faster and they came to the conclusion that speeding, and breaking laws, and being a jerk on the road will only save you an average of 90 seconds. So it's literally not worth your life or the lives of your passengers to be a dick on the road just to get somewhere faster",3,2,1,0,0,0,0,0,0,0,0,0,0,1,0,0,0,0.9166666666666666
mfrc_f5039a8893e98a97d40b,"Yes, because mothers are more likely to be the SAHP... hence the data showing that. In this particular case, the father is the primary caregiver, so he'd be statistically more likely to get custody. If the mother were primary caregiver, they'd be more statistically likely. Do you yet understand how this works? It is skewed towards mothers because mothers statistically are more likely to be primary caregivers, it is not based off of gender though.",3,0,0,0,0,1,0,1,0,0,0,0,0,0,0,1,0,0.875
mfrc_d11f7ff08c13d366f8b9,"&gt; What's wrong with me?

Nothing, you're a good person and you enjoy that music because it reminds you of the enjoyment you got out of the game at that time.  You're a good friend to those around you and you often do more for them than you should, and that sometimes wears you thin and makes you feel worn down and less than you are worth but don't ever forget that you are a really amazing person.",3,1,0,0,0,0,0,0,0,0,0,0,0,1,0,0,0,0.9166666666666666
mfrc_2f66e84bb0a83e9b8dd1,"No shit, but glad the judge had some common sense and respect for our Constitution.",3,0,0,0,0,0,0,1,0,2,1,0,0,0,0,0,0,0.9166666666666666
mfrc_30fa422f647163b2245d,Putin had his apartment bombings and his Chechnyan terrorists as his Reichstag fire moments. I wonder what Trump's RF is going to be?,3,0,0,0,0,0,0,0,0,0,0,0,0,0,0,3,1,1.0
mfrc_d0311f66649d64743682,To be fair. It’s not a lie if your melting mind don’t know truth over fact.,3,0,0,1,0,1,0,0,0,0,0,0,0,0,0,1,0,0.875
mfrc_39af70b72b140a9b3a79,"What? It's feelings, it's absolutely a problem but you're acting like he did something to someone when he said he hasn't and has absolutely no intention to. People aren't monsters for their feelings or thoughts or even fantasies, they're monsters for their actions",3,0,0,0,0,1,0,0,0,0,0,0,0,1,0,1,0,0.875
mfrc_19aa0e08c2aa89cea030,"Please disregard everything I am about to say - Thank you.  


Growtopia is an awful game that barely works, ruining the game for him probably got him to stop playing and do something more productive with his life - watching paint dry or grass grow as two prime examples of things that are more productive than the awful game that is Growtopia  


You may now regard what I say from here on out: Do not hack accounts, it's bad. Good that you learned your lesson!",3,0,0,0,0,0,0,0,0,0,0,0,0,1,0,2,1,0.9166666666666666
mfrc_7c1bec06aa5a50460437,"The people who always champion this idea are the people who have a 0% chance of coming up with something as innovative as Microsoft or facebook. Yes, you can drop out of school and still be wildly successful, but you will probably end up doing something shitty for the rest of your life if you aren't a genius.",3,0,0,0,0,0,0,0,0,0,0,0,0,0,0,3,1,1.0
mfrc_a8e6c66d7fcab401218d,We're swedish. I don't think anyone truly knows what a genuine taco is like. We have cucumbers on tacos in sweden. It's good.,3,0,0,0,0,0,0,0,0,0,0,0,0,0,0,3,1,1.0
mfrc_b625299846a337de9ac6,"https://www.reddit.com/r/The_Donald/comments/6jy7ba/finally_a_liberal_movement_i_can_get_behind/

The_Donald post in question.

http://www.independent.co.uk/news/world/europe/emmanuel-macron-donald-trump-paris-climate-scientists-refuge-france-us-latest-a7770606.html

http://uk.businessinsider.com/emmanuel-macron-american-climate-scientists-france-2017-6

Macron's offer to researchers.",3,0,0,0,0,0,0,0,0,0,0,0,0,0,0,3,1,1.0
mfrc_af347c62d0807a568cfa,Macron has ascended! Us peasant filth are not worthy to be in the presence of a God. ,3,0,0,0,0,0,0,0,0,1,0,1,0,0,0,0,0,0.9166666666666666
mfrc_b01adbf815fdf9370e81,"Coulters law. 

Because they did not specifically mention who did the data manipulation, it wasn't Russia, and it wasn't the trump campaign directing the false information attack, nor le pen in France. 

Because of the liberal bias at Facebook, this is their way of admitting to helping in the data manipulation, and slanting the release to say one thing, but manipulating it to make people believe the exact opposite. ",3,0,0,0,0,0,0,0,0,1,0,0,0,0,0,2,1,0.9166666666666666
mfrc_70bce2cb906b192834ca,"You can't just generalize and say that any incident that has occured anywhere and has been photographed or filmes can be shown publicly, or else it's ""distancing ourselves"". There's a much finer granularity than that. In this case there are relatives to consider. Also Le Pen's motive. So let's have someone invenstigate this and see if she in fact broke the law or not.
",3,0,0,0,0,0,0,0,0,0,0,0,0,0,0,2,1,0.9583333333333334
mfrc_33caaf73a7ee38b1e055,"Americans are not as healthy and Sweden is on a completely different level culturally. They were practicing social distancing way before covid.



 https://www.reddit.com/r/pics/comments/7sx1mq/bus_stop_in_sweden_talk_about_personal_space/",3,0,0,0,0,0,0,0,0,0,0,0,0,0,0,3,1,1.0
mfrc_0002e206396280fc0476,"Yes! But these people who voted for le pen aren't all full blown racist. These populist nationalist appeal to many people based on many small issues. Immigration, refugees, and economic uncertainty ought to be addressed because obviously the French people and many Europeans are concerned about their ways of life. ",3,0,0,1,0,0,0,0,0,0,0,0,0,0,0,1,0,0.9166666666666666
mfrc_3f4e09eb1af0df6a7e90,"I mean, this is true in some cases for sure.. However, there is something to be said for toxic individuals seeking out vulnerable people.",3,3,1,0,0,0,0,0,0,0,0,0,0,0,0,0,0,1.0
mfrc_1b58a716bb8f6987a131,"Macron isn't a socialist by any stretch of the imagination, and even if he were, where socialist policies are empirically beneficial, let's absorb them.",3,0,0,0,0,0,0,0,0,1,0,0,0,0,0,2,1,0.9166666666666666
mfrc_205db28c4e642461b7eb," 

&gt; Alternative Fact:

&gt; They argued a crowd movement around Ms Le Pen had become “dangerous in terms of security”. 

&gt; “There was a crowd movement, he pushed and we asked him to leave. There was a risk,” a spokesman for the organisers of the event told Pure Medias. 

&gt; &gt; 
&gt; Alternative Fact:

&gt;  “Two police officers asked us to remove two individuals who were being provocative. There was a lot of pushing and shoving.” 


No one suggested Le Pen ordered it. Are you suggesting the security guards were justified?",3,0,0,0,0,0,0,0,0,0,0,0,0,0,0,3,1,1.0
mfrc_31ad43c1a711cf99a4a3,"It’s stupid regardless, and it contributes nothing except wasted outrage.",3,0,0,0,0,0,0,0,0,0,0,0,0,0,0,3,1,1.0
mfrc_8068b6436ada8279d473,"&gt; This childish accusations regardless of their accuracy are going to end with Le Pen winning. 

Bullshit. ",3,0,0,0,0,0,0,0,0,0,0,0,0,0,0,2,1,0.9583333333333334
mfrc_a3ee159774d45d5930e7,"Yes, bribing the American people with their own tax dollars. Susan Collins said he learned his lesson though.",3,0,0,0,0,1,0,0,0,0,0,0,0,0,0,2,1,0.9166666666666666
mfrc_03af83f7d05a71059580,[tfw your friend (this friend does have shitposting privileges at BE btw) doesn't believe Macron is a Neoliberal](https://imgur.com/a/ykRmN),3,0,0,0,0,0,0,0,0,0,0,0,0,0,0,3,1,1.0
mfrc_4162b262adb85e78aa87,Weren't the rolls purged last month? The fuck they purging now? I'll be God damned if these people don't answer for this seditious behavior. There will be no justice in this world,3,0,0,2,1,0,0,0,0,0,0,1,0,0,0,0,0,0.9166666666666666
mfrc_98c40ef6e399720597e8,Then it will be sized appropriately for the grave needed to house his ego.,3,0,0,0,0,0,0,0,0,0,0,0,0,1,0,2,1,0.9166666666666666
mfrc_7db910222752963911ea,"&gt; What I'm interested in is how this is supposed to help fight Le Pen.

It's not, it's just the European Parliament letting the French police do their fucking jobs enforcing the law. This is not going to stop her presidential campaign, she will get a small fine at most. Of course presidential candidates will be under more scrutiny in most civilized countries. People have to stop making everything into a conspiracy theory.",3,0,0,0,0,0,0,0,0,1,0,0,0,0,0,1,0,0.9166666666666666
mfrc_d194834597dc598add2d,"People assume he was 'played' as the majority of folks don't understand, or simply aren't aware of the protocols and etiquette that come with high level business and diplomacy. 

I am really proud to see the way in which our representatives in Europe have carried on as normal and really have put themselves above the childish behaviour Trump has been exhibiting. 

I believe that proper protocols would be followed if Macron, or any of the other leaders visited the US. But I don't know that would help Trump to 'learn'... ",3,0,0,0,0,0,0,0,0,1,0,0,0,1,0,1,0,0.875
mfrc_94c14de4f4c998d1d24b,"I was talking about Assads oppression actually, but now that you mention it Le Pen planned to destroy marriage equality and other fundemental freedoms in France. 

American politics have nothing to do with this and I'm not interested in talking about them.",3,0,0,2,1,0,0,0,0,0,0,0,0,0,0,0,0,0.9583333333333334
mfrc_d1d47dadc7f63192122c,"&gt;The fact you consider a socialist a centrist is evidence that you don't belong here.

What, because I used the most two common labels for Emmanuel Macron? That's evidence?",3,0,0,0,0,1,0,0,0,0,0,0,0,0,0,2,1,0.9166666666666666
mfrc_90da519cc155985ddf9d,Oh absolutely. I just meant she’s legally free to press charges. It’s morally wrong no matter what.,3,0,0,0,0,0,0,0,0,0,0,0,0,3,1,0,0,1.0
mfrc_7a723c1bda10dc14c21a,"500 000 civil servants is mind-boggingly immense. That will disrupt how government works in a big way. Already the 2007 RGPP had a detrimental effect on public services.

He said he would privatise social security. Then did a U-turn. 

Other countries can work how they want. I'd rather not have a high level of working poors or going on the path of liberalism. 

We need reform, Fillon just wants to destroy.",3,1,0,0,0,0,0,0,0,1,0,0,0,0,0,0,0,0.9166666666666666
mfrc_9a310d787e5573fa68fc,Capatilists are trying to change the nature of human beings for solely personal gain.,3,1,0,0,0,0,0,0,0,0,0,0,0,1,0,0,0,0.9166666666666666
mfrc_db60087a5c4e0734a16d,Why are you shocked? The left would have no standards of not for double standards,3,0,0,1,0,0,0,0,0,0,0,0,0,1,0,1,0,0.875
mfrc_2827ad4bb8620ca4c78b,"So change it then.

Misinformation is butt fucking your country to death.

I sincerely believe it's an existential threat.",3,0,0,0,0,0,0,0,0,0,0,0,0,0,0,2,1,0.9583333333333334
mfrc_8a449dd25f10dd9b53b3,How? Cheating hurts because it's someone you trust lying to you and telling you to doubt what they know is the truth. That's brutal and sounds damned emotionally abusive imho.,3,1,0,0,0,0,0,0,0,0,0,0,0,0,0,0,0,0.9583333333333334
mfrc_8605321ccfa44442527f,My parents looked into buying a piece of land and building a house. Once they priced everything out they found that is was $150k just to get utilities to the property. Definitely cheaper to buy used or if you really want to build it’s easier to build in one of those developments with model homes.,3,0,0,0,0,0,0,0,0,0,0,0,0,0,0,3,1,1.0
mfrc_30e0b68ae29bdeed40fb,It’s still going. Benny Giants just said he’ll try to form a government with a nationalist party after the next election. Or Likud could get rid of Bibi and he’ll let them join with his party. Either Likud gets rid of Netanyahu or Likud is out the majority is so far the outlook.,3,0,0,0,0,0,0,0,0,0,0,0,0,0,0,3,1,1.0
mfrc_b68483c1f77c197b735b,"... Only on Reddit can you seriously be advised to abandon your fourteen-year-old son, who’s obviously being manipulated by his mother, in favor of a fucking dog. This sub is beyond parody at this point.",3,0,0,0,0,0,0,1,0,0,0,0,0,0,0,1,0,0.9166666666666666
mfrc_8843e22aa6a730f2226d,"&gt;Holy shit

Be Polite.  Remember it's an inherent part of your white culture.",3,1,0,0,0,0,0,0,0,0,0,0,0,0,0,2,1,0.9166666666666666
mfrc_e48855829c146353c2d1,"&gt; Well, this actually makes sense to me. The virus (fear) is transmitted through TVs tuned to liberal media, so this rule prevents the spread (of MSM misinformation).

DUDE..... you just cured COVID, holy shit.  I seriously think you are onto something, lol",3,0,0,0,0,0,0,0,0,0,0,0,0,0,0,3,1,1.0
mfrc_2dcb147b40df89230f00,Bullshit. Le Pen polls much better against Fillon than she does against Mélenchon. ,3,0,0,0,0,0,0,0,0,0,0,0,0,0,0,3,1,1.0
mfrc_3e3e91fae8a6a6f3132d,"I had to sit down with my manager and tell her she had to reduce my workload this week. I haven't worked less than 10 hrs in a day since a promotion last month.

If nothing changes I'm leaving",3,0,0,0,0,1,0,0,0,0,0,0,0,1,0,1,0,0.875
mfrc_76f3d1943708050b8282,"“You are entitled to your opinion, not to change the facts” sick burn",3,0,0,0,0,0,0,0,0,0,0,0,0,1,0,2,1,0.9166666666666666
mfrc_13eab0cdf33e0a8501cf,"Yeah but Melenchon's to the left so once his base grows older they'll moderate toward Macronesque policies, like generations before them. Anyway, if you win by 33pts you're not a divided nation, you're winning by a margin that makes Reagan-Mondale look small. That's not a temporary setback, that's an absolute crapping on. The French don't like the far right. If they did, she'd be President. If she would ever be president, she would've gotten more than 35%.",3,0,0,0,0,1,0,0,0,0,0,0,0,0,0,2,1,0.9166666666666666
mfrc_255cc0c526cc79ca347f,"Jewish religious schools feel under attack by secularism, Fillon supports putting religion ahead of the state, which they like.",3,0,0,0,0,0,0,0,0,0,0,1,0,0,0,1,0,0.9166666666666666
mfrc_7707a87c8dcf3c3c5350,"Pull yourself up by your bootstraps, but also we cut all the straps on your boots. And now we’re also gonna go ahead and take the boots.",3,0,0,0,0,0,0,0,0,0,0,0,0,0,0,3,1,1.0
mfrc_ab19865c92cba1abd89c,"Yes, that's why I said it benefits Fillon and Le Pen. If there was only one mainstream candidate for the left, Le Pen wouldn't stand a chance in getting through the first round.",3,0,0,0,0,1,0,0,0,0,0,0,0,0,0,2,1,0.9166666666666666
mfrc_e7952af3dd3777d1a47e," Christians are easily the most persecuted people on the face of the planet.  Every always thinks it’s Muslims 

But they don’t realize that Christians are persecuted everywhere Muslims are on top of being persecuted in Muslims nations 

It’s ridiculous",3,0,0,0,0,0,0,0,0,0,0,0,0,0,0,2,1,0.9583333333333334
mfrc_0ab0f3b65cf201a8293c,"&gt;  She's got no chance in any of the potential second-round opponents.

Against Fillion she might very well overperform. He's got his own scandals, plus he's very far right economically. Lots of left-wingers who normally vote against FN will stay home or vote Le Pen this time around. ",3,0,0,0,0,0,0,0,0,0,0,0,0,1,0,2,1,0.9166666666666666
mfrc_8bd8637cd13c971e9fb5,"Hopefully we can move past the death penalty at some point soon. People do heinous enough acts to deserve death, but I don't think the Government should be the ones handing that out.",3,0,0,0,0,0,0,0,0,1,0,0,0,0,0,1,0,0.9166666666666666
mfrc_6531897c975f42d43f85,"That's where you're wrong, kiddo. 

Everyone voted for trump thinking he wouldn't be that bad. He hasn't even elected any state officials yet. No wall. Self proclaimed globalist. Hires an advisor who actively says he's trying to burn the government down. Spends most of his time transferring money to his private businesses and staying at them to force America to pay for his security. 

Le Pen happily allies herself with Trump and Putin. Same thing, buddy. She'll loot the country and do none of what she's promising. 

Don't tell people to commit suicide. ",3,0,0,0,0,0,0,0,0,1,0,0,0,1,0,0,0,0.9166666666666666
mfrc_ffc21f0d8b6a67473e26,"Going from 13 an hour to 100k salary... yeah the fuck it is. Sure, you get used to it and wanna make more. But it’s plenty",3,0,0,0,0,0,0,0,0,0,0,0,0,0,0,3,1,1.0
mfrc_3b1ecfdb78ea017b520b,"&gt; direct policy discussion

Folks advocating direct democracy should be upfront about the risks too. With full democracy, people may vote in economic policies that may not be good in practice and in Europe, you can bet that folks like Le Pen and so on will become more powerful. Maybe people will learn through mistakes, maybe not. One thing is for sure: first years of full democracy will be a rough ride.",3,0,0,0,0,0,0,0,0,1,0,0,0,0,0,2,1,0.9166666666666666
mfrc_00d6e70f2111b5e9df82,"I absolutely hate these bating ""\_\_\_\_\_\_\_ won't say"" articles. There may be a lot of reasons why someone won't say. Friggin relax. False outrage is going to get you nowhere.",3,0,0,0,0,0,0,0,0,0,0,0,0,0,0,3,1,1.0
mfrc_9d14a48ea971d0392d54,"If it's about democracy, free speech and rule of law, I see no reason to back current Polish government. The refugee quota issue might be another thing.

However, Macron's statements about ""social dumping"" are absurd. How the hell should CEE ever catch up to West if it is not allowed to have *any* competitive advantages?",3,0,0,0,0,0,0,0,0,1,0,0,0,0,0,2,1,0.9166666666666666
mfrc_d3f372e5361f60f35181,"Not really the same thing, but in the same spirit and definitely much cheaper, is using an [iFixit wallpaper](https://www.ifixit.com/News/iphone-11-and-11-pro-max-teardown-wallpapers) for your phone.",3,0,0,0,0,0,0,0,0,0,0,0,0,1,0,2,1,0.9166666666666666
mfrc_608ca6180a685a1c5f5d,You cant force someone to get a vasectomy just because you want them to get one. He was right to say that if youre so adamant on not getting any more children you should get your tubes tied.,3,0,0,0,0,0,0,0,0,0,0,1,0,0,0,0,0,0.9583333333333334
mfrc_58ad4632babbc534464a,good for them! doing the shit none of us have the balls to do! i respect you so much!,3,1,0,0,0,0,0,0,0,0,0,0,0,2,1,0,0,0.9166666666666666
mfrc_8df3a2314b460cda146f,"If anyone ever truly swooned to death of ennui atop a parapet, it’s Gorey.",3,0,0,0,0,0,0,0,0,0,0,0,0,1,0,2,1,0.9166666666666666
mfrc_8cb313866501d8670b32,"The standard of an opposing Senate and White House isn't relevant here. 

Elections have consequences, and nobody forced Ginsberg to not retire.",3,0,0,0,0,1,0,0,0,0,0,0,0,1,0,1,0,0.875
mfrc_dee54f75bf81f32daea6,"Exactly this. Your body is nothing to be ashamed of, by hiding it you're teaching your daughter that her body is to be ashamed of. Teach her the human body is entirely normal, but also to only share with those you trust.",3,1,0,0,0,0,0,1,0,0,0,1,0,0,0,0,0,0.875
mfrc_2268eef816fa4dbf8bb4,No one gets through life without making mistakes. They don’t define you. Forgive yourself,3,2,1,0,0,0,0,0,0,0,0,0,0,1,0,0,0,0.9166666666666666
mfrc_c82e056de91215fcc945,"This makes me really sad, but thank you for sharing. 

We need an urban farming and gardening revolution.",3,1,0,0,0,0,0,0,0,0,0,0,0,0,0,2,1,0.9166666666666666
mfrc_163514286609600d2f99,"*Looks at Trump, looks at Le Pen, looks at Putin..*

Yeah, stupid us for electing a guy who liked to fuck any woman he saw.",3,0,0,0,0,0,0,0,0,0,0,1,0,0,0,2,1,0.9166666666666666
mfrc_07b41beab243208d61a4,Refusing to be sensitive to our feelings is why Macron won. ,3,0,0,0,0,0,0,0,0,0,0,0,0,1,0,2,1,0.9166666666666666
mfrc_1e9496902e404a20f570,Come back and try again after you have kids. You have no idea what you’re talking about.,3,0,0,0,0,0,0,0,0,0,0,0,0,1,0,2,1,0.9166666666666666
mfrc_6c694c35c66ce5f3a9bb,"It's growing? LOL. Wilders. Le Penn. People are seeing the right has no solutions, only complaints. ",3,0,0,0,0,0,0,0,0,0,0,0,0,1,0,2,1,0.9166666666666666
mfrc_ec51d68bb2d7a339684e,"Yeah, everyone will rally around Macron in the second round. Fillon and Hamon have both endorsed him. Polling shows him ~20% ahead.",3,0,0,0,0,0,0,1,0,0,0,0,0,0,0,2,1,0.9166666666666666
mfrc_dd640570ce8fd5b41aa5,He’s a big boy. He can say no. Similarly there is 0 evidence OP is ‘coercing’ him at all. Your misogyny is showing.,3,0,0,2,1,0,0,0,0,0,0,0,0,0,0,0,0,0.9583333333333334
mfrc_0632144bed5312948443,A guy that doesn’t want to live with kids willingly agreed to live with a *newborn* for the sake of family. And that somehow wasn’t enough to her?,3,1,0,0,0,0,0,0,0,0,0,0,0,0,0,1,0,0.9166666666666666
mfrc_97ad8d1d0409837d634d,"It’s not civil war if you’re the party in power, it’s despotism.",3,0,0,0,0,0,0,0,0,1,0,0,0,2,1,0,0,0.9166666666666666
mfrc_5faa14eec37d1888a320,\&gt;implying Trudeau/Macron abs aren't why most of us come to this sub in the first place.,3,0,0,0,0,0,0,0,0,0,0,0,0,1,0,2,1,0.9166666666666666
mfrc_b6dd175c7e4b1022cbb0,"&gt; massively cut pensions and welfare.

If that's evil or not, depends on what level they were. I reckon that there were pensions paid to dead government officials spouses? And large salaries for some public officials for doing less than Fillon's wife.",3,0,0,0,0,0,0,0,0,0,0,0,0,2,1,1,0,0.9166666666666666
mfrc_28bf74eb532e65c09bd6,"I think this is a dangerous line of thinking. She is absolutely more competent than someone like Trump, which is all the more scary because it means she can be manipulative in smarter, more insidious ways. What she was saying was horrible, but she didn't lean into the microphone and interject ""WRONG"" or start her performance with a fit of coke sniffles as she rambled on about how the election was rigged and nobody loves Muslims more than her.

Trump is a clown, Le Pen is a villain.",3,0,0,0,0,0,0,0,0,1,0,0,0,1,0,0,0,0.9166666666666666
mfrc_4c86607267ea4c729cce,I would pay a substantial amount of money for a live feed of his vitals,3,0,0,0,0,0,0,0,0,0,0,0,0,0,0,3,1,1.0
mfrc_14abc039838dab3594ff,This is great lol. Not going to lie you had me at first.,3,0,0,0,0,0,0,0,0,0,0,0,0,1,0,2,1,0.9166666666666666
mfrc_092715c84657fa77c3af,"Oh no, that's horrible! Better stay away from scissors, lol!",3,0,0,0,0,0,0,0,0,0,0,0,0,2,1,1,0,0.9166666666666666
mfrc_4e23cbb23bae5e4ec4dd,"And then they give you unpaid overtime,becouse it's for the company and you goata help the company at the cost of your life and mental health.Fuking shit life we even work more than pesants,and i wish i was joking.",3,0,0,1,0,0,0,0,0,0,0,1,0,0,0,0,0,0.9166666666666666
mfrc_7eddde4356ec21abba08,"Yes. But it's common for presidents to revise the constitution. It doesn't mean she wants to do away with the 5th Republic.

I think only Hamon and Mélenchon out of the 5 biggest contenders have said they want to change of constitution.",3,0,0,0,0,0,0,0,0,1,0,0,0,0,0,2,1,0.9166666666666666
mfrc_bb7c6726e95ae6b8024c,"It’s jealousy and denial.

If they admit that your weight loss is the result of hard, consistent work and determination, they have to admit that they’re obese because of the many poor choices they make every day.

My immediate family is the same way.",3,1,0,0,0,1,0,0,0,0,0,0,0,0,0,1,0,0.875
mfrc_9fb262c2869c193715a1,"You realize the Patriot Act wasn’t really about patriotism, right?

You realize that an act, or a group, can be deliberately misnamed to mask its true nature and/or purpose, right?

Are you ignorant, disingenuous, or both?",3,0,0,0,0,0,0,0,0,0,0,0,0,2,1,1,0,0.9166666666666666
mfrc_1b6eea41d6b795f53d30,"40 hours will do that to most. You get so burnt out that Monday through Thursday, you just make dinner, chores, watch a show or movie, then bed. No motivation to do projects or hobbies. Friday night you're so relieved you go right to bed. Saturday you wake up late, tidy your house, play some games, go to bed. Sunday you dread work all day.

It's so hard to do anything beyond the bare minimum when you have typically 1-2 hours free a day",3,1,0,0,0,1,0,0,0,0,0,0,0,0,0,1,0,0.875
mfrc_ea3385598820e8044282,"Seeing as Macron is in favor of tax cuts and deregulation (""workplace reform""), similar to what lead to the downturn of many social democratic parties, I can see that happening.",3,0,0,0,0,0,0,0,0,0,0,0,0,0,0,3,1,1.0
mfrc_096544408cd82d51e917,"&gt; Seriously, this type of ignorance is really embarrassing.

Basically fanatics far right voters.
Which is sad because many of the BS people like Le Pen or Trump are spreading is easily checkable on internet or just by not believing the first clickbait you see.",3,0,0,0,0,0,0,0,0,0,0,0,0,0,0,3,1,1.0
mfrc_193a7f46f232fc5d64e4,"Fillion for years paid his family from the state pocket and that knocked his chance of winning. Foreign press is pushing the idea that Le Pen can win, to sell newspapers. Macron is the one really set to win. Not much more to it. Consequences: France will have a EU friendly left wing PM. And he's a charmer, our own Trudeau, to put it as ELI5",3,0,0,0,0,0,0,0,0,0,0,0,0,0,0,3,1,1.0
mfrc_32810c85eb96caf63e61,"No, I wouldn't say that sort of shit in front of my partner or her friends. It's disrespectful.",3,1,0,0,0,0,0,0,0,0,0,0,0,1,0,0,0,0.9166666666666666
mfrc_5819458577e044f332c7,And it's really fucking sad that we both implicitly know what that means.,3,0,0,0,0,0,0,0,0,0,0,0,0,1,0,2,1,0.9166666666666666
mfrc_c76436db8413ae526dfb,"ARE YOU SERIOUS RIGHT NOW?! I might be wrong, but I’m pretty sure that a broken femur that requires surgery has got to be an exceptionally serious and painful break. YTA. Go be with your daughter. JFC.",3,1,0,0,0,0,0,0,0,0,0,0,0,0,0,2,1,0.9166666666666666
mfrc_891e669d5ed2dc3472bc,"*Jaime [Lannister] reached for the flagon to refill his cup. ""So many vows...they make you swear and swear. Defend the king. Obey the king. Keep his secrets. Do his bidding. Your life for his. But obey your father. Love your sister. Protect the innocent. Defend the weak. Respect the gods. Obey the laws. It's too much. No matter what you do, you're forsaking one vow or the other.”*
― George R.R. Martin, A Clash of Kings

His full monologue from the TV show about [the Mad King's plan to burn all of King's Landing](https://www.reddit.com/r/gameofthrones/comments/1dbi8h/s3e5_spoilers_jaimes_monologue/) is also relevant.",3,0,0,0,0,0,0,0,0,2,1,0,0,0,0,0,0,0.9583333333333334
mfrc_8447267c6547de207a51,That actually sounds the most right - well here I've been racking my brain on the why now so thanks.,3,0,0,0,0,0,0,0,0,0,0,0,0,2,1,1,0,0.9166666666666666
mfrc_8be231f11816a86a1733,"Borrowing money for a down payment is sketchy as fuck. You’re now in debt to the bank AND somebody else, playing catch up with both for years in a house that needs furnishing and repairs. Yikes.",3,0,0,0,0,0,0,0,0,1,0,0,0,0,0,2,1,0.9166666666666666
mfrc_f92dff5b19cc0e850e42,"yeah wt f. bring back old macron.

edit: at least the obama flair isnt ugly af anymore",3,0,0,0,0,0,0,0,0,0,0,0,0,1,0,2,1,0.9166666666666666
mfrc_ed86e8032729b0287e3b,"Holy shit this girl is so sweet, I'm so sad that she was treated badly. What's wrong with humanity? How did we get to this stage of violence, hatred? Hope her next job is better, of course, but never forget capitalism is the root problem.",3,2,1,0,0,0,0,0,0,0,0,0,0,0,0,0,0,0.9583333333333334
mfrc_da95bad290737740c6dd,Not a Fillon supporter by any means but is this necessarily illegal?,3,0,0,0,0,0,0,0,0,0,0,0,0,0,0,3,1,1.0
mfrc_1bcc81acfd5c929af834,"Gay people = autistic people 

The autistics = the gays

The blacks

The jews

So on an so forth. Removing the word ""people"" dehumanized these groups and reduces them to that one trait. Stop doing that.",3,0,0,0,0,0,0,0,0,0,0,0,0,1,0,0,0,0.9583333333333334
mfrc_517513fcfd40ba3aabb3,"Iowa here, just more fertilizer for the field. They spray hog shit on them so you didn't hurt us.",3,1,0,0,0,0,0,0,0,0,0,0,0,0,0,2,1,0.9166666666666666
mfrc_3eebf92c7a01c5d27853,"The white dude is not Muslim, check his profile on Facebook. He's anti Islam. He likes Marine Le Pen, Donald Trump, and Israeli Defense Forces. ",3,0,0,0,0,0,0,0,0,0,0,0,0,0,0,3,1,1.0
mfrc_a5b52a8a0128c8b0deb1,Which is ironic because it objectively isn't.  It's a collective delusion that we all continue to uphold for some reason.,3,0,0,0,0,0,0,0,0,0,0,0,0,0,0,3,1,1.0
mfrc_d01e2b5059eae730d6c7,This. He will never trust a word you say again. This deceit on deceit ploy is a great way to never see your son again.,3,1,0,0,0,0,0,1,0,0,0,0,0,0,0,0,0,0.9166666666666666
mfrc_aa2a0a944442d7e6b2f1,"What function does your wall of text serve, other than to make yourself feel superior? Stop trivialising other people's suffering and try to empathise a little. Yes, other people probably have it much worse, but you don't fucking tell someone who lost his arm that [Nick Vujicic](https://en.wikipedia.org/wiki/Nick_Vujicic) is doing well so maybe he shouldn't feel bad. Fuck this mindset.",3,2,1,0,0,0,0,0,0,0,0,0,0,0,0,1,0,0.9166666666666666
mfrc_e64fe2678459650bc6f0,You are joking yourself if you think Canada has higher rapes. Did you happen to mean Cambodia?,3,0,0,0,0,0,0,0,0,0,0,0,0,0,0,2,1,0.9583333333333334
mfrc_58203147bb1847608afb,"That 3 parter exceeded my expectations, I really enjoyed that. I hope they really do make more",3,0,0,0,0,0,0,0,0,0,0,0,0,2,1,1,0,0.9166666666666666
mfrc_63f2daa2dc0461ceadb9,"I like Macron. He's an independent trying to pluralize French politics and he leans to the right on economic reforms, which 🇫🇷 desperately needs.

I wonder what he looks like shirtless. I couldn't find any bare-chested pictures on Bing.

",3,0,0,0,0,0,0,0,0,0,0,0,0,1,0,1,0,0.9166666666666666
mfrc_bfe2f766c78f39f70895,"My husband and I are the ages of OP and his fiance, and his daughter is the age of one of OP's kids. So definitely agreed that the age difference in and of itself isn't an issue here, but I think in a sea of red flags the age difference becomes one too",3,0,0,0,0,0,0,1,0,0,0,0,0,0,0,2,1,0.9166666666666666
mfrc_452feb912c12943ee458,"this is the buttery males of Macron, just ridiculous irrelevant drama to avoid the political debate far right dumbasses can't handle",3,0,0,0,0,0,0,0,0,0,0,0,0,1,0,2,1,0.9166666666666666
mfrc_d2ab7c1107185445e5ef,"What difference does it make? Isn't healthcare private, restrictive and people incur in debt all the time to pay for it? It's political satire.",3,0,0,0,0,0,0,0,0,0,0,0,0,0,0,2,1,0.9583333333333334
mfrc_9bba6b75b058be68d373,I said in an earlier thread that if GA goes blue I’ll buy a Braves hat and make our expecting newborn a Braves fan. Diehard Red Sox fan from Boston here too. I’ll never say anything about 28-3 either,3,0,0,0,0,0,0,0,0,0,0,0,0,0,0,3,1,1.0
mfrc_5bd9790407b3195d3650,"&gt; People who are Dutch, live in the Netherlands, or Holland. Different names for the same place. 

Holland is a province *in* Netherlands. In some countries the name for Netherlands is derived from Holland instead, but I can only guess the Dutch outside of Holland aren't too happy to be called Hollanders...",3,0,0,0,0,0,0,0,0,0,0,0,0,1,0,2,1,0.9166666666666666
mfrc_b77ff3dd38622e754231,"That's part of my point. Everyone here is assuming its the Russians, but if you think about it logically, why would the Russians do something so stupid? The leaks are legitimate, but non damaging, although they raise some questions as to why Macron is involved. Nevertheless, releasing them after the French media election blackout means even if they were damaging, they probably wouldn't have any effect on the election. So why would they release them last night, if this were the Russians?",3,0,0,0,0,0,0,0,0,0,0,0,0,1,0,2,1,0.9166666666666666
mfrc_ae153c7ce24db30d2abd,"I think Macron has just commited political suicide.

Thats what he told french radio about terrorism. On the eve of elections:

“This threat, this imponderable problem, is part of our daily lives for the years to come"".

Thats not how you win general elections.",3,0,0,0,0,0,0,0,0,0,0,0,0,1,0,2,1,0.9166666666666666
mfrc_432affc5b6a649ee3171,"Exactly, if they tried to enforce that rule on me, they can eat shit",3,0,0,0,0,0,0,0,0,2,1,0,0,0,0,1,0,0.9166666666666666
mfrc_40ca85e91a8ad1f21841,"only the leftist could be this miserable and angry when they ""win""

what a depressing existence",3,1,0,0,0,0,0,0,0,0,0,0,0,2,1,0,0,0.9166666666666666
mfrc_b676d4a17742173ffb97,I will be aggressively and violently desecrating this man’s grave.,3,1,0,0,0,0,0,0,0,0,0,1,0,0,0,1,0,0.875
mfrc_7e2b47c15044df1e3209,It also gives them an excuse to put all liability on the employee if theres any sort of workplace issue.,3,0,0,0,0,0,0,0,0,0,0,0,0,1,0,2,1,0.9166666666666666
mfrc_e83086cd84b79f9193d7,"It's the year 20XX in France. Melenchon is President, and the highest marginal tax rate is 100%. Economists and Arthur Laffer say to Melenchon, ""lowering taxes will raise revenues!"" But the commies respond ""haha dumb conservatives, tax cuts don't pay for themselves."" Commies start sharing Goolsbee memes making fun of people who'd lower taxes. Melenchon passes a bill increasing the marginal tax rate to 110%.",3,0,0,0,0,1,0,0,0,0,0,0,0,1,0,1,0,0.875
mfrc_a046faa3131f50060134,"/r/conspiracy are you listening? 

No, I'm sure it's just a coincidence that a sex trafficking cult is a vocal defender of the POTUS credibly accused of child rape. /s",3,1,0,0,0,0,0,0,0,0,0,0,0,1,0,0,0,0.9166666666666666
mfrc_d57b59edc3ec1ff51e22,"They do in theory, but with very different approaches. When Le Pen blames Europe and immigration for all the wrongs of the world, Mélenchon blames white-collar criminals and the oligarchy. And Europe. 
They do have some views in common, but Mélenchon is very open to immigration, and against the ""France to French"" ideology that le pen loves and push so much. You can see why they're not compatible ...",3,0,0,0,0,0,0,0,0,1,0,0,0,2,1,0,0,0.9166666666666666
mfrc_ac9442c410263cf5557a,"Macron has provided some points on increasing French security/police resources and improving the relationship between French youths and the police. 

Melenchon has laid out a clear and detailed plan on how the EU (in his view) must be reformed to benefit everyone, and how France needs to be less dependant on the US.

Even if you disagree with them, these are actual constructive suggestions - Le Pen on the other hand is just screaming about how Muslims are evil and the EU is useless like every other far-righter.",3,0,0,0,0,0,0,0,0,0,0,0,0,1,0,1,0,0.9166666666666666
mfrc_d6398d7ccf8cbf9223a0,"This is all also true.

I don't know that Macrons win says that much yet, but it's definitely a good sign. Ive got high hopes for him, but we wont know how he changes attitudes until we see if he can deliver..",3,0,0,0,0,0,0,0,0,0,0,0,0,1,0,2,1,0.9166666666666666
mfrc_dfcb2965e331f3c49d8d,"OP DMed me with this: “If you’re not gonna actually help and be positive the fuck off hard from my posts.” So that’s the type of person we’re dealing with here, FYI. 

Good luck to you, OP. You seem hateful and miserable. Please don’t drag other people down with you.",3,1,0,0,0,0,0,0,0,0,0,0,0,2,1,0,0,0.9166666666666666
mfrc_6967dd8dd69c146643c3,"Great image. What is said here though makes self-determination sound like an individual property or capacity, when it is also an institutionally secured and realized relation to structures of power, one that capitalism totally undermines.",3,0,0,0,0,0,0,0,0,1,0,0,0,0,0,2,1,0.9166666666666666
mfrc_37b4f572c185779a1f43,"If Le Pen wins, the Democrats will go batshit crazy. Anyone know if we're allowed to donate?",3,0,0,0,0,0,0,0,0,0,0,0,0,0,0,3,1,1.0
mfrc_d53f45c860bdaf095cad,"We can disagree on policy but not basic human rights, Pence.",3,1,0,1,0,0,0,0,0,1,0,0,0,0,0,0,0,0.875
mfrc_22abbbca17af6bf3d058,"You don't know what you are talking about. 
Wether Marine Le Pen is a true fascist, or merely an authoritarian opportunist, is indeed open to debate. But the links betweens old-school fascists and the FN are a historical fact, wether you like it or not.  
 ",3,0,0,0,0,1,0,0,0,1,0,0,0,0,0,1,0,0.875
mfrc_31d1abecd95368943903,"I don't know about US but here in the UK they're just trying to pass a law to make it so certain sexual offences aren't eligible for release until 2/3 of the sentence is done, up from 1/2. Utter joke along with concurrent sentences. I believe in rehabilitation and trying to stop reoffending but at the same time, a 10 year sentence should mean 10 years not 5 then parole particularly given the way people can play the system e.g. claiming to have found God or using your free time (and free resources) to take qualifications",3,0,0,0,0,0,0,0,0,0,0,0,0,1,0,1,0,0.9166666666666666
mfrc_b8206823b05e6e8f021f,"NTA, it's your house first and foremost, if they can't respect your very reasonable rules then they're in the wrong.",3,0,0,0,0,0,0,0,0,1,0,0,0,1,0,0,0,0.9166666666666666
mfrc_9b87456f2f186f5a7b65,"So true i allways ask them ""do you value your job more than your health?"" some people get burnout accidently and for them i feel sorry, but some think is somekinda medal its sick",3,1,0,0,0,0,0,0,0,0,0,0,0,0,0,0,0,0.9583333333333334
mfrc_f605391250d782409958,"I have no idea what you're talking about. They were nationalist socialists, and the socialist part in name only.

Also, Le Pen belongs to a literal nazi party, yet the far right supported her with real conviction. That's what i mean by the US right supporting their former enemies.",3,0,0,0,0,0,0,1,0,0,0,0,0,0,0,1,0,0.9166666666666666
mfrc_151028f10a0b16a796bd,"Le Pen has less bravado to deal with terrorism, as opposed to her opponent, who openly states he will not deport jihadists from France??",3,0,0,0,0,0,0,0,0,1,0,0,0,1,0,1,0,0.875
mfrc_519b091f78d825975813,"Right, but they didn't show those things winning by 30+ percentage points, which everyone who isn't Le Pen has on her.",3,0,0,0,0,0,0,0,0,0,0,0,0,0,0,3,1,1.0
mfrc_f7c838012a5b46b5e908,They see the capitalist overlords and suddendly they want them to tread on them so hard lol fucking assholes,3,0,0,0,0,0,0,0,0,2,1,0,0,0,0,0,0,0.9583333333333334
mfrc_94dcf94ffcf7e30aac9b,"I still can't believe that dude is in jail awaiting charges* with bail set at $1.2M.

* Has he been charged yet?

His life is ruined because a few spoiled brats stood in the middle of the freeway, at night!",3,1,0,0,0,0,0,0,0,0,0,0,0,0,0,1,0,0.9166666666666666
mfrc_8da04ff2ba520a3137ed,"Wow, all those threats of gun violence are a compelling argument against anti-gun legislation Mr. Crazypants",3,0,0,0,0,0,0,0,0,0,0,0,0,0,0,3,1,1.0
mfrc_663868223b3be81291fd,"If it's racist against white people, then they'll consider it brave and standing up against the majority.",3,0,0,2,1,0,0,0,0,0,0,0,0,0,0,0,0,0.9583333333333334
mfrc_5256a2974e898124c851,"I can’t comment on how true anything he accused you of is. However, this post screams of gaslighting, like he’s trying to destroy your faith and trust in yourself. The fact that he thinks you should blindly trust what he says support the idea that he is trying to control you. This person claims to love you yet gives you a 15 minute on how much you suck?? Why are you with someone who genuinely thinks so poorly of you? NTA.",3,1,0,0,0,0,0,0,0,0,0,0,0,0,0,0,0,0.9583333333333334
mfrc_42c3c7be6b070619b2fe,"Back in ye olden days of the 90s, I loved doing this. Found some real hidden gems, especially at Borders back when they had a huuuge music selection that went above and beyond the usual Top 40 in any given genre.",3,0,0,0,0,0,0,0,0,0,0,0,0,0,0,3,1,1.0
mfrc_f7944ae178be067360d8,"it really sucks because if it was a french system i think he would have won and been a macron type figure

edit: back in 2010 i think he would have made it to the second and round and beat cameron. then lib dems would have gotten a surge",3,0,0,0,0,0,0,0,0,1,0,0,0,0,0,2,1,0.9166666666666666
mfrc_65d441eaef6ad4ee95d6,"NTA.  Even in the common areas any decor should be agreed upon by all housemates.   But your own too?  GTFO with that nonsense.  That's your space, not hers.   Doesn't matter if it's important to her, it's entirely unreasonable.",3,0,0,0,0,0,0,0,0,0,0,0,0,0,0,2,1,0.9583333333333334
mfrc_b8d5cdb923a73884f854,"That’s why I believe that teaching even small children about consent and their bodies is very important. Otherwise you end up with fucked up situations between children and uneducated young teenagers. 

Colleges require courses on consent and sexual harassment as well as alcohol for a reason. People sometimes have to be taught social skills and concepts like “enthusiastic yes.”",3,0,0,0,0,0,0,0,0,0,0,1,0,1,0,1,0,0.875
mfrc_9d9f905d6d856c5c537c,"I didn't say all newspaper or media were like that (though totally unbiased news probably doesn't exist) but Figaro and Libération are pretty known for that. 

Also, you're pretty right, I am indeed moderate and for Macron there (more because it's the best amongst what we have than really passionate for him tbh). ",3,0,0,0,0,0,0,0,0,1,0,0,0,0,0,2,1,0.9166666666666666
mfrc_5ad8ee6755f3f569ce58,"lepen did something no one thought it could be possible : she lost a freakin debate over macron 

jesus even asselineau humiliated him some days ego

fucking asselineau

my god ",3,0,0,0,0,0,0,0,0,0,0,0,0,0,0,3,1,1.0
mfrc_d7e009d5c9d0b2ac2fcd,"Absolutely not. Whether or not the candidate is pro-EU is really second-hand. Nobody gives it any serious attention in those elections, maybe except FN voters. Macron isn't going to lose because he's pro-EU... Also, reminder that Fillon and Hamon are also pro-EU and both have a sizable voter base.",3,0,0,0,0,0,0,0,0,0,0,0,0,1,0,2,1,0.9166666666666666
mfrc_c23adf843b2ac7e5b2d4,"My boss is baffled. Asked me to work more hours. I said sure, but I need 8 week vacation. 

I love the looks on my coworkers faces when I leave at 2pm and enjoy my kids after school. While they compete with each other on who can stay later... and do absolutely zero work. 

No day is promised to you.",3,0,0,0,0,0,0,0,0,0,0,0,0,0,0,2,1,0.9583333333333334
mfrc_e7d95719119ef4450e96,"You're forgetting that Fillon isn't trying to win the votes of his party supporters but the votes of every French voter. He will not lose his electoral base (they stuck around during Chirac, Sarkozy, Balkany's scandals so they'll stick around for this) but the swing right wingers will be more tricky to keep around (especially when Le Pen and Macron are high on the polls).",3,0,0,0,0,0,0,0,0,0,0,0,0,0,0,3,1,1.0
mfrc_b3cdf55f3c6e769ceeaa,Omg a Bernie v. Trump debate is what we deserve.,3,0,0,0,0,0,0,0,0,0,0,0,0,0,0,3,1,1.0
mfrc_6ceb5bf65073b1c06439,These days I dont even know what American culture and assimilation mean anymore.,3,0,0,0,0,0,0,1,0,0,0,0,0,1,0,1,0,0.875
mfrc_fa055a30756cc498f066,They had straight up free ones in the mid-90s. I remember after school sports events we would go around looking for un-checked caps and usually find a few freebies.,3,0,0,0,0,0,0,0,0,0,0,0,0,0,0,3,1,1.0
mfrc_4f93c40ed23a123a79ef,"“I love pudding, pudding  my dick were it don’t belong”

-Bill Cosby",3,0,0,0,0,0,0,0,0,0,0,0,0,1,0,2,1,0.9166666666666666
mfrc_94d07fc448cdd80c50f2,"Because they think it hurts family values. That is just their opinion.

I'm trying to explain to you guys.. I'm a die hard Macron supporter and I'm being downvoted for explaining FN's stance on gay marriage..",3,0,0,0,0,0,0,1,0,0,0,0,0,0,0,1,0,0.9166666666666666
mfrc_3c782e76cc11ebf9da57,"&gt;Macron won't beat Le Pen

This was never a thing. The whole ""Macron is an underdog outsider"" meme is silly.",3,0,0,0,0,1,0,0,0,0,0,0,0,0,0,2,1,0.9166666666666666
mfrc_10abaa2f5fc2d5b55347,"Recieving federal funding doesn't necessarily = needing federal funding, but it is an indicator of sucessful political influence.",3,0,0,0,0,0,0,0,0,0,0,0,0,0,0,2,1,0.9583333333333334
mfrc_89982369b8fec41c5a81,"Yeah. It's like the old phrase, ""god fearing man"". They've been fetishizing ruling through power and fear for longer than the US has even been here.",3,0,0,0,0,0,0,0,0,3,1,0,0,0,0,0,0,1.0
mfrc_eccea17023090cd32394,You owe it to your child to not have your child unless your absolutely sure it's future is stable,3,1,0,0,0,1,0,0,0,0,0,0,0,0,0,1,0,0.875
mfrc_96c3f7f8528e7f42a7cd,Astonished that Melenchon is actually competitive with Macron in the hypothetical 2nd round. Are the other further-left candidates considering withdrawing at least - it's only a couple of percentage points but it may well be that it's on a knife edge whether he gets to the 2nd round. This is surely an unprecedented opportunity for the French left?,3,0,0,0,0,0,0,0,0,0,0,0,0,1,0,2,1,0.9166666666666666
mfrc_e7281fc90d5e5a800bd1,That's obvously not how we see thing despite why the leftist roaming here will tell you. Otherwise you would not get 44% of France voting for MLP/Fillon.,3,0,0,0,0,0,0,0,0,0,0,0,0,0,0,3,1,1.0
mfrc_c8db3b21d55436d6f42f,It doesn't imply that. It implies they spoke to some younger Le Pen supporters to find out why they support her.,3,0,0,0,0,0,0,1,0,0,0,0,0,0,0,2,1,0.9166666666666666
mfrc_c3d8fa0aca2d46cf209d,The United States was built by slavery. It loves slavery more than moms and apple pies.,3,0,0,2,1,0,0,0,0,0,0,0,0,1,0,0,0,0.9166666666666666
mfrc_cae4ee8807e2c691d4fb,"If that culture is bigotry, it is garbage. If the bigoted elements of the culture can be removed that is great but upholding bigotry because it is tradition or culture makes you a bigot an an AH.",3,0,0,1,0,0,0,0,0,0,0,0,0,1,0,0,0,0.9166666666666666
mfrc_309535e4553c69f56f32,"Again, so? She’s an asshole for a lot of reasons. Her shitty parenting decisions are only a few of those reasons.",3,0,0,0,0,0,0,0,0,1,0,0,0,2,1,0,0,0.9166666666666666
mfrc_96e395b1e84185ead6ee,"Sander is in no way as much a socialist as Melenchon. However, he had some really bad policies as trade restrictions.",3,0,0,0,0,0,0,0,0,0,0,0,0,1,0,2,1,0.9166666666666666
mfrc_b62556280b32a13847a2,Makes me realize all that other stuff is just an elaborate tactic to get me to work and not drive off a bridge on my commute.,3,0,0,0,0,0,0,0,0,0,0,0,0,1,0,2,1,0.9166666666666666
mfrc_faca138d0bd69f0d6e32,She doesn't respect the boundaries of other peoples monogamous relationships which makes me wonder if she respects the boundaries of her own monogamous relationships.,3,0,0,0,0,0,0,0,0,0,0,0,0,0,0,2,1,0.9583333333333334
mfrc_c414dce3f79e677e804d,"When Le Pen is ""extreme right"" anything that shows you is how much left society has swayed. I mean, expect a strong border policy there is nothing classically right about her.",3,0,0,0,0,0,0,0,0,0,0,0,0,1,0,2,1,0.9166666666666666
mfrc_839d7cb83e604ed97708,"influence, corruption

you understand what corruption is, right?

if le pen wins, she is supposed to represent what is best for the french people. but she may make decisions that benefit russia or some rich russian assholes instead of the french if they bankroll her

it happens everywhere in terms of rich assholes in a country corrupting the govt to serve them instead of the common person in that country

but foreign corruption has the extra problem of treasonous activity
",3,0,0,0,0,0,0,1,0,1,0,0,0,0,0,0,0,0.9166666666666666
mfrc_40cc0192016c71167fc0,"&gt;How this is not a unanimous yes worries me.

If you read the opinion, nobody is saying they don’t agree with the sentiment. It’s getting there that was the issue. 

The dissent said that the statute as written didn’t offer the protections, and that Congress needed to do its job and enact them. Which, I agree with. Congress needs to stop punting to the courts when dealing with controversy.",3,0,0,0,0,0,0,0,0,0,0,0,0,0,0,2,1,0.9583333333333334
mfrc_2b55733760d45a387411,"I fell for that shit in 2016 and didn't vote, I thought Trump would expose all the weaknesses of the constitution and Republicans would vote to convict. Republicans and their lack of any human decency (seriously frenworld was a Holocaust denial sub that was mourned by conservatives) proved that assertion very very wrong.

I'm registered to early vote in every election in Arizona now and will be voting Democrat for a long time and it's all thanks to Trump. So thanks for helping flip AZ blue Republicans!",3,0,0,0,0,0,0,1,0,1,0,0,0,0,0,0,0,0.9166666666666666
mfrc_372b1de5d25ac4f47bb0,"Social reality is much more difficult to change than utopians believe, but it's not inert and fixaded as advocates of TINA claim. Melenchon is more determined, got more integrity, proposes more thorough reforms and have a more powerful popular base than Hollande. So he is probably more likely to achieve things that he strives for. 
",3,0,0,0,0,0,0,0,0,0,0,0,0,1,0,2,1,0.9166666666666666
mfrc_a75a52b7d285ca474903,Oh damn then. I was surprised the polls were so on point. I was expecting Melenchon to surge into the second round and maybe even Fillon to sneak in. ,3,0,0,0,0,0,0,0,0,0,0,0,0,0,0,3,1,1.0
mfrc_aa7d635d7324e8fac218,"From carrying the weight of the parasitic other half of the country?

That analogy works in so many ways.",3,0,0,0,0,0,0,0,0,0,0,0,0,0,0,3,1,1.0
mfrc_209b59231c2b67781a88,"Because everyone is different and there isn't a template for life that we all follow. I've spoken to people who worked as an engineer for 20 years then moved to marketing or finance or another area because they realised that's where their true passion was.

Your nephew got lucky and found what he wanted to do (I'm assuming), and then found a good job in that field. Even once your daughter works out the former, there's no guarantee the latter will come easily.",3,0,0,0,0,0,0,0,0,0,0,0,0,0,0,3,1,1.0
mfrc_e339e4dfbaede638a208,"That's just a Bizarro thing though.  There's always an eye, the stick of dynamite, the alien, and a piece of pie hidden somewhere in the picture.",3,0,0,0,0,0,0,0,0,0,0,0,0,0,0,3,1,1.0
mfrc_fae9c28a421f735518b4,I know. I cannot fathom why the commies/socialists are getting all butthurt about it. Most of Hamon's voters are in favour of Macron (since Hamon was at least reasonably sensible) but damn these French socialists are obnoxious. ,3,0,0,0,0,0,0,0,0,0,0,0,0,1,0,2,1,0.9166666666666666
mfrc_a16bccf0e519b0433a60," I think you may be confused as to the nature of neoliberalism. The sidebar has a lots of information explaining things. 

We're not communists or further left than Blair/Clinton/Keating/Obama/Macron, we dislike Sanders/Corbyn/Stein/Maduro as much as we loathe Trumpistanis.

",3,0,0,0,0,0,0,0,0,0,0,0,0,1,0,2,1,0.9166666666666666
mfrc_221bf0a5dcd317901385,"&gt;havent said anything to her since I'm not supposed to invade her privacy like this... any advice on my situation?

You are married.  That is not an invasion of privacy. There should not be that level of privacy in a marriage. Both parties should be 100% transparent with each other.",3,0,0,0,0,0,0,0,0,0,0,0,0,0,0,1,0,0.9583333333333334
mfrc_fcb29e110f4b3cb30b4a,I’d argue Trump’s paranoia and insecurity was worse than Nixon’s.,3,0,0,0,0,0,0,0,0,0,0,0,0,2,1,1,0,0.9166666666666666
mfrc_78bc8775d1bf45192773,But how do you know this was the first time she tried taking your card?,3,0,0,0,0,0,0,0,0,0,0,0,0,1,0,2,1,0.9166666666666666
mfrc_9c03b8c29a0f83541ff7,Anyone right of full blown Marxism is a nazi I think you'll find there are no libertarians or conservatives.,3,0,0,0,0,0,0,0,0,0,0,0,0,0,0,3,1,1.0
mfrc_c04712fae5986ef4ab9c,"Yea but your forgetting the loophole, all whites are excluded from that if they do not associate with other colors.",3,0,0,1,0,0,0,0,0,0,0,0,0,0,0,2,1,0.9166666666666666
mfrc_3166872b227b8864ce42,"Why wouldn't different ethnic people vote for Le Pen? People are tired of corporatism and the socialist system of control. Where has capitalism gone? 

People want a free market and the American dream. Liberty, not equality. 
Le Pen will win I hope. 

",3,0,0,0,0,1,0,1,0,0,0,0,0,0,0,0,0,0.9166666666666666
mfrc_e6764b92c5a01a77ab52,Thank god. Le Pen would have been a disaster for not only France but the EU and foreign affairs.,3,0,0,0,0,0,0,0,0,0,0,0,0,2,1,0,0,0.9583333333333334
mfrc_4673e9eda8d414add39f,"Speech impediments and stutters can be CAUSED by bullying, degrading and criticizing a child instead of teaching and praising them.",3,2,1,0,0,0,0,0,0,0,0,0,0,0,0,0,0,0.9583333333333334
mfrc_9c9a753eb8d6b70108fc,Ever think about applying that logic to the armed rioters who attacked him?,3,0,0,1,0,0,0,0,0,0,0,0,0,0,0,1,0,0.9166666666666666
mfrc_2becf4ba7b1e1fa3a20a,"It really annoys me when people moan about this. People rarely come to reddit looking for help with minor problems that can be easily resolved, a lot of posts involve hugely disrespectful behaviour, cheating and abuse. Yes there are a few cases where people call for break ups over minor things but in a lot of cases a break up is well justified.",3,1,0,0,0,0,0,0,0,0,0,0,0,0,0,0,0,0.9583333333333334
mfrc_53b38e440650b6acea17,"All these comments are from the past few hours her Reddit age is 0 days. All this in 5 hours, disgusting.",3,0,0,0,0,0,0,0,0,0,0,2,1,1,0,0,0,0.9166666666666666
mfrc_75c09573ac6f543e445f,"&gt; but I hate Le Pen much more than Putin, Trump etc.

On the other hand, compared to Putin - she at least isn't a war criminal. Just his puppet.",3,0,0,0,0,0,0,1,0,1,0,0,0,0,0,0,0,0.9166666666666666
mfrc_f382dd28a9472f82e441,Doubt Macron would be their choice over Fillon or Le Pen. South East of France is the most socially conservative region in the whole country,3,0,0,0,0,0,0,0,0,0,0,0,0,0,0,3,1,1.0
mfrc_eb567f084d30275a74a5,"Look, here's the plan - we can disband the police department and then get some citizens together and they can be in charge of protecting us. They will patrol the streets and make sure criminals are charged with crimes! I've got it all figured out!",3,1,0,0,0,0,0,0,0,1,0,0,0,0,0,0,0,0.9166666666666666
mfrc_50044b293daf9545dfe3,"Aw sorry to hear, I didn’t apologize unfortunately maybe I can find her on social media",3,1,0,0,0,0,0,0,0,0,0,0,0,1,0,1,0,0.875
mfrc_c8a09ebd66a047d2bcd6,"Except, according to her, Le Pen would cut France off of NATO and end their alliane with us and go to Russia.",3,0,0,0,0,0,0,1,0,0,0,0,0,1,0,1,0,0.875
mfrc_51b1468cc04b5a56f4bb,"My sister had one and never drew on it cuz ,” what if it doesn’t come off”",3,0,0,0,0,0,0,0,0,0,0,0,0,0,0,3,1,1.0
mfrc_7537343043705fd5f78d,Europe calls on french far-right leader Le Pen to 'stop being a racist whore',3,0,0,1,0,0,0,0,0,1,0,0,0,0,0,0,0,0.9166666666666666
mfrc_056e0ec9ab1610ed5b90,Ever wanna grind with your feet?! We got the shoooooe for yoooooou.... soaps lol.,3,0,0,0,0,0,0,0,0,0,0,0,0,0,0,3,1,1.0
mfrc_c97d1512e9ce92f535b9,"Which Macron doesnt intend to change (aslong as ""terror threat persists""). So if that qualifies as closed borders, no one is going to open them.",3,0,0,0,0,0,0,0,0,0,0,0,0,1,0,2,1,0.9166666666666666
mfrc_1872314f83fe9d24d930,"It's completely natural for Macron to be somewhat hostile to Putin, considering Russia's open support for his opponent during the elections.",3,0,0,0,0,0,0,1,0,0,0,0,0,0,0,2,1,0.9166666666666666
mfrc_aeb35388c5402f1e6f89,"so where is populism rising in the world? Trump's ""globalist"" wing seems to be gaining influence by the day. Wilders lost. Le Penn lost. UKIP who? And Labour grew to some degree.

It seems RW populism is only relevant in irrelevant eastern European countries that were always intolerant and uncosmopolitan",3,0,0,0,0,0,0,0,0,0,0,0,0,0,0,3,1,1.0
mfrc_8ff89283747f54552fd2,Or just don't mind Jew-hating as much as some other issue that Le Pen's father was pushing.,3,0,0,1,0,0,0,0,0,0,0,0,0,0,0,1,0,0.9166666666666666
mfrc_dd1231c7cbdecb2983e2,That doesn't change the fact that we gave someone worth 400 million 7 million in excusable loans in government money while the people who actually need that money got fuck all.,3,0,0,0,0,2,1,0,0,0,0,0,0,0,0,0,0,0.9583333333333334
mfrc_80867ea90d923d135277,"…because he’s dumb. 

It’s just stupidity all the way down.",3,0,0,0,0,0,0,0,0,0,0,0,0,1,0,2,1,0.9166666666666666
mfrc_e0c9025e70da2fb28259,"Guys, I told my mom that the 200 pesos charge were mine, she took it better than I expected, I was expecting ti get killed or something. Thank to all of you for the advice! I greatly appreciate it :’D",3,0,0,0,0,0,0,0,0,0,0,0,0,0,0,3,1,1.0
mfrc_7388cb38679c29f5dd98,"&gt; migration policies which states in writing by the UN as replacement immigration

&gt; How are you so naive? ISIS is an American/Israeli creation gone amok

&gt; Le Pen and Putin are preferable to Junker and Merkel

Sounds like a conspiracy rant. Would you like to also make reference to Soros, the New World Order, and Lizard-people at this point?

And then perhaps use references to all of these to try to build a convincing argument as to why we should be licking foreign boots instead of putting our immediate near-abroad in order? ",3,0,0,0,0,0,0,0,0,0,0,0,0,1,0,2,1,0.9166666666666666
mfrc_a8d6538a316b272b36fa,"I'm not necessarily paranoid about leeching, but glass for some reason always has better flavor.",3,0,0,0,0,1,0,0,0,0,0,0,0,0,0,2,1,0.9166666666666666
mfrc_55523fa33bd29e86a03f,"I didn't think neither De Wilders nor Le Pen are similar to the Brexit movement. They are similar to UKIP to some extent, which is very different. UKIP are far from being a contender. 

Brexit is not a racist movement despite the demonisation of the press. ",3,0,0,1,0,0,0,0,0,0,0,0,0,0,0,2,1,0.9166666666666666
mfrc_200ef451506ce090e37e,I am a software engineer and I can confirm that good engineers always work for money so state always have shittest of them because of the low pay so this kind of stuff is very easy to do anytime from a competitive software engineer. Anyone in google or faang level engineer can do this with small amount of time especially if he is working on a security part.,3,0,0,0,0,1,0,0,0,0,0,0,0,0,0,2,1,0.9166666666666666
mfrc_edcdeab6089f432ba570,I wish I knew the right way to do it.,3,0,0,0,0,0,0,0,0,0,0,0,0,1,0,2,1,0.9166666666666666
mfrc_8feedf3554f46e8fc3f9,Macron is more of a technocrat than someone that believes in democracy.,3,0,0,0,0,0,0,0,0,0,0,0,0,0,0,3,1,1.0
mfrc_9f224fd1b0a79882ef1e,"This. The adults should be able to sort this out, and put the blame on the idiots that put a vulnerable small animal in harms way and caused its death.",3,2,1,0,0,1,0,0,0,0,0,0,0,0,0,0,0,0.9166666666666666
mfrc_6075c0c227eaa816639b,Take a look at who was perpetrating many of those assaults in NYC and elsewhere,3,0,0,0,0,0,0,0,0,0,0,0,0,0,0,3,1,1.0
mfrc_e74674468feb98c72eb4,"From the article:

Le Pen's immunity has been lifted before, in 2013, by the EU parliament. She was then prosecuted in 2015 with ""incitement to discrimination over people's religious beliefs"", for comparing Muslims praying in public to the Nazi occupation of France during World War Two. Prosecutors eventually recommended the charges be dropped.


Yeah, that's pretty insane lol She compared Islam to the Nazi movement. Our old boy Donald Trump is no far from there. How do you say that to 1.3 BILLION people? ",3,0,0,1,0,0,0,0,0,0,0,0,0,1,0,1,0,0.875
mfrc_606441a9b2fa46472231,"God I hate thieves. All of them. Especially these ones who aren’t even stealing to benefit them, they’re literally just stealing to hurt someone else. That’s sadistic, especially because this was a kid.",3,2,1,0,0,0,0,0,0,0,0,0,0,0,0,1,0,0.9166666666666666
mfrc_4c72320e4ee7cef90b05,"A very naive attitude. France hasn't elected a Trump / Le Pen and it's been continuously attacked by Islamic terrorist attacks.

I'm pretty sure the families of the thousands that have died / critically injured in terrorist attacks in France would rather elect somebody that might do something about than someone who is try to be as inoffensive as possible.

You'd have countries accepting countless terrorist attacks and offering no response out of fear of offending and causing division. You know what that causes? Division. Offence. Fear.",3,2,1,0,0,0,0,0,0,0,0,0,0,0,0,0,0,0.9583333333333334
mfrc_dfddfb685167a6897d73,"Enculez Vous Madame Le Pen! Vive le France, Vive la Republic!",3,0,0,0,0,0,0,2,1,0,0,0,0,0,0,1,0,0.9166666666666666
mfrc_751230d4ea1e30fcba62,"I'm talking about white people here. I'm not going to believe that only 5% of Paris is white (and thus Le Pen's bad result there). No, white people in Paris don't vote for her because they're comparatively well-educated and young (which coincides with a different set of values like tolerance and openness).",3,0,0,0,0,0,0,0,0,0,0,0,0,0,0,2,1,0.9583333333333334
mfrc_a7aa1f3cda68e3e94337,"They all appear to be outstanding citizens and supporters of freedom and democracy.  Particularly suspect #3 with the, “I just ripped a fat bowl of meth” look. Actual lunatics attempting to destroy history and dismantle western tradition as we know it. Defund Marxism. Fuck BLM.",3,0,0,0,0,0,0,1,0,1,0,0,0,1,0,0,0,0.875
mfrc_ba673d83a70a254d1252,Yeah thankfully the vast majority of humanity will never access to the wealth they create. What a nightmare!,3,0,0,0,0,1,0,0,0,0,0,0,0,1,0,1,0,0.875
mfrc_0b6f08811cc470ee8bfa,Macron isn't a leftist. Maybe inform yourself before you make blanket statements. ,3,0,0,0,0,0,0,0,0,0,0,0,0,0,0,3,1,1.0
mfrc_6c21dcce20829738949d,"And quite a few more than from Macron. Great observation, hadn't noticed it.",3,0,0,0,0,0,0,0,0,0,0,0,0,0,0,3,1,1.0
mfrc_fe0df53f527e8d1bb49d,"If France votes for Le Pen, then they won't have to worry about a goddamn thing other than the murder rate dropping by .1% and now bending over for Vladimir Putin to do with the country as he sees fit.

Give me a break, Le Pen's not the answer.  I understand if people want to create more strict immigration laws, but selling out to Russia is not going to solve your problem.  Stop acting like it is.",3,0,0,0,0,0,0,0,0,0,0,0,0,1,0,2,1,0.9166666666666666
mfrc_f97d738d72bb81cadbda,"You're limited to what you can say on Twitter and so far all I've seen is ""there are leaks"" there's nothing specific, except for maybe tax evasion, but given that Le Pen is taking money from the Russians &amp; the EU that's far more corrupt and there's been of an investigation....whoever leaked this information didn't think about the timing. They didn't want Macron to be able to respond, but it just makes the leak unintelligible. ",3,0,0,0,0,0,0,0,0,0,0,0,0,0,0,3,1,1.0
mfrc_736b5588db923a45ca0c,I didn't even had to click that link to know what meme it was hiding.,3,0,0,0,0,0,0,0,0,0,0,0,0,0,0,3,1,1.0
mfrc_28f1a142a7aad390eb02,"What do you mean by ""confirmed for Senate""? Senators are elected by the people of their state.",3,0,0,0,0,0,0,0,0,0,0,0,0,1,0,2,1,0.9166666666666666
mfrc_e0706baa2166d5cb01fc,"This.  NTA, she spent the money as she desired, and you are not obligated to pay for her.  She’s not only entitled, but a twit since you offered her an interest free loan.",3,0,0,0,0,1,0,0,0,0,0,0,0,0,0,1,0,0.9166666666666666
mfrc_973ab1e7c053ed4718ab,Don't watch Fox. Watch the meltdown on CNN or MSNBC.,3,0,0,0,0,0,0,0,0,0,0,0,0,0,0,3,1,1.0
mfrc_b7c7343cc58a8d649f52,"Honey you don’t need to apologize, especially to the trolls.",3,1,0,0,0,0,0,0,0,0,0,0,0,0,0,2,1,0.9166666666666666
mfrc_9b870d5087ee3ce965cb,"He should go visit it!  Make sure he flies AF1 into LAX over all those Los Angelenos to let them know they’re not forgotten.

One of the downsides to the electoral college is that POTUS candidates don’t reach out to every voter anymore.",3,0,0,0,0,0,0,0,0,0,0,0,0,0,0,3,1,1.0
mfrc_b4aa3debb46c96456f80,Its just temporary thing. Or they are just showing a false willing to act in order to detract people from voting in le pen.,3,0,0,0,0,0,0,0,0,0,0,0,0,1,0,2,1,0.9166666666666666
mfrc_0fd84e88b54b27c11f8a,I never thought this election would be this close. Crazy to think that if Trump had handled covid better he probably would’ve won by a landslide,3,0,0,0,0,0,0,0,0,0,0,0,0,0,0,3,1,1.0
mfrc_a42076a0d5cf280b55c0,"Stair him dead in the eyes while you do it. It's your money. For bonus points add ""you still owe me 7""",3,0,0,0,0,1,0,0,0,0,0,0,0,0,0,2,1,0.9166666666666666
mfrc_f80353cfc608a2f0b513,"I am not a conspiracy theorist, but this aggressive incompetence could easily be confused with the machinations of accelerationist apocalyptic cult.",3,0,0,0,0,0,0,0,0,0,0,0,0,0,0,3,1,1.0
mfrc_beb11bba28faab0d0049,"Which is why capitalism is curtailed in Europe. 

The positive about capitalism is innovation and economic growth.

But capitalism needs curtailing, to prevent monopolies, to protect democracies, to safeguard human rights, to ensure that the largest group benefits.

Edit: social democracy in Europe means social security nets, social mobility through cheap/free education, Universal healthcare.

But It doesn’t mean that innovation is not rewarded.

Edit: just realised you’re from the UK. Thank your lucky stars you’re not American. And I hope you did not vote for Brexit.",3,0,0,1,0,0,0,0,0,0,0,0,0,0,0,1,0,0.9166666666666666
mfrc_79fff1db1bedd14267e9,Ignore statistical probably and just believe everything the scumbag media tells out about “no evidence of voter fraud.”,3,0,0,0,0,0,0,0,0,1,0,0,0,0,0,2,1,0.9166666666666666
mfrc_69933adb3a79046166f4,"NTA, she is the selfish one, no child should have to sacrifice their youth for their parents, it's bs",3,0,0,0,0,0,0,0,0,0,0,0,0,2,1,0,0,0.9583333333333334
mfrc_4ea0a0534418424f7254,If we regard Le Pen as a fighter for womens rights we truly are in deep shit.,3,0,0,0,0,0,0,0,0,1,0,0,0,1,0,0,0,0.9166666666666666
mfrc_c566f25794d898aec629,"Isn't Le Pen ruined more? She did murder a kid, after all. ",3,2,1,0,0,0,0,0,0,0,0,0,0,0,0,0,0,0.9583333333333334
mfrc_12aa16d4cab134f2051d,"Only makes me like macron more, he seems unable to hide his true thoughts and i quite like whats coming through.",3,0,0,0,0,0,0,0,0,0,0,0,0,0,0,3,1,1.0
mfrc_ca1357bdcbfca817c4d0,"You owe absolutely nothing to them. My workplace often holds activities outside of work hours and I've attended none of them. It's crucial that we take care of ourselves first, always. Work already takes up about 40 hours of our time and unless I meet an extraordinary person at work who could be my best friend in ""real"" life, I'll never go to their events. I'm sure your boss will be disappointed, but he's not your friend. You two don't have to hang out.",3,0,0,0,0,0,0,0,0,0,0,0,0,0,0,2,1,0.9583333333333334
mfrc_c15677721625e37f5c85,"I love it . Use their ""holy weapons"" against them.",3,0,0,0,0,0,0,0,0,0,0,2,1,0,0,1,0,0.9166666666666666
mfrc_8851ae3036885c389695,Yea! Just do it at night while wearing all black. They won't even see you.,3,0,0,0,0,0,0,0,0,0,0,0,0,0,0,3,1,1.0
mfrc_f498ff6c4fe9dd052b91,"If the predictions are true that's one damn big majority. Macron will need to deliver, without also upsetting the balance of the state. It seems like an damn near impossible task to me considering the extra promises (from what I recall in reports in the media) he made to win voters over....",3,0,0,0,0,0,0,0,0,0,0,0,0,0,0,3,1,1.0
mfrc_a0c195b376d58a77d3e3,15 minutes could save you 15% or more on car insurance.,3,0,0,0,0,0,0,0,0,0,0,0,0,0,0,3,1,1.0
mfrc_28b58eeaf35943d92905,"Feel a little bad for Ariel doe.  ""Thanks for getting me this job""...And being the person taking any fall out from this shit cuz I'm out.",3,0,0,0,0,0,0,0,0,0,0,0,0,0,0,3,1,1.0
mfrc_8197bb7a1b2bc6cf8bed,"I mean, like his policy of not holding Trump accountable, his policies on hating gay people, and his policy of agreeing with McConnell are what make him garbage in my eyes. Being an ok person is like the absolute bare minimum. Just because people like Graham fail to meet even that low bar doesn't mean Romney is good.",3,0,0,0,0,0,0,0,0,0,0,0,0,2,1,0,0,0.9583333333333334
mfrc_650439cd41c13ada98a5,"When Pelosi ripped up the SOTU speech it was the most childish thing I've ever seen a politician do, that's the mindset we're dealing with.",3,0,0,0,0,0,0,0,0,1,0,0,0,1,0,1,0,0.875
mfrc_9b7d63e5fb3b7527798f,"It could be sexual harrassment. The girl could feel coerced to be in this relationship to ‘help father at work’. Same as the grooming issue. It is possible though at the moment there is no evidence either way. You need to speak with daughter carefully about her decision making to determine whether there was coercion, grooming or just shitty behavior overall.",3,2,1,0,0,0,0,0,0,0,0,0,0,0,0,0,0,0.9583333333333334
mfrc_badce70d2ca499fff3e9,"Yeah, I remember that controversy.  Votebuilder access was restored in something like a week, after someone at the Sanders campaign downloaded segregated Clinton data he shouldn't have had access to.

Do you, or do you not, have any information to show that in the 2020 primaries, Votebuilder data has been withheld from the Sanders campaign?",3,0,0,0,0,1,0,0,0,0,0,0,0,0,0,2,1,0.9166666666666666
mfrc_d60267a35cc62d5bb5b1,"It seems like these idiots can literally lie to their listeners and readers an infinite number of times without them ever questioning their credibility. 

How many complete fucking fabrications and cries of 'WOLF!!' have we had so far? 100? 1000? I keep telling people that we need to reconcile with rural America, but if they're literally incapable of thinking critically or telling fact from fiction, then how the fuck are we going fix anything?",3,1,0,0,0,0,0,0,0,0,0,0,0,0,0,1,0,0.9166666666666666
mfrc_b67d9509a75af5f33258,"OMG - I had a Pink Gourami who not only lived seven years but would kill any other fish in the tank.  I honestly think my mom finally murdered it while I was at work one day (she lived with me) because the tank was beautiful -- but only had one fish for about four years.

Oh -- OP, YTA.  Non-domesticated animals take a lot of training and work.",3,2,1,0,0,0,0,0,0,0,0,0,0,0,0,1,0,0.9166666666666666
mfrc_a0cdb4c9651073b6e1ea,"Sure. Go ahead and try another neoliberal politician who will call everyone racist against a far right populist. See how that works out.

If France has any goddamn sense, it will vote for Melenchon because he can siphon working class votes from Le Pen. Don't fucking repeat the mistakes of the US.",3,0,0,0,0,1,0,0,0,0,0,0,0,1,0,1,0,0.875
mfrc_86403ec960855a4b5abb,"This isn't funny, she's going hard after Fillon's voters, it looks amateurish but that might be what they want from her : copying Fillon.",3,1,0,0,0,0,0,0,0,0,0,0,0,0,0,2,1,0.9166666666666666
mfrc_d451b3fabe6a3f9d64f6,"Le Pen, Putin's choice for President!
Except that Putin has real power, an army, and all the interests in the world for a weak EU and a growing Eurasian Economic Union (translated, USSR 2.0)",3,0,0,0,0,0,0,0,0,3,1,0,0,0,0,0,0,1.0
mfrc_c1c3d9995d254ec35588,"&gt; Do you think nativist parties led by Le Pen, Wilders etc are not racist? As you admit, they will never label themselves as racist but there is a reason why many people think the label is apt -- their policies are often racist

Of course they are racist, but in a different way. I explained it before.",3,0,0,2,1,0,0,0,0,0,0,0,0,0,0,0,0,0.9583333333333334
mfrc_71f6108fcab8744e8aaf,"We think it’s fake because you are putting up with a huge amount of disrespect and mistreatment, bordering on abuse.",3,1,0,0,0,0,0,0,0,0,0,0,0,0,0,0,0,0.9583333333333334
mfrc_c107a6b816fc1715f9ca,"We have to hope enough people in the US wake up to what's actually happening, even though the propaganda from the media is running at 100%. Ask them if they would like to see violence/destruction in the suburbs where they live, because we know many on the Left want to take the protests into the suburbs. If Biden is elected would he have the guts to stand up to rioters and protect the citizenry? My guess is that he wouldn't.",3,0,0,0,0,0,0,0,0,1,0,0,0,1,0,0,0,0.9166666666666666
mfrc_688721775ed20ce4dd79,"Can someone shop Macron in there?

He's this sub's newest Bond, as far as I can tell.",3,0,0,0,0,0,0,0,0,0,0,0,0,0,0,3,1,1.0
mfrc_b2e0bc92c4b8470b1cd9,What a pointless and irrelevant thing to say. Way to bargain away common sense.,3,0,0,0,0,0,0,0,0,0,0,0,0,2,1,1,0,0.9166666666666666
mfrc_f7948b2446f883720e1b,"Is there a good sub for modding/repairing gameboys?

I have two GB colors that work fine but I actually just got my wife's old original gameboy but the screen isn't displaying correctly so I was thinking of doing something with it",3,0,0,0,0,0,0,0,0,0,0,0,0,1,0,2,1,0.9166666666666666
mfrc_a84e07f60a37c20b5788,"then maybe listen to them when we say we r being harassed, assaulted, and killed by the republican party. yall called us crazy for saying they were dangerous abd then they storm the capitol building with guns in an attempted coup to kill the vice president weidling Confederate and nazi and trump flags. literally how can their actions not be any clearer. minorities are not welcome to them",3,0,0,0,0,0,0,0,0,1,0,0,0,0,0,0,0,0.9583333333333334
mfrc_fb9e863bb4984f7fc1ad,"She nearly killed him and then denied him contact with his family because they're salty she nearly killed him.  Her ""prank"" could qualify as domestic violence.",3,2,1,0,0,0,0,0,0,0,0,0,0,0,0,0,0,0.9583333333333334
mfrc_5e9684ed99688786fbc8,"24%, 33.9%, 52%, they should all be too high for comfort. The fact that Le Pen has a place in the discourse at all should be troubling, never mind quibbling over exact figures. ",3,0,0,0,0,0,0,0,0,0,0,0,0,0,0,3,1,1.0
mfrc_9e0e087b4904349c09c3,"Does the current hegemonic economic system, known as capitalism, in which corporations are the dominant force, concentrate capital in the hands of a few and result in money influencing governments and politics, yes or no? Is money a corrupting influence, yes or no? Does Macron support capitalism, yes or no?

Edit: Drop the BS Iamverysmart (and you're not) nonsense or people will probably continue to respond to you negatively. ",3,0,0,0,0,0,0,0,0,1,0,0,0,0,0,1,0,0.9166666666666666
mfrc_2455f71f3e0781983c55,"&gt;formerly of the Socialist Party

This doesn't mean much.

What people need to understand is how divided the Socialist party is.

Within the party there are people who are ideologically close to communism, and others that are ideologically close to economic liberalism.

And yes the voting blocs changed significantly. We now have : far right (nationalists), right (capitalists), center (liberalists), left (socialists). 

Before Macron, the liberalists were split between right and left and the center was too weak to even matter.


",3,0,0,0,0,0,0,0,0,0,0,0,0,0,0,2,1,0.9583333333333334
mfrc_2646c2e9eb001836d49d,"Watching footage at the Louvre following Macron's forecasted victory, I spotted what first appeared to be the old Iraqi flags, but upon investigating, I found that they're actually the flags for the old Republic of Syria (1930-1953). I know that Syria was once under French and then Vichy rule, but could anyone tell me why someone would wave this particular flag in response to the elections? Thank you!",3,0,0,0,0,0,0,0,0,0,0,0,0,0,0,3,1,1.0
mfrc_2098bf5f64831d9e8c1c,"Socialist party won 280 seats last election.

That same socialist party had a lot of factions who blocked a lot of Hollande's reforms.

&gt; When Macron actually carries out some neoliberal bullshit the same thing will happen to him. 

Holland ran as far-left candidate. He pivoted to the center after when he realized his utopic policies weren't possible, but didn't have a mandate to govern as center-left since the hard-left of the party rebelled and the right-wing opposition hated him too.",3,0,0,0,0,0,0,0,0,2,1,0,0,0,0,1,0,0.9166666666666666
mfrc_8109e05b695c25093356,"Yes because Le Pen would've personally stopped every future terrorist attack

Everyone knows that",3,0,0,0,0,0,0,0,0,1,0,0,0,0,0,1,0,0.9166666666666666
mfrc_4c44ff3d7adf28cef9cc,It would have been even more a landslide for Macron.,3,0,0,0,0,0,0,0,0,0,0,0,0,1,0,2,1,0.9166666666666666
mfrc_e4cdfba9dc8c6402a12b,And its always done because its easier to get the rational person to capitulate than it is to deal with the irrational one. Which of course starts a spiral that reinforces the irrational behavior.,3,0,0,0,0,0,0,0,0,0,0,0,0,1,0,2,1,0.9166666666666666
mfrc_b942a2a57b005d813c98,"Hate crime also means crime against gender/sexual orientation, misogyny/rape, etc. There are a LOT more hate crimes/murder against LGBTQ people in the black population/cultural community, more so than in the white population.",3,0,0,2,1,0,0,0,0,0,0,0,0,0,0,0,0,0.9583333333333334
mfrc_e95d0c437550fbaa4105,"My grandpa had his heart attack on his birthday, which also just happens to be on Father's Day. Fucking shit year that was",3,0,0,0,0,0,0,0,0,0,0,0,0,1,0,2,1,0.9166666666666666
mfrc_aa6255bb7e571d037b65,"&gt;His healthcare plan was literally an insurance company handout.

Bullshit. Halving the uninsured rate from 20% to 10% (and similarly, halving the rate of medical bankruptcies) is a hell of an achievement, as are the myriad of improvements and protections added to existing insurance in the ACA.",3,0,0,0,0,1,0,0,0,0,0,0,0,0,0,2,1,0.9166666666666666
mfrc_c31ebdcbd82b6e1e6d2b,Iran would be insane to declare war or retaliate further.,3,1,0,0,0,0,0,0,0,0,0,0,0,0,0,1,0,0.9166666666666666
mfrc_de63150f00ebaca20dcd,"Oh, I didn't realize that Fillon was French for Trump.",3,0,0,0,0,0,0,0,0,0,0,0,0,0,0,3,1,1.0
mfrc_555e2b92bed0c4c4366e,"Translation: ""We can't trust the little people to make decisions regarding their future and the future of this country.""",3,0,0,0,0,0,0,0,0,1,0,0,0,0,0,2,1,0.9166666666666666
mfrc_290cbf77d5404fd7988d,"Well, if you believe any thing that comes out of Le Pen's mouth, they both greatly dislike neoliberalism.",3,0,0,0,0,0,0,0,0,0,0,0,0,1,0,2,1,0.9166666666666666
mfrc_c517df9535a83278c66f,"Your logic is that of appeasement. Ironic that you cite ""literally hitler"" as a comparison to that of Le Pen. 

""If we don't anger them, then they won't become radicalized!""
The time for appeasement and apologizing is far behind us.",3,1,0,0,0,0,0,0,0,0,0,0,0,1,0,1,0,0.875
mfrc_dc278ac60b2a8848774d,"Talking about marriage 2months in at 17......
Yikes.
Just tell her your both kids and that you enjoy her but not her religion and don't see this going anywhere.",3,0,0,0,0,0,0,0,0,0,0,0,0,1,0,2,1,0.9166666666666666
mfrc_bc58f3652a63050e1d50,"She had him up by 7 actually, and he won by 9",3,0,0,0,0,1,0,0,0,0,0,0,0,0,0,2,1,0.9166666666666666
mfrc_4ea09a4ce4ef2547f70a,"I'm not that well versed in French politics, here are some decently well known equivalents.

Macron - Obama (young liberal change candidate but corporate friendly)

Harmon - Warren (progressive Dem)

Melenchon - Sanders (progressive anti-establishment)

Fillon - Romney (Typical Republican)

Le Pen - Trump (anti-establishment Nationalist)",3,0,0,0,0,0,0,0,0,0,0,0,0,0,0,3,1,1.0
mfrc_37f16630806f5519e5d0,"Having freedom of speech isn't the same as denying facts, that's lying and ha nothing to do with freedom of speech. And Le Pen is lying",3,0,0,0,0,0,0,0,0,1,0,0,0,0,0,1,0,0.9166666666666666
mfrc_511df9833ac2c7c99bae,"What's Macron and Soros have in common outside your imagination? I can't think of a single reason why you think he's relevant ? Please explain, and don't leave out any wild speculations!",3,0,0,0,0,0,0,0,0,0,0,0,0,0,0,3,1,1.0
mfrc_f84cd1fd7b6c33bb80cc,"Careful, the Democrats would not have been able to prevent Bernie Sanders from running. I gather it became unpopular on Reddit to mention him or imply he had a chance, but it's our strict two party system that prevents candidates like him from running in the general. Someone like Macron could not even have a career in the US. ",3,0,0,0,0,0,0,0,0,0,0,0,0,1,0,2,1,0.9166666666666666
mfrc_fe42b911d738953ce2b9,"&gt; why should I trust you? 


You never should anyway. Always have a baseline suspicion of management.",3,0,0,0,0,0,0,0,0,1,0,0,0,0,0,2,1,0.9166666666666666
mfrc_502e4861fb117f973faf,That's a separate issue. I don't mind if the EU gets rid of that... but what Macron is saying is that Ireland should raise it's corporation tax from 12.5% to something much closer to the rest of Europe. If we do that then there's no real benefit for companies to invest in Ireland. I don't care if the EU cracks down on tax avoidance/loopholes. But when they tell member states what their tax rates should be that's when they overstep their authority. ,3,0,0,0,0,0,0,0,0,2,1,0,0,0,0,0,0,0.9583333333333334
mfrc_049e783d28cd7c91d5cf,"Yes. Passenger side mirrors are curved to provide a wider field of view, and as such they distort the image. Driver side mirrors don’t do this and therefore don’t have the warning.",3,0,0,0,0,0,0,0,0,0,0,0,0,1,0,2,1,0.9166666666666666
mfrc_8b4fb198c3778f499bad,You got this. Change your people for a little while. I got sober at 20 and there are tons of young people meetings/conventions etc all around the country and world.,3,2,1,0,0,0,0,0,0,0,0,0,0,0,0,1,0,0.9166666666666666
mfrc_1a616fa65eb13caff35f,"Macron's Twitter lied to me, he was supposed to be speaking by now.",3,0,0,0,0,0,0,0,0,0,0,0,0,0,0,3,1,1.0
mfrc_a9c8645c3c0abcad4a24,I think we can disagree with liberal beliefs while still believing that a raging anti-Semitic conspiracy theorist with some conservative principles mixed in is not an ideal politician.,3,0,0,1,0,0,0,0,0,0,0,0,0,1,0,1,0,0.875
mfrc_96401fd7731d7f24a9ee,"They basically say stop being unemployed,  because it can affect being unemployed.",3,1,0,0,0,0,0,0,0,0,0,0,0,0,0,2,1,0.9166666666666666
mfrc_a84cf3aa93ae6a01fffb,"I work in IT, I could help you with that, but a 2% raise wasn’t in the budget this year so you’re on your own.",3,0,0,0,0,0,0,1,0,0,0,0,0,0,0,2,1,0.9166666666666666
mfrc_54a2e48db66a90a989f1,"I hate that we're leaving them behind. You practically have to be in a city of 50,000 or more to have any chance of a meaningful career at this point. Exceptions abound, but I think most people get my point.",3,0,0,0,0,0,0,0,0,0,0,0,0,0,0,3,1,1.0
mfrc_5882e974448b90baa01e,"Wtf, how are you both wrong? Clinton and Macron are both center left.",3,0,0,0,0,0,0,0,0,0,0,0,0,1,0,2,1,0.9166666666666666
mfrc_2ac73ad71e0c9de724b4,Perhaps we'll see. I kind of admire her monkish approach. The negativity is too much for her. Shes an actual good Christian.  She puts all her energy into work and survival. In this USA we can't afford children yet and she knows that,3,0,0,0,0,0,0,0,0,0,0,0,0,2,1,1,0,0.9166666666666666
mfrc_c6f6030a2057cb23ce82,"NTA. They have no say in what you do with your own house. Not only did they not inform you of their intentions, but you didn't even know your deceased neighbors. You're not under any obligation to performatively mourn people you didn't know, just because other people are doing it. This year sucks, let people have holiday lights.",3,1,0,0,0,0,0,0,0,0,0,0,0,1,0,0,0,0.9166666666666666
mfrc_5f5823bbc0f421cd51e9,"Ew no. Hamon's policies were great, but Melenchon was regressive as fuck.",3,0,0,0,0,0,0,0,0,0,0,0,0,2,1,0,0,0.9583333333333334
mfrc_c7da9f63c26e4aa5b2f0,I stopped giving a shit when they started to treat me like shit.,3,1,0,0,0,0,0,0,0,0,0,0,0,1,0,1,0,0.875
mfrc_7ec4500ad4081c6e85e6,"I wasn’t insinuating you were lying, just curious how you knew, and you told me. No need to be a jerk.",3,0,0,0,0,0,0,0,0,0,0,0,0,2,1,1,0,0.9166666666666666
mfrc_09fc6ae32472fc865110,"seems weird to me, le pen is very right, but many people from france i have talk to, they dont see her as fascist right.... imo thats ridiculous. she is radical yes, fascist, well, cant really say but doesnt seem so.",3,0,0,1,0,0,0,0,0,0,0,0,0,1,0,1,0,0.875
mfrc_a85816425dc5d64a1805,I didn't know there was any other way to play!,3,0,0,0,0,0,0,0,0,0,0,0,0,0,0,3,1,1.0
mfrc_94490506dd1333f5cc50,"Yes, 100%. She stole from children for profit. She lied about what it was it for, it’s then stealing. Please report her",3,0,0,0,0,1,0,0,0,0,0,0,0,1,0,0,0,0.9166666666666666
mfrc_f9441b7c4572379fe4a1,"imagine actually believing this shit, sorry to break it to you but capitalism doesn't function as free marketeers says it does",3,0,0,0,0,0,0,0,0,0,0,0,0,1,0,2,1,0.9166666666666666
mfrc_f42164679302360671b9,"Gender has nothing to do with rape and sexual assault. If you did not consent, yes. It was rape/sexual assault.",3,1,0,1,0,0,0,0,0,0,0,0,0,0,0,0,0,0.9166666666666666
mfrc_30235e49940b5e911e14,anyone on the fence will be getting off on the right side over this bullshit,3,0,0,0,0,0,0,0,0,0,0,0,0,0,0,3,1,1.0
mfrc_5ea473abb9849b527b65,They are so mad their ally didn't cause any deaths.,3,1,0,0,0,0,0,1,0,0,0,0,0,0,0,1,0,0.875
mfrc_bd65ce8a296652c7020c,"What's important to note here is that these weren't radical extremists trained in camps to perpetrate acts of terrorism....they were local villagers expressing their everyday hatred of non-Muslims. 

India is a multi-confessional country with a large Muslim minority. It is a glimpse into Europe's future.",3,2,1,0,0,0,0,0,0,0,0,0,0,0,0,0,0,0.9583333333333334
mfrc_b1981015eb13837938cb,Probably means that a lot of voters from other parties will put their support behind Macron now because they are making alliances.,3,0,0,0,0,0,0,1,0,0,0,0,0,0,0,2,1,0.9166666666666666
mfrc_769ed1173c1600c0a0ce,"They do, to a certain extend. Few are really excited about this new government, most people were just happy to see _not Le Pen_ win.",3,0,0,0,0,0,0,0,0,1,0,0,0,0,0,1,0,0.9166666666666666
mfrc_58252fa01ffaecc269be,"As with most things, increased government control made college tuition incredibly worse.",3,0,0,0,0,0,0,0,0,2,1,0,0,1,0,0,0,0.9166666666666666
mfrc_7605d26883cfbcd8ce36,"That may be true, I wasn't argueing this point.

On that subject however, I just don't think Le Pen voters care whatever the fuck she does. They just want Arabs out of France (even though the Arabs they hate so much are actually French now), and they'll vote for whoever will work in that direction. So I don't think it helps her campaign, but it also doesn't affect it badly either. We'll see.",3,0,0,0,0,0,0,0,0,0,0,0,0,1,0,1,0,0.9166666666666666
mfrc_7c394b6ea18b55daa98c,"Soy contains carbs, so anyone on a low carb diet could have been totally fucking up their macronutrient profile without knowing it. 

Not to mention diabetics (though the bread would be way worse of course).",3,0,0,0,0,0,0,0,0,0,0,0,0,1,0,2,1,0.9166666666666666
mfrc_af7befa58475e46cabb5,"Considering how often Hank's conservatism is played as the butt of the joke, I think you're missing the whole point of the show.",3,0,0,0,0,0,0,0,0,0,0,0,0,0,0,3,1,1.0
mfrc_ce0c47235163a70be26d,Melenchon would have not been able to enact and maintain many of his policies and some of them were just plainly ridiculous (the 100% tax).,3,0,0,0,0,0,0,0,0,0,0,0,0,0,0,3,1,1.0
mfrc_deabea8a5130c862c82c,"The article is defining Congress accepting the Electors’ votes, which is normally very routine, as a “coup”. And it’s defining Trump’s attempt to persuade Congress not to accept the Electors’ votes, which is unprecedented, as normal. 

Twisting language in this way is what dishonest people do.",3,1,0,0,0,0,0,0,0,1,0,0,0,0,0,1,0,0.875
mfrc_e32aed69c770482b0abc,"This. Republicans (and to be fair, some people in every ideology) don't want freedom of speech, they want freedom from consequences.",3,0,0,1,0,0,0,0,0,0,0,0,0,1,0,1,0,0.875
mfrc_3b3ad10f91a7e0b95318,"You could, but again, you wont get to that amount until you exploit people. Ones own labor can't amount that much wealth.",3,0,0,1,0,0,0,0,0,0,0,0,0,0,0,0,0,0.9583333333333334
mfrc_26cb460aeef6a569c32b,Is there another gender neutral term with the implicit solidarity of comrade?,3,0,0,0,0,0,0,3,1,0,0,0,0,0,0,0,0,1.0
mfrc_6b7f91815e7e5c88e30e,"Israel is ranked 29th in the [democracy index](https://en.wikipedia.org/wiki/Democracy_Index#Democracy_index_by_country_.282016.29) (which looks in terms of freedom of press, treatement of minorities, democrisation of position of rulers ect).

 This is ranked above **12** existing current EU members, belgium one of them. 

The idea that a certain leader is in power should be irrelevant, assuming what the foundations are concrete. Assuming what you're saying is correct, that's like saying if le Penn rules France they wouldn't enter EU negotiations.",3,0,0,0,0,0,0,0,0,2,1,0,0,1,0,0,0,0.9166666666666666
mfrc_e6b567b337a6e4c55068,This is what France will now be going through for quite some time. Hope you're happy macron voters,3,1,0,0,0,0,0,0,0,0,0,0,0,0,0,2,1,0.9166666666666666
mfrc_8b9d63957d01af8e1297,"It’s not exactly bread for your starving family, is it?",3,0,0,0,0,0,0,0,0,0,0,0,0,0,0,3,1,1.0
mfrc_70d7cf6aca97f66ea057,My concern is that European politicians such as the French presidential candidate le pen wants to leave NATO and create closer ties to Russia. ,3,0,0,0,0,0,0,0,0,1,0,0,0,1,0,1,0,0.875
mfrc_1b61d56c1deebb637dd4,"You feel guilty about cheating a system that is based on cheating you out of independent thought with falsified information and slave driving, Prussian dichotomy?",3,0,0,0,0,0,0,0,0,1,0,0,0,0,0,1,0,0.9166666666666666
mfrc_72216529fa9799172db2,I'm gonna be honest. I wish European countries would implement a full on secular law that prohibits all religious symbols in public. Like the one Le Pen was talking about I heard once. None of religions have actually ever been proven to be true and majority of people don't even get a choice of choosing them. ,3,0,0,0,0,0,0,0,0,1,0,0,0,0,0,1,0,0.9166666666666666
mfrc_987943b08811f4a27d41,"&gt; Perhaps what I am about to say will appear strange to you gentlemen, socialists, progressives, humanitarians as you are, but I never worry about my neighbor, I never try to protect society which does not protect me -- indeed, I might add, which generally takes no heed of me except to do me harm -- and, since I hold them low in my esteem and remain neutral towards them, I believe that society and my neighbor are in my debt.  
&gt;  
&gt; Alexandre Dumas, père: *The Count of Monte Cristo* (1844)",3,1,0,0,0,0,0,0,0,0,0,0,0,2,1,0,0,0.9166666666666666
mfrc_c199e709d634341293b4,I got my first job at 16. I spent years before that catering to and waiting on my narcissistic mother when she wasn’t kicking me out on the street. I’m 38 and have been working in some form for my entire life (since I could walk and fetch things I guess) and I am SO TIRED.  Just dead tired. It’s lead to a chronic illness. No hope of having energy to “get a better education”. How do I opt out?,3,0,0,0,0,0,0,0,0,0,0,0,0,1,0,1,0,0.9166666666666666
mfrc_7d836c0b1a5eb322c308,"Eh, things are looking up in 2017. Macron beat the shit out of Le Pen, Merkels alright, Trump is falling apart

Y'all Brits seem right fucked for a while though 😕",3,1,0,0,0,0,0,0,0,0,0,0,0,0,0,2,1,0.9166666666666666
mfrc_2599d7ab7907e5239d2b,"You think that a destabilized Macron presidency is more in the Russian interest than a Le Pen presidency?

(Still mentioning the possibility that they simply didn't manage to hack in time.)",3,0,0,0,0,0,0,0,0,0,0,0,0,1,0,2,1,0.9166666666666666
mfrc_9c03690e8d34a703d91f,"Meanwhile self-proclaimed ""anti-fascists"" and anarchists are in the streets protesting both Le Pen AND Macron. I prefer to call them fascist enablers, because that's what they are.",3,0,0,0,0,0,0,0,0,2,1,0,0,0,0,1,0,0.9166666666666666
mfrc_5bc6ca60779273fdea95,"because Europe is dead. 

* [Sharia courts in UK](http://www.independent.co.uk/news/uk/politics/sharia-courts-in-uk-face-government-probe-over-treatment-of-women-a7049826.html)

* [Sharia police in Germany](http://www.bbc.com/news/world-europe-38056243)

* [Halal slaughter](http://www.independent.co.uk/voices/if-we-cant-ban-halal-meat-we-should-at-least-let-people-know-when-theyre-buying-it-a7178481.html)

Marine Le Pen and Geert Wilders is our last hope",3,0,0,0,0,0,0,0,0,1,0,0,0,0,0,1,0,0.9166666666666666
mfrc_e0741a70a5c02546f447,The fact you don’t feel bad means your have no moral compass. You’re a shit bag and hopefully you get what’s coming to you.,3,0,0,0,0,0,0,0,0,0,0,0,0,1,0,0,0,0.9583333333333334
mfrc_3af5beecd97db27f64f7,Imagine being called lazy for being against all of this,3,0,0,0,0,0,0,0,0,0,0,0,0,0,0,3,1,1.0
mfrc_7f3aca2347eff1a9d84c,"&gt;moderate liberal values of people like Merkel, May &amp; Macron?

Are you fucking kidding me? May is an authoritarian looking to rip up human rights legislation. She is standing purely on being 'strong'. 

She fits in with Duterte, Erdogan and Putin (hell, her ministers even say these people have 'shared values') rather than Merkel and Macron.",3,0,0,1,0,0,0,0,0,2,1,0,0,0,0,0,0,0.9166666666666666
mfrc_0427c30a382b96f56295,I wish 99% of the criticisms of Biden weren’t completely fabricated bullshit.,3,0,0,0,0,0,0,0,0,0,0,0,0,0,0,3,1,1.0
mfrc_40cc2af76d8fb39e7e07,What does it say about your own ethics that you could be friends with a self-described Nazi?,3,0,0,2,1,0,0,0,0,0,0,0,0,1,0,0,0,0.9166666666666666
mfrc_7ea8a2f33e682d0fd2a1,"No one cares because CNN, Fox, NBC, and OANN are all garbage networks.

Anything that’s not AP or atleast sourced from AP is partisan entertainment.",3,0,0,0,0,1,0,0,0,0,0,0,0,0,0,2,1,0.9166666666666666
mfrc_b293ea7d5fe755094902,"😆 yes, full name is Lucy Clawless: Princess Warrior Kitty",3,0,0,0,0,0,0,0,0,0,0,0,0,0,0,3,1,1.0
mfrc_bc8e1bb3c68ba9a858e5,"You mean, besides the millions that Le Pen got from Russia?",3,0,0,0,0,0,0,0,0,0,0,0,0,0,0,3,1,1.0
mfrc_f2cd348ed1b2da470828,"Lower results than expected for Macron, but it's still an absolute majority.",3,0,0,0,0,0,0,0,0,0,0,0,0,1,0,2,1,0.9166666666666666
mfrc_7114aa0134a6125eee15,It’s not accurate. Good job to the people calling it out,3,0,0,0,0,1,0,0,0,0,0,0,0,0,0,2,1,0.9166666666666666
mfrc_949f4063fe37639fd339,"Because everyone who supports Trump, Le Pen or anti-globalism in general literally supports the genocide of Jews. ",3,0,0,1,0,0,0,0,0,0,0,0,0,0,0,1,0,0.9166666666666666
mfrc_4e17c2a2d7e4c791b23f,"You seriously think DeSantis, Trump's boot-licking crony, has no hand in this scheme?",3,0,0,0,0,0,0,0,0,1,0,0,0,1,0,1,0,0.875
mfrc_064609399da972d7fc11,"I think the question of a pan-European army will be decided moreso at the ballot box in France and the Netherlands as opposed to what happens in the Balkans. If anything, I could see further conflict (and the potential for more refugees) as a boon for the likes of Marine Le Pen. ",3,0,0,0,0,0,0,0,0,0,0,0,0,0,0,3,1,1.0
mfrc_b9422d86e50e3dd57b9b,"Not all of us, a portion of us don't align with this TQ+ gender nonsense. 

And I sure as hell don't support children getting groomed into genital mutilation",3,0,0,0,0,0,0,0,0,0,0,0,0,1,0,1,0,0.9166666666666666
mfrc_84e93cbb7839af948ae1,"Media is behind Macron. Upper echelon of media hasn't suffered because of France policies, largely benefitted from them instead. Macron's agenda is to maintain status quo. ",3,0,0,0,0,1,0,0,0,0,0,0,0,1,0,0,0,0.9166666666666666
mfrc_91b16e2ca7ec28c7ae73,"&gt;Marine Le Pen described Russian President Vladimir Putin as a ""defender of the Christian heritage of European civilisation.""

This is a man who murders his political enemies, members of the press who criticize him, and fellow oligarchs.

And that's the leader of the National Front talking. That's not the members at large. ",3,0,0,0,0,0,0,0,0,1,0,0,0,0,0,0,0,0.9583333333333334
mfrc_519acbbaa3c5cd15408f,"you can make single- and multipayer systems work and lots of countries do either just fine, what's ironic is acusing me of a low tactic after sanders spent 4 years pretending that anyone that wants universal healthcare wants singlepayer and a public option is the devil",3,0,0,0,0,0,0,0,0,0,0,0,0,1,0,2,1,0.9166666666666666
mfrc_ab5c5e0a06b397880a47,"&gt;This is one of the reasons I hope that Macron can move some things. 

Macron won't do shit for suburbs, he is a neo-liberal, like our two last presidents who did nothing for it.
Mélenchon or maybe Hamon could have made things change.",3,0,0,0,0,0,0,0,0,1,0,0,0,0,0,2,1,0.9166666666666666
mfrc_e190144c2a80a42de5d4,"[someone should make a macron design out of this](https://timedotcom.files.wordpress.com/2017/04/emmanuel-macron-french-election-campaign.jpg?quality=85)

[im too dumb to go any further than making it black and white in paint](http://i.imgur.com/NQpwT1P.png)",3,0,0,0,0,0,0,0,0,0,0,0,0,1,0,2,1,0.9166666666666666
mfrc_4fbdf25951857d061c6d,"[Vincent Boissoneault told The Globe and Mail that the two frequently argued over politics when Bissonnette attacked refugees or expressed support for Le Pen or US President Donald Trump.
""I wrote him off as a xenophobe,"" Boissoneault told the newspaper. ""I didn't even think of him as totally racist, but he was enthralled by a borderline racist nationalist movement.""](http://www.cnn.com/2017/01/31/americas/quebec-mosque-shooting-suspect/)",3,0,0,1,0,0,0,0,0,0,0,0,0,0,0,0,0,0.9583333333333334
mfrc_6e4fb5ea06a38d9d6929,"Another thing is that he was Minister of Economy under Hollande and he pushed forward some reforms that liberalized France's economy. Because of this and his support for the EU, he's considered to be Hollande 2.0 by many French people.",3,0,0,0,0,0,0,0,0,0,0,0,0,0,0,3,1,1.0
mfrc_02ad68705789f6838731,"wikileaks is claiming they have emails from macron; wonder if they're trying to depress turnout or something:

https://twitter.com/wikileaks/status/860577607670276096",3,0,0,0,0,0,0,0,0,0,0,0,0,0,0,3,1,1.0
mfrc_acbe5aeeea280b4a06e7,Most applications are done through an online portal now and many of them ask your race.,3,0,0,0,0,0,0,0,0,0,0,0,0,0,0,3,1,1.0
mfrc_103ea17ea7c22c0226d4,"Really insane? LIke ""not my president"" insane? Starting riots and contesting democracy while writing ""protect democracy"" on transparent? Lets see how Le Pen supporters react to the loss and draw conclusions then yourself.  ",3,0,0,0,0,0,0,0,0,1,0,0,0,1,0,1,0,0.875
mfrc_65acb4dd3c80b8318456,Just be upfront. That is a HUGE age gap and they should absolutely not be flirting with you much less unloading their life on you when you’re so young. Tell them you appreciated their friendship and talking to them but you no longer feel comfortable doing so. Let them know they are a lot older and it’s inappropriate. Then block them. They should know better tbh,3,0,0,0,0,0,0,0,0,0,0,0,0,1,0,1,0,0.9166666666666666
mfrc_626da6f135caebae921c,Except the emails reveal nothing really bad. Macron is a pretty boring guy.,3,0,0,0,0,0,0,0,0,1,0,0,0,2,1,0,0,0.9166666666666666
mfrc_f63fd8ea289e3dd9f6aa,Hopefully this stupid talking point that shows you guys don't understand polling or statistics can finally die after Le Pen gets crushed today. ,3,0,0,0,0,0,0,0,0,0,0,0,0,1,0,2,1,0.9166666666666666
mfrc_033d0021ce871e21c336,You say that like macron doesnt want to do that as well.,3,0,0,0,0,0,0,0,0,0,0,0,0,1,0,2,1,0.9166666666666666
mfrc_609b0d6c6563a3f09d1c,What a saddening yet interesting read. Thank you for sharing.,3,0,0,0,0,0,0,0,0,0,0,0,0,1,0,2,1,0.9166666666666666
mfrc_a7e4eb8dc1b12e0deae4,I think you’re supposed to hire someone that can do a job. Stop pretending you care about what makes them unique or their passions. Stupid fake ass corporate speak bullshit.,3,1,0,0,0,0,0,0,0,0,0,0,0,1,0,1,0,0.875
mfrc_a1d36f19ac9d6b1ce321,I know Macron was able to put out a statement 4 minutes before the law blocking election coverage went into effect. Maybe the story was posted before 00:00 last night as well,3,0,0,0,0,0,0,0,0,0,0,0,0,0,0,3,1,1.0
mfrc_d8e1e90da5c0335a99fd,Fuckkk that was the best 4 star creature out at the time. At least Curse of Dragon came with the yugi starter deck I believe,3,0,0,0,0,0,0,0,0,0,0,0,0,1,0,2,1,0.9166666666666666
mfrc_8081345334e0f96429d7,"My soon to be ex husband isn't great, but period blood never freaked him out. I'd freak out about it, though
He'd wrap me in his sleeping bag after period sex so I'd bleed on his stuff and not mine.",3,0,0,0,0,0,0,0,0,0,0,1,0,0,0,2,1,0.9166666666666666
mfrc_eb80364acb2b4d8e16d6,"Seriously, fuck those doxing conspiracy theorists who have fallen for Trump's bullshit.

Hope those ignorantly targeting that ballot counter face repercussions for their behavior.",3,0,0,0,0,1,0,0,0,0,0,0,0,1,0,0,0,0.9166666666666666
mfrc_b722e565c9190c961faf,I think Beetlejuice is a clown for letting her own people die due to her incompetence,3,0,0,0,0,0,0,1,0,0,0,0,0,0,0,1,0,0.9166666666666666
mfrc_4f7c4685b7cf8026b7a2,Good. Omar is an anti-American scumbag who openly supports Wahhabism. She is dangerous.,3,0,0,0,0,0,0,1,0,0,0,0,0,1,0,1,0,0.875
mfrc_469385ba33c72d4df5f9,There is no requirement of guilt for posting a confession. Some people are just so differently wired that you can't possibly fathom how they think and how they rationalize their actions. Take this as the lesson it is and protect yourself and your belongings.,3,2,1,0,0,0,0,0,0,0,0,0,0,1,0,0,0,0.9166666666666666
mfrc_5fad98294dff8daac8d3,"it basically means you call for reforms and change in an attempt to capture anti-establishment sentiment while embodying that exact establishment. Examples: Obama, Clinton, Macron more recently.",3,0,0,0,0,0,0,0,0,1,0,0,0,0,0,2,1,0.9166666666666666
mfrc_908a772790bf3e6fac22,"Nothing says ""there is no voter fraud,"" like shutting down any and all efforts to peacefully investigate it.  


Their hypocrisy makes me very angry. That last statement understates the level of my fury.",3,0,0,1,0,0,0,0,0,0,0,0,0,2,1,0,0,0.9166666666666666
mfrc_f0cb2502fcb477b3bf5c,I found out that he's sending me to a college or something. A family friend is the headmaster there.,3,0,0,0,0,0,0,0,0,0,0,0,0,0,0,3,1,1.0
mfrc_fb7625eebf7f062f1e6a,"The dumbed down version is globalist stooges are desperately blaming Russia for the spread of national populism in the West. Russia did not hack the U.S. elections, had nothing to do with Brexit, and will not be the reason Le Pen wins in France. Open borders, unchecked immigration, and globalist economic policy is creating a backlash that is causing the rise of nationalism. It has nothing to do with Russia.  ",3,0,0,0,0,0,0,0,0,1,0,0,0,1,0,1,0,0.875
mfrc_da75768975757b9d70dc,Kinda hard to respect your wife when you don’t respect yourself. I bet OP is one of those guys who are ok with being verbally bullied. If he was in her shoes he wouldn’t care because he’s fine with being pushed around,3,2,1,0,0,0,0,0,0,0,0,0,0,0,0,1,0,0.9166666666666666
mfrc_1f4a3f22aaab840e6464,"Right parties Fillon or Lepen think the colonisation was a ""cultural exchange"" so .... 
including rape , torture , burned villages ect...",3,2,1,0,0,0,0,0,0,0,0,0,0,1,0,0,0,0.9166666666666666
mfrc_03c58bd8a01bdd596b35,"🇪🇺🍆💦🇪🇺

👐🏾 Thank 🌎 you 🌍 Mr. 🌏 Macron 👐",3,0,0,0,0,0,0,0,0,1,0,0,0,0,0,1,0,0.9166666666666666
mfrc_ccc02036427b32ce6770,"I can't imagine how hard it's to see, breathe a d move I  this monstrosity. Not to mention humiliating.
That poor woman.",3,3,1,0,0,0,0,0,0,0,0,0,0,0,0,0,0,1.0
mfrc_6a73c586b2b6fb3521fb,"I'm not sure austerity is the only axis of neoliberalism, though. Personally I think it's a horribly defined term--people on Reddit tend to use ""neoliberal"" to mean ""anything I don't like""--but neoliberalism seems to have an internationalist component to it, too. Macron seems more neoliberal to my eyes as he seems to be more pro-EU, pro-international trade, etc., while Fillon is a definite euroskeptic and seems more protectionist.",3,0,0,0,0,0,0,0,0,0,0,0,0,1,0,2,1,0.9166666666666666
mfrc_b9c1cebdee22ad389eca,"&gt;However, Le Pen said dual citizenship with Russia would be allowed

She's anti- people-that-look-or-worship-differently. ",3,0,0,0,0,0,0,0,0,0,0,0,0,0,0,3,1,1.0
mfrc_758d7283f9746e82b854,"Dont open the door to him!...and you dont owe it to him to be nice!

simply creepy!..just stay safe",3,2,1,0,0,0,0,0,0,0,0,0,0,0,0,0,0,0.9583333333333334
mfrc_4b97a4f242b930ad70a5,"Macron: You're prettier than my wife.  
Trudeau: Oh you 😳",3,0,0,0,0,0,0,0,0,0,0,0,0,1,0,2,1,0.9166666666666666
mfrc_52e4afe08d8fb1d97d8d,"&gt; I'd be intimidated to say anything critical of Putin to his face.

I'm confused, about what part your sentence is emphasized

* ...to say **anything critical of Putin** to his face.

* ...to say anything critical of Putin **to his face.**

&gt; Should he ... do some reverse psychology

I'm not sure about the calculation here, does Macron saying this sway the French from disbelieving RT ? Is it worth giving Putin the Russia internal political boost ?

I don't think this is reversible.

",3,0,0,0,0,0,0,0,0,0,0,0,0,0,0,3,1,1.0
mfrc_41bd1faa3712b2c57c5a,Macron and Trudeau didn't. That should tell you all you need to know. ,3,0,0,0,0,1,0,0,0,1,0,0,0,0,0,1,0,0.875
mfrc_1b678936bd0da33344d1,It’s very simple. You hand them a resignation letter stating what day is your last day. No reason to stay any longer. You don’t own the company. Your clients are actually the company’s clients.,3,0,0,0,0,0,0,0,0,0,0,0,0,0,0,2,1,0.9583333333333334
mfrc_b1d0aa90670db6ff37d3,"[hmmm](https://www.reddit.com/r/Anarchism/comments/69szzd/france_racist_shitbag_le_pen_gets_crushed_by/)
and your shitbag ideology never gained enough traction to begin with.


Macron, the bane of commies and nationalists alike

En Marche!",3,0,0,0,0,0,0,0,0,0,0,0,0,1,0,2,1,0.9166666666666666
mfrc_d943833b3091b1e00267,"The problem is that people don't vote for politicians like Orban or Marine Le Pen, because they are twisted deviants, who would like to be oppressed by an authoritarian regime. The domestic politics is always complicated and what would an average citizen gain, if he voted for some pro EU party, if it was corrupted or if it was neglecting some local serious issue.",3,1,0,0,0,0,0,0,0,1,0,0,0,0,0,0,0,0.9166666666666666
mfrc_2053277ec40e1d05ad40,Macron won because we are undermining the word nazi? 6 million jews didnt die for this shit,3,0,0,0,0,0,0,0,0,0,0,1,0,0,0,2,1,0.9166666666666666
mfrc_4516d02fa9077731ce3e,"What a dreadful article. Single-payer healthcare isn't ""far left populism"". It's unusual in America but fairly common elsewhere. There's a huge difference between far-left and far-right populism even if they may be similarly negative.

But this is probably the highlight - get a copy editor:

&gt;not only did the centrist Emmanuel Macron hold off challenges from both the hard-left (Marine Le Pen) and hard-right (Jean-Luc Melenchon)",3,0,0,0,0,0,0,0,0,0,0,0,0,1,0,2,1,0.9166666666666666
mfrc_63045c98edbf9d7cff6f,"""I hate people who argue like this""

Glad to know I have earned your hate. 

Regardless, I am still unclear why he needs the approval of the person who did a crappy thing to undo the crappy thing.",3,1,0,0,0,0,0,0,0,0,0,0,0,2,1,0,0,0.9166666666666666
mfrc_7859577cb7cb2d9149fe,"Not what I mean. I mean the fact that people like le pen and farage have anyone listening to them is problematic. That it is generally entirely placed on Muslims the effort to integrate. That every time a Muslim does something, everyone accuses Islam as a whole.",3,0,0,3,1,0,0,0,0,0,0,0,0,0,0,0,0,1.0
mfrc_4564468733303bc17848,"No one should accept his excuse that he needed to avert panic. It presents a false dichotomy.

He could have averted panic while simultaneously encouraging reasonable precautions by making statements on how the US would be fine if people took the right precautions, and emphasizing what precautions ordinary Americans should take to avert catastrophe. Instead, he pretended like there was nothing serious to take precautions against.",3,1,0,0,0,0,0,0,0,0,0,0,0,0,0,2,1,0.9166666666666666
mfrc_8e208fd480f5bcf839ce,"You have my congratulations friend, that demon still has its claws in me.",3,0,0,0,0,0,0,0,0,0,0,0,0,2,1,0,0,0.9583333333333334
mfrc_4acd039aabaaeba0c00b,"I see we're back to 2016 levels of concern trolling, divisive rhetoric, paid agitation, and general ignorance.",3,0,0,0,0,0,0,0,0,0,0,0,0,1,0,2,1,0.9166666666666666
mfrc_02178b3a0c5679dcc8cd,"&gt;but the real test comes with france and germany votes soon, about the veracity of what you say about you being strong

Not really.

In Germany Merkel could only possibly lose to the SPD, which is more left, while in France Le pen recently lost her lead.",3,0,0,0,0,0,0,0,0,0,0,0,0,1,0,2,1,0.9166666666666666
mfrc_eba11b6a68ea00fe6fdc,"I'll be blunt. I don't care whether a government (Macron's or anyone else's) has gender parity in its cabinet, all I actually hope is that the best people are chosen, regardless of having a wiener or not. For me this is what equality should be like",3,0,0,2,1,0,0,0,0,0,0,0,0,0,0,0,0,0.9583333333333334
mfrc_0e3360bddf8c29a5fcdf,"Dont equate any establishment opponent to T_D. Im a socialist and I also think Macron is extremely establishment and i dont get the ""anti-establishment"" argument",3,0,0,0,0,1,0,0,0,0,0,0,0,0,0,2,1,0.9166666666666666
mfrc_5c061ace9105425fb18d,They are protecting their property. As long as that’s what’s happening I support them.,3,0,0,0,0,0,0,1,0,0,0,0,0,0,0,1,0,0.9166666666666666
mfrc_7d4d6c721e7f33c64955,"We adore economists that have given us our evidence-based policy (Friedman, Krugman, Goolsbee). We love politicans anywhere on the spectrum of ""market capitalism is good, but so is smart government intervention"" (Clinton, Romney, Clegg, Booker, Macron). And we worship government technocrats that are a marriage of the two (Yellen &amp; Based Bernke).",3,0,0,1,0,0,0,0,0,0,0,0,0,1,0,1,0,0.875
mfrc_aa714691c8e320679dfa,I ain’t eating shit no matter what. Quantity don’t okay into it.,3,0,0,0,0,0,0,0,0,0,0,0,0,1,0,2,1,0.9166666666666666
mfrc_0bfbc26ab8ad74542f71,"This is the difference between Republicans and Democrats today.  If Obama and Clinton declined to endorse Biden, Democrats would lose their collective minds.  But Bush and Romney supposedly do that and the Republican base shrugs.

Conservatives are just so much less moved by endorsements than liberals.",3,0,0,0,0,0,0,0,0,0,0,0,0,0,0,3,1,1.0
mfrc_713ac96e8d79b10f54b4,Allegedly false. But relying on charity to fix things is so much worse than systemic solutions that this guy is still fundamentally mistaken.,3,0,0,0,0,0,0,0,0,0,0,0,0,2,1,1,0,0.9166666666666666
mfrc_b5e50839a1abbb918831,"Answer the question. 

Did you blame your brother for being raped because you are cold? Or did you blame him for being raped because you are dumb?",3,2,1,0,0,0,0,0,0,0,0,0,0,0,0,0,0,0.9583333333333334
mfrc_bc296ac3ed0e0754f67c,"I'd say he's playing a character, not a caricature. Let it go.",3,0,0,0,0,1,0,0,0,0,0,0,0,0,0,2,1,0.9166666666666666
mfrc_9c6110fc293d08930bc8,"I blame loony toons for all of us laughing at people getting hurt. 

Also poor kiddo but I would definitely have laughed too",3,0,0,0,0,1,0,0,0,0,0,0,0,0,0,2,1,0.9166666666666666
mfrc_22baabebf0c6feef2a96,I’m glad the media is now telling people to quit doing this shit. No one wants a “guru” anymore. So 2000late.,3,0,0,0,0,0,0,0,0,0,0,0,0,0,0,2,1,0.9583333333333334
mfrc_5868294df6c205c61589,I think that's getting off easy. Don't steal shit. I hate thieves,3,0,0,0,0,0,0,0,0,0,0,0,0,3,1,0,0,1.0
mfrc_ac667bcc0ed129c97ae7,"Surprised I had to scroll to find this. Also it's important for OP to have medical info and familial history about his daughter. What if mental illness runs in the family, or heart conditions? They should know so they can understand and prepare their daughter for later in life.",3,0,0,0,0,0,0,0,0,0,0,0,0,1,0,2,1,0.9166666666666666
mfrc_a8b1b8394244abda5b28,Do it again and save up for the new Ps5,3,0,0,0,0,0,0,0,0,0,0,0,0,0,0,3,1,1.0
mfrc_29fdeaf6f29527e7c1ce,"&gt; He also warned François Fillon, the candidate for the right-wing Républicains party, that “brutalising society must be avoided.”

&gt; “Democracy, freedom, social rights, Europe and even peace, all of that becomes vulnerable, reversible,” added Hollande.

so the title is about the right wing candidate, not you know, muslim extremism which was my first assumption and the reason I read the article.",3,0,0,0,0,0,0,0,0,0,0,1,0,1,0,1,0,0.875
mfrc_3bfd33d8aa9abaeb7115,I don’t blame the waitress at all. They’re supposed to be personable. I’m just trying to point this perspective out to OP who seems to oblivious or willfully ignorant.,3,0,0,0,0,0,0,0,0,0,0,0,0,0,0,2,1,0.9583333333333334
mfrc_e64edc60acc5e8c29ffb,"Yet another leftist telling us that protesters and the rioters looting, burning, and murdering are the same people.

I guess we should believe him.",3,1,0,0,0,0,0,0,0,1,0,0,0,1,0,0,0,0.875
mfrc_f85dfd408352d458cc2e,Don’t remember the episode. Barely remember the face. But damn I’m remembering the fear right now.,3,0,0,0,0,0,0,0,0,0,0,0,0,1,0,2,1,0.9166666666666666
mfrc_80bc9b02874db488ebe4,"People do not like when something they also do it's being criticized. Unconsciously, they feel as if they are the ones being judged. Empathy can be a bless and a curse.",3,1,0,0,0,0,0,0,0,0,0,0,0,0,0,2,1,0.9166666666666666
mfrc_f82100f57b434b3c715c,"Macron does not approve - Kochs

Macron approves - Soros",3,0,0,0,0,1,0,0,0,0,0,0,0,0,0,2,1,0.9166666666666666
mfrc_c58e870a34c79e079d23,"No no, mean and angry is something only Republicans are allowed to be. If you're mean and angry, then you're on the wrong side of Shroedinger's liberal, a heathen that has disavowed civility. You must sit and accept injustice lest you cause someone to clutch their pearls too hard.",3,0,0,0,0,0,0,0,0,0,0,0,0,2,1,1,0,0.9166666666666666
mfrc_8df0a0f81827d15132f5,"That's another can of worms. Is it acceptable to expose criminal activities if doing so breaks the law ? Or does whistleblowing no longer apply if it can alter the course of politics? 

Not that it matters. Macron wins handily or polls have been fabricated. Neither of those would surprise me. 

And even if any of these allegations and documents were true, he would never face punishment for it regardless of if he wins or not, making the whole routine a farce. Iirc as president he would have total immunity for his term.",3,0,0,0,0,0,0,0,0,0,0,0,0,1,0,1,0,0.9166666666666666
mfrc_62bfef00358f6dab32f0,We could all stand to play more sports and be more active anyways.,3,0,0,0,0,0,0,0,0,0,0,0,0,1,0,2,1,0.9166666666666666
mfrc_83c5b6794a8da2a9053c,"Personally, I don’t think refusing to acknowledge is the same as hate. It would be way worse if he was actively hating him, then he definitely would be an AH.",3,2,1,0,0,0,0,0,0,0,0,0,0,0,0,1,0,0.9166666666666666
mfrc_54ca8bf443ca4efbf8d2,"Doesn't matter. They'll be willing to pour enormouse resources behind convicting a few ""ring leaders"" and others pulled in to bulk up the numbers thus instructing those who would protest not to risk it.",3,0,0,0,0,0,0,0,0,1,0,0,0,0,0,2,1,0.9166666666666666
mfrc_206aa1ad0f718d0cfcb2,Nothing was ever right with this world except our innocence as children.,3,0,0,0,0,0,0,0,0,0,0,3,1,0,0,0,0,1.0
mfrc_f3874d00ccf63f5057c5,"Sometimes, I think Macron wouldn't want some of those supports to be honest. Like the support of Hollande doesn't really help him tbh.",3,0,0,0,0,0,0,0,0,0,0,0,0,0,0,2,1,0.9583333333333334
mfrc_6456e313ea910f7f08e8,"Eh, from what i read Fillion was interesting.

He wanted to put an end to the terrorism problem and be stricter with who was let inside the country, but his ideas weren't as drastic as Le Pen nor anti-EU. 

Then again, i am basing this comment in the articles i have read and quotes from the candidate.",3,0,0,0,0,0,0,0,0,1,0,0,0,0,0,2,1,0.9166666666666666
mfrc_fd398dfcc30844b605d2,"Withholding affection, intentionally humiliating you, competing with your achievements, and being an absent parent is a form of abuse OP.",3,2,1,0,0,0,0,0,0,0,0,0,0,0,0,1,0,0.9166666666666666
mfrc_307b88a1217ff36234aa,"Fillon is actually losing though, no matter who is pushing what agenda, French, Russian or American (for your examples of Fox or MSNBC.)

Ask any French voter.

It would be just as big a lie if it were coming from any of those other groups.",3,0,0,0,0,0,0,0,0,0,0,0,0,1,0,2,1,0.9166666666666666
mfrc_62c9ff2876bba8f33c5d,"Isn’t this what you have to explain to small children, when you have to explain that lying is bad but planning a surprise party isn’t. And they generally get it pretty quickly",3,0,0,0,0,0,0,0,0,0,0,0,0,3,1,0,0,1.0
mfrc_7a1f9e8075b11447f8d5,Is anyone hopeful macron could actually be good policy wise? ,3,0,0,0,0,1,0,0,0,0,0,0,0,1,0,1,0,0.875
mfrc_63f3a434f2e51e3cd134,"Nope. You were wrong. Trump never endorsed her, it's mainstream crooked media bias. The entire media, entire political elites want Macron because he's a stooge that will bring more of the same. People like you don't care about anyone but yourself.",3,0,0,0,0,0,0,0,0,0,0,0,0,1,0,0,0,0.9583333333333334
mfrc_4b88ec122accb5b79437,No actually. The radical lefts beliefs have been given credence by most moderate Democrats.,3,0,0,0,0,0,0,0,0,0,0,0,0,1,0,2,1,0.9166666666666666
mfrc_4ec6567ff78ccc54c29e,What’s also infuriating is that they demand your upmost professionalism or you’re not deserving of the job. Yet they pull this shit on you. Fast food and retail jobs are especially guilty of this.,3,0,0,0,0,1,0,0,0,0,0,0,0,0,0,2,1,0.9166666666666666
mfrc_84879b478c644e0874f7,"Sure, in international comparison Merkel is really popular (and Hollande incredibly unpopular). She's no Putin that regard (his popularity is constructed by propaganda but russians really do love him) but still really popular, probably because she's usually rather moderate and swings with the general opinion sooner or later.

Also hooray for the ""meh"" rating! We should have that in Germany. ",3,0,0,0,0,0,0,0,0,1,0,0,0,0,0,2,1,0.9166666666666666
mfrc_70b4879c05cdb0e41117,🏅 Take this poor bitch's gold! I CAN'T STOP LAUGHING!!,3,0,0,0,0,0,0,0,0,0,0,0,0,0,0,3,1,1.0
mfrc_6a720daf33df97c4b9af,The FBI and CIA will get right on that....sometime after the election...in 2024.,3,0,0,0,0,0,0,0,0,0,0,0,0,0,0,3,1,1.0
mfrc_e606c5dd5b67ca5ad643,She's a narcissist and you've been chosen as the scapegoat child. I'd suggest researching narcissism and checking out r/raisedbynarcissists,3,0,0,0,0,0,0,0,0,0,0,0,0,1,0,2,1,0.9166666666666666
mfrc_dd7a4b1f89d574a46123,"I very very much believe the Holocaust happened. 

But sorry, how does denying the Holocaust threaten democracy? Do people know what democracy is? It’s not civility. It’s not goodness of spirit. It’s where you vote for your leader instead of having a monarchy. It’s a really specific thing and not just any old bad thing doesn’t threaten it.

Things like election fraud threaten it.",3,0,0,0,0,1,0,0,0,0,0,0,0,0,0,2,1,0.9166666666666666
mfrc_1366a9a77a3d7487cb10,"They preferred him over all of the other candidates is what I'm saying, not just over Le Pen.",3,0,0,0,0,0,0,0,0,0,0,0,0,0,0,3,1,1.0
mfrc_88885b1ae5a7e0edb9a3,"Concern trolling, Yeah just vote for the party of academics and liberals 

  
 ""Many PO voters are [social-liberals](https://en.wikipedia.org/wiki/Social_Liberalism) who value [environmentalism](https://en.wikipedia.org/wiki/Environmentalism), [secularism](https://en.wikipedia.org/wiki/Secularism) and [Europeanisation](https://en.wikipedia.org/wiki/Europeanisation).  """,3,0,0,0,0,0,0,0,0,0,0,0,0,0,0,2,1,0.9583333333333334
mfrc_8c211d56a94f39f1faf8,They don’t care. They are cheering him violating that oath.,3,1,0,0,0,0,0,1,0,0,0,0,0,0,0,1,0,0.875
mfrc_15be983d93731092dffa,"That’s kind of cruel...no one should have to expect put-downs from the person who’s supposed to love and support them, and he’s communicated these insecurities to his wife but she continues to treat him poorly.",3,2,1,0,0,0,0,0,0,0,0,0,0,0,0,0,0,0.9583333333333334
mfrc_46d40755ff6156aa72b3,I am a conservative and agree. He was talking to George Lopez. He misspoke clearly but the name George wasn't referring to Bush.,3,0,0,0,0,0,0,0,0,0,0,0,0,0,0,3,1,1.0
mfrc_0afc239843704c0c03a5,I think it's OK to call people throwing explosives in crowded spaces as terrorists.,3,0,0,0,0,0,0,0,0,0,0,0,0,1,0,1,0,0.9166666666666666
mfrc_776944c91549a551e880,"Very conservative right, economically much less liberal than Fillon, and eurosceptic. On policies, he's closest to Marine Le Pen, but with a very different vibe.",3,0,0,0,0,0,0,0,0,0,0,0,0,0,0,3,1,1.0
mfrc_1597c8dbd734d04143c0,"I think the whole taxation is theft is just bullshit. However it is immoral and more importantly inefficient to tax the richest at the level Melenchon proposes in my opinion.

",3,0,0,1,0,0,0,0,0,0,0,0,0,1,0,0,0,0.9166666666666666
mfrc_3d53d34968bb38ba3ab5,"Ooo that sucks... What would happen if you eloped with your boyfriend? Are you in a place where you can move to a different country? I know some places are restricting movement with covid. I found a link that may help with advice or at least connect you with actual experts, i put the link below

http://preventforcedmarriage.org//get-help/",3,0,0,0,0,0,0,0,0,0,0,0,0,0,0,2,1,0.9583333333333334
mfrc_cc52af0416c474e97534,Now they’re trying to say Russia’s propping him up. They’re saying our record breaking donations could really be the Russians smh I’m so sick of these corporate clowns.,3,0,0,0,0,0,0,0,0,0,0,0,0,2,1,1,0,0.9166666666666666
mfrc_533b3e41b9326b5b345e,"Yes, obviously it was a reference to ""be better"". But how does fucking up the grammar improve that reference? What does it add? Are they really so simple that they felt the need to keep the number of words the same, or else they couldn't have imagined anyone getting it? It makes no sense.",3,0,0,0,0,0,0,0,0,0,0,0,0,1,0,2,1,0.9166666666666666
mfrc_fcf21841d10f7ee3592f,"Is there something you can share with the rest of us, Amazing Larry?!",3,0,0,0,0,0,0,0,0,0,0,0,0,0,0,3,1,1.0
mfrc_7b19ede1cb80f9649db5,He likely has mixed emotions. Many people do and it’s okay to make space for those.,3,0,0,0,0,0,0,0,0,0,0,0,0,1,0,2,1,0.9166666666666666
mfrc_aae2889c9f26f775b8a0,"Bruh,what abaut pointless expansion,blood money and dont forget control if they stop investing in war they will lose alot of power they aint stupid,nor they give a shit abaut us.We have 7 bilion people,we are just cattle to them.",3,0,0,0,0,0,0,0,0,2,1,0,0,0,0,1,0,0.9166666666666666
mfrc_5b6f2887f1586d9b2a4d,"Macron is fielding these guys as representatives for the parliamentary elections, not as people who will have actual cabinet roles in the government. 

For a rank-and-file representative that Villani will most likely be, the only qualities you really need (ideally) are personal integrity and being able to appeal to your constituents in some way.",3,0,0,0,0,0,0,0,0,0,0,0,0,1,0,2,1,0.9166666666666666
mfrc_b9e6bc4be97051b6f417,Begged my mom for these. So disappointed when we got them. Begged for more.,3,0,0,0,0,0,0,0,0,0,0,0,0,1,0,2,1,0.9166666666666666
mfrc_9894288b83dbece5e2ee,"I still heavily rely on my ipod classic... it's at least a decade old at this point, I love that thing.",3,0,0,0,0,0,0,0,0,0,0,0,0,1,0,2,1,0.9166666666666666
mfrc_366a0230ae3cdd8a2eec,"They backed out a year ahead, in July 2016, because they though she wouldn't win in May 2017? But then Russia helped Le Pen by hacking Macron?

&gt; ""Le Pen wouldn’t have any problem in getting a Russian loan...""

Some political consultant says. Nevertheless, she didn't get new funding from Russia set up, back in July 2016.

I appreciate your clarification. In context, it still doesn't make much sense, that overall narrative.",3,0,0,0,0,0,0,0,0,0,0,0,0,1,0,2,1,0.9166666666666666
mfrc_7180c47b3e8bb51f273f,"Doesn’t matter what Trump says. His stupid-ass SEDITIOUS supporters are going to see that video and explain it as “of course he has to say that but he doesn’t believe it, we know what he really meant.”",3,0,0,0,0,0,0,0,0,2,1,0,0,0,0,1,0,0.9166666666666666
mfrc_61ecade85756ecfa1c06,"This is why Macron won.

Seriously, there are people that stop caring about healthcare because their feelings got hurt when rape is called for what it is ? That sounds like they didn't really care about the left in the first place.",3,0,0,0,0,0,0,0,0,0,0,0,0,1,0,1,0,0.9166666666666666
mfrc_5d9c220630d6a571111a,"&gt;Macron is 180 proof Neoliberalism; why on earth would you be excited for the distilled version of Hillary Clinton?

Why *wouldn't* you be tho?",3,0,0,0,0,0,0,0,0,0,0,0,0,1,0,2,1,0.9166666666666666
mfrc_cfc859ff0b0ae42a0d61,"&gt; secularism, rationality and reducing the control of oppressive governments and religious institutions.

So the current actions of Macron, Schulz and Merkel are basically the Illuminati is pushing back against the alt-right and the regime that comes with it.",3,0,0,0,0,0,0,0,0,1,0,0,0,0,0,2,1,0.9166666666666666
mfrc_cbf826022116b192befb,OP sounds like the type of dude who doesn't understand why complimenting a co-workers boobs is sexual harassment.,3,0,0,1,0,0,0,0,0,0,0,0,0,1,0,1,0,0.875
mfrc_6e82695f1feb05693f44,"I don't feel the need to explain my art to you, warren.",3,0,0,0,0,1,0,0,0,0,0,0,0,0,0,2,1,0.9166666666666666
mfrc_65a75ce9bbfe1a6c8d57,"If you're talking about the second round, he has nothing to do except not fuck up massively. Every political figures are calling to vote for him, from the far left to the near-far right. Le Pen has the burden of shoah-negationists/nazi-collaborationists on her shoulders and did nothing nearly convincing enough to detach herself from them.

e: those not calling to vote for Macron are calling to vote against Le Pen.",3,0,0,0,0,0,0,0,0,0,0,0,0,1,0,2,1,0.9166666666666666
mfrc_8efa09dcfc0a1e10c3d5,"Violet is a narcissist, so yeah fits that one too",3,0,0,0,0,0,0,0,0,0,0,0,0,0,0,3,1,1.0
mfrc_2aebdd09d534e7e651b3,"Let’s not overly romanticize it, they’re just called hermits

There’s no fundamental physiological or biological change that occurs",3,0,0,0,0,1,0,0,0,0,0,0,0,0,0,2,1,0.9166666666666666
mfrc_607f86ef3034659fadee,I honestly don't get people like LePen and Fillon. No reasonable European citizen wants Russia and its dictatorship and mobster infested ways to influence or shape Europe. ,3,0,0,0,0,0,0,0,0,2,1,0,0,1,0,0,0,0.9166666666666666
mfrc_60643ce7ad88620781d3,"No, most candidates don't profit from contributions to their campaign.",3,0,0,0,0,2,1,0,0,0,0,0,0,0,0,1,0,0.9166666666666666
mfrc_af607cab8f5c366f8a96,I can’t imagine being a single issue voter to such an extent that it threatens to upend an entire functioning democracy.,3,0,0,0,0,0,0,0,0,1,0,0,0,0,0,2,1,0.9166666666666666
mfrc_2274bcf38363ae23318f,"The base is already saying the accuser is not credible.

Liberal duplicity is astonishing if not retarded",3,0,0,0,0,0,0,0,0,0,0,0,0,0,0,2,1,0.9583333333333334
mfrc_1169b7588a8eccdda6e4,I think the big news story here is Le pen has a boyfriend! (O_O) what man in his right mind would date a she demon like her? ,3,0,0,0,0,0,0,0,0,1,0,0,0,2,1,0,0,0.9166666666666666
mfrc_00e689dcc275df5a7d5d,"I mean, I dream of being able to do something I enjoy immensely, that I'm really good at, and that other people value enough to give me value for it in return. 

I dunno what that looks like, but it sure as hell isn't gonna be a desk job.",3,1,0,0,0,0,0,0,0,0,0,0,0,0,0,2,1,0.9166666666666666
mfrc_1c5e2e3f7ccf5aab59d1,"You're right I don't actually care if he was the current leader or honorary leader or anything, his past doesn't bother me and I still support Le Pen
",3,0,0,0,0,0,0,1,0,0,0,0,0,0,0,1,0,0.9166666666666666
mfrc_af8d3b6fcdcfbf1845b3,"Ugh same.  I don't even like sour candy all that much anymore, but I remember the sort of thrill I got from that uncontrollable puckering...

God is this what it's like to be a drug addict?",3,0,0,0,0,0,0,0,0,0,0,0,0,2,1,1,0,0.9166666666666666
mfrc_13f3bb3d1309a995b9bd,"People have been telling me (IRL) that Le Pen is better for the UK because she'll be sympathetic to us leaving the EU. This is based on them thinking that France controls the European Commission, because it is based in Strasbourg. ",3,0,0,0,0,1,0,0,0,0,0,0,0,0,0,2,1,0.9166666666666666
mfrc_fd07fac637574631b3c6,Suddenly so many people dont trust the poll. When the narrative isnt serving macron you people are just in denial. You guys think she does 26% by operation of the holy spirit ?,3,0,0,0,0,0,0,0,0,0,0,0,0,0,0,3,1,1.0
mfrc_72798c1456b9f1911432,Oh yes!! I completely forgot about these. The click of that foam ice cream on to the cone was so satisfying!,3,0,0,0,0,0,0,0,0,0,0,0,0,2,1,1,0,0.9166666666666666
mfrc_c6e7aca16f093c5a3180,"Damn, he got slaughtered. I'm not hugely familiar with the current elections but with Macron being a centrist and the top 3 losers being near center or to the left I'd say it's obvious they'd support Macron and not a neo-Nazi.

I hope she gets beat similar to her father so people can see right wing nutjobs have no place in the EU.",3,0,0,0,0,0,0,0,0,0,0,0,0,0,0,2,1,0.9583333333333334
mfrc_f996b68fdbe63ca7ec1b,Seriously?  They were at a park. People that are predators and rapists can be anywhere even “civilized” spaces.,3,0,0,0,0,0,0,0,0,0,0,2,1,0,0,1,0,0.9166666666666666
mfrc_26b477f403a05dc1ec6e,Just remember that Fox [called Mr. Rogers evil](https://www.snopes.com/fact-check/fox-fred-rogers-evil/) because he told people they had inherent worth.,3,0,0,0,0,0,0,0,0,0,0,0,0,0,0,3,1,1.0
mfrc_c555c743788bb72f78a6,"Yeah, this is one of Macron's big proposals (making firing easier) and I think it's gonna be tough to get through.",3,0,0,0,0,0,0,0,0,0,0,0,0,0,0,3,1,1.0
mfrc_3e817287b950321bd844,"Also, Le Pen is a complete nutjob and still 35% of the people voted for her. If a sane person would have ran for president on the promise of leaving the EU, I'm pretty sure that person would have won.",3,0,0,0,0,0,0,0,0,0,0,0,0,0,0,3,1,1.0
mfrc_fd95a85035bebe6f6632,"To me, the issue has always been police brutality, especially towards people of color. So it doesn't make much sense to me that people are complaining about the movement being hijacked because so many people came out to oppose police brutality. The federal troops were simply police brutality on steroids. Wtf is with trying so hard to alienate allies here???",3,0,0,1,0,0,0,0,0,0,0,0,0,0,0,0,0,0.9583333333333334
mfrc_c7dc82dfbdb1437a80af,Boebert is a raging dingbat. She makes Michelle Bachmann look positively sane and coherent.,3,0,0,0,0,0,0,0,0,0,0,0,0,1,0,2,1,0.9166666666666666
mfrc_e850177750fbbe8b3c86,"So basically, [people who think Le Pen is ""far-right"" would probably also call the founder of the American Federation of Labor ""right-wing"" for being pro-labor union and anti-imperialist.](https://en.wikipedia.org/wiki/Samuel_Gompers#Immigration_and_foreign_affairs)",3,0,0,0,0,0,0,0,0,0,0,0,0,0,0,3,1,1.0
mfrc_8b01483b92605356e011,Extreme Liberal whites are the most racist people. They are living irony,3,0,0,2,1,0,0,0,0,0,0,0,0,0,0,0,0,0.9583333333333334
mfrc_9a1c83d3c6a47be2d42a,"Billy Foister from Lancaster Ohio. 

This was september last year. He went to the onsite ""clinic"" to report chest pains a week earlier and he was told that he was dehydrated.",3,0,0,0,0,0,0,0,0,0,0,0,0,0,0,3,1,1.0
mfrc_cf81837744e2188f780f,"it is in cultures where large groups are in the same boat. it becomes an implicit understanding that you dont challenge these truths about people. 

people are capable of remarkable feats of rationalizating the irrational, given enough group pressure. so nobody sees what is wrong with a society built on keeping up appearances.. untill they find out how toxic it is and how many people deeply suffer due to these hypocrisies.",3,1,0,0,0,0,0,0,0,0,0,0,0,1,0,0,0,0.9166666666666666
mfrc_1d3d00637f5b8e1c5500,I peeled my taste buds off my tongue. Didn't taste anything for two weeks.,3,0,0,0,0,0,0,0,0,0,0,0,0,0,0,3,1,1.0
mfrc_c51e8318a9a2c6a52cc6,"He knows he's fucked. 

Anyone that has been paying attention can see it. Turnout is already massive. He's fucked.",3,0,0,0,0,0,0,0,0,0,0,0,0,1,0,2,1,0.9166666666666666
mfrc_8ab0a94b051addf3593f,"British people don't agree 

https://yougov.co.uk/news/2016/02/07/british-press-most-right-wing-europe/

Our press is considered to have the most right wing bias in Europe, and considering we already have a somewhat conservative population relative to Europe that's big. Our left wing paper (the guardian) has been vocally against all the major left wing candidates in recent memory (Sanders, Corbyn, Melenchon).
 
Rupert Murdoch and Lord Rothermere, two notorious right wingers, control the majority (52%) of our published media. ",3,0,0,1,0,0,0,0,0,1,0,0,0,0,0,1,0,0.875
mfrc_354f89d6495057b9524f,"If you have had a day job, I'd suggest your quit it.",3,0,0,0,0,0,0,0,0,0,0,0,0,0,0,3,1,1.0
mfrc_4b798397f11a78d35395,"eh its true - these are unprecedented times.  I didnt mean to be aggressive or harsh but rather truthful and upfront.  apologies, never intend to offend anybody",3,2,1,0,0,0,0,0,0,0,0,0,0,0,0,1,0,0.9166666666666666
mfrc_91fa2116f8e7b34dadf7,"I’m not surprised the Dems elected a wife beater who also got arrested for trying to cover up a child abuse case involving his church camp. Oh also, he had Fidel Castro speak at his church. But he has a D next to him so great job you fucking morons.",3,0,0,0,0,0,0,0,0,1,0,0,0,1,0,1,0,0.875
mfrc_7a728e4f38c820767b4b,"I'd wager pedophiles don't have an exceptionally high sex drive unless they are also sex addicts. So it comes down to choosing wether to have sex or not with someone, and in so many cases, forcefully.

Thoses who do it are just pure scum.",3,0,0,0,0,0,0,0,0,0,0,0,0,0,0,0,0,1.0
mfrc_43adad8d0d7e737af4fb,"If you are physically incapable of caring for yourself, you need to look into resources to hire a caregiver or cleaner. Roommates are not caregivers.",3,2,1,0,0,0,0,0,0,0,0,0,0,0,0,0,0,0.9583333333333334
mfrc_57366886db1c5ed23c10,"These are SO MUCH BETTER than the new cards!!!
I guess they redesigned the cards with no words on them, so the same cards can be used across the globe.....but they suuuuck.",3,0,0,0,0,0,0,0,0,0,0,1,0,0,0,2,1,0.9166666666666666
mfrc_7e3f7b9442a9d0fbf476,"I watched BLM March in the streets chanting “what do we want, dead cops” 

BLM demanding defund the Police. Police aren’t being assassinated in the streets by frustrated but peaceful protesters",3,0,0,1,0,0,0,0,0,1,0,0,0,0,0,1,0,0.875
mfrc_9203050ee44b5dcea515,"A lot of is liked Hillary a lot. She's just not the ideal neoliberal politician. TBH there really aren't any that I can think of, although Macron gets pretty close.",3,0,0,0,0,0,0,0,0,1,0,0,0,0,0,2,1,0.9166666666666666
mfrc_8d62413f0c4db846c112,"I agree, it's the tiny margins that swing the whole thing. Here in the UK the Brexit brigade put ""We send the EU £350 million a week, let's spend that on the NHS"" and ONE FUCKING HOUR after they won backtracked on it as an ""aspiration, not a promise"". They won by a 2% swing, based on an outright lie. Now they're in full denial mode telling everyone that it was obvious that wasn't going to happen. 

Vote leave also had funding from Putin btw, just like Le Pen and the national front in France.",3,0,0,0,0,0,0,0,0,0,0,0,0,1,0,2,1,0.9166666666666666
mfrc_35afb755bc62be1191c9,Why would Macron need a distraction from an obvious fake smear?,3,0,0,0,0,0,0,0,0,0,0,0,0,1,0,2,1,0.9166666666666666
mfrc_afc08478f4c1c8b1a163,"&gt; The idea that a Le Pen presidency will empower skin heads is an absurdity. 

Trump's election empowered and emboldened them in the US. I see no reason to believe the same would not occur in France if Le Pen wins.",3,0,0,0,0,0,0,0,0,0,0,0,0,1,0,2,1,0.9166666666666666
mfrc_8fd2edd0c18e40cbf615,I mean who thought he'd *not* vote for him? Even Fillon will.,3,0,0,0,0,0,0,0,0,0,0,0,0,0,0,3,1,1.0
mfrc_6de44bc72c26a6df993e,"But if Macron is Napoleon, then who are Arthur Wellesley and Gebhard Leberecht von Blücher? I'm hoping it's not Le Pen and Putin (though I'd love to see that picture).",3,0,0,0,0,0,0,0,0,0,0,0,0,1,0,2,1,0.9166666666666666
mfrc_8048c59471e342644a4e,"Not sure ""Trump with tits"" is really something to call Le Pen...",3,0,0,0,0,0,0,0,0,0,0,0,0,1,0,2,1,0.9166666666666666
mfrc_8b769d77e717cfce104e,"For what it's worth, I think the idea is really interesting and I'd buy and read the book. Look at the criticism as a good thing. If you ever get published, the people calling you a racist will whip up a storm on social media and give you loads of free publicity!",3,0,0,1,0,0,0,0,0,0,0,0,0,1,0,1,0,0.875
mfrc_2bebe5e2349e9ec401b3,"The UK got a proposal with some things.

You can't expect to have the entire continent to bend over to satisfy your wishes. Melenchon will have the same issue.",3,0,0,0,0,0,0,0,0,0,0,0,0,1,0,2,1,0.9166666666666666
mfrc_a8a63c337ccbe5c16ed7,"Well this is genuine nazism following the Nuremberg protocols or whatever is it called that classifies races etc. but I don't think this is what they really are. And even if they are, this is not why they have a lot of people supporting them and should the Le Pen or Wilders try ressurecting oldschool nazism, 99% of supporters would turn against them. Not to mention Wilders is mixed race and would have second thoughts about purging himself.",3,0,0,1,0,0,0,0,0,1,0,0,0,0,0,0,0,0.9166666666666666
mfrc_b47a343d7c14a506447a,"No, but it might seem that way to a r/t_d moron such as yourself. We didn't call Fillon fascist, or Hamon, or even Mélenchon.",3,0,0,0,0,0,0,0,0,0,0,0,0,0,0,3,1,1.0
mfrc_7f9813e511c37fadff01,"Presented without comment from r/ukpolitics

&gt; There is a global ideogical force that can really only be described as: extreme pro-immigration, pro-multiculturalism, pro-islamization whilst still maintaining a market economy.

&gt; This force is Trudeau, it's Hillary Clinton, it's Macron, and it's the Liberal Democrats.

&gt; Tactical considerations like what you're speaking about here aren't really relevant - the ideological movement above is a spear the world is currently being forced down on.",3,0,0,0,0,0,0,0,0,1,0,0,0,1,0,1,0,0.875
mfrc_800521ecec86606ca52f,YTA because you messed with their relationship first when you told your friend he was ruining his life. I don’t like anyone’s behaviour in this story but your hypocrisy puts you as the #1 asshole.,3,0,0,0,0,0,0,0,0,0,0,0,0,2,1,1,0,0.9166666666666666
mfrc_a3edd32e7915f3dea4c8,"Is good because you have all the major western powers cooperating, that alone is worth it. The original threat were the Soviets but tomorrow could be something else. But I guess there is the possibility the US simply can't afford it anymore and they are covering no less then the 70% of the whole operation, so the best solution would be to include more countries and redistribute the funds more fairly.

The problem is Trump would need to embrace a united Europe rhetoric but if he keeps supporting crazy people like Le Pen so yeah.",3,0,0,1,0,1,0,0,0,0,0,0,0,0,0,1,0,0.875
mfrc_a331d21a026f93cecc72,Any healthcare system implemented would be easy to politically dismantle on the right.,3,0,0,0,0,0,0,0,0,0,0,0,0,0,0,3,1,1.0
mfrc_af82c878fabe82826c15,"Women can be opposed to furthering the cause of women emancipation and gender equality. Take Marion Maréchal Le Pen for exemple, she's anti-abortion because she says she was ""an accident"". The biggest biggot of french politics is a woman too (Christine Boutin). ",3,0,0,2,1,0,0,0,0,0,0,0,0,0,0,0,0,0.9583333333333334
mfrc_c504e9be64b276d10555,"Yeah, it's funny when you're a kid and your parents are broke you're just like, this sucks can't we get something better, but you don't actually process the fact that you CAN'T, it just seems like your parents are holding out for no good reason.",3,0,0,0,0,0,0,0,0,0,0,0,0,1,0,2,1,0.9166666666666666
mfrc_bb9f973a28ca7708ae1e,I used to smoke weed WITH my HS cop lol,3,0,0,0,0,0,0,0,0,0,0,0,0,0,0,3,1,1.0
mfrc_eebcd7882c8d9f67c802,"Christ, my ragdoll cat causes more chaos than you man.",3,0,0,0,0,0,0,0,0,0,0,0,0,1,0,2,1,0.9166666666666666
mfrc_1206505629d15771c0b9,Funny how recognizing talent (or lack thereof) is somehow racist/sexist now.,3,0,0,2,1,0,0,0,0,0,0,0,0,0,0,1,0,0.9166666666666666
mfrc_7f7b05676f0f2cbd0db8,"If Kevin believes that dating Dustin will solve this bigotry, ask him to date Dustin.
You didn't do anything wrong OP",3,0,0,0,0,0,0,0,0,0,0,0,0,3,1,0,0,1.0
mfrc_38c3db25c9575b3796f1,not really... where is the paris vote? that's not going for le pen,3,0,0,0,0,0,0,0,0,0,0,0,0,1,0,2,1,0.9166666666666666
mfrc_6f075e24305cb10ff6ee,"Yes.  I don't drink alcohol (not daily anyway) or smoke cigarettes, so my fixed income goes a lot farther for me than it does for everyone else, who are also on disability or welfare.",3,0,0,0,0,1,0,0,0,0,0,0,0,0,0,1,0,0.9166666666666666
