source_id,source_row,source_dataset,premise,hypothesis,source_entailment,gt_entails
event_test_1,1,mlburnham/scad_event_entailment,Transport workers strike to protest rising fuel costs.,The event described in this text is a strike.,0,1
event_test_2,2,mlburnham/scad_event_entailment,Municipal workers strike over pay.,The event described in this text is a strike.,0,1
event_test_3,3,mlburnham/scad_event_entailment,Niger's mining sector strikes.,The event described in this text is a strike.,0,1
event_test_4,4,mlburnham/scad_event_entailment,Separatist movement protests detention of leader with two-day strike and clashes with police,The event described in this text is a strike.,0,1
event_test_5,5,mlburnham/scad_event_entailment,Janitors and hospital support staff staged a strike to demand four weeks of back wages as well as ambulances and the rehiring of colleagues who recently lost their jobs.,The event described in this text is a strike.,0,1
event_test_6,6,mlburnham/scad_event_entailment,Doctors and social security workers block streets to protest privatization schemes in the health-care sector. Police use tear gas and rubber bullets.,The event described in this text is a strike.,0,1
event_test_7,7,mlburnham/scad_event_entailment,"5,500 sugar workers down tools, demanding higher wages.",The event described in this text is a strike.,0,1
event_test_8,8,mlburnham/scad_event_entailment,Transportation workers strike over raises in fuel taxes.,The event described in this text is a strike.,0,1
event_test_9,9,mlburnham/scad_event_entailment,Workers clash with police during a strike over higher wages.,The event described in this text is a strike.,0,1
event_test_10,10,mlburnham/scad_event_entailment,Teachers strike demanding increased wages and payment of arrears.,The event described in this text is a strike.,0,1
event_test_11,11,mlburnham/scad_event_entailment,"Truck drivers strike, protesting extortion practices by government",The event described in this text is a strike.,0,1
event_test_12,12,mlburnham/scad_event_entailment,Traders strike due to police harassment and custom officials seizing goods.,The event described in this text is a strike.,0,1
event_test_13,13,mlburnham/scad_event_entailment,Textile workers strike demanding pay increases.,The event described in this text is a strike.,0,1
event_test_14,14,mlburnham/scad_event_entailment,"Bakers strike, protesting high prices of flour and sugar",The event described in this text is a strike.,0,1
event_test_15,15,mlburnham/scad_event_entailment,A worker strike occurs at a Ford plant.,The event described in this text is a strike.,0,1
event_test_16,16,mlburnham/scad_event_entailment,Oil workers strike demanding pay increases and housing bonuses.,The event described in this text is a strike.,0,1
event_test_17,17,mlburnham/scad_event_entailment,"Shell contract workers strike, protesting poor working conditions",The event described in this text is a strike.,0,1
event_test_18,18,mlburnham/scad_event_entailment,Employees at Radio Haiti Inter staged a strike to call for an investigation into the murder of late radio director Jean Dominique.,The event described in this text is a strike.,0,1
event_test_19,19,mlburnham/scad_event_entailment,Activists in Southeast Nigeria organized a stay-home general strike to demand an independent Biafra,The event described in this text is a strike.,0,1
event_test_20,20,mlburnham/scad_event_entailment,"Burkina Faso on Thursday closed the student campus at the university of Ouagadougou, which has been paralysed by a student strike for the past fortnight.",The event described in this text is a strike.,0,1
event_test_21,21,mlburnham/scad_event_entailment,Bus drivers strike over a wage dispute.,The event described in this text is a strike.,0,1
event_test_22,22,mlburnham/scad_event_entailment,The Malawi government Wednesday declared a strike by civil servants illegal and said a number of strikers had been arrested.,The event described in this text is a strike.,0,1
event_test_23,23,mlburnham/scad_event_entailment,"Public transport workers strike over wages. Union members stop private buses and taxis that continue to operate, and then force passengers off and break windshields. Strikers set up roadblocks and clash with police.",The event described in this text is a strike.,0,1
event_test_24,24,mlburnham/scad_event_entailment,Lecturers' week-long strike results in student riot,The event described in this text is a strike.,0,1
event_test_25,25,mlburnham/scad_event_entailment,"Staff of Ghana's Cocoa Marketing Board (COCOBOD), ended Thursday a three-day strike which had halted loading operatins at the country's businest cocoa ports, the Ghanaian news agency (GNA) reported.",The event described in this text is a strike.,0,1
event_test_26,26,mlburnham/scad_event_entailment,AMCU on strike until NUM is held accountable for the death of the AMCU leader,The event described in this text is a strike.,0,1
event_test_27,27,mlburnham/scad_event_entailment,"Public workers, including power and water utility workers and university lecturers have been beginning strikes to demand pay raises in reponse to the devaluing of Malawian currency. Power and water utility workers both obtained raises.",The event described in this text is a strike.,0,1
event_test_28,28,mlburnham/scad_event_entailment,Doctors Without Borders withdraw from refugee camps across Tanzania protesting non-prosecution of Hutu war crimes,The event described in this text is a strike.,0,1
event_test_29,29,mlburnham/scad_event_entailment,Doctors and health workers strike over unpaid wages,The event described in this text is a strike.,0,1
event_test_30,30,mlburnham/scad_event_entailment,Lawyers strike for overdue pay and better working conditions.,The event described in this text is a strike.,0,1
event_test_31,31,mlburnham/scad_event_entailment,"A general strike was held in Petit Goave, Miragoane and Jacmel.",The event described in this text is a strike.,0,1
event_test_32,32,mlburnham/scad_event_entailment,Government workers in West Bahr al-Ghazal State strike to protest pay cuts by the state government.,The event described in this text is a strike.,0,1
event_test_33,33,mlburnham/scad_event_entailment,Some taxi drivers go on strike over the steep rise in fuel costs due to the reduction of government subsidies.,The event described in this text is a strike.,0,1
event_test_34,34,mlburnham/scad_event_entailment,Civil Servants went on strike demanding greater wages,The event described in this text is a strike.,0,1
event_test_35,35,mlburnham/scad_event_entailment,Air Afrique workers strike demanding past due wages,The event described in this text is a strike.,0,1
event_test_36,36,mlburnham/scad_event_entailment,Chad's largest labor union called a three-day strike to force the government to honor its promise of a pay raise.,The event described in this text is a strike.,0,1
event_test_37,37,mlburnham/scad_event_entailment,"Citizens strike, protesting election nullification",The event described in this text is a strike.,0,1
event_test_38,38,mlburnham/scad_event_entailment,civil servants strike to demand increased wages and better living conditions,The event described in this text is a strike.,0,1
event_test_39,39,mlburnham/scad_event_entailment,Government workers in Northern State strike to demand a promised pay raise.,The event described in this text is a strike.,0,1
event_test_40,40,mlburnham/scad_event_entailment,Avocado packers went on strike to demand higher wages.,The event described in this text is a strike.,0,1
event_test_41,41,mlburnham/scad_event_entailment,"civil servants in transportation, telecommunications, electricty and water sectors strike against pay deductions.",The event described in this text is a strike.,0,1
event_test_42,42,mlburnham/scad_event_entailment,Strike reported retrospectively.,The event described in this text is a strike.,0,1
event_test_43,43,mlburnham/scad_event_entailment,"University professors strike, claiming the government reneged on service agreements",The event described in this text is a strike.,0,1
event_test_44,44,mlburnham/scad_event_entailment,Judges went on strike to protest the government's decision to remove judges from office.,The event described in this text is a strike.,0,1
event_test_45,45,mlburnham/scad_event_entailment,Fuel workers strike demanding a raise in wages,The event described in this text is a strike.,0,1
event_test_46,46,mlburnham/scad_event_entailment,Doctors of Mozambique protest poor working conditions and few resources,The event described in this text is a strike.,0,1
event_test_47,47,mlburnham/scad_event_entailment,"Teachers strike, demanding reinstatement of five colleagues fired by the president.",The event described in this text is a strike.,0,1
event_test_48,48,mlburnham/scad_event_entailment,University teachers went on strike demanding that the government pay their salaries,The event described in this text is a strike.,0,1
event_test_49,49,mlburnham/scad_event_entailment,Teachers in the North strike fearing attacks from Al-Shebab.,The event described in this text is a strike.,0,1
event_test_50,50,mlburnham/scad_event_entailment,"Public television and radio workers strike, demanding unpaid wages",The event described in this text is a strike.,0,1
event_test_51,51,mlburnham/scad_event_entailment,"Health workers strike, demanding higher wages",The event described in this text is a strike.,0,1
event_test_52,52,mlburnham/scad_event_entailment,Teachers strike demanding nine months of salary arrears.,The event described in this text is a strike.,0,1
event_test_53,53,mlburnham/scad_event_entailment,Teachers strike to demand increased wages.,The event described in this text is a strike.,0,1
event_test_54,54,mlburnham/scad_event_entailment,"Pilots strike, demanding higher wages",The event described in this text is a strike.,0,1
event_test_55,55,mlburnham/scad_event_entailment,Central Bank employees go on strike.,The event described in this text is a strike.,0,1
event_test_56,56,mlburnham/scad_event_entailment,Postal and telecommunications workers strike demanding pay increases.,The event described in this text is a strike.,0,1
event_test_57,57,mlburnham/scad_event_entailment,Air traffic controllers went on strike to demand new radar system.,The event described in this text is a strike.,0,1
event_test_58,58,mlburnham/scad_event_entailment,"Gold miners went on strike to demand removal of shop stewards and minumum monthly wage, security guards fired tear gas on one occasion.",The event described in this text is a strike.,0,1
event_test_59,59,mlburnham/scad_event_entailment,Four hundred taxi drivers and employees working for an Egyptian limousine service go on strike demanding higher wages and social benefits from the Nasser Social Bank.,The event described in this text is a strike.,0,1
event_test_60,60,mlburnham/scad_event_entailment,The DRC national football struck over unpaid bonuses.,The event described in this text is a strike.,0,1
event_test_61,61,mlburnham/scad_event_entailment,"Citizens strike, calling for resignation of President",The event described in this text is a strike.,0,1
event_test_62,62,mlburnham/scad_event_entailment,"Twelve cocoa unions strike, demanding prices of cocoa beans be raised",The event described in this text is a strike.,0,1
event_test_63,63,mlburnham/scad_event_entailment,Teachers went on strike to demand higher pay for three weeks before the government gave in.,The event described in this text is a strike.,0,1
event_test_64,64,mlburnham/scad_event_entailment,Journalists hold 1-hr strike to protest harsh treatment by government,The event described in this text is a strike.,0,1
event_test_65,65,mlburnham/scad_event_entailment,"Oil workers strike, protesting privatisation plans of state-run petroleum company and filling stations",The event described in this text is a strike.,0,1
event_test_66,66,mlburnham/scad_event_entailment,"Bus drivers strike, protesting extortion and harassment by Nigerian officials",The event described in this text is a strike.,0,1
event_test_67,67,mlburnham/scad_event_entailment,Teachers went on strike to demand wage increases,The event described in this text is a strike.,0,1
event_test_68,68,mlburnham/scad_event_entailment,"Health workers strike, demanding better working and living conditions",The event described in this text is a strike.,0,1
event_test_69,69,mlburnham/scad_event_entailment,Doctors and nurses at public hospitals strike to demand pay raises.,The event described in this text is a strike.,0,1
event_test_70,70,mlburnham/scad_event_entailment,"Arab Spring. Hundreds of specialist doctors strike to demand better pay. They are later joined in protests by auxiliary police, university students, and court clerks.",The event described in this text is a strike.,0,1
event_test_71,71,mlburnham/scad_event_entailment,Local staff at the French embassy strike over poor wages.,The event described in this text is a strike.,0,1
event_test_72,72,mlburnham/scad_event_entailment,"Air traffic controllers staged a 24 hour strike to protest lack of training and new conditions that do not allow for enough rest at Dakar's new international airport, as well as transport difficulties.",The event described in this text is a strike.,0,1
event_test_73,73,mlburnham/scad_event_entailment,Doctors went on strike to demand higher wages and new equipment.,The event described in this text is a strike.,0,1
event_test_74,74,mlburnham/scad_event_entailment,"Truck drivers strike, urging government to allow them to increase weight of allowed loads",The event described in this text is a strike.,0,1
event_test_75,75,mlburnham/scad_event_entailment,"Air-Gabon workers strike, demanding salary increases and bonuses.",The event described in this text is a strike.,0,1
event_test_76,76,mlburnham/scad_event_entailment,A prominent activist begins a hunger strike to protest his imprisonment. Other prisoners join into the hunger strike.,The event described in this text is a strike.,0,1
event_test_77,77,mlburnham/scad_event_entailment,Lecturers strike demanding higher wages,The event described in this text is a strike.,0,1
event_test_78,78,mlburnham/scad_event_entailment,"Lawyers strike, protesting executive interference in trials.",The event described in this text is a strike.,0,1
event_test_79,79,mlburnham/scad_event_entailment,The country's most powerful labor unions stages partial strikes at government offices to demand higher wages.,The event described in this text is a strike.,0,1
event_test_80,80,mlburnham/scad_event_entailment,"Railway workers strike, protesting unpaid wages",The event described in this text is a strike.,0,1
event_test_81,81,mlburnham/scad_event_entailment,"Over 50,000 gold miners strike for higher wages. At Harmony, there is also an issue of racism, with blacks accusing the company of paying them less than whites.",The event described in this text is a strike.,0,1
event_test_82,82,mlburnham/scad_event_entailment,Air traffic controllers strike for more pay,The event described in this text is a strike.,0,1
event_test_83,83,mlburnham/scad_event_entailment,4500 employees strike at the Chiriqui Land Company for higher wages.,The event described in this text is a strike.,0,1
event_test_84,84,mlburnham/scad_event_entailment,"A general strike was called against the government; in Port-au-Prince, a few protesters smashed rocks through car windows.",The event described in this text is a strike.,0,1
event_test_85,85,mlburnham/scad_event_entailment,"Forestry workers strike demanding increased pay, transportation allowances and food rations.",The event described in this text is a strike.,0,1
event_test_86,86,mlburnham/scad_event_entailment,"Zambian workers begin strike over pay. They then riot and clash with Chinese workers, taking Chinese managers hostage. The hostages are released and the Zambians are fired.",The event described in this text is a strike.,0,1
event_test_87,87,mlburnham/scad_event_entailment,"Citizens strike, protesting election fraud",The event described in this text is a strike.,0,1
event_test_88,88,mlburnham/scad_event_entailment,Students strike demanding payment of scholarships and better facilities.,The event described in this text is a strike.,0,1
event_test_89,89,mlburnham/scad_event_entailment,"Workers demanding higher wages in Burkina Faso began a 48-hour strike Wednesday, slowing down postal and health services in the capital and the provinces.",The event described in this text is a strike.,0,1
event_test_90,90,mlburnham/scad_event_entailment,Scattered labor actions and riots are reported around the country as Sandinistas press for higher wages.,The event described in this text is a strike.,0,1
event_test_91,91,mlburnham/scad_event_entailment,Strikes and demonstrations occur in protest of a government plant to privatize social security. Demonstrations turn into violent riots in Panama City.,The event described in this text is a strike.,0,1
event_test_92,92,mlburnham/scad_event_entailment,"40,000 workers close all govt. offices throughout the country. USTN calls for payment of salary arrears, and an end to privatization.",The event described in this text is a strike.,0,1
event_test_93,93,mlburnham/scad_event_entailment,"University professors union calls strike, but few follow it",The event described in this text is a strike.,0,1
event_test_94,94,mlburnham/scad_event_entailment,"More than 10,000 miners strike against low wages and poor conditions. Two days later it escalates to a riot in Chililabombwe, where the police fire tear gas. On 7/20 there are riots at Nchanga, where police again use tear gas.",The event described in this text is a strike.,0,1
event_test_95,95,mlburnham/scad_event_entailment,"Dock workers strike, demanding all dockers be given the same pay scale",The event described in this text is a strike.,0,1
event_test_96,96,mlburnham/scad_event_entailment,Hostesses and stewards went on strike to protest poor salaries and working conditions.,The event described in this text is a strike.,0,1
event_test_97,97,mlburnham/scad_event_entailment,Shopkeepers went on strike against a tax hike on small businesses,The event described in this text is a strike.,0,1
event_test_98,98,mlburnham/scad_event_entailment,"Bread vendors strike, protesting prices of flour",The event described in this text is a strike.,0,1
event_test_99,99,mlburnham/scad_event_entailment,Teachers and Lawyers in the English-speaking part of Cameroon went on strike over accusations that their community was marginalized by the government,The event described in this text is a strike.,0,1
event_test_100,100,mlburnham/scad_event_entailment,Teachers went on strike to demand payment of bonuses.,The event described in this text is a strike.,0,1
event_test_101,101,mlburnham/scad_event_entailment,"200,000 NUMSA union members strike and march for pay increases.",The event described in this text is a strike.,0,1
event_test_102,102,mlburnham/scad_event_entailment,Teachers strike over non-payment of salaries.,The event described in this text is a strike.,0,1
event_test_103,103,mlburnham/scad_event_entailment,Opposition politicians and supporters strike on day of vote that removed restrictions on presidential term limits,The event described in this text is a strike.,0,1
event_test_104,104,mlburnham/scad_event_entailment,"The black homeland of Bophuthatswana refuses re-incorporation into South Africa. In response, civil servants strike. In March, the ANC joins in support. There are periodic clashes and riots.",The event described in this text is a strike.,0,1
event_test_105,105,mlburnham/scad_event_entailment,1400 auto workers stage an illegal strike against Volkswagen.,The event described in this text is a strike.,0,1
event_test_106,106,mlburnham/scad_event_entailment,Transport workers strike and clash with police over the high price of fuel and vehicle taxes.,The event described in this text is a strike.,0,1
event_test_107,107,mlburnham/scad_event_entailment,150 interpreters working for the AU peacekeeping force strike over unpaid wages and higher salaries.,The event described in this text is a strike.,0,1
event_test_108,108,mlburnham/scad_event_entailment,"Medical students strike, demanding changes in exams",The event described in this text is a strike.,0,1
event_test_109,109,mlburnham/scad_event_entailment,Professors strike for higher pay.,The event described in this text is a strike.,0,1
event_test_110,110,mlburnham/scad_event_entailment,Doctors and nurses strike demanding increased pay.,The event described in this text is a strike.,0,1
event_test_111,111,mlburnham/scad_event_entailment,Members of the Lawyers' Syndicate engage in strikes and later hold an organized demonstration in protest of the death of a colleague who died in police custody.,The event described in this text is a strike.,0,1
event_test_112,112,mlburnham/scad_event_entailment,Public health workers strike to demand the return of president Zelaya.,The event described in this text is a strike.,0,1
event_test_113,113,mlburnham/scad_event_entailment,2500 oil workers strike for higher pay and improved housing.,The event described in this text is a strike.,0,1
event_test_114,114,mlburnham/scad_event_entailment,Mostly ineffective general strike staged to protest a constitutional convention.,The event described in this text is a strike.,0,1
event_test_115,115,mlburnham/scad_event_entailment,Postal workers strike demanding wage increases.,The event described in this text is a strike.,0,1
event_test_116,116,mlburnham/scad_event_entailment,oil workers strike in response to government freeze on company accounts,The event described in this text is a strike.,0,1
event_test_117,117,mlburnham/scad_event_entailment,A three day general strike was called by Aristide supporters to demand the release of Aristide supporters who have been arrested.,The event described in this text is a strike.,0,1
event_test_118,118,mlburnham/scad_event_entailment,"Railworkers strike, demanding withheld wages and bonuses",The event described in this text is a strike.,0,1
event_test_119,119,mlburnham/scad_event_entailment,"Tanker drivers strike, demanding better working conditions",The event described in this text is a strike.,0,1
event_test_120,120,mlburnham/scad_event_entailment,3000 workers strike at AMPLAT's mines nationwide.,The event described in this text is a strike.,0,1
event_test_121,121,mlburnham/scad_event_entailment,Guards called in sick in disapproval of distribution of condoms to inmates and guards.,The event described in this text is a strike.,0,1
event_test_122,122,mlburnham/scad_event_entailment,Bus and taxi drivers went on strike for one day to protest the government's decision to raise fuel prices.,The event described in this text is a strike.,0,1
event_test_123,123,mlburnham/scad_event_entailment,General strike leads to mass rioting over election annullment,The event described in this text is a strike.,0,1
event_test_124,124,mlburnham/scad_event_entailment,Civilians strike over Mugabe's economic policies and fuel price hikes.,The event described in this text is a strike.,0,1
event_test_125,125,mlburnham/scad_event_entailment,A leftist student dies after a 72 day hunger strike protesting his imprisonment.,The event described in this text is a strike.,0,1
event_test_126,126,mlburnham/scad_event_entailment,Unions went on strike to protest the coup by the Presidential Security Regimen.,The event described in this text is a strike.,0,1
event_test_127,127,mlburnham/scad_event_entailment,"Workers building cruise ship port walked off job, claiming they were underpaid and overtaxed.",The event described in this text is a strike.,0,1
event_test_128,128,mlburnham/scad_event_entailment,Anti-government protesters called a general strike that was not widely observed.,The event described in this text is a strike.,0,1
event_test_129,129,mlburnham/scad_event_entailment,Laborers and teachers walk off the job to protest austerity measures.,The event described in this text is a strike.,0,1
event_test_130,130,mlburnham/scad_event_entailment,ANC led stay-away of unknown size. Organized to protest the right wing raid on the democracy talks.,The event described in this text is a strike.,0,1
event_test_131,131,mlburnham/scad_event_entailment,"Teachers strike, cause unknown.",The event described in this text is a strike.,0,1
event_test_132,132,mlburnham/scad_event_entailment,"Tazara railway workers strike, demanding higher wages",The event described in this text is a strike.,0,1
event_test_133,133,mlburnham/scad_event_entailment,Outsourced cabin crews walked off the job to demand their wages be aligned with those of Kenya Airways staff.,The event described in this text is a strike.,0,1
event_test_134,134,mlburnham/scad_event_entailment,"Tens of thousands of supporters of Antananarivo mayor Andry Rajoelina rally, strike, and protest against the government of president Marc Ravalomanana, accusing him of mis-spending public funds and threatening democracy.",The event described in this text is a strike.,0,1
event_test_135,135,mlburnham/scad_event_entailment,teachers strike over proposed budget for 1998,The event described in this text is a strike.,0,1
event_test_136,136,mlburnham/scad_event_entailment,"28,000 workers strike over wages.",The event described in this text is a strike.,0,1
event_test_137,137,mlburnham/scad_event_entailment,Miners went on strike to protest delays in implementing new minimum wage.,The event described in this text is a strike.,0,1
event_test_138,138,mlburnham/scad_event_entailment,Taxi driver fails to stop at a checkpoint and is shot and killed. Unions stage strike in protest.,The event described in this text is a strike.,0,1
event_test_139,139,mlburnham/scad_event_entailment,"Shell workers strike, demanding higher wages",The event described in this text is a strike.,0,1
event_test_140,140,mlburnham/scad_event_entailment,"Newspapers refuse to publish, protesting governmental restrictions on press freedoms",The event described in this text is a strike.,0,1
event_test_141,141,mlburnham/scad_event_entailment,Public sector doctors are on strike to pressure authorities into speeding up the pace of negotiations for better salaries and working conditions.,The event described in this text is a strike.,0,1
event_test_142,142,mlburnham/scad_event_entailment,"Transportation workers strike over raises in fuel taxes, strike leads to rioting by youths and opposition members over food prices and Pres. Biya's bid to amend the constitution allowing him a third term.",The event described in this text is a strike.,0,1
event_test_143,143,mlburnham/scad_event_entailment,Doctors went on strike to demand better pay and working conditions.,The event described in this text is a strike.,0,1
event_test_144,144,mlburnham/scad_event_entailment,The Malawi Congress of Trade Unions (MCTU) admitted that a national strike called for Wednesday had failed.,The event described in this text is a strike.,0,1
event_test_145,145,mlburnham/scad_event_entailment,"Healthcare workers strike, demanding danger money for treating Ebola patients.",The event described in this text is a strike.,0,1
event_test_146,146,mlburnham/scad_event_entailment,"Nearly 2,000 striking workers took to the streets of Ouagadougou on Thursday demanding higher wages to cope with hardships caused by Burkina Faso's structural adjustment programme.",The event described in this text is a strike.,0,1
event_test_147,147,mlburnham/scad_event_entailment,Fuel tanker drivers strike demanding protection from the government against RUF attacks.,The event described in this text is a strike.,0,1
event_test_148,148,mlburnham/scad_event_entailment,Journalists went on strike claiming that the Islamist-led government was working to constrain press freedom and control media groups,The event described in this text is a strike.,0,1
event_test_149,149,mlburnham/scad_event_entailment,Teachers strike to demand that members of the ruling party stay out of power.,The event described in this text is a strike.,0,1
event_test_150,150,mlburnham/scad_event_entailment,"Bus drivers of a leading bus company went on strike after talks over wages stalled between employer, workers, and local municipality.",The event described in this text is a strike.,0,1
event_test_151,151,mlburnham/scad_event_entailment,"More than 500,000 truck and bus drivers stage a one day strike to press for lower diesel fuel prices.",The event described in this text is a strike.,0,1
event_test_152,152,mlburnham/scad_event_entailment,Railway unions stage a strike over a wage dispute.,The event described in this text is a strike.,0,1
event_test_153,153,mlburnham/scad_event_entailment,Transport workers accuse the management of the National Transport Office of embezzlement and strike to protest.,The event described in this text is a strike.,0,1
event_test_154,154,mlburnham/scad_event_entailment,Employees of the British natural gas firm Petrofac stopped production and protested for better pay and working conditions throughout the year.,The event described in this text is a strike.,0,1
event_test_155,155,mlburnham/scad_event_entailment,"Newspapers stage one-day strike, protesting harassment by government authorities",The event described in this text is a strike.,0,1
event_test_156,156,mlburnham/scad_event_entailment,"Dock workers strike, demanding higher wages",The event described in this text is a strike.,0,1
event_test_157,157,mlburnham/scad_event_entailment,Strike over overdue wages.,The event described in this text is a strike.,0,1
event_test_158,158,mlburnham/scad_event_entailment,"Mine workers walked off of job, initiating strike over salary dispute.",The event described in this text is a strike.,0,1
event_test_159,159,mlburnham/scad_event_entailment,"Electric workers strike, protesting unpaid allowances.",The event described in this text is a strike.,0,1
event_test_160,160,mlburnham/scad_event_entailment,Workers went on strike to protest treatment by managers at plants.,The event described in this text is a strike.,0,1
event_test_161,161,mlburnham/scad_event_entailment,Civil servants strike over a wage dispute.,The event described in this text is a strike.,0,1
event_test_162,162,mlburnham/scad_event_entailment,Alumina workers went on strike at Alcoa plant after negotiations broke down.,The event described in this text is a strike.,0,1
event_test_163,163,mlburnham/scad_event_entailment,Public school teachers strike for better wages and benefits.,The event described in this text is a strike.,0,1
event_test_164,164,mlburnham/scad_event_entailment,"A militant, pro-Sandinista public employee's union strikes for higher wages. The strike ends with a doubling of salaries and promises by the government not to fire the strikers.",The event described in this text is a strike.,0,1
event_test_165,165,mlburnham/scad_event_entailment,"Platinum miners strike over disciplinary action taken against a colleague. The workers riot, setting fires. Security officials use tear gas.",The event described in this text is a strike.,0,1
event_test_166,166,mlburnham/scad_event_entailment,"Merchants strike, protesting increased sales tax",The event described in this text is a strike.,0,1
event_test_167,167,mlburnham/scad_event_entailment,"Telecom workers strike, protesting lower wages than expatriates",The event described in this text is a strike.,0,1
event_test_168,168,mlburnham/scad_event_entailment,"Doctors strike, demanding the government better protect them from kidnappings.",The event described in this text is a strike.,0,1
event_test_169,169,mlburnham/scad_event_entailment,Two electricians go on a hunger strike for three months to protest the government's shutdown of a power company.,The event described in this text is a strike.,0,1
event_test_170,170,mlburnham/scad_event_entailment,Public transport workers strike over plans to privatize the buses.,The event described in this text is a strike.,0,1
event_test_171,171,mlburnham/scad_event_entailment,"A strike by English-speaking teachers over the spreading of French-language texts escalated to street protests, in which protesters also demanded the sacking of the city's mayor, who was appointed by the central government. Police violently repressed the protests",The event described in this text is a strike.,0,1
event_test_172,172,mlburnham/scad_event_entailment,"Police officers demanding higher wages, better benefits as well as the resignation of the Interior Minister staged a strike throughout Egypt",The event described in this text is a strike.,0,1
event_test_173,173,mlburnham/scad_event_entailment,"The metro police strike over salary rates and nepotism, stage protests. The violence eventually escalates when striking police fire live rounds at national police using rubber bullets.",The event described in this text is a strike.,0,1
event_test_174,174,mlburnham/scad_event_entailment,"Oil workers strike, demanding oil companies align themselves with particular fuel group",The event described in this text is a strike.,0,1
event_test_175,175,mlburnham/scad_event_entailment,University students strike when police attempt to stop initiation rites for first-year classmates.,The event described in this text is a strike.,0,1
event_test_176,176,mlburnham/scad_event_entailment,"White-collar workers strike, protesting transferring jobs to other countries",The event described in this text is a strike.,0,1
event_test_177,177,mlburnham/scad_event_entailment,Students strike over legislation which gives greater control over the university to the central government.,The event described in this text is a strike.,0,1
event_test_178,178,mlburnham/scad_event_entailment,Baggage handlers of EgyptAir staged a strike,The event described in this text is a strike.,0,1
event_test_179,179,mlburnham/scad_event_entailment,Workers at Volkswagen AG strike for a pay increase.,The event described in this text is a strike.,0,1
event_test_180,180,mlburnham/scad_event_entailment,Around 1000 workers at the Australian owned Paladin Energy mine (Malawi's largest) began a strike to demand a 66% pay raise after Malawi devalued its currency by a third.,The event described in this text is a strike.,0,1
event_test_181,181,mlburnham/scad_event_entailment,Hundreds of policemen refused to enforce a government curfew and demonstrated in the capital.,The event described in this text is a strike.,0,1
event_test_182,182,mlburnham/scad_event_entailment,Workers staged a sit-in over pay at two AngloGold mines.,The event described in this text is a strike.,0,1
event_test_183,183,mlburnham/scad_event_entailment,ExxonMobil employees strike after dozens of local workers are laid off.,The event described in this text is a strike.,0,1
event_test_184,184,mlburnham/scad_event_entailment,"Transport workers went on strike to protest high fuel prices and police harassment, strike ended early after request from Muslim leaders ahead of religious holiday.",The event described in this text is a strike.,0,1
event_test_185,185,mlburnham/scad_event_entailment,"The immigration service strikes over back pay, stopping traffic on the river between Kinshasa and Brazzaville.",The event described in this text is a strike.,0,1
event_test_186,186,mlburnham/scad_event_entailment,Approximately 2000 judicial workers began an indefinite strike to demand that the conditions of a 2006 agreement with parliament that would have given them pay raises in 2006 and 2009. They were able to obtain a 21% pay raise.,The event described in this text is a strike.,0,1
event_test_187,187,mlburnham/scad_event_entailment,Miners strike at the local subsidiary of Canadian mining firm Kinross.,The event described in this text is a strike.,0,1
event_test_188,188,mlburnham/scad_event_entailment,About 100 public doctors staged a strike over provisions in their contracts.,The event described in this text is a strike.,0,1
event_test_189,189,mlburnham/scad_event_entailment,Gold miners went on strike arguing for higher wages and better working conditions,The event described in this text is a strike.,0,1
event_test_190,190,mlburnham/scad_event_entailment,Niger's 850 customs officers again go on strike over security issues.,The event described in this text is a strike.,0,1
event_test_191,191,mlburnham/scad_event_entailment,Public employees strike for high wages.,The event described in this text is a strike.,0,1
event_test_192,192,mlburnham/scad_event_entailment,130 Air Jamaica flight attendants went on strike to demand better pay.,The event described in this text is a strike.,0,1
event_test_193,193,mlburnham/scad_event_entailment,Kenyan tea producers strike over low pay for goods,The event described in this text is a strike.,0,1
event_test_194,194,mlburnham/scad_event_entailment,a transportation strike evolved into a spontaneous violent riot in which protesters clashed with police over fuel costs.,The event described in this text is a strike.,0,1
event_test_195,195,mlburnham/scad_event_entailment,Miners went on strike during the annual wage negotiations,The event described in this text is a strike.,0,1
event_test_196,196,mlburnham/scad_event_entailment,Students launch work stoppage to protest lack of educational resources and lack of teachers.,The event described in this text is a strike.,0,1
event_test_197,197,mlburnham/scad_event_entailment,"Citizens of Ondo state strike, demanding higher minimum wages",The event described in this text is a strike.,0,1
event_test_198,198,mlburnham/scad_event_entailment,"Aid workers strike, protesting killing of French aid worker",The event described in this text is a strike.,0,1
event_test_199,199,mlburnham/scad_event_entailment,"Fuel truck drivers strike, demanding higher wages and benefits",The event described in this text is a strike.,0,1
event_test_200,200,mlburnham/scad_event_entailment,Bus and taxi drivers strike over hike in fuel prices,The event described in this text is a strike.,0,1
event_test_201,201,mlburnham/scad_event_entailment,Civilians hold weekly strikes over fuel price increases.,The event described in this text is a strike.,0,1
event_test_202,202,mlburnham/scad_event_entailment,Road haulage drivers were on strike for a week to protest against extortion and violence committed by men of the Seleka rebel alliance,The event described in this text is a strike.,0,1
event_test_203,203,mlburnham/scad_event_entailment,Teachers strike for higher wages.,The event described in this text is a strike.,0,1
event_test_204,204,mlburnham/scad_event_entailment,A general strike was called to demand that the Prime Minister resign and also to demand the halting of IMF and World Bank economic adjustment policies and rioting occurred.,The event described in this text is a strike.,0,1
event_test_205,205,mlburnham/scad_event_entailment,About 100 workers staged a strike to demand higher wages and health benefits.,The event described in this text is a strike.,0,1
event_test_206,206,mlburnham/scad_event_entailment,"Workers strike for higher pay against Transet, a transport conglomerate.",The event described in this text is a strike.,0,1
event_test_207,207,mlburnham/scad_event_entailment,"Students call for a mass business boycott to rally against the government. Shop owners and public transport workers strike. Students line the road to the airport, blocking passage. Soldiers use tear gas when rioters throw rocks at an EU dele",The event described in this text is a strike.,0,1
event_test_208,208,mlburnham/scad_event_entailment,"Thousands of football fans, staged a march against the government and raised pictures of those killed in protest violence; the protesters then enforced a work stoppage and over several days of rioting seven were killed",The event described in this text is a strike.,0,1
event_test_209,209,mlburnham/scad_event_entailment,Longshoremen angry over plans to privatize Haiti's ports authority staged a three-day strike demanding that the authority's director resign.,The event described in this text is a strike.,0,1
event_test_210,210,mlburnham/scad_event_entailment,Miners at the Naica lead mine strike for a wage hike.,The event described in this text is a strike.,0,1
event_test_211,211,mlburnham/scad_event_entailment,Striking civil servants shut down Malawi's capital Monday to protest economic reforms that have decimated their buying power.,The event described in this text is a strike.,0,1
event_test_212,212,mlburnham/scad_event_entailment,Business owners in Oaxaca went on strike to demand an end to road blockades by a teacher's union that have devastated the economy,The event described in this text is a strike.,0,1
event_test_213,213,mlburnham/scad_event_entailment,Doctors and teachers went on strike to demand 100% wage increase.,The event described in this text is a strike.,0,1
event_test_214,214,mlburnham/scad_event_entailment,"Journalists strike, demanding freedom of cartoonist jailed for poking fun at the flag",The event described in this text is a strike.,0,1
event_test_215,215,mlburnham/scad_event_entailment,Rubber plantation workers strike demanding the removal of a top manager.,The event described in this text is a strike.,0,1
event_test_216,216,mlburnham/scad_event_entailment,"Private media workers strike, protesting state of emergency restrictions",The event described in this text is a strike.,0,1
event_test_217,217,mlburnham/scad_event_entailment,Police kill 1 while breaking up workers' strike,The event described in this text is a strike.,0,1
event_test_218,218,mlburnham/scad_event_entailment,"Miners went on strike to demand greater monthly take-home pay, workers blocked roads to mine with tires, tree trunks & marched on mine shaft.",The event described in this text is a strike.,0,1
event_test_219,219,mlburnham/scad_event_entailment,"Air traffic controllers in Ghana have gone on strike to demand more pay and better working conditions, but aviation officials said they had hired replacements to ensure flights operated normally.",The event described in this text is a strike.,0,1
event_test_220,220,mlburnham/scad_event_entailment,Workers strike after increase in gas prices,The event described in this text is a strike.,0,1
event_test_221,221,mlburnham/scad_event_entailment,"Teachers strike, keeping schools closed for most of the school year.",The event described in this text is a strike.,0,1
event_test_222,222,mlburnham/scad_event_entailment,"University technical staff have agreed to return to work on Monday, after intermittent strike action paralysed services on campuses throughout the country and forced classes to shut this week.",The event described in this text is a strike.,0,1
event_test_223,223,mlburnham/scad_event_entailment,"Teachers staged a three-day strike to demand better pay, striking teachers in Zawiya also briefly blocked an oil refinery",The event described in this text is a strike.,0,1
event_test_224,224,mlburnham/scad_event_entailment,Construction workers strike for better wages.,The event described in this text is a strike.,0,1
event_test_225,225,mlburnham/scad_event_entailment,"Port workers strike to demand democratic reforms. The strikers dismantle part of the road connecting Matadi to Kinshasa, triggering a food crisis in the capital.",The event described in this text is a strike.,0,1
event_test_226,226,mlburnham/scad_event_entailment,Nurses strike claiming racial and sexual abuse by hospital management.,The event described in this text is a strike.,0,1
event_test_227,227,mlburnham/scad_event_entailment,"Civil servants strike demanding better pay. General strike was called for, approximately 30,000 were expected to participate but only a few hundred actually did.",The event described in this text is a strike.,0,1
event_test_228,228,mlburnham/scad_event_entailment,"University professors strike, demanding higher wages",The event described in this text is a strike.,0,1
event_test_229,229,mlburnham/scad_event_entailment,Bus drivers strike to protest against new regulations that they say favor competing mini-bus drivers.,The event described in this text is a strike.,0,1
event_test_230,230,mlburnham/scad_event_entailment,MFDC rebels kill the presidential peace envoy to the Casamance region in his home.,The event described in this text is a strike.,1,0
event_test_231,231,mlburnham/scad_event_entailment,"Militants ambushed a Somali-AMISOM joint patrol guarding a convoy with an IED, killing 12 Ugandan peacekeepers and injuring seven others.",The event described in this text is a strike.,1,0
event_test_232,232,mlburnham/scad_event_entailment,"A car bomb went off in front of the Swedish and Finnish consulates, causing serious damage but no casualties",The event described in this text is a strike.,1,0
event_test_233,233,mlburnham/scad_event_entailment,Islamists attacked a police facility,The event described in this text is a strike.,1,0
event_test_234,234,mlburnham/scad_event_entailment,A group of three drug-gang hitmen storm into a restaurant and execute the director of public safety and a bodyguard.,The event described in this text is a strike.,1,0
event_test_235,235,mlburnham/scad_event_entailment,"A group of armed vigilantes were loitering near Apatzingan and the military and police were called out to disperse it, leading to the shootings.",The event described in this text is a strike.,1,0
event_test_236,236,mlburnham/scad_event_entailment,"Unknown assailants kill three police officers, one of whom is found decapitated.",The event described in this text is a strike.,1,0
event_test_237,237,mlburnham/scad_event_entailment,"Justa C attacked a court building where judges known for fighting organized crime, government corruption and military impunity work, one person killed.",The event described in this text is a strike.,1,0
event_test_238,238,mlburnham/scad_event_entailment,Thousands of Mobutu supports from Zaire flee to Angola after he is deposed. They join UNITA and low level violence erupts in the northwest province of Lunda Norte.,The event described in this text is a strike.,1,0
event_test_239,239,mlburnham/scad_event_entailment,Unknown attackers assassinated the director of Veracruz state police,The event described in this text is a strike.,1,0
event_test_240,240,mlburnham/scad_event_entailment,A band of about 50 armed men led by clan leader Izzat Mohammed Hamid seize 160 hostages in the village of Nakhilah during a shootout with police who had been trying to arrest fugitives wanted for drug trafficking and other crimes.,The event described in this text is a strike.,1,0
event_test_241,241,mlburnham/scad_event_entailment,"A group of armed men storms a prison, killing three prisoners and freeing nine others.",The event described in this text is a strike.,1,0
event_test_242,242,mlburnham/scad_event_entailment,A female police chief is gunned down by unknown gunmen.,The event described in this text is a strike.,1,0
event_test_243,243,mlburnham/scad_event_entailment,CMA fighters announced that they had captured 19 Malian soldiers in fighting in Tessit; the Malian army did not confirm this number.,The event described in this text is a strike.,1,0
event_test_244,244,mlburnham/scad_event_entailment,"Unknown gunmen dressed in police uniforms fired a rocket-propelled grenade at a police general's car, who escaped with others. Three attackers were killed.",The event described in this text is a strike.,1,0
event_test_245,245,mlburnham/scad_event_entailment,"Three alleged hitmen die in a gun battle with police, occurring as the federal and state police patrol the streets before dawn.",The event described in this text is a strike.,1,0
event_test_246,246,mlburnham/scad_event_entailment,Home of Odion was invaded by gunmen hours after car crash involving car in which governor's staff normally rides.,The event described in this text is a strike.,1,0
event_test_247,247,mlburnham/scad_event_entailment,A local government administrator was gunned down by suspected Al-Shebab militants. Al-Shebab has been carrying out retaliatory attacks in Kenya for Kenyan troops fighting Al-Shebab in Somali.,The event described in this text is a strike.,1,0
event_test_248,248,mlburnham/scad_event_entailment,"Suspected seperatists raided a police station, killling one policeman and wounding seven others, while police killed six of the attackers and stopped the fleeing gunmen at a checkpoint.",The event described in this text is a strike.,1,0
event_test_249,249,mlburnham/scad_event_entailment,Four men hack to death a state legislator and wound a journalist.,The event described in this text is a strike.,1,0
event_test_250,250,mlburnham/scad_event_entailment,Gunmen kill a government envoy. Motive unclear.,The event described in this text is a strike.,1,0
event_test_251,251,mlburnham/scad_event_entailment,Islamist terrorists ambush and kill two Algerian soldiers.,The event described in this text is a strike.,1,0
event_test_252,252,mlburnham/scad_event_entailment,A military-escorted aid convoy struck a landmine,The event described in this text is a strike.,1,0
event_test_253,253,mlburnham/scad_event_entailment,Shebab launched a surprise suicide attack against Beledweyne police,The event described in this text is a strike.,1,0
event_test_254,254,mlburnham/scad_event_entailment,"Soldiers attack war crimes investigators, mistaking them for UN representatives.",The event described in this text is a strike.,1,0
event_test_255,255,mlburnham/scad_event_entailment,"Somali raiders attack a camp, killing three civilians and two police and steal arms and ammunition.",The event described in this text is a strike.,1,0
event_test_256,256,mlburnham/scad_event_entailment,The deputy police chief and two officers are ambushed and killed in their patrol car by gunmen.,The event described in this text is a strike.,1,0
event_test_257,257,mlburnham/scad_event_entailment,An attack on army forces attributed to deserters.,The event described in this text is a strike.,1,0
event_test_258,258,mlburnham/scad_event_entailment,"Clashes between South Sudanese army and rebel Ulony, a commander loyal to George Athor.",The event described in this text is a strike.,1,0
event_test_259,259,mlburnham/scad_event_entailment,"Battle between factions of the RRA, the leader of whom is the regional president.",The event described in this text is a strike.,1,0
event_test_260,260,mlburnham/scad_event_entailment,A municipal police chief is gunned down as he leaves his house.,The event described in this text is a strike.,1,0
event_test_261,261,mlburnham/scad_event_entailment,Vigilantes force Boko Haram out of Maiha and they proceed to attack two more villages.,The event described in this text is a strike.,1,0
event_test_262,262,mlburnham/scad_event_entailment,Landmine kills four on the road from Ansongo,The event described in this text is a strike.,1,0
event_test_263,263,mlburnham/scad_event_entailment,Shots were fired at polling station as election officials arrived to collect ballots.,The event described in this text is a strike.,1,0
event_test_264,264,mlburnham/scad_event_entailment,Rebels accusing the president of misrule attack a town.,The event described in this text is a strike.,1,0
event_test_265,265,mlburnham/scad_event_entailment,"A car bomber prematurely detonates his bomb, killing only himself.",The event described in this text is a strike.,1,0
event_test_266,266,mlburnham/scad_event_entailment,An Al-Qaeda in the Islamic Maghreb suicide bomber attacks a military barracks.,The event described in this text is a strike.,1,0
event_test_267,267,mlburnham/scad_event_entailment,Rebels clash with the army.,The event described in this text is a strike.,1,0
event_test_268,268,mlburnham/scad_event_entailment,"Eight people, including five policemen, were killed when a police car was sprayed with bullets",The event described in this text is a strike.,1,0
event_test_269,269,mlburnham/scad_event_entailment,Five soldiers and eight Islamist militants were killed in fighting in Ain Mara.,The event described in this text is a strike.,1,0
event_test_270,270,mlburnham/scad_event_entailment,Former Contra rebels attack a Sandinista police post.,The event described in this text is a strike.,1,0
event_test_271,271,mlburnham/scad_event_entailment,Environmentalists protest laws that allow foreign investment in Honduran mines; they argue that foreign capital destroys the environment.,The event described in this text is a strike.,1,0
event_test_272,272,mlburnham/scad_event_entailment,Citizens protest power cuts during Ramadan.,The event described in this text is a strike.,1,0
event_test_273,273,mlburnham/scad_event_entailment,"Ogoni people march on anniversary of activist's death, protesting continued persecution of Ogoni people",The event described in this text is a strike.,1,0
event_test_274,274,mlburnham/scad_event_entailment,Residents in four areas demonstrated to demand greater access to drinking water.,The event described in this text is a strike.,1,0
event_test_275,275,mlburnham/scad_event_entailment,"Ruling party supporters held a campaign rally, during which the President of Angola called for people to support the party's candidates.",The event described in this text is a strike.,1,0
event_test_276,276,mlburnham/scad_event_entailment,"About 5000 Zapatista rebels demonstrate to show their support for the protesters in Oaxaca, who took over the center of that city in a protest against the election of a governor.",The event described in this text is a strike.,1,0
event_test_277,277,mlburnham/scad_event_entailment,"About 2,500 Imbonerakure members marched through a city chanting slogans that call for the rape of the opposition.",The event described in this text is a strike.,1,0
event_test_278,278,mlburnham/scad_event_entailment,Thousands marched to protest the results of the elections that extended family dynasty's rule.,The event described in this text is a strike.,1,0
event_test_279,279,mlburnham/scad_event_entailment,"The IPOB launched protests, many of which turned violent, to demand independence and condemn police brutality",The event described in this text is a strike.,1,0
event_test_280,280,mlburnham/scad_event_entailment,"Dozens of Mayor Sall's supporters demonstrated in front of the National Assembly as it debated whether to lift Sall's parliamentary immunity, but were dispersed by security forces firing tear gas.",The event described in this text is a strike.,1,0
event_test_281,281,mlburnham/scad_event_entailment,"2,000 anti-government marchers led to two men being shot by Aristide supporters and police fired tear gas; the protesters also called for justice in the death of journalist Brignol Lindor.",The event described in this text is a strike.,1,0
event_test_282,282,mlburnham/scad_event_entailment,"Sandinista supporters protest, riot, and blockade the national legislature over opposition legislation that shortens the terms of some 25 top magistrates and civil servants.",The event described in this text is a strike.,1,0
event_test_283,283,mlburnham/scad_event_entailment,"An anti-government protest of about 1,000 people was broken up by Aristide supporters, who fired on the protesters and threw rocks and bottles at them, injuring at least 14 people.",The event described in this text is a strike.,1,0
event_test_284,284,mlburnham/scad_event_entailment,Demobilized soldiers clash with police in front of the presidential palace to demand that the government fulfill its promises of land and cash for their demobilization.,The event described in this text is a strike.,1,0
event_test_285,285,mlburnham/scad_event_entailment,Khalifa doused himself with gasoline and set himself onfire outside of presidential palace to protest his years of unemployment.,The event described in this text is a strike.,1,0
event_test_286,286,mlburnham/scad_event_entailment,Less than a dozen political dissidents marched to mark International Human Rights Day and were interrupted by dozens of government supporters who surrounded the protesters and pushed and shoved them.,The event described in this text is a strike.,1,0
event_test_287,287,mlburnham/scad_event_entailment,"Residents demonstrated for a city street cleaning service, and police intervened to disperse the crowd, shooting one person; the crowd then torched the local police station.",The event described in this text is a strike.,1,0
event_test_288,288,mlburnham/scad_event_entailment,Members of Greenpeace protest against genetically modified corn.,The event described in this text is a strike.,1,0
event_test_289,289,mlburnham/scad_event_entailment,"Political parties, lawmakers and the governmetn organized rallies denouncing anglophone seperatists.",The event described in this text is a strike.,1,0
event_test_290,290,mlburnham/scad_event_entailment,Supporters of presidential election winner celebrate and march to his residence after interim government established by military declared illegal,The event described in this text is a strike.,1,0
event_test_291,291,mlburnham/scad_event_entailment,About 100 members of the Ladies in White dissident group were detained and beaten as they held a march bringing attention to human rights abuses in Cuba.,The event described in this text is a strike.,1,0
event_test_292,292,mlburnham/scad_event_entailment,Thousands of Lopez Obrador supporters gather to protest announcements declaring Felipe Calderon the winner of the recent election.,The event described in this text is a strike.,1,0
event_test_293,293,mlburnham/scad_event_entailment,High school students protested a government decision requiring them to retake their final exams,The event described in this text is a strike.,1,0
event_test_294,294,mlburnham/scad_event_entailment,Anti-Zuma groups held protests to demand that President Jacob Zuma step down,The event described in this text is a strike.,1,0
event_test_295,295,mlburnham/scad_event_entailment,"Protesters were calling for the release of El Chapo, the Mexican drug lord who was captured the week before.",The event described in this text is a strike.,1,0
event_test_296,296,mlburnham/scad_event_entailment,Thousands of protesters marched vowing to repel any attempt to retake the city.,The event described in this text is a strike.,1,0
event_test_297,297,mlburnham/scad_event_entailment,Opposition party holds rally,The event described in this text is a strike.,1,0
event_test_298,298,mlburnham/scad_event_entailment,Journalists protested in front of the Egyptian Embassy in support of jailed journalists in Egypt.,The event described in this text is a strike.,1,0
event_test_299,299,mlburnham/scad_event_entailment,"In an effort to discourage a pro-Khadafi resurgence, Libya unitied militia forces held a military parade through Tripoli.",The event described in this text is a strike.,1,0
event_test_300,300,mlburnham/scad_event_entailment,A candidate for the town council is shot dead.,The event described in this text is a strike.,1,0
event_test_301,301,mlburnham/scad_event_entailment,"Rival factions clash in southern Casamance region, near Gambian border",The event described in this text is a strike.,1,0
event_test_302,302,mlburnham/scad_event_entailment,Men in military uniform rob and kill 4 Italian aid workers with Mondo Giusto plus two children.,The event described in this text is a strike.,1,0
event_test_303,303,mlburnham/scad_event_entailment,"Danish ship captured pirate mothership, rescued hostages from Iran and Pakistan and arrested pirates.",The event described in this text is a strike.,1,0
event_test_304,304,mlburnham/scad_event_entailment,Various incidents of political violence across the province.,The event described in this text is a strike.,1,0
event_test_305,305,mlburnham/scad_event_entailment,Gunmen attack mourners at a funeral.,The event described in this text is a strike.,1,0
event_test_306,306,mlburnham/scad_event_entailment,"Muslim fundamentalists and Coptic Christians clash after a farmer, Abdallah Massud Guirguis, refused to sell land to a member of an Islamic group; 2 Muslims and 1 Christian killed.",The event described in this text is a strike.,1,0
event_test_307,307,mlburnham/scad_event_entailment,"Gunmen storm a law office, shooting or strangling victims inside. The event appears to be an act of score-settling between drug cartels.",The event described in this text is a strike.,1,0
event_test_308,308,mlburnham/scad_event_entailment,Boko Haram ambushed a wedding party convoy killing 30,The event described in this text is a strike.,1,0
event_test_309,309,mlburnham/scad_event_entailment,Gunmen fire shots and throw grenades at a television station in a pre-dawn attack.,The event described in this text is a strike.,1,0
event_test_310,310,mlburnham/scad_event_entailment,Unknown militants detonate a bomb in Giza killing three including a senior judge and wounding 11.,The event described in this text is a strike.,1,0
event_test_311,311,mlburnham/scad_event_entailment,"Inkatha Freedom Party supporters attack a village of the ANC, killing 8. Police who go to the village are shot at. Police return fire, killing one.",The event described in this text is a strike.,1,0
event_test_312,312,mlburnham/scad_event_entailment,Three assailants lob a bomb at the house of a man who ran for president in the 1980s.,The event described in this text is a strike.,1,0
event_test_313,313,mlburnham/scad_event_entailment,A man is found hanging from a bridge in Mazatlan. A note is found nearby that threatens the Zetas.,The event described in this text is a strike.,1,0
event_test_314,314,mlburnham/scad_event_entailment,A suicide bomber killed 12 people at a mosque in Malari village in Borno state.,The event described in this text is a strike.,1,0
event_test_315,315,mlburnham/scad_event_entailment,Members of the rebel group MODEL attack and take over a rubber plantation.,The event described in this text is a strike.,1,0
event_test_316,316,mlburnham/scad_event_entailment,Unidentified militia massacre 15 people.,The event described in this text is a strike.,1,0
event_test_317,317,mlburnham/scad_event_entailment,The leader of a leftist Indian group is assassinated by gunmen on motorcycles.,The event described in this text is a strike.,1,0
event_test_318,318,mlburnham/scad_event_entailment,"Boko Haram ambush a grain truck, looting it and then set it ablaze.",The event described in this text is a strike.,1,0
event_test_319,319,mlburnham/scad_event_entailment,Am small town mayor is abducted and killed.,The event described in this text is a strike.,1,0
event_test_320,320,mlburnham/scad_event_entailment,Three employees of the Dinant agricultural firm are killed by unknown gunmen.,The event described in this text is a strike.,1,0
event_test_321,321,mlburnham/scad_event_entailment,A suicide bomber killed 22 people in an attack on a Shiite Muslim procession in Dakasoye village near Kano. Boko Haram claimed responsibility for the attack.,The event described in this text is a strike.,1,0
event_test_322,322,mlburnham/scad_event_entailment,Three Boko Haram suicide bombers attempted to infiltrate Maidugiri. They were spotted by security forces and detonated themselves before they could reach their targets,The event described in this text is a strike.,1,0
event_test_323,323,mlburnham/scad_event_entailment,Armed robbers open fire indiscriminately in a market.,The event described in this text is a strike.,1,0
event_test_324,324,mlburnham/scad_event_entailment,Taposa tribesmen attack refugees at a temporary camp. Cause unknown.,The event described in this text is a strike.,1,0
event_test_325,325,mlburnham/scad_event_entailment,A mob of Azanian People's Liberation Army supporters beat and rob five whites.,The event described in this text is a strike.,1,0
event_test_326,326,mlburnham/scad_event_entailment,Two men assassinated the leader of a pro-government militia for unknown reasons,The event described in this text is a strike.,1,0
event_test_327,327,mlburnham/scad_event_entailment,"An AQIM suicide bomber detonated himself at the Gao airport, targeting MINUSMA peacekeepers.",The event described in this text is a strike.,1,0
event_test_328,328,mlburnham/scad_event_entailment,Tribal violence between Masai and Kisii,The event described in this text is a strike.,1,0
event_test_329,329,mlburnham/scad_event_entailment,2 players and an assistant coach for Ocean Boys injured in attack before game.,The event described in this text is a strike.,1,0
event_test_330,330,mlburnham/scad_event_entailment,Pirates menace several ships off the coast of Somalia.,The event described in this text is a strike.,1,0
event_test_331,331,mlburnham/scad_event_entailment,Unknown gunmen attacked UN peacekeeping units,The event described in this text is a strike.,1,0
event_test_332,332,mlburnham/scad_event_entailment,"Gunmen open fire, and also destroy six electrical towers on the eve of a referendum on a new constitution.",The event described in this text is a strike.,1,0
event_test_333,333,mlburnham/scad_event_entailment,ISIS-affiliated gunmen gunned down a Coptic Christian priest standing next to his car.,The event described in this text is a strike.,1,0
event_test_334,334,mlburnham/scad_event_entailment,Gunmen attack and rob a group of American volunteers.,The event described in this text is a strike.,1,0
event_test_335,335,mlburnham/scad_event_entailment,Members of LURD riot when leaders announce decision to remove Finance Minister Luseni Kamara from office.,The event described in this text is a strike.,1,0
event_test_336,336,mlburnham/scad_event_entailment,"Mutinous soldiers riot, demanding higher wages",The event described in this text is a strike.,1,0
event_test_337,337,mlburnham/scad_event_entailment,One soldier was killed by a group armed with Uzi assault weapons; police blamed other soldiers for the attack.,The event described in this text is a strike.,1,0
event_test_338,338,mlburnham/scad_event_entailment,"A week of heavy fighting between government factions in Bentiu forced over 100,000 people to flee.",The event described in this text is a strike.,1,0
event_test_339,339,mlburnham/scad_event_entailment,"10 soldiers seize the state radio station and declare a coup, but then flee a couple hours later.",The event described in this text is a strike.,1,0
event_test_340,340,mlburnham/scad_event_entailment,Three Burundi army officers have been arrested for suspected involvement in a failed bid to assassinate a top advisor to the president.,The event described in this text is a strike.,1,0
event_test_341,341,mlburnham/scad_event_entailment,Armed suspects in suits drive up and kill the commander of the capital's anti-drug squad. Police admit that the suspects are active-duty police.,The event described in this text is a strike.,1,0
event_test_342,342,mlburnham/scad_event_entailment,Soldiers loyal to Marc Ravalomanana advance through province of Diego Suarez. Several soldiers are reported killed.,The event described in this text is a strike.,1,0
event_test_343,343,mlburnham/scad_event_entailment,Two aiport police suspected of involvement in drug trafficking open fire at federal police in the Mexico City airport.,The event described in this text is a strike.,1,0
event_test_344,344,mlburnham/scad_event_entailment,Police and soldiers fire at each other after soldiers get close to the home of the police commander,The event described in this text is a strike.,1,0
event_test_345,345,mlburnham/scad_event_entailment,"After several years of rebellion by Francois Bozize, he and his followers manage to stage a coup and overthrow president Ange-Felix Patasse. Looting continues for several days after the coup.",The event described in this text is a strike.,1,0
event_test_346,346,mlburnham/scad_event_entailment,LNA forces attacked an airbas held by a militia loyal to the GNA,The event described in this text is a strike.,1,0
event_test_347,347,mlburnham/scad_event_entailment,Military coup against president over wages paid for peacekeeping effort in Liberia.,The event described in this text is a strike.,1,0
event_test_348,348,mlburnham/scad_event_entailment,Administrative districts battle each other over a land dispute. 8 die.,The event described in this text is a strike.,1,0
event_test_349,349,mlburnham/scad_event_entailment,"Soldiers and armed civilians attacked Senator Georges, shooting him in the back and in the arm.",The event described in this text is a strike.,1,0
event_test_350,350,mlburnham/scad_event_entailment,"Soldiers opened fire on a state-aligned vigilante committee accidentally, thinking that they were Boko Haram jihadists",The event described in this text is a strike.,1,0
event_test_351,351,mlburnham/scad_event_entailment,"Military forces seize a radio station and surround the presidential office, demanding back pay. A civilian is shot when troops try to requisition his car.",The event described in this text is a strike.,1,0
event_test_352,352,mlburnham/scad_event_entailment,Sudanese army fired on itself in friendly fire,The event described in this text is a strike.,1,0
event_test_353,353,mlburnham/scad_event_entailment,"Army soldiers kill four municipal workers by mistake as they return from a shooting range, mistaking them for criminals.",The event described in this text is a strike.,1,0
event_test_354,354,mlburnham/scad_event_entailment,A group of soldiers and a general call for the president to resign and hole up inside a military base. Gunfire is exchanged with govt. forces. 1 dies.,The event described in this text is a strike.,1,0
event_test_355,355,mlburnham/scad_event_entailment,Anti-drug officers and riot police clash over identification procedures,The event described in this text is a strike.,1,0
event_test_356,356,mlburnham/scad_event_entailment,"Dozens of mutinous soldiers were holed up in military headquarters Friday, surrounded by troops loyal to the government of this small southern African kingdom, a U.S. diplomat said.",The event described in this text is a strike.,1,0
event_test_357,357,mlburnham/scad_event_entailment,A military unit under colonel Etienne Bindu clashes with military police for unknown reasons.,The event described in this text is a strike.,1,0
event_test_358,358,mlburnham/scad_event_entailment,Elements of the national army attacked members of the Tobu in Kufra. The conflict produced twelve deaths and many more deaths.,The event described in this text is a strike.,1,0
event_test_359,359,mlburnham/scad_event_entailment,Police arrest hundreds of Muslim fundamentalists in crackdown in Assiut province in response to recent sectarian violence in that area; three fundamentalists killed.,The event described in this text is a strike.,1,0
event_test_360,360,mlburnham/scad_event_entailment,Supporters of ZANU-PF raid and loot a tourist facility.,The event described in this text is a strike.,1,0
event_test_361,361,mlburnham/scad_event_entailment,A security official attacks a woman at a soccer match in the capital.,The event described in this text is a strike.,1,0
event_test_362,362,mlburnham/scad_event_entailment,Police arrest opposition leader (Ahmed Ould Daddah).,The event described in this text is a strike.,1,0
event_test_363,363,mlburnham/scad_event_entailment,Security forces raided IS facilities and arrested members of the organization,The event described in this text is a strike.,1,0
event_test_364,364,mlburnham/scad_event_entailment,Kenyan Defense Force under AMISOM authority conducted an operation which killed 13 militants and seized some AK47s and RPGs.,The event described in this text is a strike.,1,0
event_test_365,365,mlburnham/scad_event_entailment,"Malawi's controversial Muslim leader Sheik Abdul Hamid Bughdad el-Banna, who has sharply criticised President Bakili Muluzi, was attacked early Wednesday in his home, police and hospital officials said.",The event described in this text is a strike.,1,0
event_test_366,366,mlburnham/scad_event_entailment,"The government mobilized at least 4,000 militia from other areas of South Sudan and is staging these fighters in Equatoria to begin conducting attacks. UN human rights experts on have said ""ethnic cleansing"" was under way.",The event described in this text is a strike.,1,0
event_test_367,367,mlburnham/scad_event_entailment,Govt. forces kill a rebel leader.,The event described in this text is a strike.,1,0
event_test_368,368,mlburnham/scad_event_entailment,ZANU-PF attacked MDC members while campaigning,The event described in this text is a strike.,1,0
event_test_369,369,mlburnham/scad_event_entailment,Cameroonian soldiers killed at least 40 Nigerians during a cross-border raid against Boko Haram.,The event described in this text is a strike.,1,0
event_test_370,370,mlburnham/scad_event_entailment,"Malian forces, with French assistance, attempted to retake Kona",The event described in this text is a strike.,1,0
event_test_371,371,mlburnham/scad_event_entailment,Senior opposition official murdered a month before elections,The event described in this text is a strike.,1,0
event_test_372,372,mlburnham/scad_event_entailment,DRC soldiers kill 5 Hutu civilians in a village.,The event described in this text is a strike.,1,0
event_test_373,373,mlburnham/scad_event_entailment,"Loyalist forces attacked Tajoura and Tripoli in an attempt to wrest control from Fajr Libya; it was reported that 3 civilians were killed in Tripoli, and that 14 soldiers, 4 Fajr Libya fighters, and 3 civilians were killed in Tajoura.",The event described in this text is a strike.,1,0
event_test_374,374,mlburnham/scad_event_entailment,Authorties cracked down on a protest movement and arrested hundreds of leaders and activists.,The event described in this text is a strike.,1,0
event_test_375,375,mlburnham/scad_event_entailment,Cpl. Norelus arrested and beat a Catholic priest.,The event described in this text is a strike.,1,0
event_test_376,376,mlburnham/scad_event_entailment,"Nigerian air force attacked Boko Haram in the northeast of the country, including the village of Bita, where aerial bombings precluded a Boko Haram attack on the village. 178 kidnappen people were resceued and multiple Boko Haram camps destroyed.",The event described in this text is a strike.,1,0
event_test_377,377,mlburnham/scad_event_entailment,Chad and French soldiers engaged Islamic Militants,The event described in this text is a strike.,1,0
event_test_378,378,mlburnham/scad_event_entailment,Government forces forcibly removed and detained a large number of civilians sheltering in a church,The event described in this text is a strike.,1,0
event_test_379,379,mlburnham/scad_event_entailment,Security forces arrested three ISIS-affiliated terrorists.,The event described in this text is a strike.,1,0
event_test_380,380,mlburnham/scad_event_entailment,"The Libyan Shield and militia from Misrata laid seige to Bani Walid, believed to be one of the last strongholds of Khadafi loyalists. Thirty individuals were killed and over two hundred were wounded.",The event described in this text is a strike.,1,0
event_test_381,381,mlburnham/scad_event_entailment,Military forces kill 14 militants in operations in the Sinai. The following day a mortar lands on a civilian home killing 4 children.,The event described in this text is a strike.,1,0
event_test_382,382,mlburnham/scad_event_entailment,UN Peace Keeping forces evict guerillas from the mining town aiming to stop the parallel administration.,The event described in this text is a strike.,1,0
event_test_383,383,mlburnham/scad_event_entailment,Soldiers drove hundreds of Aristide supporters into hiding.,The event described in this text is a strike.,1,0
event_test_384,384,mlburnham/scad_event_entailment,Two or three people were gunned down by soldiers on motorbikes,The event described in this text is a strike.,1,0
event_test_385,385,mlburnham/scad_event_entailment,Police shot three men accused of being jihadist recruiters,The event described in this text is a strike.,1,0
event_test_386,386,mlburnham/scad_event_entailment,The Egyptian military launched air strikes in retaliation for a militant attack the previous day,The event described in this text is a strike.,1,0
event_test_387,387,mlburnham/scad_event_entailment,Military forces kill 16 militants in airstrikes,The event described in this text is a strike.,1,0
event_test_388,388,mlburnham/scad_event_entailment,Pro-government militias massacred several members of the Peuhl ethnic group because they were suspected of being terrorists,The event described in this text is a strike.,1,0
event_test_389,389,mlburnham/scad_event_entailment,Police violently disperse political opposition meeting,The event described in this text is a strike.,1,0
event_test_390,390,mlburnham/scad_event_entailment,"A mob fatally beats to death a man thought to be a criminal. The crowd threatens to burn three women as well, but they are rescued by police.",The event described in this text is a strike.,1,0
event_test_391,391,mlburnham/scad_event_entailment,Soccer fans riot after a soccer match in which they claim the referee did not allow their team enough injury team causing them to loose the game.,The event described in this text is a strike.,1,0
event_test_392,392,mlburnham/scad_event_entailment,3 people killed in Kono ahead of local by-elections. Reporting journalist was arrested and accused of giving false info.,The event described in this text is a strike.,1,0
event_test_393,393,mlburnham/scad_event_entailment,Citizens protest planned decision to privatise drining water,The event described in this text is a strike.,1,0
event_test_394,394,mlburnham/scad_event_entailment,Citizens attack ex-rebel now serving as communications minister,The event described in this text is a strike.,1,0
event_test_395,395,mlburnham/scad_event_entailment,"Villagers riot after ritual killing of a girl, protest police inefficiency. Protest spreads to capital",The event described in this text is a strike.,1,0
event_test_396,396,mlburnham/scad_event_entailment,Former civil war fighters riot demanding rehabilitation benefits promised by the UN for disarmament.,The event described in this text is a strike.,1,0
event_test_397,397,mlburnham/scad_event_entailment,Unknown attackers murdered a vocal supporter of radical Islam - Muslim cleric Abubaker Shariff Ahmed.,The event described in this text is a strike.,1,0
event_test_398,398,mlburnham/scad_event_entailment,Unidentified assailants attack polling stations and destroy ballots.,The event described in this text is a strike.,1,0
event_test_399,399,mlburnham/scad_event_entailment,Violence and intimidation were reported during between ZANU-PF factions during the ruling party's primary elections.,The event described in this text is a strike.,1,0
event_test_400,400,mlburnham/scad_event_entailment,Tensions between Muslims and Coptic Christians over the DVD release of a Christian play deemed offensive to Islam erupt into violence.,The event described in this text is a strike.,1,0
event_test_401,401,mlburnham/scad_event_entailment,Muslims and non-Muslims clashed violently over land,The event described in this text is a strike.,1,0
event_test_402,402,mlburnham/scad_event_entailment,Gunmen drove up to a police station in northern Sinai and fired on it for several minutes before driving off.,The event described in this text is a strike.,1,0
event_test_403,403,mlburnham/scad_event_entailment,"Rival university gangs clash, killing three",The event described in this text is a strike.,1,0
event_test_404,404,mlburnham/scad_event_entailment,"Officials demand payment from motorists, prompting clashes between police and citizens",The event described in this text is a strike.,1,0
event_test_405,405,mlburnham/scad_event_entailment,Former paramilitaries clash with police over compensation for their support in the war.,The event described in this text is a strike.,1,0
event_test_406,406,mlburnham/scad_event_entailment,"Student demonstrators set fire to bus and threatened to march on presidential palace day after classmate killed in demonstrations against president, police used tear gas and rubber bullets against crowd. Incident started as students wanted to leave campus for hospital where body was kept.",The event described in this text is a strike.,1,0
event_test_407,407,mlburnham/scad_event_entailment,Demobilized soldiers demand government retirement benefits.,The event described in this text is a strike.,1,0
event_test_408,408,mlburnham/scad_event_entailment,"A newly formed faction of FNL, Burundi's last active rebel group, fired rockets at a military base. They were quickly driven off.",The event described in this text is a strike.,1,0
event_test_409,409,mlburnham/scad_event_entailment,Student loyal to opposition parties stage a violent protest for student union elections. They assault and hold hostage several lecturers and students. They battle with riot police.,The event described in this text is a strike.,1,0
event_test_410,410,mlburnham/scad_event_entailment,Armed Criminals killed two people in a clash.,The event described in this text is a strike.,1,0
event_test_411,411,mlburnham/scad_event_entailment,Opposition parties call for civil disobedience to demand multiparty democracy.,The event described in this text is a strike.,1,0
event_test_412,412,mlburnham/scad_event_entailment,A TV technician was wounded by a bomb planted in his car.,The event described in this text is a strike.,1,0
event_test_413,413,mlburnham/scad_event_entailment,"Hundreds of members of a Catholic sect, armed with clubs and stones, clashed with police as they tried to gather on a hilltop that is a place of pilgrimage",The event described in this text is a strike.,1,0
event_test_414,414,mlburnham/scad_event_entailment,Opposition supporters demand the release of members of the Social Democratic Front and the National Union for Democracy and Progress.,The event described in this text is a strike.,1,0
event_test_415,415,mlburnham/scad_event_entailment,"Students riot over school conditions, forcing the closure of campuses across the country.",The event described in this text is a strike.,1,0
event_test_416,416,mlburnham/scad_event_entailment,"700 citizens occupied an oil tanker in effort to flee to U.S., takeover ended when all left ship voluntarily.",The event described in this text is a strike.,1,0
event_test_417,417,mlburnham/scad_event_entailment,7 people were killed and 15 injured in fighting between supporters of PDP and APC in Wukari following the election tribunal verdict overturning the governorship election in favour of the APC. The event started as a celebration of APC's candidate's victory by APC supporters.,The event described in this text is a strike.,1,0
event_test_418,418,mlburnham/scad_event_entailment,"Prisoners riot and try to escape because they have not been fed. Guard react by opening fire, killing several.",The event described in this text is a strike.,1,0
event_test_419,419,mlburnham/scad_event_entailment,"Morsi supporters opened fire on passing cars and pedestrians, and police fired tear gas to chase them away",The event described in this text is a strike.,1,0
event_test_420,420,mlburnham/scad_event_entailment,"A vigilante mob angry about recent child abductions corners plain clothed federal agents taking photos of students at a school and burns them alive, mistaking them for kidnappers.",The event described in this text is a strike.,1,0
event_test_421,421,mlburnham/scad_event_entailment,Rival tribes clash in land dispute,The event described in this text is a strike.,1,0
event_test_422,422,mlburnham/scad_event_entailment,"Demonstrators firebombed Al Jazeera, accusing it of being biased and attacked police chief who tried to broker an end to 3 days of violent protests.",The event described in this text is a strike.,1,0
event_test_423,423,mlburnham/scad_event_entailment,Protesters opposing the president took to the streets following the failure of a coup to oust him; police were deployed to disperse the protesters.,The event described in this text is a strike.,1,0
event_test_424,424,mlburnham/scad_event_entailment,A Muslim mob attacked the families of two Coptic Christian priests with batons and knives over a personal feud,The event described in this text is a strike.,1,0
event_test_425,425,mlburnham/scad_event_entailment,Supporters of two separate parties throw stones at each other,The event described in this text is a strike.,1,0
event_test_426,426,mlburnham/scad_event_entailment,"Illegal miners set fire to the premises of Anvil Mining, a Canadian firm. 2 die. The illegals had been chased from an Anvil concession the day before by the company guards. The Anvil guards are accused of throwing an illegal down a well.",The event described in this text is a strike.,1,0
event_test_427,427,mlburnham/scad_event_entailment,Unknown assailants attack civilians and government officials .,The event described in this text is a strike.,1,0
event_test_428,428,mlburnham/scad_event_entailment,Football fans attacked the home of the country's national team goalkeeper after the team lost an African Cup of Nations match. Police violently dispersed the rioters,The event described in this text is a strike.,1,0
event_test_429,429,mlburnham/scad_event_entailment,"Construction workers strike, demanding equal pay as South Africans",The event described in this text is a strike.,0,1
event_test_430,430,mlburnham/scad_event_entailment,"White collar oil workers strike, demanding higher wages",The event described in this text is a strike.,0,1
event_test_431,431,mlburnham/scad_event_entailment,"Steel workers strike to protest the firing of their national union leader. The strike escalates to a riot on April 20 when authorities unsuccessfully try to remove workers from an occupied plant, leaving two dead. The strike ends in August.",The event described in this text is a strike.,0,1
event_test_432,432,mlburnham/scad_event_entailment,City bus workers strike demanding back wages,The event described in this text is a strike.,0,1
event_test_433,433,mlburnham/scad_event_entailment,A policeman was killed after a dispute between a border policeman and an army lieutenant from Central African Republic who claimed his badge had been stolen and demanded its return,The event described in this text is a strike.,1,0
event_test_434,434,mlburnham/scad_event_entailment,"A car blew up near a special forces patrol, wounding two soldiers",The event described in this text is a strike.,1,0
event_test_435,435,mlburnham/scad_event_entailment,Newspapers loyal to Gbagbo stage three day publication strike to protest Aug. 25 attack on Cyclone Group headquarters.,The event described in this text is a strike.,0,1
event_test_436,436,mlburnham/scad_event_entailment,"Boko Haram attacked Kimba village, killing at least 14 people and burning homes.",The event described in this text is a strike.,1,0
event_test_437,437,mlburnham/scad_event_entailment,"Boko Haram launched a failed attack against the Nigerian government, leaving 20 dead",The event described in this text is a strike.,1,0
event_test_438,438,mlburnham/scad_event_entailment,An unidentified group of gunmen in a pickup truck attacked a military outpost,The event described in this text is a strike.,1,0
event_test_439,439,mlburnham/scad_event_entailment,City council staff meanwhile are in the second week of a strike demanding a 150 percent pay rise.,The event described in this text is a strike.,0,1
event_test_440,440,mlburnham/scad_event_entailment,Police arrested two Malians accused of participating in a jihadist attack,The event described in this text is a strike.,1,0
event_test_441,441,mlburnham/scad_event_entailment,Doctors strike over the government's issuing of warrants for the arrest of doctors that participated in a strike earlier in the month over a wage dispute.,The event described in this text is a strike.,0,1
event_test_442,442,mlburnham/scad_event_entailment,"An unknown assailant sets off a grenade, killing 5 refugees. The refugees then riot.",The event described in this text is a strike.,1,0
event_test_443,443,mlburnham/scad_event_entailment,Two gunmen shoot and kill an MP.,The event described in this text is a strike.,1,0
event_test_444,444,mlburnham/scad_event_entailment,"The government of Lesotho closed down the southern African country's only teachers training college Friday, eight days after the 1,500 students initiated a strike.",The event described in this text is a strike.,0,1
event_test_445,445,mlburnham/scad_event_entailment,Gunmen open fire at soldiers on patrol. A firefight ensues.,The event described in this text is a strike.,1,0
event_test_446,446,mlburnham/scad_event_entailment,Bus and taxi drivers strike to protest police harassment.,The event described in this text is a strike.,0,1
event_test_447,447,mlburnham/scad_event_entailment,"Social security workers strike for higher wages, occupy their office buildings, and clash with police. The police use tear gas.",The event described in this text is a strike.,0,1
event_test_448,448,mlburnham/scad_event_entailment,Members of the Mexican Navy marines killed 8 suspected cartel members qafter a two hour gunbattle.,The event described in this text is a strike.,1,0
event_test_449,449,mlburnham/scad_event_entailment,Unknown assailants bomb the MDC headquarters.,The event described in this text is a strike.,1,0
event_test_450,450,mlburnham/scad_event_entailment,"A late payment of teacher's salaries delays the start of classes, causing students to riot. One death. The students also protest lack of access to electricity and water.",The event described in this text is a strike.,1,0
event_test_451,451,mlburnham/scad_event_entailment,About 50 Egyptian lawyers and journalists protest against the abuses of Iraqi detainees by U.S. soldiers and demand that U.S. Ambassador David C. Welch be kicked out of Egypt and that the soldiers involved be brought to justice.,The event described in this text is a strike.,1,0
event_test_452,452,mlburnham/scad_event_entailment,Police break up a pro-democracy rally,The event described in this text is a strike.,1,0
event_test_453,453,mlburnham/scad_event_entailment,Unknown assailants murder a journalist by firing an arrow into his chest.,The event described in this text is a strike.,1,0
event_test_454,454,mlburnham/scad_event_entailment,1.5 million people demonstrate against the United States and Israel in response to Israel's occupation of Ramallah in the West Bank.,The event described in this text is a strike.,1,0
event_test_455,455,mlburnham/scad_event_entailment,"Berbers strike and hold marches, demanding official recognition of their language",The event described in this text is a strike.,0,1
event_test_456,456,mlburnham/scad_event_entailment,"Postal workers strike, demanding more benefits",The event described in this text is a strike.,0,1
event_test_457,457,mlburnham/scad_event_entailment,"Soldiers arrested a journalist and accused her of ""publishing false news""",The event described in this text is a strike.,1,0
event_test_458,458,mlburnham/scad_event_entailment,"Aroca was arrested and beaten by police after interviewing family of executed exile, then expelled from Cuba.",The event described in this text is a strike.,1,0
event_test_459,459,mlburnham/scad_event_entailment,Shell Gabon's 400 staff struck to demand compensation for Shell's decision to withdraw from Gabon.,The event described in this text is a strike.,0,1
event_test_460,460,mlburnham/scad_event_entailment,"Doctors, nurses, dentists and pharmacists struck to demand a 300% raise for doctors and 25-40% raise for nurses.",The event described in this text is a strike.,0,1
event_test_461,461,mlburnham/scad_event_entailment,"Landless peasants invade a corporate farm, resulting in the death of a guard.",The event described in this text is a strike.,1,0
event_test_462,462,mlburnham/scad_event_entailment,"General strike called in opposition to Mobutu in Kinshasa and the five provinces that remain under government control. Several marches and protests occur, and soldiers fire on them, but no one is hurt.",The event described in this text is a strike.,0,1
event_test_463,463,mlburnham/scad_event_entailment,"A citywide general strike is called by the opposition to protest against the issuance of a 100,000 Zaire bank note and to demand that Mobutu resign.",The event described in this text is a strike.,0,1
event_test_464,464,mlburnham/scad_event_entailment,"General strike protesting econonic austerity recommended by IMF escalated into looting and bombing and clashes with police, soldier killed.",The event described in this text is a strike.,0,1
event_test_465,465,mlburnham/scad_event_entailment,"Pirates attacked cargo ship and stole a safe, shot and killed cook while chief engineer died trying to escape.",The event described in this text is a strike.,1,0
event_test_466,466,mlburnham/scad_event_entailment,Thousands of students strike to protest tuition fees and take over about 40 schools throughout the UNAM university. The students regularly stage massive demonstrations. The strike eventually widens to include unionists and teachers.,The event described in this text is a strike.,0,1
event_test_467,467,mlburnham/scad_event_entailment,19 Omar Bongo university students were arrested after their strike led them to clash with police. They were released a few days later on bail.,The event described in this text is a strike.,0,1
event_test_468,468,mlburnham/scad_event_entailment,Taxi and bus drivers strike over the atmosphere of insecurity.,The event described in this text is a strike.,0,1
event_test_469,469,mlburnham/scad_event_entailment,"Police stage wildcat strike across the country to protest against racism. Police demanding the dismissal of a racist police chief near Cape Town strike, occupying a station and taking hostages in Soweto. Riot police storm the place. 1 dies.",The event described in this text is a strike.,0,1
event_test_470,470,mlburnham/scad_event_entailment,Magistrates strike over pay,The event described in this text is a strike.,0,1
event_test_471,471,mlburnham/scad_event_entailment,"Citizens strike, protesting massacre of citizens at the hands of soldiers",The event described in this text is a strike.,0,1
event_test_472,472,mlburnham/scad_event_entailment,"Doctors went on strike to protest poor facilities and low wages, abstained from offering non-emergency services.",The event described in this text is a strike.,0,1
event_test_473,473,mlburnham/scad_event_entailment,Islamic party of Kenya holds a strike to protest tribal violence in western party of country,The event described in this text is a strike.,0,1
event_test_474,474,mlburnham/scad_event_entailment,"Gangs clash, resulting the deaths of bystanding federal police and a civilian.",The event described in this text is a strike.,1,0
event_test_475,475,mlburnham/scad_event_entailment,Minibus crews went on strike to protest a new law that increased fines for traffic violations.,The event described in this text is a strike.,0,1
event_test_476,476,mlburnham/scad_event_entailment,"Following a speech by pro-federalist leader Ahmed Zubeir Senussi, two thousand federalist supporters clashed with anti-federalists. One individual was killed in the conflict and five others were injured.",The event described in this text is a strike.,1,0
event_test_477,477,mlburnham/scad_event_entailment,University professors strike over back pay.,The event described in this text is a strike.,0,1
event_test_478,478,mlburnham/scad_event_entailment,Lawyers boycotted courts to protest against President Jammeh's attempt to overturn the election results,The event described in this text is a strike.,0,1
event_test_479,479,mlburnham/scad_event_entailment,Air traffic controllers strike in response to alleged beating of their boss,The event described in this text is a strike.,0,1
event_test_480,480,mlburnham/scad_event_entailment,Brewery Workers go on strike demanding wage increase,The event described in this text is a strike.,0,1
event_test_481,481,mlburnham/scad_event_entailment,Suspected drug traffickers and soldiers clash inside a cemetary.,The event described in this text is a strike.,1,0
event_test_482,482,mlburnham/scad_event_entailment,Health workers launched a seven-day strike Monday in Burkina Faso to demand rises in housing allowances and free emergency care for patients.,The event described in this text is a strike.,0,1
event_test_483,483,mlburnham/scad_event_entailment,Police arrested multiple civil society leaders for calling for protests,The event described in this text is a strike.,1,0
event_test_484,484,mlburnham/scad_event_entailment,Exchange of gunfire occurred between gunmen and security forces.,The event described in this text is a strike.,1,0
event_test_485,485,mlburnham/scad_event_entailment,Chinese traders strike after one of their own was murdered in an effort to draw attention to their lack of security,The event described in this text is a strike.,0,1
event_test_486,486,mlburnham/scad_event_entailment,Protesters were rioting to gain access for electricity.,The event described in this text is a strike.,1,0
event_test_487,487,mlburnham/scad_event_entailment,Police arrested a human rights lawyer for providing legal aid to the family of an Italian graduate student tortured to death during a police crackdown,The event described in this text is a strike.,1,0
event_test_488,488,mlburnham/scad_event_entailment,"University lecturers strike, demanding higher wages",The event described in this text is a strike.,0,1
event_test_489,489,mlburnham/scad_event_entailment,"Citizens attack members of Parliament on election day in multiple locations. Bodyguards kill six civilians, one bodyguard killed",The event described in this text is a strike.,1,0
event_test_490,490,mlburnham/scad_event_entailment,Petroleum companies strike to pressure the government to reduce taxes on fuel.,The event described in this text is a strike.,0,1
event_test_491,491,mlburnham/scad_event_entailment,"Lagos teachers strike, demanding higher wages",The event described in this text is a strike.,0,1
event_test_492,492,mlburnham/scad_event_entailment,The former mayor of El Ayote shoots reporter Maria Jose Bravo in a row over local election results outside a vote-counting center.,The event described in this text is a strike.,1,0
event_test_493,493,mlburnham/scad_event_entailment,Gunmen kidnap two lawmakers.,The event described in this text is a strike.,1,0
event_test_494,494,mlburnham/scad_event_entailment,Hundreds of opposition protesters kept an all-night vigil outside the commission headquarters in Accra in protest at perceived attempts to manipulate the outcome of Sunday's vote.,The event described in this text is a strike.,1,0
event_test_495,495,mlburnham/scad_event_entailment,"Citizens strike, protesting flawed elections and hold protest at inauguration of new president",The event described in this text is a strike.,0,1
event_test_496,496,mlburnham/scad_event_entailment,Opposition members held rallies against the continued presidency of Gambian dictator Yahya Jammeh,The event described in this text is a strike.,1,0
event_test_497,497,mlburnham/scad_event_entailment,General strike over cost of living.,The event described in this text is a strike.,0,1
event_test_498,498,mlburnham/scad_event_entailment,Hundreds of Muslims mark the start of Ramadan with marches to protest a visit by deputy prime minister of Israel Ehud Olmert.,The event described in this text is a strike.,1,0
event_test_499,499,mlburnham/scad_event_entailment,"During Independence Day celebration, police fired tear gas, causing stampede which killed 3. Unclear why tear gas was used.",The event described in this text is a strike.,1,0
event_test_500,500,mlburnham/scad_event_entailment,Soldiers and gunmen have a gunfight.,The event described in this text is a strike.,1,0
event_test_501,501,mlburnham/scad_event_entailment,A suspect in the April 7 suicide bombing in a downtown Cairo market blows himself up as he leaps off a bridge during a police chase; 7 people are injured in the explosion.,The event described in this text is a strike.,1,0
event_test_502,502,mlburnham/scad_event_entailment,A member of the International Civilian Mission in Haiti (MICIVIH) was shot in the head and killed.,The event described in this text is a strike.,1,0
event_test_503,503,mlburnham/scad_event_entailment,Around a 250 people were arrested in the capital as security forces began targeting opposition strongholds.,The event described in this text is a strike.,1,0
event_test_504,504,mlburnham/scad_event_entailment,Nation's 200 gasoline truck drivers went on strike to demand higher wages and improved medical coverage.,The event described in this text is a strike.,0,1
event_test_505,505,mlburnham/scad_event_entailment,Barakat protesters gather on the eve of the election and are quickly arrested by Algerian police. Protests and violence breaks out on the election day.,The event described in this text is a strike.,1,0
event_test_506,506,mlburnham/scad_event_entailment,"Soldiers loyal to the pre-junta government staged a countercoup in Bamako, first attempting to take the airport to fly in reinforcements. Much of the fighting centered around the garrison at Kati, near Bamako. The countercoup was defeated.",The event described in this text is a strike.,1,0
event_test_507,507,mlburnham/scad_event_entailment,"Police strike, demanding higher wages and take senior police officials hostage",The event described in this text is a strike.,0,1
event_test_508,508,mlburnham/scad_event_entailment,Unions called a two-day strike to protest against Aristide's ruling party.,The event described in this text is a strike.,0,1
event_test_509,509,mlburnham/scad_event_entailment,A Ugandan soldier killed his wife (also a soldier) as well as six women and children in an intoxicated attempt to solve a domestic dispute.,The event described in this text is a strike.,1,0
event_test_510,510,mlburnham/scad_event_entailment,Six men were decapitated by unknown attackers. Two more bodies were found a few days later.,The event described in this text is a strike.,1,0
event_test_511,511,mlburnham/scad_event_entailment,Students of Bangui University strike over unpaid grants. On 3/2/2004 the students stage a demonstration that the police break up with tear gas.,The event described in this text is a strike.,0,1
event_test_512,512,mlburnham/scad_event_entailment,The judge's union strikes to decry 'bullying' by lawyers.,The event described in this text is a strike.,0,1
event_test_513,513,mlburnham/scad_event_entailment,Bus drivers strike to demand increased diesel subsidies and cheap credit for bus purchases.,The event described in this text is a strike.,0,1
event_test_514,514,mlburnham/scad_event_entailment,"University lecturers strike, alleging army raid on student housing resulted in deaths",The event described in this text is a strike.,0,1
event_test_515,515,mlburnham/scad_event_entailment,"Muslims protest visit of President Clinton, claiming he would oppose sharia law",The event described in this text is a strike.,1,0
event_test_516,516,mlburnham/scad_event_entailment,Trade unionists demonstrate at the border crossing to push for democracy in Swaziland.,The event described in this text is a strike.,1,0
event_test_517,517,mlburnham/scad_event_entailment,Mining contractors downed tools at coal mining firm.,The event described in this text is a strike.,0,1
event_test_518,518,mlburnham/scad_event_entailment,"University faculty and staff went on strike to demand higher salaries, benefits.",The event described in this text is a strike.,0,1
event_test_519,519,mlburnham/scad_event_entailment,"Medical staff, veterans, and students stage a 24-hour strike and participate in demonstrations to protest the drug violence in Juarez.",The event described in this text is a strike.,0,1
event_test_520,520,mlburnham/scad_event_entailment,"40,000 workers close all govt. offices throughout the country.",The event described in this text is a strike.,0,1
event_test_521,521,mlburnham/scad_event_entailment,Hundreds of firefighters strike after contract negotiations break down.,The event described in this text is a strike.,0,1
event_test_522,522,mlburnham/scad_event_entailment,"Doctors went on strike demanding increased wages and guaranteed jobs for junior doctors after internship. Nurses joined the strike on March 1st, demanding bonus payments. Activists staged marches in support of the doctors, and faced violent repression.",The event described in this text is a strike.,0,1
event_test_523,523,mlburnham/scad_event_entailment,Health workers strike to demand back pay from the government.,The event described in this text is a strike.,0,1
event_test_524,524,mlburnham/scad_event_entailment,"inappropriately dressed, over 100 participants were arrested.",The event described in this text is a strike.,1,0
event_test_525,525,mlburnham/scad_event_entailment,"Train workers held strike for five hours to demand firing of chairman of subway system, poor working conditions, equipment, and management.",The event described in this text is a strike.,0,1
event_test_526,526,mlburnham/scad_event_entailment,Citizens strike in pro-democracy protest,The event described in this text is a strike.,0,1
event_test_527,527,mlburnham/scad_event_entailment,"Truck drivers, demanding better pay and working conditions, striked to stop oil supplies from reaching power stations, causing outages across the country.",The event described in this text is a strike.,0,1
event_test_528,528,mlburnham/scad_event_entailment,Air strikes destroyed 10 SUVs carrying weapons and ammunition across the border with Libya.,The event described in this text is a strike.,1,0
event_test_529,529,mlburnham/scad_event_entailment,Rival factions clash at an election to determine FORD's chairman,The event described in this text is a strike.,1,0
event_test_530,530,mlburnham/scad_event_entailment,Malian journalists strike protesting limits on press freedom,The event described in this text is a strike.,0,1
event_test_531,531,mlburnham/scad_event_entailment,"More than 600 men of an unknown group raid a Catholic mission, killing 32 people and causing 2000 others to flee.",The event described in this text is a strike.,1,0
event_test_532,532,mlburnham/scad_event_entailment,A series of police raids resulted in the arrest of 10 militants and the deaths of three others who were killed in a shootout with police.,The event described in this text is a strike.,1,0
event_test_533,533,mlburnham/scad_event_entailment,Malian students strike demanding better class conditions,The event described in this text is a strike.,0,1
event_test_534,534,mlburnham/scad_event_entailment,Teachers strike over pay and working conditions.,The event described in this text is a strike.,0,1
event_test_535,535,mlburnham/scad_event_entailment,A street vendor died while in police custody,The event described in this text is a strike.,1,0
event_test_536,536,mlburnham/scad_event_entailment,Workers strike demanding political reform.,The event described in this text is a strike.,0,1
event_test_537,537,mlburnham/scad_event_entailment,2000 unionized health workers strike demanding housing allowances at Lusaka's biggest hospital.,The event described in this text is a strike.,0,1
event_test_538,538,mlburnham/scad_event_entailment,Gunmen killed a large group of people. Narcotics trafficking was the suspected reason.,The event described in this text is a strike.,1,0
event_test_539,539,mlburnham/scad_event_entailment,civil servants renew strike demanding increased wages and better living conditions,The event described in this text is a strike.,0,1
event_test_540,540,mlburnham/scad_event_entailment,A US drone strike kills a Shebab militant and his driver.,The event described in this text is a strike.,1,0
event_test_541,541,mlburnham/scad_event_entailment,"A 14-year-old boy was hit in the neck with a bullet after government forces fired on a peaceful crowd, protesting against the demolition of houses in the capital.",The event described in this text is a strike.,1,0
event_test_542,542,mlburnham/scad_event_entailment,Civilians stage a general strike in an attempt to force the resignation of Gen. Eyadema,The event described in this text is a strike.,0,1
event_test_543,543,mlburnham/scad_event_entailment,Toyota workers went on strike over a wage dispute.,The event described in this text is a strike.,0,1
event_test_544,544,mlburnham/scad_event_entailment,Journalists strike against the Times of Zambia for better pay. Paramilitary forces force the journalists back to work.,The event described in this text is a strike.,0,1
event_test_545,545,mlburnham/scad_event_entailment,A man tries to run over the president with his truck while he and his wife ride horses on a rural road. The president's bodyguards shoot and kill the man.,The event described in this text is a strike.,1,0
event_test_546,546,mlburnham/scad_event_entailment,"Soldiers in a speeding pickup truck opened fire on pedestrians in downtown Port-au-Prince, killing five people, and then removed the bodies.",The event described in this text is a strike.,1,0
event_test_547,547,mlburnham/scad_event_entailment,"Public sector doctors staged a six-day strike, demanding equal pay with regional doctors and better working conditions.",The event described in this text is a strike.,0,1
event_test_548,548,mlburnham/scad_event_entailment,Thousands of coal miners stage a one-day strike on the anniversary of a mine-blast that killed 65 people. The miners demand better working conditions.,The event described in this text is a strike.,0,1
event_test_549,549,mlburnham/scad_event_entailment,Egypt's highest court joined lower courts in strike against Morsi's decree granting himself near-absolute power.,The event described in this text is a strike.,0,1
event_test_550,550,mlburnham/scad_event_entailment,Fierce clashes between rival political supporters left at least 20 people injured at the weekend in two localities in Ghana during the campaign for general elections in December.,The event described in this text is a strike.,1,0
event_test_551,551,mlburnham/scad_event_entailment,President Laurent Kabila is shot dead by a bodyguard in the presence of generals he angered by sacking.,The event described in this text is a strike.,1,0
event_test_552,552,mlburnham/scad_event_entailment,Nurses strike demanding better pay and working conditions.,The event described in this text is a strike.,0,1
event_test_553,553,mlburnham/scad_event_entailment,"Students strike demanding union recognition, an internet caf?, canteen meals, and transportation.",The event described in this text is a strike.,0,1
event_test_554,554,mlburnham/scad_event_entailment,"Workers strike, protesting planned decreases in benefits",The event described in this text is a strike.,0,1
event_test_555,555,mlburnham/scad_event_entailment,Lecturers observe a go-slow strike to demand a review of their salaries.,The event described in this text is a strike.,0,1
event_test_556,556,mlburnham/scad_event_entailment,Civil servants strike over pay demands.,The event described in this text is a strike.,0,1
event_test_557,557,mlburnham/scad_event_entailment,"Bus drivers strike, protesting extortion by police and state officials",The event described in this text is a strike.,0,1
event_test_558,558,mlburnham/scad_event_entailment,Police disperse students protesting qualifications for study grants,The event described in this text is a strike.,1,0
event_test_559,559,mlburnham/scad_event_entailment,"Soldiers attempted an assasination of the army chief - General Prime Niyongabo, but failed. 7 people died in a following clash.",The event described in this text is a strike.,1,0
event_test_560,560,mlburnham/scad_event_entailment,"Boko Haram attacked Kolori and the neighboring village of Baana-imam, killing 26 people.",The event described in this text is a strike.,1,0
event_test_561,561,mlburnham/scad_event_entailment,"25,000 miners strike against an employer association for higher pay.",The event described in this text is a strike.,0,1
event_test_562,562,mlburnham/scad_event_entailment,Local vigilantes burned down the house of a local politician who was critical of the vigilante involvement in the fight against Boko Haram,The event described in this text is a strike.,1,0
event_test_563,563,mlburnham/scad_event_entailment,Local officials implicate the Knights Templar in this hijacking and burning of buses.,The event described in this text is a strike.,1,0
event_test_564,564,mlburnham/scad_event_entailment,"Police shot and hurled insults at children alleged to be supporters of a deceased militia leader, killing some of them.",The event described in this text is a strike.,1,0
event_test_565,565,mlburnham/scad_event_entailment,Private sector employees strike seeking pay raises.,The event described in this text is a strike.,0,1
event_test_566,566,mlburnham/scad_event_entailment,Gunmen decapitated a popular Mexican singer and shot his family. Involvement with criminal gangs was suspected.,The event described in this text is a strike.,1,0
event_test_567,567,mlburnham/scad_event_entailment,Failed military coup against ruling junta.,The event described in this text is a strike.,1,0
event_test_568,568,mlburnham/scad_event_entailment,"Steel workers strike, demanding higher wages. Leaders of the strike are arrested.",The event described in this text is a strike.,0,1
event_test_569,569,mlburnham/scad_event_entailment,Workers at the only plant that produces the New Beetle strike for higher wages.,The event described in this text is a strike.,0,1
event_test_570,570,mlburnham/scad_event_entailment,Teachers refuse to work for fear of being attacked by the ruling party.,The event described in this text is a strike.,0,1
event_test_571,571,mlburnham/scad_event_entailment,Teachers strike over pay delays.,The event described in this text is a strike.,0,1
event_test_572,572,mlburnham/scad_event_entailment,Members of SFTU stage a stay-away campaign to urge democratic reform.,The event described in this text is a strike.,0,1
event_test_573,573,mlburnham/scad_event_entailment,Banana workers strike to demand wage hikes and more social services.,The event described in this text is a strike.,0,1
event_test_574,574,mlburnham/scad_event_entailment,"Trade unions strike, demanding the minimum wage be raised.",The event described in this text is a strike.,0,1
event_test_575,575,mlburnham/scad_event_entailment,Unknown militias battle government forces.,The event described in this text is a strike.,1,0
event_test_576,576,mlburnham/scad_event_entailment,Workers stage a brief wildcat strike to protest the government privatization program.,The event described in this text is a strike.,0,1
event_test_577,577,mlburnham/scad_event_entailment,Gangs clash in southern Mexico in a battle over the control of drug and human smuggling routes.,The event described in this text is a strike.,1,0
event_test_578,578,mlburnham/scad_event_entailment,Intelligence agents arrested and beat up four radio journalists,The event described in this text is a strike.,1,0
event_test_579,579,mlburnham/scad_event_entailment,Doctors on their national service strike because their allowances haven't been paid.,The event described in this text is a strike.,0,1
event_test_580,580,mlburnham/scad_event_entailment,"Muslim fundamentalists attempted to destroy a shrine in Rajma, but were stopped by local militia and national security forces. Three individuals were killed and many others wounded.",The event described in this text is a strike.,1,0
event_test_581,581,mlburnham/scad_event_entailment,Farmers in vineyard region went on strike to demand higher wages.,The event described in this text is a strike.,0,1
event_test_582,582,mlburnham/scad_event_entailment,"Members of the anti-Aristide militant group Artibonite Revolutionary Resistance Front exchanged gunfire with police, and one passerby was killed.",The event described in this text is a strike.,1,0
event_test_583,583,mlburnham/scad_event_entailment,"Government troops opened fire on each other at a sports stadium, journalist Mohamud Ali Yare was killed by stray bullet.",The event described in this text is a strike.,1,0
event_test_584,584,mlburnham/scad_event_entailment,"Civilian groups, one demanding expulsion of US ambassador, clashed in front of embassy.",The event described in this text is a strike.,1,0
event_test_585,585,mlburnham/scad_event_entailment,protesters organized by opposition parties. Police use tear gas.,The event described in this text is a strike.,1,0
event_test_586,586,mlburnham/scad_event_entailment,Mutinous soldiers shoot an officer,The event described in this text is a strike.,1,0
event_test_587,587,mlburnham/scad_event_entailment,Government forces engaged in a shootout with IS members after police attempted to raid their hideout,The event described in this text is a strike.,1,0
event_test_588,588,mlburnham/scad_event_entailment,A newly-formed rebel group sabotaged an oil pipeline to demand greater oil resources for the people of the Niger Delta region,The event described in this text is a strike.,1,0
event_test_589,589,mlburnham/scad_event_entailment,An unknown group attacked civilians traveling from Nimuli to Juba,The event described in this text is a strike.,1,0
event_test_590,590,mlburnham/scad_event_entailment,1500 Suez Canal workers strike.,The event described in this text is a strike.,0,1
event_test_591,591,mlburnham/scad_event_entailment,Rugby players refused to practice to demand higher bonuses for the previous season.,The event described in this text is a strike.,0,1
event_test_592,592,mlburnham/scad_event_entailment,"Leaders of Egypt's journalists' union and leaders of the Cairo-based Arab lawyers' union call a short, symbolic work stoppage to mark what Arabs call Al-Nakba, or the catastrophe of the creation of Israel.",The event described in this text is a strike.,0,1
event_test_593,593,mlburnham/scad_event_entailment,"Citizens of a small town reacted with violence after two local musicians were killed by (allegedly) conservative Salafists, burning down a suspect's house, destroying a charity building one of the suspects worked at, and holding up traffic and railway shipments.",The event described in this text is a strike.,1,0
event_test_594,594,mlburnham/scad_event_entailment,Employees at Gabon's sole oil refinery launched a strike over redundancies and the closure of several employee medical services,The event described in this text is a strike.,0,1
event_test_595,595,mlburnham/scad_event_entailment,"Teachers strike demanding back pay, food incentives, better working conditions and transportation allowances.",The event described in this text is a strike.,0,1
event_test_596,596,mlburnham/scad_event_entailment,Boko Haram killed 15 villagers in Kambari.,The event described in this text is a strike.,1,0
event_test_597,597,mlburnham/scad_event_entailment,Shopkeepers strike in protest of new tax of 3% of monthly sales.,The event described in this text is a strike.,0,1
event_test_598,598,mlburnham/scad_event_entailment,Unknown number of grenade attacks on oil company vehicles and marketplaces.,The event described in this text is a strike.,1,0
event_test_599,599,mlburnham/scad_event_entailment,"A UN vehicle was hit by an explosion near the airport in Kidal, injuring 7 peacekeepers.",The event described in this text is a strike.,1,0
event_test_600,600,mlburnham/scad_event_entailment,"Court workers strike, demanding higher wages and benefits",The event described in this text is a strike.,0,1
event_test_601,601,mlburnham/scad_event_entailment,The Canal Free Zone's business association stages a one-day strike to protest a tax hike; about 2000 businessmen participate. 200 unemployed people gather to support the strike.,The event described in this text is a strike.,0,1
event_test_602,602,mlburnham/scad_event_entailment,A vehicle the U.N.-O.A.S. was traveling in was surrounded by government forces and hit with rifles and batons.,The event described in this text is a strike.,1,0
event_test_603,603,mlburnham/scad_event_entailment,About 750 Port-Au-Prince public employees shut down City Hall and went on strike to demand back pay owed by the federal government.,The event described in this text is a strike.,0,1
event_test_604,604,mlburnham/scad_event_entailment,"2000 public sector doctors strike to get wage negotiations restarted. In May, they invade a government building, but riot police evict them.",The event described in this text is a strike.,0,1
event_test_605,605,mlburnham/scad_event_entailment,Miners on strike as company has not paid a promised bonus,The event described in this text is a strike.,0,1
event_test_606,606,mlburnham/scad_event_entailment,"Around 10,000 of protesters marched in Bamako in support of the Malian army and calling for a West African force to intervene and retake Mali's north from occupying Islamist forces.",The event described in this text is a strike.,1,0
event_test_607,607,mlburnham/scad_event_entailment,Four people died in renewed clashes between the opposition and the police. The parties blamed each other for the violence.,The event described in this text is a strike.,1,0
event_test_608,608,mlburnham/scad_event_entailment,"General strike called to protest termination of public works projects, demand better electric service and inflation control, escalated to riot.",The event described in this text is a strike.,0,1
event_test_609,609,mlburnham/scad_event_entailment,Youths suspected of supporting CCM beat CUF supporters and torch houses,The event described in this text is a strike.,1,0
event_test_610,610,mlburnham/scad_event_entailment,"Municipal workers strike over pay, stage protest marches in several major cities. Several of these marches degenerate into violence and looting.",The event described in this text is a strike.,0,1
event_test_611,611,mlburnham/acled_event_entailment,"an unidentified armed group threw a grenade, killing 2 civilians in Ruvumu (Kiganda, Muramvya). Land conflicts are determined to be behind this attack. 1 child was injured. 2 people have been arrested.",This text is about grenade use.,0,1
event_test_612,612,mlburnham/acled_event_entailment,'1 ICRC national staff guard killed when unidentified man hurled a hand grenade to a house of international organization',This text is about grenade use.,0,1
event_test_613,613,mlburnham/acled_event_entailment,"2 women and a man were injured in a grenade hurled by an unidentified group in Tarinkot district, Urozgan province.",This text is about grenade use.,0,1
event_test_614,614,mlburnham/acled_event_entailment,"suspected militants (coded as Kashmir Rebels) threw a grenade at a CRPF bunker at Gulshan Nagar in Naugam town (Srinagar, J&K). No injuries were reported after the grenade failed to explode.",This text is about grenade use.,0,1
event_test_615,615,mlburnham/acled_event_entailment,Unidentified attackers hurled two hand grenades at Xamar Weyne Police Station (Xamar Weyne/Hawl-Wadaag District) in the evening of 10/10. No casualties were reported. The perpetrators escaped.,This text is about grenade use.,0,1
event_test_616,616,mlburnham/acled_event_entailment,A minor girl was killed and and her little brother injured in a hand grenade blast at a bungalow in PECH Society.No group has claimed responsibility for the attack.,This text is about grenade use.,0,1
event_test_617,617,mlburnham/acled_event_entailment,"unidentified militants (coded as Kashmir Rebels) lobbed a grenade at a police vehicle at Batamaloo town (Srinagar district, J&K). There were no casualties.",This text is about grenade use.,0,1
event_test_618,618,mlburnham/acled_event_entailment,"an unidentified Palestinian group threw a pipe bomb at Israeli forces in Zububah (Jenin, West Bank). No casualties occurred.",This text is about grenade use.,0,1
event_test_619,619,mlburnham/acled_event_entailment,Unidentified attackers threw a hand grenade against Jubaland forces in Wamo section in Farjano neighbourhood (Kismaayo) in the evening of 20/03. No casualties were reported. The perpetrators escaped.,This text is about grenade use.,0,1
event_test_620,620,mlburnham/acled_event_entailment,At one person has been wounded in a grenade explosion in Mogadishus Suuq Baad neighborhood,This text is about grenade use.,0,1
event_test_621,621,mlburnham/acled_event_entailment,A hand grenade was hurled at a TFG guest-house that was accommodating three TFG MPs. The perpetrators escaped unidentified. No casualties were reported,This text is about grenade use.,0,1
event_test_622,622,mlburnham/acled_event_entailment,"group of unidentified assailants hurled a bomb at a passport office injuring two law enforcers, at Jessore city.",This text is about grenade use.,0,1
event_test_623,623,mlburnham/acled_event_entailment,3 MQM MPA's were among the 29 injured and one has since succumbed to his injuries in a hand grenade attack on the party's camp in Orangi Town. Jamaatul Ahrar has claimed responsibility for the attack,This text is about grenade use.,0,1
event_test_624,624,mlburnham/acled_event_entailment,Unidentified attackers hurled a hand grenade at police vehicle in Saraha neighbourhood (Marka) in the morning of 07/05. Reports indicate that the vehicle was carrying two local police commanders accompanying SNG Prime Minister during his visit to Marka. The two commanders were injured in the blast. The perpetrators escaped from the scene. It is not clear if the intended target of the attackers was the police or the government official.,This text is about grenade use.,0,1
event_test_625,625,mlburnham/acled_event_entailment,"A Grenade attack targets a security forces checkpoint and police station injuring three,attackers escaped the scene. No group has yet to claim either attack.",This text is about grenade use.,0,1
event_test_626,626,mlburnham/acled_event_entailment,"2018 in Nis, Serbia an explosive device was thrown at a citizen's house.",This text is about grenade use.,0,1
event_test_627,627,mlburnham/acled_event_entailment,Horn Afrik. Italian doctor wounded in a grenade attack on a hospital. Perpetrators unknown.,This text is about grenade use.,0,1
event_test_628,628,mlburnham/acled_event_entailment,"militants (coded as Baloch Separatists) on a motor cycle hurled a grenade into a house, it exploded in the courtyard, injuring a woman and her child on Mano Jan road in Quetta city (Quetta, Balochistan).",This text is about grenade use.,0,1
event_test_629,629,mlburnham/acled_event_entailment,"an unknown party carried out a grenade attack against Rudaw office in Erbil, a staff member, a driver and three security guards were wounded and two vehicles damaged.",This text is about grenade use.,0,1
event_test_630,630,mlburnham/acled_event_entailment,"Six grenades exploded, one soldier injured.",This text is about grenade use.,0,1
event_test_631,631,mlburnham/acled_event_entailment,"a grenade of 2 presumed ADF elements exploded in Beni, injuring 3 persons.",This text is about grenade use.,0,1
event_test_632,632,mlburnham/acled_event_entailment,22 June. Suspected al Shabaab assailant hurls a hand grenade towards a MoSF checkpoint in Hawl Wadaag. One MoSF soldier and two civilian bystanders were injured by the blast. The perpetrator escaped the scene.,This text is about grenade use.,0,1
event_test_633,633,mlburnham/acled_event_entailment,"in Jamundi municipality, Valle del Cauca, two armed men on a motorcycle threw a grenade to the car of an indigenous social leader, parked in front of a park in the indigenous reserve Kwesx Kiwe Nasa. No one was injured.",This text is about grenade use.,0,1
event_test_634,634,mlburnham/acled_event_entailment,Al Shabaab threw a hand grenade at government security forces (SNA) base in Afarta jirdiin neighborhood in Mogadishu - Yaqshid (Banadir). There were no casualties. Al Shabaab claimed responsibility. Other sources reported that one SNA was injured.,This text is about grenade use.,0,1
event_test_635,635,mlburnham/acled_event_entailment,an unidentified gunman threw a grenade at a market in Suq al Haraj in Ash Shaikh Outhman district (Aden) injuring 4 civilians including 3 children.,This text is about grenade use.,0,1
event_test_636,636,mlburnham/acled_event_entailment,"unidentified person carried out a grenade attack on an army camp at Tahab village (Pulwama, J&K).",This text is about grenade use.,0,1
event_test_637,637,mlburnham/acled_event_entailment,"A Grenade attack targets a security forces checkpoint and police station injuring three, attackers escaped the scene. Al Shabaab claimed responsibility for the attack.",This text is about grenade use.,0,1
event_test_638,638,mlburnham/acled_event_entailment,"On Oct. 10 2018, unidentified attackers threw a grenade into the house of the father of the C14 coordinator Serhii Mazur in Boryspil, Kiev. Mazur's father got injured.",This text is about grenade use.,0,1
event_test_639,639,mlburnham/acled_event_entailment,"Unknown men reportedly attacked the textile factory in Ash Sheikh Othman with SAF and RPGs, destroying a weapons storage. The source mentioned that Al-Mihdhar battalion (pro-Hadi force) was positioned in the factory.",This text is about grenade use.,0,1
event_test_640,640,mlburnham/acled_event_entailment,1 Afghan Policeman was killed and 6 were wounded by a grenade attack conducted by unidentified armed militants in Kabul city.,This text is about grenade use.,0,1
event_test_641,641,mlburnham/acled_event_entailment,Unidentified attackers hurled a hand grenade at the residence of the Jubaland deputy army commander (Ali Gardhub) in Siinay neighbourhood of Kismaayo in the evening of 14/11. No casualties were reported. The perpetrators escaped from the scene.,This text is about grenade use.,0,1
event_test_642,642,mlburnham/acled_event_entailment,unknown tribal militants conducted a tribally motivated attack with a hand grenade targeting a civilian residence in the Ur neighborhood of Baghdad - Adhamiya. The blast injured 4. There were no fatalities.,This text is about grenade use.,0,1
event_test_643,643,mlburnham/acled_event_entailment,"in Ta/15 ward administration office in Shwepyithar township (Yangon-North district, Yangon region), a hand grenade was thrown into the office. There were no casualties.",This text is about grenade use.,0,1
event_test_644,644,mlburnham/acled_event_entailment,"unknown gunmen threw a hand grenade at a car in Jarablus city in Aleppo countryside, damaging the car, without causing any casualties.",This text is about grenade use.,0,1
event_test_645,645,mlburnham/acled_event_entailment,unidentified assailants threw a hand grenade at the STC Security Belt forces HQs in Lawdar city (Abyan). There were no injuries or fatalities.,This text is about grenade use.,0,1
event_test_646,646,mlburnham/acled_event_entailment,"Unidentified assailants, suspected of being AS members, hurled a hand grenade against a hotel(Mom) near Hirshabelle state house on 20/12. Their target is believed to be two soldiers who were guarding the hotel. Two civilians and a soldier got injured in the explosion.",This text is about grenade use.,0,1
event_test_647,647,mlburnham/acled_event_entailment,"A grenade explosion killed a three-year-old child and seriously wounded four others in southwest Cyangugu District in Gataranga village, Kigirwe sector, in Nyakabuye Commune. (responsible party unknown).",This text is about grenade use.,0,1
event_test_648,648,mlburnham/acled_event_entailment,unknown militants targeted a gas/petrol station and a hotel with hand grenades in the Sadoon area of Baghdad - Rusafa. The security forces arrested 2 militants for conducting the attacks. There were no casualties.,This text is about grenade use.,0,1
event_test_649,649,mlburnham/acled_event_entailment,Grenades thrown at a minibus. 2 injured.,This text is about grenade use.,0,1
event_test_650,650,mlburnham/acled_event_entailment,"Grenade attack on house of Christian Rajaobelina, local public prosecutor",This text is about grenade use.,0,1
event_test_651,651,mlburnham/acled_event_entailment,BLA militants lobbed a grenade at Khuzdar city (Balochistan) at a stall selling Pakistan flags. One person was killed and four others were left injured in the explosion.,This text is about grenade use.,0,1
event_test_652,652,mlburnham/acled_event_entailment,Unidentified attackers hurled two simultaneous hand grenades at police at Bakaara Junction (Hodan District) in the evening of 26/06. A police officer and two civilian bystanders were killed and three other people were injured in the blast. The perpetrators escaped.,This text is about grenade use.,0,1
event_test_653,653,mlburnham/acled_event_entailment,A grenade attack injured four people while police conducted searches in the Musaga neighbourhood of Bujumbura.,This text is about grenade use.,0,1
event_test_654,654,mlburnham/acled_event_entailment,"a house was damaged in a grenade attack in the industrial town of Hub, no one was injured.",This text is about grenade use.,0,1
event_test_655,655,mlburnham/acled_event_entailment,Unknown groups threw hand grenades to Madina hotel in Hamarjajab and in this hotel there lives delegates from Puntland and one of the deligates was wounded in the explosion as the district commissioner told Shabelle.,This text is about grenade use.,0,1
event_test_656,656,mlburnham/acled_event_entailment,"a police officer threw a grenade in Opishnya, Poltava, wounding a civilian woman. His motive is unclear.",This text is about grenade use.,0,1
event_test_657,657,mlburnham/acled_event_entailment,"Al Shabaab carries out a grenade attack on Jowhar airfield, resulting in the deaths of at least seven soldiers.",This text is about grenade use.,0,1
event_test_658,658,mlburnham/acled_event_entailment,2 people were injured by a grenade thrown at a house.,This text is about grenade use.,0,1
event_test_659,659,mlburnham/acled_event_entailment,"Two grenades were hurled overnight in the Jabe neighborhood of Bujumbura, but no injuries were reported.",This text is about grenade use.,0,1
event_test_660,660,mlburnham/acled_event_entailment,2 died and 6 were wounded in a grenade attack at a bar. The perpetrators remain unidentified.,This text is about grenade use.,0,1
event_test_661,661,mlburnham/acled_event_entailment,"Al Shabaab militants threw a hand grenade at government forces (assumed military) in the Xero-Tolmo Govt Forces camp near the Ministry of Defence in Mogadishu-Hodan (Hodan, Banadir).",This text is about grenade use.,0,1
event_test_662,662,mlburnham/acled_event_entailment,"in San Jose de Guanipa (Anzoategui), members of an organized crime group threw a grenade into a gas station on La Paz street, damaging the business and some nearby cars. The owner of the targeted business was known to have refused to pay extortion demands made by criminals in the area. There were no fatalities.",This text is about grenade use.,0,1
event_test_663,663,mlburnham/acled_event_entailment,"Unidentified gunmen threw an explosive device at a police station in Krayter district, Aden. No injuries reported.",This text is about grenade use.,0,1
event_test_664,664,mlburnham/acled_event_entailment,"Unidentified attackers threw a hand grenade against the security guards of Ambassador Hotel (Hodan District) in the evening of 02/02. Unconfirmed reports indicate that some civilians may have been injured or killed by the blast, though this has not been not confirmed. The perpetrators escaped from the scene.",This text is about grenade use.,0,1
event_test_665,665,mlburnham/acled_event_entailment,"one killed five wounded in grenade attack, including soldiers. perp unnamed",This text is about grenade use.,0,1
event_test_666,666,mlburnham/acled_event_entailment,"unidentified people threw a grenade and injured six on duty security forces (coded as Federal Police), including five militias, in Woldiya town (Weldiya, North Wello, Amhara). Following the attack, gunfire was heard in the town. No further information about the gunfire.",This text is about grenade use.,0,1
event_test_667,667,mlburnham/acled_event_entailment,"in Barranquilla (Atlantico), two unidentified individuals threw a grenade at the house of the director of the youth division of the Green Alliance (AV) political party in the San Roque neighborhood. The AV member was inside the house at the moment of the attack, however, he was unharmed. One of the suspects clashed with police officers after perpetrating the attack (coded separately). There were no casualties.",This text is about grenade use.,0,1
event_test_668,668,mlburnham/acled_event_entailment,"no injuries were reported when suspected militants (coded as Kashmir Rebels) launched a grenade at an army camp in Sumbal town (Bandipora, J&K).",This text is about grenade use.,0,1
event_test_669,669,mlburnham/acled_event_entailment,"Mohammed Javed (24), commander of Jamaat-ul Mujahideen (JMB) Chittagong unit, was killed, and two police men were injured in a grenade explosion in Ananya residential area in Chittagong on Wednesday [7October]. The police was conducting a raid, together with the earlier captured Javed, when JMB members threw a granade at them.",This text is about grenade use.,0,1
event_test_670,670,mlburnham/acled_event_entailment,"Unknown armed men reportedly throw a grenade at a military vehicle in Sayrah district, which resulted in injuring three soldiers.",This text is about grenade use.,0,1
event_test_671,671,mlburnham/acled_event_entailment,"Suspected BIFF threw a grenade at civilians in Barangay Kolambog, Pikit, Cotabato on 15 April. Three civilians were injured.",This text is about grenade use.,0,1
event_test_672,672,mlburnham/acled_event_entailment,"Ethiopian soldier throws grenade inside hotel, three civilians killed",This text is about grenade use.,0,1
event_test_673,673,mlburnham/acled_event_entailment,"in Mahaaungmyay township (Mandalay district, Mandalay region), an unidentified armed group carried out grenade attack against two traffic police officers who were stopping people for security check at around 2 pm on the corner of 78th and 37th streets. Casualties unknown.",This text is about grenade use.,0,1
event_test_674,674,mlburnham/acled_event_entailment,Grenades launched in Cibitoke.,This text is about grenade use.,0,1
event_test_675,675,mlburnham/acled_event_entailment,"unidentified armed men threw a hand grenade targeting a Shiite gathering in Al Qasim in al-Hashimiya district, Babylon province. Only material damages were reported.",This text is about grenade use.,0,1
event_test_676,676,mlburnham/acled_event_entailment,"in Puerto Jordan, Arauquita, ELN members threw a hand grenade to a checkpoint of the military forces. One soldier and one civilian resulted injured.",This text is about grenade use.,0,1
event_test_677,677,mlburnham/acled_event_entailment,unidentified gunmen threw 2 grenades at the head of the Karak municipality's vehicle in Karak in Dar'a. Neither fatalities nor injuries were reported.,This text is about grenade use.,0,1
event_test_678,678,mlburnham/acled_event_entailment,at least 20 people were injured after a hand grenade exploded outside Balochistan Awami Party's electoral office in Dalbadin. It was not clear who threw the grenade.,This text is about grenade use.,0,1
event_test_679,679,mlburnham/acled_event_entailment,"in Htaukkyant town (Mingaladon township, Yangon-North district, Yangon region), an unidentified armed group on a motorcycle attacked the guardhouse at the entrance of the military base (LIB-106) with a handmade grenade at around 10 pm, injuring a military soldier.",This text is about grenade use.,0,1
event_test_680,680,mlburnham/acled_event_entailment,Unknown men hurled hand grenades to the district commissioners residence in Wadajir/Medina district. No injuries reported.,This text is about grenade use.,0,1
event_test_681,681,mlburnham/acled_event_entailment,"HBDH militants attacked drug sellers via improvised explosive devices [presumably thrown] in Sehitlik neighborhood of Yenisehir town, Diyarbakir. Casualties unknown.",This text is about grenade use.,0,1
event_test_682,682,mlburnham/acled_event_entailment,Dozens of Ethiopian troops were injured after unknown persons hurled a hand grenade on a local administration office in Ambo.,This text is about grenade use.,0,1
event_test_683,683,mlburnham/acled_event_entailment,"militants (coded as Baloch Separatists) hurled a grenade at the residence of a PPP electoral candidate in Chitkan city (Panjgur, Balochistan) ahead of the elections. There were no casualties.",This text is about grenade use.,0,1
event_test_684,684,mlburnham/acled_event_entailment,The deputy district commissioner of Afgoi and two civilians were killed after unknown gunmen hurled a grenade at them. Four people have also been wounded in the incident.,This text is about grenade use.,0,1
event_test_685,685,mlburnham/acled_event_entailment,Tihama resistance attacked a pro-Houthi military vehicle with a hand grenade on Jaizan road in Ad Dahi area of Al Hudayda. No casualties were reported; June 29.,This text is about grenade use.,0,1
event_test_686,686,mlburnham/acled_event_entailment,"HBDH militants attacked the civilian house belonging to a Muslim religious sect via hand grenades and stun grenades in Haciahmet neighborhood of Beyoglu town, Istanbul, after its members participated in a street celebration for the victory of the political party they supported on 14 May elections. Casualties unknown.",This text is about grenade use.,0,1
event_test_687,687,mlburnham/acled_event_entailment,Unidentified persons attacked the house of district councillor Haji Gul Badshah in Naurang with a hand grenade.,This text is about grenade use.,0,1
event_test_688,688,mlburnham/acled_event_entailment,suspected Al Islah Party gunmen threw a grenade targeting the house of an official in Tariq Saleh's National Resistance Office in Taizz - Al Mujliyah (Al Qahirah). There were no fatalities or injuries.,This text is about grenade use.,0,1
event_test_689,689,mlburnham/acled_event_entailment,"in Demoso township (Loikaw district, Kayah state), an 11-year-old child was killed by an explosion of a grenade at around 4 pm after he played the grenade belonging to his elder brother who is a member of a local defense force.",This text is about grenade use.,0,1
event_test_690,690,mlburnham/acled_event_entailment,A grenade was thrown at a group of shoe sellers and buyers. No one was killed but 50 people were injured. (one source claimed 3 were killed).,This text is about grenade use.,0,1
event_test_691,691,mlburnham/acled_event_entailment,unknown militants threw sound grenades at the British Cambridge Institute in Palestine Street in Baghdad - 9 Nissan and the Caterpillar company office in Jadriya neighborhood of Baghdad - Karadah. Coded as 2 events. There were no casualties.,This text is about grenade use.,0,1
event_test_692,692,mlburnham/acled_event_entailment,Two police officers were killed when suspected insurgents threw hand grenades along a road leading to Mogadishus Bakara market. Two civilians were killed in that attack and a number of others wounded.,This text is about grenade use.,0,1
event_test_693,693,mlburnham/acled_event_entailment,"a civilian was wounded when Jaish-e-Mohammad (JeM) militants hurled a hand grenade towards Central Reserve Police Forces (CRPF) at K P Road, Anantnag.",This text is about grenade use.,0,1
event_test_694,694,mlburnham/acled_event_entailment,"in Mahaaungmyay township (Mandalay district, Mandalay region), an improvised grenade was exploded in the compound of gemstone market. There were no casualties. The Black Image claimed responsibility. The group said it was a warning to gemstone dealers for operating in military-controlled gemstone marketplace.",This text is about grenade use.,0,1
event_test_695,695,mlburnham/acled_event_entailment,Unknown men hurled a hand grenade at the house of Khyber Pakhtunkhwa provincial minister Ali Amin in Dera Ismail Khan. No one was hurt.,This text is about grenade use.,0,1
event_test_696,696,mlburnham/acled_event_entailment,"An unidentified attacker threw a hand grenade at an military house located in Arafat area in Yaaqshiid District. The grenade reportedly missed the intended target and hit the perimeter wall of the building, causing no casualties. The attacker managed to escape unidentified.",This text is about grenade use.,0,1
event_test_697,697,mlburnham/acled_event_entailment,"On Nov 09, the house of a judge with counter-terrorism unit was attacked by IS militants using a hand grenade. Material damages reported.",This text is about grenade use.,0,1
event_test_698,698,mlburnham/acled_event_entailment,"unidentified people have thrown an improvised explosive in a residential street in Daglioglu neighborhood of Seyhan, Adana. No casualties occurred, but the explosion caused panic among residents and shattered windows of some houses, causing material damage.",This text is about grenade use.,0,1
event_test_699,699,mlburnham/acled_event_entailment,"Al Shabaab hurled a hand grenade at the Hirshabele Police checkpoint in Belet Weyne town (Belet Weyne, Hiraan). Four policemen were injured. Al Shabaab claimed responsibility.",This text is about grenade use.,0,1
event_test_700,700,mlburnham/acled_event_entailment,"DETONATION: 4 people were seriously injured following the explosion of a grenade in the Fatima district in the 3rd arrondissement. As a result, some households in nearby neighborhoods have left their homes to find shelter, elsewhere until Sunday, October 29",This text is about grenade use.,0,1
event_test_701,701,mlburnham/acled_event_entailment,"an unidentified armed group threw a hand grenade at a restaurant in Bahir Dar, Bahir Dar town (Wes Gojam, Amhara), resulting in 3 civilians killed and 10 more people injured.",This text is about grenade use.,0,1
event_test_702,702,mlburnham/acled_event_entailment,"an unidentified armed group threw 2 grenades at a bus station parking lot in downtown Bujumbura (Mukaza, Bujumbura Mairie). Between 0 and 2 reported fatalities. One of the attackers who threw the grenade was injured by his grenade. This was one of at least 5 grenade attacks in Bujumbura on this evening. Total injuries between all attacks are around 80. There have been several subsequent arrests.",This text is about grenade use.,0,1
event_test_703,703,mlburnham/acled_event_entailment,"An AQAP militant threw a grenade into an al Houthi-Saleh security headquarters, killing three troops and injuring five others, in Ibb city on April 26.",This text is about grenade use.,0,1
event_test_704,704,mlburnham/acled_event_entailment,"overnight, Al Shabaab threw two hand grenades against government security forces (SNA) on foot patrol in Afgooye town (Afgooye, Lower Shabelle). There were no casualties. Al Shabaab claimed responsibility.",This text is about grenade use.,0,1
event_test_705,705,mlburnham/acled_event_entailment,"at least 5 civilians were wounded in a hand grenade explosion thrown by unknown armed men from an apartment building in the Sayed Abad (PD7) area of Mazar-e-Sharif, Balkh. No group has claimed responsibility for the attack, and no arrest was made in connection to the incident.",This text is about grenade use.,0,1
event_test_706,706,mlburnham/acled_event_entailment,"4 Taliban members were wounded when IS militants fired a grenade at them in Shinwar (Ghani Khel) district, Nangarhar. Other reports said 2 Taliban members were injured when a grenade fell down from the pocket of a Taliban member during pray in a mosque.",This text is about grenade use.,0,1
event_test_707,707,mlburnham/acled_event_entailment,"unidentified Palestinian militants threw explosive devices toward Israeli military forces positioned at the entrance of Bayt Ummar village (Hebron, West Bank). Also, rioters clashed with soldiers who fired rubber bullets, stun grenades, and tear gas. There were no casualties.",This text is about grenade use.,0,1
event_test_708,708,mlburnham/acled_event_entailment,Four died and 27 were injured in a grenade explosion in a bar in the Ngozi area.,This text is about grenade use.,0,1
event_test_709,709,mlburnham/acled_event_entailment,unknown armed men threw an IED at an Israeli military patrol near the Ibrahimi mosque in Hebron city. There were no casualties as a result.,This text is about grenade use.,0,1
event_test_710,710,mlburnham/acled_event_entailment,At least five bomb explosions rocked the Somali capital: Two grenade explosions occurred in Bakara Market. 2 people were killed and five others have been wounded in the latest grenade attack in Bakara market.,This text is about grenade use.,0,1
event_test_711,711,mlburnham/acled_event_entailment,Al Shabaab hurled a hand grenade at a moving SNA vehicle passing through Fagah junction in Yaqshid district. The grenade landed and exploded onto an empty place causing no damages or fatalities. The perpetrators escaped.,This text is about grenade use.,0,1
event_test_712,712,mlburnham/acled_event_entailment,"unknown gunmen threw a grenade at a restaurant in the city of Gao (Gao, Gao). Three people were wounded including two men and a woman.",This text is about grenade use.,0,1
event_test_713,713,mlburnham/acled_event_entailment,IS members threw a hand grenade at the house of Thiban governor in Deir ez Zor countryside. There were no casualties.,This text is about grenade use.,0,1
event_test_714,714,mlburnham/acled_event_entailment,"a hand grenade attack took place near an Ehsaas Programme center at a college in Liaquatabad town (Karachi City, Sindh), killing one and wounding six others. Under the programme cash was being distributed among the needy. No group has claimed responsibility for the attack.",This text is about grenade use.,0,1
event_test_715,715,mlburnham/acled_event_entailment,unknown militants targeted a civilian residence with a hand grenade injuring 2 civilians in Al-Obeidi area in Baghdad - 9 Nissan. There were no fatalities.,This text is about grenade use.,0,1
event_test_716,716,mlburnham/acled_event_entailment,"a group of PKK members threw explosives targeting the local butcher shop in Sehitlik area of Yenisehir, Diyarbakir. The explosives hit two cars damaging them, no casualties.",This text is about grenade use.,0,1
event_test_717,717,mlburnham/acled_event_entailment,3 civilians were injured by a hand grenade explosion in front of a restaurant near Kunduz city of Kunduz province. It's unclear who was behind the attack.,This text is about grenade use.,0,1
event_test_718,718,mlburnham/acled_event_entailment,"A woman was injured in a grenade attack at Brewery Road, Quetta, when unidentified armed men threw a hand grenade into her house on 17 June 2010.",This text is about grenade use.,0,1
event_test_719,719,mlburnham/acled_event_entailment,An unidentified attacker hurled a hand grenade at Sahafi Hotel in Wadajir District in the night of 28/12. No casualties were reported. The hotels guards and police managed to arrest three people they suspected of being behind the attack.,This text is about grenade use.,0,1
event_test_720,720,mlburnham/acled_event_entailment,"militants (coded as Kashmir Rebels) lobbed a grenade at SSB forces in Nowhatta town (Srinagar district, J&K) in which three SSB personnel and one J&K police constable were injured.",This text is about grenade use.,0,1
event_test_721,721,mlburnham/acled_event_entailment,"unidentified assailants huled a grenade at a hotel in Anamaduwa city (Puttalam, North West), no casualties were reported. The hotel was holding a UNP meeting the next day.",This text is about grenade use.,0,1
event_test_722,722,mlburnham/acled_event_entailment,"Unidentified armed men attacked the district chief of Jani Khel of Paktia province by throwing a hand grenade at him, he was injured. No fatalities.",This text is about grenade use.,0,1
event_test_723,723,mlburnham/acled_event_entailment,Grenade attack in Butere; no injuries.,This text is about grenade use.,0,1
event_test_724,724,mlburnham/acled_event_entailment,"in Fortul, Arauca, a police station was attacked with an improvised explosive device that was thrown by unidentified men. There were no fatalities.",This text is about grenade use.,0,1
event_test_725,725,mlburnham/acled_event_entailment,Two injured in grenade attack.,This text is about grenade use.,0,1
event_test_726,726,mlburnham/acled_event_entailment,"JeM militants threw a grenade at a CRPF party in the Lal Chowk area of Srinagar city (J&K), leaving three CRPF troops, four policemen and four civilians injured.",This text is about grenade use.,0,1
event_test_727,727,mlburnham/acled_event_entailment,"Martyr Soro Amed Vengeance Units of YPS attacked a police vehicle in Eyupkent neighborhood of Eyyubiye district, Sanliurfa by throwing improvised explosives. No casualties reported.",This text is about grenade use.,0,1
event_test_728,728,mlburnham/acled_event_entailment,"two individuals were killed following the detonation of a suspected hand grenade, planted by an unidentified armed group in al-Fayha park in As-Sweida city.",This text is about grenade use.,0,1
event_test_729,729,mlburnham/acled_event_entailment,Unidentified attackers threw a hand grenade at SNG soldiers based near SOS Hospital in Heliwa District in the evening of 06/11. Casualties could not be established. The perpetrator escaped from the scene.,This text is about grenade use.,0,1
event_test_730,730,mlburnham/acled_event_entailment,"two killed in a grenade attack, perp unknown",This text is about grenade use.,0,1
event_test_731,731,mlburnham/acled_event_entailment,"an unidentified Palestinian militant(s) threw an explosive device at an Israeli military tower at the entrance of Bayt Ummar village (Hebron, West Bank). There were no casualties.",This text is about grenade use.,0,1
event_test_732,732,mlburnham/acled_event_entailment,Unidentified attackers threw a hand grenade at government soldiers positioned in Hanti-Wadag neighbourhood (Jowhar) in the night of 20/01. No casualties were reported. The perpetrators escaped.,This text is about grenade use.,0,1
event_test_733,733,mlburnham/acled_event_entailment,"in Tuxpan, Veracruz, unidentified men threw a grenade nearby the State Police station. No injured were reported.",This text is about grenade use.,0,1
event_test_734,734,mlburnham/acled_event_entailment,"Unidentified attackers threw three hand grenades against a compound occupied by religious leaders in Bulo-Hubey neighborhood in the evening of 04/12. The motive of the attack is unknown, with some sources mentioning that the compound is usually considered as being used as a Turkish-supported health post and that the attack was perpetrated by youths from the area who did not get a job from the Turks, while others indicate that the religious leaders were supporters of President Sharif and were targeted by AS.",This text is about grenade use.,0,1
event_test_735,735,mlburnham/acled_event_entailment,unknown tribal militants targeted a civilian residence with a sound grenade in a tribally motivated attack in between Sectors 7 and 8 of Baghdad - Sadr City. There were no fatalities.,This text is about grenade use.,0,1
event_test_736,736,mlburnham/acled_event_entailment,"Gunmen threw a grenade and killed Sheikh Adam Arbab, the Imam of El Geneina Grand Mosque.",This text is about grenade use.,0,1
event_test_737,737,mlburnham/acled_event_entailment,Unknown attackers hurled two hand grenades at a group of pro-government soldiers close to the police station in Beled Weyne in the evening of 23/04. One person was killed and several others were wounded. The motive for the attack remains unknown. The perpetrators managed to escape. A security operation was mounted after the attack and an unspecified number of suspects were arrested.,This text is about grenade use.,0,1
event_test_738,738,mlburnham/acled_event_entailment,"At least one person was killed and 10 were wounded Monday in a grenade attack at a bus stop in central Nairobi (Nairobi - Starehe), the second such incident in less than a day.",This text is about grenade use.,0,1
event_test_739,739,mlburnham/acled_event_entailment,"a hand grenade was hurled at municipal police who were collecting Tax Revenue in Bakaro Market village neighbourhood in Mogadishu-Hawl Wadaag (Hawl Wadaag, Banadir). Two people were killed while three others were injured by the explosion.",This text is about grenade use.,0,1
event_test_740,740,mlburnham/acled_event_entailment,Grenade attack on home of former president Albert Zafy,This text is about grenade use.,0,1
event_test_741,741,mlburnham/acled_event_entailment,unknown militants targeted the home of lawyer with 2 hand grenades in the Shorja area of Kirkuk city. Only material damages occurred. The same house had been targeted earlier in the week with a sound bomb.,This text is about grenade use.,0,1
event_test_742,742,mlburnham/acled_event_entailment,"an Al Shabaab militant threw a hand grenade at a security checkpoint near Bosaso's port entrance (Bossaso, Bari). Two Puntland police were injured by the blast.",This text is about grenade use.,0,1
event_test_743,743,mlburnham/acled_event_entailment,A man threw a grenade at the QSD headquarters near the Electricity Company building in the town of Basira. No injuries or fatalities were reported.,This text is about grenade use.,0,1
event_test_744,744,mlburnham/acled_event_entailment,1 child killed by grenade explosion in Bukemba.,This text is about grenade use.,0,1
event_test_745,745,mlburnham/acled_event_entailment,"unidentified gunmen threw a hand grenade at the residential home of a former federal parliamentarian in Tuurta, Bosaso town (Bossaso, Bari). There were no fatalities. Two bodyguards (coded as Puntland police) were injured.",This text is about grenade use.,0,1
event_test_746,746,mlburnham/acled_event_entailment,suspected Al Shabaab militants threw a hand grenade at government police forces at a checkpoint in Mogadishu - Karan (Banadir). No fatalities and/or injuries reported.,This text is about grenade use.,0,1
event_test_747,747,mlburnham/acled_event_entailment,"in Myawaddy town (Myawaddy Township, Myawaddy District, Kayin State), a motorcyclist threw a grenade at the No. 3 Ward Administration Office at 8:15 PM. There were no casualties, but a car parked at the side of the road was hit. An unexploded bomb was found in Ward 4 later that night.",This text is about grenade use.,0,1
event_test_748,748,mlburnham/acled_event_entailment,"1 child was killed and another wounded when a grenade they found exploded in Drankola, Sirba locality.",This text is about grenade use.,0,1
event_test_749,749,mlburnham/acled_event_entailment,"an unidentified individual detonated a grenade when a police officer was trying to evacuate him from the metro tracks at San Antonio station in Medellin (Medellin, Antioquia).",This text is about grenade use.,0,1
event_test_750,750,mlburnham/acled_event_entailment,"in Tibu (Norte de Santander), two unidentified armed individuals on a motorcycle threw a grenade at a group of soldiers in front of a military base. One soldier was injured and taken to hospital. There is presence of armed groups in the area. There were no fatalities.",This text is about grenade use.,0,1
event_test_751,751,mlburnham/acled_event_entailment,Two separate explosions in Baidoa killed at least one civilian and wounded half a dozen people when suspected insurgents hurled hand grenades inside a crowded market.,This text is about grenade use.,0,1
event_test_752,752,mlburnham/acled_event_entailment,An unknown attacked threw a hand grenade at the former home of the area district commissioner. His personal guards returned fire.,This text is about grenade use.,0,1
event_test_753,753,mlburnham/acled_event_entailment,several people were injured when the house of an ANP leader was attacked by an unidentified armed group with hand grenades in Karachi city (Sindh).,This text is about grenade use.,0,1
event_test_754,754,mlburnham/acled_event_entailment,Suspected al Shabaab throws two hand grenades at a police station in Karan. No reported fatalities.,This text is about grenade use.,0,1
event_test_755,755,mlburnham/acled_event_entailment,10 July. Suspected al Shabaab assailants hurl a hand grenade towards the SNAF checkpoint located in Buulo Folyo.,This text is about grenade use.,0,1
event_test_756,756,mlburnham/acled_event_entailment,an unidentified individual threw a hand grenade at a Fatah Movement office in the Palestinian refugee camp of Mieh Mieh.,This text is about grenade use.,0,1
event_test_757,757,mlburnham/acled_event_entailment,"in Los Patios, Norte de Santander, an unidentified man threw a grenade to the house of a the owner of coal mine in Portal neighbourhood. Nobody was at the house at the moment of the attack. Motives of the attack and information on the group responsible are unknown. No fatalities or injuries occurred.",This text is about grenade use.,0,1
event_test_758,758,mlburnham/acled_event_entailment,"overnight, Al Shabaab threw a hand grenade against government security forces (SNA) at a checkpoint in Afgooye town (Afgooye, Lower Shabelle). There were no fatalities. Two soldiers were injured. Al Shabaab claimed responsibility.",This text is about grenade use.,0,1
event_test_759,759,mlburnham/acled_event_entailment,unknown militants attacked a civilian residence with hand grenades and small arms in the Takiya neighborhood of Baquba city. 4 civilians - including a child - were injured.,This text is about grenade use.,0,1
event_test_760,760,mlburnham/acled_event_entailment,unknown militants targeted the offices of the Minister of Labor with a hand grenade in the Nahrawan area of Baghdad. Only material damages occurred. There were no casualties.,This text is about grenade use.,0,1
event_test_761,761,mlburnham/acled_event_entailment,"in Ciudad de Mexico - Cuauhtemoc, an explosive device was thrown by armed men on a motorcycle at the 'Ricardo Flores Magon' state police station in colonia Atlampa. After the explosion, two police officers were injured and the facilities were damaged. 2 injured.",This text is about grenade use.,0,1
event_test_762,762,mlburnham/acled_event_entailment,"government soldiers (SNA) threw a hand grenade at security forces at a checkpoint near Luuq District Commissioner residence which is close to the airstrip at Hilaac neighborhood in Luuq town (Luuq, Gedo). One SNA soldier was arrested. There were no casualties.",This text is about grenade use.,0,1
event_test_763,763,mlburnham/acled_event_entailment,"in Barangay Putik, Zamboanga City, Zamboanga del Sur, a grenade by an unidentified armed group exploded along Maria Clara Lorenzo Lobregat Highway. No one was injured in the explosion but a small portion of a resident's roof was damaged.",This text is about grenade use.,0,1
event_test_764,764,mlburnham/acled_event_entailment,"Unidentified attackers threw a hand grenade at the premises of a sugar factory near Yaaqshid police station. One employee of the sugar company was killed in the blast, while six others were injured. Authorities believe the target of the explosives were soldiers who typically and chew khat in front of the store frequently. The attackers managed to escape.",This text is about grenade use.,0,1
event_test_765,765,mlburnham/acled_event_entailment,"A handmade grenade exploded in al-Omraneya neighborhood in Giza early on Saturday, but no damages or casualties were reported",This text is about grenade use.,0,1
event_test_766,766,mlburnham/acled_event_entailment,"an unknown gunman threw a hand grenade at the house of a Palestinian National Authority member, in Ein el Hilweh refugee camp. No casualties reported by source.",This text is about grenade use.,0,1
event_test_767,767,mlburnham/acled_event_entailment,"25th December, 2100L, Karaan, Mogadishu: Unconfirmed reports have stated that grenades have been thrown at a police station in the Karaan district. Causalities currently unknown.",This text is about grenade use.,0,1
event_test_768,768,mlburnham/acled_event_entailment,"unidentified assailants (coded as TTP) attacked a police post with grenade in Topi tehsil (Swabi, KPK). Boundary wall of the police post was damaged in the incident. There were no fatalities.",This text is about grenade use.,0,1
event_test_769,769,mlburnham/acled_event_entailment,Unidentified people set off grenade at 10pm in Rureng. A man and a woman riding a motorcycle were caught in the blast. The woman was killed and the man seriously injured.,This text is about grenade use.,0,1
event_test_770,770,mlburnham/acled_event_entailment,"A policeman threw a grenade at a bistro in the Kavogero neighbourhood, injuring 5 people one seriously. He is now detained by the police in Kirundo.",This text is about grenade use.,0,1
event_test_771,771,mlburnham/acled_event_entailment,"overnight, suspected Al Shabaab threw a hand grenade targeting government security forces (SNA) in the Berdale neighborhood in Baidoa town (Baydhaba, Bay). There were no casualties.",This text is about grenade use.,0,1
event_test_772,772,mlburnham/acled_event_entailment,A grenade attack in Taling Chan district in Bangkok Province injured four people at a roadside food stall on Jan 25. An M40 grenade was thrown at a roadside food stall on Soi Wat Chang Lek. One man and three women were slightly injured.,This text is about grenade use.,0,1
event_test_773,773,mlburnham/acled_event_entailment,"unidentified armed men hurled a grenade at the house of a JI leader, injuring three, including two children in Badaber area in Peshawar city (Peshawar, KPK). No group has claimed responsibility for the attack.",This text is about grenade use.,0,1
event_test_774,774,mlburnham/acled_event_entailment,two civilians were injured when militants (coded as Kashmir Rebels) lobbed a grenade at security forces in Habak city (J&K).,This text is about grenade use.,0,1
event_test_775,775,mlburnham/acled_event_entailment,"in Puerto Gaitan (Meta), unidentified individuals on a motorcycle threw a grenade into a public area, injuring four people. Although the perpetrators have not been confirmed, authorities believe that the incident is related to extortion payments to armed groups.",This text is about grenade use.,0,1
event_test_776,776,mlburnham/acled_event_entailment,"unidentified gunmen targeted a civilian property in Abu Hardoub village in Deir-ez-Zor with a grenade, killing 3 brothers.",This text is about grenade use.,0,1
event_test_777,777,mlburnham/acled_event_entailment,Government forces come under grenade attack from suspected al-Shabaab fighters in Baidoa town. Causality list not provided.,This text is about grenade use.,0,1
event_test_778,778,mlburnham/acled_event_entailment,"in the rural area of Rio Negro corregimiento (Huila), perpetrators threw an explosive device at the house of a member of the Rio Negro indigenous reserve area located near the San Miguel vereda. The blast injured one member of the family who was inside the residence at the moment of the explosion. Authorities claimed the attack was perpetrated by the Dagoberto Ramos FARC dissident faction. There were no fatalities.",This text is about grenade use.,0,1
event_test_779,779,mlburnham/acled_event_entailment,"an unidentified armed group reportedly threw grenades into a workshop in Amran (Amran, Amran) with no reports on damages, or fatalities but potentially injuries.",This text is about grenade use.,0,1
event_test_780,780,mlburnham/acled_event_entailment,"unidentified assailants lobbed a bomb (assumed grenade) at the residence of a BJP member in Karaimura village (Sepahijala, Tripura) after election results were announced for state assembly elections on 2 March 2023.",This text is about grenade use.,0,1
event_test_781,781,mlburnham/acled_event_entailment,At least three civilians killed in a grenade attack by unknown targetting TFG in the area.,This text is about grenade use.,0,1
event_test_782,782,mlburnham/acled_event_entailment,Unidentified attackers simultaneously hurled two hand grenades at Somali military forces guarding at former labour relation centre building in Hanti-Wadag neighbourhood (Jowhar) in the evening of 09/01. Reports indicate that the devices hit at the perimeter wall of the building causing no casualties. The perpetrators escaped.,This text is about grenade use.,0,1
event_test_783,783,mlburnham/acled_event_entailment,"Around 23 May 2023 (as reported), unknown militants detonated a sound grenade targeting a civilian in front of a real estate office in an unspecified location in Diyala province. 1 person was injured but there were no fatalities. Coded as provincial capital Baquba city.",This text is about grenade use.,0,1
event_test_784,784,mlburnham/acled_event_entailment,"Two hand grenades were thrown at a Fishing company and a police station in South Gaalkacyo. No one was injured in the attack and the perpetrators managed to escape. Retrieved www on 04/01/2010, http://www.hiiraan.com/news/2010/Jan/wararka_maanta3-8488.htm O3/Grenade attacks/(2/10)/ (00)/ Mudug/South Gaalkacyo/Somalia/ 20100104.304",This text is about grenade use.,0,1
event_test_785,785,mlburnham/acled_event_entailment,"Grenades thrown on the car of a Police Colonel (who was going back home), two injured.",This text is about grenade use.,0,1
event_test_786,786,mlburnham/acled_event_entailment,"unidentified armed men attacked a petrol pump with a grenade on Rawalpindi road in Kohat city (Kohat, KPK), injuring two salesmen. No group has claimed responsibility for the attack.",This text is about grenade use.,0,1
event_test_787,787,mlburnham/acled_event_entailment,"at least 2 civilians were killed and 5 were wounded when unknown attackers threw a grenade in the Tajkano village of Marja district, Helmand.",This text is about grenade use.,0,1
event_test_788,788,mlburnham/acled_event_entailment,"militants (coded as Baloch Separatists) attacked security forces (coded as military forces) at the airport checkpoint in Turbat town (Kech, Balochistan) throwing a hand grenade. No casualties reported, and no one has claimed responsibility for the attack.",This text is about grenade use.,0,1
event_test_789,789,mlburnham/acled_event_entailment,"in Dagon Myothit (South) township (Yangon-East district, Yangon region), a bomb was thrown at a police station on the south-north intersection at about 4 pm. There were no casualties.",This text is about grenade use.,0,1
event_test_790,790,mlburnham/acled_event_entailment,"Grenade thrown at residence of Victor Boto, president of the Constitutional High Court. Zafys bodyguard implicated",This text is about grenade use.,0,1
event_test_791,791,mlburnham/acled_event_entailment,YDG-H militants attacked a civilian property by throwing explosive devices in Baglar district of Diyarbakir for the alleged prostitution and drug-selling activities conducted. Source reported that the number of casualties could not be identified.,This text is about grenade use.,0,1
event_test_792,792,mlburnham/acled_event_entailment,in the early hours an explosive device was thrown into the home of PDRC's co-leader Issara Somchai in kwaeng Thung Song Hong in Lak Si district (Bangkok - Lak Si). No one was injured.,This text is about grenade use.,0,1
event_test_793,793,mlburnham/acled_event_entailment,Two passengers were killed and four others injured in a hand grenade attack on a passenger bus in Gilgit by unidentified gunmen.,This text is about grenade use.,0,1
event_test_794,794,mlburnham/acled_event_entailment,"Property destruction: On 31 May 2024, in Guadalupito district (La Libertad), an unknown number of unidentified suspects on a motorcycle threw an explosive device at the mayor's house (affiliated with Work Plus Work Movement) in the Campo Nuevo sector, damaging part of the exterior of the house. The mayor's family was at the house at the moment of the attack. The mayor had received extortion threats in the past, but it was not reported if the attack was linked. There were no casualties.",This text is about grenade use.,0,1
event_test_795,795,mlburnham/acled_event_entailment,"A boy died and 41 persons were wounded after three unidentified assailants threw grenades at a village carnival in Barangay Poblacion in Esperanza town, Sultan Kudarat on 21 Feb 2016. The Bangsamoro Islamic Freedom Fighters (BIFF) are being blamed for the attack, although allegations were not confirmed.",This text is about grenade use.,0,1
event_test_796,796,mlburnham/acled_event_entailment,Unidentified attackers threw a hand grenade at a teashop frequented heavily by government forces. A civilian man was reportedly killed while two others were injured. The assailant fled the scene.,This text is about grenade use.,0,1
event_test_797,797,mlburnham/acled_event_entailment,unidentified perpetrators threw an explosive device (suspected hand grenade) at the store owned by a Serbian citizen in Ranillug. Ranillug is a Serbian enclave in the south of Kosovo.,This text is about grenade use.,0,1
event_test_798,798,mlburnham/acled_event_entailment,unidentified gunmen targeted a QSD patrol in the town of Shadadah in Al-Hasakeh with a hand grenade. Neither injuries nor fatalities were reported.,This text is about grenade use.,0,1
event_test_799,799,mlburnham/acled_event_entailment,"Martyr Savas Amed Vengeance Unit attacked a patrolling police vehicle by throwing improvised explosives in Ipekyolu town, Van. The windows of the vehicle were reportedly damaged.",This text is about grenade use.,0,1
event_test_800,800,mlburnham/acled_event_entailment,Unidentified attackers threw a hand grenade at a private residence in Hanti-Wadaag neighbourhood (Jowhar) in the evening of 03/07. One person (a female) was reportedly injured in the blast. The motive of the attack remains unknown.,This text is about grenade use.,0,1
event_test_801,801,mlburnham/acled_event_entailment,three CRPF troopers and two civilians were injured when unidentified militants (coded as Kashmir Rebels) hurled a grenade at a CRPF party in Srinagar city's Fatehkadal area.,This text is about grenade use.,0,1
event_test_802,802,mlburnham/acled_event_entailment,"Two children were killed and 3 others injured when a hand grenade exploded in Sabunglong, Manipur, on 21 January 2018.",This text is about grenade use.,0,1
event_test_803,803,mlburnham/acled_event_entailment,Martyr Ciyager Hevi Vengeance Unit militants attacked a vehicle carrying gendarmerie soldiers with improvised explosive devices [presumably thrown] on Batman-Batiraman highway in the central district of Batman. Casualties unknown.,This text is about grenade use.,0,1
event_test_804,804,mlburnham/acled_event_entailment,"unknown militants targeted a civilian residence with a hand grenade in Hay Ur area, Baghdad - Adhamiya. The attack resulted in the injury of a civilian and a woman. There were no fatalities.",This text is about grenade use.,0,1
event_test_805,805,mlburnham/acled_event_entailment,"in Pyigyitagon township (Mandalay District, Manalay Region), joint forces of Anonymous Force Mandalay, Mandalay Youngs Force (MYF), and Truth Keeping Force - Amarapura carried out a bomb attack against an office of Ward Administration located on 58th Street and 128th Street at around 10 am. The grenade explosion injured five people, including a ward administrator and two heads of 100 households. Khit Thit Media reported that two civilians, including the ward administrator died and seven others were injured.",This text is about grenade use.,0,1
event_test_806,806,mlburnham/acled_event_entailment,unidentified armed individuals threw a grenade at the police station of Mzeireb town in Dara countryside. Casualties unknown.,This text is about grenade use.,0,1
event_test_807,807,mlburnham/acled_event_entailment,An IED or hand grenade attack targeted a teashop in Xaawo Taako neighbourhood (Afgooye) in the morning of 06/05. A group of SNG forces were in the area when the incident happened. It is not clear whether the explosion was caused by an explosive device planted in the teashop or a hand grenade. Reports indicate that a number of SNG soldiers and civilian bystanders were injured.,This text is about grenade use.,0,1
event_test_808,808,mlburnham/acled_event_entailment,unknown militants targeted a civilian residence with a hand grenade injuring 2 in the Nahrawan area of Baghdad. There were no fatalities.,This text is about grenade use.,0,1
event_test_809,809,mlburnham/acled_event_entailment,"1 woman was killed when unidentified militants lobbed a grenade at the house of a pro-government tribal leader in Michni, Mohmand Agency. The militants fled when neighbours fired shots at them.",This text is about grenade use.,0,1
event_test_810,810,mlburnham/acled_event_entailment,"in Rathedaung Township, Sittwe District, Rakhine State, Myanmar military from Battalion 537 attacked a 28-year-old school teacher with a grenade. The grenade explosion injured her.",This text is about grenade use.,0,1
event_test_811,811,mlburnham/acled_event_entailment,An unidentified attacker hurled a hand grenade at TFG soldiers on patrol in the vicinity of Haji Pasta Garage (Waberi) in the evening of 23/08.,This text is about grenade use.,0,1
event_test_812,812,mlburnham/acled_event_entailment,"in Riosucio municipality (Choco), Gulf Clan members threw a grenade at a police station causing damage to the building. An unknown number of people were injured. There were no fatalities.",This text is about grenade use.,0,1
event_test_813,813,mlburnham/acled_event_entailment,"a grenade left by an unidentified armed group exploded when 2 children picked it up in Kerawa (Kolofata, Mayo-Sava, Extreme-Nord). 1 child died and another was injured.",This text is about grenade use.,0,1
event_test_814,814,mlburnham/acled_event_entailment,Unidentified attackers hurled a hand grenade against a group of SNG police forces on foot patrol in the vicinity of Marka Police Station (Marka) in the morning of 01/11. The police forces conducted a security operation after the attack and arrested about 40 people; most of them were later released. No casualties were reported.,This text is about grenade use.,0,1
event_test_815,815,mlburnham/acled_event_entailment,Unidentified men attacked a house with hand grenade. There was no injury or casualty.,This text is about grenade use.,0,1
event_test_816,816,mlburnham/acled_event_entailment,"in Palo Negro (Aragua), two suspected members of the El Flipper Gang on a motorcycle hurled a grenade inside the local Aragua state police station, in the early hours in the Los Hornos neighborhood. Its detonation left no injuries, despite there being three police officers at the time of the attack; some property damage to the reception was reported. The perpetrators fled. It is suspected this attack took place in retaliation for the killing of one of their leaders during an armed clash with security forces the day before (coded separately). At around the same time of this detonation, a PNB police officer was also shot and killed on his way home by suspected members of the same gang (coded separately). There were no casualties.",This text is about grenade use.,0,1
event_test_817,817,mlburnham/acled_event_entailment,Unidentified perpetrators threw a hand grenade at soldiers based at Fagax Junction in (Yaaqshiid District) in the evening of 29/05. The device landed in a Mother and Child Health centre (MCH) compound nearby. No casualties were reported.,This text is about grenade use.,0,1
event_test_818,818,mlburnham/acled_event_entailment,Student targeted by unknown persons in grenade attack,This text is about grenade use.,0,1
event_test_819,819,mlburnham/acled_event_entailment,"The Martyr Savas Amed Vengeance unit of YPS attacked police units by throwing improvised explosives in central Diyarbakir. Injuries were inflicted, but the number is unknown.",This text is about grenade use.,0,1
event_test_820,820,mlburnham/acled_event_entailment,a Palestinian approached an area near Ziqim beach along the border fence with Israel and threw a grenade at Israeli forces. He was shot by Israeli forces and arrested.,This text is about grenade use.,0,1
event_test_821,821,mlburnham/acled_event_entailment,"near Ngazun town of Ngazun township (Myingyan district, Mandalay region), Zero Guerrilla Force carried out a grenade attack against a military security gate at around 8:15 am. A military soldier was killed and two others were injured in the attack.",This text is about grenade use.,0,1
event_test_822,822,mlburnham/acled_event_entailment,"2018 in Hajvali, Kosovo, a man died after an explosive device, suspected to be a hand grenade, went off in his home.",This text is about grenade use.,0,1
event_test_823,823,mlburnham/acled_event_entailment,"in Pyigyitagon township (Mandalay district, Mandalay region), two local PDF groups, including the Dragon Warrior (Mandalay), attacked the military troops stationed at a school with grenades in the morning, killing four military troops and injuring two others. The two groups also hurled grenades at military troops stationed at a ward administration office and electricity office on the same day.",This text is about grenade use.,0,1
event_test_824,824,mlburnham/acled_event_entailment,"in Amarapura township (Mandalay district, Mandalay region), there were bomb explosions at the electricity department. They are believed to be from hand grenades. The Mandalay PDF claimed they were responsible for the act. No casualties reported.",This text is about grenade use.,0,1
event_test_825,825,mlburnham/acled_event_entailment,Grenade attack injured one.,This text is about grenade use.,0,1
event_test_826,826,mlburnham/acled_event_entailment,"3 people were injured when a grenade exploded in Eskot market, in Garbatulla. The man carrying the grenade, a 32-year old chemist, was killed whilst holding it.",This text is about grenade use.,0,1
event_test_827,827,mlburnham/acled_event_entailment,"two assailants threw a stun grenade into the Yafaa police station in the Rasad district (Abyan), resulting in one injury. The attack reportedly occurred after police arrested three individuals in a local wedding procession because they used live bullets and sound grenades in the procession.",This text is about grenade use.,0,1
event_test_828,828,mlburnham/acled_event_entailment,a suspected Al Shabaab militant threw a hand grenade at a government troop (assumed military) checkpoint in Jamacadaha Village in Mogadishu - Hodan (Banadir). The grenade exploded in the middle of crowd where Khat/Mira was distributed. No fatalities and/or injuries reported.,This text is about grenade use.,0,1
event_test_829,829,mlburnham/acled_event_entailment,"overnight, Al Shabaab militants threw a hand grenade targeting at the house of a government soldier (assumed off duty) in ADC area in Baidoa town (Baydhaba, Bay). There were no casualties. Al Shabaab claimed responsibility.",This text is about grenade use.,0,1
event_test_830,830,mlburnham/acled_event_entailment,"a hand grenade was hurled by militants (suspected TTP) on a motorcycle at a police post in Bara town (Khyber, KPK). There were no fatalities.",This text is about grenade use.,0,1
event_test_831,831,mlburnham/acled_event_entailment,At least nine people were injured in an incident of hand grenade attack when unidentified armed men targeted a roadside restaurant located on Jamsheed Road number 3 on late Friday night.,This text is about grenade use.,0,1
event_test_832,832,mlburnham/acled_event_entailment,"unidentified armed individuals targeted a local market and a government building in Tawr al Bahah district (Tur Al Bahah, Lahij) with grenades. The two explosions were 15 minutes apart. No fatalities or injuries or damage were reported.",This text is about grenade use.,0,1
event_test_833,833,mlburnham/acled_event_entailment,Unidentified attackers threw a hand grenade at the residence of NSA officer in Jamhuuriya neighbourhood (Karaan District) in the evening of 30/06. Reports indicate that the device hit the perimeter wall of the building. No casualties were reported. The perpetrators escaped.,This text is about grenade use.,0,1
event_test_834,834,mlburnham/acled_event_entailment,"28 October. Unknown attackers, believed to be AS elements, hurled a hand grenade at police forces on foot patrol at Ex-Daallo Black Sea neighbourhood in Hodan district. One police officer was injured in the explosion.",This text is about grenade use.,0,1
event_test_835,835,mlburnham/acled_event_entailment,Grenade attack by unknown group kills two civilians. Officials noted that the attackers were targeting non-Somalis within the camp. Somali refugees were also among the victims,This text is about grenade use.,0,1
event_test_836,836,mlburnham/acled_event_entailment,"Martyr Sakine Cansiz Vengeance Units of YPS attacked a patrolling police vehicle in Fiskaya neighborhood (Kurdish name) in Sur district, Diyarbakir by throwing improvised explosives. No casualties reported.",This text is about grenade use.,0,1
event_test_837,837,mlburnham/acled_event_entailment,"in Jamundi (Valle del Cauca), unidentified armed groups threw a grenade at army soldiers in El Jordan neighborhood. The area is known for the presence of armed groups. There were no casualties.",This text is about grenade use.,0,1
event_test_838,838,mlburnham/acled_event_entailment,"unidentified armed men in Basrah targeted the house of a civilian with a grenade in the Karmat Ali area, which caused material damage to the house and a vehicle parked next to the house.",This text is about grenade use.,0,1
event_test_839,839,mlburnham/acled_event_entailment,"in Myawaddy Town, Myawaddy Township, Myawaddy District, Karen State, an unknown gunman attacked a former BGF officer with two grenades which injured him.",This text is about grenade use.,0,1
event_test_840,840,mlburnham/acled_event_entailment,A hand grenade attack killed one teacher and left two children injured on Wednesday. Suspected JI militants threw a hand grenade at the Askari Public School and College in Shabqadar area of Peshawar.,This text is about grenade use.,0,1
event_test_841,841,mlburnham/acled_event_entailment,unidentified gunmen targeted the vicinity of a hospital in the city of Afrin with a hand grenade. Neither injuries nor fatalities were reported.,This text is about grenade use.,0,1
event_test_842,842,mlburnham/acled_event_entailment,An unknown attacker hurled a hand grenade at government forces near Al Baraka Junction in Hodan District in the evening of 23/12. Casualties are unknown. The perpetrator escaped from the scene.,This text is about grenade use.,0,1
event_test_843,843,mlburnham/acled_event_entailment,"in Tibu (Norte de Santander), armed individuals threw an explosive at a police station. The blast injured an officer. Later that day, an armed group attacked a military and police unit conducting an operation near the attorney general's building, injuring two members of the security forces (coded separately). Authorities claimed that the attacks were perpetrated by a dissident faction of the FARC. There were no fatalities.",This text is about grenade use.,0,1
event_test_844,844,mlburnham/acled_event_entailment,Suspected TTP militants threw a hand grenade into the residence of Sanab Gul in Mattani on Wednesday evening. Two people were injured in the incident.,This text is about grenade use.,0,1
event_test_845,845,mlburnham/acled_event_entailment,BRG militants hurled a grenade targeting a civilian at Sibi city (Balochistan) over claimed association with the government. There were no casualties.,This text is about grenade use.,0,1
event_test_846,846,mlburnham/acled_event_entailment,"Unidentified men, suspected to be al Shabaab fighters, hurled a hand grenade at the residence of the Police Commissioner of Baidoa in Hawlwadag neighbourhood. The grenade landed on the street near the house. A female bystander was slightly injured. The perpetrators managed to escape from the scene. There were no reports of arrests.",This text is about grenade use.,0,1
event_test_847,847,mlburnham/acled_event_entailment,Unidentified attackers hurled a hand grenade at a group of SNG soldiers who were foot patrol in the vicinity of Black Sea of Hodan District in the night of 29/11. The attackers escaped. No casualties were reported.,This text is about grenade use.,0,1
event_test_848,848,mlburnham/acled_event_entailment,Al Shabaab fighters hurled a hand grenade against a group of SNA soldiers on foot patrol in the vicinity of Beytu-raas (Marka) in the evening of 13/03. Casualties are unknown. The perpetrators escaped.,This text is about grenade use.,0,1
event_test_849,849,mlburnham/acled_event_entailment,an unidentified militant attacked the home of a civilian using a grenade in the area of Albu Dhiab in Ramadi in Anbar province and was arrested by security forces.,This text is about grenade use.,0,1
event_test_850,850,mlburnham/acled_event_entailment,Elderly woman killed this morning by grenade explosion in her farm in Kanyosha.,This text is about grenade use.,0,1
event_test_851,851,mlburnham/acled_event_entailment,"2 grenade explosions thrown by unidentified armed men killed 2 policemen and wounded 2 politicians and 23 other civilians in La Paz, Abra on 27 January. A congressman and his wife were wounded in the attack.",This text is about grenade use.,0,1
event_test_852,852,mlburnham/acled_event_entailment,Unknown attackers hurled a hand grenade into the Hirshabelle state house in Jowhar town. The grenade impacted an empty area close to a restaurant outside of the government house. No casualty was reported. The perpetrators managed to escape. The attack may have occurred on 11/03.,This text is about grenade use.,0,1
event_test_853,853,mlburnham/acled_event_entailment,"a hand grenade was hurled at the house of a Police officer by an unidentified group in the Shohada neighbourhood of Kut City, Wassit province. The attack caused only material damages.",This text is about grenade use.,0,1
event_test_854,854,mlburnham/acled_event_entailment,"unknown militants targeted a Husseiniya with a handgrenade in the Umm AL Banin neighborhood of Musayab district, Babil. The blast caused a fire and material damages. There were no casualties.",This text is about grenade use.,0,1
event_test_855,855,mlburnham/acled_event_entailment,"in Segovia, Antioquia, unidentified men threw a grenade at a local business nearby the main park. No armed group has claimed the device yet. No fatalities or injuries occurred.",This text is about grenade use.,0,1
event_test_856,856,mlburnham/acled_event_entailment,"Ten people, including a police constable, were injured when Baloch militants hurled a hand grenade at the assistant commissioner's office in Pasni, Gwadar.The banned Balochistan Liberation Front (BLF) has claimed responsibility for the attack.",This text is about grenade use.,0,1
event_test_857,857,mlburnham/acled_event_entailment,"unknown gunmen threw a hand grenade at a man's house in Tafas town in Dara countryside, causing only material damage. There were no casualties.",This text is about grenade use.,0,1
event_test_858,858,mlburnham/acled_event_entailment,"An unknown individual threw a grenade on an area of the Al-Sabeel neighborhood of Homs city, injuring a regime lieutenant. No fatalities reported.",This text is about grenade use.,0,1
event_test_859,859,mlburnham/acled_event_entailment,Unidentified attackers hurled a hand grenade at AMISOM/SNG forces based in Janaale (14km NW of Marka) in the night of 23/05. Casualties could not be established. The perpetrators escaped from the scene.,This text is about grenade use.,0,1
event_test_860,860,mlburnham/acled_event_entailment,"unidentified gunmen threw a hand grenade at a popular spare-parts dealership in Bosaso town (Bossaso, Bari). The building was damaged.",This text is about grenade use.,0,1
event_test_861,861,mlburnham/acled_event_entailment,Two were injured after a grenade exploded during a dispute between ex-Seleka members over looted goods.,This text is about grenade use.,0,1
event_test_862,862,mlburnham/acled_event_entailment,"in Daknai, Kutkai Township, Shan State, a Myanmar army soldier was playing with a hand grenade and threw it away when it was about to explode. A pregnant woman was injured and taken to hospital.",This text is about grenade use.,0,1
event_test_863,863,mlburnham/acled_event_entailment,"at 20:00 a hand grenade was thrown to the compound of the former JLF police commander in Qalinle Junction, at Guulwale section of Shaqalaha neighbourhood in Kismayo town. The grenade apparently hit an open space inside the compound, causing no casualties. The intended target is not known.",This text is about grenade use.,0,1
event_test_864,864,mlburnham/acled_event_entailment,"A grenade, launched by an unidentified armed group, exploded in 'Abu Malki' village in Idleb province. The explosion killed two civilians.",This text is about grenade use.,0,1
event_test_865,865,mlburnham/acled_event_entailment,A man was killed and 9 others injured in a hand grenade attack on a hotel by an unidentified armed group in Hub.,This text is about grenade use.,0,1
event_test_866,866,mlburnham/acled_event_entailment,"Around 2 December 2020 (as reported), unidentified armed group threw a stun grenade on a liquor store (one source reported that it was a night club) in Al-Waziriyah neighbourhood, Baghdad - Adhamiya. Source reported no casualties.",This text is about grenade use.,0,1
event_test_867,867,mlburnham/acled_event_entailment,Unknown attackers threw a hand grenade at soldiers on patrol in the Livestock Market area in Afgooye town on 10/04.Two people - a soldier and a civilian man (both of them brothers) - were confirmed dead in the explosion. Four other soldiers were reportedly injured in the blast. The perpetrators escaped the scene after the incident.,This text is about grenade use.,0,1
event_test_868,868,mlburnham/acled_event_entailment,"unknown armed men threw a grenade near a Taliban police station in the 500-family area of Kabul city. Casualties are unknown, and no group has claimed responsibility.",This text is about grenade use.,0,1
event_test_869,869,mlburnham/acled_event_entailment,"in Natmauk town (Natmauk township, Natmauk district, Magway region), the Oppressed People's Revolutionary Force hurled a grenade at a bunker within a military security checkpoint in Myoma Kwet Thit ward at around 5:30 pm. Casualties unknown.",This text is about grenade use.,0,1
event_test_870,870,mlburnham/acled_event_entailment,"a QDW member threw a hand grenade near Muhamad al Maghout park in As-Salamiyeh in southern Hama countryside, killing 1 civilian and wounding 6 others. This followed a quarrel between the perpetrator and a group of young males.",This text is about grenade use.,0,1
event_test_871,871,mlburnham/acled_event_entailment,"unidentified armed assailants carried out a grenade attack on a residence in Samurou (Imphal West, Manipur). No one was hurt due to the explosion. The reason for the attack is unknown.",This text is about grenade use.,0,1
event_test_872,872,mlburnham/acled_event_entailment,A civilian and a soldier were injured when an unidentified group exploded three grenades in front of the Burundian National Radio and Television station.,This text is about grenade use.,0,1
event_test_873,873,mlburnham/acled_event_entailment,"Fano (Professor Asrat Weldeyes brigade) claimed to have thrown a hand bomb in Weldiya (Woldiya town, North Wello, Amhara), targeting the commander of the Weldiya town police station number II (likely on duty due to the trend of targeting government officials in the town with hand bombs). Casualties unknown.",This text is about grenade use.,0,1
event_test_874,874,mlburnham/acled_event_entailment,"BLF militants lobbed a grenade at military forces of Pakistan at Turbat city (Kech district, Balochistan). One Pakistan soldier was killed and another was left injured in the attack.",This text is about grenade use.,0,1
event_test_875,875,mlburnham/acled_event_entailment,"in Myinmu town (Myinmu township, Sagaing district, Sagaing region), joint forces of the True Fight MMU, Kite Revolution Force, and Bo Aung Maung LPDF (Hunter Column) carried out a grenade attack against about 30 Myanmar military soldiers stationed at the High School building at around 8:30 am. Casualties unknown.",This text is about grenade use.,0,1
event_test_876,876,mlburnham/acled_event_entailment,"suspected Al Shabaab militants threw a hand grenade at government security forces (SNA) at a checkpoint at the Bundoweyn bridge in Belet Weyne town (Belet Weyne, Hiraan). Eight soldiers were injured, including a civilian bystander.",This text is about grenade use.,0,1
event_test_877,877,mlburnham/acled_event_entailment,"unidentified armed persons threw a hand grenade in a mosque in Jannata (Tyr), resulting in material damage. The reason for this attack was not reported by the source.",This text is about grenade use.,0,1
event_test_878,878,mlburnham/acled_event_entailment,Two civilians inside a displaced peoples camp were killed when a hand grenade exploded in Mogadishu.,This text is about grenade use.,0,1
event_test_879,879,mlburnham/acled_event_entailment,"in Ocana municipality, Norte de Santander department, two unidentified armed men threw a grenade against a gas station. The explosion only caused material damages. No fatalities occurred.",This text is about grenade use.,0,1
event_test_880,880,mlburnham/acled_event_entailment,Three people were injured when unidentified man hurled a hand grenade at TFG forces on patrol at Tabakaayo Madow in Dharkenley district of Mogadishu on Friday evening.,This text is about grenade use.,0,1
event_test_881,881,mlburnham/acled_event_entailment,HBDH militants attacked a police checkpoint on an unspecified part of the Mersin-Adana highway in Mersin province via bombs (likely thrown). HBDH claimed police officers were injured but this was not confirmed by any other source.,This text is about grenade use.,0,1
event_test_882,882,mlburnham/acled_event_entailment,"Martyrs of Heftanin Vengeance Unit attacked an armored police vehicle by throwing fragmentation grenades in Feridun neighborhood of Silvan, Diyarbakir. No information on casualties was reported by source.",This text is about grenade use.,0,1
event_test_883,883,mlburnham/acled_event_entailment,Unidentified attackers threw a hand grenade at soldiers on foot patrol at a Internally Displaced Persons settlement in Trebunka neighbourhood (Hodan District) in the evening of 11/01. One IDP male was killed and two others were injured in the blast. The perpetrators escaped from the scene.,This text is about grenade use.,0,1
event_test_884,884,mlburnham/acled_event_entailment,"in Kale town (Kale district, Sagaing region), the Urban Guerrilla Force Kalay carried out grenade attacks against the military forces in Kale town at around 7 pm. The attack injured some military forces.",This text is about grenade use.,0,1
event_test_885,885,mlburnham/acled_event_entailment,"Malay Muslim Separatists threw a grenade at a village security base in Kubae Bado village, Moo 4, tambon Lubobaya (Yi Ngo district, Narathiwat). No injuries reported.",This text is about grenade use.,0,1
event_test_886,886,mlburnham/acled_event_entailment,"10:50EAT, Kismayo, Lower Jubba: an al Shabaab-suspected explosive device hurled at a police station left between three to seven Jubaland soldiers dead. 30+ injured. Other reports claim five dead.",This text is about grenade use.,0,1
event_test_887,887,mlburnham/acled_event_entailment,"16 April. Somali military forces followed and killed a suspected Al Shabaab militant, who was hiding himself in a house after he hurled a hand grenade at them in Wardhigley.",This text is about grenade use.,0,1
event_test_888,888,mlburnham/acled_event_entailment,Unidentified attackers hurled a hand grenade at a private residential house frequented by government soldiers in Beled Xaawo in the evening of 22/06. Reports indicate that three soldiers were reportedly injured. The perpetrators escape from the scene.,This text is about grenade use.,0,1
event_test_889,889,mlburnham/acled_event_entailment,"in Mahaaungmyay township (Mandalay district, Mandalay region), unidentified armed men attacked the Pioneer Karaoke outlet located in Ye Mon Taung ward with a grenade at night. A security guard of the Karaoke outlet sustained injuries.",This text is about grenade use.,0,1
event_test_890,890,mlburnham/acled_event_entailment,An unidentified attacker threw a hand grenade at a private residence,This text is about grenade use.,0,1
event_test_891,891,mlburnham/acled_event_entailment,"a grenade attack was recorded during a cultural event at the 5th arrondissement town hall, killing 4 people and injuring 20. The perpetrators and their motivations remain unknown.",This text is about grenade use.,0,1
event_test_892,892,mlburnham/acled_event_entailment,"A hand grenade was thrown by unidentified assailants at the house of an Apayao mayor on 3 Dec 2016 in Barangay Caritan Norte, Tuguegarao City, Cagayan. The mayor's caretaker was killed in the attack while three of his family members were wounded.",This text is about grenade use.,0,1
event_test_893,893,mlburnham/acled_event_entailment,An unidentified armed group carried out an attack with hand grenades on a Hayat Tahrir al Sham checkpoint in Tal Elkaramej in Idleb. Neither injuries nor fatalities were reported.,This text is about grenade use.,0,1
event_test_894,894,mlburnham/acled_event_entailment,"At least 17 people were injured in a grenade attack on Chakar Khan Road, Khuzdar on 11 May 2014.",This text is about grenade use.,0,1
event_test_895,895,mlburnham/acled_event_entailment,three wounded in grenade attack perp unnamed,This text is about grenade use.,0,1
event_test_896,896,mlburnham/acled_event_entailment,unknown gunmen targeted the home of a civilian with a fragmentation grenade in the Engineers Neighborhood of Basrah city. Only material damages occurred.,This text is about grenade use.,0,1
event_test_897,897,mlburnham/acled_event_entailment,"Katibat Al Amari (AAMB) threw an explosive device at Israeli forces positioned on the Bayt El checkpoint (Ramallah and Al Bireh, West Bank). There were no casualties.",This text is about grenade use.,0,1
event_test_898,898,mlburnham/acled_event_entailment,"early in the morning, unidentified assailants (likely far-left) threw a hand grenade at the entrance of an apartment building in Nea Ionia, Athens - North Athens. The powerful explosion smashed the windows of the entrance and caused damage to six parked cars. No injuries were reported. The target of the attack was not immediately clear.",This text is about grenade use.,0,1
event_test_899,899,mlburnham/acled_event_entailment,1 person was killed and 1 injured in a grenade explosion near a polling station.,This text is about grenade use.,0,1
event_test_900,900,mlburnham/acled_event_entailment,an unidentified assailant threw a concussion grenade into a shop in Ataq. There were no reports of fatalities.,This text is about grenade use.,0,1
event_test_901,901,mlburnham/acled_event_entailment,"unknown men threw a hand grenade targeting a civilian restaurant near Sinnay junction in Farjano area of Kismayo (Kismaayo, Lower Juba). Two people were killed and three others seriously injured.",This text is about grenade use.,0,1
event_test_902,902,mlburnham/acled_event_entailment,"At least five people were wounded on Sunday evening after unknown men hurled a hand grenade at pedestrians in Garissa town, northern Kenya.",This text is about grenade use.,0,1
event_test_903,903,mlburnham/acled_event_entailment,At least one civilian was killed and six others were wounded after a string of grenade explosions targeting Somali troops rocked Hawlwadag neighborhood near Mogadishus famous Bakara market.,This text is about grenade use.,0,1
event_test_904,904,mlburnham/acled_event_entailment,"unidentified gunmen attacked a civilian house in the town of Hrak in the countryside of Dara with a grenade, causing only material damages. There were no fatalities.",This text is about grenade use.,0,1
event_test_905,905,mlburnham/acled_event_entailment,"a Central Reserve Police Force officer was wounded when militants (coded as Kashmir Rebels) threw a grenade at him in Tral, Pulwama district.",This text is about grenade use.,0,1
event_test_906,906,mlburnham/acled_event_entailment,3 people were killed and 4 injured when unidentified armed men threw grenades at a drug den in Mastung.,This text is about grenade use.,0,1
event_test_907,907,mlburnham/acled_event_entailment,"one civilian killed in grenade attack, perp unkown",This text is about grenade use.,0,1
event_test_908,908,mlburnham/acled_event_entailment,2 people including a security guard were killed and 5 others injured in a grenade attack at a bank on 11 November 2015.,This text is about grenade use.,0,1
event_test_909,909,mlburnham/acled_event_entailment,"in Tame (Arauca), members of the ELN threw two grenades at a police station. A police vehicle and some of the station's facilities ended up damaged. There were no casualties.",This text is about grenade use.,0,1
event_test_910,910,mlburnham/acled_event_entailment,1 police personnel was injured following a grenade attack by Taliban militants at a security checkpoint in the Sheikh Abad area of the headquarters of Farah district (assumed administrative capital).,This text is about grenade use.,0,1
event_test_911,911,mlburnham/acled_event_entailment,A hand grenade is thrown at a group of anti-al Shabaab Islamic scholars. Injuries and causalities unknown.,This text is about grenade use.,0,1
event_test_912,912,mlburnham/acled_event_entailment,"Two sisters were killed and their brother injured when their house was attacked by a hand grenade thrown by unidentified assailants in Sariab, Quetta on 1 July 2010.",This text is about grenade use.,0,1
event_test_913,913,mlburnham/acled_event_entailment,"TTP militants hurled a hand grenade at Tehkal Police Station in Peshawar city (KPK), injuring 1 person.",This text is about grenade use.,0,1
event_test_914,914,mlburnham/acled_event_entailment,"one killed, one wounded in grenade attack , perp unknown",This text is about grenade use.,0,1
event_test_915,915,mlburnham/acled_event_entailment,"overnight, Al Shabaab threw a hand grenade at the Southwest police forces base in Baidoa town (Baydhaba, Bay). Three soldiers were killed. Al Shabaab claimed responsibility.",This text is about grenade use.,0,1
event_test_916,916,mlburnham/acled_event_entailment,"a heavily armed Houthi fighter was walking through the Al Thawra hospital in Ibb (Al Mashannah, Ibb). He dropped a hand grenade that went off, injuring 11 people in the building.",This text is about grenade use.,0,1
event_test_917,917,mlburnham/acled_event_entailment,"in Muse town (Muse township, Muse district, Shan-North region), an unidentified armed group threw a grenade that exploded in a gambling ground located inside the former soccer field in (North) ward at around 8 pm. There were no casualties.",This text is about grenade use.,0,1
event_test_918,918,mlburnham/acled_event_entailment,"Grenade kills woman, injures baby in Cibitoke.",This text is about grenade use.,0,1
event_test_919,919,mlburnham/acled_event_entailment,09 July. No casualties reported after suspected Al Shabaab militants hurled three hand grenades at Bari region mayor's residence in Bossaso.,This text is about grenade use.,0,1
event_test_920,920,mlburnham/acled_event_entailment,"in Puerto Claver (Antioquia), Gulf Clan members threw grenades at a military unit. Two officers died and one was injured. Authorities claim that the attack is a retaliation for the arrest of three members of that armed group. 2 fatalities.",This text is about grenade use.,0,1
event_test_921,921,mlburnham/acled_event_entailment,Grenade thrown into a parking in Musaga. No Fatalities.,This text is about grenade use.,0,1
event_test_922,922,mlburnham/acled_event_entailment,"Unknown perpetrators have thrown a hand-grenade against JLF check point at Hanta Biyaha, west of Farjano neighbourhood on 11/09. The hand-grenade landed in an open space and no casualties reported so far.",This text is about grenade use.,0,1
event_test_923,923,mlburnham/acled_event_entailment,"Martyr Savas Amed Vengeance unit of YPS attacked a bus carrying Turkish military personnel in Seyrantepe neighborhood of Yenisehir, Diyarbakir by throwing improvised explosives. Source reported there were number of Turkish army injuries.",This text is about grenade use.,0,1
event_test_924,924,mlburnham/acled_event_entailment,"in San Marcos (Sucre), Gulf Clan members on a motorcycle threw a grenade at a police station, causing material damage. There were no casualties.",This text is about grenade use.,0,1
event_test_925,925,mlburnham/acled_event_entailment,BLA militants lobbed a grenade at a stall selling Pakistan flags for the upcoming independence day at Quetta city (Balochistan). One person was killed and 11 others were left injured in the explosion.,This text is about grenade use.,0,1
event_test_926,926,mlburnham/acled_event_entailment,"in Sincelejo (Sucre), suspected Gulf Clan members on a motorcycle threw a grenade at a police station in the Cruz de Mayo sector. The grenade fell into a restaurant next to the station instead, leaving seven civilians injured, including a pregnant woman. The injured victims were taken to the hospital. There were no fatalities.",This text is about grenade use.,0,1
event_test_927,927,mlburnham/acled_event_entailment,Unidentified attackers hurled a hand grenade at Kaaraan District Police station in the night of 23/11. No casualties were reported. Perpetrators escaped.,This text is about grenade use.,0,1
event_test_928,928,mlburnham/acled_event_entailment,"in Rio Bravo, Suchitepequez, Suroccidente, unidentified armed men threw a grenade at a gas station. Two employees resulted injured.",This text is about grenade use.,0,1
event_test_929,929,mlburnham/acled_event_entailment,A 35-year-old policeman was injured on Thursday when a blast hit his house in North Sinais city of Arish. Two gunmen on a motorbike threw a bomb at the security personnels house.,This text is about grenade use.,0,1
event_test_930,930,mlburnham/acled_event_entailment,two killed two wounded in grenade attack perp unnamed,This text is about grenade use.,0,1
event_test_931,931,mlburnham/acled_event_entailment,"overnight, Al Shabaab militants threw a hand grenade against the residential houses of two Southwest officials near the stadium area in Baidoa town (Baydhaba, Bay). There were no casualties. Al Shabaab claimed responsibility.",This text is about grenade use.,0,1
event_test_932,932,mlburnham/acled_event_entailment,"Southern insurgents threw an M67 bomb at the District Police Station in Mueang Pattani District, Pattani Province while officers were standing outside on Apr 21. One officer was killed, while 40 others were injured in the attack.",This text is about grenade use.,0,1
event_test_933,933,mlburnham/acled_event_entailment,BLA attacked the Police Lines offices and the Municipal Committee office with hand grenades in Mastung town (Balochistan) resulting in 'losses' within the police force. Unknown fatalities coded as 3.,This text is about grenade use.,0,1
event_test_934,934,mlburnham/acled_event_entailment,"unidentified gunmen threw a hand grenade at the home of a local security forces member (coded as Jubaland security forces) in Luuq town (Luuq, Gedo). There were no fatalities. One civilian was injured.",This text is about grenade use.,0,1
event_test_935,935,mlburnham/acled_event_entailment,A hand grenade detonated outside the home of a PAGAD member in Cape Town. No-one is injured.,This text is about grenade use.,0,1
event_test_936,936,mlburnham/acled_event_entailment,unidentified militants (coded as Kashmir Rebels) lobbed a grenade at a joint team of CRPF and police at Srinagar city (J&K). One policeman and a civilian were left injured in the incident.,This text is about grenade use.,0,1
event_test_937,937,mlburnham/acled_event_entailment,"Two grenades were thrown in Cibitoke, near Kinama.",This text is about grenade use.,0,1
event_test_938,938,mlburnham/acled_event_entailment,A hand grenade was hurled at TFG security forces on patrol at the above mentioned location. No casualties were reported. Perpetrators escaped unidentified.,This text is about grenade use.,0,1
event_test_939,939,mlburnham/acled_event_entailment,"As reported on August 17 2019, a Palestinian man was injured when two hand grenades were thrown at a vegetable market in the Ain al-Hilwa refugee camp.",This text is about grenade use.,0,1
event_test_940,940,mlburnham/acled_event_entailment,"unknown gunmen threw a grenade at the camp of the mobile police in Gao (Gao, Gao). One policeman was wounded.",This text is about grenade use.,0,1
event_test_941,941,mlburnham/acled_event_entailment,Al Shabaab threw two hand grenade to government security forces (SNA) at the General Gordon Camp in Mogadishu - Hodan (Banadir) where the recruitment of new troops was ongoing. There were no fatalities. At least nine new army recruits were injured. Al Shabaab claimed responsibility.,This text is about grenade use.,0,1
event_test_942,942,mlburnham/acled_event_entailment,"an unidentified individual threw a grenade into the house of a village councilor in Hradenytsi, Odessa, a day before he was to initiate a plan joining Hradenytsi to the Yasky united territorial community. He also received messages with threats demanding that he does not come to a council sitting to present his initiative. No injuries or fatalities were reported.",This text is about grenade use.,0,1
event_test_943,943,mlburnham/acled_event_entailment,"Al Shabaab threw a hand grenade against Hirshabelle police checkpoint in Belet Weyne town (Belet Weyne, Hiraan). There were no casualties. Al Shabaab claimed responsibility.",This text is about grenade use.,0,1
event_test_944,944,mlburnham/acled_event_entailment,Unidentified militants attacked police personnel during a grenade attack in Karachi. The incident injured two police officials.,This text is about grenade use.,0,1
event_test_945,945,mlburnham/acled_event_entailment,A hand-grenade was hurled at TFG police officers patrolling in K4 Junction. The explosion caused no casualties. The police officers managed to arrest the perpetrator(s).,This text is about grenade use.,0,1
event_test_946,946,mlburnham/acled_event_entailment,15 were injured as unidentified militants lobbed grenades at a police station in Karachi town.,This text is about grenade use.,0,1
event_test_947,947,mlburnham/acled_event_entailment,An unknown attacker hurled a hand grenade at a military outpost in Eymiska area (Yaaqshiid) in the evening of 22/12. No casualties were reported. The perpetrator escaped from the scene.,This text is about grenade use.,0,1
event_test_948,948,mlburnham/acled_event_entailment,Grenade attack against civilians by unknown persons,This text is about grenade use.,0,1
event_test_949,949,mlburnham/acled_event_entailment,The CMEV reported a grenade attack against a polling centre causing several wounded - including a policeman. Some sources reported that the attack was carried out by UPFA supporters.,This text is about grenade use.,0,1
event_test_950,950,mlburnham/acled_event_entailment,"Unidentified attackers hurled a hand grenade at a Somali outpost in Jowhar. Soldiers carried out a security operation after the explosion but no arrests were made. One death reported, three injuries.",This text is about grenade use.,0,1
event_test_951,951,mlburnham/acled_event_entailment,"in Chauk town of Chauk township (Magway district, Magway region), the Chauk Guerrilla Force carried out grenade attacks on the Municipal Office and Electrical Power Corporation Office of Chauk township. There were no casualties.",This text is about grenade use.,0,1
event_test_952,952,mlburnham/acled_event_entailment,"four quranic school students were wounded including two severely by the explosion of a suspected grenade at a Quranic school in the Tampouy area of Ouagadougou. The exact circumstances of the explosion is unclear, however an account suggested that a student brought the explosive device to the school in a bag.",This text is about grenade use.,0,1
event_test_953,953,mlburnham/acled_event_entailment,Unidentified attackers threw a hand grenade at the home of a senior military officer. A young boy bystander was injured in the blast.,This text is about grenade use.,0,1
event_test_954,954,mlburnham/acled_event_entailment,"in Yae Htwet village (Seikphyu township, Pakokku district, Magway region), a combined force of the Freeland Attack Force, Revolution of 21 Century, and the Emerald Girls Army attacked the military stationed in a security tent in front of the No.4 ward administration office on Latha road with a grenade at around 4 pm. There were no casualties.",This text is about grenade use.,0,1
event_test_955,955,mlburnham/acled_event_entailment,"one civilian killed in grenade attack, perp unknown",This text is about grenade use.,0,1
event_test_956,956,mlburnham/acled_event_entailment,"unknown assailants hurled a hand-grenade at the residence of an NPP supporter in Arapti Awang Leikai under Irilbung police station area (coded as Kalika, Keirao Bitra, Imphal East district, Manipur) ahead of the assembly election 2022. The son of the NPP supporter was injured in the explosion.",This text is about grenade use.,0,1
event_test_957,957,mlburnham/acled_event_entailment,"an unidentified assailants threw a grenade towards a military truck in Jolo area, Sulu. Seven soldiers were wounded.",This text is about grenade use.,0,1
event_test_958,958,mlburnham/acled_event_entailment,unknown militants targeted the home of a lawyer with a hand grenade in the Jamiyat area of Basrah city. Only material damages occurred.,This text is about grenade use.,0,1
event_test_959,959,mlburnham/acled_event_entailment,"in Mongmit town (Mongmit township, Mongmit district, Shan-North state), four unknown men hurled a grenade at the Mongmit town court at around 1 pm. One military soldier guarding the court was killed, according to DVB. Other two bomb explosions occurred near the Mongmit district office and the township general administration office at around 3:30 pm and at around 8 pm.",This text is about grenade use.,0,1
event_test_960,960,mlburnham/acled_event_entailment,"2018 in Tolosi district of Montenegro's capital Podgorica an explosive device was thrown at a house, causing material damage.",This text is about grenade use.,0,1
event_test_961,961,mlburnham/acled_event_entailment,"Jinen Tirejen Roje militants attacked a police vehicle by throwing explosive devices in Florya neighborhood of Bakirkoy, Istanbul. One of the police officers in the car was killed as a result of the attack while another was injured.",This text is about grenade use.,0,1
event_test_962,962,mlburnham/acled_event_entailment,"unidentified gunmen threw a hand grenade at a QSD vehicle in the area of Kasrat Faraj in Ar-Raqqa, killing 3 members.",This text is about grenade use.,0,1
event_test_963,963,mlburnham/acled_event_entailment,Al Shabaab militants threw a hand grenade at the Shibis police station in Mogadishu - Shibis (Banadir). There were no casualties. Al Shabaab claimed responsibility.,This text is about grenade use.,0,1
event_test_964,964,mlburnham/acled_event_entailment,"in Monywa town of Monywa township (Monywa district, Sagaing region), local defense groups threw grenades into a white vehicle carrying police while parking near a tea shop, killing a policeman and injuring three others. Local defense groups included the Peacock Generation Force, Special Regional Attacks Forces (the MPDF battalion 4 squad 2), Monywa Nightking, Yakhka Nyi Naung, A Mi Myay Special Task Force, God of Snake, and Monywa Ninja.",This text is about grenade use.,0,1
event_test_965,965,mlburnham/acled_event_entailment,Unidentified gunmen opened fire and threw two grenades into a night club after they tried to force entry. One woman was killed.,This text is about grenade use.,0,1
event_test_966,966,mlburnham/acled_event_entailment,"suspected militants (coded as Kashmir Rebels) hurled a grenade at a CRPF bunker and missed the target, leading to an explosion on the road. No casualty reported.",This text is about grenade use.,0,1
event_test_967,967,mlburnham/acled_event_entailment,"two unidentified armed men threw a grenade during a dispute near the garage of Moulaye in the Chateau quarter in the city of Gao (Gao, Gao). There were no casualties.",This text is about grenade use.,0,1
event_test_968,968,mlburnham/acled_event_entailment,"unidentified militants (coded as Kashmir Rebels) lobbed grenades at security forces at Srinagar city (J&K). Three policemen, two traffic policemen, one CRPF policeman and one civilian were left injured in the incident.",This text is about grenade use.,0,1
event_test_969,969,mlburnham/acled_event_entailment,"two gunmen threw a grenade at a popular cafe in Jisr Diyala area south of Baghdad, injuring two civilians. The gunmen were later arrested by the police forces. There were no fatalities.",This text is about grenade use.,0,1
event_test_970,970,mlburnham/acled_event_entailment,"grenades were thrown at the CNDD-FDD administrators house, injuring him and four others, a day after grenade attacks on FNL members he threatened",This text is about grenade use.,0,1
event_test_971,971,mlburnham/acled_event_entailment,"an unidentified Palestinian militant(s) threw a homemade explosive device toward an Israeli military post near the entrance of Bayt Ummar village (Hebron, West Bank). There were no casualties.",This text is about grenade use.,0,1
event_test_972,972,mlburnham/acled_event_entailment,"Malay Muslim Separatists threw 3 grenades at the residence of 2 policemen inside the compound of Bacho District Police Station in tambon Bacho (Bacho district, Narathiwat). The property was damaged, There were no casualties.",This text is about grenade use.,0,1
event_test_973,973,mlburnham/acled_event_entailment,"an unidentified armed group (likely Donga ethnic militias due to the context of the incident) threw and detonated a grenade in front of the Hadero town mayor's office, in Hadero town (Kambata, Central Ethiopia). The incident happened in the context of the Donga ethnic group's quest for identity recognition and self-administration. No further information is available on the extent of damage or injuries. Casualties unknown.",This text is about grenade use.,0,1
event_test_974,974,mlburnham/acled_event_entailment,"TTP militants attacked a Levies police station with a hand grenade in Alizai village (Pishin, Balochistan) injuring several officers.",This text is about grenade use.,0,1
event_test_975,975,mlburnham/acled_event_entailment,A hand grenade was hurled at Local Government Police tax collectors on duty in Howlwadag's Bakara Market. No casualties were reported and the perpetrators managed to escape.,This text is about grenade use.,0,1
event_test_976,976,mlburnham/acled_event_entailment,"Unidentified attackers threw a hand grenade at a group of soldiers manning a security outpost in Tokiyo neighbourhood (Yaaqshiid District) in the evening of 06/02. The grenade missed the intended target and landed at a house nearby. Two civilians, in the house, were injured in the explosion.",This text is about grenade use.,0,1
event_test_977,977,mlburnham/acled_event_entailment,"unidentified Palestinian militants threw explosives toward Israeli soldiers positioned in Al Quds - Abu Dis (Al Quds, West Bank). Also, rioters threw stones at soldiers. There were no casualties.",This text is about grenade use.,0,1
event_test_978,978,mlburnham/acled_event_entailment,Unidentified attackers threw a hand grenade at Somali police guarding the District Commissioners office in Waberi District in the evening of 24/09. Reports indicate that the device landed on an empty space. No casualties were reported. The perpetrators escaped.,This text is about grenade use.,0,1
event_test_979,979,mlburnham/acled_event_entailment,"unidentified militants (coded as Kashmir Rebels) threw a grenade at a police party in the Batapora area of Shopian town on the morning of June 4, injuring 4 policemen and 12 civilians.",This text is about grenade use.,0,1
event_test_980,980,mlburnham/acled_event_entailment,"police station damaged in grenade attack, perp unknown",This text is about grenade use.,0,1
event_test_981,981,mlburnham/acled_event_entailment,"Al Shabaab threw 2 hand grenades towards SNAF checkpoint, no deaths reported.",This text is about grenade use.,0,1
event_test_982,982,mlburnham/acled_event_entailment,Two hand grenades were hurled against police officers in the Yaaqshiid police station in the evening of 09/11. Two police officers were reportedly injured. The attacker(s) escaped from the scene.,This text is about grenade use.,0,1
event_test_983,983,mlburnham/acled_event_entailment,a man suffered from an injury caused by the explosion of a grenade in the village of Peniki. The origin of the explosive was unclear.,This text is about grenade use.,0,1
event_test_984,984,mlburnham/acled_event_entailment,"unknown militants attacked a civilian's house with a grenade in Diwaniya city, Al Qadissiya. There were no casualties.",This text is about grenade use.,0,1
event_test_985,985,mlburnham/acled_event_entailment,"BLA militants hurled a hand grenade at the residence of a PPP electoral candidate and municipal committee chairman in Kharan town (Kharan, Balochistan). The assailants fled the scene. There were no casualties.",This text is about grenade use.,0,1
event_test_986,986,mlburnham/acled_event_entailment,"in Kyaukpadaung township (Nyaung-U district, Mandalay region), the KDF threw a grenade at military forces (in plain clothes and uniforms) guarding in front of the military owned Innwa Bank in the west of Myoma market. One military soldier was killed.",This text is about grenade use.,0,1
event_test_987,987,mlburnham/acled_event_entailment,"BNA militants lobbed grenades at an army camp in Pullabad area in Tump tehsil (Kech district, Balochistan). There were no casualties.",This text is about grenade use.,0,1
event_test_988,988,mlburnham/acled_event_entailment,"A grenade was thrown at a Gihanga villager as he was walking home. The perpetrators have not been identified, although local people suspect the Rice Growers Association, of which he was president.",This text is about grenade use.,0,1
event_test_989,989,mlburnham/acled_event_entailment,"2 children were killed in a grenade attack on their home in Munagano, in Muyinga. The authorities do not know the identities of the perpetrators.",This text is about grenade use.,0,1
event_test_990,990,mlburnham/acled_event_entailment,"28 October. An unidentified armed group threw a grenade into the house of a CNL member, killing one child and injuring two others.",This text is about grenade use.,0,1
event_test_991,991,mlburnham/acled_event_entailment,"an unknown assailant threw a grenade into a traditional dancing ceremony (implied to be Lotuko) at an unspecified location in Loronyo boma (Torit county, Eastern Equatoria state). One person was killed and three wounded. There is no clear motive for the attack, though one source speculates that the assailant may have been drunk.",This text is about grenade use.,0,1
event_test_992,992,mlburnham/acled_event_entailment,"a vehicle for the PMF was targeted using hand grenades by IS militants in al Sadah area in central Ramadi city, injuring 4 PMF fighters.",This text is about grenade use.,0,1
event_test_993,993,mlburnham/acled_event_entailment,"A handheld grenade exploded on 25/02 at Bari village, Niger State killing four. The explosion was believed to have been caused by the mishandling of a grenade.",This text is about grenade use.,0,1
event_test_994,994,mlburnham/acled_event_entailment,"unidentified armed men hurled a hand grenade which exploded in the camp of Ein el Hilweh (Sayda). 5 cars, shops and houses were damaged. No injuries were reported by the source.",This text is about grenade use.,0,1
event_test_995,995,mlburnham/acled_event_entailment,a QSD member threw a hand grenade near Al Wadi street in Ar-Raqqa city during a pursuit of suspected IS members. Casualties unknown.,This text is about grenade use.,0,1
event_test_996,996,mlburnham/acled_event_entailment,"in Saravena, Arauca, a police station was attacked with a grenade by unidentified armed men. One house and the station presented damages in the infrastructure, but no one was injured.",This text is about grenade use.,0,1
event_test_997,997,mlburnham/acled_event_entailment,militants (coded as Kashmir Rebels) lobbed a grenade at Eidgah area in Srinagar city (J&K). One civilian was left injured in the explosion.,This text is about grenade use.,0,1
event_test_998,998,mlburnham/acled_event_entailment,men from the Agarabi tribe detonated a hand grenade which killed seven people from Tapo tribe in Kainantu (Eastern Highlands). The violence occurred following a clash between the two tribes on 8 April 2021 (coded separately).,This text is about grenade use.,0,1
event_test_999,999,mlburnham/acled_event_entailment,unidentified militants (coded as Baloch separatists) lobbed a grenade at a police patrolling van in Quetta city (Balochistan). Four persons including two policemen were left injured in the attack.,This text is about grenade use.,0,1
event_test_1000,1000,mlburnham/acled_event_entailment,Three people were killed in Mogadishu where the government is battling insurgents. Attackers hurled a grenade at a police patrol killing two and wounding two others,This text is about grenade use.,0,1
event_test_1001,1001,mlburnham/acled_event_entailment,"17 April, 18:30EAT, Wabeeri, Mogadishu: al Shabaab hurled a hand grenade towards Wabeeri police station. No causalities reported.",This text is about grenade use.,0,1
event_test_1002,1002,mlburnham/acled_event_entailment,Unidentified attackers hurled a hand grenade at a micro-wave signal transmission complex belonging to GolisTelecom near Fatima Mosque in Bosasso in the evening of 06/03. No causalities reported.,This text is about grenade use.,0,1
event_test_1003,1003,mlburnham/acled_event_entailment,"Around 4 December 2023 (as reported), HBDH militants carried out an attack, via grenades, on an armored police vehicle patrolling in Esenyurt district of Istanbul. Casualties unknown.",This text is about grenade use.,0,1
event_test_1004,1004,mlburnham/acled_event_entailment,an unidentified armed group threw two grenades at a brigade of the Bolivar state Police in the Americas Avenue in Ciudad Guayana. Only one grenade exploded but did not cause any injuries. There is presence of Colombian armed groups in Bolivar state.,This text is about grenade use.,0,1
event_test_1005,1005,mlburnham/acled_event_entailment,"Unknown assailants throw and grenades against the home of a Somali lawmaker on 14/04, injuring four civilians.",This text is about grenade use.,0,1
event_test_1006,1006,mlburnham/acled_event_entailment,"5 people were injured after a hand grenade exploded inside a cinema hall in Amboni, on the outskirts of Tanga.",This text is about grenade use.,0,1
event_test_1007,1007,mlburnham/acled_event_entailment,"BLF militants lobbed a grenade against a pro-government armed group at Turbat town (Kech district, Balochistan). No casualties were inflicted in the attack.",This text is about grenade use.,0,1
event_test_1008,1008,mlburnham/acled_event_entailment,"unidentified men threw a grenade at the house of a Southern Resistance leader -- Abdel Fattah Saleh -- near the Municipal Office in Aden - Al Hayy at Tigari (Craiter) causing property damages only. Saleh accused STC forces of being behind the attack, which coincided with the first anniversary of his kidnapping by STC forces on 5 June 2020.",This text is about grenade use.,0,1
event_test_1009,1009,mlburnham/acled_event_entailment,"Unidentified men threw a hand grenade at the house of the director of the media bureau in Mawdiyah district, Ahmed Al-Soufi. He is also the chairman of the salary payments committee in the district. No casualties were reported; Oct 29",This text is about grenade use.,0,1
event_test_1010,1010,mlburnham/acled_event_entailment,two children were killed and three injured whilst playing with a grenade at a dwelling at an unspecified location in Jur River county (Western Bahr el Ghazal state) [coded to Kuajiena].,This text is about grenade use.,0,1
event_test_1011,1011,mlburnham/acled_event_entailment,"vigilante attack by unidentified armed men reported. They threw grenades, no casualties was reported.",This text is about grenade use.,0,1
event_test_1012,1012,mlburnham/acled_event_entailment,"unidentified armed group threw a grenade and injured three women on Butaramuka sub hill, Rugeregere hill (Rugombo, Cibitoke). A leaflet found afterwards accused one of the victims of practicing witchcraft.",This text is about grenade use.,0,1
event_test_1013,1013,mlburnham/acled_event_entailment,A hand grenade exploded in Qardho close to the main road injuring 2 civilians. The perpetrator was apprehended.,This text is about grenade use.,0,1
event_test_1014,1014,mlburnham/acled_event_entailment,"an unidentified armed man on a motorcycle threw a grenade in Ibb University street (Al Dhihar, Ibb) injuring 2 civilians.",This text is about grenade use.,0,1
event_test_1015,1015,mlburnham/acled_event_entailment,Grenade attack at supermarket wounds one; perpetrators unknown,This text is about grenade use.,0,1
event_test_1016,1016,mlburnham/acled_event_entailment,A hand grenade attack in Hanti-Wadaag neighbourhood in Jowhar in the evening of 21/12 against SNG forces. It is not know if there were any causalities resulting from the blast.,This text is about grenade use.,0,1
event_test_1017,1017,mlburnham/acled_event_entailment,unidentified assailants threw a grenade at a gas distribution center in Taizz - Street 40 (Al Qahirah) injuring several civilians. The reason behind the incident was not reported.,This text is about grenade use.,0,1
event_test_1018,1018,mlburnham/acled_event_entailment,an unidentified assailant attacked the HQ of the counterterrorism forces with hand grenades occurred in the Shawraw area in north Kirkuk city with no reports of fatalities or injuries.,This text is about grenade use.,0,1
event_test_1019,1019,mlburnham/acled_event_entailment,Unidentified attackers hurled two hand grenades at the Wardhiigley Police Station at 00.30 and 20.00 on 29/10. Two people (civilians) were killed and three others (two TFG police and one civilian) were injured in the two incidents.,This text is about grenade use.,0,1
event_test_1020,1020,mlburnham/acled_event_entailment,"in Puerto Morelos, Quintana Roo, a grenade was fired against a bar by two people affiliated with organised crime, wounding four people, two of which were in critical conditions. No fatalities were reported.",This text is about grenade use.,0,1
event_test_1021,1021,mlburnham/acled_event_entailment,At least two grenade attacks in Bwiza zone. No injuries reported.,This text is about grenade use.,0,1
event_test_1022,1022,mlburnham/acled_event_entailment,"3 Taliban members were injured by a grenade thrown by the NRF on a Taliban vehicle at PD4, Kabul city.",This text is about grenade use.,0,1
event_test_1023,1023,mlburnham/acled_event_entailment,a civilian was injured and later died when unidentified armed men threw a grenade at a police station in Srinagar city (J&K).,This text is about grenade use.,0,1
event_test_1024,1024,mlburnham/acled_event_entailment,"in Belgrade settlement of Jajinci, a hand grenade went off in a residential area, damaging the building and a vehicle parked nearby.",This text is about grenade use.,0,1
event_test_1025,1025,mlburnham/acled_event_entailment,"overnight, Al Shabaab threw a hand grenade against the residential home of the Puntland State Minister for Security in Afarirdood area in Bosaso town (Bossaso, Bari). There were no fatalities. Two civilians were injured. Al Shabaab claimed responsibility.",This text is about grenade use.,0,1
event_test_1026,1026,mlburnham/acled_event_entailment,Grenade attack on home of US Embassy worker,This text is about grenade use.,0,1
event_test_1027,1027,mlburnham/acled_event_entailment,"in Ocana (Norte de Santander), ELN militants threw four grenades into the state attorney's office in the city, causing material damage in the Buenos Aires neighborhood. An ELN flag was found at the site of the explosions. No fatalities.",This text is about grenade use.,0,1
event_test_1028,1028,mlburnham/acled_event_entailment,unknown gunmen threw two hand grenades at a Turkish point in Balyun area in Idleb countryside. Casualties unknown.,This text is about grenade use.,0,1
event_test_1029,1029,mlburnham/acled_event_entailment,"an unidentified hand grenade was thrown at a police patrol in Daquq district in Kirkuk province, no injuries were reported.",This text is about grenade use.,0,1
event_test_1030,1030,mlburnham/acled_event_entailment,"Martyr Sakine Cansiz Vengeance Unit attacked a police vehicle on patrol duty in Selahattin neighborhood of Silvan, Diyarbakir, by throwing fragmentation grenades. No information on casualties was reported by the source.",This text is about grenade use.,0,1
event_test_1031,1031,mlburnham/acled_event_entailment,"a ping pong bomb was thrown outside Pheu Thai Party office in Bangkok - Don Mueang, by two bombers riding a motorbike. There were no injuries or fatalities. The motive for the explosion was unknown.",This text is about grenade use.,0,1
event_test_1032,1032,mlburnham/acled_event_entailment,An unidentified man threw grenades into an area of the regime-controlled city of As-Salamiyeh in eastern Hama. No fatalities reported.,This text is about grenade use.,0,1
event_test_1033,1033,mlburnham/acled_event_entailment,"unknown gunmen threw a hand grenade at a house in As-Sanamayn town in Dara countryside, killing a woman and her husband who is a pharmacist and a former rebel who had signed a reconciliation agreement with the regime. 2 fatalities.",This text is about grenade use.,0,1
event_test_1034,1034,mlburnham/acled_event_entailment,"in Arauquita municipality, Arauca, unidentified men threw a grenade to a military checkpoint in Puerto Jordan area. Information on the group associated to the explosive is unknown. There is presence of FARC dissident groups in the area. No fatalities or injuries occurred.",This text is about grenade use.,0,1
event_test_1035,1035,mlburnham/acled_event_entailment,"unidentified armed assailants lobbed grenades targeting road construction workers at Lailapur (Cachar district, Assam) which is near the Assam-Mizoram border amid the ongoing border dispute between both states.",This text is about grenade use.,0,1
event_test_1036,1036,mlburnham/acled_event_entailment,A hand grenade attack on a religious school in the Pakistani commercial center of Karachi killed at least three people and injured nearly a dozen more people.No group has claimed responsibility for the attack.,This text is about grenade use.,0,1
event_test_1037,1037,mlburnham/acled_event_entailment,Unidentified attacker(s) threw a hand grenade in the office compound of an INGO in Medina district. The grenade exploded without causing any casualties.,This text is about grenade use.,0,1
event_test_1038,1038,mlburnham/acled_event_entailment,3 civilians were injured in a grenade attack thrown at a crowd by an unidentified person. The perpetrator managed to escape.,This text is about grenade use.,0,1
event_test_1039,1039,mlburnham/acled_event_entailment,"unidentified militants (coded as Kashmir Rebels) threw a grenade at a CRPF camp in Tral town (Pulwama, J&K). No injuries were recorded in the attack.",This text is about grenade use.,0,1
event_test_1040,1040,mlburnham/acled_event_entailment,"ISWAP claimed to targeted a Nigerian army patrol with a 40mm automatic grenade launcher on at Arege (Abadan, Borno). There were no casualties.",This text is about grenade use.,0,1
event_test_1041,1041,mlburnham/acled_event_entailment,"overnight, Al Shabaab threw a hand grenade against government security forces (SNA) in a checkpoint in ADC Wadajir area at the Hawlwadag neighborhood in Baidoa town (Baydhaba, Bay). One civilian was killed and three others were injured. Another source added two were injured. Al Shabaab claimed responsibility.",This text is about grenade use.,0,1
event_test_1042,1042,mlburnham/acled_event_entailment,"in Kyauktada township (Yangon-West district, Yangon region), the Toxic Boys attacked the building of Pabedan EPC office and Kyauktada EPC office on Merchant Street with two grenades at around 11 am. One of the grenades exploded while another grenade was defused by security forces. Casualties unknown.",This text is about grenade use.,0,1
event_test_1043,1043,mlburnham/acled_event_entailment,Dec 16. Unidentified persons attacked Amisom [African Union Mission in Somalia] troops in Marka town with a hand grenade. No reported casualties.,This text is about grenade use.,0,1
event_test_1044,1044,mlburnham/acled_event_entailment,5 deaths due to a grenade explosion.,This text is about grenade use.,0,1
event_test_1045,1045,mlburnham/acled_event_entailment,More than 10 people have been wounded in an explosion after hand grenade was hurled in cinema at Sinai intersection (Wardhiley),This text is about grenade use.,0,1
event_test_1046,1046,mlburnham/acled_event_entailment,An unidentified attacker threw a hand grenade at a restaurant in Taleex neighborhood (Hodan District) in the evening of 26/08. An unspecified number of civilians were reportedly injured in the blast.,This text is about grenade use.,0,1
event_test_1047,1047,mlburnham/acled_event_entailment,"Martyr Savas Amed and Martyr Sakine Cansiz Vengeance units attacked a police vehicle on patrol duty in Bostanici neighborhood of Ipekyolu, Van, by throwing improvised explosives. No information on casualties was reported.",This text is about grenade use.,0,1
event_test_1048,1048,mlburnham/acled_event_entailment,"Grenade attacks reported in Mutakura and Musaga, potentially with victims.",This text is about grenade use.,0,1
event_test_1049,1049,mlburnham/acled_event_entailment,"in Nueva Loja (Sucumbios), unidentified assailants threw a house-made explosive outside the house of a woman activist. The woman is currently suing the state for not shutting down the oil extractor lighters that were ordered by the constitutional court to be removed a year ago because of it was causing damages to the environment and health of the residents around them. There were no casualties.",This text is about grenade use.,0,1
event_test_1050,1050,mlburnham/acled_event_entailment,A hand grenade was hurled at TFG police forces based at Bar Ubah Junction in the evening of 27/01. The AS claimed responsibility fot the attack through Radio Andulus and claimed that two police officers had been killed and several others injured. The number of casualties could not be independently verified.,This text is about grenade use.,0,1
event_test_1051,1051,mlburnham/acled_event_entailment,"two unknown attackers threw hand grenades in a coffee shop in Diyarbakir city, injuring six people.",This text is about grenade use.,0,1
event_test_1052,1052,mlburnham/acled_event_entailment,"an unidentified group threw a grenade at Shenkora Hotel in Harar town, Abadir (Harari, Harari), injuring eight civilians who were in the hotel. There were no fatalities. The regional police commission said it captured four suspects.",This text is about grenade use.,0,1
event_test_1053,1053,mlburnham/acled_event_entailment,"an unidentified Palestinian militant(s) threw an explosive device toward Al Jalamah military checkpoint (Jenin, West Bank). There were no casualties.",This text is about grenade use.,0,1
event_test_1054,1054,mlburnham/acled_event_entailment,"in Kyi Kone village of Patheingyi township (Mandalay district, Mandalay region), Patheingyi Revolution Force claimed that its members threw improvised grenades into township fire department, township revenue department office, and township municipal office in the morning. There were no casualties.",This text is about grenade use.,0,1
event_test_1055,1055,mlburnham/acled_event_entailment,a police officer and 2 civilians were injured when suspected militants threw a grenade at a police post near Commerce College in Dera Ismail Khan.,This text is about grenade use.,0,1
event_test_1056,1056,mlburnham/acled_event_entailment,"in Risaralda, Caldas, unknown attackers threw a grenade at a police patrol. According to police there is no presence of armed groups in this area so it is unknown who threw the grenade. There was only material damage. No fatalities.",This text is about grenade use.,0,1
event_test_1057,1057,mlburnham/acled_event_entailment,"Jinen Tirejen Roje militants attacked police officers with improvised explosive devices [presumably thrown] in Eski Kisla neighborhood in Yuksekova town center, Hakkari. There were no casualties.",This text is about grenade use.,0,1
event_test_1058,1058,mlburnham/acled_event_entailment,"unidentified Palestinian militant(s) threw an explosive device at the Israeli military checkpoint of Qalandia (Al Quds, West Bank). There were no casualties.",This text is about grenade use.,0,1
event_test_1059,1059,mlburnham/acled_event_entailment,"an unidentified armed group threw a grenade near the village of Rujungu (Kigamba, Cankuzo), at the border between Burundi and Tanzania. The Grenades were heard by locals from 3rd March to 6th March (all days coded separately). There were no casualties.",This text is about grenade use.,0,1
event_test_1060,1060,mlburnham/acled_event_entailment,"1 civilian was injured by a hand grenade in the Darah-ye Bum area of Qadis district, Badghis. It's unclear who threw it.",This text is about grenade use.,0,1
event_test_1061,1061,mlburnham/acled_event_entailment,"at Du Ka Htaung ward in Myitkyina town (Myitkyina township, Myitkyina District, Kachin State), the Myanmar military threw a bomb (believed to be a hand grenade) at a civilian house. There were no casualties. The Myanmar military was accused of threatening civilians in several ways.",This text is about grenade use.,0,1
event_test_1062,1062,mlburnham/acled_event_entailment,Two police officers were injured when a grenade exploded in the Musaga neighborhood of Bujumbura.,This text is about grenade use.,0,1
event_test_1063,1063,mlburnham/acled_event_entailment,unknown attackers attacked the house of an Iraqi officer of the National intelligence service in Kirkuk by throwing a grenade which damaged the house without causing any casualties.,This text is about grenade use.,0,1
event_test_1064,1064,mlburnham/acled_event_entailment,The driver of a police officer sustained injuries after suspected militants (coded as Kashmir Rebels) lobbed a grenade at SSP old office building in South Kashmir's Anantnag (Islamabad) district.,This text is about grenade use.,0,1
event_test_1065,1065,mlburnham/acled_event_entailment,Al Shabaab threw a grenade against police forces at the Garas Baaley administration headquarter in Mogadishu - Daynile (Banadir). There were no casualties. Al Shabaab claimed responsibility.,This text is about grenade use.,0,1
event_test_1066,1066,mlburnham/acled_event_entailment,Islamic State militants lobbed a grenade at security forces in Srinagar city (J&K) in which one soldier was injured.,This text is about grenade use.,0,1
event_test_1067,1067,mlburnham/acled_event_entailment,"overnight, Al Shabaab threw a hand grenade against Hirshabelle police forces in a checkpoint in Radar area at the Koshin neighborhoods in Belet Weyne town (Belet Weyne, Hiiraan). There were no casualties. Al Shabaab claimed responsibility.",This text is about grenade use.,0,1
event_test_1068,1068,mlburnham/acled_event_entailment,28 September. A hand grenade targeting a vehicle in Farjano landed in a empty land. No casualties reported.,This text is about grenade use.,0,1
event_test_1069,1069,mlburnham/acled_event_entailment,Unidentified attackers threw a hand grenade against SNG base in Gubta neighbourhood (Dayniile District) in the evening of 03/07. Two SNG soldiers were injured in the blast. The perpetrators escaped from the scene.,This text is about grenade use.,0,1
event_test_1070,1070,mlburnham/acled_event_entailment,unknown gunmen threw a hand grenade at a man's house in Tafas town in Dara countryside. Casualties unknown.,This text is about grenade use.,0,1
event_test_1071,1071,mlburnham/acled_event_entailment,"several wounded in rpg attack, perp unknown",This text is about grenade use.,0,1
event_test_1072,1072,mlburnham/acled_event_entailment,"three CRPF troopers and a policeman were injured when militants (coded as Kashmir Rebels) threw a grenade at them in Kanihama area within the Magam area (Budgam, J&K). The policeman died 2 days later on August 16.",This text is about grenade use.,0,1
event_test_1073,1073,mlburnham/acled_event_entailment,"Fano threw a hand bomb on Damot Preparatory School in Finote Selam (Finote Selam town, West Gojam, Amhara), injuring at least 24 people. Other reports mentioned that up to 31 students were injured. The bomb was thrown by a student who allegedly received instruction from and was coordinated by Fano. There were no fatalities.",This text is about grenade use.,0,1
event_test_1074,1074,mlburnham/acled_event_entailment,Unidentified perpetrators threw a hand grenade at the residence of Waberi deputy District Commissioner located near the police station (Waberi District) in the evening of 14/05. The device reportedly missed its target and landed near the front gate of the residence. A child was injured in the explosion. The attackers managed to escape.,This text is about grenade use.,0,1
event_test_1075,1075,mlburnham/acled_event_entailment,"a suspected Al Shabaab militant hurled a hand grenade against Somali police on foot patrol in the Afgooye village neighbourhood, Daynile district. No fatalities reported.",This text is about grenade use.,0,1
event_test_1076,1076,mlburnham/acled_event_entailment,"Unknown armed men reportedly threw a hand grenade near the residence of a GPC leader named, Hussain Al-Khalaki, in Sanaa street in Dhamar city then fled the scene; no injuries were reported.",This text is about grenade use.,0,1
event_test_1077,1077,mlburnham/acled_event_entailment,"the Martyr Savas Amed, Martyr Sakine Cansiz and the Martyr Baran Dersim Vengeance Units, operating under YPS attacked police units in Surmeli neighborhood of Ipekyolu, Van, by throwing improvised explosives. No report on casualties.",This text is about grenade use.,0,1
event_test_1078,1078,mlburnham/acled_event_entailment,"unknown militants attacked a civilian residence with a hand grenade in the Al Husseiniya area of Baghdad, injuring 2.",This text is about grenade use.,0,1
event_test_1079,1079,mlburnham/acled_event_entailment,Two grenades near a police van injured six policemen and one child.,This text is about grenade use.,0,1
event_test_1080,1080,mlburnham/acled_event_entailment,Unidentified attackers hurled a hand grenade against SNG soldiers in Towfiiq area (Yaaqshiid District) in the evening of 08/12. Two soldiers were wounded. One suspect was arrested.,This text is about grenade use.,0,1
event_test_1081,1081,mlburnham/acled_event_entailment,Grenade attack causes death of two people and injury of a number of others in a cinema hall at Xuddur.,This text is about grenade use.,0,1
event_test_1082,1082,mlburnham/acled_event_entailment,Unidentified attackers threw a hand grenade at Somali forces at a local market. A woman and a child were injured in the blast.,This text is about grenade use.,0,1
event_test_1083,1083,mlburnham/acled_event_entailment,a CRPF jawan was injured when suspected militants (coded as Kashmir Rebels) launched a grenade attack on a CRPF bunker in the main chowk in Pulwama town (J&K).,This text is about grenade use.,0,1
event_test_1084,1084,mlburnham/acled_event_entailment,"suspected Al Shabaab militants threw a hand grenade against police officers conducting vehicle spot screening in the vicinity of Baidoa town (Baydhaba, Bay). There were no fatalities. One police officer and a civilian bystander were injured.",This text is about grenade use.,0,1
event_test_1085,1085,mlburnham/acled_event_entailment,at least four people were seriously injured in a grenade explosion that targeted a household in the Kanyosha neighbourhood in Bujumbura.,This text is about grenade use.,0,1
event_test_1086,1086,mlburnham/acled_event_entailment,"BLA militants lobbed grenades at Pakistan forces in Turbat city (Kech district, Balochistan). Four soldiers were claimed to be killed in the attack.",This text is about grenade use.,0,1
event_test_1087,1087,mlburnham/acled_event_entailment,an unidentified hand grenade attack targeting police forces in Baghdad left 48 police personnel injured.,This text is about grenade use.,0,1
event_test_1088,1088,mlburnham/acled_event_entailment,Unidentified attackers hurled a hand grenade at SNG forces guarding the former Defence Ministry (Dayniile District) in the evening of 30/06. No casualties were reported. The perpetrators escaped.,This text is about grenade use.,0,1
event_test_1089,1089,mlburnham/acled_event_entailment,"in Lashio town of Lashio township (Lashio district, Shan-North state), two unidentified armed men on a motorbike carried out an attack using two handmade grenades on Fuli Light Hotel located in No.2 ward at around 8 pm. The homemade grenade explosion damaged the electricity generator and damaged the hotel's window. There were no casualties.",This text is about grenade use.,0,1
event_test_1090,1090,mlburnham/acled_event_entailment,"HBDH militants attacked a store of a chain supermarket in Barbaros neighborhood of Seyhan town, Adana via explosive devices [presumably thrown], inflicting material damage. The attack occurred in the night while the store was closed and no interaction with civilians was reported.",This text is about grenade use.,0,1
event_test_1091,1091,mlburnham/acled_event_entailment,"HBDH militants attacked a police vehicle at a checkpoint in Barbaros neighborhood of Seyhan town, Adana, via grenades. There were no casualties.",This text is about grenade use.,0,1
event_test_1092,1092,mlburnham/acled_event_entailment,"national police forces detained the principal of the Baraem Al Iman Institute and his son in the town of Al Bab in the countryside of Aleppo, for unknown reasons.",This text is about grenade use.,1,0
event_test_1093,1093,mlburnham/acled_event_entailment,"Around 23 October 2021 (between 23 - 24 October), a Catholic church official, the pastor of a Baptist church and two other people were kidnapped by unidentified individuals in Mwanzi neighborhood, Kisharu (Rutshuru, Nord-Kivu). The group demanded ransom for their release.",This text is about grenade use.,1,0
event_test_1094,1094,mlburnham/acled_event_entailment,"suspected Katiba Macina (JNIM) militants abducted an NGO worker along with a vehicle in the town of Diallassagou (Bandiagara, Mopti).",This text is about grenade use.,1,0
event_test_1095,1095,mlburnham/acled_event_entailment,"Ambazonian Separatists form the Ambazonian Restoration Forces kidnapped the traditional ruler and two members of the traditional council in Kake (Kumba 1, Meme, Sud-Ouest). The victims were accused of providing misleading information about a state-sponsored project.",This text is about grenade use.,1,0
event_test_1096,1096,mlburnham/acled_event_entailment,"armed individuals abducted a former councilor in Calabar South LGA after they barricaded the road at Kurmin Shinkafa along Akwanga-Keffi expressway (Akwanga, Nassarawa), coded to Akwanga. The victim was rescued by police forces on 29 January, other sources report that an undisclosed sum was paid before the abductee was released.",This text is about grenade use.,1,0
event_test_1097,1097,mlburnham/acled_event_entailment,"in Los Pijiguaos (Bolivar), a journalist was kidnapped by Colectivos. The journalist had been covering the protests and complaints of workers against the mining company Bauxilum. The victim reported that alongside the kidnappers was the director of the company. The group attempted to kill the victim, but he managed to escape when the vehicle he was taken in went through a military checkpoint.",This text is about grenade use.,1,0
event_test_1098,1098,mlburnham/acled_event_entailment,"military forces abducted a NUP supporter in Mpigi district, coded to Mpigi (Mawokota, Mpigi) who was reportedly taken to a military base.",This text is about grenade use.,1,0
event_test_1099,1099,mlburnham/acled_event_entailment,"presumed JNIM militants abducted the Deboye mayor in the village of Guindio Sare (Youwarou, Mopti). The abducted was subsequently released.",This text is about grenade use.,1,0
event_test_1100,1100,mlburnham/acled_event_entailment,"JNIM militants abducted the mayor od Sebabougou from his home in the village of Sebabougou (Diema, Kayes). He was released on 26 December 2023.",This text is about grenade use.,1,0
event_test_1101,1101,mlburnham/acled_event_entailment,"a Katsina militia abducted an unspecified number of residents, including the local leader, in Dayi town (Malumfashi, Katsina). The assailants also stole food supplies.",This text is about grenade use.,1,0
event_test_1102,1102,mlburnham/acled_event_entailment,QSD detained several people in the village of Loudhi in the eastern countryside of Al-Hasakeh for unknown reasons.,This text is about grenade use.,1,0
event_test_1103,1103,mlburnham/acled_event_entailment,"Regime forces launched a campaign in Deir ez Zor Province (coded to Deir-ez-Zor City) confiscating all stalls and vendors selling fuel, gasoline and kerosene, arresting shopowners and fining them exorbitant sums of money under the pretext that the fuel is smuggled from river crossings and is affecting the national economy.",This text is about grenade use.,1,0
event_test_1104,1104,mlburnham/acled_event_entailment,"Around 25 July 2018, a Shanghaiese human rights defender residing in Pudong New District (Shanghai) was suspected to be missing after his friends found that he had not been online. They also failed to reach him at his residence in Pudong New District, Shanghai. The rights defender had been involved in the 'Toilet Revolution', and was suspected to have been kidnapped around 25 July 2018 and had been incommunicado for at least 17 days at the time of reporting on 11 August.",This text is about grenade use.,1,0
event_test_1105,1105,mlburnham/acled_event_entailment,"Around 16 November 2020 (as reported), 12 Mayi-Mayi Kabeke armed militiamen kidnapped and looted 6 motorcycle taxi drivers and their 3 passengers, including two women, after ambushing them near Mazonde village (Kalemie, Tanganyika).",This text is about grenade use.,1,0
event_test_1106,1106,mlburnham/acled_event_entailment,"in Buthidaung Township, in Rakhine State, the Arakan Army confirmed that it abducted and detained the township chairman of National League for Democracy Party. AA detained him before a scheduled mass rally that he was organizing to support the State Counsellor who will defend a lawsuit regarding the violation of Genocide Convention filed by the Gambia against Myanmar at the ICJ.",This text is about grenade use.,1,0
event_test_1107,1107,mlburnham/acled_event_entailment,11 August. SNR agents forcibly disappeared a civilian from Kamenge neighbourhood of Bujumbura.,This text is about grenade use.,1,0
event_test_1108,1108,mlburnham/acled_event_entailment,"Seleka militia looted goods and abducted 30 people in Mbimbi, Bedamou and Ngoro villages in Dekoa, Kemo. Three managed to escape, while another three were freed by the group.",This text is about grenade use.,1,0
event_test_1109,1109,mlburnham/acled_event_entailment,"Ambazonian Separatists from the Restoration Forces abducted two female workers of the Cameroon Development Cooperation (CDC) from their private residence in Mbonge (Meme, Sud-Ouest). The perpetrators accused the women of violating the Ambazonian Separatists' ban on all activities in CDC plantations.",This text is about grenade use.,1,0
event_test_1110,1110,mlburnham/acled_event_entailment,"QSD detained several civilians, including women, in Al-Malha in al-Hasakeh after having come from Turkey to spend the Ein al Adha holiday.",This text is about grenade use.,1,0
event_test_1111,1111,mlburnham/acled_event_entailment,"Around 26 August 2023 (week of), a joint patrol of Turkish police intelligence and National Police Forces detained a civilian who is from Abudan - Marsawa (Abudan) in Aleppo province for ransom on charges of coordinating with the DFNS (former autonomous administration). His whereabouts remain unknown.",This text is about grenade use.,1,0
event_test_1112,1112,mlburnham/acled_event_entailment,"Ambazonian Separatists abducted a man, his wife, and their four-month-old baby from their residence and took them to an undisclosed location in Nkwen (Bamenda 3, Mezam, Nord-Ouest).",This text is about grenade use.,1,0
event_test_1113,1113,mlburnham/acled_event_entailment,QSD detained three of its own members near Darbasiyah town in Al Hasakeh countryside while trying to cross to Turkey.,This text is about grenade use.,1,0
event_test_1114,1114,mlburnham/acled_event_entailment,Civilians Captured,This text is about grenade use.,1,0
event_test_1115,1115,mlburnham/acled_event_entailment,"A French journalist is kidnapped in the north and freed a week later, April 5th. The man was beaten and denied food.",This text is about grenade use.,1,0
event_test_1116,1116,mlburnham/acled_event_entailment,"Ambazonian Separatists abducted a man from his home in Angie (Momo, Nord-Ouest) whom they accused of dissuading people from paying the taxes imposed by the Separatists. No additional information.",This text is about grenade use.,1,0
event_test_1117,1117,mlburnham/acled_event_entailment,"Ambazonian Separatists abducted 3 civilians (1 woman and 2 men) from their private residences in Barombi Mokoko (Bamusso, Ndian, Sud-Ouest) and took them to an unknown location. The fighters accused the civilians of collaborating with the state security forces.",This text is about grenade use.,1,0
event_test_1118,1118,mlburnham/acled_event_entailment,"Around 5 October 2021 (between 1 - 10 October), the Ministry of Social Security took about 30 street vendors in Hyesan City to forced labor brigades for selling goods on the street in 'contradiction to party orders.' North Korean authorities reportedly launched an intensive crackdown on street vendors, also known as grasshopper merchants, and arrested people who put up serious resistance.",This text is about grenade use.,1,0
event_test_1119,1119,mlburnham/acled_event_entailment,"On 4 August 2019 at night, Taliban fighters abducted 32 civilians from downtown Samangan (Aybak) city, Samangan. The travelers were on their way to Khuram wa Sarbagh district. 2 of those abducted were government employees. All but 2 of the kidnappees were released by 25 August 2019; the status of the 2 missing are unknown.",This text is about grenade use.,1,0
event_test_1120,1120,mlburnham/acled_event_entailment,"in Kyainseikgyi township (Kawkareik District, Kayin State), the Myanmar military abducted a 30-year-old woman as a hostage after the Myanmar military and KNLA clashed.",This text is about grenade use.,1,0
event_test_1121,1121,mlburnham/acled_event_entailment,"Houthi security forces reportedly raided the house of the owner of the al-Majdhoub currency exchange company in Sanaa (Old City, Amanat al Asimah), looted 200 million riyals of the new Hadi-issued currency, and abducted the family members. *Note that the new currency is illegal in Houthi-controlled territories.",This text is about grenade use.,1,0
event_test_1122,1122,mlburnham/acled_event_entailment,a Zamfara militia abducted 19 people when they attacked Marakai and Samgamawa villages in Zurmi LGA (Zamfara). There are no reports about ransom demands.,This text is about grenade use.,1,0
event_test_1123,1123,mlburnham/acled_event_entailment,"QSD arrested a media activist, after they raided his house in Ar-Raqqa city.",This text is about grenade use.,1,0
event_test_1125,1125,mlburnham/acled_event_entailment,"Russian air forces carried out airstrikes at New York, Donetsk. Casualties unknown.",This text is about grenade use.,1,0
event_test_1126,1126,mlburnham/acled_event_entailment,"Russian air forces struck Ukrainian territorial defense near Mykolaiv, Mykolaiv. The Russian military also shelled a production facility and a warehouse in Mykolaiv. Up to 85 Ukrainian soldiers were killed, 15 pieces of military equipment destroyed. [Russian MoD reported 85 fatalities. Coded as 10 fatalities]",This text is about grenade use.,1,0
event_test_1127,1127,mlburnham/acled_event_entailment,3 Taliban militants were killed by Afghan airstrikes in Sherzad district of Nangarhar province. Taliban ammunition was also destroyed in the operation.,This text is about grenade use.,1,0
event_test_1128,1128,mlburnham/acled_event_entailment,"Israeli jets carried out multiple raids on Ainata town (Bint Jbeil, Al Nabatieh) amid ongoing hostilities with Hezbollah. There were no casualties.",This text is about grenade use.,1,0
event_test_1129,1129,mlburnham/acled_event_entailment,"Israeli warplanes targeted and hit two apartments in the Mushtaha Tower Tel Al-Hawa neighborhood of Gaza - Tal el Hawa (Gaza Strip, Palestine). Fires broke out in the apartments. Casualties unknown. At approximately 06:00, Israeli warplanes targeted with 5 missiles at the al-Rawdah (1) residential tower in Gaza - Tal el Hawa, destroying the apartments it houses completely and damaging the nearby Rawadah (2) and al-Sa'adah (2), (3) and (4) towers. Casualties unknown.",This text is about grenade use.,1,0
event_test_1130,1130,mlburnham/acled_event_entailment,"Warplanes, likely regime or Russian conducted several airstrikes on Nashabiyeh town in Rural Damascus in conjunction with shelling by the Syrian army on the city which led to the injury of several civilians, no fatalities were reported.",This text is about grenade use.,1,0
event_test_1131,1131,mlburnham/acled_event_entailment,regime warplanes carried out airstrikes on Shahranaz in northern Hama countryside amid regime artillery and rocket shelling of the town. Neither fatalities nor injuries were reported.,This text is about grenade use.,1,0
event_test_1132,1132,mlburnham/acled_event_entailment,Air raids by the Military Forces of the US in the district Garmsir of Helmand on 06-Feb-2017 killed 6 Taliban militants.,This text is about grenade use.,1,0
event_test_1133,1133,mlburnham/acled_event_entailment,"On Jan 17th, coalition airstrikes on Rashidiyah neighborhood (Al-Hadbaa district) in the north east of Mosul killed and injured many civilians (unknown fatalities coded as 10). Additional coalition airstrikes on Baysan neighborhood (Al-Hadbaa district), in the northeast of Mosul killed 6 civilians and injured 8.",This text is about grenade use.,1,0
event_test_1134,1134,mlburnham/acled_event_entailment,"Ukrainian military struck with a kamikaze drone the village of Nikolayevka (Belgorodskiy, Belgorod). No casualties.",This text is about grenade use.,1,0
event_test_1135,1135,mlburnham/acled_event_entailment,"Russian air forces carried out airstrikes at Holubivka, Kharkiv. Casualties unknown.",This text is about grenade use.,1,0
event_test_1136,1136,mlburnham/acled_event_entailment,"Global Coalition Forces conducted airstrikes impacting agricultural fields in Qaryat al Mukhaysah in Dayali province. As a result, 2 to 4 farmers were killed and up to 2 others were injured. Some reports indicated that 4 criminals were killed and injured during the attack. Total fatalities coded to 2.",This text is about grenade use.,1,0
event_test_1137,1137,mlburnham/acled_event_entailment,the Saudi-led coalition conducted 23 air raids on Sirwah district (Marib). No fatalities or injuries reported.,This text is about grenade use.,1,0
event_test_1138,1138,mlburnham/acled_event_entailment,"Iraqi F16 warplanes conducted airstrikes targeting an IS hideout in Zarlog area, Diyala province. The airstrike resulted in the death of an IS leader and 2 other IS militants and the wounding of another. 3 fatalities.",This text is about grenade use.,1,0
event_test_1139,1139,mlburnham/acled_event_entailment,"At least five suspected TTP militants were killed after six drone missiles hit a house in Spinwam tehsil of North Waziristan. While many reports stated 5 TTP militants were killed, some reports stated that amongst the 5 dead were 2 civilian casualties",This text is about grenade use.,1,0
event_test_1140,1140,mlburnham/acled_event_entailment,"regime warplanes carried out air raids on the town of Sfuhen, partially damaging the fence of a school for boys, with neither injuries nor fatalities reported.",This text is about grenade use.,1,0
event_test_1141,1141,mlburnham/acled_event_entailment,"Pro-Houthi forces claimed to have carried out a drone attack on Saudi-affiliated forces in Alb border crossing in Asir governorate, killing and injuring a number of fighters. Unknown reported fatalities coded as 10. *ACLED defaults to coding the event on the Yemeni side when the source describes a large area along the Saudi-Yemeni border.",This text is about grenade use.,1,0
event_test_1142,1142,mlburnham/acled_event_entailment,Syrian or Russian warplanes carried out raids on Tal Wassit with no injuries or fatalities reported.,This text is about grenade use.,1,0
event_test_1143,1143,mlburnham/acled_event_entailment,"Around 29 July 2019, over the past 24 hours, an airstrike by Afghan military forces killed 5 Taliban militants, in Deh Rahwod district, Urozgan.",This text is about grenade use.,1,0
event_test_1144,1144,mlburnham/acled_event_entailment,Turkish army warplanes carried out airstrikes targeting PKK forces in Gunde Fileha area (Kurdish names) in Zap region (Al Amadiya district) of Duhok. No information on casualties was reported.,This text is about grenade use.,1,0
event_test_1145,1145,mlburnham/acled_event_entailment,Coalition airstrikes hit forces in Razih,This text is about grenade use.,1,0
event_test_1146,1146,mlburnham/acled_event_entailment,"Russian land and air forces struck Ukrainian forces that attempted to advance in the direction of Holykove, Luhansk. About 40 Ukrainian soldiers were killed as a result of the strikes in Ploshchanka, Holykovo, Kreminna. [Russian MoD reported 40 fatalities. Coded as 10 fatalities split across 3 events. 3 fatalities coded to this event]",This text is about grenade use.,1,0
event_test_1147,1147,mlburnham/acled_event_entailment,"30 June. The US military conducted an air strike southeast of Jilib, targeting Al Shabaab militants.",This text is about grenade use.,1,0
event_test_1148,1148,mlburnham/acled_event_entailment,The TNLA and the SSA-S clashed after Myanmar's military joined forces with the SSA-S to launch an offensive against the TNLA in Shan state.,This text is about grenade use.,1,0
event_test_1149,1149,mlburnham/acled_event_entailment,"JNIM militants attacked a position of volunteer fighters (VDP) in the town of Mansila (Mansila, Yagha). Two VDP were killed, one was injured, and weapons and one motorcycle were seized by the militants. JNIM claimed responsibility and said its fighters captured three AK rifles and a motorcycle.",This text is about grenade use.,1,0
event_test_1150,1150,mlburnham/acled_event_entailment,"As reported on Jan 17, 1 fighter from the Sadr faction in the PMF was killed by unidentified gunfire in Hawejah city.",This text is about grenade use.,1,0
event_test_1151,1151,mlburnham/acled_event_entailment,the OSCE SMM observed a total of 69 explosions/shots involving small arms /unknown weapons near Novaya Tavriya.,This text is about grenade use.,1,0
event_test_1152,1152,mlburnham/acled_event_entailment,"in Nilopolis (Rio de Janeiro), a shoot-out between unknown shooters took place in the Olinda neighborhood, in Morro da Mina community. Casualties unknown.",This text is about grenade use.,1,0
event_test_1153,1153,mlburnham/acled_event_entailment,"Around 21 January 2021 (as reported), in Sao Goncalo, Rio de Janeiro, a shoot-out broke out during a routine patrol by the military police in Ipiiba neighborhood. Officers were attacked by armed suspects and one suspect was killed and the other was injured. The police seized a rifle, a pistol, drugs, and a radio.",This text is about grenade use.,1,0
event_test_1154,1154,mlburnham/acled_event_entailment,"there was a clash between Leelkayse clan and Habar Gedir-Saad sub-clan militias in the vicinity of Teerage village near Gaalkacyo town (Gaalkacyo, Mudug). Two people were killed and five others injured, after armed men from the Habar Gedir-Saad sub-clan opened fire at a vehicle passing the road.",This text is about grenade use.,1,0
event_test_1155,1155,mlburnham/acled_event_entailment,There were clashes between the Twa and Bafuliru populations in Bendera end July.,This text is about grenade use.,1,0
event_test_1156,1156,mlburnham/acled_event_entailment,"in Rio de Janeiro - North Zone (Rio de Janeiro), unknown shooters exchanged fire in the Campinho and Iraja neighborhoods. Casualties unknown.",This text is about grenade use.,1,0
event_test_1157,1157,mlburnham/acled_event_entailment,"two Taliban members were killed and two were wounded following an attack by National Resistance Front militants on a checkpoint in the Gul Surkh intersection of PD4, Kabul city.",This text is about grenade use.,1,0
event_test_1158,1158,mlburnham/acled_event_entailment,"overnight, Al Shabaab militants attacked Ethiopia security forces (Non-Atmis) in Washaqda area near Baidoa town (Baydhaba, Bay). There were no casualties. Al Shabaab claimed responsibility.",This text is about grenade use.,1,0
event_test_1159,1159,mlburnham/acled_event_entailment,"Somali gunmen ambushed a U.N. food delivery at a roadblock in central Somalia, sparking a firefight that left 6 people dead and nine injured. Militia aligned to Mohamed Ibrahim Habsade were escorting the convoy when it was attacked by gunmen.",This text is about grenade use.,1,0
event_test_1160,1160,mlburnham/acled_event_entailment,"near Mansi town (Mansi township, Bhamo district, Kachin state), the Kachin Independence Army (KIO/KIA) continued attacking the Myanmar military's LIB-601 and LIB-319 bases for the second day. Casualties unknown.",This text is about grenade use.,1,0
event_test_1161,1161,mlburnham/acled_event_entailment,"1 Afghan soldier was killed by Taliban militants in the Tazi Rabat area of Shah Joy district, Zabul province.",This text is about grenade use.,1,0
event_test_1162,1162,mlburnham/acled_event_entailment,"Ambazonian Separatists from the Bui Warriors faction led by 'General Talk N' Do' ambushed State security forces, coded as the military forces, in Banso (Kumbo, Bui, Nord-Ouest). During the attack, the Separatists detonated 2 IEDs. 1 soldier was killed by the explosive and an unidentified number were injured.",This text is about grenade use.,1,0
event_test_1163,1163,mlburnham/acled_event_entailment,"in Queimados, Rio de Janeiro, a shoot-out took place between police officers and armed suspects. Casualties unknown.",This text is about grenade use.,1,0
event_test_1164,1164,mlburnham/acled_event_entailment,"in Saheber char village in Hossainpur Upazila (Kishoreganj, Dhaka), two armed groups of villagers clashed over a land dispute, leaving one person dead an 6 injured.",This text is about grenade use.,1,0
event_test_1165,1165,mlburnham/acled_event_entailment,"in Betulia, Jalisco, there was an armed clash between military forces and armed individuals. An officer was injured.",This text is about grenade use.,1,0
event_test_1166,1166,mlburnham/acled_event_entailment,"overnight, Al Shabaab militants attacked government security forces (SNA) at a base in Bulo Mareer village (Marka, Lower Shabelle). The two groups briefly exchanged gunfire. There were no casualties. Al Shabaab claimed responsibility.",This text is about grenade use.,1,0
event_test_1167,1167,mlburnham/acled_event_entailment,Clashes reported 6 km from Balobe in Bafwasende Territory close to Ofiyo River. 4 FARDC and up to 30 Mayi Mayi killed.,This text is about grenade use.,1,0
event_test_1168,1168,mlburnham/acled_event_entailment,"Al Shabaab attacked a Kenyan Military convoy travelling from Faafax Dhuun village to Geriley town, Gero region. There was a brief exchange of gunfire after which AS retreated. One Al Shabaab fighter was killed.",This text is about grenade use.,1,0
event_test_1169,1169,mlburnham/acled_event_entailment,"Around 21 July 2022 (as reported), policemen clashed with an unidentified armed group in Iyuku community, coded to Auchi (Etsako West, Edo). One abductee was rescued, the assailants fled with gunshot injuries, weapons and ammunition were recovered by the policemen.",This text is about grenade use.,1,0
event_test_1170,1170,mlburnham/acled_event_entailment,Houthi fighters claim to have killed and wounded a number of anti-Houthi fighters in the Waza'iyah area of Taiz after attacking their positions. Unknown fatalities coded as 10.,This text is about grenade use.,1,0
event_test_1171,1171,mlburnham/acled_event_entailment,the PMF's Peace companies and Rapid Reaction forces carried out an operation targeting IS militants in Jabarah in Ishaqi that killed 2 militants and a rapid reaction officer.,This text is about grenade use.,1,0
event_test_1172,1172,mlburnham/acled_event_entailment,Six Egyptian soldiers were killed by gunmen at a checkpoint in the northern Cairo suburb of Shubra al-Khayma.,This text is about grenade use.,1,0
event_test_1173,1173,mlburnham/acled_event_entailment,"military forces of Artsakh located at Bash Garvand fired with unspecified weapons on the positions of the military forces of Azerbaijan assumed to be located near Orta-Karvend, Agdam.",This text is about grenade use.,1,0
event_test_1174,1174,mlburnham/acled_event_entailment,"in Rio de Janeiro - West Zone (Rio de Janeiro), unknown shooters exchanged fire in the Senador Camara neighborhood. Unknown casualties.",This text is about grenade use.,1,0
event_test_1175,1175,mlburnham/acled_event_entailment,Unidentified gunmen shot and killed a man hailing from the Dhulbahante clan in Awr-Boogays village 71km SE of Ceel-Afwayn on 20/08.,This text is about grenade use.,1,0
event_test_1176,1176,mlburnham/acled_event_entailment,"armed youths from Twic allied with Gai Machiek (coded as SSPM/A) attacked Kol-wang-nyang village in Rumamier payam (the Abyei disputed area). 13 people including an SSPDF (assumed off duty) were killed, (the victims of the attack are likely Ngok Dinka, who live the area). The Twic county commissioner denied being involved.",This text is about grenade use.,1,0
event_test_1177,1177,mlburnham/acled_event_entailment,"Around 10 August 2022 (as reported), suspected IPOB militants killed the Imo state commander of Ebube Agu Corps who is assumed to be off duty. The victim was found hiding in the forest before he was shot. Location coded to Owerri (Owerri Municipal, Imo). IPOB denied involment in the attack adding that the victim was not a member of Ebube Agu and he was killed for refusing to join Ebube Agu Corps.",This text is about grenade use.,1,0
event_test_1178,1178,mlburnham/acled_event_entailment,a dozen members of Generation Identitaire threw glass bottles at a group of persons who they assumed were leaving an antifa demonstration in Lyon. They claimed the attack on social networks.,This text is about grenade use.,1,0
event_test_1179,1179,mlburnham/acled_event_entailment,unidentified gunmen shot and killed the Mukhtar of Eastern Maliha in Dar'a governorate who was known as a collaborator to the Syrian regime forces and the 4th armored division in particular.,This text is about grenade use.,1,0
event_test_1180,1180,mlburnham/acled_event_entailment,"A group attacked four Afghan civilians, because they mistook their Afghan flag for a PKK flag. One of them was stabbed, but not fatally. The attackers fled the scene.",This text is about grenade use.,1,0
event_test_1181,1181,mlburnham/acled_event_entailment,"a traffic enforcer of the Manila Traffic and Parking Bureau was shot dead by unidentified assailants at the Port Area in Manila (Metro Manila, National Capital Region). The traffic enforcer was walking to a store and is assumed off-duty. The motive for the attack was unclear.",This text is about grenade use.,1,0
event_test_1182,1182,mlburnham/acled_event_entailment,"in Cardenas, Tabasco, a person was found dead near the village C-33. The body was burned. 1 fatality.",This text is about grenade use.,1,0
event_test_1183,1183,mlburnham/acled_event_entailment,"Algerian army opened fire on Mauritanian goldminers vehicle at the border with Mauritania coded to Tindouf (Tindouf, Tindouf), killing two and injuring another.",This text is about grenade use.,1,0
event_test_1184,1184,mlburnham/acled_event_entailment,"in Araucaria, Parana, a man was shot and killed in front of a house by an unidentified armed man in a car in the Iguatemi neighborhood. 1 fatality.",This text is about grenade use.,1,0
event_test_1185,1185,mlburnham/acled_event_entailment,"On Oct 1st, ASWJ insurgents attacked the village of Mungue. Houses were burnt. No fatalities reported.",This text is about grenade use.,1,0
event_test_1186,1186,mlburnham/acled_event_entailment,"in Cerca La Source, Centre, Dominican soldiers shot and killed two Haitian civilians in the Tilori area. There is no further information on the event. 2 fatalities.",This text is about grenade use.,1,0
event_test_1187,1187,mlburnham/acled_event_entailment,A policeman shot and killed a coltan miner who did not pay a fine that he tried to impose. 2 other people were wounded.,This text is about grenade use.,1,0
event_test_1188,1188,mlburnham/acled_event_entailment,"in Tijuana, Baja California, a woman was found dead in Colonia Presidentes after a shooting. The perpetrators fled in 2 vehicles afterwards. 1 fatality.",This text is about grenade use.,1,0
event_test_1189,1189,mlburnham/acled_event_entailment,"Around 13 April 2018 (as reported), between Serra Dourada and Santana municipalities, Bahia, a man and a woman were killed and their bodies were found burnt and with stab wounds in a bush. The victims were siblings and had last been seen three days earlier. Motivation and authorship are unknown. 2 fatalities.",This text is about grenade use.,1,0
event_test_1190,1190,mlburnham/acled_event_entailment,"Around 28 May 2020 (as reported), in Jacona municipality, Michoacan, two men were killed and their bodies were found mummified between the communities La Estancia Igartua and Rancho Nuevo. Both bodies had the hands and legs tied, one of them was tied with barbed wire. 2 fatalities.",This text is about grenade use.,1,0
event_test_1191,1191,mlburnham/acled_event_entailment,"Los Cuiniques, Michoacan, authorities found two dead bodies with several shots. Both were blindfolded, and one of them was hands-tied. 2 fatalities.",This text is about grenade use.,1,0
event_test_1192,1192,mlburnham/acled_event_entailment,Unidentified attackers armed with pistols shot and killed two tax collection officers in the vicinity of Suuq Boocle (Dharkenleey District) in the afternoon of 26/11. The attackers escaped.,This text is about grenade use.,1,0
event_test_1193,1193,mlburnham/acled_event_entailment,"in Cosoleacaque, Veracruz, a handcuffed shot dead man was found in Colonia Salinas de Gortari. 1 fatality",This text is about grenade use.,1,0
event_test_1194,1194,mlburnham/acled_event_entailment,"in Jaboatao dos Guararapes (Pernambuco), a man was shot and killed by three men dressed as police who entered his house in the Marcos Freire neighbourhood. 1 fatality.",This text is about grenade use.,1,0
event_test_1195,1195,mlburnham/acled_event_entailment,"in Fajardo, Fajardo, two gunmen on bicycles opened fire at a man in a drive-by shooting. The man was hit in the leg and taken to a hospital. No fatalities.",This text is about grenade use.,1,0
event_test_1196,1196,mlburnham/acled_event_entailment,"in Fresnillo, Zacatecas, unknown armed individuals opened fire and killed a man at an intersection. The man was an employee of the municipal presidency. 1 fatality.",This text is about grenade use.,1,0
event_test_1197,1197,mlburnham/acled_event_entailment,"suspected IS Sahel militants killed a male veterinarian in the town of Bani (Bani, Seno).",This text is about grenade use.,1,0
event_test_1198,1198,mlburnham/acled_event_entailment,"Around 11 February 2020, in Fresnillo, Zacatecas, a man was found dead in Las Palmas. The victim was wrapped in a blanket and a threatening message was left by the perpetrator.",This text is about grenade use.,1,0
event_test_1199,1199,mlburnham/acled_event_entailment,"a group attacked a shop owned by an Ethiopian national in Gunguluza near New Brighton (Nelson Mandela Bay, Eastern Cape). One person of the group was fatally shot after they started shooting at the owner. The incident sparked looting at several shops in the area.",This text is about grenade use.,1,0
event_test_1200,1200,mlburnham/acled_event_entailment,Dozens of people were killed in a remote corner of Central African Republic when Ugandan rebels attacked villagers but were then ambushed by Ugandan soldiers.,This text is about grenade use.,1,0
event_test_1201,1201,mlburnham/acled_event_entailment,"the chair of a youth association close to Nepal Communist Party was attacked with a knife in Shivasatakshi Municipality near Birtamod area (Jhapa district, Mechi). Further investigation of the incident is ongoing.",This text is about grenade use.,1,0
event_test_1202,1202,mlburnham/acled_event_entailment,ZANU-PF supporters brutally beat 20 men suspected of voting MDC.,This text is about grenade use.,1,0
event_test_1203,1203,mlburnham/acled_event_entailment,"an unidentified Palestinian group opened fire at an Israeli settler vehicle near Shufah (Tulkarm, West Bank), likely as it was passing by. There were no casualties.",This text is about grenade use.,1,0
event_test_1204,1204,mlburnham/acled_event_entailment,"Around 28 January 2020 (as reported), in Comodoro municipality (Mato Grosso), a man was killed and his body was found tied up inside a car on the BR-364 highway. The victim was found after the suspects abandoned the car and ran from the police chase. Motivation and authorship are unknown. 1 fatality.",This text is about grenade use.,1,0
event_test_1205,1205,mlburnham/acled_event_entailment,"in Araguari, Minas Gerais, a man was shot and killed in front of his house by two men who rang the door bell, shot him, and then ran away. The motivation of the crime is unknown.",This text is about grenade use.,1,0
event_test_1206,1206,mlburnham/acled_event_entailment,"Israeli forces beat up a Palestinian on the Huwwarah checkpoint (Nablus, West Bank) as he was passing through. The Palestinian was injured and hospitalized.",This text is about grenade use.,1,0
event_test_1207,1207,mlburnham/acled_event_entailment,"Turkish and Olive Branch faction forces shells the Sheik al-Hadid area of western Afrin, injuring 6 people as Turkish warplanes targeted the area. The use of gasses in shelling was reported by medical personnel, with victims exhibiting pupil dilation and difficulty breathing. No fatalities reported.",This text is about grenade use.,1,0
event_test_1208,1208,mlburnham/acled_event_entailment,Russian warplanes carried out raids on Zamalka while regime forces fired rocket shells at the town. Reports claimed that chemical weapons and napalm bombs were used in the attacks. It was reported that 19 civilians were killed and 20 were injured.,This text is about grenade use.,1,0
event_test_1209,1209,mlburnham/acled_event_entailment,IS launched chemical rockets on Peshmerga forces in Al Khazer near/east of Mosul.,This text is about grenade use.,1,0
event_test_1210,1210,mlburnham/acled_event_entailment,"Warplanes targeted Al-Latamna city in Hama with toxic gases, which caused 20 cases of suffocation among civilians and rebels. It was also reported that the warplanes' raids on Latamina, Arza, Zowar, and Qamhana which are controlled by rebel forces, lead to 50 civilians experincing suffocation symptoms. Fatalities also reported with the unknown number coded as 10.",This text is about grenade use.,1,0
event_test_1211,1211,mlburnham/acled_event_entailment,"IS militants fired 42 rockets with chemical substances at Basheer, affecting 45 people, including local security forces and policemen.",This text is about grenade use.,1,0
event_test_1212,1212,mlburnham/acled_event_entailment,Chemical weapons tested on Eritrean Civilians.,This text is about grenade use.,1,0
event_test_1213,1213,mlburnham/acled_event_entailment,Syrian regime forces targeted FaR positions in Ein Tarma in Eastern Ghota using Chlorine that caused cases of suffocation symptoms among them. No fatalities reported.,This text is about grenade use.,1,0
event_test_1214,1214,mlburnham/acled_event_entailment,Suffocation cases have been reported in Arbin in Eastern Ghota Damascus. Neither injuries nor fatalities were reported.,This text is about grenade use.,1,0
event_test_1215,1215,mlburnham/acled_event_entailment,"a group of students staged a protest in the vicinity of Universidad de Antioquia, blocking via Regional (Medellin, Medellin, Antioquia), while another group of students blocked Avenida Las Vegas (Medellin, Medellin, Antioquia), all protesting against the lack of resources for higher public education. It was reported that the students who were blocking Avenida Las Vegas were locked inside Politecnico Jaime Isaza Cadavid, had teargas used against them, and were beaten by ESMAD, resulting in multiple injuries.",This text is about grenade use.,1,0
event_test_1216,1216,mlburnham/acled_event_entailment,"demonstrators gathered in El Obeid (North Kordofan state) calling for a transition to civilian rule, and justice for the victims of the June 3rd Khartoum massacre. RSF paramilitaries fired upon demonstrators using live rounds, injuring ten.",This text is about grenade use.,1,0
event_test_1217,1217,mlburnham/acled_event_entailment,"Palestinians held a demonstration east of Khuzaa (Khan Yunis) as part of the March of Return movement. Israeli forces fired live ammunition, rubber-coated steel bullets, and stun and tear gas canisters towards the demonstrators.",This text is about grenade use.,1,0
event_test_1218,1218,mlburnham/acled_event_entailment,"a group of people gathered in demonstration in Maputo (Maputo, Maputo City), Quelimane (coded separately, Chimoio (coded separately), Beira (coded separately), Nampula, (coded separately) and Xai-Xai (coded separately) to pay homage to a rapper who died recently. They were stopped by police officers, including members of the RIU, who intervened with dogs, tear gas, rubber bullets, bullets, and clubs. 22 people were arrested and 19 went to a hospital. Two men lost the sight of one eye hit by rubber bullets fired at close range. Disputing reports regarding number of arrests in total, from 36 to 108 being detained.",This text is about grenade use.,1,0
event_test_1219,1219,mlburnham/acled_event_entailment,"in La Florida, Metropolitana, a group of nearly 30 citizens protested against the government. a Police officer opened fire against the group of protesters, injuring at least 10 people. In a public statement, police forces stated the officers were off-duty at the moment of the event. Five people remain in the ICU. The demonstration was staged on National Police Day.",This text is about grenade use.,1,0
event_test_1220,1220,mlburnham/acled_event_entailment,Protesters claim four individuals who had started a hunger strike were tortured by police in Suez.,This text is about grenade use.,1,0
event_test_1221,1221,mlburnham/acled_event_entailment,9 October 2018: Police forces shot at demonstrators in the Burweyne village in Wanlaweyn district. Protesters were denouncing the killing of a well-known shiekh in the town by Somali security forces the day before. Two of the protesters were injured.,This text is about grenade use.,1,0
event_test_1222,1222,mlburnham/acled_event_entailment,"People protested against the national agenda in Anfillo Ashi. Security forces responded violently, killing one protester.",This text is about grenade use.,1,0
event_test_1223,1223,mlburnham/acled_event_entailment,"On Friday, 8th of July 2016, dozens of Palestinians suffocated, and a foreign activist was shot and injured, as Israeli armed soldiers violently suppressed a peaceful rally.",This text is about grenade use.,1,0
event_test_1224,1224,mlburnham/acled_event_entailment,hundreds of demonstrators including the STC-affiliated Youth of Anger movement held a rally in Sayun city (Hadramawt) to call for the departure of 1st Military District forces from the Hadramawt valley and desert region. IRG forces from the 1st Military District opened fire on the protesters. There were no fatalities or injuries.,This text is about grenade use.,1,0
event_test_1225,1225,mlburnham/acled_event_entailment,"Residents report that violent attacks against anti-government protesters continued on 01/02 in Mersa, Weldiya and Kobo. The extent of injury not known. 700 youths arrested in Mersa. Any protest violence was not reported.",This text is about grenade use.,1,0
event_test_1226,1226,mlburnham/acled_event_entailment,"in Cumana, Sucre, citizens took to the streets to demand better salaries and support the project of the president of the National Assembly, Juan Guaido (VP party) called Operation Freedom. Municipal police attacked the protesters. Four people, among them three women, were injured and 13 people were arrested. A university professor belonging to the Free Venezuela Broad Front (FAVL) was wounded with a shot.",This text is about grenade use.,1,0
event_test_1227,1227,mlburnham/acled_event_entailment,security forces opened fire on demonstrators as they approached the residence of a member of the parliament in Shatra town (Thi-Qar). No injuries occurred and a reason for the protest was not provided.,This text is about grenade use.,1,0
event_test_1228,1228,mlburnham/acled_event_entailment,"thousands of demonstrators responded to the call by the Resistance Committee for nationwide demonstrations in in Wad Medani (Medani Al Kubra locality, Al Jazirah state), denouncing the military coup and calling for a civilian government. Security forces (presumed police and military) fired teargas canisters and live bullets to disperse the crowd. Five people were injured.",This text is about grenade use.,1,0
event_test_1229,1229,mlburnham/acled_event_entailment,"one person was killed during the protests in Managua against the government of Daniel Ortega. The demonstrations against Ortega and his wife began on April 18, 2018, in response to failed social security reforms. Demonstrators are now demanding the president's resignation after eleven years in power.",This text is about grenade use.,1,0
event_test_1230,1230,mlburnham/acled_event_entailment,"in Valinhos, Sao Paulo, approximately 400 people were blocking Estrada do Jequitiba, to protest the lack of water, and school and health assistance to the Marielle Vive Camp established by the Landless Workers Movement (MST). A supporter of Jair Bolsonaro (PSL) ran a truck through the crowd, killing an elderly man, and injuring 5 people, including a journalist. The truck driver was arrested later that day. 1 fatality.",This text is about grenade use.,1,0
event_test_1231,1231,mlburnham/acled_event_entailment,"On the 25th day of unrest since Burhan Wani's killing, a huge procession was taken out by people in Pattan over 30,000 people participated. The police responded with pellet guns and tear gas injuring many.",This text is about grenade use.,1,0
event_test_1232,1232,mlburnham/acled_event_entailment,"a joint force of Ugandan soldiers and police fired teargas and bullets to disperse protesters in Entebbe (Entebbe Municipality, Wakiso) and Wakiso (coded separately), killing one protester, a NRM chairman, and seriously injuring two. Protests were led by the National Resistance Movement (NRM) and Democratic Party (DP).",This text is about grenade use.,1,0
event_test_1233,1233,mlburnham/acled_event_entailment,As many as 300 protesters were killed when Libyan security forces and allied mercenaries mowed down mourners with machine guns and anti-aircraft guns at a funeral for anti-government protesters in the eastern city of Benghazi.,This text is about grenade use.,1,0
event_test_1234,1234,mlburnham/acled_event_entailment,"Palestinians held a demonstration in the east of Jabalya (North Gaza) as part of the March of Return movement. Israeli forces fired live ammunition, rubber-coated steel bullets, and stun and tear gas canisters towards the demonstrators. 1 Palestinian was injured and 4 suffered from tear gas inhalation.",This text is about grenade use.,1,0
event_test_1235,1235,mlburnham/acled_event_entailment,"During a protest a production coordinator of the creative department of Geo Television, who was injured by Ranger's firing, later succumbed to his injuries in Karachi. 2 more people died and 3 were injured in firing incident on protestors.",This text is about grenade use.,1,0
event_test_1236,1236,mlburnham/acled_event_entailment,"in Shwebo town (Shwebo township, Shwebo district, Sagaing region), locals marched in protest against the Myanmar military coup and in support of the civil disobedience movement. The Myanmar military and police fired at protesters with live bullets. AAPP reported that four people were killed (including a 13-year-old boy), while DVB reported three killed. Additionally, five other civilians were also injured.",This text is about grenade use.,1,0
event_test_1237,1237,mlburnham/acled_event_entailment,"in Sabaneta de Barinas, Barinas state, a minor was shot while he was sleeping. The attack occurred during a protest where neighbors were demanding electric power. Two trucks with military forces arrived to disperse the protest with shoots.",This text is about grenade use.,1,0
event_test_1238,1238,mlburnham/acled_event_entailment,"in Itajuba (Minas Gerais), supporters of Jair Bolsonaro (PL) blocked the BR-459 highway to protest the result of the presidential run-off, which resulted in the election of Lula (PT). A driver attempted to run over the protesters and was arrested by military police.",This text is about grenade use.,1,0
event_test_1239,1239,mlburnham/acled_event_entailment,"Fresh clashes erupted between protesters and security forces in the mainly Berber Kabylie region east of Algiers on Monday. The security forces confronted around 400 demonstrators in the regions main city Tizi Ouzou, firing tear gas and making a number of arrests.",This text is about grenade use.,1,0
event_test_1240,1240,mlburnham/acled_event_entailment,"in Aung Pin Lae ward, Chanmyathazi town, Chanmyathazi township (Mandalay District, Mandalay Region), in the afternoon, locals including engineers protested against the Myanmar military coup and in support of the civil disobedience movement. Military and police forces intervened and fired live rounds. AAPP reported three men were killed while Irrawaddy reported one killed [coded the more recent AAPP fatality count]. At least six people were severely injured.",This text is about grenade use.,1,0
event_test_1241,1241,mlburnham/acled_event_entailment,"Israeli military forces near Al Nashash area junction south of Bethlehem (Bethlehem) fired live and rubber-coated steel bullets, stun and tear gas at Palestinian demonstrators. Two Palestinians were injured in Bethlehem governorate. The demonstration took place amid ongoing hostilities between Israel and Palestinians in the Gaza Strip and East Jerusalem.",This text is about grenade use.,1,0
event_test_1242,1242,mlburnham/acled_event_entailment,"police fired teargas at CCC supporters during a rally in Legion Mine (Matobo, Matabeleland South). Police arrested one CCC supporter. Several CCC supporters were hospitalized after the incident.",This text is about grenade use.,1,0
event_test_1243,1243,mlburnham/acled_event_entailment,"about 3000 local residents protested in Chaplynka, Kherson, against the Russian occupation of the city and the Russian military aggression in Ukraine. Russian forces opened fire on protesters, wounding two people.",This text is about grenade use.,1,0
event_test_1244,1244,mlburnham/acled_event_entailment,three people were shot and killed by Liyu Police paramilitaries in Togochale town in Eastern Ethiopia supposedly while protesting against Abdi Illey.,This text is about grenade use.,1,0
event_test_1245,1245,mlburnham/acled_event_entailment,"local people demonstrated in Kamituga locality (Mwenga, Sud-Kivu) and Mwenga against the bad state of the main road. The police intervened and fired teargas and live ammunition to disperse the crowd.",This text is about grenade use.,1,0
event_test_1246,1246,mlburnham/acled_event_entailment,"pro-Hadi forces gained control of Jabal al Mimtar location on Maqbanah frontline (Maqbanah, Taizz) after clashing with Houthi forces. No fatalities reported.",This text is about grenade use.,1,0
event_test_1247,1247,mlburnham/acled_event_entailment,Clashes between SPLA and Agwelek forces in Owach area of Upper Nile. Reports that SPLA succeeded in gaining control of the area - though SPLA-IO denied the claims. No mentioned fatality.,This text is about grenade use.,1,0
event_test_1248,1248,mlburnham/acled_event_entailment,"Pro-Hadi forces of the 122nd Brigade and affiliates reportedly took control of the Al 'Ushah and Al Farash Isba' mountain ranges, and the Bani Huwaydi village, in Al Far' front of Kitaf district in Sadah border governorate, northwestern Yemen, following clashes during which a number of pro-Houthi fighters were killed. Unknown reported fatalities coded as 10 and spread across three locations.",This text is about grenade use.,1,0
event_test_1249,1249,mlburnham/acled_event_entailment,"SPLA and government-aligned youth militias attacked a number of well-established SPLA-IO positions along the Pakur road to Jezeera from Rubkona, Unity state, including in Ding Ding, Dhorbor, Kaljaak and Nhialdiu. Fighting was reported over two days in Nhialdu. By 27 September, government forces were in control of Jezeera and Kaljaak, and reports suggested they were pushing on to Baau in Koch county of Unity as well. Dozens killed and injured (10 fatalities spread over each day). Rebels reportedly looted civilians in the attacks.",This text is about grenade use.,1,0
event_test_1250,1250,mlburnham/acled_event_entailment,"Regime forces gained control of the village of Kherbet Makman, near the village of Al-Kadeer in northeastern Homs, following clashes with Islamic State fighters. No fatalities reported.",This text is about grenade use.,1,0
event_test_1251,1251,mlburnham/acled_event_entailment,"government forces retook Magumeri (Magumeri, Borno) from ISWAP fighters, claiming to have killed 'scores' of its militants (10 fatalities coded). One civilian vigilante (coded as CJTF) was also killed either in Gubio or Magumeri.",This text is about grenade use.,1,0
event_test_1252,1252,mlburnham/acled_event_entailment,"On 15 August in Vusamba, FARDC attacked Mayi Mayi Mazembe fighters, recapturing the locality.",This text is about grenade use.,1,0
event_test_1253,1253,mlburnham/acled_event_entailment,"the FARDC and M23 clashed in Chengerero (Rutshuru, Rutshuru, Nord-Kivu) and FARDC regained control of territory. Casualties unknown.",This text is about grenade use.,1,0
event_test_1254,1254,mlburnham/acled_event_entailment,"Pro-Houthi forces claim to have gained control over a number of areas previously controlled by anti-Houthi forces in Al-Ajashir. No fatalities or casualties were mentioned. ** Note that the Al-Ajashir desert stretches across the Kitaf wa Alboqee district (Sadah Gov), Khab wa Ashaf district (Jawf), and southern Najran, KSA.",This text is about grenade use.,1,0
event_test_1255,1255,mlburnham/acled_event_entailment,"Pro-Hadi forces and affiliates reportedly took control of several sites in Al-Qabbaytah district of Lahij governorate, southern Yemen, killing a number of pro-Houthi fighters. The overtaken sites include: Al-Tawilah hill, Al-Hashash mountain range, Al-Aden hill, Al-Saqayah hill, Al-Asra hill near Al-Mishraq, Al-Karb hills, Al-Ka'bayn junction, and Jabal an Nabi Shu'ayb junction, while the forces continue to advance toward the area of Diyash. Unknown reported fatalities coded as 10 and spread across seven locations.",This text is about grenade use.,1,0
event_test_1256,1256,mlburnham/acled_event_entailment,Somali forces gain control of Aw Diinle after heavy fighting with al Shabaab fighters in the afternoon of 15/03. The two sides used both heavy and light weapons during the clash. One al Shabaab fighter was reportedly killed and another injured.,This text is about grenade use.,1,0
event_test_1257,1257,mlburnham/acled_event_entailment,"Military forces clear a Boko Haram camp at Alajeri, Guzamala LGA, killing 40 and recovering weapons on 10/03.",This text is about grenade use.,1,0
event_test_1258,1258,mlburnham/acled_event_entailment,"pro-Hadi forces clashed with Houthi forces at Al Ahkoum front (Hayfan, Taizz), with Houthi forces gaining territory of hills of Debai, Khazzan and al-Khader. The clashes resulted in several pro-Hadi fatalities and injuries. Unclear fatalities, coded as 10.",This text is about grenade use.,1,0
event_test_1259,1259,mlburnham/acled_event_entailment,GNA forces regained control of Ajaylat (An Nuqat al Khams) after clashes to repel LNA forces. No casualties reported.,This text is about grenade use.,1,0
event_test_1260,1260,mlburnham/acled_event_entailment,"Iraq's Special Forces (CTS) fought their way further into the eastern outskirts of Mosul and gained control of the neighbourhoods of Al-Zuhur, Qadisiya, Mahrouq and Abbadi in the district of Al-Zuhur from ISIS. No fatalities reported.",This text is about grenade use.,1,0
event_test_1261,1261,mlburnham/acled_event_entailment,"Government military captured areas in the Nuba mountains from SPLA rebels including Alair, Darato, Farnago, Kajama, Kamu, Mazdi, Tajado, Tangaro, Um Darato and Zouba localities. [All coordinates approx., with the exception of Mazdi.]",This text is about grenade use.,1,0
event_test_1262,1262,mlburnham/acled_event_entailment,"Ukrainian forces regained control over the territory of Lozove, Kherson region, and cleared it from the Russian forces. Casualties unknown.",This text is about grenade use.,1,0
event_test_1263,1263,mlburnham/acled_event_entailment,Malian helicopters attacked Tuareg rebels in the Kidal region as a preventative measure.,This text is about grenade use.,1,0
event_test_1264,1264,mlburnham/acled_event_entailment,Fighting between Myanmar government troops and MNDAA troops intensified on three fronts around the Kokang regional capital Laukkai. At least 100 people have been killed during the fighting from 15/3-19/3. Government troops regained several hills from MNDAA troops on 19/3 (20 fatalities split among 5 events).,This text is about grenade use.,1,0
event_test_1265,1265,mlburnham/acled_event_entailment,"Military forces clear Boko Haram camps in Menari, Bulamari, Zangebe, Maafa, Mijigine, Baale and Kaltaram villages in Mafa LGA on 23/03, kill five, rescue 180 hostages and recover a large cache of weapons.",This text is about grenade use.,1,0
event_test_1266,1266,mlburnham/acled_event_entailment,"Around 20 July 2021, around seven persons attacked a trans-person in San Fernando (Cadiz). They insulted and beat the victim due to his/her sexual orientation.",This text is about grenade use.,1,0
event_test_1267,1267,mlburnham/acled_event_entailment,"Hindu and Muslim communities clashed in Nanpara locality of Bahraich (Bahraich, Uttar Pradesh) over the use of space in the village for differing religious functions (Moharram and Ganesh Chaturthi). Police were deployed to disperse the fight, and several people were injured.",This text is about grenade use.,1,0
event_test_1268,1268,mlburnham/acled_event_entailment,"in Ambato, Tungurahua, a group of informal merchants clashed against municipal police and Order Maintenance Unit (UMO) agents in the surroundings of Modelo market. Police forces were attempting to stop a female worker from placing her products in the corner of a streets and that triggered other merchants to attack the police forces and the UMO agents. Merchants threw stones and sticks to the agents and police forces. No injuries were reported.",This text is about grenade use.,1,0
event_test_1269,1269,mlburnham/acled_event_entailment,"in San Matias Atzala, Puebla, more than 50 people threw sticks and stones at four people who were involved in a traffic accident and were being guarded by the police. The rioters wanted the four people to be handed over to them for lynching. Two people were injured.",This text is about grenade use.,1,0
event_test_1270,1270,mlburnham/acled_event_entailment,Israeli forces fired stun and tear gas canisters at Palestinians for throwing stones at them while positioned in Al Quds - Ar Ram town (Al Quds).,This text is about grenade use.,1,0
event_test_1271,1271,mlburnham/acled_event_entailment,"a man was stripped naked, assaulted, had his private parts cut, set on fire and killed by a mob in Phola (Nkangala, Mpumalanga) under accusations that he had raped and killed his cousin two weeks prior. An ambulance called to assist the victim was allegedly chased away by the mob.",This text is about grenade use.,1,0
event_test_1272,1272,mlburnham/acled_event_entailment,"a local group lynched a man accused of being a thief in Kanyinya (Kirundo, Kirundo).",This text is about grenade use.,1,0
event_test_1273,1273,mlburnham/acled_event_entailment,"local people assaulted a worker and vandalized property at the power sub-station in Payagpur village (Shravasti, Uttar Pradesh) after a man died due to electrocution while repairing an electric wire. The worker suffered injuries.",This text is about grenade use.,1,0
event_test_1274,1274,mlburnham/acled_event_entailment,"Jewish rioters threw stones, cursed, and attacked an Israeli Arab doctor who was on his way to Bnei Brak (Tel Aviv). His car was heavily damaged, but he escaped without injury.",This text is about grenade use.,1,0
event_test_1275,1275,mlburnham/acled_event_entailment,"TMCP members assaulted TMC panchayat (local government body) members at Guriahati town (Cooch Behar district, WB) over an unreported issue. Two TMC members were left injured in the incident. Both sides claimed that the other attacked them.",This text is about grenade use.,1,0
event_test_1276,1276,mlburnham/acled_event_entailment,5-7 youths attacked two youths at Madhopur polling station under Tiwari Police Station in Gorakhpur City (Uttar Pradesh) over unidentified reasons during the local body elections. The victims suffered injuries and were robbed of their identification documents.,This text is about grenade use.,1,0
event_test_1277,1277,mlburnham/acled_event_entailment,"rival groups clashed with each other, with some barricading Mombasa Road with burning tires at Kyumbi shopping Centre (Athi River, Machakos) following a dispute over the ownership of a piece of land. Police lobbed teargas to disperse the group. No details on the injuries.",This text is about grenade use.,1,0
event_test_1278,1278,mlburnham/acled_event_entailment,"in Belem (Para), a suspected thief was beaten up and killed by residents in the Marco neighborhood. 1 fatality.",This text is about grenade use.,1,0
event_test_1279,1279,mlburnham/acled_event_entailment,"suspected BJP backed assailants attacked and vandalised an INC member's home in Majlishpur (West Tripura, Tripura). The INC member had recently left BJP.",This text is about grenade use.,1,0
event_test_1280,1280,mlburnham/acled_event_entailment,Israeli Forces raided the village of Beitin in the central West Bank district of Ramallah sparking clashes with residents.,This text is about grenade use.,1,0
event_test_1281,1281,mlburnham/acled_event_entailment,"Two people were injured in a dispute that erupted Monday night in northLebanon'sAkkar between members of the Bahshik and Shtaiweh families, in the border town of Sheikh Ayyash. The Army intervened and arrested nine individuals.",This text is about grenade use.,1,0
event_test_1282,1282,mlburnham/acled_event_entailment,"Local people rushed to the police station to demand the execution of a robbery suspect who was in custody. The people broke into the station and set fire to and killed the suspect. The police officers fired shots in self-defence, killing one and injuring five. Angered, the people then looted and set fire to the police station.",This text is about grenade use.,1,0
event_test_1283,1283,mlburnham/acled_event_entailment,"Palestinian rioters clashed with Israeli military forces in Zububah, after the Israeli forces stormed the village to conduct operations. The soldiers fired tear gas disperse the rioters, injuring a number of Palestinians from tear gas inhalation.",This text is about grenade use.,1,0
event_test_1284,1284,mlburnham/acled_event_entailment,"in Calama, Antofagasta region, a group of rioters looted several stores in the city center. Police Forces of Chile dispersed the group with teargas. The event happened during a political and social crisis in the country, with civil uprising continuing for several weeks.",This text is about grenade use.,1,0
event_test_1285,1285,mlburnham/acled_event_entailment,"Israeli settlers hurled stones at passing Palestinian vehicles near Al Lubban ash Sharqiyah village (Nablus, West Bank).",This text is about grenade use.,1,0
event_test_1286,1286,mlburnham/acled_event_entailment,"a mob pelted the house of three drug peddling suspects (assumed foreign nationals) with stones and set the houses alight in Morokweng (Kagisano, Dr Ruth Segomotsi Mompati, North West). While trying to escape the attack, the suspects allegedly stabbed and injured some of the mob. The three men burnt and died inside the house. After the incident, local community members forcibly removed foreign nationals from the village.",This text is about grenade use.,1,0
event_test_1287,1287,mlburnham/acled_event_entailment,"Around 25 July 2021 (as reported), leaders of BJP and RSS forcefully evicted a minority family after damaging their home at Chandranagar in Bishalgarh (Sepahijala district, Tripura). No reason for the attack reported.",This text is about grenade use.,1,0
event_test_1288,1288,mlburnham/acled_event_entailment,Clashes between political rivals,This text is about grenade use.,1,0
event_test_1289,1289,mlburnham/acled_event_entailment,"Around 16 October 2023 (week of), residents beat a man in Avaradoha in Antananarivo - Arrondissement 5 (Antananarivo-Renivohitra, Analamanga), after he robbed the purse of a woman in the street. They beat him severely until police officers intervened. He was hospitalized and died in the hospital.",This text is about grenade use.,1,0
event_test_1290,1290,mlburnham/acled_event_entailment,"A fight that started between a student and a driver over the drivers allegedly unsafe conduct escalated into a clash between students and police. The police fired shots into the air and allegedly beat up students to get them to dispersed. University property was also destroyed during the incident, although it was not clear how this occurred.",This text is about grenade use.,1,0
event_test_1291,1291,mlburnham/acled_event_entailment,Young people rioted and assaulted the municipal deposit of Hammam Chott. Local police engaged in clashes with the rioters.,This text is about grenade use.,1,0
event_test_1292,1292,mlburnham/acled_event_entailment,"SLFP members clashed with TNA members at Jaffna (Jaffna city, Jaffna district) over former TNA MP's visit to the election counting center at the central college. Later police used force to disperse the clashing rival members.",This text is about grenade use.,1,0
event_test_1293,1293,mlburnham/acled_event_entailment,"Dozens of Israeli settlers destroyed Palestinian property in several villages in the northernWest Bankcity of Nablus, where settlers destroyed property belonging to residents of the village of Burin and Asira al-Qibliya.",This text is about grenade use.,1,0
event_test_1294,1294,mlburnham/acled_event_entailment,"Palestinian rioters and school students clashed with Israeli military forces in Burqah village (Nablus, West Bank). Soldiers fired live and rubber bullets and tear gas canisters at rioters and toward 2 schools in the area. Several Palestinians suffered from tear gas inhalation.",This text is about grenade use.,1,0
event_test_1295,1295,mlburnham/acled_event_entailment,rioting BCL activists assaulted Ducsu VP Nurul Haq Nur and kept him confined in a room of Dhaka University (Shahbagh) for at least one and a half hours. Nur came under the assault when he went there to submit a memorandum objecting the attack on a resident student by some BCL men earlier.,This text is about grenade use.,1,0
event_test_1296,1296,mlburnham/acled_event_entailment,"the motorcade of BNP candidate of Jhalakathi-2 constituency Jeba Amin Khan was attacked by rioters hurling stones near the airport in Barisal. No injuries, only property damage was reported.",This text is about grenade use.,1,0
event_test_1297,1297,mlburnham/acled_event_entailment,"in Santa Isabel Cholula, Puebla, about 100 inhabitants of Acozautla held several officials inside the auxiliary presidency after an unsuccessful meeting they had with the municipal president to demand improvements in their community. The officers were held for several hours.",This text is about grenade use.,1,0
event_test_1298,1298,mlburnham/acled_event_entailment,about ten members of the BNU-Edelweiss: Bulgarian National Union attacked the Rainbow Hub LGBT center in Sofia during an event on transgender rights. They broke furniture and equipment and hit one of the activists.,This text is about grenade use.,1,0
event_test_1299,1299,mlburnham/acled_event_entailment,"Jaish al-Mujahideen clashed with Jabat Fateh al-Sham in Kafr Hamra, taking control over it. No deaths were reported.",This text is about grenade use.,1,0
event_test_1300,1300,mlburnham/acled_event_entailment,"TPLF forces shelled and then attacked local militias in villages near the town of Kobo (North Wello, Amhara), sparking battles that lasted 2 days (9-10 September 2021). 'Dozens' of people were killed in the fighting; fatalities coded as 12 (dozen) and spread across two events. TPLF forces controlled Kobo town on the 9th September following clashes.",This text is about grenade use.,1,0
event_test_1301,1301,mlburnham/acled_event_entailment,"4 Afghan security personnel were killed and 10 were takens as hostages while 2 checkpoints were captured following attacks by Taliban militants in Dand Patan and Laja Ahmad khel districts, Paktia. Taliban overtook Dand Patan district. Fatalities coded as 0 (VoJ reported 4 fatalities split across 2 events [2]).",This text is about grenade use.,1,0
event_test_1302,1302,mlburnham/acled_event_entailment,"clashes took place between QSD and Deir-ez-Zor tribal militiamen near Al Sanor checkpoint in Abu Hamam town in Deir ez Zor countryside, killing one Deir-ez-Zor tribal militiaman. Clashes resulted in the tribal members taking control of the town. 1 fatality.",This text is about grenade use.,1,0
event_test_1303,1303,mlburnham/acled_event_entailment,Government military regained control of Hamash Koreb after clashing with SPLA rebels,This text is about grenade use.,1,0
event_test_1304,1304,mlburnham/acled_event_entailment,QSD regained control of Wabdah village in the countryside of Ein Issa in Ar-Raqqa following clashes with Turkish forces and pro-Turkey rebel factions which operate under Operation Peace Spring. Neither injuries nor fatalities were reported.,This text is about grenade use.,1,0
event_test_1305,1305,mlburnham/acled_event_entailment,"JEM: Justice and Equality Movement and SLM/A-Minnawi: Sudan Liberation Movement/Army (Minnawi Faction) engaged in battles in Muhajiriya (East Darfur, Yassin). No fatalities.",This text is about grenade use.,1,0
event_test_1306,1306,mlburnham/acled_event_entailment,Forces aligned with President Abdu Rabbu Mansour Hadi's government seized a portion of Ikhtul village in northern Taiz governorate as part of Operation Golden Spear on February 24. Pro-government social media accounts claim that popular resistance forces maintain control of southern Ikhtul.,This text is about grenade use.,1,0
event_test_1307,1307,mlburnham/acled_event_entailment,"near Nawng Kon village (Momauk township, Bhamo district, Kachin state), the combined force of Kachin Independence Army (KIO/KIA) and its unidentified allies attacked the Myanmar military Artillery Battalion - 370 around 6 am and captured it around 7 am. Some members of KIA and allies were injured. Locals from Ma Hkwan village were also forced to flee due to the armed clash.",This text is about grenade use.,1,0
event_test_1308,1308,mlburnham/acled_event_entailment,"Taliban militants overtook 9 villages in Tala Wa Barfak district, Baghlan, after chasing Afghan security forces from the area, and possibly clashing in several cases. No casualties reported by source.",This text is about grenade use.,1,0
event_test_1309,1309,mlburnham/acled_event_entailment,"M23 clashed against FARDC and overtook the territory in Kirolirwe/Kilolirwe, including the strategic Gictwa hill (Bahunde, Masisi, Nord-Kivu). Heavy and light weapons were used. Casualties unknown.",This text is about grenade use.,1,0
event_test_1310,1310,mlburnham/acled_event_entailment,Clashes took place between QSD backed by the US Special Forces against IS in areas in the countryside of Ar-Raqqa city where the Euphrates Wrath forces managed to advance in the area and control the villages of Al-Adnanyiah. No casualties were reported.,This text is about grenade use.,1,0
event_test_1311,1311,mlburnham/acled_event_entailment,"Between September 26-28 2019, 66 Afghan security personnel including 5 commanders were killed and 50 were wounded following attacks by Taliban militants on forces and polling centers in Almar, Bilchiragh, Dawlat Abad, Gurziwan, Khwaja Sabz Posh (Juma Bazar), Qaramqol, Qaysar, Pashtun Koy, Shirin Tagab districts, and the limits of Maymana city, Faryab. Taliban overtook several areas, a base, and 6 check points. Taliban claimed they only attacked polling centers where security forces and government official voted in the limits of Maymana city. 10 Taliban militants were killed and wounded; Fatalities coded as half, rounded down, due to unclear nature of the casualties. Total fatalities coded is 71. Fatalities split across 30 events (3). 21 Taliban and 2 civilian fatalities added to this event based on Afghan government sources reporting.",This text is about grenade use.,1,0
event_test_1312,1312,mlburnham/acled_event_entailment,Operation Olive Branch forces captured the Mafraq al-Jatt area in the vicinity of Sijraz from YPG fighters with no injuries or fatalities reported.,This text is about grenade use.,1,0
event_test_1313,1313,mlburnham/acled_event_entailment,"The LRA attacked the field base of French company, Areva, clashing with soldiers at the base. They occupied the base for a while, keeping four people hostage, including 3 French nationals.",This text is about grenade use.,1,0
event_test_1314,1314,mlburnham/acled_event_entailment,"following an armed clash, Russian forces captured Maloryazantseve, Luhansk region. Russian air forces struck Ukrainian artillery and mortars nearby. Casualties unknown.",This text is about grenade use.,1,0
event_test_1315,1315,mlburnham/acled_event_entailment,"Around 13 July 2021 (as reported), the Taliban attacked the Afghan security personnel and seized the checkpoints, police headquarters and military installations of Ghurband district, Parwan. No further information on casualties",This text is about grenade use.,1,0
event_test_1316,1316,mlburnham/acled_event_entailment,12 December 2019. Al Shabaab militants attacked and controlled the village of Haween from the Southwest military forces. One soldier of the Southwest forces was injured.,This text is about grenade use.,1,0
event_test_1317,1317,mlburnham/acled_event_entailment,"Fano ambushed ENDF and took control of Wichale town (Ambasel, South Wello, Amhara). Fano forces burned One ZU-23 during the clash and seized different types of weapons from ENDF. Casualties unknown.",This text is about grenade use.,1,0
event_test_1318,1318,mlburnham/acled_event_entailment,Syrian National Army forces operating as part of Operation Peace Spring captured the village of Modan after clashes with QSD forces with neither injuries nor fatalities reported.,This text is about grenade use.,1,0
event_test_1319,1319,mlburnham/acled_event_entailment,"JTW and Islamist militias captured Ejaz in Idleb following clashes with regime forces and pro-regime militias. Clashes were accompanied by exchange of shelling and airstrikes by Russian and regime warplanes. Clashes, shelling and airstrikes in Rasm Ward, Istablat, Suruj, Sarja, Zurzur, Ejaz, Um al-Khalakhil, Kafraya and other areas in the south-eastern country side of Idleb resulted in the killing of 16 regime and pro-regime fighters and 13 rebel and Islamist militias fighters. Total fatalities 29 are split as follows: 4 Rasm Ward, 4 Istablat, 3 Suruj, 3 Sarja, 3 Zurzur, 3 Ejaz ,3 Um al-Khalakhil, 3 Kafraya and 3 in other areas in the south-eastern country side of Idleb.",This text is about grenade use.,1,0
event_test_1320,1320,mlburnham/acled_event_entailment,Islamic State fighters reportedly retook the town of al-Bukamal which had been captured by regime forces the day before. No fatalities reported.,This text is about grenade use.,1,0
event_test_1321,1321,mlburnham/acled_event_entailment,"Turkish warplanes raided villages in the Raju district of northern Aleppo as clashes and exchange of shelling took place in the areas of Raju's hills between Turkish Forces, Grey Wolves, and rebel and Islamist Olive Branch factions against YPG and HXP fighters. Olive Branch forces captured strategic hill '915.' No fatalities reported although 2 civilians were injured.",This text is about grenade use.,1,0
event_test_1322,1322,mlburnham/acled_event_entailment,"Clashes took place between regime forces and allied Syrian and non-Syrian militias against Hayat Tahrir al-Sham, Turkistan Islamic Party, and rebel and Islamist factions, where the factions advanced to control a number of Towns and villages in Idleb, including Zurzur. Other factions included Ahrar al-Sham, Nour al-Din al-Zinki, Free Idleb Army, Al Sham Corps, Jaysh al Izza, Jaysh al Ahrar, Jaysh al Thani, and Jaysh alNasr. Clashes in Atshan, Sham al-Hawa, Zafar al-Kabir, Zafar al-Saghir, Al-Hisa, Tal Silmo , Big Khwein, Msheirfeh Shamaliah, Um al-Khalakhil, Rabiah, Tal Khaznah, Zurzur, Istablat, Rasm Ward, and other areas in Tamanaah sub-district resulted in fatalities on both sides, with the unknown number coded as 10 and split, 1 each, between the first 10 villages listed.",This text is about grenade use.,1,0
event_test_1323,1323,mlburnham/acled_event_entailment,Taureg rebels make advancements in Timbuktu.,This text is about grenade use.,1,0
event_test_1324,1324,mlburnham/acled_event_entailment,"about 800 people took to the streets in Tegel in Berlin - Reinickendorf (Berlin, Berlin) to protest against coronavirus-related measures.",This text is about grenade use.,1,0
event_test_1325,1325,mlburnham/acled_event_entailment,residents of Gali organized a protest in Zugdidi demanding that the movement of minibuses is reinstated to the occupied territory.,This text is about grenade use.,1,0
event_test_1326,1326,mlburnham/acled_event_entailment,people staged anti-mask protest in Huntington Beach (California) against the Governor's order to wear masks in the midst of the coronavirus pandemic. The protesters were calling for the governor to resign.,This text is about grenade use.,1,0
event_test_1327,1327,mlburnham/acled_event_entailment,"over 1,000 people working in the cultural and entertainment industry gathered in del Popolo square in Rome - City Center (Roma, Lazio) to protest against the condition of their sector due to the coronavirus restrictions. They demanded financial aid from the public authorities and the formation of a ministerial table to discuss gradual reopenings. Several trade associations and ARCI organized the demonstration.",This text is about grenade use.,1,0
event_test_1328,1328,mlburnham/acled_event_entailment,"people protested in front of the Ministry of Justice building in Tokyo - Chiyoda, against the long detention of immigrants at Immigration Centers in Japan and planned amendments to immigration law. The protest was organized by Stop Detention for Safe Living.",This text is about grenade use.,1,0
event_test_1329,1329,mlburnham/acled_event_entailment,"locals, traders, civil society members and deputy commissioner took out a protest rally in Mastung city (Mastung, Balochistan), against the Indian government's decision to repeal Article 370, ending the special status for Jammu & Kashmir, and bifurcating the state into two union territories.",This text is about grenade use.,1,0
event_test_1330,1330,mlburnham/acled_event_entailment,"people gathered at a pro-Palestinian demonstration in Lafayette (Louisiana) in support of Palestine, demanding a ceasefire, and to condemn Israeli military action in the wake of renewed fighting between Israel and Hamas.",This text is about grenade use.,1,0
event_test_1331,1331,mlburnham/acled_event_entailment,"in Ciudad de Mexico - Cuauhtemoc, dozens of retired workers of the National Coordinator of Education Workers (CNTE) protested outside the National Palace against the calculation of their pension based on the Unit of Measure and Update (UMA) and not based on the minimum wage. The change of calculation would entail a reduction of their pension. The protest was joined by members of the Confederation of Retired and Older Adults of the Mexican Republic and the National University Movement for the Human Dignity of Elder Adults.",This text is about grenade use.,1,0
event_test_1332,1332,mlburnham/acled_event_entailment,"in Medellin - Central East (2024), nearly 300 community mothers protested in front of the Colombian Institute of Family Welfare (ICBF) headquarters to demand honorary payments and disbursement of delayed benefits.",This text is about grenade use.,1,0
event_test_1333,1333,mlburnham/acled_event_entailment,BJP MLAs staged a protest at the Parliament building in New Delhi (Delhi) against the cases of violence against their party leaders and members in Kerala during the agitation over female Sabarimala Pilgrims.,This text is about grenade use.,1,0
event_test_1334,1334,mlburnham/acled_event_entailment,"members of the 'Daejeon Joint Task Force For School MeToo' held a rally in front of the Daejeon Metropolitan Office of Education (Daejeon - Seo), urging the education authorities to conduct a special inspection on a teacher who left sexual comments on his online classes. They also demanded a full investigation into sexual violence cases in schools. The representatives of the Korean Teachers and Education Workers Union (KTU under KCTU) Daejeon branch and a civic group 'Hakbumo' were also present at the rally.",This text is about grenade use.,1,0
event_test_1335,1335,mlburnham/acled_event_entailment,a Shiite crowd held a rally in Sanabis in support of Ayatollah Sheikh Isa Qassim.,This text is about grenade use.,1,0
event_test_1336,1336,mlburnham/acled_event_entailment,"around 30 people, mostly employees of the entertainment and cultural industries, protested in Valenciennes against the forced closure of the arts sector due to coronavirus-related measures implemented by the government. Protesters called for the right to reopen their businesses. Protesters also symbolically lined up in front of a closed museum.",This text is about grenade use.,1,0
event_test_1337,1337,mlburnham/acled_event_entailment,"Unions, political parties and residents of the city of Andorra, Teruel protested to ask for real alternatives before the closure of the Teruel Power Plant scheduled for June 30 so that employment can be maintained.",This text is about grenade use.,1,0
event_test_1338,1338,mlburnham/acled_event_entailment,"Niksic Ironworks workers protested in front of the government building in Podgorica, demanding the withdrawal of the dismissals for 229 workers and that the Turkish owner of the company continues paying their salaries.",This text is about grenade use.,1,0
event_test_1339,1339,mlburnham/acled_event_entailment,"in Juliaca (Puno), for the second consecutive day, students of Horacio Zeballos Gamez school and their parents staged a demonstration outside the provincial government to complain about the infrastructure improvement works to be finished by still they can't return to in-person classes, and demand a solution. Additionally, residents of Cancollani urbanization also demonstrated outside the government offices to demand the construction of a recreational park in their sector.",This text is about grenade use.,1,0
event_test_1340,1340,mlburnham/acled_event_entailment,"hundreds of students held a peaceful protest in front of a lake at their university in Depok city (West Java province), demanding an investigation of a student's death seven years ago. The student died of drowning in the lake.",This text is about grenade use.,1,0
event_test_1341,1341,mlburnham/acled_event_entailment,"about 15 family members of the victims held a rally at Olympic Plaza in Calgary (Alberta) for people who were killed in the 2020 Nova Scotia mass murder, seeking answers from the RCMP for the incident.",This text is about grenade use.,1,0
event_test_1342,1342,mlburnham/acled_event_entailment,"twenty People's Party members demonstrated in front of Ubon Ratchathani University in tambon Mueang Si Khai (Warin Chamrap district, Ubon Ratchathani), demanding the release of arrested People's Party leaders. The demonstrators stood still for 1 hour 12 minutes, in solidarity with People's Party protesters who have been demonstrating at the Supreme Court for a month, opposing the use of article 112, the lese majeste law against pro-democracy protesters.",This text is about grenade use.,1,0
event_test_1343,1343,mlburnham/acled_event_entailment,"in Saramiriza (Loreto), Awajun Indigenous citizens blocked Saramiriza-Bagua highway as a demonstration against the government after they did not attend the negotiation to stop the demonstrations in the Nor Peruano oil pipe Station 5 and changed the date of it.",This text is about grenade use.,1,0
event_test_1344,1344,mlburnham/acled_event_entailment,"a group of the Sansa party supporters, which are affiliated to the SOR party, protested outside the PAS party headquarters in Chisinau - Buiucani, criticizing the government's decision to ban the party's candidates from the local elections.",This text is about grenade use.,1,0
event_test_1345,1345,mlburnham/acled_event_entailment,"people gathered and switched electricity off at the Sistrieres business park in Aurillac, at the call of FO, CGT, FSU, CFDT, SUD, UNSA, CGC, and CFTC, as well as the autonomous federation SPP-PATS and VL, to oppose the government's pension and retirement age reform bill, and denounce its passing by means of Article 49.3 of the French Constitution.",This text is about grenade use.,1,0
event_test_1346,1346,mlburnham/acled_event_entailment,"between Invigado and Itagui, Antioquia department, people protested to reject police brutality and violence against civilians. The protest took place after police officers killed a man in Bogota on 9 September 2020 for ignoring the quarantine implemented due to the coronavirus outbreak.",This text is about grenade use.,1,0
event_test_1347,1347,mlburnham/acled_event_entailment,"people, including students and Rise Up 4 Climate Justice activists, marched, at the call of FFF, through the streets of Trento (Trento, Trentino-Alto Adige) to call for more climate action and demand international climate justice, with some denouncing the increase of electricity and gas bills. The event, which was part of an international Climate Strike day called by the FFF movement, saw the participation of CGIL, CISL, UIL and ACLI representatives.",This text is about grenade use.,1,0
event_test_1348,1348,mlburnham/acled_event_entailment,"protesters west of Kut city protested at Adhab Oilfield (Al Namaniya, Wassit) demanding the removal of the local government.",This text is about grenade use.,1,0
event_test_1349,1349,mlburnham/acled_event_entailment,"KESK member public workers staged a protest in Seyhan town, Adana over the raise offered by the government during the collective bargaining for the public workers' salaries for 2022 and 2023, which is below their expectations and does not keep pace with the real inflation. A HDP MP supported the event.",This text is about grenade use.,1,0
event_test_1350,1350,mlburnham/acled_event_entailment,"Silla University students staged a protest at their school (Busan - Sasang) and asked to protect their rights to study, saying the noise from the school cleaning workers' protests against mass dismissal is disrupting their studies.",This text is about grenade use.,1,0
event_test_1351,1351,mlburnham/acled_event_entailment,"around 30 people protested in Dar-gora district of Volgograd (Volgograd) demanding that the local authorities fix the issues with their public transit - there are no buses coming to their district and the taxi buses are unreliable, precluding people from making it to their destinations on time.",This text is about grenade use.,1,0
event_test_1352,1352,mlburnham/acled_event_entailment,workers staged a protest at Thankot locality in Chandragiri municipality (Kathmandu district). The protesters were against the oil corporation for not fulfilling their promise regarding providing vaccination against coronavirus infection to the workers.,This text is about grenade use.,1,0
event_test_1353,1353,mlburnham/acled_event_entailment,up to 50 people took part in a protest organized by the KPRF in Ivdel in opposition to the so-called rubbish reform. No incidents were reported.,This text is about grenade use.,1,0
event_test_1354,1354,mlburnham/acled_event_entailment,at least 4 people took part in an authorized protest in Tver calling for tougher penalties for cruelty to animals.,This text is about grenade use.,1,0
event_test_1355,1355,mlburnham/acled_event_entailment,"irregular migrants organized a protest in front of the delegation's headquarters in Zarzis (Zarzis, Medenine) and denounced their deportation from the Sango region to the shelter center in another location. Another group also protested in front of the United Nations High Commissioner for Refugees.",This text is about grenade use.,1,0
event_test_1356,1356,mlburnham/acled_event_entailment,"residents staged a road blockade of Danube Bridge near Ruse, demanding the resignation of Prime Minister Borisov and Chief Prosecutor Geshev, accusing them of maintaining links to the mafia and refusing to fight corruption.",This text is about grenade use.,1,0
event_test_1357,1357,mlburnham/acled_event_entailment,"A demonstration ,mostly by public school students, against Ethiopian military intervention in Somalia and the US backed draft resolutions that calls on lifting the arms embargo took place in Mogadishu.",This text is about grenade use.,1,0
event_test_1358,1358,mlburnham/acled_event_entailment,students and teachers protested at Jammu city (J&K) against alleged harassment by the head of the Geology department at Jammu university. This was the first day of the protest.,This text is about grenade use.,1,0
event_test_1359,1359,mlburnham/acled_event_entailment,"primary teachers, under the aegis of the United Primary Teachers' Federation held a dharna (Sit-in protest) in Sambalpur district (Odisha) for the fulfillment of their demands including the abolition of the contractual appointment system, salary as per the central pay system and reimplementation of the old pension system.",This text is about grenade use.,1,0
event_test_1360,1360,mlburnham/acled_event_entailment,members of the BJP and the MMI staged a sit-in protest on the premises of the Collectorate in Coimbatore city (Tamil Nadu) accusing the DMK and AIADMK of distributing money to voters in the Coimbatore and Pollachi constituencies before the Lok Sabha elections.,This text is about grenade use.,1,0
event_test_1361,1361,mlburnham/acled_event_entailment,Greenpeace affiliates gathered inside the train station in Zurich (Zurich) to protest against Dove's usage of single-use plastic in their products.,This text is about grenade use.,1,0
event_test_1362,1362,mlburnham/acled_event_entailment,"about 420 protesters gathered at the Ito Tourism Hall Annex building in Ito, Shizuoka, to oppose the construction of a large scale solar power plant in the area by Tokyo-based company 'Izu Mega Solar Park GK'. The mayor and the city council are also opposed to the construction.",This text is about grenade use.,1,0
event_test_1363,1363,mlburnham/acled_event_entailment,"Kvinnostrejk movement activists demonstrated in Norrtalje, Stockholm, in support of women's rights and to oppose violence against women.",This text is about grenade use.,1,0
event_test_1364,1364,mlburnham/acled_event_entailment,"the Dalit community held a protest march in the Gaibandha town, demanding realisation of their rights and development.",This text is about grenade use.,1,0
event_test_1365,1365,mlburnham/acled_event_entailment,"in Pont Casse, Saint Paul, for the third consecutive day, truckers blocked the traffic to demand payment of wages owed to them.",This text is about grenade use.,1,0
event_test_1366,1366,mlburnham/acled_event_entailment,"a sit-in-protest was held at Wangoi SDO office in Wangoi town (Imphal West, Manipur) by employees of Revenue Department, Rural Development Department, Sub-Treasury office, ZEO and Agriculture Department against implementation of the 7th Pay.",This text is about grenade use.,1,0
event_test_1367,1367,mlburnham/acled_event_entailment,"around 40 people gathered outside of military barracks in Penally, protesting against the use of the camp to house asylum seekers. One arrest was reported.",This text is about grenade use.,1,0
event_test_1368,1368,mlburnham/acled_event_entailment,"state police forces arrested a local AIUDF MLA and 30 of his supporters from Krishnapur NC village (Hailakandi, Assam) while they were trying to gets shops closed and stop vehicular movement during a bandh (general shutdown) called by AIUDF, INC and other opposition parties in protest against the draft delimitation of constituencies proposed by the Election Commission of India.",This text is about grenade use.,1,0
event_test_1369,1369,mlburnham/acled_event_entailment,"some rioters representing the United National Party torched documents, and threatened the doctors associated with the Government Medical Officers' Association inside the premises of Kalutara-Nagoda Hospital complex in Kalutara area (Kalutara, Kalutara district). The incident occurred when the doctors were protesting and collecting signatures for a public petition against the Health Minister.",This text is about grenade use.,1,0
event_test_1370,1370,mlburnham/acled_event_entailment,"several dozen activists gathered for a rally in Warsaw, protesting against alleged politicization of the so-called Smolensk tragedy. At least one of them was detained.",This text is about grenade use.,1,0
event_test_1371,1371,mlburnham/acled_event_entailment,"protesting locals were dispersed by the police in Gudri Bazaar area of Kotwali police station in Meerut city (Meerut District, Uttar Pradesh) after two persons sustained bullet injuries during an altercation over a cricket match.",This text is about grenade use.,1,0
event_test_1372,1372,mlburnham/acled_event_entailment,"an unreported number of people demonstrated at Wilson Air Terminal at the Charlotte Douglas International Airport in Charlotte (North Carolina) to call for a ban on private jets due to their impact on the environment. Protesters chained themselves to the fence surrounding the tarmac and the front door of the terminal. After refusing to unchain themselves, four protesters were removed by police, arrested, and charged with Second Degree Trespass. Protesters from Third Act and Scientist Rebellion took part in the protest which was part of a nationwide day of protest at airports serving private jets which was organized by Extinction Rebellion, Scientist Rebellion, New York Communities for Change, and the New York City chapter of Sunrise Movement.",This text is about grenade use.,1,0
event_test_1373,1373,mlburnham/acled_event_entailment,"anti-riot police cleared Freedom Park in Phnom Penh of hundreds of protesters who had gathered to air grievances against the government. Police moved in carrying weapons and electric batons, but soon about 500 protesters reassembled nearby. No violence occurred.",This text is about grenade use.,1,0
event_test_1374,1374,mlburnham/acled_event_entailment,the Algerian police dispersed a gathering held by dozens of citizens in Tiaret (Tiaret) for the 111th Hirak protest march.,This text is about grenade use.,1,0
event_test_1375,1375,mlburnham/acled_event_entailment,About 300 civil servants marched through Zimbabwes capital Harare on Friday demanding higher pay and benefits from money the state earned through recent diamond auctions.,This text is about grenade use.,1,0
event_test_1376,1376,mlburnham/acled_event_entailment,"over 500 people took part in a protest in Omsk, demanding the release of Alexei Navalny, who was sentenced to 30 days of administrative arrest after arriving from Germany, where he was recovering from a failed assassination attempt carried out by the Russian Federal Security Service (FSB), as well as release of those detained during the protests on January 23. Police detained at least 25 protesters.",This text is about grenade use.,1,0
event_test_1377,1377,mlburnham/acled_event_entailment,"On Oct 21st 2019, citizens in Harare staged a protest over the arrest of 11 vendors accused asssaulting a police officer, and the death on one of the vendors while he was in custody. Police intervened and arrested some people.",This text is about grenade use.,1,0
event_test_1378,1378,mlburnham/acled_event_entailment,"nearly 1000 pro-Palestinian protesters, workers, and members of the Party for Socialism and Liberation rallied in front of the New York Public Library in Bryant Park and marched in New York - Manhattan (New York) to call for a ceasefire amid the Israel-Hamas war which began in October 2023. Some protesters also demanded an end to what they called 'occupation.' Police arrested protesters for disorderly conduct.",This text is about grenade use.,1,0
event_test_1379,1379,mlburnham/acled_event_entailment,protesters marched in the Zahrieh area of Tripoli denouncing the economic situation after the imposition of a curfew to curb the spread of the coronavirus. The Lebanese army intercepted and dispersed protesters at the Abrin school in the city.,This text is about grenade use.,1,0
event_test_1380,1380,mlburnham/acled_event_entailment,"a group of people gathered in demonstration in Nampula (Nampula, Nampula) in front of the National Institute for Social Action (INAS) against alleged delays in the distribution of financial relief in response to the coronavirus pandemic. Police officers harassed, beat and detained at least six journalists, including a cameraman, who were covering the demonstration. Police used batons and claimed journalists detained were mistaken for demonstrators.",This text is about grenade use.,1,0
event_test_1381,1381,mlburnham/acled_event_entailment,a large number of teacher recruitment candidates staged a protest outside the Chief Minister's (CM) residence in Lucknow city (Uttar Pradesh) demanding a meeting with the CM to discuss their long-standing demand for the release of appointment dates for candidates whose names have been announced. Protesters were detained by police and later released at Eco Park.,This text is about grenade use.,1,0
event_test_1382,1382,mlburnham/acled_event_entailment,ODM supporters held protests in Mombasa against the disuputed re-election of president Kibaki. The demonstrations wsere led by six MPs-elect from Coast Province and also Coast Women for Raila (COWERA). Police intervened.,This text is about grenade use.,1,0
event_test_1383,1383,mlburnham/acled_event_entailment,"around 500 people protested in Vienna - Favoriten against 'fascism, patriarchy and the war in Kurdistan', demanding the release of PKK leader Abdullah Ocalan and freedom for Rojava. The protest was organized by the Antifascist Solidarity. Protesters used pyrotechnics. At least one person was detained by police.",This text is about grenade use.,1,0
event_test_1384,1384,mlburnham/acled_event_entailment,"members of the BJYM held a protest in Hyderabad city (Hyderabad, TS) against the increase in fees of private junior colleges. Police arrested protesters.",This text is about grenade use.,1,0
event_test_1385,1385,mlburnham/acled_event_entailment,Palestinians commemorated the 53 anniversary of the June war and held a protest in Khirbat Atuf (Tubas) against the annexation and confiscation of land for settlement projects. Israeli forces replied by firing rubber-coated metal bullets and tear gas canisters. 1 citizen was injured and others suffered from tear gas inhalation.,This text is about grenade use.,1,0
event_test_1386,1386,mlburnham/acled_event_entailment,"more than 200 villagers from 16 villages walked from Sa Lu Chaung village through Don Za Yit, Cho Chaung and Kwin Seik villages (Shwegyin Township, Bago District, Bago Region) to demand justice for a Kayin woman killed by Myanmar military this last month and call for the withdrawal of the Tatmadaw from KNU controlled areas. Two Kayin men who organized the demonstration were taken by township police when demonstrators arrived at Cho Chaung village.",This text is about grenade use.,1,0
event_test_1387,1387,mlburnham/acled_event_entailment,Extinction Rebellion activists and Black Lives Matter protesters marched along Brighton seafront and the city centre protesting against British Airways. Three women were arrested after they attempted to remove a British Airways flag from a cafe.,This text is about grenade use.,1,0
event_test_1388,1388,mlburnham/acled_event_entailment,"in Buenos Aires - Comuna 1 (Ciudad Autonoma de Buenos Aires), teachers and members of CTERA and CTA marched to the Congress to protest against the economic adjustment promoted by the government of President Javier Milei and demand the restitution of the National Teacher Incentive Fund (FONID) and the Teacher Salary Compensation Fund, as well as requiring the opening of salary negotiations. Retire workers and congresswomen (UP) also marched simultaneously nearby to demand improvements to their pensions. A group of them were in Congress Square since the previous day (coded separately). The Police intervened on the scene when the protesters tried to occupy Entre Rios Avenue, pushing them with their shields and using pepper spray to keep the road free. The mobilization occurred within a national teaching strike called by CTERA.",This text is about grenade use.,1,0
event_test_1389,1389,mlburnham/acled_event_entailment,"in Cartagena (Bolivar), residents held a protest in eight different sectors of the city against the administration of the mayor. They protested against poverty, unemployment, and insecurity, among other things. In the center of the city and the Mamonal sector, some protesters were assaulted by unknown individuals. ESMAD forces were present, but there were no reports of intervention. The protest was called by social leaders, activists, and critics of the mayor.",This text is about grenade use.,1,0
event_test_1390,1390,mlburnham/acled_event_entailment,"demonstrators, including February 14 Youth Coalition, held a protest in front of the police station in Sitrah (Capital) demanding the release of political detainees. The police forces surrounded the demonstrators and arrested 30.",This text is about grenade use.,1,0
event_test_1391,1391,mlburnham/acled_event_entailment,"In El-Sharkia province, Brotherhood supporters marched in the village of Adwa Hehia Center and cut off the road to the referendum committees to intimidate voters and prevent them from participating in the referendum. The security forces pursued them and arrested five of them.",This text is about grenade use.,1,0
event_test_1392,1392,mlburnham/acled_event_entailment,"former public workers who were dismissed by government decrees held a protest at Yuksel Street in Cankaya, Ankara to demand their jobs back. Police intervened in the protest and moved the protesters out of the area by force.",This text is about grenade use.,1,0
event_test_1393,1393,mlburnham/acled_event_entailment,"in Chillan, Nuble region, citizens protested on the first anniversary of the death of a indigenous Mapuche killed by police forces. The group demands justice in the case. Police dispersed the group with teargas. 4 people were reported arrested on this day for a total of 299 people in the Nuble region during the past four weeks of protests.",This text is about grenade use.,1,0
event_test_1394,1394,mlburnham/acled_event_entailment,"policemen chased supporters of Betty Akeredolu who were protesting at the APC secretariat in Owerri (Owerri Municipal, Imo). The protest was against the adoption of a consensus option by the party, the protesters went out of control and the intervention [type not specified] of the police led to a stampede.",This text is about grenade use.,1,0
event_test_1395,1395,mlburnham/acled_event_entailment,"in Kinshasa, a peaceful celebration of the state exams was dispersed by police. 16 people have been detained on accusations on being thieves, at least 2 were injured.",This text is about grenade use.,1,0
event_test_1396,1396,mlburnham/acled_event_entailment,"protesters gathered in Moscow to oppose the large-scale Russian invasion of Ukraine, which started on February 24. Police intervened in the event, detaining at least 468 of its participants.",This text is about grenade use.,1,0
event_test_1397,1397,mlburnham/acled_event_entailment,"protesters arrived at a shopping mall in Yekaterinburg, arguing with security guards to protest against mandatory coronavirus vaccination certificates for entry to a number of public spaces, including shopping malls, claiming the measures were illegal and violated the Russian constitution. The Russian National Guard arrived to the scene to disperse the event's participants, removing demonstrators from the premises.",This text is about grenade use.,1,0
event_test_1398,1398,mlburnham/acled_event_entailment,"unknown gunmen blew up a Sufi shrine in Wadi Souf Al-Jinn, south of Bani Walid.",This text is about grenade use.,1,0
event_test_1399,1399,mlburnham/acled_event_entailment,9 people were killed at 16 injured by an Islamic State bomb at the entrance to a garage in the centre of Karbala.,This text is about grenade use.,1,0
event_test_1400,1400,mlburnham/acled_event_entailment,"Islamic State militants detonated an explosive device on a Hummer belonging to the Egyptian Military Forces in Sadout (Bir Al-Abd, North Sinai), killing and injuring an unknown number of soldiers on board. 3 fatalities coded, consistent a conservative estimate given vehicle capacity.",This text is about grenade use.,1,0
event_test_1401,1401,mlburnham/acled_event_entailment,"an IED attack targeted a vehicle carrying a judge in Baquba, the judge escaped unharmed although the vehicle suffered material damages.",This text is about grenade use.,1,0
event_test_1402,1402,mlburnham/acled_event_entailment,"In Yala, an ambush by a car bomb killed five soldiers and wounded a sixth as the military truck passed by. Two rubber tappers working nearby were also wounded. Police believe the attack was related to militant violence.",This text is about grenade use.,1,0
event_test_1403,1403,mlburnham/acled_event_entailment,"1 child was killed and 7 were wounded as they were trying to move a roadside bomb which was dragged by floods in the Nilam village of Qala i Kah (Pusht-e-Koh) district, Farah.",This text is about grenade use.,1,0
event_test_1404,1404,mlburnham/acled_event_entailment,"a car bomb by an unknown armed group exploded in a market in Suluk town in rural Tell Abiad in Ar-Raqqa countryside, injuring a man and a woman. The woman succumbed to her wounds on 22/08/2020. 1 fatality.",This text is about grenade use.,1,0
event_test_1405,1405,mlburnham/acled_event_entailment,"Four personnel of Frontier Corps (FC) were wounded when a forces vehicle was targeted with roadside remote controlled bomb planted by unidentified armed men in Malik Shaga, Ghundi area of Jamrud tehsil of Khyber Agency.No group has claimed responsibility.",This text is about grenade use.,1,0
event_test_1406,1406,mlburnham/acled_event_entailment,"three Border Security Force (BSF) personnel were injured in an Improvised Explosive Device (IED) explosion by suspected militants at Telipati area in Soibam Leikai in Imphal city (Imphal West, Manipur).",This text is about grenade use.,1,0
event_test_1407,1407,mlburnham/acled_event_entailment,"Islamic State claimed to have conducted mine explosions in Jalalabad city ring road in Nangarhar province, destroying a tanker.",This text is about grenade use.,1,0
event_test_1408,1408,mlburnham/acled_event_entailment,"A bombing took place in Taling Chan, Bannang Sata, Yala. The incident is thought to be related to insurgent activities. At least one improvised explosive device (IED) was used. There were 1 injuries and 0 fatalities.",This text is about grenade use.,1,0
event_test_1409,1409,mlburnham/acled_event_entailment,"a bomb planted by Taliban killed 1 Afghan soldier, in Saydabad district, Wardak.",This text is about grenade use.,1,0
event_test_1410,1410,mlburnham/acled_event_entailment,"a civilian was wounded by the explosion of an IED between Kinsere and Kolerou (coded as Kinsere at geoprecision 2), the explosive device was likely planted by Katiba Macina (JNIM) militants.",This text is about grenade use.,1,0
event_test_1411,1411,mlburnham/acled_event_entailment,"IS militants detonated an IED targeting an Iraqi army vehicle in the Qaryat al Qahira village, Ninewa. IS claimed the blast resulted in 3 fatalities. 3 fatalities.",This text is about grenade use.,1,0
event_test_1412,1412,mlburnham/acled_event_entailment,"a remote controlled bomb explosion hit the vehicle of former head of the peace committee, killing him in the Jandola area (Tank, KPK). It is suspected that TTP is behind the attack.",This text is about grenade use.,1,0
event_test_1413,1413,mlburnham/acled_event_entailment,"An explosive device, which was planted in the way where army carriers often pass, exploded on Al-Arish-Rafah road, northeast of Cairo. No causalities were reported.",This text is about grenade use.,1,0
event_test_1414,1414,mlburnham/acled_event_entailment,"pro-Houthi forces claimed to have killed and injured a number of pro-Hadi forces and affiliates with an IED in Ham front of Al-Jawf border governorate, northern Yemen. Unknown reported fatalities coded as 10.",This text is about grenade use.,1,0
event_test_1415,1415,mlburnham/acled_event_entailment,"a villager stepped on a landmine and lost his right foot in Thandaung Village, Kayin State. No information on who planted the landmine.",This text is about grenade use.,1,0
event_test_1416,1416,mlburnham/acled_event_entailment,"in Kyauktada township (Yangon-West, Yangon region) two bomb explosions occurred at Taxation Office located at the corner of Pansodan road and Kanna Road. The explosions injured some military forces.",This text is about grenade use.,1,0
event_test_1417,1417,mlburnham/acled_event_entailment,"The demolition of an explosive device took place in Lamphu, Mueang Narathiwat, Narathiwat. The incident is thought to be related to insurgent activities. It is unknown what type of weapons were used. There were 0 injuries and 0 fatalities.",This text is about grenade use.,1,0
event_test_1418,1418,mlburnham/acled_event_entailment,"A bomb killed two senior military officers and a solider in Upper Dir, they were returning with a convoy from Shahi Kot in Upper Dir district, when they reached Gat area an improvised explosive device planted on a road went off, destroying their vehicle. The Tehreek-i-Taliban Pakistan claimed responsibility for the attack.",This text is about grenade use.,1,0
event_test_1419,1419,mlburnham/acled_event_entailment,Suspected militants carried out coordinated attacks in five districts of Pattani but no one was injured in the incidents. The first bomb attack took place in a toilet at CAT Telecom's branch office in Mueang district and at the Mueang Pattani municipal office.,This text is about grenade use.,1,0
event_test_1420,1420,mlburnham/acled_event_entailment,"a landmine planted by Taliban killed 1 officer and 3 bomb disposal experts, and 3 injured, in Ishkamish district, Takhar.",This text is about grenade use.,1,0
event_test_1421,1421,mlburnham/acled_event_entailment,"a bomb planted by Taliban injured 2 Arbaki militiamen, in Ishkamish district, Takhar.",This text is about grenade use.,1,0
event_test_1422,1422,mlburnham/acled_event_entailment,"Malay Muslim Separatists engaged in insurgency-related explosions/remote violence against civilians in NA (Mueang Yala, Yala). Improvised explosive devices were used. There were no fatalities.",This text is about grenade use.,1,0
event_test_1423,1423,mlburnham/acled_event_entailment,"near Nan Kweh village of Loikaw township (coded as Loikaw) (Loikaw township, Loikaw district, Kayah state), around 6:00 am, a villager stepped on a landmine planted by the Myanmar military and lost his left foot in the blast.",This text is about grenade use.,1,0
event_test_1424,1424,mlburnham/acled_event_entailment,"a remote controlled IED planted by Al Shabaab detonated, targeting Dhulbahante clan militia convoy travelling along the main murram road between Milxo and Ceelayo village (Laasqoray, Sanaag). Two clan militias were killed and three others were injured. Al Shabaab claimed responsibility.",This text is about grenade use.,1,0
event_test_1425,1425,mlburnham/acled_event_entailment,"an IED detonated by Al Shabaab targeted government security forces (Bancroft) checkpoint in Ceelasha Biyaha (Afgooye, Lower Shabele). Six government soldiers were killed. Al Shabaab claimed responsibility.",This text is about grenade use.,1,0
event_test_1426,1426,mlburnham/acled_event_entailment,an IED planted by an unidentified gunmen near Umm Raqibah in Shadadah sub-district of al-Hasakeh detonated targeting a fuel tanker of the regime affiliated Qaterji Militia. Neither fatalities nor injuries were reported.,This text is about grenade use.,1,0
event_test_1427,1427,mlburnham/acled_event_entailment,"A bombing took place in Tanyong Limo, Ra-ngae, Narathiwat. The incident is thought to be related to insurgent activities. At least one conventional explosive was used. There were 0 injuries and 0 fatalities.",This text is about grenade use.,1,0
event_test_1428,1428,mlburnham/acled_event_entailment,"in Myingyan township (Myingyan district, Mandalay region), the Zero Guerrilla Force attacked two military vehicles travelling to Pe Gyi Khin village with mines. Fifteen military soldiers were killed and others were injured.",This text is about grenade use.,1,0
event_test_1429,1429,mlburnham/acled_event_entailment,"13:00EAT, IVO Mahaday, Middle Shabelle: an African Union Mission to Somalia (AMISOM) convoy was hit by a al Shabaab roadside improvised explosive device (IED) near Mahaday. The resulting causality figures not known.",This text is about grenade use.,1,0
event_test_1430,1430,mlburnham/acled_event_entailment,"children in a cart struck an IED likely planted by JNIM militants in the village of Tangpore (Ouargaye, Koulpelogo). Two children were injured.",This text is about grenade use.,1,0
event_test_1431,1431,mlburnham/acled_event_entailment,"in Pyigyitagon township (Mandalay district, Mandalay Region), a bomb exploded around 62nd street. Casualties unknown. Following the explosion, security forces carried out a series of shootings in the area.",This text is about grenade use.,1,0
event_test_1432,1432,mlburnham/acled_event_entailment,"10 DRG personnel and a civilian driver were killed in an IED explosion, triggered by CPI (Maoist), near Aranpur village (Dantewada district, Chhattisgarh).",This text is about grenade use.,1,0
event_test_1433,1433,mlburnham/acled_event_entailment,"between Gway Pin Taw and Nat Yae Kan villages (coded as Gway Pin Taw) (Myinmu township, Sagaing district, Sagaing region), the Myaung People's Defense Force TGR attacked three military vehicles coming from Sagaing town with mines at around 6 am, killing 17 military soldiers.",This text is about grenade use.,1,0
event_test_1434,1434,mlburnham/acled_event_entailment,"2 Houthi-planted IEDs reportedly detonated off Alb border crossing of Asir province, and Abwab al Hadid area of Baqim district, west of Sada border governorate, destroying 2 military vehicles and killing members of the crew. Unknown number of fatalities coded as 10 and split up between 2 events.",This text is about grenade use.,1,0
event_test_1435,1435,mlburnham/acled_event_entailment,"in Chaung-U township (Monywa district, Sagaing region), four members of a village-level defense force killed seven people who were detained on 29 August 2022, accusing them of being military informants. Four female detainees, including three 15-year-old girls and a 22-year-old woman, were raped by the leader of a PDF Pa Ka Pha and two other group members before being killed. All the victims were killed by knives, and their bodies were then buried.",This text is about grenade use.,1,0
event_test_1436,1436,mlburnham/acled_event_entailment,"in Kawng Hkar village of Muse township (Muse district, Shan-North state), the Myanmar army's 503rd Light Infantry Regiment (LIR) soldiers raped and killed two volunteer female teachers of the Kachin Baptist Convention at Shabuk Kawnghka village in Muse Township, northern Shan State.",This text is about grenade use.,1,0
event_test_1437,1437,mlburnham/acled_event_entailment,two soldiers raped a woman in Epworth (Harare).,This text is about grenade use.,1,0
event_test_1438,1438,mlburnham/acled_event_entailment,"Angolan military attack Likomino, rape woman",This text is about grenade use.,1,0
event_test_1439,1439,mlburnham/acled_event_entailment,"Around 1 February 2024 (as reported), RSF raped and shot a woman in Khartoum state (location coded to Khartoum, Khartoum, Khartoum). No information on injuries.",This text is about grenade use.,1,0
event_test_1440,1440,mlburnham/acled_event_entailment,"Government-backed militiamen gang-raped 3 sisters in Wadi Taya, East Jebel Marra.",This text is about grenade use.,1,0
event_test_1441,1441,mlburnham/acled_event_entailment,RSF attack Bardani. At least 8 killed. Women raped.,This text is about grenade use.,1,0
event_test_1442,1442,mlburnham/acled_event_entailment,"a FARDC officer raped a 12 year-old girl in Kayembe refugee camp (Nyiragongo, Nord-Kivu). The officer escaped.",This text is about grenade use.,1,0
event_test_1443,1443,mlburnham/acled_event_entailment,"a police officer sexually assaulted one female student in his house within Nguka police post (Kirinyaga North, Kirinyaga). The police officer was later placed under custody. Extent of injuries unknown/not reported.",This text is about grenade use.,1,0
event_test_1444,1444,mlburnham/acled_event_entailment,70 women and girls were kidnapped from Shamwana village for two days by FARDC soldiers and raped repeatedly.,This text is about grenade use.,1,0
event_test_1445,1445,mlburnham/acled_event_entailment,"On Jul 4th, the village of Chamala (in the Muidumbe area) was attacked by ASWJ, when villagers were bringing in their harvest. 3 men were beheaded and the wife of one of them was raped.",This text is about grenade use.,1,0
event_test_1446,1446,mlburnham/acled_event_entailment,"Between 25 June to 2 July [coded to 28 June], in Shibo and Kilondo, NDC-Renove/Guidon has killed 19 civilians and raped 3 women (including a child). Fatalities spread between the two locations.",This text is about grenade use.,1,0
event_test_1447,1447,mlburnham/acled_event_entailment,21 February. The body of a woman whose breasts had been cut off was discovered in Buea.,This text is about grenade use.,1,0
event_test_1448,1448,mlburnham/acled_event_entailment,"Sometime between August 25, 2017 and September 5, 2017, in Nga Yant Chaung Taung Bazar village tract in Buthidaung Township (Maungdaw, Rakhine), the Myanmar military and BGP attacked a Rohingya village. The Myanmar police raped a Rohingya woman and killed her seven year old son.",This text is about grenade use.,1,0
event_test_1449,1449,mlburnham/acled_event_entailment,"SNR officers abducted and sexually abused a woman, member of the CNL in Kajaga quarter (Mutimbuzi, Bujumbura Rural). She was released after the abuse.",This text is about grenade use.,1,0
event_test_1450,1450,mlburnham/acled_event_entailment,"Janjaweed gunmen ambushed 5 lorries between Kutum town and Dor village, in Abdel Shakur area, beating passengers, raping women, and seizing goods.",This text is about grenade use.,1,0
event_test_1451,1451,mlburnham/acled_event_entailment,"Around 22 January 2024 (as reported), the head of a Taliban court sexually assaulted a 60-year-old male employee of the Taliban court in Chahab district, Takhar. The employee was from Uzbek ethnicity, and the assault was reported to be attributed to his interference in work affairs. The head of the Taliban court is of Pashtun ethnicity.",This text is about grenade use.,1,0
event_test_1452,1452,mlburnham/acled_event_entailment,Gunmen in Somali military uniforms robbed passengers of a public transport minibus near Jambalul village (about 10km NE of Afgooye along the Afgooye-Balcad road) in the evening of 15/02/2014. One female passenger was reportedly raped. It is not known if the soldiers were legitimate.,This text is about grenade use.,1,0
event_test_1453,1453,mlburnham/acled_event_entailment,"Gang rapes and beheads woman in small fishing village. Suspects unknown, but police speculated that the violence may be linked to traditional superstitious beliefs or witchcraft, as nothing was stolen from the victims house",This text is about grenade use.,1,0
event_test_1454,1454,mlburnham/acled_event_entailment,"a member of the FRPI killed a woman (after cutting out her sexual organs) in the village of Tchadu, chiefdom of Walendu Bindi (Irumu, Ituri) [coded to Batumbi].",This text is about grenade use.,1,0
event_test_1455,1455,mlburnham/acled_event_entailment,"two RSF soldiers forced a civilian to flee his house leaving his two daughters who were then raped by RSF at unspecified location in Omdurman (location coded Omdurman - Downtown, Khartoum).",This text is about grenade use.,1,0
event_test_1456,1456,mlburnham/acled_event_entailment,"General Caste men raped and poisoned a Dalit girl, and hurled casteist slurs and abuses, in Greater Noida (Gautam Buddha Nagar district, UP). 2 arrested. The girl survived.",This text is about grenade use.,1,0
event_test_1457,1457,mlburnham/acled_event_entailment,"in Akluai village (Tedim township, Falam district, Chin state), three Myanmar military soldiers from the 22nd Light Infantry Headquarters raped a 27-year-old woman who gave birth just one and a half months ago in a house. She was raped multiple times in a night and her husband was beaten. Two of these three military soldiers also raped a seven-month pregnant woman in the bathroom and confiscated her earrings. Khonumthung News reported that two of these three military soldiers came back at around 12 am and raped her a second time.",This text is about grenade use.,1,0
event_test_1458,1458,mlburnham/acled_event_entailment,"03 May. During the night, suspected police officers (most in civilian clothing, one wearing part of a police uniform) apprehended four suspected Kuluna members from their homes in Kalamu and killed them. They forced one victim to strip and ordered him to 'have sex with a tree' and shot him in the back as he was undressing. The victims were unarmed at the time. The attacks are believed to be part of operations targeting Kulunas and political opposition against Kabila.",This text is about grenade use.,1,0
event_test_1459,1459,mlburnham/acled_event_entailment,"Around 31 January 2024 (week of), ENDF soldiers raped 'several' women and girls in Mer Awi town (Marawi town, West Gojam, Amhara). No further information is available.",This text is about grenade use.,1,0
event_test_1460,1460,mlburnham/acled_event_entailment,"Around 15 January 2021 (month of), ENDF soldiers raped a 16 year old girl in Adebay, Western Tigray, Ethiopia.",This text is about grenade use.,1,0
event_test_1461,1461,mlburnham/acled_event_entailment,"Victim was assaulted for having fake Zanu-PF card, forced to rape woman. Woman was then killed.",This text is about grenade use.,1,0
event_test_1462,1462,mlburnham/acled_event_entailment,"Three Janjaweed militiamen attacked and raped a displaced woman at gunpoint inside her farm situated in Wadi Karkor, located north-west of Hesahesa IDP camp. The victim was taken to the hospital by her relatives, where she received treatment.",This text is about grenade use.,1,0
event_test_1463,1463,mlburnham/acled_event_entailment,Tanzanian MONUSCO peacekeepers have been accused of sexual abuse in the Mavivi area.,This text is about grenade use.,1,0
event_test_1464,1464,mlburnham/acled_event_entailment,"Around 31 October 2022, a Taliban member sexually assaulted a girl because her family rejected his marriage proposal in Parwan province [coded to Charikar].",This text is about grenade use.,1,0
event_test_1465,1465,mlburnham/acled_event_entailment,"Around 13 June 2022 (as reported), the chief of the CNDD-FDD in Rutana province abused sexually a girl in Rutana (Rutana, Rutana). The victim and her mother fled as the perpetrator tried to kill them for taking legal action against him.",This text is about grenade use.,1,0
event_test_1466,1466,mlburnham/acled_event_entailment,"Around 15 November 2016, in Maungdaw Township, in northern Rakhine State, the Myanmar military soldiers entered into a house and grabbed the two children in the house in Kyet Yoe Pyin village. When one of the children screamed, the soldiers killed her. Then, the soldiers beat and kicked the 20- year-old Rohingya mother of the children. Two of the soldiers raped her and one other soldier burned her leg when she resisted his attempt to rape her.",This text is about grenade use.,1,0
event_test_1467,1467,mlburnham/acled_event_entailment,the OSCE SMM observed a total of 3 explosions involving unknown weapons near Mineralne.,This text is about grenade use.,1,0
event_test_1468,1468,mlburnham/acled_event_entailment,"Russian forces shelled Bila Hora, Donetsk. Casualties unknown.",This text is about grenade use.,1,0
event_test_1469,1469,mlburnham/acled_event_entailment,the OSCE SMM observed a total of 1 explosions involving unknown weapons near Druzhba.,This text is about grenade use.,1,0
event_test_1470,1470,mlburnham/acled_event_entailment,"Russian forces shelled near Senkove, Kharkiv region. 7 civilians were injured on that day across 4 locations in Kupiansk district.",This text is about grenade use.,1,0
event_test_1471,1471,mlburnham/acled_event_entailment,"Russian forces shelled Krasnopillia territorial community, Sumy. Casualties unknown.",This text is about grenade use.,1,0
event_test_1472,1472,mlburnham/acled_event_entailment,the OSCE SMM observed a total of 7 bursts of fire involving heavy machine guns near Pryshyb.,This text is about grenade use.,1,0
event_test_1473,1473,mlburnham/acled_event_entailment,regime forces shelled the town of Tah with neither injuries nor fatalities reported.,This text is about grenade use.,1,0
event_test_1474,1474,mlburnham/acled_event_entailment,"Russian forces shelled near Charivne, Zaporizhia, with tanks, mortars and various types of artillery. Casualties unknown.",This text is about grenade use.,1,0
event_test_1475,1475,mlburnham/acled_event_entailment,Turkish forces supported by opposition rebels shelled Ein Daqneh town in Aleppo countryside. Neither injuries nor fatalities were reported.,This text is about grenade use.,1,0
event_test_1476,1476,mlburnham/acled_event_entailment,regime forces shelled several areas in the mountains of Lattakia province. Neither injuries nor fatalities were reported.,This text is about grenade use.,1,0
event_test_1477,1477,mlburnham/acled_event_entailment,"Shells and explosive bullets fell on areas of the regime-controlled Al-Furqan and Halab Al-Jadida neighborhoods of Aleppo city, injuring 3 civilians. No fatalities reported.",This text is about grenade use.,1,0
event_test_1478,1478,mlburnham/acled_event_entailment,Turkish forces shelled the vicinity of Ibbin town in Aleppo countryside with heavy artillery. Casualties unknown.,This text is about grenade use.,1,0
event_test_1479,1479,mlburnham/acled_event_entailment,regime ground forces fired rocket shells at the town of Has with neither injuries nor fatalities reported.,This text is about grenade use.,1,0
event_test_1480,1480,mlburnham/acled_event_entailment,regime forces shelled Kherbet Elnaqus in Hama using rocket fire. Neither fatalities nor injuries were reported.,This text is about grenade use.,1,0
event_test_1481,1481,mlburnham/acled_event_entailment,opposition rebels shelled Al Ghab Plain in Hama countryside. Neither injuries nor fatalities were reported.,This text is about grenade use.,1,0
event_test_1482,1482,mlburnham/acled_event_entailment,"Russian forces fired artillery and mortars at Novotiahynka, Kherson. Casualties unknown.",This text is about grenade use.,1,0
event_test_1483,1483,mlburnham/acled_event_entailment,"pro-Houthi forces shelled Saudi soldiers in the Nahuqah and Khubash military sites, and Silah command center in Najran, destroying military equipment, killing and injuring several soldiers. Unknown fatalities coded as 10 and split across three events.",This text is about grenade use.,1,0
event_test_1484,1484,mlburnham/acled_event_entailment,"Russian forces shelled civilian and military infrastructure in Ternovi Pody, Mykolaiv. Casualties unknown.",This text is about grenade use.,1,0
event_test_1485,1485,mlburnham/acled_event_entailment,Seven militants of an armed group were killed in an operation of Turkish Military Forces in Kizilmescit area of Pulumur/Tunceli.,This text is about grenade use.,1,0
event_test_1486,1486,mlburnham/acled_event_entailment,"Russian forces shelled Hrushuvakha, Kharkiv, with tanks and artillery. Casualties unknown.",This text is about grenade use.,1,0
event_test_1487,1487,mlburnham/acled_event_entailment,"Russian forces shelled near Krasne, Kharkiv. Casualties unknown.",This text is about grenade use.,1,0
event_test_1488,1488,mlburnham/acled_event_entailment,"Russian military forces shelled near Nevske, Luhansk. Casualties unknown.",This text is about grenade use.,1,0
event_test_1489,1489,mlburnham/acled_event_entailment,WCJF shelled Houthi positions in the south of Al Garrahi district (Al Hudaydah) killing 3 Houthi fighters and injuring 7 others,This text is about grenade use.,1,0
event_test_1490,1490,mlburnham/acled_event_entailment,"an Islamic State suicide bomber detonated a vehicle against a gathering of civilians in the Akha area (Zuhur district) of Mosul, killing 13 and wounding 22 others.",This text is about grenade use.,1,0
event_test_1491,1491,mlburnham/acled_event_entailment,"a suicide bomber detonated him self near Turkey backed opposition rebels headquarters at Kawa roundabout in Afrin city in Aleppo countryside, killing himself and injuring others.",This text is about grenade use.,1,0
event_test_1492,1492,mlburnham/acled_event_entailment,"A fighter with the Islamic State (IS), is reported to have blown himself up in the east Tripoli suburb of Tajoura when cornered following a police chase. One of two other Tunisians with him surrendered and the third escaped.",This text is about grenade use.,1,0
event_test_1493,1493,mlburnham/acled_event_entailment,"a suspected IS militant with an explosive device carried out a suicide bombing outside the police HQs in Dajil, reportedly killing three people and wounding eight others.",This text is about grenade use.,1,0
event_test_1494,1494,mlburnham/acled_event_entailment,"a mazda truck packed with explosives hit a highway police camp near Maywand district center of Kandahar province during which 14 people including civilians, policemen, and a suicide bomber were killed and 49 wounded. The state-run RTA reported 63 killed and wounded in the attack while giving no specific numbers. Local officials have blamed Taliban militants for the attack.",This text is about grenade use.,1,0
event_test_1495,1495,mlburnham/acled_event_entailment,"A suicide bomber rammed an SUV loaded with explosives into a Catholic church holding Mass on Sunday in northern Nigeria, killing at eight fifteen people and wounding 145 others. Some witnesses said the death toll could be as high as 12. They said the dead included children. No group has claimed responsibility for the attack. Christian youths retaliated against a group of Muslims following the blast, believing Boko Haram, or another Islamic group responsible. The death toll grew as the day wore on.",This text is about grenade use.,1,0
event_test_1496,1496,mlburnham/acled_event_entailment,"A suicide bomber rammed an explosives-laden vehicle into a security checkpoint outside eastern Libyas restive city of Benghazi overnight, killing at least 13 people.",This text is about grenade use.,1,0
event_test_1497,1497,mlburnham/acled_event_entailment,"a suicide bomber on a motorbike killed 10 people and wounded 20 others near a police checkpoint in Swabi town (Swabi, KP). It was an assassination attempt on JUI-F chief, who was holding a meeting nearby. Total 11 fatalities including bomber.",This text is about grenade use.,1,0
event_test_1498,1498,mlburnham/acled_event_entailment,An Islamic State SVBIED attack on Syrian Arab Army killed 15 soldiers around mohamd Deeb village south of Maskana town. Coded 16 fatalities including the suicide bomber.,This text is about grenade use.,1,0
event_test_1499,1499,mlburnham/acled_event_entailment,At least 30 people were killed in the far north in successive suicide attacks in Keraoua - one in the marketplace and the second near a military camp. The suicide bombers were women; no group has claimed responsibility though preliminary blame is pointed at Boko Haram.,This text is about grenade use.,1,0
event_test_1500,1500,mlburnham/acled_event_entailment,"Five suicide car bombers launched attacks in northern Somalia on Wednesday, killing at least 21 people (fatalities recorded in other attacks). In Hargeisa, attackers struck the Somaliland presidential palace, the Ethiopian consulate, and the UNDP office there.",This text is about grenade use.,1,0
event_test_1501,1501,mlburnham/acled_event_entailment,"10 pro-unity government fighters including of Operation Solid Structure, were killed and seven injured when an Islamic State suicide bomber struck a police station in Abu Grain.",This text is about grenade use.,1,0
event_test_1502,1502,mlburnham/acled_event_entailment,6 IS suicide attackers with vehicles targeted Peshmerga positions and police forces on the road leading to Makhmur.,This text is about grenade use.,1,0
event_test_1503,1503,mlburnham/acled_event_entailment,"A Taliban-claimed car bomb explosion targeted Afghan security forces in Nad Ali District, Helmand Province, as reported on January 27, 2018. 4 soldiers and 2-3 policemen were killed. Taliban sources that the attack took place in the Qari post area of the district and that 67 soldiers and police were killed or wounded in the attack but these reports are unconfirmed.",This text is about grenade use.,1,0
event_test_1504,1504,mlburnham/acled_event_entailment,2 dead (one suicide bomber and one vigilante) and 4 wounded in a suicide attack. One kamikaze on the run.,This text is about grenade use.,1,0
event_test_1505,1505,mlburnham/acled_event_entailment,Minister for Interior assassinated 10 June in suicide bombing reportedly by niece.,This text is about grenade use.,1,0
event_test_1506,1506,mlburnham/acled_event_entailment,Two people were killed and several wounded in Algeria on Wednesday when a suicide bomber drove a vehicle packed with explosives into a military convoy.,This text is about grenade use.,1,0
event_test_1507,1507,mlburnham/acled_event_entailment,"an Al Shabaab suicide bomber targeted civilians in a coffee restaurant at Sadexda Geed village neighborhood in Mogadishu - Shangaani district (Shangaani, Banadir). At least seven people, including five boys, were killed while five others were wounded after the suicide bomber blew himself up inside the restaurant.",This text is about grenade use.,1,0
event_test_1508,1508,mlburnham/acled_event_entailment,"a woman kamikaze exploded herself in Zamga, Mozogo: 6 children dead, 6 wounded.",This text is about grenade use.,1,0
event_test_1509,1509,mlburnham/acled_event_entailment,"a suicide bomb attack hit Shiite pilgrims in the Al-Sayyeda area of Baghdad. 12 fatalities, including 1 IS fatality, and 35 injuries.",This text is about grenade use.,1,0
event_test_1510,1510,mlburnham/acled_event_entailment,At least 20 people were killed and 40 injured when a teenage suicide bomber targeted a parade of military recruits at Punjab Regiment Centre in Mardan on 10 February 2011. Supplemental research shows that TTP claimed responsibility for the attack.,This text is about grenade use.,1,0
event_test_1511,1511,mlburnham/acled_event_entailment,"An Islamic State suicide bomber who escaped from security forces after his four associates were killed, entered a home and blew himself up and a family of six including women and children.",This text is about grenade use.,1,0
event_test_1512,1512,mlburnham/acled_event_entailment,"an unidentified suicide militant detonated himself in Hayy al Mualmeen in the center of Al-Muqdadiyah, Diyala, killing and wounding 42 civilians. Fatalities coded as half due to the unclear nature of the casualties.",This text is about grenade use.,1,0
event_test_1513,1513,mlburnham/acled_event_entailment,"two female Boko Haram (JAS) suicide bombers attacked a mosque in Gwoza (Gwoza, Borno). 2 civilians were killed and 12 sustained injuries from the detonation.",This text is about grenade use.,1,0
event_test_1514,1514,mlburnham/acled_event_entailment,"A suicide bomber with unknown affiliations blew himself up early in the morning during Muharram Ashura processions in Jacobabad, killing at least 27 Shia muslims",This text is about grenade use.,1,0
event_test_1515,1515,mlburnham/acled_event_entailment,"8 IS militants carried out five suicide bombing attacks throughout the day in four areas of the city of Al Mukalla, Hadramawt governorate, targeting soldiers of the Yemeni army (Hadi). 38 soldiers were killed and 24 civilians injured. Pro-Hadi forces, with air and ground from the Saudi-led coalition, had taken control of Al Mukalla from AQAP militants on April 24.",This text is about grenade use.,1,0
event_test_1516,1516,mlburnham/acled_event_entailment,"On Sunday, April 3, 2016, an Islamic State militant detonated himself at a soccer stadium in Nahiyat al Iskandariyah, Babylon killing a number of civilians. Unknown fatalities coded as 10",This text is about grenade use.,1,0
event_test_1517,1517,mlburnham/acled_event_entailment,4 people were killed and 5 injured when a suicide bomber targeting the funeral of an IDP detonated his explosives inside a house in Peshawar.,This text is about grenade use.,1,0
event_test_1518,1518,mlburnham/acled_event_entailment,"As reported on Sep 24 2016, a vehicle (suicide) was driven into Saytarit Al Aqwas near Nahiyat Al Alam, Tikrit district, Sala al-Din by IS and detonated, killing 8 civilians and wounding 13 more.",This text is about grenade use.,1,0
event_test_1519,1519,mlburnham/acled_event_entailment,"in Kawlin township (Kawlin district, Sagaing region), two female members of the Kawlin Revolution on a motorcycle committed suicide by detonating their handmade landmines when being caught by the military on the Kawlin - Oak Kan road at around 9 am. Both of the PDFs died.",This text is about grenade use.,1,0
event_test_1520,1520,mlburnham/acled_event_entailment,"Boko Haram launched a series of suicide attacks outside of Maiduguri in Gumsuri beginning the evening of 15/10, continuing into 16/10 in Maiduguri proper. 37 dead over the two days.",This text is about grenade use.,1,0
event_test_1521,1521,mlburnham/acled_event_entailment,Double suicide attack this morning in Mora: 3 dead (2 kamikazes and 1 civilian) and 3 wounded. 2 kamikazes wanted.,This text is about grenade use.,1,0
event_test_1522,1522,mlburnham/acled_event_entailment,"A young suicide bomber intercepted the chief of the Mamond tribe and blew himself up, killing the chief and another man.",This text is about grenade use.,1,0
event_test_1523,1523,mlburnham/acled_event_entailment,"two suicide bombers from Al Shabaab detonated, targeting ATMIS ENDF defensive base in Bardera town (Baardheere, Gedo) and at a SNA base (coded separately). 2 fatalities split between 2 events, coded as 1. Al Shabaab claimed responsibility.",This text is about grenade use.,1,0
event_test_1524,1524,mlburnham/acled_event_entailment,"FM and Hariri supporters blocked the Verdun street with garbage dumpsters and motorcycles in Beirut - Ras Beirut (Beirut), in demonstration against former PM Saad Hariri's decision to withdraw from Lebanese political life.",This text is about grenade use.,1,0
event_test_1525,1525,mlburnham/acled_event_entailment,"locals demonstrated and blocked the road by erecting barricades at Banchare locality (Nuwakot district), while the authorities were on their way to dump garbage of Kathmandu Valley in the Banchare danda landfill site, located on the border of Nuwakot and Dhading districts.",This text is about grenade use.,1,0
event_test_1526,1526,mlburnham/acled_event_entailment,"anti-regime rioters who are part of the agitation led by the February 14 Youth Coalition, blocked a street in Samahij with a fire without staging a demonstration.",This text is about grenade use.,1,0
event_test_1527,1527,mlburnham/acled_event_entailment,"After 4-days of protests outside the Interior Ministryto demand better salaries, police who had been dismissed from their positions used firebombs to set parts of the building on fire during continued protests. Soldiers failed to disperse the crowd despite firing into the air.",This text is about grenade use.,1,0
event_test_1528,1528,mlburnham/acled_event_entailment,"residents in Didieni barricaded the main route preventing traffic access, in reaction to the poor road conditions.",This text is about grenade use.,1,0
event_test_1529,1529,mlburnham/acled_event_entailment,Kisumu students riot in protest of killing of fellow student by police,This text is about grenade use.,1,0
event_test_1530,1530,mlburnham/acled_event_entailment,"students clashed with Nepal Police in Birganj town (Parsa district), during a demonstration regarding the transfer of headmaster of Maisthan Bidhya Pith from Birganj to another place. Five students sustained injuries during the clash.",This text is about grenade use.,1,0
event_test_1531,1531,mlburnham/acled_event_entailment,"in Providencia, Metropolitan region, masked rioters built and set on fire a barricade on the road blocking the traffic for several hours. The motives for the demonstration were not reported.",This text is about grenade use.,1,0
event_test_1532,1532,mlburnham/acled_event_entailment,"demonstrators threw stones at Israeli forces in the vicinity of Qalandia military checkpoint (coded to Qalandia) (Al Quds, West Bank) as part of their demonstration. Israeli forces responded by firing live ammunition, rubber-coated bullets, and tear gas canisters, injuring 1 civilian.",This text is about grenade use.,1,0
event_test_1533,1533,mlburnham/acled_event_entailment,The firing incident that took place after a rally organised by the Ahle Sunnat wal Jamaat intensified the situation of the area as a large number of people resorted to violent protests. Law enforcers managed to disperse the crowd by aerial firing which resulted in eight more people being injured.,This text is about grenade use.,1,0
event_test_1534,1534,mlburnham/acled_event_entailment,"demonstrators in San Felipe, Yaracuy state, beat some members of a pro-government militia group that were traveling on motorcycles and came to suppress the demonstration .",This text is about grenade use.,1,0
event_test_1535,1535,mlburnham/acled_event_entailment,"there were reports of group clashes in Dhemaji Chariali city (Dhemaji, Assam), during a 12-hour bandh called by the Coordination Committee of the Tribal Organisations of Assam against the Centre's decision to include six tribal groups of the State in the ST list.",This text is about grenade use.,1,0
event_test_1536,1536,mlburnham/acled_event_entailment,"demonstrating against unpaid salaries and the lay-off of a number of workers, rioting workers of Mirza Kuchak Khan sugarcane company, located outside Ahvaz, set tyres on fire.",This text is about grenade use.,1,0
event_test_1537,1537,mlburnham/acled_event_entailment,in Sirajganj pro-hartal activists blocked the Sirajganj-Bogra highway after burning tyres.,This text is about grenade use.,1,0
event_test_1538,1538,mlburnham/acled_event_entailment,"in Santiago de Veraguas, Veraguas, people staged a demonstration on the 5 de Mayo square to demand government action with regards to the high cost of living and the price of fuel. Demonstrators included members of the National Alliance for the Rights of the Organized People (ANADEPO). A group of rioters gathered at the entrance of the Convention center in which discussions are taking place between government representatives and labour unions and threw rocks and bottles at the government officials. Simultaneous demonstrations were carried out throughout the country on that day (coded separately). There were no injured.",This text is about grenade use.,1,0
event_test_1539,1539,mlburnham/acled_event_entailment,"Roadblocks continued in Bir 30, Guermessa and Meztouria in Tataouine province. Grievances over lack of employment opportunities and political marginalisation are fuelling the protests.",This text is about grenade use.,1,0
event_test_1540,1540,mlburnham/acled_event_entailment,"in Montes Claros, Minas Gerais, five people were arrested after spraying the wall of the Sao Judas Tadeu church with sentences in support of former President Luiz Inacio Lula da Silva (PT) and against the Supreme Federal Court (STF). The group was detained and latter released.",This text is about grenade use.,1,0
event_test_1541,1541,mlburnham/acled_event_entailment,"students burned tires demanding better water supply in Ambatomaro (Anosibe-An'ala, Alaotra Mangoro). The road connecting Mahazo to Ambohipo was also blocked for a few hours.",This text is about grenade use.,1,0
event_test_1542,1542,mlburnham/acled_event_entailment,Protesters occupy petroleum plants in Kula and Belema from 11/08-20/18.,This text is about grenade use.,1,0
event_test_1543,1543,mlburnham/acled_event_entailment,"a group led by Resistance Committee put barricades on the streets and set tires on fire on the road between Khashm Elgirba and Kassala (Madeinat Kassala, Kassala), against confiscating citizens' property by the government.",This text is about grenade use.,1,0
event_test_1544,1544,mlburnham/acled_event_entailment,"a number of residents demonstrated and burned tires in the quarter of Mamassoni in the town of Sikasso (Sikasso, Sikasso). The demonstrators killed nine people including employees of the company Q-Net and wounded five others and burned the company building. The demonstrators accused the employees of being behind a series of child murders and human trafficking.",This text is about grenade use.,1,0
event_test_1545,1545,mlburnham/acled_event_entailment,"About 50 people set ablaze a bull-dozer, which was working on a disputed land in Shai-Osudoku District and almost destroyed a police pick-up vehicle that took the policemen to the site. The police officers and court officials had gone to the area to accomplish an order of execution by an Accra High Court. Their leader has now been arrested by police.",This text is about grenade use.,1,0
event_test_1546,1546,mlburnham/acled_event_entailment,"demonstrators fought with the police in Marco Island (Florida) during a demonstration in support of the Black Lives Matter movement. Police arrested one demonstrator for robbery while an armed man, who was not a part of the demonstration, was arrested for openly carrying firearms and threatening demonstrators.",This text is about grenade use.,1,0
event_test_1547,1547,mlburnham/acled_event_entailment,"Rioters (Tanzania) and Police Forces of Tanzania (1964-) engaged in riots in Mahonda (Kaskazini Unguja, Kaskazini B). No fatalities.",This text is about grenade use.,1,0
event_test_1548,1548,mlburnham/acled_event_entailment,rioters burnt tires and blocked the main road in the Chinore area of Jammu city (J&K) to demonstrate against the earlier killing of a man by CRPF forces.,This text is about grenade use.,1,0
event_test_1549,1549,mlburnham/acled_event_entailment,"in Puerto Colombia (Atlantico), residents of the Brisas del Puerto neighborhood staged a demonstration against the lack of an operative sewer system. Rioters blocked a nearby road with barricades to demand improvements in the infrastructure.",This text is about grenade use.,1,0
event_test_1550,1550,mlburnham/acled_event_entailment,"Palestinian rioters clashed with Israeli forces that raided Kafr Qaddum (Qalqilya, West Bank) during a weekly demonstration against Israeli crimes in Gaza. Israeli forces opened fire at the rioters. There were no casualties.",This text is about grenade use.,1,0
event_test_1551,1551,mlburnham/acled_event_entailment,Students throw stones at police following a raid on the school.,This text is about grenade use.,1,0
event_test_1552,1552,mlburnham/acled_event_entailment,"Several people were arrested after municipal offices, a clinic and a fire station were set alight during violent service delivery protests in Waterval. These arrests likely took place after the riot.",This text is about grenade use.,1,0
event_test_1553,1553,mlburnham/acled_event_entailment,"overnight, several fishers from different ports arrived in San Benedetto del Tronto (Ascoli Piceno, Marche) to block local fishers from sailing. They wanted San Benedetto del Tronto fishers to join the strike against the increase in the price of diesel fuel. One demonstrator assaulted a police officer and was later arrested.",This text is about grenade use.,1,0
event_test_1554,1554,mlburnham/acled_event_entailment,"students demonstrated for the second day in a row, at the Fourah Bay College of Freetown (Western Area Urban, Western) against the college administration after they were prevented from sitting for examination due to the non-payment of their fees. The demonstrators threw stones at buildings and disrupted the ongoing examination. Some students were injured.",This text is about grenade use.,1,0
event_test_1555,1555,mlburnham/acled_event_entailment,Pro-hartal activists torched a passenger bus at Swamibagh in city on Wednesday afternoon.,This text is about grenade use.,1,0
event_test_1556,1556,mlburnham/acled_event_entailment,"in Brasilia, Distrito Federal, a group of students and teachers demonstrated in front of the building of the Ministry of Education. During the act, objects were thrown against the police officers supervising the demonstration, and a police patrol was damaged. The Military police responded with pepper spray and tear gas. Two police officers were injured.",This text is about grenade use.,1,0
event_test_1557,1557,mlburnham/acled_event_entailment,Violent clashes took place between industrial zone workers and the police in Vung Ang zone (Ha Tinh province) assumed around May 8 during a demonstration against foreign companies and illegal migrant workers.,This text is about grenade use.,1,0
event_test_1558,1558,mlburnham/acled_event_entailment,"Around 2 June 2020 (as reported), youths in Maiha LGA (Adamawa) demonstrated over the killing of a civilian by police forces earlier that day. An attempt to lynch police officers was stopped by soldiers of the Nigerian Armed Forces.",This text is about grenade use.,1,0
event_test_1559,1559,mlburnham/scad_event_entailment,Rival clans clash.,The event described in this text is extra-government violence.,0,1
event_test_1560,1560,mlburnham/scad_event_entailment,Pirates attacked a ship and kidnapped three sailors and released them on March 11,The event described in this text is extra-government violence.,0,1
event_test_1561,1561,mlburnham/scad_event_entailment,Unknown attackers killed five men and dumped their bodies along a highway,The event described in this text is extra-government violence.,0,1
event_test_1562,1562,mlburnham/scad_event_entailment,Robbers armed with machetes hack to death a US tourist on board a sailboat.,The event described in this text is extra-government violence.,0,1
event_test_1563,1563,mlburnham/scad_event_entailment,UN peacekeepers are wounded when their vehicle hits a landmine.,The event described in this text is extra-government violence.,0,1
event_test_1564,1564,mlburnham/scad_event_entailment,A French couple that owned a fashionable restaurant are murdered. The mutilation of their bodies suggests they were kill by paramilitaries for political purposes.,The event described in this text is extra-government violence.,0,1
event_test_1565,1565,mlburnham/scad_event_entailment,Young gay man was killed and his body and genitals mutilated in manner that indicates a hate crime.,The event described in this text is extra-government violence.,0,1
event_test_1566,1566,mlburnham/scad_event_entailment,A candidate for the town council is shot dead.,The event described in this text is extra-government violence.,0,1
event_test_1567,1567,mlburnham/scad_event_entailment,Four men of the Sinaloa cartel are executed by the Gulf cartel.,The event described in this text is extra-government violence.,0,1
event_test_1568,1568,mlburnham/scad_event_entailment,"Rival factions clash in southern Casamance region, near Gambian border",The event described in this text is extra-government violence.,0,1
event_test_1569,1569,mlburnham/scad_event_entailment,US drone strike aided by Kenyan intelligence killed at least 4 senior Al-Shabaab militants.,The event described in this text is extra-government violence.,0,1
event_test_1570,1570,mlburnham/scad_event_entailment,PAC supporters attack white farmers.,The event described in this text is extra-government violence.,0,1
event_test_1571,1571,mlburnham/scad_event_entailment,"Toposa cattle raiders attack the village of Lauro Payam, killing 54 people.",The event described in this text is extra-government violence.,0,1
event_test_1572,1572,mlburnham/scad_event_entailment,Gunmen have a shootout.,The event described in this text is extra-government violence.,0,1
event_test_1573,1573,mlburnham/scad_event_entailment,Colombian paramilitaries attack a remote jungle village; two American journalists and one Canadian journalist are reported missing.,The event described in this text is extra-government violence.,0,1
event_test_1574,1574,mlburnham/scad_event_entailment,"Rebels looking ""to settle an old score"" robbed UNHCR staff and clashed with UN peacekeepers, resulting in the deaths of at least 15 people.",The event described in this text is extra-government violence.,0,1
event_test_1575,1575,mlburnham/scad_event_entailment,A mob burns to death 8 people accused in a series of highway robberies.,The event described in this text is extra-government violence.,0,1
event_test_1576,1576,mlburnham/scad_event_entailment,Pro-government GATIA fighters took over parts of Menaka that had previously been occupied by CMA fighters; clashes continued the next day about 14 km outside of Menaka.,The event described in this text is extra-government violence.,0,1
event_test_1577,1577,mlburnham/scad_event_entailment,Supporters of Charles Taylor attack Mandingo tribe to protest a rival presidential hopeful.,The event described in this text is extra-government violence.,0,1
event_test_1578,1578,mlburnham/scad_event_entailment,Men in military uniform rob and kill 4 Italian aid workers with Mondo Giusto plus two children.,The event described in this text is extra-government violence.,0,1
event_test_1579,1579,mlburnham/scad_event_entailment,Militants killed the wives of four villages who either refused to join Boko Haram or offered information to the government.,The event described in this text is extra-government violence.,0,1
event_test_1580,1580,mlburnham/scad_event_entailment,Tuareg killed two civilians,The event described in this text is extra-government violence.,0,1
event_test_1581,1581,mlburnham/scad_event_entailment,"Danish ship captured pirate mothership, rescued hostages from Iran and Pakistan and arrested pirates.",The event described in this text is extra-government violence.,0,1
event_test_1582,1582,mlburnham/scad_event_entailment,A militia group abducts and rapes 7 women.,The event described in this text is extra-government violence.,0,1
event_test_1583,1583,mlburnham/scad_event_entailment,Two Arab tribes clash over grazing rights and livestock raiding.,The event described in this text is extra-government violence.,0,1
event_test_1584,1584,mlburnham/scad_event_entailment,Members of the Peul community murder Tuareg merchants returning from a market.,The event described in this text is extra-government violence.,0,1
event_test_1585,1585,mlburnham/scad_event_entailment,"Assailants attacked two schools, setting one ablaze and destroying the other.",The event described in this text is extra-government violence.,0,1
event_test_1586,1586,mlburnham/scad_event_entailment,A car bomb kills one at a hotel.,The event described in this text is extra-government violence.,0,1
event_test_1587,1587,mlburnham/scad_event_entailment,Unknown attackers murdered a civilian and left their remains in a suitcase,The event described in this text is extra-government violence.,0,1
event_test_1588,1588,mlburnham/scad_event_entailment,A prominent lawyer who had received government criticism for his support of an opposition plan to give provinces more autonomy was hit in a drive-by shooting and died in the hospital.,The event described in this text is extra-government violence.,0,1
event_test_1589,1589,mlburnham/scad_event_entailment,Sudanese Toposas and Kenyan Turkanas clash over cattle.,The event described in this text is extra-government violence.,0,1
event_test_1590,1590,mlburnham/scad_event_entailment,Various incidents of political violence across the province.,The event described in this text is extra-government violence.,0,1
event_test_1591,1591,mlburnham/scad_event_entailment,Gunmen attack mourners at a funeral.,The event described in this text is extra-government violence.,0,1
event_test_1592,1592,mlburnham/scad_event_entailment,MEND attacks two oil installations.,The event described in this text is extra-government violence.,0,1
event_test_1593,1593,mlburnham/scad_event_entailment,Ethiopian UNAMID peackeeper shot and killed 3 of his colleagues and fellow Ethiopians before killing himself.,The event described in this text is extra-government violence.,0,1
event_test_1594,1594,mlburnham/scad_event_entailment,Four Nigerian peacekeepers were killed and eight wounded in ambush on patrol.,The event described in this text is extra-government violence.,0,1
event_test_1595,1595,mlburnham/scad_event_entailment,Boko Haram fighters attacked vigilante groups allied with the security forces,The event described in this text is extra-government violence.,0,1
event_test_1596,1596,mlburnham/scad_event_entailment,"On an election runoff day, a man was killed in a fight between partisans.",The event described in this text is extra-government violence.,0,1
event_test_1597,1597,mlburnham/scad_event_entailment,Gunmen shoot at a car carrying a PAN candidate for Congress. Two of the politician's aides are killed.,The event described in this text is extra-government violence.,0,1
event_test_1598,1598,mlburnham/scad_event_entailment,Rebels attacked three ethnic Peul.,The event described in this text is extra-government violence.,0,1
event_test_1599,1599,mlburnham/scad_event_entailment,Rival drug gangs wage war in the streets of Tijuana.,The event described in this text is extra-government violence.,0,1
event_test_1600,1600,mlburnham/scad_event_entailment,"A charity clinic run by Ansar al-Sharia was hit by a roadside bomb, but no one was injured",The event described in this text is extra-government violence.,0,1
event_test_1601,1601,mlburnham/scad_event_entailment,Rival gangs have gun battle in front of a state police station.,The event described in this text is extra-government violence.,0,1
event_test_1602,1602,mlburnham/scad_event_entailment,Members of MODEL riot and loot in Buchanan.,The event described in this text is extra-government violence.,0,1
event_test_1603,1603,mlburnham/scad_event_entailment,Hijackers take control of an airplane over Ethiopia to bring attention to the economic and political situation there. They land in Khartoum and release the hostages.,The event described in this text is extra-government violence.,0,1
event_test_1604,1604,mlburnham/scad_event_entailment,"Suicide bomber drove an SUV filled with explosives into church, killing 8 (including himself) and wounding 100.",The event described in this text is extra-government violence.,0,1
event_test_1605,1605,mlburnham/scad_event_entailment,A shootout occurs between gangs.,The event described in this text is extra-government violence.,0,1
event_test_1606,1606,mlburnham/scad_event_entailment,"Citizens attacked opposition party supporters, killing 3.",The event described in this text is extra-government violence.,0,1
event_test_1607,1607,mlburnham/scad_event_entailment,"Some 2000 Tanzanian Sonjos raid a Maasai village in Kenya, killing two and stealing thousands of head of cattle.",The event described in this text is extra-government violence.,0,1
event_test_1608,1608,mlburnham/scad_event_entailment,"Union official was shot and killed at his home, may have been killed due to being a witness into inquiry regarding earlier strike-related deaths.",The event described in this text is extra-government violence.,0,1
event_test_1609,1609,mlburnham/scad_event_entailment,Supporters of rival ruling party candidates clashed violently,The event described in this text is extra-government violence.,0,1
event_test_1610,1610,mlburnham/scad_event_entailment,Witchcraft practitioners hacked off the hand of a young boy,The event described in this text is extra-government violence.,0,1
event_test_1611,1611,mlburnham/scad_event_entailment,"Muslim fundamentalists and Coptic Christians clash after a farmer, Abdallah Massud Guirguis, refused to sell land to a member of an Islamic group; 2 Muslims and 1 Christian killed.",The event described in this text is extra-government violence.,0,1
event_test_1612,1612,mlburnham/scad_event_entailment,"Vigilantes belonging to a self-defense movement take over a town, resulting in a clash that leaves two people dead.",The event described in this text is extra-government violence.,0,1
event_test_1613,1613,mlburnham/scad_event_entailment,An explosive device was detonated at a busy livestock market.,The event described in this text is extra-government violence.,0,1
event_test_1614,1614,mlburnham/scad_event_entailment,Gunmen kill 11 people in a liquor store.,The event described in this text is extra-government violence.,0,1
event_test_1615,1615,mlburnham/scad_event_entailment,Unknown gunmen open fire on a journalist who wrote investigative pieces on the drug trade and official corruption.,The event described in this text is extra-government violence.,0,1
event_test_1616,1616,mlburnham/scad_event_entailment,"Gunmen storm a law office, shooting or strangling victims inside. The event appears to be an act of score-settling between drug cartels.",The event described in this text is extra-government violence.,0,1
event_test_1617,1617,mlburnham/scad_event_entailment,Ugandan rebels attack civilians in Beni with machetes.,The event described in this text is extra-government violence.,0,1
event_test_1618,1618,mlburnham/scad_event_entailment,Fighting between clans and militias.,The event described in this text is extra-government violence.,0,1
event_test_1619,1619,mlburnham/scad_event_entailment,"Ansar Dine carried out two attacks in the Kidal region, killing at least 4 CMA fighters in one attack and 11 Tuareg fighters in another attack.",The event described in this text is extra-government violence.,0,1
event_test_1620,1620,mlburnham/scad_event_entailment,Clan militia attacks a convoy belonging to an NGO. They seize weapons and hold hostages.,The event described in this text is extra-government violence.,0,1
event_test_1621,1621,mlburnham/scad_event_entailment,Factional clash.,The event described in this text is extra-government violence.,0,1
event_test_1622,1622,mlburnham/scad_event_entailment,3 African Union soldiers killed by Al-Shabaab militant ambush.,The event described in this text is extra-government violence.,0,1
event_test_1623,1623,mlburnham/scad_event_entailment,Al-Shebab Islamists attack and kill four people in Weir town.,The event described in this text is extra-government violence.,0,1
event_test_1624,1624,mlburnham/scad_event_entailment,"DRC military respond to ADF-NALU attack killing 1 rebel. Later, villagers burn 2 suspected rebels alive.",The event described in this text is extra-government violence.,0,1
event_test_1625,1625,mlburnham/scad_event_entailment,"Gunmen attack hospital, killing 11 and kidnapping 4",The event described in this text is extra-government violence.,0,1
event_test_1626,1626,mlburnham/scad_event_entailment,Rebels attacked a town in response to recent military operations in the area,The event described in this text is extra-government violence.,0,1
event_test_1627,1627,mlburnham/scad_event_entailment,A Boko Haram suicide bomber blew herself up in a market,The event described in this text is extra-government violence.,0,1
event_test_1628,1628,mlburnham/scad_event_entailment,Multiple explosions and gunshots were heard near a church and another area in Maiduguri.,The event described in this text is extra-government violence.,0,1
event_test_1629,1629,mlburnham/scad_event_entailment,Dutch tourists are robbed and killed by rebels,The event described in this text is extra-government violence.,0,1
event_test_1630,1630,mlburnham/scad_event_entailment,Factional clashes leave 70 dead over a several day period.,The event described in this text is extra-government violence.,0,1
event_test_1631,1631,mlburnham/scad_event_entailment,Members of Murle tribe burned down 3 Lou Nuer villages in retaliation for recent attacks over cattle raiding. 22 killed.,The event described in this text is extra-government violence.,0,1
event_test_1632,1632,mlburnham/scad_event_entailment,Boko Haram attacks villages in revenge for an attack on their group by vigilantes.,The event described in this text is extra-government violence.,0,1
event_test_1633,1633,mlburnham/scad_event_entailment,Suspected drug gang members abducted six people and murdered them by wrapping their heads in duct tape,The event described in this text is extra-government violence.,0,1
event_test_1634,1634,mlburnham/scad_event_entailment,"Eight gunmen ambush a legislator's car, killing his bodyguard. The attack is in apparent retaliation against the politician, who recently revealed the name of a police officer responsible for a student's death at a protest.",The event described in this text is extra-government violence.,0,1
event_test_1635,1635,mlburnham/scad_event_entailment,"Unidentified attackers threw a fire bomb into the courtyard of the home of Hedwig Gaillard, the mother of a prominent opposition politician.",The event described in this text is extra-government violence.,0,1
event_test_1636,1636,mlburnham/scad_event_entailment,Boko Haram ambushed a wedding party convoy killing 30,The event described in this text is extra-government violence.,0,1
event_test_1637,1637,mlburnham/scad_event_entailment,Gunmen fire shots and throw grenades at a television station in a pre-dawn attack.,The event described in this text is extra-government violence.,0,1
event_test_1638,1638,mlburnham/scad_event_entailment,Boipatong Massacre. 300 Zulu hostel dwellers (Inkatha Freedom Party supporters) attack Xhosa (ANC) squatters.,The event described in this text is extra-government violence.,0,1
event_test_1639,1639,mlburnham/scad_event_entailment,Unknown militants detonate a bomb in Giza killing three including a senior judge and wounding 11.,The event described in this text is extra-government violence.,0,1
event_test_1640,1640,mlburnham/scad_event_entailment,At least 7 people were killed over several days in Christian villages in rural areas.,The event described in this text is extra-government violence.,0,1
event_test_1641,1641,mlburnham/scad_event_entailment,"Inkatha Freedom Party supporters attack a village of the ANC, killing 8. Police who go to the village are shot at. Police return fire, killing one.",The event described in this text is extra-government violence.,0,1
event_test_1642,1642,mlburnham/scad_event_entailment,Two people are killed in an attack by unknown gunmen.,The event described in this text is extra-government violence.,0,1
event_test_1643,1643,mlburnham/scad_event_entailment,IFP supporters set fire to 16 ANC supporters.,The event described in this text is extra-government violence.,0,1
event_test_1644,1644,mlburnham/scad_event_entailment,Gunmen dresed as police shot and killed a reporte.,The event described in this text is extra-government violence.,0,1
event_test_1645,1645,mlburnham/scad_event_entailment,Rival factions clash.,The event described in this text is extra-government violence.,0,1
event_test_1646,1646,mlburnham/scad_event_entailment,MEND gunmen attack Chevron oil pipeline.,The event described in this text is extra-government violence.,0,1
event_test_1647,1647,mlburnham/scad_event_entailment,Three assailants lob a bomb at the house of a man who ran for president in the 1980s.,The event described in this text is extra-government violence.,0,1
event_test_1648,1648,mlburnham/scad_event_entailment,24 taxi passengers are shot to death in two attacks south of Johannesburg.,The event described in this text is extra-government violence.,0,1
event_test_1649,1649,mlburnham/scad_event_entailment,Nearly 20 people were killed in fighting between rebels and residents as Seleka members were searching for weapons among residents,The event described in this text is extra-government violence.,0,1
event_test_1650,1650,mlburnham/scad_event_entailment,Five gunmen storm the Nicaraguan embassy to protest President Violeta Chamorro's policy of allowing Sandinistas to control the police and the military as part of that country's post-war settlement. Nicaragua eventually pays the gunmen to leave.,The event described in this text is extra-government violence.,0,1
event_test_1651,1651,mlburnham/scad_event_entailment,A suicide bomber killed 17 people at a bus stop in Potiskum.,The event described in this text is extra-government violence.,0,1
event_test_1652,1652,mlburnham/scad_event_entailment,"Gunmen burst into a pool hall and open fire, killing 4.",The event described in this text is extra-government violence.,0,1
event_test_1653,1653,mlburnham/scad_event_entailment,Boko Haram ambushed and killed 9 and injured 16 Chad soldiers near Malam Fatori.,The event described in this text is extra-government violence.,0,1
event_test_1654,1654,mlburnham/scad_event_entailment,"Bomb hidden inside wheelbarrow exploded near beer garden, killing young boy and wounding others.",The event described in this text is extra-government violence.,0,1
event_test_1655,1655,mlburnham/scad_event_entailment,Unknown attackers hurl a grenade into a high school graduation party.,The event described in this text is extra-government violence.,0,1
event_test_1656,1656,mlburnham/scad_event_entailment,A new rebel group attacks a major Shell pipeline.,The event described in this text is extra-government violence.,0,1
event_test_1657,1657,mlburnham/scad_event_entailment,Rival ethnic groups clash after Itsekiri militants invade villages,The event described in this text is extra-government violence.,0,1
event_test_1658,1658,mlburnham/scad_event_entailment,"British aid worker Noonan and his Sudanese driver were kidnapped by armed men, driver released later the same day.",The event described in this text is extra-government violence.,0,1
event_test_1659,1659,mlburnham/scad_event_entailment,ANC gunmen kill 20 around Natal. Ongoing violence blamed on ideological and ethnic reasons.,The event described in this text is extra-government violence.,0,1
event_test_1660,1660,mlburnham/scad_event_entailment,Rebels shoot down a UN helicopter they warned not to fly over their territory.,The event described in this text is extra-government violence.,0,1
event_test_1661,1661,mlburnham/scad_event_entailment,A man is found hanging from a bridge in Mazatlan. A note is found nearby that threatens the Zetas.,The event described in this text is extra-government violence.,0,1
event_test_1662,1662,mlburnham/scad_event_entailment,A shootout occurs between the Gulf Cartel and a Guatemalan drug gang. It is triggered by the Guatemalan's refusal to join forces with their rivals in Mexico.,The event described in this text is extra-government violence.,0,1
event_test_1663,1663,mlburnham/scad_event_entailment,"Gunmen opened fire on an International Red Cross truck on its way from Gao to Niamey to pick up hospital supplies, killing 1 Red Cross worker and injuring another.",The event described in this text is extra-government violence.,0,1
event_test_1664,1664,mlburnham/scad_event_entailment,"Attackers burst into the home of a local opposition campaign director and hacked him to death with machetes, cutting off his head.",The event described in this text is extra-government violence.,0,1
event_test_1665,1665,mlburnham/scad_event_entailment,Inmates a gangs stabbed and bludgeoned nine of their rivals to death and wounded two others during a prison brawl that was broken up by the arrival of state police.,The event described in this text is extra-government violence.,0,1
event_test_1666,1666,mlburnham/scad_event_entailment,"Boko Haram destroys a bridge, making it harder to access their location in the Sambisa Forest where the 200+ kidnapped girls are considered to be held.",The event described in this text is extra-government violence.,0,1
event_test_1667,1667,mlburnham/scad_event_entailment,"Gunmen attacked construction workers, killing a Lebanese and a Nigerian worker. Also abducted another Lebanese national.",The event described in this text is extra-government violence.,0,1
event_test_1668,1668,mlburnham/scad_event_entailment,A suicide bomber killed 12 people at a mosque in Malari village in Borno state.,The event described in this text is extra-government violence.,0,1
event_test_1669,1669,mlburnham/scad_event_entailment,Separatist fighters opened fire on UN troops outside of Timbuktu.,The event described in this text is extra-government violence.,0,1
event_test_1670,1670,mlburnham/scad_event_entailment,Two masked guerillas armed with machine guns and hand grenades attack a bus carrying 31 Israeli tourists and a few Egyptians.,The event described in this text is extra-government violence.,0,1
event_test_1671,1671,mlburnham/scad_event_entailment,Fulani gunmen kill three Berom Christians.,The event described in this text is extra-government violence.,0,1
event_test_1672,1672,mlburnham/scad_event_entailment,Criminal elements attack a WFP convoy.,The event described in this text is extra-government violence.,0,1
event_test_1673,1673,mlburnham/scad_event_entailment,Members of the rebel group MODEL attack and take over a rubber plantation.,The event described in this text is extra-government violence.,0,1
event_test_1674,1674,mlburnham/scad_event_entailment,Gunmen storm a Mosque and kill 7,The event described in this text is extra-government violence.,0,1
event_test_1675,1675,mlburnham/scad_event_entailment,Dispute between Ninja and Nsiloulous militia members over food sharing and financial resources.,The event described in this text is extra-government violence.,0,1
event_test_1676,1676,mlburnham/scad_event_entailment,Unidentified attackers broke into a radio station during a broadcast and killed two journalists,The event described in this text is extra-government violence.,0,1
event_test_1677,1677,mlburnham/scad_event_entailment,Unidentified militia massacre 15 people.,The event described in this text is extra-government violence.,0,1
event_test_1678,1678,mlburnham/scad_event_entailment,The leader of a leftist Indian group is assassinated by gunmen on motorcycles.,The event described in this text is extra-government violence.,0,1
event_test_1679,1679,mlburnham/scad_event_entailment,"Boko Haram ambush a grain truck, looting it and then set it ablaze.",The event described in this text is extra-government violence.,0,1
event_test_1680,1680,mlburnham/scad_event_entailment,"Four suicide bombers blew themselves up killing one other person and wounding 10, when civilian guards prevented them from entering the city of Maiduguri.",The event described in this text is extra-government violence.,0,1
event_test_1681,1681,mlburnham/scad_event_entailment,Unknown gunmen assassinate a legislator of the Conservative Party.,The event described in this text is extra-government violence.,0,1
event_test_1682,1682,mlburnham/scad_event_entailment,"Dozens of people were killed in week long clashes between the Borana, Rendille, Gabra and Burji communities and arrests were made",The event described in this text is extra-government violence.,0,1
event_test_1683,1683,mlburnham/scad_event_entailment,Pirates took five foreign hostages,The event described in this text is extra-government violence.,0,1
event_test_1684,1684,mlburnham/scad_event_entailment,A British embassy convoy is attacked in an attempted carjacking.,The event described in this text is extra-government violence.,0,1
event_test_1685,1685,mlburnham/scad_event_entailment,Unknown gunmen kill a doctor.,The event described in this text is extra-government violence.,0,1
event_test_1686,1686,mlburnham/scad_event_entailment,Boko Haram fighters attacked farmers in a rural area,The event described in this text is extra-government violence.,0,1
event_test_1687,1687,mlburnham/scad_event_entailment,Members of a farm group are shot dead in a confrontation over a land dispute with masked assailants.,The event described in this text is extra-government violence.,0,1
event_test_1688,1688,mlburnham/scad_event_entailment,Suspected militants fired two mortar rounds near an airport were legislators were meeting to select a new President of Somalia.,The event described in this text is extra-government violence.,0,1
event_test_1689,1689,mlburnham/scad_event_entailment,Three Boko Haram suicide bombers attempted to attack civilians in the town of Madagali and were shot dead by civilian vigilantes and soldiers,The event described in this text is extra-government violence.,0,1
event_test_1690,1690,mlburnham/scad_event_entailment,Two rival gangs clashed violently for unknown reasons,The event described in this text is extra-government violence.,0,1
event_test_1691,1691,mlburnham/scad_event_entailment,Gunmen with assault rifles open fire on a pool hall.,The event described in this text is extra-government violence.,0,1
event_test_1692,1692,mlburnham/scad_event_entailment,Four Boko Haram suicide bombers attacked members of a civilian militia,The event described in this text is extra-government violence.,0,1
event_test_1693,1693,mlburnham/scad_event_entailment,A group of gunmen open fire on a newspaper building.,The event described in this text is extra-government violence.,0,1
event_test_1694,1694,mlburnham/scad_event_entailment,All five members of a family were killed by a group of gunmen. Reasons were unspecified but suspected to be drug-related,The event described in this text is extra-government violence.,0,1
event_test_1695,1695,mlburnham/scad_event_entailment,"While covering rallies for presidential candidate Leonel Fernandez, newswoman was slapped and pushed to ground.",The event described in this text is extra-government violence.,0,1
event_test_1696,1696,mlburnham/scad_event_entailment,A Boko Haram mine killed several people in a convoy of vehicles,The event described in this text is extra-government violence.,0,1
event_test_1697,1697,mlburnham/scad_event_entailment,Four men sitting down to eat are killed when attackers burst into the restaurant and spray them with gunfire.,The event described in this text is extra-government violence.,0,1
event_test_1698,1698,mlburnham/scad_event_entailment,Am small town mayor is abducted and killed.,The event described in this text is extra-government violence.,0,1
event_test_1699,1699,mlburnham/scad_event_entailment,"A small leftist group plants explosives at five branch banks recently purchased by Citigroup. Several of the devices explode, but no one is killed. The leftist group is angered because the banks were bailed out by taxpayers.",The event described in this text is extra-government violence.,0,1
event_test_1700,1700,mlburnham/scad_event_entailment,"Two gangs exchanged gunfire after arguing over a shipment of donated rice and flour, with three people being injured.",The event described in this text is extra-government violence.,0,1
event_test_1701,1701,mlburnham/scad_event_entailment,Dinka and Nuer tribes clash over livestock.,The event described in this text is extra-government violence.,0,1
event_test_1702,1702,mlburnham/scad_event_entailment,"Recontra bandits take over rural roads, rob coffee growers and vehicles.",The event described in this text is extra-government violence.,0,1
event_test_1703,1703,mlburnham/scad_event_entailment,The La Familia drug cartel kill one person.,The event described in this text is extra-government violence.,0,1
event_test_1704,1704,mlburnham/scad_event_entailment,Armed herdsmen and an allied Muslim militia attacked a village during the migration of cattle,The event described in this text is extra-government violence.,0,1
event_test_1705,1705,mlburnham/scad_event_entailment,Three employees of the Dinant agricultural firm are killed by unknown gunmen.,The event described in this text is extra-government violence.,0,1
event_test_1706,1706,mlburnham/scad_event_entailment,Masked gunmen burst into a bar and open fire.,The event described in this text is extra-government violence.,0,1
event_test_1707,1707,mlburnham/scad_event_entailment,10 ANC supporters killed in an ambush.,The event described in this text is extra-government violence.,0,1
event_test_1708,1708,mlburnham/scad_event_entailment,Gun attack and kill contractors.,The event described in this text is extra-government violence.,0,1
event_test_1709,1709,mlburnham/scad_event_entailment,A suicide bomber killed 22 people in an attack on a Shiite Muslim procession in Dakasoye village near Kano. Boko Haram claimed responsibility for the attack.,The event described in this text is extra-government violence.,0,1
event_test_1710,1710,mlburnham/scad_event_entailment,Ngiti tribesmen ambush Ugandan soldiers they believe murdered a member of the tribe.,The event described in this text is extra-government violence.,0,1
event_test_1711,1711,mlburnham/scad_event_entailment,A vigilante group kills 8 Boko Haram fighters.,The event described in this text is extra-government violence.,0,1
event_test_1712,1712,mlburnham/scad_event_entailment,"UNITA rebels attack a Namibian town, leaving 3 dead.",The event described in this text is extra-government violence.,0,1
event_test_1713,1713,mlburnham/scad_event_entailment,A gang kills villagers over a land dispute.,The event described in this text is extra-government violence.,0,1
event_test_1714,1714,mlburnham/scad_event_entailment,Three Boko Haram suicide bombers attempted to infiltrate Maidugiri. They were spotted by security forces and detonated themselves before they could reach their targets,The event described in this text is extra-government violence.,0,1
event_test_1715,1715,mlburnham/scad_event_entailment,Armed robbers open fire indiscriminately in a market.,The event described in this text is extra-government violence.,0,1
event_test_1716,1716,mlburnham/scad_event_entailment,A Shebab suicide bomber rammed a vehicle loaded with explosives into an African Union military base ran by the Djiboutian Military in the city of Beledweyne.,The event described in this text is extra-government violence.,0,1
event_test_1717,1717,mlburnham/scad_event_entailment,Taposa tribesmen attack refugees at a temporary camp. Cause unknown.,The event described in this text is extra-government violence.,0,1
event_test_1718,1718,mlburnham/scad_event_entailment,A campaign worker for a vice presidential candidate is shot to death on a busy street.,The event described in this text is extra-government violence.,0,1
event_test_1719,1719,mlburnham/scad_event_entailment,A presidential security guard and a candidate's secretary are shot and killed just weeks ahead of a runoff vote.,The event described in this text is extra-government violence.,0,1
event_test_1720,1720,mlburnham/scad_event_entailment,13 people are executed inside a bus.,The event described in this text is extra-government violence.,0,1
event_test_1721,1721,mlburnham/scad_event_entailment,"Shebab militants attack an AU base, killing 4; 5 militants are killed.",The event described in this text is extra-government violence.,0,1
event_test_1722,1722,mlburnham/scad_event_entailment,An unspecified group of armed men assassinated a former Tuareg separatist leader,The event described in this text is extra-government violence.,0,1
event_test_1723,1723,mlburnham/scad_event_entailment,7 people are shot dead in the ongoing taxi war.,The event described in this text is extra-government violence.,0,1
event_test_1724,1724,mlburnham/scad_event_entailment,Armed men attack a drug safe house with automatic weapons and a rocket launcher.,The event described in this text is extra-government violence.,0,1
event_test_1725,1725,mlburnham/scad_event_entailment,"Gunmen shoot dead a mayoral candidate, along with his son and driver.",The event described in this text is extra-government violence.,0,1
event_test_1726,1726,mlburnham/scad_event_entailment,Drug gangs killed several members of a rival gang as part of ongoing competition,The event described in this text is extra-government violence.,0,1
event_test_1727,1727,mlburnham/scad_event_entailment,A mob of Azanian People's Liberation Army supporters beat and rob five whites.,The event described in this text is extra-government violence.,0,1
event_test_1728,1728,mlburnham/scad_event_entailment,Two Boko Haram suicide bombers blew themselves up in a refugee camp,The event described in this text is extra-government violence.,0,1
event_test_1729,1729,mlburnham/scad_event_entailment,"Militant from DRP was killed in partisan violence, 2 others killed in other incidents.",The event described in this text is extra-government violence.,0,1
event_test_1730,1730,mlburnham/scad_event_entailment,"Herdsmen attacked members of a rival tribe in an attempt to steal their cattle, sparking ethnic clashes. Tribal fighters fired on police when police attempted to intervene",The event described in this text is extra-government violence.,0,1
event_test_1731,1731,mlburnham/scad_event_entailment,Hutu rebels and Mai Mai loot a village.,The event described in this text is extra-government violence.,0,1
event_test_1732,1732,mlburnham/scad_event_entailment,"Unknown gunmen attack a village, killing 13, including 9 children.",The event described in this text is extra-government violence.,0,1
event_test_1733,1733,mlburnham/scad_event_entailment,Two suicide bombers were killed before they could reach their targets when their bombs detonated prematurely.,The event described in this text is extra-government violence.,0,1
event_test_1734,1734,mlburnham/scad_event_entailment,"Unknown attackers invade a church in Tabak, killing two. Retaliatory riots erupt in Zonkwa.",The event described in this text is extra-government violence.,0,1
event_test_1735,1735,mlburnham/scad_event_entailment,Two men assassinated the leader of a pro-government militia for unknown reasons,The event described in this text is extra-government violence.,0,1
event_test_1736,1736,mlburnham/scad_event_entailment,Gunmen abduct two French aid workers from the group Triangle.,The event described in this text is extra-government violence.,0,1
event_test_1737,1737,mlburnham/scad_event_entailment,"An AQIM suicide bomber detonated himself at the Gao airport, targeting MINUSMA peacekeepers.",The event described in this text is extra-government violence.,0,1
event_test_1738,1738,mlburnham/scad_event_entailment,An ethnic militia attacked members of a rival ethnic group,The event described in this text is extra-government violence.,0,1
event_test_1739,1739,mlburnham/scad_event_entailment,Three civilians are executed by drug gangs.,The event described in this text is extra-government violence.,0,1
event_test_1740,1740,mlburnham/scad_event_entailment,Attacks on trains in the Johannesburg area kill more than two dozen people,The event described in this text is extra-government violence.,0,1
event_test_1741,1741,mlburnham/scad_event_entailment,A suicide bomber targets a World Cup viewing center.,The event described in this text is extra-government violence.,0,1
event_test_1742,1742,mlburnham/scad_event_entailment,Villagers ambush Boko Haram militants.,The event described in this text is extra-government violence.,0,1
event_test_1743,1743,mlburnham/scad_event_entailment,"Gunmen shot activist Ali Perard, 28, in the right leg as he was leaving the opposition talks.",The event described in this text is extra-government violence.,0,1
event_test_1744,1744,mlburnham/scad_event_entailment,A self-defense group killed several Boko Haram attempted suicide bombers before they could detonate themselves,The event described in this text is extra-government violence.,0,1
event_test_1745,1745,mlburnham/scad_event_entailment,French soldiers attacked a jihadist camp in Southwestern Mali as part of ongoing anti-jihadist intervention,The event described in this text is extra-government violence.,0,1
event_test_1746,1746,mlburnham/scad_event_entailment,Tribal violence between Masai and Kisii,The event described in this text is extra-government violence.,0,1
event_test_1747,1747,mlburnham/scad_event_entailment,The general leading an operation to root out terrorism is attacked.,The event described in this text is extra-government violence.,0,1
event_test_1748,1748,mlburnham/scad_event_entailment,Militants executed three men accused of collaborating with the CIA and Kenyan and Somalia government to carry out airstrikes against al-Shabaab.,The event described in this text is extra-government violence.,0,1
event_test_1749,1749,mlburnham/scad_event_entailment,Cattle raid by Ethiopians near border. Tribesmen backed by Ethiopian rebels.,The event described in this text is extra-government violence.,0,1
event_test_1750,1750,mlburnham/scad_event_entailment,Gunmen attacked an Egyptian Coptic church and assaulted two priests,The event described in this text is extra-government violence.,0,1
event_test_1751,1751,mlburnham/scad_event_entailment,"Two Boko Haram suicide bombers attempted to attack civilians in Maidugiri. They were stopped by police, who killed one of them.",The event described in this text is extra-government violence.,0,1
event_test_1752,1752,mlburnham/scad_event_entailment,"Rattray and Lynch were beheaded, believed to be connected to clash between Clansman and One Order gangs.",The event described in this text is extra-government violence.,0,1
event_test_1753,1753,mlburnham/scad_event_entailment,Armed Bedouin tribesmen abducted a Hungarian member of the multinational observer force to demand the release of a member of their tribe arrested earlier on drug charges and they released their captive after tribal elders intervened,The event described in this text is extra-government violence.,0,1
event_test_1754,1754,mlburnham/scad_event_entailment,2 players and an assistant coach for Ocean Boys injured in attack before game.,The event described in this text is extra-government violence.,0,1
event_test_1755,1755,mlburnham/scad_event_entailment,Alleged massacre by Aidid militiamen against rival clans.,The event described in this text is extra-government violence.,0,1
event_test_1756,1756,mlburnham/scad_event_entailment,Gunmen travelling by camel and pick-up truck attacked a camp where residents allegedly stole cattle.,The event described in this text is extra-government violence.,0,1
event_test_1757,1757,mlburnham/scad_event_entailment,A group of masked men attacked a church and abducted an unidentified man,The event described in this text is extra-government violence.,0,1
event_test_1758,1758,mlburnham/scad_event_entailment,Mai Mai attack rebels transporting goods on a boat.,The event described in this text is extra-government violence.,0,1
event_test_1759,1759,mlburnham/scad_event_entailment,A bomb explodes outside the French embassy. No one is hurt.,The event described in this text is extra-government violence.,0,1
event_test_1760,1760,mlburnham/scad_event_entailment,"Unknown bombers throw a grenade into a bus station, wounding several right after an election.",The event described in this text is extra-government violence.,0,1
event_test_1761,1761,mlburnham/scad_event_entailment,"Rival supporters clashed outside of ballot counting center, wielding knives and throwing stones.",The event described in this text is extra-government violence.,0,1
event_test_1762,1762,mlburnham/scad_event_entailment,Gunmen shot and killed 3 oil company employees doing repair on oil pipeline.,The event described in this text is extra-government violence.,0,1
event_test_1763,1763,mlburnham/scad_event_entailment,Pirates menace several ships off the coast of Somalia.,The event described in this text is extra-government violence.,0,1
event_test_1764,1764,mlburnham/scad_event_entailment,Unknown gunmen attacked UN peacekeeping units,The event described in this text is extra-government violence.,0,1
event_test_1765,1765,mlburnham/scad_event_entailment,"Six grenades are exploded simultaneously outside fast-food restaurants, including the local Pizza Hut, Burger King, McDonald's, TGI Friday and unspecified others.",The event described in this text is extra-government violence.,0,1
event_test_1766,1766,mlburnham/scad_event_entailment,Hutu rebels kidnap 60 civilians.,The event described in this text is extra-government violence.,0,1
event_test_1767,1767,mlburnham/scad_event_entailment,Fulani hersmen killed 8 farmers on their way to a crop field in Sondi village in Wukari district.,The event described in this text is extra-government violence.,0,1
event_test_1768,1768,mlburnham/scad_event_entailment,Six people are executed. Threatening messages are found nearby.,The event described in this text is extra-government violence.,0,1
event_test_1769,1769,mlburnham/scad_event_entailment,"Rival tribes clash at polling station, claiming the other rigged the vote",The event described in this text is extra-government violence.,0,1
event_test_1770,1770,mlburnham/scad_event_entailment,A freelance photographer was gunned down in his home by local gang members whom he had photographed during reporting assignments.,The event described in this text is extra-government violence.,0,1
event_test_1771,1771,mlburnham/scad_event_entailment,A group of Fulani herdsmen and Muslim Seleka rebels attacked a village after the villagers refused to let the Fulani move their cattle across the village's territory,The event described in this text is extra-government violence.,0,1
event_test_1772,1772,mlburnham/scad_event_entailment,A former defender with the attorney general's office is assassinated.,The event described in this text is extra-government violence.,0,1
event_test_1773,1773,mlburnham/scad_event_entailment,Rival clans battle for control of the sea port.,The event described in this text is extra-government violence.,0,1
event_test_1774,1774,mlburnham/scad_event_entailment,"Jihadist fighters attacked an armoured van transporting money from a gold mine; the driver was killed, but the police accompanying the van fought off the attackers.",The event described in this text is extra-government violence.,0,1
event_test_1775,1775,mlburnham/scad_event_entailment,"One Muslim mand was killed outside a mosque in the PK5 neighborhood, site of religious conflict.",The event described in this text is extra-government violence.,0,1
event_test_1776,1776,mlburnham/scad_event_entailment,Boko Haram dragged men out of houses in Miringa village and shot them for escaping forced conscription.,The event described in this text is extra-government violence.,0,1
event_test_1777,1777,mlburnham/scad_event_entailment,"Gunmen open fire, and also destroy six electrical towers on the eve of a referendum on a new constitution.",The event described in this text is extra-government violence.,0,1
event_test_1778,1778,mlburnham/scad_event_entailment,"Gunmen stormed the Radisson Blu hotel in Bamako, opening fire and taking over 100 people hostage; 20 people died.",The event described in this text is extra-government violence.,0,1
event_test_1779,1779,mlburnham/scad_event_entailment,ISIS-affiliated gunmen gunned down a Coptic Christian priest standing next to his car.,The event described in this text is extra-government violence.,0,1
event_test_1780,1780,mlburnham/scad_event_entailment,Gunmen attack and rob a group of American volunteers.,The event described in this text is extra-government violence.,0,1
event_test_1781,1781,mlburnham/scad_event_entailment,Unknown arsonists burned down the main market in Lusaka,The event described in this text is extra-government violence.,0,1
event_test_1782,1782,mlburnham/scad_event_entailment,Members of LURD riot when leaders announce decision to remove Finance Minister Luseni Kamara from office.,The event described in this text is extra-government violence.,0,1
event_test_1783,1783,mlburnham/scad_event_entailment,"Hutu militiamen attack a refugee camp, killing nine.",The event described in this text is extra-government violence.,0,1
event_test_1784,1784,mlburnham/scad_event_entailment,"Unidentified gunmen waylaid a pickup truck carrying earthquake relief supplies and shot one relief volunteer, beat another, raped a female volunteer, and stole the group's cellphones and 40,000 pesos.",The event described in this text is extra-government violence.,0,1
event_test_1785,1785,mlburnham/scad_event_entailment,Gunmen open fire and kill three young students at a used car dealership.,The event described in this text is extra-government violence.,0,1
event_test_1786,1786,mlburnham/scad_event_entailment,"Gunmen invaded house in which wake was being held, 2 killed.",The event described in this text is extra-government violence.,0,1
event_test_1787,1787,mlburnham/scad_event_entailment,Gunmen kill taxi cab drivers.,The event described in this text is extra-government violence.,0,1
event_test_1788,1788,mlburnham/scad_event_entailment,A Christian Democrat legislator is killed under mysterious circumstances.,The event described in this text is extra-government violence.,0,1
event_test_1789,1789,mlburnham/scad_event_entailment,Women deputies stormed out of the parliament to protest an adoption of a polygamy bill.,The event described in this text is extra-government violence.,1,0
event_test_1790,1790,mlburnham/scad_event_entailment,4000 people protest Zionist aggression and show solidarity with Lebanon and Palestine. Occurs due to Israeli invasion of Lebanon.,The event described in this text is extra-government violence.,1,0
event_test_1791,1791,mlburnham/scad_event_entailment,"Citizens protested the new consititution, which they saw as being unfairly influenced by Muslims, and called for apologies for last week's violence.",The event described in this text is extra-government violence.,1,0
event_test_1792,1792,mlburnham/scad_event_entailment,"Citizens march in support of democracy, protesting against the establishment of an Islamic state",The event described in this text is extra-government violence.,1,0
event_test_1793,1793,mlburnham/scad_event_entailment,Opposition supporters marched to condemn electoral fraud in the 2015 presidential election.,The event described in this text is extra-government violence.,1,0
event_test_1794,1794,mlburnham/scad_event_entailment,Dozens of people protested against Prime Minister Zidan's government,The event described in this text is extra-government violence.,1,0
event_test_1795,1795,mlburnham/scad_event_entailment,"Son of former Mauritanian president goes on hunger strike in prison, alleging abuse of human rights.",The event described in this text is extra-government violence.,1,0
event_test_1796,1796,mlburnham/scad_event_entailment,Trade unions organized a protest of about twenty thousand in Casablanca to criticize the Moroccan government and Prime Minister Abdelilah Benkirane for failing to deliver on social and economic promises.,The event described in this text is extra-government violence.,1,0
event_test_1797,1797,mlburnham/scad_event_entailment,Relatives of jailed dissidents held press conference demanding that political prisoners be released and to mark 50th anniversary of UDHR.,The event described in this text is extra-government violence.,1,0
event_test_1798,1798,mlburnham/scad_event_entailment,Citizens protest negotiations of immigration acord with France,The event described in this text is extra-government violence.,1,0
event_test_1799,1799,mlburnham/scad_event_entailment,"About 500 Togolese nationals resident in Ghana's capital, Accra, Thursday demonstrated against Tuesday's coup attempt in their country and against France's decision not to intervene militarily.",The event described in this text is extra-government violence.,1,0
event_test_1800,1800,mlburnham/scad_event_entailment,Protesters demonstrate against the return of the president from a trip abroad.,The event described in this text is extra-government violence.,1,0
event_test_1801,1801,mlburnham/scad_event_entailment,"Around 2000 people in both Cape Town and Pretoria marched to protest corruption in the central government, particularly President Zuma's misspending.",The event described in this text is extra-government violence.,1,0
event_test_1802,1802,mlburnham/scad_event_entailment,Pro-Aristide businessman Antoine Izmery helped organize a protest to mark the one-year anniversary of the arrests of three pro-Aristide demonstrators; leaflets were distributed of Aristide; five demonstrators arrested.,The event described in this text is extra-government violence.,1,0
event_test_1803,1803,mlburnham/scad_event_entailment,Residents of Harare march to demand mayoral elections after Mugabe removed the previous mayor from office.,The event described in this text is extra-government violence.,1,0
event_test_1804,1804,mlburnham/scad_event_entailment,"About 200 people form local political parties, small vendor cooperatives, and INGOs hold anti-war protests in front of the US Embassy.",The event described in this text is extra-government violence.,1,0
event_test_1805,1805,mlburnham/scad_event_entailment,protesters call on the government for more action to find the kidnapped girls.,The event described in this text is extra-government violence.,1,0
event_test_1806,1806,mlburnham/scad_event_entailment,"About 300 protesters held a demonstration, demanding elections for parliament before the end of the year",The event described in this text is extra-government violence.,1,0
event_test_1807,1807,mlburnham/scad_event_entailment,"Anti-government protesters march to call on the president to resign, and to call upon the US to stop supporting the president.",The event described in this text is extra-government violence.,1,0
event_test_1808,1808,mlburnham/scad_event_entailment,Military intelligence arrested an opposition leader days before a strike was due to take place.,The event described in this text is extra-government violence.,1,0
event_test_1809,1809,mlburnham/scad_event_entailment,"Soldiers open fire on President, wounding him and rendering him unable to speak for several days",The event described in this text is extra-government violence.,1,0
event_test_1810,1810,mlburnham/scad_event_entailment,"An army colonel was arrested for ""behaviour that harms the requirements of the military"" after announcing his candidacy for President of Egypt on social media while wearing his uniform.",The event described in this text is extra-government violence.,1,0
event_test_1811,1811,mlburnham/scad_event_entailment,"Soldiers mutiny to protest the government repression of opposition protesters. They set up several road blocks. On the 11th, the leader of the mutineers claims control of the army. On the 16th and 17th, soldiers storm the presidential palace",The event described in this text is extra-government violence.,1,0
event_test_1812,1812,mlburnham/scad_event_entailment,The secretary general of the main opposition party was prevented from Kinshasa to Spain and had his passport confiscated.,The event described in this text is extra-government violence.,1,0
event_test_1813,1813,mlburnham/scad_event_entailment,"Government soldiers fire a rocket into the home of an opposition leader's son, killing him.",The event described in this text is extra-government violence.,1,0
event_test_1814,1814,mlburnham/scad_event_entailment,Security forces arrested two members of the opposition.,The event described in this text is extra-government violence.,1,0
event_test_1815,1815,mlburnham/scad_event_entailment,Security forced killed 19 in a drug related incident.,The event described in this text is extra-government violence.,1,0
event_test_1816,1816,mlburnham/scad_event_entailment,Police arrested 113 opposition leaders and civil society activists,The event described in this text is extra-government violence.,1,0
event_test_1817,1817,mlburnham/scad_event_entailment,Police arrested a U.S. citizen an charged her with subversion and inuslting the President after she posted remarks and a picture criticizing President Mugabe on Twitter.,The event described in this text is extra-government violence.,1,0
event_test_1818,1818,mlburnham/scad_event_entailment,Police arrested a pop singer after she released a sexually suggestive music video.,The event described in this text is extra-government violence.,1,0
event_test_1819,1819,mlburnham/scad_event_entailment,"Police arrested six journalists for spreading ""false information"" about military mutinies",The event described in this text is extra-government violence.,1,0
event_test_1820,1820,mlburnham/scad_event_entailment,Police arrested 40 protestors for holding an unlawful demonstration,The event described in this text is extra-government violence.,1,0
event_test_1821,1821,mlburnham/scad_event_entailment,Police arrested dozens of gay men for attending a gay wedding,The event described in this text is extra-government violence.,1,0
event_test_1822,1822,mlburnham/scad_event_entailment,Police prevent opposition groups from holding a rally,The event described in this text is extra-government violence.,1,0
event_test_1823,1823,mlburnham/scad_event_entailment,"The Algerian army launched an operation against IS militants, killing one of their leaders",The event described in this text is extra-government violence.,1,0
event_test_1824,1824,mlburnham/scad_event_entailment,"Police launched a major crackdown on Mara Salvatrucha, seizing assets and arresting members",The event described in this text is extra-government violence.,1,0
event_test_1825,1825,mlburnham/scad_event_entailment,Security forces open fire with live ammunition and use tear gas and batons to block opposition voters from casting their ballots at polling stations in opposition strongholds during a second runoff parliamentary election.,The event described in this text is extra-government violence.,1,0
event_test_1826,1826,mlburnham/scad_event_entailment,More than 750 police and army troops raid the nation's top security prison after officials receive repeated warnings that two of the western hemisphere's most notorious drug bosses had joined forces behind bars.,The event described in this text is extra-government violence.,1,0
event_test_1827,1827,mlburnham/scad_event_entailment,"Government air forces targeted a Dernah courthouse that is a base for IS religious police, but missed and hit a house, killing at least 5 civilians.",The event described in this text is extra-government violence.,1,0
event_test_1828,1828,mlburnham/scad_event_entailment,"Citizens protest lack of water, power and phone services for over a week and demand President's resignation",The event described in this text is extra-government violence.,1,0
event_test_1829,1829,mlburnham/scad_event_entailment,"Truck drivers strike, protesting extortion practices by government",The event described in this text is extra-government violence.,1,0
event_test_1830,1830,mlburnham/scad_event_entailment,"Shell contract workers strike, protesting poor working conditions",The event described in this text is extra-government violence.,1,0
event_test_1831,1831,mlburnham/scad_event_entailment,Activists in Southeast Nigeria organized a stay-home general strike to demand an independent Biafra,The event described in this text is extra-government violence.,1,0
event_test_1832,1832,mlburnham/scad_event_entailment,"Burkina Faso on Thursday closed the student campus at the university of Ouagadougou, which has been paralysed by a student strike for the past fortnight.",The event described in this text is extra-government violence.,1,0
event_test_1833,1833,mlburnham/scad_event_entailment,Doctors and health workers strike over unpaid wages,The event described in this text is extra-government violence.,1,0
event_test_1834,1834,mlburnham/scad_event_entailment,Civil Servants went on strike demanding greater wages,The event described in this text is extra-government violence.,1,0
event_test_1835,1835,mlburnham/scad_event_entailment,Avocado packers went on strike to demand higher wages.,The event described in this text is extra-government violence.,1,0
event_test_1836,1836,mlburnham/scad_event_entailment,Judges went on strike to protest the government's decision to remove judges from office.,The event described in this text is extra-government violence.,1,0
event_test_1837,1837,mlburnham/scad_event_entailment,"Teachers strike, demanding reinstatement of five colleagues fired by the president.",The event described in this text is extra-government violence.,1,0
event_test_1838,1838,mlburnham/scad_event_entailment,The DRC national football struck over unpaid bonuses.,The event described in this text is extra-government violence.,1,0
event_test_1839,1839,mlburnham/scad_event_entailment,"Citizens strike, calling for resignation of President",The event described in this text is extra-government violence.,1,0
event_test_1840,1840,mlburnham/scad_event_entailment,"Oil workers strike, protesting privatisation plans of state-run petroleum company and filling stations",The event described in this text is extra-government violence.,1,0
event_test_1841,1841,mlburnham/scad_event_entailment,"40,000 workers close all govt. offices throughout the country. USTN calls for payment of salary arrears, and an end to privatization.",The event described in this text is extra-government violence.,1,0
event_test_1842,1842,mlburnham/scad_event_entailment,Professors strike for higher pay.,The event described in this text is extra-government violence.,1,0
event_test_1843,1843,mlburnham/scad_event_entailment,2500 oil workers strike for higher pay and improved housing.,The event described in this text is extra-government violence.,1,0
event_test_1844,1844,mlburnham/scad_event_entailment,"Tazara railway workers strike, demanding higher wages",The event described in this text is extra-government violence.,1,0
event_test_1845,1845,mlburnham/scad_event_entailment,"28,000 workers strike over wages.",The event described in this text is extra-government violence.,1,0
event_test_1846,1846,mlburnham/scad_event_entailment,The Malawi Congress of Trade Unions (MCTU) admitted that a national strike called for Wednesday had failed.,The event described in this text is extra-government violence.,1,0
event_test_1847,1847,mlburnham/scad_event_entailment,"Electric workers strike, protesting unpaid allowances.",The event described in this text is extra-government violence.,1,0
event_test_1848,1848,mlburnham/scad_event_entailment,Civil servants strike over a wage dispute.,The event described in this text is extra-government violence.,1,0
event_test_1849,1849,mlburnham/scad_event_entailment,"A militant, pro-Sandinista public employee's union strikes for higher wages. The strike ends with a doubling of salaries and promises by the government not to fire the strikers.",The event described in this text is extra-government violence.,1,0
event_test_1850,1850,mlburnham/scad_event_entailment,Baggage handlers of EgyptAir staged a strike,The event described in this text is extra-government violence.,1,0
event_test_1851,1851,mlburnham/scad_event_entailment,Workers at Volkswagen AG strike for a pay increase.,The event described in this text is extra-government violence.,1,0
event_test_1852,1852,mlburnham/scad_event_entailment,Workers staged a sit-in over pay at two AngloGold mines.,The event described in this text is extra-government violence.,1,0
event_test_1853,1853,mlburnham/scad_event_entailment,ExxonMobil employees strike after dozens of local workers are laid off.,The event described in this text is extra-government violence.,1,0
event_test_1854,1854,mlburnham/scad_event_entailment,"Citizens of Ondo state strike, demanding higher minimum wages",The event described in this text is extra-government violence.,1,0
event_test_1855,1855,mlburnham/scad_event_entailment,Bus and taxi drivers strike over hike in fuel prices,The event described in this text is extra-government violence.,1,0
event_test_1856,1856,mlburnham/scad_event_entailment,Striking civil servants shut down Malawi's capital Monday to protest economic reforms that have decimated their buying power.,The event described in this text is extra-government violence.,1,0
event_test_1857,1857,mlburnham/scad_event_entailment,Rubber plantation workers strike demanding the removal of a top manager.,The event described in this text is extra-government violence.,1,0
event_test_1858,1858,mlburnham/scad_event_entailment,"Miners went on strike to demand greater monthly take-home pay, workers blocked roads to mine with tires, tree trunks & marched on mine shaft.",The event described in this text is extra-government violence.,1,0
event_test_1859,1859,mlburnham/scad_event_entailment,"Teachers staged a three-day strike to demand better pay, striking teachers in Zawiya also briefly blocked an oil refinery",The event described in this text is extra-government violence.,1,0
event_test_1860,1860,mlburnham/scad_event_entailment,Bus drivers strike to protest against new regulations that they say favor competing mini-bus drivers.,The event described in this text is extra-government violence.,1,0
event_test_1861,1861,mlburnham/scad_event_entailment,Nearly 1000 teachers protest over back pay.,The event described in this text is extra-government violence.,1,0
event_test_1862,1862,mlburnham/scad_event_entailment,Boko Haram bombs a packed bus station.,The event described in this text is extra-government violence.,0,1
event_test_1863,1863,mlburnham/scad_event_entailment,"Several hundred youths attempted to hold demonstration, were turned away by police.",The event described in this text is extra-government violence.,1,0
event_test_1864,1864,mlburnham/scad_event_entailment,Attackers hurl a grenade into a home.,The event described in this text is extra-government violence.,0,1
event_test_1865,1865,mlburnham/scad_event_entailment,Two rival tribes compete over goldmines,The event described in this text is extra-government violence.,0,1
event_test_1866,1866,mlburnham/scad_event_entailment,Unidentified militants set off 5 bombs at various metro stations around Cairo causing 4 injuries and no deaths.,The event described in this text is extra-government violence.,0,1
event_test_1867,1867,mlburnham/scad_event_entailment,Bus owners strike to protest a court decision blocking public transport fare increases needed to make improvements to vehicles.,The event described in this text is extra-government violence.,1,0
event_test_1868,1868,mlburnham/scad_event_entailment,Gunmen who are part of the armed wing of the Juarez cartel open fire on a crowd celebrating in a house after an amateur baseball game.,The event described in this text is extra-government violence.,0,1
event_test_1869,1869,mlburnham/scad_event_entailment,Two MSF staff killed in separate attacks on villages in Unity state. Both had worked at hospital in Leer before it was overrun earlier.,The event described in this text is extra-government violence.,0,1
event_test_1870,1870,mlburnham/scad_event_entailment,"Unidentified assailants attacked a MINUSMA convoy with explosives and rocket-launchers, killing one peacekeeper and wounding three, but were chased off by other peacekeepers.",The event described in this text is extra-government violence.,0,1
event_test_1871,1871,mlburnham/scad_event_entailment,Pirates kidnap sailors off of Nigeria's coast in search of their cargo.,The event described in this text is extra-government violence.,0,1
event_test_1872,1872,mlburnham/scad_event_entailment,Farm workers went on strike to demand wage increases.,The event described in this text is extra-government violence.,1,0
event_test_1873,1873,mlburnham/scad_event_entailment,Security guards strike.,The event described in this text is extra-government violence.,1,0
event_test_1874,1874,mlburnham/scad_event_entailment,Assailants killed five people in an attack on the village.,The event described in this text is extra-government violence.,0,1
event_test_1875,1875,mlburnham/scad_event_entailment,Unknown men attack a group of Rwandan children and a civilian aid worker.,The event described in this text is extra-government violence.,0,1
event_test_1876,1876,mlburnham/scad_event_entailment,"A car bomb explodes in front of a hotel, killing one.",The event described in this text is extra-government violence.,0,1
event_test_1877,1877,mlburnham/scad_event_entailment,A resident of a refugee camp shoots and kills three aid workers.,The event described in this text is extra-government violence.,0,1
event_test_1878,1878,mlburnham/scad_event_entailment,A lawyer who defended a drug dealer turned informant is attacked.,The event described in this text is extra-government violence.,0,1
event_test_1879,1879,mlburnham/scad_event_entailment,General strike.,The event described in this text is extra-government violence.,1,0
event_test_1880,1880,mlburnham/scad_event_entailment,Armed attack on the town of Markounda by forces unknown.,The event described in this text is extra-government violence.,0,1
event_test_1881,1881,mlburnham/scad_event_entailment,Militants arrest people they suspect of spying for the US.,The event described in this text is extra-government violence.,0,1
event_test_1882,1882,mlburnham/scad_event_entailment,Attackers with automatic weapons kill two men.,The event described in this text is extra-government violence.,0,1
event_test_1883,1883,mlburnham/scad_event_entailment,A group of protesters demonstrates against junta chief Mohamed Ould Abdel Aziz when he visits Tidjikja. They call for the release of the former prime minister from prison.,The event described in this text is extra-government violence.,1,0
event_test_1884,1884,mlburnham/scad_event_entailment,An alleged killer was arrested for involvement in a mass grave that was found to have 30 bodies of government supporters in it.,The event described in this text is extra-government violence.,0,1
event_test_1885,1885,mlburnham/scad_event_entailment,Two Boko Haram suicide bombers detonated themselves at a civilian militia checkpoint,The event described in this text is extra-government violence.,0,1
event_test_1886,1886,mlburnham/scad_event_entailment,Pirates attack a cruise liner off the Somali coast.,The event described in this text is extra-government violence.,0,1
event_test_1887,1887,mlburnham/scad_event_entailment,Two fractions of the army fought over control of the state television and radio complex in the capital following a coup attempt by General Godefroid Niyombare. Loyalist soldiers remained in control.,The event described in this text is extra-government violence.,1,0
event_test_1888,1888,mlburnham/scad_event_entailment,A gang of 20 men robs a train.,The event described in this text is extra-government violence.,0,1
event_test_1889,1889,mlburnham/scad_event_entailment,An FMLN leader is gunned down.,The event described in this text is extra-government violence.,0,1
event_test_1890,1890,mlburnham/scad_event_entailment,300 UN employees strike and demonstrate against MONUC over a wage dispute.,The event described in this text is extra-government violence.,1,0
event_test_1891,1891,mlburnham/scad_event_entailment,Cattle rustlers invade a commune and steal cattle.,The event described in this text is extra-government violence.,0,1
event_test_1892,1892,mlburnham/scad_event_entailment,"No motive was provided for the killings, but gang involvement is suspected.",The event described in this text is extra-government violence.,0,1
event_test_1893,1893,mlburnham/scad_event_entailment,Mass transit workers want a hike in their fares to cover increased fuel prices,The event described in this text is extra-government violence.,1,0
event_test_1894,1894,mlburnham/scad_event_entailment,A white farmer is killed in a racial attack in Mandela Park. Black gunmen torch a hotel in Ladybrand.,The event described in this text is extra-government violence.,0,1
event_test_1895,1895,mlburnham/scad_event_entailment,Civil servants fail to return to work after the end of the civil war.,The event described in this text is extra-government violence.,1,0
event_test_1896,1896,mlburnham/scad_event_entailment,IS released a video of Libyan jihadists killing 30 Ethiopian Christians who had been kidnapped; the victims consisted of two groups filmed in two separate locations.,The event described in this text is extra-government violence.,0,1
event_test_1897,1897,mlburnham/scad_event_entailment,A PRD politician is assassinated.,The event described in this text is extra-government violence.,0,1
event_test_1898,1898,mlburnham/scad_event_entailment,IS planted a bomb at a Cairo intersection four people were wounded and no fatalities reported.,The event described in this text is extra-government violence.,0,1
event_test_1899,1899,mlburnham/scad_event_entailment,Kamel and her family were attacked over film mocking Prophet Muhammad at bus terminals.,The event described in this text is extra-government violence.,0,1
event_test_1900,1900,mlburnham/scad_event_entailment,Only 12 women answered Tunisian rights group's call to protest the repression of women by demonstrating in miniskirts.,The event described in this text is extra-government violence.,1,0
event_test_1901,1901,mlburnham/scad_event_entailment,Men armed with sticks and rocks raid a refugee camp. Two villagers die.,The event described in this text is extra-government violence.,0,1
event_test_1902,1902,mlburnham/scad_event_entailment,Shebab launches suicide attack against UN convoy at the airport.,The event described in this text is extra-government violence.,0,1
event_test_1903,1903,mlburnham/scad_event_entailment,A pipe bomb explodes near police headquarters.,The event described in this text is extra-government violence.,0,1
event_test_1904,1904,mlburnham/scad_event_entailment,"civil servants in finance, planning, commerce, education and industry ministries strike against job cutbacks, wages and poor living conditions",The event described in this text is extra-government violence.,1,0
event_test_1905,1905,mlburnham/scad_event_entailment,Government security forces killed four suspect terrorists,The event described in this text is extra-government violence.,1,0
event_test_1906,1906,mlburnham/scad_event_entailment,"Armed men kill four adults and four children, hacking them with machetes and shooting them at close range.",The event described in this text is extra-government violence.,0,1
event_test_1907,1907,mlburnham/scad_event_entailment,Bankers strike over liquidity crunch,The event described in this text is extra-government violence.,1,0
event_test_1908,1908,mlburnham/scad_event_entailment,19 Omar Bongo university students were arrested after their strike led them to clash with police. They were released a few days later on bail.,The event described in this text is extra-government violence.,1,0
event_test_1909,1909,mlburnham/scad_event_entailment,Rival drug gangs engaged in a series of shootouts. When police attempted to intervene the gangs opened fire on them,The event described in this text is extra-government violence.,0,1
event_test_1910,1910,mlburnham/scad_event_entailment,Black factions clash. Death toll from a week of violence reaches 60.,The event described in this text is extra-government violence.,0,1
event_test_1911,1911,mlburnham/scad_event_entailment,Health workers at public hospitals strike over low pay and poor working conditions. Several patients die as a result of the strike.,The event described in this text is extra-government violence.,1,0
event_test_1912,1912,mlburnham/scad_event_entailment,A Boko Haram suicide bomber detonated herself inside a mosque,The event described in this text is extra-government violence.,0,1
event_test_1913,1913,mlburnham/scad_event_entailment,Armed men attack a strip club.,The event described in this text is extra-government violence.,0,1
event_test_1914,1914,mlburnham/scad_event_entailment,"Boko Haram attacked Kimba village, killing at least 14 people and burning homes.",The event described in this text is extra-government violence.,0,1
event_test_1915,1915,mlburnham/scad_event_entailment,"40,000 workers close all govt. offices throughout the country.",The event described in this text is extra-government violence.,1,0
event_test_1916,1916,mlburnham/scad_event_entailment,Citizens were protesting the presence of a questionable vigilante group.,The event described in this text is extra-government violence.,1,0
event_test_1917,1917,mlburnham/scad_event_entailment,"A suicide car bomber posing as milkman blew himself up outside a district headquarters, killing at least 15 people.",The event described in this text is extra-government violence.,0,1
event_test_1918,1918,mlburnham/scad_event_entailment,Members of Mara 18 assassinate a journalist who had reported on the gangs.,The event described in this text is extra-government violence.,0,1
event_test_1919,1919,mlburnham/scad_event_entailment,"Boko Haram attacks a Christian farming village; Nigerian jets kill civilians, mistaking them for insurgents.",The event described in this text is extra-government violence.,0,1
event_test_1920,1920,mlburnham/scad_event_entailment,Gunmen kill a WFP driver. Thousands demonstrate in response.,The event described in this text is extra-government violence.,0,1
event_test_1921,1921,mlburnham/scad_event_entailment,"Transportation workers strike, protesting new traffic codes and police harassment of bus drivers",The event described in this text is extra-government violence.,1,0
event_test_1922,1922,mlburnham/scad_event_entailment,Suspects kill and rob 4 French tourists in Aleg. Govt. says suspects are affiliated with militant group Al-Qaeda in Mahgreb. Arrests are eventually made.,The event described in this text is extra-government violence.,0,1
event_test_1923,1923,mlburnham/scad_event_entailment,Unspecified militias wage war.,The event described in this text is extra-government violence.,0,1
event_test_1924,1924,mlburnham/scad_event_entailment,Nearly 200 workers at a Nestle factory in Cairo stage a sit-in protest over a pay dispute with management.,The event described in this text is extra-government violence.,1,0
event_test_1925,1925,mlburnham/scad_event_entailment,Thousands of armed IFP kill 19 ANC and burn dozens of homes.,The event described in this text is extra-government violence.,0,1
event_test_1926,1926,mlburnham/scad_event_entailment,"Workers strike against the Industrial Relations Act, claiming it is restrictive.",The event described in this text is extra-government violence.,1,0
event_test_1927,1927,mlburnham/scad_event_entailment,Opposition leaders withdrew their lawmakers from parliament in protest over the timetable for the presidential elections.,The event described in this text is extra-government violence.,1,0
event_test_1928,1928,mlburnham/scad_event_entailment,"Niger Delta gang clashes with football club members, killing 13",The event described in this text is extra-government violence.,0,1
event_test_1929,1929,mlburnham/scad_event_entailment,Two factions of Tzotzil Indians clash over land at the edge of large sugar cane fields. This is the 33rd murder in the feud between the two factions since 1968.,The event described in this text is extra-government violence.,0,1
event_test_1930,1930,mlburnham/scad_event_entailment,Bombs explode in Jos during Christmas Eve.,The event described in this text is extra-government violence.,0,1
event_test_1931,1931,mlburnham/scad_event_entailment,Gunmen killed a large group of people. Narcotics trafficking was the suspected reason.,The event described in this text is extra-government violence.,0,1
event_test_1932,1932,mlburnham/scad_event_entailment,Gunmen killed two women in the city of Orizaba for unknown reasons,The event described in this text is extra-government violence.,0,1
event_test_1933,1933,mlburnham/scad_event_entailment,Government officials arrested members of a terror cell accused of planning attacks in Spain,The event described in this text is extra-government violence.,1,0
event_test_1934,1934,mlburnham/scad_event_entailment,ADF militants attack and kill 7 civilians.,The event described in this text is extra-government violence.,0,1
event_test_1935,1935,mlburnham/scad_event_entailment,Gunmen break into a home and kill 3.,The event described in this text is extra-government violence.,0,1
event_test_1936,1936,mlburnham/scad_event_entailment,Unknown attackers killed a member of a pro-government militia group,The event described in this text is extra-government violence.,0,1
event_test_1937,1937,mlburnham/scad_event_entailment,Police raid and arrest members of an opposition political party as they were meeting to discuss what they could learn from the North African uprisings.,The event described in this text is extra-government violence.,1,0
event_test_1938,1938,mlburnham/scad_event_entailment,President Nkurunziza is accused of attempting to assassinate opposition politicians critical of his policies.,The event described in this text is extra-government violence.,1,0
event_test_1939,1939,mlburnham/scad_event_entailment,Doctors strike to protest inadequate working conditions.,The event described in this text is extra-government violence.,1,0
event_test_1940,1940,mlburnham/scad_event_entailment,"Civil servants march, demanding a pay increase on 2/23. Police use tear gas. On 2/27, over 120,000 civil servants strike over govt. refusal to pay them a salary increase.",The event described in this text is extra-government violence.,1,0
event_test_1941,1941,mlburnham/scad_event_entailment,Bandits attack a group of farmers harvesting their crops.,The event described in this text is extra-government violence.,0,1
event_test_1942,1942,mlburnham/scad_event_entailment,A nationwide strike occurs; strikers press for land reform.,The event described in this text is extra-government violence.,1,0
event_test_1943,1943,mlburnham/scad_event_entailment,Leader of the JVA clashes with his chief lieutenant over how to run the town and over the fate of 48 Asian fishermen held since August.,The event described in this text is extra-government violence.,0,1
event_test_1944,1944,mlburnham/scad_event_entailment,Teachers strike demanding better pay.,The event described in this text is extra-government violence.,1,0
event_test_1945,1945,mlburnham/scad_event_entailment,Gunmen shoot dead two soccer coaches and a pregnant woman. It is Mexico's third such attack in under a week.,The event described in this text is extra-government violence.,0,1
event_test_1946,1946,mlburnham/scad_event_entailment,Suspected militants fire on a wedding.,The event described in this text is extra-government violence.,0,1
event_test_1947,1947,mlburnham/scad_event_entailment,"Hundreds of vigilantes armed with firearms and machetes attacked the town of Bouar, with about 40 people being killed",The event described in this text is extra-government violence.,0,1
event_test_1948,1948,mlburnham/scad_event_entailment,"In Maseru, thousands of members of the Lesotho Congress for Democracy rallied to express support for their party in upcoming elections and to show opposition to PM Mosili and the ruling Democratic Congress.",The event described in this text is extra-government violence.,1,0
event_test_1949,1949,mlburnham/scad_event_entailment,Unknown attackers burn down churches.,The event described in this text is extra-government violence.,0,1
event_test_1950,1950,mlburnham/scad_event_entailment,Ethnic factions of ULIMO clash,The event described in this text is extra-government violence.,0,1
event_test_1951,1951,mlburnham/scad_event_entailment,A rebel militia raids a village and steals its cattle.,The event described in this text is extra-government violence.,0,1
event_test_1952,1952,mlburnham/scad_event_entailment,"Students protest, demanding reopening of the university.",The event described in this text is extra-government violence.,1,0
event_test_1953,1953,mlburnham/scad_event_entailment,Rival tribal groups waged violent clashes over cattle grazing.,The event described in this text is extra-government violence.,0,1
event_test_1954,1954,mlburnham/scad_event_entailment,"Gunmen attacked Bardo National Museum, killing 22. Many foreign citizens killed. Security forces killed gunmen.",The event described in this text is extra-government violence.,0,1
event_test_1955,1955,mlburnham/scad_event_entailment,Bedouins captured 25 Chinese workers to demand release of detained Islamist relatives.,The event described in this text is extra-government violence.,0,1
event_test_1956,1956,mlburnham/scad_event_entailment,"the military ruler of Lesotho Colonel Elias Ramaema, the South African news agency SAPA reported. Eighteen officers are under arrest. (AFP)",The event described in this text is extra-government violence.,1,0
event_test_1957,1957,mlburnham/scad_event_entailment,Maasai warriors attack village to avenge earlier killings,The event described in this text is extra-government violence.,0,1
event_test_1958,1958,mlburnham/scad_event_entailment,Armed men open fire on a bar and throw Molotov cocktails inside.,The event described in this text is extra-government violence.,0,1
event_test_1959,1959,mlburnham/scad_event_entailment,Boko Haram attacks three villages.,The event described in this text is extra-government violence.,0,1
event_test_1960,1960,mlburnham/scad_event_entailment,"Gunmen killed five card players a day before the local elections. The timing of the attack is suspect, but there's no evidence to conclude that it is election related",The event described in this text is extra-government violence.,0,1
event_test_1961,1961,mlburnham/scad_event_entailment,"Armed men invade the house of a journalist, beating him, holding him hostage, and warning him not to publish further reports on corruption.",The event described in this text is extra-government violence.,0,1
event_test_1962,1962,mlburnham/scad_event_entailment,"Bandits stormed village, firing indiscriminately before raiding homes for valuables. 20 killed.",The event described in this text is extra-government violence.,0,1
event_test_1963,1963,mlburnham/scad_event_entailment,Factional battle over unknown causes.,The event described in this text is extra-government violence.,0,1
event_test_1964,1964,mlburnham/scad_event_entailment,"Students occupy Republic of Congo Embassy, demanding unpaid grants",The event described in this text is extra-government violence.,1,0
event_test_1965,1965,mlburnham/scad_event_entailment,Gunmen kill three people traveling to the protests in Oaxaca City.,The event described in this text is extra-government violence.,0,1
event_test_1966,1966,mlburnham/scad_event_entailment,An explosion killed local activist Murad al-Zawi and left his vehicle on fire,The event described in this text is extra-government violence.,0,1
event_test_1967,1967,mlburnham/scad_event_entailment,"Opposition was dispersed by tear gas when they attempted to gather for a demonstration, but were met by riot police.",The event described in this text is extra-government violence.,1,0
event_test_1968,1968,mlburnham/scad_event_entailment,Hundreds protested outside the British embassy to condemn the arrest of General Karenzi Karake in London and his possible extradition to Spain.,The event described in this text is extra-government violence.,1,0
event_test_1969,1969,mlburnham/scad_event_entailment,Militants killed four people associated with providing nutrition to children,The event described in this text is extra-government violence.,0,1
event_test_1970,1970,mlburnham/scad_event_entailment,"Gunmen belonging to the military wing of the Pan Africanist Congress (PAC) attack whites, killing 4.",The event described in this text is extra-government violence.,0,1
event_test_1971,1971,mlburnham/scad_event_entailment,"An unknown assailant sets off a grenade, killing 5 refugees. The refugees then riot.",The event described in this text is extra-government violence.,0,1
event_test_1972,1972,mlburnham/scad_event_entailment,Battle between factions.,The event described in this text is extra-government violence.,0,1
event_test_1973,1973,mlburnham/scad_event_entailment,Attacks kill four.,The event described in this text is extra-government violence.,0,1
event_test_1974,1974,mlburnham/scad_event_entailment,"Unknown gunmen attack Chinese workers, killing 1 and wounding 2 others.",The event described in this text is extra-government violence.,0,1
event_test_1975,1975,mlburnham/scad_event_entailment,Two knife-wielding men killed a technician and a principal at a school,The event described in this text is extra-government violence.,0,1
event_test_1976,1976,mlburnham/scad_event_entailment,"This is a suspected gang killing, but no reason for these people being killed was provided.",The event described in this text is extra-government violence.,0,1
event_test_1977,1977,mlburnham/scad_event_entailment,Boko Haram stromed Buratai village and killed two people.,The event described in this text is extra-government violence.,0,1
event_test_1978,1978,mlburnham/scad_event_entailment,"Ijaw militants kidnap six Shell employees, demanding jobs and benefits from Shell",The event described in this text is extra-government violence.,0,1
event_test_1979,1979,mlburnham/scad_event_entailment,Rival youth factions of the ODM party clashed violently in competition over who should be the party's nominee for a senate seat,The event described in this text is extra-government violence.,0,1
event_test_1980,1980,mlburnham/scad_event_entailment,Civilians strike to protest ongoing violence and economic policies of Pres. Mugabe.,The event described in this text is extra-government violence.,1,0
event_test_1981,1981,mlburnham/scad_event_entailment,"Gunmen shoot dead Mandla Shabalala, a member of the IFP national council.",The event described in this text is extra-government violence.,0,1
event_test_1982,1982,mlburnham/scad_event_entailment,Government security forces enter a refugee camp and force the refugees to move to another camp. Government forces use tear gas.,The event described in this text is extra-government violence.,1,0
event_test_1983,1983,mlburnham/scad_event_entailment,Boko Haram fighters killed burned and shot several villagers and stole cattle and vehicles,The event described in this text is extra-government violence.,0,1
event_test_1984,1984,mlburnham/scad_event_entailment,"Boko Haram raids a farming villages, murders and takes their food.",The event described in this text is extra-government violence.,0,1
event_test_1985,1985,mlburnham/scad_event_entailment,A couple is gunned down in front of their children.,The event described in this text is extra-government violence.,0,1
event_test_1986,1986,mlburnham/scad_event_entailment,An unknown group planted a mine beneath a UN peacekeeper convoy,The event described in this text is extra-government violence.,0,1
event_test_1987,1987,mlburnham/scad_event_entailment,Clan militias clash.,The event described in this text is extra-government violence.,0,1
event_test_1988,1988,mlburnham/scad_event_entailment,"Chanting anti-American slogans, thousands in two west African countries marched Tuesday to protest the U.S.- and British-led war in Iraq.",The event described in this text is extra-government violence.,1,0
event_test_1989,1989,mlburnham/scad_event_entailment,Eight people have been killed in the north of the country blamed on Muslim Peuls.,The event described in this text is extra-government violence.,0,1
event_test_1990,1990,mlburnham/scad_event_entailment,"Dozens of militiamen, angry about the editorial policies of Alassema TV, stormed the headquarters of the network, looting and smashing equipment and abducting staffers",The event described in this text is extra-government violence.,0,1
event_test_1991,1991,mlburnham/scad_event_entailment,A Muslim fundamentalist killed a Christian man for selling alcohol in violation of the dictates of Islam. He was later sentenced to death,The event described in this text is extra-government violence.,0,1
event_test_1992,1992,mlburnham/scad_event_entailment,"Over a quarter million protesters fill Tahrir Square to pressure the military regime to implement reform, while hundreds of thousands march in Alexandria.",The event described in this text is extra-government violence.,1,0
event_test_1993,1993,mlburnham/scad_event_entailment,Random shootings in Sebokeng township. Motive unknown.,The event described in this text is extra-government violence.,0,1
event_test_1994,1994,mlburnham/scad_event_entailment,Boko Haram attacks a village and abducts 60 women and girls and 31 boys.,The event described in this text is extra-government violence.,0,1
event_test_1995,1995,mlburnham/acled_event_entailment,Pro-SW6 (SouthWest 6) staged a demonstration in Adaada area in Berdale neighbourhood (Baidoa) in protest against the planned arrival of the SNG prime minister in the morning of 25/08. The demonstration started at ADC compound (the headquarters of the SW6). The protesters marched towards Bakiin Hotel (the headquarters of SW3) where militia of SW3 tried to block them by shooting in the air. One person was hit by a stray bullet and another injured after he was hit by a vehicle. Later reports record two deaths.,This text is about a protest with excessive force.,0,1
event_test_1996,1996,mlburnham/acled_event_entailment,"a group of students staged a protest in the vicinity of Universidad de Antioquia, blocking via Regional (Medellin, Medellin, Antioquia), while another group of students blocked Avenida Las Vegas (Medellin, Medellin, Antioquia), all protesting against the lack of resources for higher public education. It was reported that the students who were blocking Avenida Las Vegas were locked inside Politecnico Jaime Isaza Cadavid, had teargas used against them, and were beaten by ESMAD, resulting in multiple injuries.",This text is about a protest with excessive force.,0,1
event_test_1997,1997,mlburnham/acled_event_entailment,"in the morning, police started dispersing and arresting peaceful protesters in Tbilisi. They had been protesting against the Foreign Influence Law. There were reports of the riot police beating protesters, including those already detained.",This text is about a protest with excessive force.,0,1
event_test_1998,1998,mlburnham/acled_event_entailment,"Palestinian protesters marched from Izbat at Tabib village toward An Nabi Ilyas village (Qalqilya, West Bank) against the Israeli settlement project and the violence in the Gaza Strip. A Fatah representative attended the event and was rammed by an Israeli settler's car during the march, and was injured.",This text is about a protest with excessive force.,0,1
event_test_1999,1999,mlburnham/acled_event_entailment,"in La Paz (La Paz), residents marched through the city as a demonstration to demand the release of the Santa Cruz governor (Creemos) and to release political prisoners. Movement for Socialism (MAS) supporters threw firecrackers and explosives at the demonstrators to disperse them and stop the demonstration. At least 10 journalists were injured. The Santa Cruz governor was arrested due to an investigation of his involvement in the alleged coup d'etat of 2019.",This text is about a protest with excessive force.,0,1
event_test_2000,2000,mlburnham/acled_event_entailment,the Guinean security forces [coded: Militay Forces of Guinea] injured a young supporter of the FNDC who later died from his wounds in Bambeto area of Conakry (Conakry). This occurred during demonstrations that started after the funerals of eight people killed during the October and November 2019 demonstrations.,This text is about a protest with excessive force.,0,1
event_test_2001,2001,mlburnham/acled_event_entailment,"Brick factory employees and residents in El Jireif East district of Khartoum protested against the arrest of the owner of the factory and three employees as they resisted police's intervention in the factory to prevent people from working there. Police intervened and used sticks, tear gas and rubber bullets to disperse the demonstrators, injuring at least two children.",This text is about a protest with excessive force.,0,1
event_test_2002,2002,mlburnham/acled_event_entailment,"at least 5 demonstrators were injured when activists of BCL allegedly attacked the demonstration of students at Maulvibazar Press Club (Maulvibazar, Sylhet) against the rising incidents of rape in the country.",This text is about a protest with excessive force.,0,1
event_test_2003,2003,mlburnham/acled_event_entailment,"police violently repressed a Together for the Republic protest in Lubumbashi (Lubumbashi, Haut-Katanga). Police used tear gas to disperse the protesters, arrested about 30 (released a few hours letter) and 'brutalized' others, leading to 30 demonstrators being wounded and admitted to hospital. The protest was held to 'denounce the racist remarks' made by the Minister of Hydrocarbons against Moise Katumbi, presidential candidate and leader of Together for the Republic, who faces pushback because only one of his parents is of Congolese nationality. The Police Chief Commissionner was caught on video telling the protesters they were being arrested because they supported 'a foreigner, a Jew' [sic].",This text is about a protest with excessive force.,0,1
event_test_2004,2004,mlburnham/acled_event_entailment,"local residents including families of prisoners who are in danger of execution, protested in front of the Ghezel Hesar Prison in Karaj city (Alborz) to demand stopping the execution sentence. The protest was following the execution of 3 men who were accused of deadly violence during last year's anti-government protests in the case known as 'Isfahan House'. Police used shotguns and fired tear gas in an attempt to disperse them.",This text is about a protest with excessive force.,0,1
event_test_2005,2005,mlburnham/acled_event_entailment,"the military destroyed houses, killed two residents and injured 12 others in Lero (Siguirini, Siguiri, Kankan) after ten days of protests against a mining company. 56 residents were arrested. The demonstrators have been demanding basic social services like water, electricity, etc.",This text is about a protest with excessive force.,0,1
event_test_2006,2006,mlburnham/acled_event_entailment,"demonstrators gathered in El Obeid (North Kordofan state) calling for a transition to civilian rule, and justice for the victims of the June 3rd Khartoum massacre. RSF paramilitaries fired upon demonstrators using live rounds, injuring ten.",This text is about a protest with excessive force.,0,1
event_test_2007,2007,mlburnham/acled_event_entailment,"in Quidico (Biobio), Mapuche community members took over a forestry site to demonstrate against the occupation of their lands. Police forces arrived and shot bullets at the demonstrators. Three Mapuche individuals were injured, and there were no fatalities.",This text is about a protest with excessive force.,0,1
event_test_2008,2008,mlburnham/acled_event_entailment,"Palestinians held a demonstration east of Khuzaa (Khan Yunis) as part of the March of Return movement. Israeli forces fired live ammunition, rubber-coated steel bullets, and stun and tear gas canisters towards the demonstrators.",This text is about a protest with excessive force.,0,1
event_test_2009,2009,mlburnham/acled_event_entailment,"in Ocotlan, Jalisco, at least 50 residents protested in front of the national guard headquarters to demand an end to corruption exercised by officers and to protest against the national guard. The protest was triggered by an alleged accident involving a patrol car of said police corporation. The officers fired gunshots at demonstrators and two people were injured.",This text is about a protest with excessive force.,0,1
event_test_2010,2010,mlburnham/acled_event_entailment,"Ukrainians organized a protest against Russian occupation in Kakhovka, Kherson. Russian troops dispersed the rally in Kakhovka by firing machineguns into the air and using stun grenades. There were wounded and detained.",This text is about a protest with excessive force.,0,1
event_test_2011,2011,mlburnham/acled_event_entailment,"Houthi rebels that took over Yemen last week attacked and arrested several demonstrators protesting the coup on Sunday. Houthi fighters fired weapons in the air to disperse protests at Sanaa University, injuring and arresting several demonstrators, Al Jazeera reports. Journalists at the demonstration were also attacked and several had their cameras broken.",This text is about a protest with excessive force.,0,1
event_test_2012,2012,mlburnham/acled_event_entailment,Students protested at Sennar University in central Sudan - police intervened to disperse the crowd killing one protester (there is no indication that the protesters were armed or that they engaged violently with police),This text is about a protest with excessive force.,0,1
event_test_2013,2013,mlburnham/acled_event_entailment,"a group of people gathered in demonstration in Maputo (Maputo, Maputo City), Quelimane (coded separately, Chimoio (coded separately), Beira (coded separately), Nampula, (coded separately) and Xai-Xai (coded separately) to pay homage to a rapper who died recently. They were stopped by police officers, including members of the RIU, who intervened with dogs, tear gas, rubber bullets, bullets, and clubs. 22 people were arrested and 19 went to a hospital. Two men lost the sight of one eye hit by rubber bullets fired at close range. Disputing reports regarding number of arrests in total, from 36 to 108 being detained.",This text is about a protest with excessive force.,0,1
event_test_2014,2014,mlburnham/acled_event_entailment,"security forces reportedly shot at protesters in Sinak square in Baghdad, leaving 4 protesters reportedly killed.",This text is about a protest with excessive force.,0,1
event_test_2015,2015,mlburnham/acled_event_entailment,"at least 23 peaceful protesters were injured, six of them severely, while another 89 were arrested in the capital Kinshasa, and in Goma, Lubumbashi, Bukavu, Mbandaka, Mbuji-Mayi and Tshikapa (Tshikapa, Kasai), as police violently dispersed peaceful protests on the use of electronic voting machines in the upcoming elections slated for 23 December. Among the arrested were seven LUCHA activists, they were released the following day.",This text is about a protest with excessive force.,0,1
event_test_2016,2016,mlburnham/acled_event_entailment,"Palestinian police forces opened fire to disperse a march was held in Tubas (Tubas, West Bank) against the Israeli bombing of the Baptist hospital in Gaza. Protesters chanted slogans against the Israeli aggressions on Gaza.",This text is about a protest with excessive force.,0,1
event_test_2017,2017,mlburnham/acled_event_entailment,"members of the Druze communities in the Golan Heights protested the take over of hundreds of apple and cherry orchids by Israeli forces in order to establish turbines in the occupied part of the Golan Heights, coded to Katzrin. Israeli forces fired bullets and tear gas to disperse the protesters, which resulted in the wounding of several people. No fatalities were reported.",This text is about a protest with excessive force.,0,1
event_test_2018,2018,mlburnham/acled_event_entailment,"a protest took place in the Awdal region (Baki, Awdal), Awbare District between Somaliland and Ethiopia after the Somaliland Army ordered the Gadabursi clan chief not to cross the border between Somaliland and Ethiopia. At least one person was injured during the military's intervention and unspecified number of protesters were arrested.",This text is about a protest with excessive force.,0,1
event_test_2019,2019,mlburnham/acled_event_entailment,"in Vina del Mar, Valparaiso region, people protested over a general discontent with the government. The group demands an increase in the budget for healthcare, improvements in education and pension policies, among other reforms. A police officer opened fire against protesters. No casualties were reported.",This text is about a protest with excessive force.,0,1
event_test_2020,2020,mlburnham/acled_event_entailment,"a demonstration was held in support of the ULMWP at the roundabout in Abepura district, Jayapura city, Papua province. The police arbitrarily arrested a journalist along with a large number of demonstrators. At Brimob headquarters they were interrogated and forced to disrobe. While interrogating the journalist a Brimob officer smacked his flash drive against his cheek three times. Hundreds of demonstrators were grouped, unclothed and exposed to the sun. Police officers guarded the gate to the headquarters to prevent journalists from entering and witnessing the interrogations.",This text is about a protest with excessive force.,0,1
event_test_2021,2021,mlburnham/acled_event_entailment,"Israeli military forces near Mukhayyam al Jalazun (Ramallah and Al Bireh) fired live and rubber-coated bullets, stun grenades, and tear gas at Palestinian protesters. 34 civilians were wounded in the Ramallah governorate. The demonstration took place amid ongoing hostilities between Israel and Palestinians in the Gaza Strip and East Jerusalem.",This text is about a protest with excessive force.,0,1
event_test_2022,2022,mlburnham/acled_event_entailment,"about 100 members of the KCTU and the bereaved family of a horse racer, who committed suicide after disclosing the unfair system and order from the Korean Horse Affairs Association, staged a sit-in at Gwanghwamun Plaza (Seoul City-Jongno), demanding the investigation and the truth of the case. While the police forcibly demolished the sit-in tents, 2-4 protesters were arrested, and 6 were sent to the hospital. On the same day, the protesters held a rally and a press conference condemning the forced demolition.",This text is about a protest with excessive force.,0,1
event_test_2023,2023,mlburnham/acled_event_entailment,"over 100 Yoruba members gathered at the Gani Fawehinmi Park in Ojota (Kosofe LGA, Lagos) in a demonstration regarding the rise in insecurity in the state and demand the creation of an independent State. Members of the police and military forces shot against the demonstrators and used tear gas and a water cannon to disperse the group. A teenage girl was shot and killed by a stray-bullet; the police denied the use of live ammunitions. 49 people were arrested.",This text is about a protest with excessive force.,0,1
event_test_2024,2024,mlburnham/acled_event_entailment,"in Shwekyaung ward, Hsipaw town (Hsipaw township, Kyaukme district, Shan-North), more than 400 locals held a protest against the Myanmar military coup and in support of the civil disobedience movement. The security forces (assumed to be the military and police) intervened and fired shots at protesters. AAPP and NMG reported one protester killed. Two others were injured.",This text is about a protest with excessive force.,0,1
event_test_2025,2025,mlburnham/acled_event_entailment,"People protested in Aje, west Arsi, as part of a grand protest by Oromo people against the government agenda that took place across more than 200 cities and towns in Oromia. Soldiers allegedly shot and killed two protesters in Aje.",This text is about a protest with excessive force.,0,1
event_test_2026,2026,mlburnham/acled_event_entailment,"A major popular demonstration was organized in the Maatallah neighbourhood of the city of Laayoune (Western Sahara) to demand respect for the right of the Saharan people to self-determination, Sahara Press Service [SPS] reported, quoting the Saharan Association of Victims of Serious Attacks Perpetrated by the Moroccan State. The communique added that the manifestation had been harshly broken up by the Moroccan police, resulting in numerous wounded and the arrest of Rachid Ben Lahcen ben Hamad Salki following a police raid on his home.",This text is about a protest with excessive force.,0,1
event_test_2027,2027,mlburnham/acled_event_entailment,"Palestinians held a demonstration in Al Nahda neighborhood east of Rafah (Rafah) to commemorate the 42nd anniversary of Land Day. Israeli forces fired live ammunition, rubber-coated steel bullets, and stun and tear gas canisters towards the demonstrators.",This text is about a protest with excessive force.,0,1
event_test_2028,2028,mlburnham/acled_event_entailment,"students from Tehran University protested on campus in Tehran - District 6 (Tehran) demanding justice for the recent death of Mahsa Amini who had been detained by the modesty police. As well, the student protesters condemned the recent police violence towards protesters and demanded the release of imprisoned protesters. Police fired upon the protesters and laid siege to the univerisity, not permitting any to leave.",This text is about a protest with excessive force.,0,1
event_test_2029,2029,mlburnham/acled_event_entailment,"in Dagon Myothit (South) township (Yangon-east District, Yangon Region), locals held a protest against the Myanmar military coup and in support of the civil disobedience movement. The security forced fired gunshots. The security forces used live ammunition. One civilian died and two others were injured.",This text is about a protest with excessive force.,0,1
event_test_2030,2030,mlburnham/acled_event_entailment,"in La Florida, Metropolitana, a group of nearly 30 citizens protested against the government. a Police officer opened fire against the group of protesters, injuring at least 10 people. In a public statement, police forces stated the officers were off-duty at the moment of the event. Five people remain in the ICU. The demonstration was staged on National Police Day.",This text is about a protest with excessive force.,0,1
event_test_2031,2031,mlburnham/acled_event_entailment,Protesters claim four individuals who had started a hunger strike were tortured by police in Suez.,This text is about a protest with excessive force.,0,1
event_test_2032,2032,mlburnham/acled_event_entailment,"in the 25 de Marzo sector in San Felix, Ciudad Guayana, Bolivar state, National Guard (GNB) officers attacked a group of protesters. Four protesters were injured and one was killed. The motive of the protest is not reported. 1 fatality.",This text is about a protest with excessive force.,0,1
event_test_2033,2033,mlburnham/acled_event_entailment,"during the second day of protest, the FARDC killed civilians in Kabombwa (Lubudi, Lualaba) while the protesters rejected a delocalization deal with a mining company. The FARDC denied the incident. Fatalities split across two days of protests, coded as 4.",This text is about a protest with excessive force.,0,1
event_test_2034,2034,mlburnham/acled_event_entailment,"a missile hit demonstrators in Benghazi's Dar al Kish (Benghazi, East), killing at least two people and wounding 19. The attack was blamed on the Benghazi Revolutionaries' Shoura Council (BRSC).",This text is about a protest with excessive force.,0,1
event_test_2035,2035,mlburnham/acled_event_entailment,The Mauritanian police used tear gas and baton sticks to violently disperse a protest against the constitutional referendum in Arafat. Several wounded.,This text is about a protest with excessive force.,0,1
event_test_2036,2036,mlburnham/acled_event_entailment,"protesters gathered and chanted anti-government slogans in the streets of Dashti city (Hormozgan) as part of the ongoing demonstrations related to the death of Mahsa Amini. Police fired on the protesters, killing one.",This text is about a protest with excessive force.,0,1
event_test_2037,2037,mlburnham/acled_event_entailment,Police used tear gas and beat a crowd of water sellers who organized a protest against a ban on plastic bags. One was injured and several detained.,This text is about a protest with excessive force.,0,1
event_test_2038,2038,mlburnham/acled_event_entailment,"Resistance Committees staged a protest in Khartoum North (Bahri, Khartoum), denouncing the military coup and calling for a civilian government. Police forces and Abu Tira intervened with live ammunition, rubber bullets and tear gas, three people were wounded.",This text is about a protest with excessive force.,0,1
event_test_2039,2039,mlburnham/acled_event_entailment,"hundreds of demonstrators responded to the call by the Resistance Committee for nationwide demonstrations in Gedaref (Madeinat Al Gedaref locality, Gedaref state) denouncing the military coup. The security forces fired teargas canisters and live bullets to disperse the crowd. Eight people were injured.",This text is about a protest with excessive force.,0,1
event_test_2040,2040,mlburnham/acled_event_entailment,"citizens demonstrated in Abeche (Ouara, Ouaddai) to denounce the presence of French troops in Chad. Police forces used tear gases to disperse them causing the death by asphyxiation of a person who was passing by.",This text is about a protest with excessive force.,0,1
event_test_2041,2041,mlburnham/acled_event_entailment,two people were injured when unidentified gunmen fired on demonstrating garment workers at Merul Badda (Ward No 21) in Dhaka city (Dhaka).,This text is about a protest with excessive force.,0,1
event_test_2042,2042,mlburnham/acled_event_entailment,Palestinian protesters held a demonstration east of Juhr ad Dik town (Gaza City) presumably as part of the mass rallies held by Palestinians that day against the US decision to transfer its embassy from Tel Aviv to Jerusalem and to declare it the capital of Israel. Israeli forces fired live ammunition and stun and tear gas canisters at protesters in response.,This text is about a protest with excessive force.,0,1
event_test_2043,2043,mlburnham/acled_event_entailment,"protesters stood on the road near the power plant in Joubb Jannine (West Bekaa) to block it, likely in protest against worsening living and economic conditions and the depreciation of the national currency to the US dollar. An individual in a car rammed the protesters. There were no casualties.",This text is about a protest with excessive force.,0,1
event_test_2044,2044,mlburnham/acled_event_entailment,approximately 100 persons protested outside the Cambodian-Friendship Hospital in Phnom Penh. The UN Security General was visiting and they wanted to draw attention to the eviction of residents of Boeung Kak lakeside. It was reported that an activist involved with the protest was beaten unconscious by police.,This text is about a protest with excessive force.,0,1
event_test_2045,2045,mlburnham/acled_event_entailment,One Palestinian was killed and four were injured as they tried to cross the border into Israel on June 18 near al Mintar crossing. Israeli forces said that a bomb they were carrying exploded prematurely but Palestinian sources say the man was a demonstrator killed by Israeli fire.,This text is about a protest with excessive force.,0,1
event_test_2046,2046,mlburnham/acled_event_entailment,"protests that started the day prior in Mekelle (coded separately) spread to Adigrat, Wikro (Eastern Tigray, Tigray), Freweini and Edaga Hamus. Troops engaged protesters in Wikro, killing at least 2 people. Demonstrations were called after a delegation of religious and political leaders arrived in the city following military operations, with residents denouncing the military operations and subsequent food shortages.",This text is about a protest with excessive force.,0,1
event_test_2047,2047,mlburnham/acled_event_entailment,"Violent intervention of the police forces shooting grenades beating refugees up, and setting fire to some tents.",This text is about a protest with excessive force.,0,1
event_test_2048,2048,mlburnham/acled_event_entailment,a protestor was shot by an unknown armed man outside the Karachi Press Club in Karachi city. The victim was among the fishers who were protesting over the ban on fishing along the city beaches. The Chairman of PFF was present. No fatalities or other injuries were reported.,This text is about a protest with excessive force.,0,1
event_test_2049,2049,mlburnham/acled_event_entailment,Municipal police in Niamey have begun a 48-hour strike without minimum service to demand better working and living conditions. The strike was violently repressed by security forces with municipal officials and dozens of other injured.,This text is about a protest with excessive force.,0,1
event_test_2050,2050,mlburnham/acled_event_entailment,"7 protesters were shot dead and 38 wounded by members of the PMF-affiliate Badr Organization in Hilla, capitol of Babylon province.",This text is about a protest with excessive force.,0,1
event_test_2051,2051,mlburnham/acled_event_entailment,"Palestinians held a march for the right of return east of Rafah city (Rafah). Israeli forces replied by opening live ammunition and firing rubber-coated metal bullets, stun grenades, and tear gas canisters. Three Palestinians were injured and others suffered from tear gas canisters.",This text is about a protest with excessive force.,0,1
event_test_2052,2052,mlburnham/acled_event_entailment,"a number of citizens held a demonstration in Al Aqrud (Al Misrakh, Taizz) to demand the reopening of a road connecting Taizz city to the northern part of the governorate. Pro-Hadi Islah-affiliated police forces intervened by shooting at the crowd killing 1 citizen. The road was closed a week prior due to a disagreement among the authorities on which party should be responsible for the collection of road taxes.",This text is about a protest with excessive force.,0,1
event_test_2053,2053,mlburnham/acled_event_entailment,Badr organization fighters reportedly opening fire on non-violent protesters in Basra city.,This text is about a protest with excessive force.,0,1
event_test_2054,2054,mlburnham/acled_event_entailment,"members of the Bayazi chiefdom protested against the authority of their current chief in Bayazi (Bayashi, Kongolo, Tanganyika). Tensions escalated when protesters attempted to forcefully install a self-proclaimed chief. Police intervened by firing shots to disperse protesters, resulting in the death of one protester. Activities were paralyzed in Kongolo due to the tense atmosphere prevailing in the Bayazi chieftaincy.",This text is about a protest with excessive force.,0,1
event_test_2055,2055,mlburnham/acled_event_entailment,"in Bago town (Bago Township, Bago District, Bago Region), locals held a protest against the Myanmar military coup and in support of the civil disobedience movement. The Myanmar military and police attacked protesters with live and rubber bullets. Three protesters died and at least 13 others were injured.",This text is about a protest with excessive force.,0,1
event_test_2056,2056,mlburnham/acled_event_entailment,"in Cuyotenango, Cuyotenango, people protested to demand the resignation of the Solicitor General and the head of the Special Prosecutor Against Impunity (FECI). In addition, they asked for the resignation of the president of the Chamber of Deputies and respect for the results of the presidential election. Armed individuals that the protesters identified as members of a local drug trafficking group attacked the protesters at the end of the protest, mainly women and a priest to force them to vacate the area. The priest was severely beaten and pepper sprayed. The report indicates that the police was present but did not intervene. This is part of a wave of nation-wide demonstrations called by the 48 Cantones de Totonicapan (Maya indigenous group) (coded separately). 1 injured.",This text is about a protest with excessive force.,0,1
event_test_2057,2057,mlburnham/acled_event_entailment,Police violently dispersed Darfuri students at Khartoum University demonstrating against violence in Darfur. 35 Darfuris were arrested.,This text is about a protest with excessive force.,0,1
event_test_2058,2058,mlburnham/acled_event_entailment,"Palestinian protesters held a demonstration east of Jabalya town (North Gaza) in commemoration of Land Day. Israeli forces fired live ammunition, rubber bullets, and stun and tear gas canisters, towards protesters in response. Several Palestinians suffered from tear gas inhalation.",This text is about a protest with excessive force.,0,1
event_test_2059,2059,mlburnham/acled_event_entailment,"on the Cisneros avenue in San Felix, Ciudad Guayana, Bolivar state, a boy was killed by four state police officers while a protest was taking place to demand potable water and electric power in the city. The officers were later arrested. 1 fatality.",This text is about a protest with excessive force.,0,1
event_test_2060,2060,mlburnham/acled_event_entailment,"BLM supporters marched in protest in Austin (Texas), demanding social justice and showing solidarity for protesters in Portland who have been in a standoff with federal agents for over a week. At one point, a car drove into the crowd, leading to one of the demonstrators allegedly aiming a gun at the driver. The driver shot a demonstrator, who died from his injuries afterwards. The suspect was arrested. Protesters at the scene dispute that the victim pointed his rifle at the driver. According to police, besides the driver, another person in the crowd (not the victim of the shooting) returned fire as the car drove away. Police are still investigating. The shooter is an Army sergeant who 'fantasized about killing BLM protesters'.",This text is about a protest with excessive force.,0,1
event_test_2061,2061,mlburnham/acled_event_entailment,a political worker died and four others sustained injuries when a few unidentified armed men opened fire on protest rally of the Awami Tehreek against the Peoples Local Government Ordinance in Mirpurkhas.,This text is about a protest with excessive force.,0,1
event_test_2062,2062,mlburnham/acled_event_entailment,"in Kyaukpadaung town, Kyaukpadaung township (Nyaung-U district, Mandalay Region), people demonstrated against the military coup and in support of the civil disobedience movement. Police intervened to disperse protesters and fired rubber bullets and live rounds at random to disperse the crowd. Three people were reportedly hit by gunfire, including one person was in serious condition after being hit by gunfire near the groin.",This text is about a protest with excessive force.,0,1
event_test_2063,2063,mlburnham/acled_event_entailment,Group of opposition militants gather for a protest in the capital. Kabila had outlawed protests prior to this. ADFL soldiers initially allowed it to go on and then fired into the air and beat protestors with batons and rifles.,This text is about a protest with excessive force.,0,1
event_test_2064,2064,mlburnham/acled_event_entailment,"'Dozens' of men and women reportedly gathered outside the house of former president Ali Abdullah Saleh - in Hadda Street of As Sabain district - on his birthday to show support for the slain president and protest Houthi rule in the capital. According to the source, Houthi militiamen violently dispersed the demonstrators, firing live rounds and beating others with sticks. At least one person ( A senior member of the GPC) was injured by gunfire.",This text is about a protest with excessive force.,0,1
event_test_2065,2065,mlburnham/acled_event_entailment,Security forces allegedly shot and killed a protester in Goda Watiyo.,This text is about a protest with excessive force.,0,1
event_test_2066,2066,mlburnham/acled_event_entailment,Five Demands protesters gathered outside Mong Kok Police Station in Mong Kok. Protesters pointed laser pens at the police station and shouted slogans calling the police 'triads'. Riot police fired several gun shots from inside the police station at the protesters.,This text is about a protest with excessive force.,0,1
event_test_2067,2067,mlburnham/acled_event_entailment,"Oct 26 (Reuters) - Riot police wielding clubs broke up a protest in Rabat on Monday by hundreds of unemployed graduates demanding jobs, injuring and arresting scores of them, witnesses and a human rights group said.",This text is about a protest with excessive force.,0,1
event_test_2068,2068,mlburnham/acled_event_entailment,"demonstrators responded to a call made by Resistance Committees to demonstrate in Omdurman (Omdurman, Khartoum), denouncing military coup and calling for a civilian government. Security forces (presumed police and Abu Tira) fired live bullets and teargas canisters to disperse the crowd. Seven demonstrators were wounded.",This text is about a protest with excessive force.,0,1
event_test_2069,2069,mlburnham/acled_event_entailment,"Palestinian protesters held a demonstration east of Rafah city (Gaza Strip) commemorating the 70th anniversary of the Nakba and protesting against the US decision to transfer its embassy from Tel Aviv to Jerusalem. Israeli forces fired live ammunition, rubber bullets, and stun and tear gas canisters.",This text is about a protest with excessive force.,0,1
event_test_2070,2070,mlburnham/acled_event_entailment,"at Jahangirnagar University in Dhaka, BCL activists attacked a group of students who were protesting power cuts in the university. It is unclear how many students were injured in the attack. Weapons used included iron pipes, rods and sticks.",This text is about a protest with excessive force.,0,1
event_test_2071,2071,mlburnham/acled_event_entailment,"Arab Choa young men demonstrated in Kousseri town (Logone-Et-Chari, Extreme-Nord) against the arrest of the former Mayor who was involved in the December 2021 intercommunity clashes. The military forces intervened and opened fire on the demonstrators, killing 4.",This text is about a protest with excessive force.,0,1
event_test_2072,2072,mlburnham/acled_event_entailment,"Hundreds protested in Juba following the attack on civilians in Kworijin village. Many protesters were from the Bari community. Police accused 2 journalists of being spies, and beat and arrested the journalists.",This text is about a protest with excessive force.,0,1
event_test_2073,2073,mlburnham/acled_event_entailment,people protested in Maladzyechna against the official results of the latest presidential election which showed Lukashenka winning the vote. At least one doctor was beaten and injured by the riot police on the way to his home.,This text is about a protest with excessive force.,0,1
event_test_2074,2074,mlburnham/acled_event_entailment,Hundreds of people demonstrated in front of Burao Central Police Station after it was reported that part of police station was sold to private businessmen. The reports were later confirmed to be true. Police fired warning shots in an attempt to disperse the demonstrators which failed. Three demonstrators were injured.,This text is about a protest with excessive force.,0,1
event_test_2075,2075,mlburnham/acled_event_entailment,"hundreds of civilians in Gharanij in Deir-ez-Zor, including many members of the Shaitat tribe held demonstrations in protest of French President's statements about the Prophet. During which, QSD vehicles stormed the village and opened small arms fire in the air to disperse the crowds, wounding 2 protesters, prompting protesters to throw stones at QSD forces. No fatalities were reported.",This text is about a protest with excessive force.,0,1
event_test_2076,2076,mlburnham/acled_event_entailment,"Protesters demonstrated for the release of Alpha Conde, an opposition leader who was arrested after Conte won the Presidency for a second term. Two protesters were killed.",This text is about a protest with excessive force.,0,1
event_test_2077,2077,mlburnham/acled_event_entailment,Police respond to protests with violence,This text is about a protest with excessive force.,0,1
event_test_2078,2078,mlburnham/acled_event_entailment,"Members of the Sudanese security service 'opened fire on peaceful protesters' in El Obeid, North Kordofan, killing one person and injuring at least ten others on Thursday, witnesses said.",This text is about a protest with excessive force.,0,1
event_test_2079,2079,mlburnham/acled_event_entailment,"Protesters gather in a Tripoli neighborhood to denounce the Gaddafi regime. Security forces open fire into the air and bullets fell upon the crowd, came at them with tanks, and they were quickly dispersed. One report states 17 were killed.",This text is about a protest with excessive force.,0,1
event_test_2080,2080,mlburnham/acled_event_entailment,"police opened fire at people protesting at Thorar area (Poonch district, AJK) against severe power cuts in the area. At least five protestors were left injured in the incident.",This text is about a protest with excessive force.,0,1
event_test_2081,2081,mlburnham/acled_event_entailment,"about 1.000-odd midday meal cooks demonstrated at Kishori Yadav Chowk in Ranchi city (Ranchi district, Jharkhand), demanding service regularisation. The police used batons and water canons to disperse the protesters, which led to at least one being hospitalised.",This text is about a protest with excessive force.,0,1
event_test_2082,2082,mlburnham/acled_event_entailment,"Awami League men attacked protesting activists of a Dhaka-based cultural organisation on the site of the proposed Rampal power plant in Bagerhat in Khulna when the latter visited the area as part of a road march, demanding relocation of the project.",This text is about a protest with excessive force.,0,1
event_test_2083,2083,mlburnham/acled_event_entailment,security forces violently broke the Shams hotel workers' protest in Beni Mellal using weapons and tearing banners. The workers were protesting against the expulsion of a number of their colleagues over trade union activities.,This text is about a protest with excessive force.,0,1
event_test_2084,2084,mlburnham/acled_event_entailment,9 October 2018: Police forces shot at demonstrators in the Burweyne village in Wanlaweyn district. Protesters were denouncing the killing of a well-known shiekh in the town by Somali security forces the day before. Two of the protesters were injured.,This text is about a protest with excessive force.,0,1
event_test_2085,2085,mlburnham/acled_event_entailment,"tens of locals organized a protest in front of the local council in Al Bab city in Aleppo countryside, demanding action against soaring prices and improved security, during which four masked unknown gunmen on two motorbikes opened fire at the protesters trying to disperse them, without any hits.",This text is about a protest with excessive force.,0,1
event_test_2086,2086,mlburnham/acled_event_entailment,"in Sagaing town (Sagaing Township, Sagaing District, Sagaing Region), locals held protest marches in separate protest columns against the Myanmar military coup and in support of the civil disobedience movement. The Myanmar military and police fired gunshots at a protest column near Nga Htet Monastery. AAPP reported two people killed, while Myanmar Now reported three killed.",This text is about a protest with excessive force.,0,1
event_test_2087,2087,mlburnham/acled_event_entailment,several of residents protested at the Daljirka Dahson monument in Mogadishu - Bondhere (Banadir) demanding justice for a soldier that was killed in a recent clash between soldiers on 28 April in Mogadishu - Bondhere (coded separately). Police force opened gunfire to disperse the crowd. One protester was killed while two others sustained minor injuries.,This text is about a protest with excessive force.,0,1
event_test_2088,2088,mlburnham/acled_event_entailment,Security forces reportedly used force to disperse a peaceful demonstration for Saharawi self determination.,This text is about a protest with excessive force.,0,1
event_test_2089,2089,mlburnham/acled_event_entailment,One person died and several were injured when an army patrol team opened fire 'for no apparent reason' on protesters in the Musaga neighborhood of Bujumbura.,This text is about a protest with excessive force.,0,1
event_test_2090,2090,mlburnham/acled_event_entailment,"People protested against the national agenda in Anfillo Ashi. Security forces responded violently, killing one protester.",This text is about a protest with excessive force.,0,1
event_test_2091,2091,mlburnham/acled_event_entailment,"A total of 38 identified demonstrators were killed as a result of live bullets by the defence and security forces in North-West and South-West regions of Cameroon in independence protests. 4 fatalities recorded on 28 September, remaining 34 fatalities divided between events on 1 October in Mamfe, Balikumbat, Limbe, Oku, Akwaya, Ikiliwindi, Kumba, Tombel, Eyumojock, Fontem, Muyuka, Bafut, Ekona Mbenge, Ashong, Ndop, Ndu, Bamenda, Kumbo and Beau. REDHAC reported 100 fatalities.",This text is about a protest with excessive force.,0,1
event_test_2092,2092,mlburnham/acled_event_entailment,"members of the Bolivarian National Guard repressed with tear gas bombs an open town hall that was being carried out in Cabimas, Zulia state. They also arrived at the motorized site firing guns.",This text is about a protest with excessive force.,0,1
event_test_2093,2093,mlburnham/acled_event_entailment,Protests erupted in Roboski on the 29th May after the military fired on civilians coming from Iraq. One person killed and five injured.,This text is about a protest with excessive force.,0,1
event_test_2094,2094,mlburnham/acled_event_entailment,New Mass Demonstrations After Friday Prayers - Police Take Positions - police disbursed the demonstration with physical violence and one protester died as a result,This text is about a protest with excessive force.,0,1
event_test_2095,2095,mlburnham/acled_event_entailment,A student beaten by police during violent anti-government demonstrations in Khartoum has died of his wounds in Omdurman hospital.,This text is about a protest with excessive force.,0,1
event_test_2096,2096,mlburnham/acled_event_entailment,"youths blocked the main high way road (means unknown) connecting Bahir Dar to Addis Ababa in Finote Selam town (West Gojam, Amhara) to denounce what they say is 'the government's intervention in their religious affairs' and the entry of ENDF in their town. A police officer (coded as Amhara police) opened gun fire on the crowds, resulting in 1 protester getting killed and over 8 people wounded. ENDF did not enter Finote Selam.",This text is about a protest with excessive force.,0,1
event_test_2097,2097,mlburnham/acled_event_entailment,dozens of teachers protested in front of Aden - Maashiq Presidential Palace (Craiter) demanding their financial rights amid the deteriorating living conditions. Guards of the palace opened fire at the protesters and hit them with the back of their guns. The demonstration followed a call by a syndicate affiliated with the STC.,This text is about a protest with excessive force.,0,1
event_test_2098,2098,mlburnham/acled_event_entailment,"the police violently repressed a protest led by the Congress party and NSUI activists, in Patna city, Bihar. The protesters were marching against the sexual exploitation of minor girls at a Muzaffarpur shelter home. Over a dozen people were injured in the police action, some of them severely.",This text is about a protest with excessive force.,0,1
event_test_2099,2099,mlburnham/acled_event_entailment,"Somali security officers were accused of deliberately shooting at civilians during a forceful eviction at Siinka Dheer neighbourhood in Mogadishu - Dharkenley (Afgooye, Lower Shabelle). Dozens of Somali forces were deployed to Al Biri village near Siinka locality to demolish houses illegally built in the area. The security officers deployed in the area were confronted by residents protesting over the demolition of their houses. Three unarmed civilians were killed and five others were injured.",This text is about a protest with excessive force.,0,1
event_test_2100,2100,mlburnham/acled_event_entailment,"hundreds of women protested in Oteri (Ughelli North, Delta) against the police who they claimed were extorting them. One to six of the protesters were shot and several others were injured by policemen who fired teargas and shot at them. The police denied shooting at the protesters.",This text is about a protest with excessive force.,0,1
event_test_2101,2101,mlburnham/acled_event_entailment,"DRC troops opened fire on a demonstration by church members in Kinshasa on Tuesday, killing one and wounding several others. Around 50 members of the Church of Our Lord Jesus Christ gathered in front of military intelligence headquarters to ask for the release of three of their members who had been arrested at Kinshasa airport.",This text is about a protest with excessive force.,0,1
event_test_2102,2102,mlburnham/acled_event_entailment,eight students were injured when an unidentified person set off a hand grenade during a student protest in Mansehra (Khyber Pakhtunkhwa).,This text is about a protest with excessive force.,0,1
event_test_2103,2103,mlburnham/acled_event_entailment,"a protest took place in Maple Valley (Washington) in support of the Black Lives Matter movement and against police brutality. A person drove into the demonstrators, hitting one and breaking her leg. Police arrested the driver after a brief chase.",This text is about a protest with excessive force.,0,1
event_test_2104,2104,mlburnham/acled_event_entailment,"On Feb 5th, Shiite Bahrainis took to the streets in Sitrah, including Ash Shakhurah and Abu Saybi area , as part of an ongoing agitation for reform begun on February 14th, 2011. The information reported violent repression by police forces, where they used tear gas and rubber bullets to disperse the crowd of peaceful protesters. Several major injuries were reported.",This text is about a protest with excessive force.,0,1
event_test_2105,2105,mlburnham/acled_event_entailment,Soldiers allegedly fired at student protesters in Sululta. At least seven students were later arrested.,This text is about a protest with excessive force.,0,1
event_test_2106,2106,mlburnham/acled_event_entailment,"over hundred people, led by the immediate former prime minister, staged a peaceful protest along the Makka Al-mukarama road towards the airport in Mogadishu - Hodan district (Hodan, Banadir). The government security forces fired live bullets at the protesters, injuring two people.",This text is about a protest with excessive force.,0,1
event_test_2107,2107,mlburnham/acled_event_entailment,"in Barquisimeto, Lara state, while protesters were demanding basic services, Special Action Forces (FAES) officers, National Guard (GNB) officers, and National Bolivarian Police (PNB) officers fired bullets at protesters. Days later, four people, who were injured during the protest, died in the hospital due to medical complications. Four fatalities reported.",This text is about a protest with excessive force.,0,1
event_test_2108,2108,mlburnham/acled_event_entailment,Police shot dead one student at a protest in Abidjan,This text is about a protest with excessive force.,0,1
event_test_2109,2109,mlburnham/acled_event_entailment,"protesters, mainly women organized by PUDEMO Women's League, held a demonstration in Lwandle near Manzini (Kwaluseni, Manzini) against the ban on wearing mini skirts and shorts. Police fired gunshots and tear gas to disperse the crowd. Soldiers assaulted the EFF Swaziland Women's President and other party members, who were taken to the hospital.",This text is about a protest with excessive force.,0,1
event_test_2110,2110,mlburnham/acled_event_entailment,"in Dawei town, Dawei township (Dawei district, Tanintharyi Region), locals including primary, high school and university students - protested against the Myanmar military coup and in support of the civil disobedience movement. Military and police forces intervened and used stun grenades and live rounds to disperse protesters. Five students were reportedly beaten up and arrested by security forces. Eyewitnesses stated that one of the university students was hit by a bullet before being arrested. A journalist for the local news outlet Dakkihina Insight was reportedly shot in the head and arrested by security forces while covering the protest. The journalist has since been charged under Section 505(a) of the Penal Code.",This text is about a protest with excessive force.,0,1
event_test_2111,2111,mlburnham/acled_event_entailment,"one person was killed during the protests in Jinotega against the government of Daniel Ortega. The demonstrations against Ortega and his wife began on April 18, 2018, in response to failed social security reforms. Demonstrators are now demanding the president's resignation after eleven years in power.",This text is about a protest with excessive force.,0,1
event_test_2112,2112,mlburnham/acled_event_entailment,"Security forces allegedly shot and killed a protester in Muger, Adda Berga.",This text is about a protest with excessive force.,0,1
event_test_2113,2113,mlburnham/acled_event_entailment,"in El Chanar (Tucuman), around Macomitas and Marinos locality, citrus fruit workers, including those involved in harvesting and packaging, blocked a road to demand a salary raise and improvement in working conditions. Five protesters were detained and one woman protester was shot by police forces. No further info on her condition.",This text is about a protest with excessive force.,0,1
event_test_2114,2114,mlburnham/acled_event_entailment,"people staged a protest in Roseville (California) in support of the Black Lives Matter movement and against police brutality and the killing of George Floyd. Pro-Trump counter-demonstrators were present and reportedly assaulted some of the protesters. In one case a Trump supporters reportedly drove into protesters with his vehicle, injuring two of them.",This text is about a protest with excessive force.,0,1
event_test_2115,2115,mlburnham/acled_event_entailment,"in Wundwin town (Wundwin Township, Meiktila District, Mandalay Region), people held a protest against the Myanmar military coup and in support of the civil disobedience movement. The security forces (assumed to be the military and police) fired gunshots. AAPP and Myanmar Now reported two killed.",This text is about a protest with excessive force.,0,1
event_test_2116,2116,mlburnham/acled_event_entailment,"Protests in Burri El Lamab against shortage of fuel. Police used tear gas and batons, severely beating demonstrators.",This text is about a protest with excessive force.,0,1
event_test_2117,2117,mlburnham/acled_event_entailment,"16 September 2019. 20 workers of HEPCO Industrial Complex were injured, with several of them having to receive treatment at the hospital, when the police attacked the protesters who had closed down the country's main north-south railway line for hours. Police also arrested about 30 workers.",This text is about a protest with excessive force.,0,1
event_test_2118,2118,mlburnham/acled_event_entailment,"demonstrators gathered in Kosti (White Nile state) to protest the lack of bread and fuel. Police fired live rounds and tear gas at the crowds, wounding ten or eleven, one of whom was shot in the leg.",This text is about a protest with excessive force.,0,1
event_test_2119,2119,mlburnham/acled_event_entailment,"an individual ran over a protester during a roadblocking protest at Ghaziyeh (Sayda). Nationwide demonstrations erupted against the Central Bank governor's decision to stop fuel subsidies, worsening living and economic conditions, recurring power outages, and diesel shortages. The protester was in critical condition and had to be transported to a nearby hospital for treatment.",This text is about a protest with excessive force.,0,1
event_test_2120,2120,mlburnham/acled_event_entailment,"Dozens of Saharawis who participated in peaceful protests on 26th June, were beaten.",This text is about a protest with excessive force.,0,1
event_test_2121,2121,mlburnham/acled_event_entailment,Egyptian security forces arrested seventeen high school students during a student protest in front of the Ministry of Education on Tuesday. A 16-year old student was photographed being beaten on the day of the protest by police officers and an unidentified militant.,This text is about a protest with excessive force.,0,1
event_test_2122,2122,mlburnham/acled_event_entailment,"Palestinian protesters held a demonstration east of Khuzaa town (Khan Yunis) in commemoration of Land Day. Israeli forces fired live ammunition, rubber bullets, and stun and tear gas canisters, towards protesters in response. 3 Palestinians were injured and several others suffered from tear gas inhalation.",This text is about a protest with excessive force.,0,1
event_test_2124,2124,mlburnham/acled_event_entailment,"Palestinian protesters held a demonstration east of Gaza city (Gaza) for the Great March of Return. Israeli forces fired live ammunition, rubber bullets, and stun and tear gas canisters, towards protesters while positioned behind the Green Line.",This text is about a protest with excessive force.,0,1
event_test_2125,2125,mlburnham/acled_event_entailment,"Moroccan forces 'violently' attacked Saturday peaceful demonstrations in the occupied cities of El Aiun, Smara, Boujdour, Dakhla, calling for expanding the prerogatives of MINURSO to include monitoring of human rights in the western Sahara, leaving dozens of casualties.",This text is about a protest with excessive force.,0,1
event_test_2126,2126,mlburnham/acled_event_entailment,"Renamo supporters staged a protest claiming fraud in the elections in Chiure (Chiure, Cabo Delgado). The police fired live bullets and at least one person was killed, while two other people were injured, including 12 years old. In a statement, the Frelimo Central Committee claimed four people were killed in the incident. The spokesperson for the PRM provincial command in Pemba denied that the two minors were Renamo supporters. Ten Renamo members were arrested.",This text is about a protest with excessive force.,0,1
event_test_2127,2127,mlburnham/acled_event_entailment,Israeli soldiers fired live bullets and sound grenades towards Palestinian protesters in the eastern part of the town of Bayt Dajan (Nablus). Protesters went out for the weekly anti-settlement protest in the village after their Friday Prayers.,This text is about a protest with excessive force.,0,1
event_test_2128,2128,mlburnham/acled_event_entailment,"in Kannur city (Kannur, Kerala), Congress workers took out a protest march to the office of the district police chief, demanding a CBI probe into the Youth Congress double murder case. The police resorted to lathicharge and water cannons to disperse them. A few party workers were seriously injured.",This text is about a protest with excessive force.,0,1
event_test_2129,2129,mlburnham/acled_event_entailment,"members of the Native American community and supporters of the Tohono O'odham nation gathered on the Route 85 highway and blocked traffic in Lukeville (Arizona) to protest the border wall construction. Drivers on the road reportedly tried to push through the demonstration and multiple vehicles charged the crowd of protesters, attempting to bypass the tents set up in the middle of the road. On one occasion, the driver of a truck sped up and struck one of the canopy tents set up in the road, forcing protesters to get out of the way. Some of the vehicles hit some of the protesters but there were no serious injuries.",This text is about a protest with excessive force.,0,1
event_test_2130,2130,mlburnham/acled_event_entailment,"Police Forces intervened as supporters of the PDCI: Democratic Party of Ivory Coast were protesting in Djebonoua (Gbeke, Vallee du Bandama) against the arrest of Jacques Mangoua, a leader of the party who was to be facing his trial that day for illegal possession of arms and ammunition. One person was reportedly killed.",This text is about a protest with excessive force.,0,1
event_test_2131,2131,mlburnham/acled_event_entailment,Sudanese riot police used batons to beat youths shouting anti-regime slogans in support of residents displaced by the giant Merowe Dam in the north. Nearly 100 were gathered.,This text is about a protest with excessive force.,0,1
event_test_2132,2132,mlburnham/acled_event_entailment,An Oromo activist reported that regime soldiers/police officers have been beating civilians in the town of Burayo. This comes in the context of a protest by small businesses owners and youth reacting to a new tax levied this week.,This text is about a protest with excessive force.,0,1
event_test_2133,2133,mlburnham/acled_event_entailment,MLC opened fire on protesters demonstrating against MLC in CAR,This text is about a protest with excessive force.,0,1
event_test_2134,2134,mlburnham/acled_event_entailment,"employees of a hardware business demonstrated (at the behest of the owner of the business) in Mbarara (Mbarara district) after the premises was cordoned off due to unpaid debt. Police arrested two, whilst private security forces fired upon the demonstrators, shattering the glass of nearby vehicles.",This text is about a protest with excessive force.,0,1
event_test_2135,2135,mlburnham/acled_event_entailment,"Military forces shot and killed one, injured three others, when they opened fire on a group of protesters who were protesting against military infighting.",This text is about a protest with excessive force.,0,1
event_test_2136,2136,mlburnham/acled_event_entailment,Palestinians held a protest of which the reason was not reported near the border fence east of Abasan al Kabirah (Khan Yunis). Israeli forces intervened by opening live fire at the protesters.,This text is about a protest with excessive force.,0,1
event_test_2137,2137,mlburnham/acled_event_entailment,"Somali regional special forces shot into protesters who had gathered to oppose the drilling of a water well in a cattle grazing area near Shilabo, Korahe zone, Somali region. Two people were killed and seven others injured",This text is about a protest with excessive force.,0,1
event_test_2138,2138,mlburnham/acled_event_entailment,a car hit the protesters outside the Poyedem Poyedim restaurant near the Kurapaty forest. The driver got into a fight with the protester Dmitry Kazakevich. BCD members were involved in the protest. The police stopped the fight,This text is about a protest with excessive force.,0,1
event_test_2139,2139,mlburnham/acled_event_entailment,"a group responded to a call made by the Azimio coalition and protested in Kawangware (Dagoretti North, Nairobi) against the high cost of living as well as new tax measures set by the government. Police are accused of using live bullets to disperse the group. One person was shot dead during the incident.",This text is about a protest with excessive force.,0,1
event_test_2140,2140,mlburnham/acled_event_entailment,PTI protesters were shot on by police when they were attempting to remove barricades blocking their route. Multiple injuries were reported. No PTI retaliatory action was reported.,This text is about a protest with excessive force.,0,1
event_test_2141,2141,mlburnham/acled_event_entailment,"a long march was held in commemoration of 1 December in Bundaran HI, Jakarta city, and was disrupted by police which led to the arbitrary arrest of 306 demonstrators, use of excessive force, sexual assault, and torture/maltreatment of those detained.",This text is about a protest with excessive force.,0,1
event_test_2142,2142,mlburnham/acled_event_entailment,"Protesters demonstrated for the release of Alpha Conde, an opposition leader who was arrested after Conte won the Presidency for a second term. One protester was killed.",This text is about a protest with excessive force.,0,1
event_test_2143,2143,mlburnham/acled_event_entailment,"Protesting Bachelor of Physical Education (BPEd) and Master of Physical Education (MPEd) trained unemployed youth, under the banner of 'Trained Unemployed Physical Teachers Association', demanding that government should create posts and hire physical education teachers in all the government schools of the state since past three and half years were lathi charged and detained by police on Sunday. Around 20 members suffered injuries including a women who had to be taken to hospital.",This text is about a protest with excessive force.,0,1
event_test_2144,2144,mlburnham/acled_event_entailment,Police violently disperse protest,This text is about a protest with excessive force.,0,1
event_test_2145,2145,mlburnham/acled_event_entailment,"On Friday, 8th of July 2016, dozens of Palestinians suffocated, and a foreign activist was shot and injured, as Israeli armed soldiers violently suppressed a peaceful rally.",This text is about a protest with excessive force.,0,1
event_test_2146,2146,mlburnham/acled_event_entailment,"demonstrators were attacked for the third time when gunmen opened fire at a group of the Network of Students and People for Thailand's Reform (NSPTR) guards, seriously injuring a civilian. The attack took place at the demonstration site at Suan Misakawan intersection in Phra Nakhon district (PN, Bangkok).",This text is about a protest with excessive force.,0,1
event_test_2147,2147,mlburnham/acled_event_entailment,"RSF, police and NISS (and possibly members of the army) cleared protesters at the sit-in in Khartoum (Khartoum, Khartoum) and killed at least 100 protesters (some of whom died later of their wounds), and injured around 700 (including at least 4 journalists, one of whom was shot and wounded). 70 rapes were also reported. 40 dead bodies were dumped into a river by RSF and found on June 4. Five women are still missing, as well as at least 15 others. RSF attacked students and security staff at the University of Khartoum, and looted the University.",This text is about a protest with excessive force.,0,1
event_test_2148,2148,mlburnham/acled_event_entailment,the Djiboutian police opened fire on Afar demonstrators in Arhiba neighborhood in Djibouti (Djibouti) who were denouncing the attacks on their homes by Issa militia.,This text is about a protest with excessive force.,0,1
event_test_2149,2149,mlburnham/acled_event_entailment,"Security forces allegedly shot and killed a protester in Gabate, Shambu.",This text is about a protest with excessive force.,0,1
event_test_2150,2150,mlburnham/acled_event_entailment,"intensifying the ongoing protest movement against the state government's decision to shift Imphal East District Hospital from Sagolmang, the JAC against the shifting of District Hospital, Imphal East from Sagolmang held a protest in Imphal city (Imphal West, Manipur) and also called a strike all over the State. The police baton charged and fired several rounds of tear gas shells on protestors so that they disperse; it fractured the hand of a JAC member.",This text is about a protest with excessive force.,0,1
event_test_2151,2151,mlburnham/acled_event_entailment,"three people were killed during the protests in Masaya against the government of Daniel Ortega. The demonstrations against Ortega and his wife began on April 18, 2018, in response to failed social security reforms. Demonstrators are now demanding the president's resignation after eleven years in power.",This text is about a protest with excessive force.,0,1
event_test_2152,2152,mlburnham/acled_event_entailment,Soldiers fired shots during a demonstration by students of Lycee Oulampane in Bignona. 2 students were injured.,This text is about a protest with excessive force.,0,1
event_test_2153,2153,mlburnham/acled_event_entailment,"locals organized a protest in Atmah town in Idleb countryside, against HTS's policies, while HTS members opened fire at the protesters to disperse them, and targeted a man who is a member of Hizb Ettahrir which resulted in material damage only. There were no casualties.",This text is about a protest with excessive force.,0,1
event_test_2154,2154,mlburnham/acled_event_entailment,Students and residents in Shashamane marched through the town to protest against a recent string of night-time stabbing attacks that had killed nine people as of 22 June. Soldiers allegedly fired on the protesters.,This text is about a protest with excessive force.,0,1
event_test_2155,2155,mlburnham/acled_event_entailment,"in Myingyan town (Myingyan township, Myingyan District, Mandalay Region), people held a protest against the Myanmar military coup and in support of the civil disobedience movement. The security forces (assumed to be the military and police) fired gunshots. AAPP reported five killed while Myanmar Now reported three protesters killed (fatality coded as 5 using the most recent fatality estimate).",This text is about a protest with excessive force.,0,1
event_test_2156,2156,mlburnham/acled_event_entailment,"following a Friday prayer, Muslims in Addis Ababa gathered at Grand Anwar Mosque in Addis Ketema, Addis Ketema (Region 14, Addis Ababa) and rallied to condemn the 'killings of Muslims by the government forces during the previous protests (coded separately) and the demolition of mosques by the government in the newly formed Sheger city. The protesters were saying 'Allahu Akbar' and echoed slogans, 'city development that demolishes Mosques, not a development'. Republican Guards, Federal Police, and Addis Ababa city police rounded up the mosque compound, blocked the gate, fired tear gas and live bullets at the crowd, killed 3 and wounded unknown number of protesters. Several were trapped in the mosques until the EIASC discussed with the Federal Police commission to allow those injured get treatments and others to safely go home. Addis Ababa police commission claimed that around 63 police officers and 'supporters' were also injured.",This text is about a protest with excessive force.,0,1
event_test_2157,2157,mlburnham/acled_event_entailment,"Around 2 February 2015, protests against government seizure and selling of public space in Khartoums neighbourhoods. One woman beaten with a rifle butt by police later died on Feb 23, sparking further protests.",This text is about a protest with excessive force.,0,1
event_test_2158,2158,mlburnham/acled_event_entailment,"people organized a protest against the conscription campaign by QSD in Hudhud town in rural Menbij in Aleppo countryside, while QSD have opened fire at protesters killing 1 of them.",This text is about a protest with excessive force.,0,1
event_test_2160,2160,mlburnham/acled_event_entailment,"outside Yalaguina, Madriz, between 20 to 50 members of the Autoconvocados opposition movement and students held a protest calling for justice in the killings of civilians as a result of police repression during anti-government demonstrations in the country, and to demand President Ortega's resignation. Pro-government armed men threw mortars against protesters, injuring one participant. 1 injured.",This text is about a protest with excessive force.,0,1
event_test_2161,2161,mlburnham/acled_event_entailment,"demonstrators gathered in Wad Medani (El Gazira state), as part of nationwide anti-govt protests. Security forces (coded here as police) killed two protesters, and wounded seriously two. UPDATE: on or after this date, a sit-in protest began in Wad Medani.",This text is about a protest with excessive force.,0,1
event_test_2162,2162,mlburnham/acled_event_entailment,hundreds of demonstrators including the STC-affiliated Youth of Anger movement held a rally in Sayun city (Hadramawt) to call for the departure of 1st Military District forces from the Hadramawt valley and desert region. IRG forces from the 1st Military District opened fire on the protesters. There were no fatalities or injuries.,This text is about a protest with excessive force.,0,1
event_test_2163,2163,mlburnham/acled_event_entailment,Turkish and/or Russian forces shot and killed 9 protesters who were throwing stones and shoes at the joint Turkish-Russian patrol as it passed through the Ain al Arab countryside.,This text is about a protest with excessive force.,0,1
event_test_2164,2164,mlburnham/acled_event_entailment,"Israeli military forces at the entrance to Immatin (Qalqilya) town fired live and rubber bullets, tear gas, and stun grenades at Palestinian demonstrator. 26 were injured in Qalqilya governorate. The demonstration took place amid ongoing hostilities between Israel and Palestiniansin the Gaza Strip and East Jerusalem.",This text is about a protest with excessive force.,0,1
event_test_2165,2165,mlburnham/acled_event_entailment,"People protested against the national agenda in Kurfa Sawa Village, Mieso District. Two people were severely injured when police intervened.",This text is about a protest with excessive force.,0,1
event_test_2166,2166,mlburnham/acled_event_entailment,"at least 500 people gathered in Gomel to protest against the official results of the latest presidential election which showed Lukashenka winning with 80% of the votes. The riot police violently dispersed the protesters by firing stun grenades and rubber bullets, while severely injuring at least one protester who is claimed to have dropped a bottle on police from the balcony. Around 700 people were detained across the country.",This text is about a protest with excessive force.,0,1
event_test_2167,2167,mlburnham/acled_event_entailment,"Residents of the eastern Khartoum neighbourhood of Al Geraif and leaders of the National Consensus Forces, staged a sit-in on 23 October in protest against state land expropriation. The next day, police and security agents fired tear gas to disperse the sit-in and beat the protesters with sticks. The protesters confronted them, drawing the agents back to outside their sit-in area. 14 were arrested, including the residents spokesperson, who later claimed to have been beaten and assaulted while in detention. On the third day, police again stormed the sit-in using tear gas and live bullets, beating the protesters and smashing the chairs and the loudspeaker, leaving at least one injured.",This text is about a protest with excessive force.,0,1
event_test_2168,2168,mlburnham/acled_event_entailment,"Palestinian protesters held a demonstration east of Rafah city (Rafah) in commemoration of Land Day. Israeli forces fired live ammunition, rubber bullets, and stun and tear gas canisters, towards protesters in response. Several Palestinians suffered from tear gas inhalation.",This text is about a protest with excessive force.,0,1
event_test_2169,2169,mlburnham/acled_event_entailment,"a group took to the streets in Nhlangano (Maseyisini, Shiselweni) during nationwide demonstrations against police brutality and demands for democratic changes in the country. Military officers shot and killed one demonstrator and shot and injured at least four, including one child.",This text is about a protest with excessive force.,0,1
event_test_2170,2170,mlburnham/acled_event_entailment,"Israeli forces opened live fire at Palestinian student protesters in Al Batn area in Hebron - Bab az Zawiyah (Hebron, West Bank) during a march in support of the Palestinians of Gaza. Israeli forces injured 22 protesters.",This text is about a protest with excessive force.,0,1
event_test_2171,2171,mlburnham/acled_event_entailment,"in Cumana, Sucre, citizens took to the streets to demand better salaries and support the project of the president of the National Assembly, Juan Guaido (VP party) called Operation Freedom. Municipal police attacked the protesters. Four people, among them three women, were injured and 13 people were arrested. A university professor belonging to the Free Venezuela Broad Front (FAVL) was wounded with a shot.",This text is about a protest with excessive force.,0,1
event_test_2172,2172,mlburnham/acled_event_entailment,"Ethiopian military forces shot at protesters in Aweday, killing 8 people and injuring 18. Protesters were denouncing the arrest of many Oromo leaders, amid rumors that many had contracted coronavirus in detention.",This text is about a protest with excessive force.,0,1
event_test_2173,2173,mlburnham/acled_event_entailment,"Palestinian protesters held a demonstration east of Jabalya town (North Gaza) to commemorate the 42nd anniversary of Land Day. Israeli forces fired live ammunition, rubber bullets, and stun and tear gas canisters, towards protesters while positioned behind the Green Line. 1 Palestinian was injured.",This text is about a protest with excessive force.,0,1
event_test_2174,2174,mlburnham/acled_event_entailment,Police open fire on protesters; one killed,This text is about a protest with excessive force.,0,1
event_test_2175,2175,mlburnham/acled_event_entailment,"On or around 20 March 2019, contractual teachers held a protest in Tata to demand integration into the public service. Security forces violently intervened in the protetst leading to several injuries of varying severity, at least 5 were sent to the hospital.",This text is about a protest with excessive force.,0,1
event_test_2176,2176,mlburnham/acled_event_entailment,"demonstrators converged on the NISS office in Nyala (South Darfur), in an effort to secure the release of detainees. NISS agents fired upon the demonstrators, causing dozens of injuries.",This text is about a protest with excessive force.,0,1
event_test_2177,2177,mlburnham/acled_event_entailment,"for the second day, nurses held a demonstration outside the Provincial Health Office in Benguela (Benguela, Benguela) against their exclusion from the Ministry of Health's access exam. Police fired live ammunition to disperse the crowd and arrested an unknown number of protesters.",This text is about a protest with excessive force.,0,1
event_test_2178,2178,mlburnham/acled_event_entailment,"thousands of Palestinians held a demonstration at the Israeli border east of Gaza city (Gaza City) as part of the March of Return movement, with Hamas security personnel preventing demonstrators from getting close to the fence. Israeli forces fired live ammunition, rubber-coated steel bullets, and stun and tear gas canisters towards the demonstrators. 2 Palestinians were injured and 5 suffered from tear gas inhalation.",This text is about a protest with excessive force.,0,1
event_test_2179,2179,mlburnham/acled_event_entailment,"Palestinians held a demonstration northeast of Bayt Lahya (North Gaza) as part of the March of Return movement. Israeli forces fired live ammunition, rubber-coated steel bullets, and stun and tear gas canisters towards the demonstrators.",This text is about a protest with excessive force.,0,1
event_test_2180,2180,mlburnham/acled_event_entailment,"Palestinian protesters held a demonstration east of Rafah city (Rafah) in support of the Right of Return. Israeli forces fired live ammunition, rubber bullets, and stun and tear gas canisters, towards protesters while positioned behind the Green Line.",This text is about a protest with excessive force.,0,1
event_test_2181,2181,mlburnham/acled_event_entailment,"Israeli military forces suppressed a march in Nilin (Ramallah and Al Bireh) against the ongoing attacks on the Gaza Strip, Jerusalem and the 'Arab 48' lands. Israeli forces stationed on rooftops wounded a Palestinian with live fire and 4 with rubber bullets, one of whom was a voluntary paramedic.",This text is about a protest with excessive force.,0,1
event_test_2182,2182,mlburnham/acled_event_entailment,"a youth was killed by police pellet fire, assumed during a protest in Rajpora town (Pulwama, J&K). No further information reported.",This text is about a protest with excessive force.,0,1
event_test_2183,2183,mlburnham/acled_event_entailment,"Police open fire on a group of anti-Hassan Sheikh Mohamud protesters, wounding three. No reported violence from the demonstrators.",This text is about a protest with excessive force.,0,1
event_test_2184,2184,mlburnham/acled_event_entailment,Military police used aerial firing and batons to break up a meeting of activists who were engaged in a traditional Ramadan meal at Tahrir Square. At least one protester was injured. Protesters who attempted to stage a funeral for a protester who died of his injuries were also dispersed earlier in the day.,This text is about a protest with excessive force.,0,1
event_test_2185,2185,mlburnham/acled_event_entailment,06 June. Protests in Wad Medani continued on June 6 against the regime. Military forces intervened with live ammunition and teargas. Several protesters were injured.,This text is about a protest with excessive force.,0,1
event_test_2186,2186,mlburnham/acled_event_entailment,"One student was killed when soldiers fired on protesters at Gidda Biqiri school, Boji Choqorsa district, Mirab Welega.",This text is about a protest with excessive force.,0,1
event_test_2187,2187,mlburnham/acled_event_entailment,"protesters who were demonstrating for an unspecified reason in (Udu, Delta) coded to Otor Udu were shot at by policemen in an attempt to disperse them.",This text is about a protest with excessive force.,0,1
event_test_2188,2188,mlburnham/acled_event_entailment,Military-Agazi forces killed 10 Internally Displaced People [IDPs] at the Hamaresa [eastern Ethiopia] camp on 11/02 following a protest of a number of IDPs. The camp shelters people [ethnic Oromo] displaced from Somali Regional State. State television claimed 'clashes.',This text is about a protest with excessive force.,0,1
event_test_2189,2189,mlburnham/acled_event_entailment,"a group of youth attacked protestors along Rachuonyo South-Katito road at Nyakwere area of Sondu (Sigowet, Kericho) during a protest against the high cost of living as well as new tax measures set by the government. The demonstration was called by the Azimio coalition. Police used live bullets to restore calm. At least one person was killed from a stab wound (other sources mention 2), and ten others sustained gunshot and arrow wounds.",This text is about a protest with excessive force.,0,1
event_test_2190,2190,mlburnham/acled_event_entailment,security forces opened fire on demonstrators as they approached the residence of a member of the parliament in Shatra town (Thi-Qar). No injuries occurred and a reason for the protest was not provided.,This text is about a protest with excessive force.,0,1
event_test_2191,2191,mlburnham/acled_event_entailment,"demonstrators responded to call made by Resistance Committees to demonstrate in Khartoum (Khartoum, Khartoum), denouncing military coup and calling for a civilian government. Security forces (presumed Police and Abu Tira) fired live bullets, rubber bullets and teargas canisters to disperse the crowd. 125 were wounded including three cases of ran over by Security vehicles. 44 demonstrators were arrested.",This text is about a protest with excessive force.,0,1
event_test_2192,2192,mlburnham/acled_event_entailment,the General Security Service Brigade militia affiliated with GNA opened fire on protesters in Ghot Alshaal (Tripoli). Protesters were denouncing the degradation of living conditions and government corruption. One protester was reportedly killed.,This text is about a protest with excessive force.,0,1
event_test_2193,2193,mlburnham/acled_event_entailment,"one person was killed during the protests in an unspecified location against the government of Daniel Ortega. The demonstrations against Ortega and his wife began on April 18, 2018. The demonstrations are in response to failed social security reforms and are now demanding the president's resignation after eleven years in power. The exact place of this event is unknown.",This text is about a protest with excessive force.,0,1
event_test_2194,2194,mlburnham/acled_event_entailment,Three persons were injured when the assistants of a doctor allegedly opened fire on them as they were protesting the death of their relative due to the doctor's alleged negligence,This text is about a protest with excessive force.,0,1
event_test_2195,2195,mlburnham/acled_event_entailment,Police violently repress demonstrations,This text is about a protest with excessive force.,0,1
event_test_2197,2197,mlburnham/acled_event_entailment,"about 13,000 people, including the leader of National People's Power, Members of Parliaments, and lawyers participated in a massive protest march organized by the National People's Power (NPP) led by the Janatha Vimukthi Peramuna (JVP) from the Vikaramadevi Park in Colombo city to the Town hall in Colombo city (Colombo, Western) against the postponement of the local government elections. Police used tear gas and water cannons to disperse protesters. Nearly 28 protesters have been injured due to the water and tear gas attack. Five Police officers were admitted to the hospital as a result of developing breathing problems due to a stampede and having ingested tear gas. One protester who was admitted to the hospital died on 27 February 2023.",This text is about a protest with excessive force.,0,1
event_test_2198,2198,mlburnham/acled_event_entailment,"in Buenos Aires (Ciudad Autonoma de Buenos Aires), workers at the Turbio river carboniferous deposit gathered in a demonstration against the deteriorating situation of the company that operates in the region, and the government 2019 budget proposal. The group took 7 tons of carbon to the Congress in a symbolic gesture. The federal police fired shots to scare the group.",This text is about a protest with excessive force.,0,1
event_test_2199,2199,mlburnham/acled_event_entailment,"in Candelaria, Valle del Cauca, one person was killed during demonstrations against the government of President Ivan Duque. Demonstrators were demanding policy changes, including policies to overcome national unemployment rates, economic inequality, and violence against social activists. The identification of the perpetrators is unknown.",This text is about a protest with excessive force.,0,1
event_test_2200,2200,mlburnham/acled_event_entailment,"Federal troops shot protesters in Gacheno town (Wolayta, SNNPR), injuring 2. Protests were triggered by the arrest of several Wolayta regional leaders by federal government troops.",This text is about a protest with excessive force.,0,1
event_test_2201,2201,mlburnham/acled_event_entailment,"Unidentified armed men opened fire on a protest rally in Karachi, injuring 2 political activists.",This text is about a protest with excessive force.,0,1
event_test_2202,2202,mlburnham/acled_event_entailment,"In Ganderbal, a man was critically injured after government forces opened fire on protestors on the 71 day of unrest since the killing of Bhurhan Wani.",This text is about a protest with excessive force.,0,1
event_test_2203,2203,mlburnham/acled_event_entailment,"Protesters demanding greater royalties from the Diamer-Bhasha Dam and the resolution of a border dispute with the NWFP marched towards Wapda colony and pelted the offices of the Water and Power Development authority with stones. In response, police fired teargas to disperse protesters, while FC personnel allegedly opened fire on the procession, killing 2 demonstrators.",This text is about a protest with excessive force.,0,1
event_test_2204,2204,mlburnham/acled_event_entailment,"thousands of demonstrators responded to the call by the Resistance Committee for nationwide demonstrations in in Wad Medani (Medani Al Kubra locality, Al Jazirah state), denouncing the military coup and calling for a civilian government. Security forces (presumed police and military) fired teargas canisters and live bullets to disperse the crowd. Five people were injured.",This text is about a protest with excessive force.,0,1
event_test_2205,2205,mlburnham/acled_event_entailment,"Resistance Committees staged a protest in Al Kalakla (Jebel Awlia, Khartoum), denouncing military coup and calling for a civilian government. Security forces (presumed Police and Abu Tira) fired live bullets and teargas canisters to disperse the crowd. One was wounded.",This text is about a protest with excessive force.,0,1
event_test_2206,2206,mlburnham/acled_event_entailment,"Egyptian police forces fired live bullets at protesters from 4 villages around Atfih (Atfeh, Giza). The protesters were calling for the downfall of the current government in a broader context of protests around the country. Over 170 protesters were arrested. Resulting fatalities or injuries were not reported.",This text is about a protest with excessive force.,0,1
event_test_2207,2207,mlburnham/acled_event_entailment,"locals demonstrated in Garissa (Dujis, Garissa), demanding the release a murder suspect by police. 2 people were fatally shot by police repsonding to the demonstration.",This text is about a protest with excessive force.,0,1
event_test_2208,2208,mlburnham/acled_event_entailment,"dozens of demobilized militiamen, who live in the camp of Mubambiro, blocked roads (trough unspecified means) along the RN2, in Mubambiro-Sake (Bahunde, Masisi, Nord-Kivu) for at least five hours to denounce their poor living conditions. During the event, the FARDC dispersed the protesters, killing at least one of them with live bullets. 1-2 other people were injured.",This text is about a protest with excessive force.,0,1
event_test_2209,2209,mlburnham/acled_event_entailment,"in the early hours of the day the military, police and special task force personnel launched an operation to evacuate Galle Face protesters in Colombo (Colombo, Western) who had been protesting at the site since April 2022 against the government. The security forces removed tents set up by the protesters and attacked journalists, lawyers at the site. 50 people, including two journalists were injured and admitted to hospital. 9 others were also arrested.",This text is about a protest with excessive force.,0,1
event_test_2210,2210,mlburnham/acled_event_entailment,"Palestinians held a demonstration to commemorate the 42nd anniversary of Land Day east of Al Burayj camp (Deir El Balah). Israeli forces fired live ammunition, rubber-coated steel bullets, and stun and tear gas canisters towards the demonstrators.",This text is about a protest with excessive force.,0,1
event_test_2211,2211,mlburnham/acled_event_entailment,Police open fire with rubber bullets on parents and children protesting transport shortages,This text is about a protest with excessive force.,0,1
event_test_2212,2212,mlburnham/acled_event_entailment,"more than 50 people marched from the Curtis Bay Recreation Center to the CSX coal terminal in Baltimore (Maryland) to call for an end to coal exports from Baltimore. Members of the South Baltimore Community Land Trust organized the protest to coincide with the first anniversary of an explosion of a coal silo at CSX. During the demonstration, one of the protesters was hit in the eye with a paintball which caused a fracture of the eye. The protesters were unable to see who was responsible for the incident.",This text is about a protest with excessive force.,0,1
event_test_2213,2213,mlburnham/acled_event_entailment,"between 1500 (police's estimate) and 10000 people took part in an unauthorized protest in Moscow demanding the registration of independent candidates in the upcoming Moscow Duma election. At least 1001 people were detained by police, who used force to disperse the protesters. At least 5 people were hospitalized with various injuries as a result of police's actions.",This text is about a protest with excessive force.,0,1
event_test_2214,2214,mlburnham/acled_event_entailment,Israeli military forces suppressed the weekly anti-settlement protest by firing live bullets and sound grenades towards protesters in the village of Bayt Dajan (Nablus).,This text is about a protest with excessive force.,0,1
event_test_2215,2215,mlburnham/acled_event_entailment,"a vehicle from the National Guard, which was chasing after some young demonstrators, hits and kills one in Metlaoui.",This text is about a protest with excessive force.,0,1
event_test_2216,2216,mlburnham/acled_event_entailment,"one person was killed during the protests in Managua against the government of Daniel Ortega. The demonstrations against Ortega and his wife began on April 18, 2018, in response to failed social security reforms. Demonstrators are now demanding the president's resignation after eleven years in power.",This text is about a protest with excessive force.,0,1
event_test_2217,2217,mlburnham/acled_event_entailment,"Palestinians held a demonstration east of Khuzaa (Khan Yunis) as part of the March of Return movement. Israeli forces fired live ammunition, rubber-coated steel bullets, and stun and tear gas canisters towards the demonstrators. 8 Palestinians were injured and 47 suffered from tear gas inhalation.",This text is about a protest with excessive force.,0,1
event_test_2218,2218,mlburnham/acled_event_entailment,Security forces allegedly shot and killed two protesters in Adaba.,This text is about a protest with excessive force.,0,1
event_test_2219,2219,mlburnham/acled_event_entailment,"in Mingalar Taung Nyunt township (Yangon (East) District, Yangon Region), at night, residents held a protest against the Myanmar military coup and in support of the civil disobedience movement. Military and police forces cracked down on the protest and shot one man near his residence. He later died at 4am on 17 March 2021.",This text is about a protest with excessive force.,0,1
event_test_2220,2220,mlburnham/acled_event_entailment,"in Dagon Myothit (South) township (Yangon-east District, Yangon Region), locals held a protest against the Myanmar military coup and in support of the civil disobedience movement. The Myanmar police used gunfire with live bullets to disperse protesters. Some protesters were also arrested.",This text is about a protest with excessive force.,0,1
event_test_2221,2221,mlburnham/acled_event_entailment,"Darfuri students injured by NISS-backed NCP students at a sit-in, where Darfuri students were protesting against the University of Sudans dismissal of two students from Darfur. NCP assaulted the protesters with machetes and bars.",This text is about a protest with excessive force.,0,1
event_test_2222,2222,mlburnham/acled_event_entailment,Teenager killed by police during post-election protests,This text is about a protest with excessive force.,0,1
event_test_2223,2223,mlburnham/acled_event_entailment,12 people were injured in alleged firing by a PML-N MPA and his guard on a protest led by Anjuman-e-Tajran against the alleged indecent behaviour of the PML-N MPA. Another report said the incident occurred over a property dispute.,This text is about a protest with excessive force.,0,1
event_test_2224,2224,mlburnham/acled_event_entailment,"people organized a protest in Maaret Al Naasan town in Idleb countryside, against the opening of commercial crossing with the western countryside of Aleppo, during which HTS ran over protesters injuring five, and they also opened fire to disperse the protesters injuring another two. No fatalities were reported.",This text is about a protest with excessive force.,0,1
event_test_2225,2225,mlburnham/acled_event_entailment,Palestinians held a demonstration near the border fence in the east of Khuzaa (Khan Yunis) as part of the March of Return movement. Israeli forces positioned behind the Green Line opened fire towards the demonstrators.,This text is about a protest with excessive force.,0,1
event_test_2226,2226,mlburnham/acled_event_entailment,"Palestinians held a demonstration east of Rafah city (Rafah). Israeli forces fired live ammunition, rubber bullets, and stun and tear gas canisters, towards protesters in response. Several Palestinians suffered from tear gas inhalation. The reason for the protest was not reported.",This text is about a protest with excessive force.,0,1
event_test_2227,2227,mlburnham/acled_event_entailment,Security forces allegedly shot and killed five protesters in Jeldu.,This text is about a protest with excessive force.,0,1
event_test_2228,2228,mlburnham/acled_event_entailment,"students gathered in front of the ministry of higher education, denouncing Sadr for endorsing PM-designate Mohammed Allawi in Baghdad city. A number of the protesting students were slightly injured after one of their sit-in tents was targeted with an explosive device by Sadrist supporters in Tahrir square.",This text is about a protest with excessive force.,0,1
event_test_2229,2229,mlburnham/acled_event_entailment,"in Valinhos, Sao Paulo, approximately 400 people were blocking Estrada do Jequitiba, to protest the lack of water, and school and health assistance to the Marielle Vive Camp established by the Landless Workers Movement (MST). A supporter of Jair Bolsonaro (PSL) ran a truck through the crowd, killing an elderly man, and injuring 5 people, including a journalist. The truck driver was arrested later that day. 1 fatality.",This text is about a protest with excessive force.,0,1
event_test_2230,2230,mlburnham/acled_event_entailment,"for the second day, protesters gathered outside the municipality building in Yenisehir, Diyarbakir in protest of the government decision to remove the elected HDP mayors of Diyarbakir, Van and Mardin provinces and appoint trustees in their place. HDP MPs, HDK, DTK, DBP executives participated in the event. As the HDP co-leader tried to make a statement, police intervened in the event by using tear gas and batons injuring one HDP MP. At the HDP provincial building in the city, more HDP MPs and supporters were attacked by police when they attempted to start a sit-in. 2 MPs were hospitalized as a result while 1 journalist was arrested.",This text is about a protest with excessive force.,0,1
event_test_2231,2231,mlburnham/acled_event_entailment,Striking municipal workers are attacked by the Red Ants militia eviction squad as they protested outside a building. The militia assaulted the group with rubber bullets and crowbars. Causalities unknown.,This text is about a protest with excessive force.,0,1
event_test_2232,2232,mlburnham/acled_event_entailment,"a village head in Ndalile community shot at protesters who blocked the road and his palace in Mokwa (Mokwa, Niger) to demand for the release of a school teacher who was arrested by the DSS and police. Many of the protesters were wounded, other sources report that the palace was vandalized and cars were destroyed and that the protesters were armed with machetes and guns.",This text is about a protest with excessive force.,0,1
event_test_2233,2233,mlburnham/acled_event_entailment,"a youth was shot and killed by CRPF during a protest in front of the CRPF camp in Zainapora town (Shopian, J&K). No further information reported.",This text is about a protest with excessive force.,0,1
event_test_2234,2234,mlburnham/acled_event_entailment,More than 15 protesters were injured in different areas of Pattan town in North Kashmir. Police used tear-smoking shells to disperse protests at Palhalan,This text is about a protest with excessive force.,0,1
event_test_2235,2235,mlburnham/acled_event_entailment,"Protests demanding the revocation of grabbed land that was allocated to government officials. Priest arrested and beat by police, suffered chest and arm injuries.",This text is about a protest with excessive force.,0,1
event_test_2236,2236,mlburnham/acled_event_entailment,"police forces fired on NDM Party Chairman and party members during a protest held over delayed election results and suspected election rigging in Miranshah town (North Waziristan, KPK). 2 party workers were killed and 15 others, including the Party Chairman, were injured. Police officials claim NDM protesters opened fire, while reliable sources indicate protesters did not engage in violence. Police opened fire on protesters.",This text is about a protest with excessive force.,0,1
event_test_2237,2237,mlburnham/acled_event_entailment,"the military forces beat and detained some 30 protesting Christian civilians in Ngousso neighbourhood in Yaounde (Yaounde 1, Mfoundi, Centre) after the Minister of the Territorial Administration imposed leadership of the True Church of God. There were no fatalities. Several civilians sustained facial injuries. The detained were released a few days later.",This text is about a protest with excessive force.,0,1
event_test_2238,2238,mlburnham/acled_event_entailment,"The local sections of trade unions in Redeyef, except for the miners' trade union, called for an unlimited strike in reaction to the government's violent raids targeting militants in the town the day before, which they perceived as a plot to launch repression. Teachers occupied one of the town's schools, while youth harassed police forces. Police reportedly arrested and beat a number of syndicate representatives as a result of the protests.",This text is about a protest with excessive force.,0,1
event_test_2239,2239,mlburnham/acled_event_entailment,"a protest was held in Ramat Gan (Tel Aviv, Tel Aviv) as part of the nationwide Black Flag Movement, demanding the resignation of Prime Minister Benjamin Netanyahu over corruption charges and the mishandling of the coronavirus pandemic. A man sprayed a chemical agents at demonstrators. Several demonstrators said their eyes and lungs were scalded. The man was indicted later and confessed that he had been influenced by incitement on social media and that he was angered by protesters' 'offense to state symbols'.",This text is about a protest with excessive force.,0,1
event_test_2240,2240,mlburnham/acled_event_entailment,"Resistance Committees staged a protest in Omdurman (Omdurman, Khartoum), denouncing the military coup and calling for a civilian government. Security forces (presumed police and military) fired teargas canisters and live bullets to disperse the crowd. One demonstrator was seriously injured after a security vehicle ran him over. Total of injuries was three.",This text is about a protest with excessive force.,0,1
event_test_2241,2241,mlburnham/acled_event_entailment,"19 October. In Beni, two activist were shot and injured by security forces during a protest.",This text is about a protest with excessive force.,0,1
event_test_2242,2242,mlburnham/acled_event_entailment,"Soldiers throwed hand grenades at protesting students at Dilla university, killing five over two days",This text is about a protest with excessive force.,0,1
event_test_2243,2243,mlburnham/acled_event_entailment,"a large civilian demonstration took place at Bab El Hawa crossing with Turkey during which demonstrators demanded a stop to the military operation by regime and Russian forces in Idleb, denounced Turkish silence, and demanded the opening of the crossing to civilian movement. As the demonstrators approached the Turkish side of the crossing, Turkish Gendarmerie randomly fired shots and used tear gas grenades to disperse the demonstrators, causing injuries to several people. No fatalities were reported.",This text is about a protest with excessive force.,0,1
event_test_2244,2244,mlburnham/acled_event_entailment,"Angolan military and police forces responded to a protest in the town of Cafunfo by firing at protesters and beating up a number of them for about 2 hours. 73 were arrested and 4 hospitalised, including one in serious condition.",This text is about a protest with excessive force.,0,1
event_test_2245,2245,mlburnham/acled_event_entailment,At least ten activists of the J&K Youth Congress were injured when police resorted to a mild lathi-charge to disperse the protestors during 'Rail Roko Andolan' launched in Jammu to protest against the killing of six farmers in Madhya Pradesh.,This text is about a protest with excessive force.,0,1
event_test_2246,2246,mlburnham/acled_event_entailment,"people in Bungoma (Kanduyi, Bungoma) protested against police brutality following the death of a man in custody of police officials. Police responded with live fire, injuring two.",This text is about a protest with excessive force.,0,1
event_test_2248,2248,mlburnham/acled_event_entailment,"Israeli military forces in Abud (Ramallah and Al Bireh) fired live and rubber-coated bullets, stun grenades, and tear gas at Palestinian protesters. 34 civilians were wounded in the Ramallah governorate. The demonstration took place amid ongoing hostilities between Israel and Palestinians in the Gaza Strip and East Jerusalem.",This text is about a protest with excessive force.,0,1
event_test_2249,2249,mlburnham/acled_event_entailment,"Police violently disperse women protesters in Lagos (Ikeja, Lagos).",This text is about a protest with excessive force.,0,1
event_test_2250,2250,mlburnham/acled_event_entailment,"Security forces allegedly shot and killed a protester in Soka, Deder, East Hararge.",This text is about a protest with excessive force.,0,1
event_test_2251,2251,mlburnham/acled_event_entailment,a group of 50 or more protested at a police station in Troy (New York) over police officers' treatment of an activist. The activist had suffered a broken arm and a seizure by police on 19 August 2020.A vehicle rammed into the crowd during the protest and hit two people. The driver also sprayed a protester with pepper spray and was arrested for reckless endangerment.,This text is about a protest with excessive force.,0,1
event_test_2252,2252,mlburnham/acled_event_entailment,"a group of protesters the majority of them were from Salvation Government employees and HTS members in plainclothes have blocked the M4 highway near Nayrab in Idleb countryside, to demonstrate against Turkish- Russian patrols. Turkish forces used tear gas, and opened fire on the protesters killing between 1 to 2 HTS members and 2 protesters, and injuring between 5 to 6 others. Total fatalities coded as 3.",This text is about a protest with excessive force.,0,1
event_test_2253,2253,mlburnham/acled_event_entailment,"On Wednesday, Israeli forces opened fire at Palestinians approaching the border east of Zaytun injuring two of them with live fire and others suffered suffocation from tear gas.",This text is about a protest with excessive force.,0,1
event_test_2255,2255,mlburnham/acled_event_entailment,"Palestinians held a demonstration east of Rafah (Rafah) as part of the March of Return movement. Israeli forces fired live ammunition, rubber-coated steel bullets, and stun and tear gas canisters towards the demonstrators. 2 Palestinians were injured.",This text is about a protest with excessive force.,0,1
event_test_2256,2256,mlburnham/acled_event_entailment,"Resident of Bulo Xawo on 01/07 staged a demonstration in protest against KDF involvement in the armed clashes between Ras Kaambooni forces (RKB) and those loyal to Barre Hirale in Kismaayo on 29/06. A man affiliated with Raskamboni opened fire in the crowd, injuring one of the demonstrators.",This text is about a protest with excessive force.,0,1
event_test_2257,2257,mlburnham/acled_event_entailment,"Around 22 August 2018 (week of), hotel employees on strike who were protesting were attacked by other armed individuals in Marrakech (Marrakech, Marrakech-Safi) to force them to stop the strike.",This text is about a protest with excessive force.,0,1
event_test_2258,2258,mlburnham/acled_event_entailment,"Palestinians held a demonstration east of Rafah (Rafah) as part of the March of Return movement. Israeli forces fired live ammunition, rubber-coated steel bullets, and stun and tear gas canisters towards the demonstrators.",This text is about a protest with excessive force.,0,1
event_test_2259,2259,mlburnham/acled_event_entailment,"in La Luz, Obispos de Barinas municipality in Barinas state, a man was killed during a protest by state police officers. The motive of the protest was to demand food and the distribution of electric power 1 fatality.",This text is about a protest with excessive force.,0,1
event_test_2260,2260,mlburnham/acled_event_entailment,A crowd of several hundred demonstrators in Benghazis Kish Square ignored a mortar attack and carried on with their protest in support of the Libyan Army. Two mortars landed in the square away from the main concentration of protestors. Some people sustained minor injuries.,This text is about a protest with excessive force.,0,1
event_test_2261,2261,mlburnham/acled_event_entailment,"People protested in Aweday, East Hararge, as part of a grand protest by Oromo people against the government agenda that took place across more than 200 cities and towns in Oromia. In Aweday, soldiers allegedly shot and killed nine protesters.",This text is about a protest with excessive force.,0,1
event_test_2262,2262,mlburnham/acled_event_entailment,"Palestinians protested against the sweeping work undertaken by Israeli forces to pave a settlement road for the establishment of an industrial zone in Shufah (Tulkarm). Israeli forces intervened and opened live fire and fired sound and tear gas canisters at protesters. Several Palestinians suffered from tear gas inhalation, including the Fatah Movement representative for Tulkarm district.",This text is about a protest with excessive force.,0,1
event_test_2263,2263,mlburnham/acled_event_entailment,"demonstrators responded to the call by the Resistance Committee for nationwide demonstrations in Khartoum North (Bahri locality, Khartoum state), denouncing the military coup and calling for civilian government. Security forces (presumed police and military) fired teargas canisters and live bullets to disperse the crowd. No injuries reported.",This text is about a protest with excessive force.,0,1
event_test_2264,2264,mlburnham/acled_event_entailment,"one person was killed during the protests in Chontales against the government of Daniel Ortega. The demonstrations against Ortega and his wife began on April 18, 2018, in response to failed social security reforms. Demonstrators are now demanding the president's resignation after eleven years in power.",This text is about a protest with excessive force.,0,1
event_test_2265,2265,mlburnham/acled_event_entailment,"Opposition supporters, led by Mamadou Ba who is leader of the Union for Progress and Renewal (UPR), attempted to stop people from voting illegally. Police intervened. One person was killed and five wounded.",This text is about a protest with excessive force.,0,1
event_test_2266,2266,mlburnham/acled_event_entailment,"Moroccan police violently cracked down Saturday on a pro-independence peaceful demonstration organized by Saharawi citizens in Skeikima Street in the city of El Aaiun, capital of Western Sahara, according to a source of the Saharawi Ministry of Occupied Territories and Diaspora.",This text is about a protest with excessive force.,0,1
event_test_2267,2267,mlburnham/acled_event_entailment,People protested against the government agenda in Hirna by closing the road to the town. Soldiers allegedly fired on protesters.,This text is about a protest with excessive force.,0,1
event_test_2268,2268,mlburnham/acled_event_entailment,"in Myingyan town, Myingyan township (Myingyan district, Mandalay Region), locals held a protest march against the Myanmar military coup and in support of the civil disobedience movement. Security forces (assumed to be police and military) fired at protesters to disperse the crowd. One man was killed after being shot in the eye.",This text is about a protest with excessive force.,0,1
event_test_2269,2269,mlburnham/acled_event_entailment,As many as 17 sugarcane farmers and growers were injured after being baton-charged by the police outside Chief Minister House on Saturday afternoon.,This text is about a protest with excessive force.,0,1
event_test_2270,2270,mlburnham/acled_event_entailment,"it was reported that residents of towns in the Afar region protested to demand the release of political prisoners and interference of the Tigray region in Afari affairs. Police fired shots at protesters but it was not clear if there were casualties. Protests reported in Semera, Aysaita, Berahle, Koneba and other towns.",This text is about a protest with excessive force.,0,1
event_test_2271,2271,mlburnham/acled_event_entailment,"A delegation from the political party Envol was preparing to hold a protest in Kenge, on the 19th, when police quickly intervened and dispersed them with tear gas. The report mentions that several persons were injured during the intervention. Another report mentions 6 severely injured by bullets, 2 by batons and more than 30 militants arrested.",This text is about a protest with excessive force.,0,1
event_test_2272,2272,mlburnham/acled_event_entailment,protesters rallied in Azadi Square in Kerman city (Kerman) shouting anti-government slogans and demanding justice for Mahsa Amini who had died after being detained by the modesty police. Police attacked and fired upon the protesters.,This text is about a protest with excessive force.,0,1
event_test_2273,2273,mlburnham/acled_event_entailment,"During anti-government protests, Bernard Okalia Bilai, governor of the south west region told the state daily Cameroon Tribune that protesters shot at the security forces in Mamfe, wounding a police officer. Two civilian deaths were also recorded in the town. Another protester was gunned down when they stormed the residence of the mayor of Buea, Ekema Patrick Esunge. Other deaths were reported in Limbe, Santa, Kumbo, Bamenda, Ekona, Bamenda and Ndop.",This text is about a protest with excessive force.,0,1
event_test_2274,2274,mlburnham/acled_event_entailment,"Security apparatuses assaulted protesters in the governorates of Dakhalia, Minya, and Kafr Al-Sheikh",This text is about a protest with excessive force.,0,1
event_test_2275,2275,mlburnham/acled_event_entailment,"Between 70-100 youths of the MDC-T marched to protest against high unemployment. Zimbabwe police dispersed the protest, detaining more than a dozen opposition protesters (initially 28 but some were released) and beat up others using batons.",This text is about a protest with excessive force.,0,1
event_test_2276,2276,mlburnham/acled_event_entailment,"Palestinians held a demonstration east of Jabalya (North Gaza) to commemorate the 70th anniversary of the Nakba and condemn the transfer of the US Embassy from Tel Aviv to Jerusalem. Israeli forces fired live ammunition, rubber-coated steel bullets, and stun and tear gas canisters towards the demonstrators.",This text is about a protest with excessive force.,0,1
event_test_2277,2277,mlburnham/acled_event_entailment,"residents and youths in Motta town gathered at a town square in Motta, Hulet Ej Enese woreda (East Gojam, Amhara), rallied in the town to demand the government release imprisoned youths. ENDF and Amhara regional special forces fired live bullets on demonstrators, resulting in unknown number of fatalities and injuries. The main road connecting Bahir Dar to Addis Ababa is closed due to the unrest. Fatalities coded as 3.",This text is about a protest with excessive force.,0,1
event_test_2278,2278,mlburnham/acled_event_entailment,"Police shot and killed two individuals and injured another who were participating in the third day of a land-rights protest against a large state-owned petrochemical company on May 25 in Tinh Gia District, Thanh Hoa Province. A police officer was later prosecuted in relation to this case.",This text is about a protest with excessive force.,0,1
event_test_2279,2279,mlburnham/acled_event_entailment,"in Merida, Merida state, a group of Colectivos attacked a man during a protest in support of the opposition leader, Juan Guaido, causing multiple trauma with loss of consciousness, generalized bruising, injury to the right eyelid and nasal. The regime of President Nicolas Maduro made a call to members of Colectivos to defend the regime.",This text is about a protest with excessive force.,0,1
event_test_2280,2280,mlburnham/acled_event_entailment,civilians took the streets in Abu Saybi area (Northern) and protested against the Formula One Race taking place in Bahrain. The police forces reportedly used live bullets and tear gas against the protesters.,This text is about a protest with excessive force.,0,1
event_test_2281,2281,mlburnham/acled_event_entailment,"Palestinians held a march in support of the right of return east of Al Burayj camp (Deir El Balah). Israeli forces replied by firing live ammunition, rubber-coated metal bullets, stun grenades, and tear gas canisters. Two Palestinians were injured.",This text is about a protest with excessive force.,0,1
event_test_2282,2282,mlburnham/acled_event_entailment,"demonstrators responded to call made by Resistance Committees to demonstrate in Khartoum (Khartoum, Khartoum), denouncing military coup and calling for a civilian government. Security forces (presumed Police and Abu Tira) fired teargas canisters to disperse the crowd. 53 were wounded including a case of a person being run over by a security vehicle.",This text is about a protest with excessive force.,0,1
event_test_2283,2283,mlburnham/acled_event_entailment,"three Texprint textile workers, most of them of Pakistani origin and some affiliated with the S.I. COBAS trade union, were physically assaulted by about 15 men of Chinese origin belonging to the Texprint company in Prato (Prato, Toscana), while picketing against working conditions in the textile industry and their dismissal by the company. The aggressors clubbed, punched and threw bricks at the protesters, injuring all three and requiring them to be taken to the hospital in an ambulance.",This text is about a protest with excessive force.,0,1
event_test_2284,2284,mlburnham/acled_event_entailment,"In Kulgam , a civilian was killed while protesting the killing of Hizb militant Burhan Wani.",This text is about a protest with excessive force.,0,1
event_test_2285,2285,mlburnham/acled_event_entailment,More than 50 Saharawis were injured in a Moroccan repressive forces crackdown on a peaceful demonstration organized Wednesday in the occupied city of El Aaiun.,This text is about a protest with excessive force.,0,1
event_test_2286,2286,mlburnham/acled_event_entailment,"30 December. Protests occurred in Bulungu, Kwilu over corruption allegations against a politician. A soldier guarding the politician shot and killed a man.",This text is about a protest with excessive force.,0,1
event_test_2287,2287,mlburnham/acled_event_entailment,"Israeli forces opened fire on demonstrators in northern Bethlehem, injuring a paramedic, a number of demonstrators and causing property damage to an ambulance.",This text is about a protest with excessive force.,0,1
event_test_2288,2288,mlburnham/acled_event_entailment,Security forces allegedly shot and killed a protester in West Arsi.,This text is about a protest with excessive force.,0,1
event_test_2289,2289,mlburnham/acled_event_entailment,"Around 15 April 2022 (as reported), Afghan residents protested against Pakistani forces in Chagi, Nowkundi and Dilbanda areas of Nimruz [coded to Zaranj with GP3] after Pakistani military forces shot at Afghan vehicles that resulted in 1 fatality. During the protest, Pakistan forces shot at the crowd of protesters and injured 8 Afghan civilians. Local Taliban official didn't comment on the incident.",This text is about a protest with excessive force.,0,1
event_test_2290,2290,mlburnham/acled_event_entailment,"in Mawlamyine town (Mawlamyine township, Mawlamyine district, Mawlamyine region), locals held a protest against the Myanmar military coup and in support of the civil disobedience movement. Police and military intervened and fired live rounds, killing one protester (a university student). Eighteen people were arrested during the crackdown.",This text is about a protest with excessive force.,0,1
event_test_2291,2291,mlburnham/acled_event_entailment,Israeli military forces fired live bullets towards a number of Palestinian protesters who crossed the border fence at the Eagle gate northeast of the camp of Al Burayj (Deir El Balah). Palestinians were protesting against the recent Israeli violations towards Palestinians.,This text is about a protest with excessive force.,0,1
event_test_2292,2292,mlburnham/acled_event_entailment,At least one person was injured Monday when protesting students in the capital Algiers clashed with police who tried to stop their demonstration at the ministry for higher education. A student was injured when security forces blocked protestors from reaching the ministry. Students were calling for the abrogation of a presidential decree which makes it difficult to obtain a master degree.,This text is about a protest with excessive force.,0,1
event_test_2293,2293,mlburnham/acled_event_entailment,"Palestinians held a demonstration northwest of Bayt Lahya (North Gaza) as part of the March of Return movement. Israeli forces positioned behind the Green Line fired live ammunition, rubber-coated steel bullets, and stun and tear gas canisters towards the demonstrators. 9 were injured and 13 suffered from tear gas inhalation.",This text is about a protest with excessive force.,0,1
event_test_2294,2294,mlburnham/acled_event_entailment,"31 December. APC supporters protest against the government's arbitrary arrests in Freetown. Police fire tear gas and live rounds at supporters, injuring several with gunshot wounds and arresting 'dozens'.",This text is about a protest with excessive force.,0,1
event_test_2295,2295,mlburnham/acled_event_entailment,"22 Oct 2008- BBC Mon- An unknown number of people, including a member of the local branch of the Moroccan human rights association, suffered more or less severe injuries following a violent police intervention to disperse participants in a protest rally",This text is about a protest with excessive force.,0,1
event_test_2296,2296,mlburnham/acled_event_entailment,"Around 10 June 2019 (as reported), in Thomazeau, Ouest, people took to the streets to demand the resignation of President Jovenel Moise, after a report revealed his involvement in the PetroCaribe corruption case. Police forces intervened, shooting and killing three demonstrators in Onaville neighbourhood. This mobilization was part of nationwide anti-government demonstrations. 3 fatalities.",This text is about a protest with excessive force.,0,1
event_test_2298,2298,mlburnham/acled_event_entailment,"an assumed Muslim youth was attacked by unidentified assailant with a knife near Ekra Mosque in Ranchi City (Ranchi, Jharkhand) during a protest demonstration against a recent vigilante attack on three youth. He was hospitalized with injuries.",This text is about a protest with excessive force.,0,1
event_test_2299,2299,mlburnham/acled_event_entailment,"in the rural rea of Sao Luis municipality (Maranhao), residents of the Vila Magril neighbourhood carried out a protest in the region. A man in a truck opened fire against the crowd and a child was shot and injured. There were no fatalities.",This text is about a protest with excessive force.,0,1
event_test_2300,2300,mlburnham/acled_event_entailment,A number of Palestinians were injured on May 2 when they tried to prevent construction in a cemetery. Israeli forces assaulted the demonstrators resulting in multiple injuries.,This text is about a protest with excessive force.,0,1
event_test_2301,2301,mlburnham/acled_event_entailment,3 Palestinians were shot and injured by Israeli forces while they participated in marches in eastern Gaza.,This text is about a protest with excessive force.,0,1
event_test_2302,2302,mlburnham/acled_event_entailment,"29 January 2020, in Padre Hurtado, Metropolitan region, citizens protested over the death of a soccer fan killed by police officers during a game in the metropolitan region. Groups of protesters staged demonstrations near the police station of the district. One protestor was killed by a gunshot in the head. The perpetrators remain unidentified.",This text is about a protest with excessive force.,0,1
event_test_2303,2303,mlburnham/acled_event_entailment,"On the 25th day of unrest since Burhan Wani's killing, a huge procession was taken out by people in Pattan over 30,000 people participated. The police responded with pellet guns and tear gas injuring many.",This text is about a protest with excessive force.,0,1
event_test_2304,2304,mlburnham/acled_event_entailment,JI activists protesting the general election in Karachi were shot at by an unidentified armed group.,This text is about a protest with excessive force.,0,1
event_test_2305,2305,mlburnham/acled_event_entailment,"young people protested in Mandiana (Mandiana, Kankan) against empty presidential promises and the isolation of their prefecture following the deterioration of infrastructure. The police fired live ammunition at the demonstrators. At least one protester was shot dead and a dozen wounded.",This text is about a protest with excessive force.,0,1
event_test_2306,2306,mlburnham/acled_event_entailment,"people marched to protest in support of the Black Lives Matter movement in Richmond (Indiana). A car intentionally drove through a crowd of people who were walking in the street and peacefully protesting, and minor injuries were reported. The driver was arrested in addition to five arrests of BLM protesters for obstructing traffic.",This text is about a protest with excessive force.,0,1
event_test_2307,2307,mlburnham/acled_event_entailment,Two were killed and 12 injured when soldiers and police broke up a demonstration near Kindia.,This text is about a protest with excessive force.,0,1
event_test_2308,2308,mlburnham/acled_event_entailment,"a volunteer security guard for the anti-government demonstrators was wounded in an M-79 grenade attack at the People's Democratic Reform Committee (PDRC) rally site at Chaeng Wattana in Pak Kret district (PK, Bangkok).",This text is about a protest with excessive force.,0,1
event_test_2309,2309,mlburnham/acled_event_entailment,"Palestinians held a march for the right of return east of Khuzaa town (Khan Yunis). Israeli forces replied by firing live ammunition, rubber-coated metal bullets, stun grenades, and tear gas canisters. One Palestinian was injured.",This text is about a protest with excessive force.,0,1
event_test_2310,2310,mlburnham/acled_event_entailment,"protesters rallied in the streets of Baneh city (Kurdistan) as part of the ongoing demonstrations following Mahsa Amini's death. Police attacked and fired upon the protesters, striking and killing a passing by driver.",This text is about a protest with excessive force.,0,1
event_test_2311,2311,mlburnham/acled_event_entailment,"members of the student union of the University of Kelaniya staged protest at Makola (Biyagama, Gampaha, Western) against the government due to the current economic crisis. The protesters were attacked by government supporters led by a member of the Kelani Pradeshiya Sabha (legislative body that presides over the third tier municipalities) of SLPP. Many university students were injured and admitted to the hospital.",This text is about a protest with excessive force.,0,1
event_test_2312,2312,mlburnham/acled_event_entailment,"A 22-year-old man was wounded when police tried to break up a demonstration near the parliament building. Eslewhere, Police open fire to disperse a gathering of students near to the university. Two youths reported injured by gunfire.",This text is about a protest with excessive force.,0,1
event_test_2313,2313,mlburnham/acled_event_entailment,"one person was killed during the protests in Monimbo, Masaya against the government of Daniel Ortega. The demonstrations against Ortega and his wife began on April 18, 2018, in response to failed social security reforms. Demonstrators are now demanding the president's resignation after eleven years in power.",This text is about a protest with excessive force.,0,1
event_test_2314,2314,mlburnham/acled_event_entailment,"a group of transporters and drivers demonstrated in Boko village, near Kinzau Vuete (Seke-Banza, Kongo-Central), to denounce an increase in tolls to cross the Matadi bridge. The provincial minister of transport attempted to mediate but a dispute ensued and the police fired shots to disperse the crowd, killing one woman and injuring others.",This text is about a protest with excessive force.,0,1
event_test_2315,2315,mlburnham/acled_event_entailment,"residents of Aktobe city attempted to break through the police cordon outside the Aqtobe regional state administration's office upon which police used tear gas, rubber bullets and live ammunition on the demonstrators resulting in several demonstrators wounded. One demonstrator died of gunshot wounds sustained at this event on 2 March.",This text is about a protest with excessive force.,0,1
event_test_2316,2316,mlburnham/acled_event_entailment,"a joint force of Ugandan soldiers and police fired teargas and bullets to disperse protesters in Entebbe (Entebbe Municipality, Wakiso) and Wakiso (coded separately), killing one protester, a NRM chairman, and seriously injuring two. Protests were led by the National Resistance Movement (NRM) and Democratic Party (DP).",This text is about a protest with excessive force.,0,1
event_test_2317,2317,mlburnham/acled_event_entailment,Security forces foiled a pro-freedom rally in Dargah in Srinagar by firing tear gas to disperse protesters.,This text is about a protest with excessive force.,0,1
event_test_2318,2318,mlburnham/acled_event_entailment,"in Khin-U town, Khin-U township (Shwebo District, Sagaing Region), locals protested against the Myanmar military coup and in support of the civil disobedience movement. Military forces intervened and shot at protesters. Three protesters were injured. Myanmar Now reported that two protesters later died after they were forcibly dragged away by military forces while receiving medical treatment by rescue team members. They later bled to death on the truck. AAPP and Myanmar Now reported two fatalities. A nurse who was providing medical treatment to the injured protesters was taken away by military forces.",This text is about a protest with excessive force.,0,1
event_test_2319,2319,mlburnham/acled_event_entailment,"several dozen locals protested in Melitopol, Zaporizhia, against the Russian occupation of Ukraine, blocking the streets to Russian military vehicles. The Russian soldiers fired several shots in the air and then drove by the crowd. A man was injured by Russian shots.",This text is about a protest with excessive force.,0,1
event_test_2320,2320,mlburnham/acled_event_entailment,"demonstrators gathered in Vancouver (Washington) for the second night of demonstrations in support of the Black Lives Matter movement and against police brutality, specifically against the death of Kevin E. Peterson Jr., who was killed in a police altercation during the night of October 29. Right-wing counter-demonstrators, some of them armed, also gathered across the street and argued with the pro-BLM demonstrators. At one point, a vehicle driving erratically nearly hit demonstrators but stopped before reaching the crowd. BLM demonstrators then marched through the city, and were followed by the counter-demonstrators. Police in riot gear later dispersed crowds after gunshots from a truck believed to be driven by right wing counter-demonstrators were reported. In videos shared on Twitter, the driver from the same vehicle deployed mace against protesters moment before the gunshots. No one was hurt and no arrests were reported.",This text is about a protest with excessive force.,0,1
event_test_2321,2321,mlburnham/acled_event_entailment,"hundreds of demonstrators responded to call made by Resistance Committees to demonstrate in Khartoum (Khartoum, Khartoum), denouncing the framework agreement signed by FFC and SAF leaders on 5 December (coded separately) and the political process they announced to reach a full agreement. Security forces (presumed Police and Abu Tira) fired teargas canisters to disperse the crowd. 39 were wounded including cases of persons being run over by a security vehicle. 30 demonstrators were arrested.",This text is about a protest with excessive force.,0,1
event_test_2322,2322,mlburnham/acled_event_entailment,As many as 300 protesters were killed when Libyan security forces and allied mercenaries mowed down mourners with machine guns and anti-aircraft guns at a funeral for anti-government protesters in the eastern city of Benghazi.,This text is about a protest with excessive force.,0,1
event_test_2323,2323,mlburnham/acled_event_entailment,One person killed and two wounded in people protests against the governments master plan in Masala on 5 January,This text is about a protest with excessive force.,0,1
event_test_2324,2324,mlburnham/acled_event_entailment,At least 14 persons were injured when army and policemen fired bullets and pellets on protestors in SouthKashmir's Shopian district.,This text is about a protest with excessive force.,0,1
event_test_2325,2325,mlburnham/acled_event_entailment,"tens of thousands of demonstrators responded to the call by the Resistance Committee for nationwide demonstrations in Khartoum North (Bahri locality, Khartoum state), denouncing the military coup and calling for civilian government. Joint security forces (presumed police, military, Abu Tira, GIS and RSF forces) fired teargas canisters and live bullets to disperse the crowd. At least 50 people were injured and several others were arrested.",This text is about a protest with excessive force.,0,1
event_test_2326,2326,mlburnham/acled_event_entailment,"Israeli military forces fired live ammunition, tear gas canisters, stun grenades, and rubber bullets at a peaceful protest against the Israeli occupation and the confiscation of lands for settlement purposes in Turmus Ayya (Ramallah and Al Bireh). As a result, seven Palestinians were wounded, including a paramedic, and several suffered from tear gas inhalation.",This text is about a protest with excessive force.,0,1
event_test_2327,2327,mlburnham/acled_event_entailment,"Regime security forces killed 7 civilians on Monday as they protested the killing of protesters in Chelenko on 11/12. The number of fatalities was spread among two cities, Yabello and Moyale.",This text is about a protest with excessive force.,0,1
event_test_2328,2328,mlburnham/acled_event_entailment,a Palestinian was shot by Israeli forces during protests in northern Gaza. He succumbed to his wounds on Sept 7.,This text is about a protest with excessive force.,0,1
event_test_2329,2329,mlburnham/acled_event_entailment,"one person was killed during the protests in El Crucero, Managua against the government of Daniel Ortega. The demonstrations against Ortega and his wife began on April 18, 2018, in response to failed social security reforms. Demonstrators are now demanding the president's resignation after eleven years in power.",This text is about a protest with excessive force.,0,1
event_test_2330,2330,mlburnham/acled_event_entailment,"a group of people marched outside of City Hall in Saint Petersburg (Florida) to call for police reform, an end to systemic racism, and in support of the Black Lives Matter movement. A car attempted to drive through the crowd at a crosswalk, running over a protester's bike and several protesters who were running to get out of the way.",This text is about a protest with excessive force.,0,1
event_test_2331,2331,mlburnham/acled_event_entailment,"Housing Authority staff protested near the Presidential Secretariat building in Colombo city (Colombo, Western) over losing their jobs. Police attacked protesters, and 3 female protesters were hospitalized.",This text is about a protest with excessive force.,0,1
event_test_2332,2332,mlburnham/acled_event_entailment,Oromo people protested against the national agenda in Awaday. At least one person was shot by soldiers,This text is about a protest with excessive force.,0,1
event_test_2333,2333,mlburnham/acled_event_entailment,"police used live ammunition against protesting students from Thuto-Kitso Technical School in Fochville (West Rand, Gauteng). It is not known is there were any casualities.",This text is about a protest with excessive force.,0,1
event_test_2334,2334,mlburnham/acled_event_entailment,"In Kupwara, one protestor was killed and 17 were critically injured as police fired pellets into a crowd of protestors condemning the killing of Hizb militant Burhan Wani.",This text is about a protest with excessive force.,0,1
event_test_2336,2336,mlburnham/acled_event_entailment,"armed security guards of the Zambales Diversified Minerals Corporation (ZDMC) allegedly fired at barricading residents of sitio Acoje, Barangay Lucapon, Santa Cruz, Zambales who staged a protest against the mining company.",This text is about a protest with excessive force.,0,1
event_test_2337,2337,mlburnham/acled_event_entailment,"in Jutiapa, Jutiapa, members of the Xinca indigenous community staged a demonstration in front of the indigenous city hall and demanded that authorities refrain from carrying out the interocean strip project. Police arrived at the site and asked demonstrators to leave the protest, opening fire against the crowd thereafter. One woman was shot and injured, and another man was hit with a rock. Around 16 people were arrested. 2 injured.",This text is about a protest with excessive force.,0,1
event_test_2338,2338,mlburnham/acled_event_entailment,"Friday 12th of August 2016, Israeli snipers hid behind large dirt mounds as they shot live fire and tear gas bombs at the protestors in the eastern part of GazaCity.Neither Injuries nor fatalities were reported.",This text is about a protest with excessive force.,0,1
event_test_2339,2339,mlburnham/acled_event_entailment,"people organized a protest in Zghir Jazireh town in Deir-ez-Zor countryside, against mandatory conscription and motorbike confiscations, while QSD dispersed the protesters with gunshots, wounding a child. No fatalities were reported.",This text is about a protest with excessive force.,0,1
event_test_2340,2340,mlburnham/acled_event_entailment,Police used tear gas and water cannons and beat students protesting against Darfur referendum in El Sug El Arabi neighbourhood in Khartoum.,This text is about a protest with excessive force.,0,1
event_test_2341,2341,mlburnham/acled_event_entailment,"Palestinian security forces suppressed a rally in the West Bankcity of Hebron on Saturday that was organized by the Hizb al-Tahrir organization, and detained several members of the group after firing tear gas and allegedly assaulting protesters. Security forces declared the Ibn Rush square in the center of Hebron a 'closed military zone,' and prevented citizens from accessing the area.",This text is about a protest with excessive force.,0,1
event_test_2342,2342,mlburnham/acled_event_entailment,around a hundred people gathered in Khorughi Bolo and moved toward the central square of the city of Khorugh (Gorno-Badakhshan Autonomous) for a protest against the head of GBAO region and mayor of Khorugh and demanding their resignation. Law enforcement officers used rubber bullets and tear gas against them. As a result one person died and three were injured.,This text is about a protest with excessive force.,0,1
event_test_2343,2343,mlburnham/acled_event_entailment,"Palestinians held a demonstration east of Jabalya (North Gaza) to commemorate the 42nd anniversary of Land Day. Israeli forces fired live ammunition, rubber-coated steel bullets, and stun and tear gas canisters towards the demonstrators.",This text is about a protest with excessive force.,0,1
event_test_2344,2344,mlburnham/acled_event_entailment,"tens of thousands of demonstrators responded to the call by the Resistance Committee for nationwide demonstrations in Khartoum North (Bahri locality, Khartoum state), denouncing the military coup and calling for civilian government. Security forces (presumed police and military) fired teargas canisters to disperse the crowd. One person was killed and several demonstrators were injured.",This text is about a protest with excessive force.,0,1
event_test_2345,2345,mlburnham/acled_event_entailment,"Palestinians held a demonstration in the east of Jabalya (North Gaza) as part of the March of Return movement. Israeli forces fired live ammunition, rubber-coated steel bullets, and stun and tear gas canisters towards the demonstrators. 1 Palestinian was injured and 4 suffered from tear gas inhalation.",This text is about a protest with excessive force.,0,1
event_test_2346,2346,mlburnham/acled_event_entailment,"Soldiers reportedly killed a protester in Elemo, Girawa district, East Hararghe.",This text is about a protest with excessive force.,0,1
event_test_2347,2347,mlburnham/acled_event_entailment,Two killed during protests,This text is about a protest with excessive force.,0,1
event_test_2348,2348,mlburnham/acled_event_entailment,"Palestinians held a demonstration east of Khuzaa (Khan Yunis) as part of the March of Return movement. Israeli forces fired live ammunition, rubber-coated steel bullets, and stun and tear gas canisters towards the demonstrators. 10 Palestinians were injured and 15 suffered from tear gas inhalation.",This text is about a protest with excessive force.,0,1
event_test_2349,2349,mlburnham/acled_event_entailment,"During a protest a production coordinator of the creative department of Geo Television, who was injured by Ranger's firing, later succumbed to his injuries in Karachi. 2 more people died and 3 were injured in firing incident on protestors.",This text is about a protest with excessive force.,0,1
event_test_2350,2350,mlburnham/acled_event_entailment,police violently disperse protest in Harare.,This text is about a protest with excessive force.,0,1
event_test_2351,2351,mlburnham/acled_event_entailment,"tens of thousands of demonstrators responded to the call by the Resistance Committee for nationwide demonstrations in Omdurman (Khartoum state), denouncing the military coup and calling for a civilian government. Security forces (presumed police and military) fired teargas canisters and live bullets to disperse the crowd. Two people were killed and several others were injured. Fatalities split across two events in Khartoum and Omdurman.",This text is about a protest with excessive force.,0,1
event_test_2352,2352,mlburnham/acled_event_entailment,"Police open fire on 'mostly peaceful' CORD protesters in 'Nyanza region', killing five 'since Monday' (source dated 22/06).",This text is about a protest with excessive force.,0,1
event_test_2353,2353,mlburnham/acled_event_entailment,"at Kyauk Myaung Myothit in Tamwe township (Yangon region), locals held a protest against the Myanmar military coup and in support of the civil disobedience movement. The Myanmar military and police fired at protesters. It was not reported if rubber or live bullets were used. AAPP and DVB reported that one protester was killed after being shot in his head.",This text is about a protest with excessive force.,0,1
event_test_2354,2354,mlburnham/acled_event_entailment,Police violently disperse protest led by supporters of Ouattara,This text is about a protest with excessive force.,0,1
event_test_2355,2355,mlburnham/acled_event_entailment,"in Sintgaing town (Sintgaing township, Kyaukse district, Mandalay region), locals held a protest against the Myanmar military coup and in support of the civil disobedience movement. The Myanmar military fired either rubber or live bullets at protesters. AAPP and DVB reported that one protester was killed.",This text is about a protest with excessive force.,0,1
event_test_2356,2356,mlburnham/acled_event_entailment,12 Palestinian demonstrators were injured by Israeli forces whilst protesting against the Bahrain conference near the Erez crossing in Bayt Hanun in Southern Gaza. Three Palestinians were shot with live bullets and nine others suffered from tear-gas inhalation.,This text is about a protest with excessive force.,0,1
event_test_2357,2357,mlburnham/acled_event_entailment,"on a highway in the El Amparo sector, Independencia municipality, Anzoategui state, a man was killed during a protest by National Guard (GNB) officers. The motive of the protest was to demand the distribution of food.",This text is about a protest with excessive force.,0,1
event_test_2358,2358,mlburnham/acled_event_entailment,"Palestinian protesters held a demonstration near Bayt Hanun crossing (North Gaza) as part of the mass protesters held by Palestinians that day against of the US decision to transfer its embassy from Tel Aviv to Jerusalem, and to declare it the capital of Israel. Israeli forces fired live ammunition, and stun and tear gas canisters, at the protesters in response.",This text is about a protest with excessive force.,0,1
event_test_2359,2359,mlburnham/acled_event_entailment,"one person was killed during the protests in Leon against the government of Daniel Ortega. The demonstrations against Ortega and his wife began on April 18, 2018, in response to failed social security reforms. Demonstrators are now demanding the president's resignation after eleven years in power.",This text is about a protest with excessive force.,0,1
event_test_2360,2360,mlburnham/acled_event_entailment,"Around 20 May 2021 (between 20 - 21 May), in Tulua, Valle del Cauca, four protesters were shot and killed in two different areas of the city while putting up blockades as part of a protest. Perpetrators fired shots from inside a car in Nueva Terminal area and afterwards in Puente de las Mariposas area. Police later located and arrested three suspects. There have been ongoing nationwide anti-government demonstrations called by the National Strike Committee to demand health, education, and security reforms, among other issues . 4 fatalities.",This text is about a protest with excessive force.,0,1
event_test_2361,2361,mlburnham/acled_event_entailment,"in Shwebo town (Shwebo township, Shwebo district, Sagaing region), locals marched in protest against the Myanmar military coup and in support of the civil disobedience movement. The Myanmar military and police fired at protesters with live bullets. AAPP reported that four people were killed (including a 13-year-old boy), while DVB reported three killed. Additionally, five other civilians were also injured.",This text is about a protest with excessive force.,0,1
event_test_2362,2362,mlburnham/acled_event_entailment,Soldiers shot at least six people protesting the governments master plan in Jardega Jarte district (Horo Guduru). One teacher died and the others are in critical condition.,This text is about a protest with excessive force.,0,1
event_test_2363,2363,mlburnham/acled_event_entailment,A few Patidar youth protesting at a BJP function organized in Bhavnagar on Sunday were allegedly beaten up by the police. One of the youths was rushed to the government-run Sir T Hospital.,This text is about a protest with excessive force.,0,1
event_test_2364,2364,mlburnham/acled_event_entailment,"protests part of the Tishreen revolution continued in Nassriya city, in Thi-Qar province, with excessive force by police officers, killing and wounding several protesters. Unknown number of fatalities coded as 3.",This text is about a protest with excessive force.,0,1
event_test_2365,2365,mlburnham/acled_event_entailment,"students of a technical college gathered in front of the institution in the city of Luanda (Luanda, Luanda) in a demonstration against the increase of institution fees. The police use firearms against the students. No reports on injuries.",This text is about a protest with excessive force.,0,1
event_test_2366,2366,mlburnham/acled_event_entailment,"in Pabna, 20 people, two with bullets, were injured as police charged batons to disperse the activists of 18-party alliance (BNP) and the ruling party in Iswardi upazila in the afternoon.",This text is about a protest with excessive force.,0,1
event_test_2367,2367,mlburnham/acled_event_entailment,Bor youth demonstrating in front of the house of the governor and the state assembly were fired upon. 5 demonstrators were killed and 16 were wounded. Police sources claim the youth were armed and firing into the air at the time.,This text is about a protest with excessive force.,0,1
event_test_2368,2368,mlburnham/acled_event_entailment,A man in a group of striking taxi drivers is shot and wounded by an unknown man who neared them in a vehicle.,This text is about a protest with excessive force.,0,1
event_test_2369,2369,mlburnham/acled_event_entailment,"in Sabaneta de Barinas, Barinas state, a minor was shot while he was sleeping. The attack occurred during a protest where neighbors were demanding electric power. Two trucks with military forces arrived to disperse the protest with shoots.",This text is about a protest with excessive force.,0,1
event_test_2370,2370,mlburnham/acled_event_entailment,"several local residents and supporters of Wadani party demanded that presidential elections should be held on time in Hargeysa town (Hargeysa, Woqooyi Galbeed). The police forces fired live bullets to disperse the crowd. Several demonstrators were injured and others were arrested.",This text is about a protest with excessive force.,0,1
event_test_2371,2371,mlburnham/acled_event_entailment,Roughly 10 students were injured during clashes with security forces following protests against the 'Ucad Entreprises' forum at lUniversite Cheikh Anta Diop in Dakar,This text is about a protest with excessive force.,0,1
event_test_2372,2372,mlburnham/acled_event_entailment,"in Nawnghkio town (Nawnghkio township, Kyaukme district, Shan-North), around 200-300 locals held a protest against the Myanmar military coup and in support of the civil disobedience movement. The security forces (assumed to be the military and police) intervened and fired tear gas, sound bomb, rubber bullets and live rounds at protesters. NMG and AAPP reported one protester killed and 6 others were injured. 19 other protesters were also arrested but they were released after town elders negotiated with the security forces.",This text is about a protest with excessive force.,0,1
event_test_2373,2373,mlburnham/acled_event_entailment,"the police killed 26 sidama civilians during protests in Awasa locality (Sidama, Sidama).",This text is about a protest with excessive force.,0,1
event_test_2374,2374,mlburnham/acled_event_entailment,"Students carrying light weapons for protesting, demonstrated on Darfur. Police intervened, shooting bullets. 1 person was killed.",This text is about a protest with excessive force.,0,1
event_test_2375,2375,mlburnham/acled_event_entailment,"supporters of candidates in the Anglimp-South Waghi electorate, many of them young Kuli men, protested at Anglimp Junction on Highlands Highway near Dopdop 2 (Anglimp-South Waghi) against the results of the election claiming that it had been conducted improperly. Police intervened in the protest by shooting at the protesters, leaving four dead and wounding 15. Police investigations into the matter resulted in 8 police officers being identified as suspects in the killings.",This text is about a protest with excessive force.,0,1
event_test_2377,2377,mlburnham/acled_event_entailment,"Palestinians held a march for the right of return east of Jabalya town (North Gaza). Israeli forces replied by firing live ammunition, rubber-coated metal bullets, stun grenades, and tear gas canisters. Several protesters suffered from tear gas inhalation.",This text is about a protest with excessive force.,0,1
event_test_2378,2378,mlburnham/acled_event_entailment,"a protest of hundreds against bread shortages, price increase and scarcity of public transport was held by students in Nyala.Police intervened, using Dushka machine guns and tear gas to disperse protestors. Four students were wounded and some passed out due to the tear gas.",This text is about a protest with excessive force.,0,1
event_test_2379,2379,mlburnham/acled_event_entailment,Protest started at Adama university in the last week of November in response to the increasing numbers of federal and regional police forces on the compound. Police responded with gunfire and three days of chaos and persistent protests ensued. An unspecified number of students were reportedly injured. No reports of demonstrator violence.,This text is about a protest with excessive force.,0,1
event_test_2380,2380,mlburnham/acled_event_entailment,"protests occurred again in Omdurman. The source quotes a witness who says that security forces (coded here as police) used 'extreme violence' against the demonstrators, and arrested a number of people. Note that one South Sudanese civilian was reported to have been killed in Omdurman during the week beginning 13th January; one fatality has been recorded for this event, although it is unclear when precisely the death occurred.",This text is about a protest with excessive force.,0,1
event_test_2381,2381,mlburnham/acled_event_entailment,"a protester was killed while protesting the killing of Hizb militant Burhan Wani at Ujar in the Qazighund area (Anantnag, J&K).",This text is about a protest with excessive force.,0,1
event_test_2382,2382,mlburnham/acled_event_entailment,"Security forces attacked the participants of the protest march for the second day, after it was suppressed yesterday, police harshly beat the participants, and arrested more than 200 of them, including 30 women, while the President of the SNATEGS union Rauf Mellal was transferred to a hospital after being beaten unconscious by police.",This text is about a protest with excessive force.,0,1
event_test_2383,2383,mlburnham/acled_event_entailment,"in Daik-U town (Daik-U Township, Bago District, Bago Region), locals held a protest against the military coup and in support of the civil disobedience movement. Security forces (assumed to be Myanmar military and police) fired gunshots at protesters. AAPP and DVB reported two people killed and 6 others were injured.",This text is about a protest with excessive force.,0,1
event_test_2384,2384,mlburnham/acled_event_entailment,peaceful protest against social and economic in justice facing women of Zimbabwe-dispersed by ZRP with unnecessary force in Harare.,This text is about a protest with excessive force.,0,1
event_test_2385,2385,mlburnham/acled_event_entailment,"Fresh clashes erupted between protesters and security forces in the mainly Berber Kabylie region east of Algiers on Monday. The security forces confronted around 400 demonstrators in the regions main city Tizi Ouzou, firing tear gas and making a number of arrests.",This text is about a protest with excessive force.,0,1
event_test_2386,2386,mlburnham/acled_event_entailment,"police used tear gas and open fire on peaceful protesters in Kisangani (Tshopo). The collective of citizen movements and civil society organizations operating in Kisangani held a peaceful protest starting from the Makayabo depot, passing through the IBTP, ACKIS, Canon, and the fiftieth anniversary roundabouts to the town hall of Kisangani. They were protesting to denounce growing insecurity in the city. Police arrested around 10 protesters, and beat them up and looted their phones. Some protesters suffered gunshot wounds.",This text is about a protest with excessive force.,0,1
event_test_2387,2387,mlburnham/acled_event_entailment,Azimio supporters protested in the Tassia area of Nairobi (Nairobi - Embakasi Central) against increased cost of living among other concerns. Police are accused of shooting and killing a man during the protest after his body was discovered in his home.,This text is about a protest with excessive force.,0,1
event_test_2388,2388,mlburnham/acled_event_entailment,"in Barquisimeto (Lara), renal patients were demonstrating to demand a prompt solution from the health authorities regarding the repair or provision of medical equipment when they were attacked by unknown individuals in a drive-by shooting. No fatalities.",This text is about a protest with excessive force.,0,1
event_test_2389,2389,mlburnham/acled_event_entailment,"Palestinian protesters held a demonstration east of Jabalya town (North Gaza) in support of the Right of Return. Israeli forces fired live ammunition, rubber bullets, and stun and tear gas canisters, towards protesters while positioned behind the Green Line.",This text is about a protest with excessive force.,0,1
event_test_2390,2390,mlburnham/acled_event_entailment,05 June. Protest against the military junta broke in Nyala after Eid-prayers. Police forces used live ammunition and teargas to disperse the protest,This text is about a protest with excessive force.,0,1
event_test_2391,2391,mlburnham/acled_event_entailment,"demonstrators protested the return of agricultural land to a businessman in Abu Naama (Abu Hujar, Sennar), SAF and Rapid Support forces intervened violently, 3 shot dead and more than 5 injured.",This text is about a protest with excessive force.,0,1
event_test_2392,2392,mlburnham/acled_event_entailment,"in Santiago De Cali (Valle del Cauca), unidentified armed individuals on a motorcycle opened fire on a group of protesters who rallied in the Paso del Comercio to protest against increasing cases of police brutality reported during the ongoing political unrest. The group demanded the right for citizens to protest and raised awareness on the growing number of reports of missing protesters. Two people got killed in the attack. 2 fatalities.",This text is about a protest with excessive force.,0,1
event_test_2393,2393,mlburnham/acled_event_entailment,"IHD, TIHV, and the Contemporary Lawyers' Association (CHD) with various civil platforms gathered in Kizilay area of Ankara city to make a press statement before presenting their report on the hunger strikes to the Ministry of Justice. Police Forces dispersed the protesters and detained five lawyers from a platform using teargas and rubber bullets. One of the lawyers was hit in the head and hospitalized. Following this participants carried out the protest in front of the nearby IHD headquarters.",This text is about a protest with excessive force.,0,1
event_test_2394,2394,mlburnham/acled_event_entailment,"in Esteli, Esteli, members of the Autoconvocados opposition movement protested against the government of Daniel Ortega and demanded the President's resignation after eleven years in power. The demonstrations against Ortega and his wife began on 18 April 2018, in response to failed social security reforms. Police forces and pro-government armed men repressed the protest (methods unknown), leading to the killing of an estimate of 3 people. At least 3 fatalities.",This text is about a protest with excessive force.,0,1
event_test_2395,2395,mlburnham/acled_event_entailment,"in Somoto, Madriz, between 20 to 50 members of the Autoconvocados opposition movement held a demonstration against Daniel Ortega's regime. Hundreds of pro-government armed men on motorbikes and trucks arrived to the site, shot and fired mortars against demonstrators. Unofficial versions reported that at least one person was killed, a farmer, and six others were injured, although the official number of casualties was not confirmed. Several people were kidnapped. Protesters tried to take refuge in houses nearby. At least 1 fatality.",This text is about a protest with excessive force.,0,1
event_test_2396,2396,mlburnham/acled_event_entailment,"in Dawei town (Dawei Township, Dawei District, Tanintharyi Region), locals held a protest march against the Myanmar military coup and in support of the civil disobedience movement. Security forces (assumed to be police and military) fired at protesters to disperse the crowd. One man was killed.",This text is about a protest with excessive force.,0,1
event_test_2397,2397,mlburnham/acled_event_entailment,police fired live rounds at about 100 protesters near central square in Aktobe city of Aqtobe region after which wounded protesters were rushed to the hospital. One male resident was killed during the disturbances.,This text is about a protest with excessive force.,0,1
event_test_2398,2398,mlburnham/acled_event_entailment,"Demonstrations took place in Arbin city demanding Hayat Tahrir al-Sham to leave the city. Hayat Tahrir al-Sham members responded by firing shots to disperse demonstrators. A number or demonstrators attacked Hayat Tahrir al-Sham personal that fired the shots, but they managed to escape. No fatalities were reported.",This text is about a protest with excessive force.,0,1
event_test_2399,2399,mlburnham/acled_event_entailment,"police used tear gas and fired round bullets at protesters to disperse a protest in Oicha (Beni, Beni, Nord-Kivu). The protest was taking place following the killing of civilians by ADF the previous day (coded separately).",This text is about a protest with excessive force.,0,1
event_test_2400,2400,mlburnham/acled_event_entailment,"in Aung Pin Lae ward, Chanmyathazi town, Chanmyathazi township (Mandalay District, Mandalay Region), in the afternoon, locals including engineers protested against the Myanmar military coup and in support of the civil disobedience movement. Military and police forces intervened and fired live rounds. AAPP reported three men were killed while Irrawaddy reported one killed [coded the more recent AAPP fatality count]. At least six people were severely injured.",This text is about a protest with excessive force.,0,1
event_test_2401,2401,mlburnham/acled_event_entailment,"in Pathein town (Pathein Township, Pathein District, Ayeyarwady Region), locals including students held a protest march against the Myanmar military coup and in support of the civil disobedience movement. Police fired gunshots and protesters dispersed. However, the protesters gathered again and continued marching.",This text is about a protest with excessive force.,0,1
event_test_2402,2402,mlburnham/acled_event_entailment,"Students protested against the national agenda in Bedeno in January 2016. Security forces fired at protesters, shooting at least six and killing at least one, while police arrested at least one student.",This text is about a protest with excessive force.,0,1
event_test_2403,2403,mlburnham/acled_event_entailment,Soldiers allegedly killed a student at Nekemt Teachers College and injured at least 17 when they broke into campus and opened fire.,This text is about a protest with excessive force.,0,1
event_test_2404,2404,mlburnham/acled_event_entailment,"soldiers beat protesters who had gathered to support the return of Bobi Wine MP in Kasangati (Wakiso) with long sticks, leaving two injured on the head. Similar incidents were reported to have occurred at an unspecified location(s) on Entebbe Road.",This text is about a protest with excessive force.,0,1
event_test_2405,2405,mlburnham/acled_event_entailment,"Israeli military forces in Al Quds - Al Ayzariyah (Al Quds) town fired live and rubber-coated metal bullets, tear gas, and stun grenades at Palestinian demonstrators, wounding several demonstrators. The demonstration took place amid ongoing hostilities between Israel and Palestiniansin the Gaza Strip and East Jerusalem.",This text is about a protest with excessive force.,0,1
event_test_2406,2406,mlburnham/acled_event_entailment,"in Thaketa township (Yangon-east District, Yangon Region), locals protested against the Myanmar military coup and in support of the civil disobedience movement. Military and police forces fired rubber bullets and live rounds at the top of Thumana Road and in Yan Pyay Street. AAPP reported that three were killed. At least seven others were injured, including two in serious conditions. One of the casualties was reportedly dragged away by security forces.",This text is about a protest with excessive force.,0,1
event_test_2407,2407,mlburnham/acled_event_entailment,a student was killed during a protest in El Alto by a marble shot by police forces during a demonstration about university budget cuts.,This text is about a protest with excessive force.,0,1
event_test_2408,2408,mlburnham/acled_event_entailment,"People protests against the national agenda in Gimbi town, West Wallaga. Soldiers shot and killed a protester.",This text is about a protest with excessive force.,0,1
event_test_2409,2409,mlburnham/acled_event_entailment,"Moroccan forces 'violently' attacked Saturday peaceful demonstrations in the cities of El Aiun, Smara, Boujdour, Dakhla, calling for expanding the prerogatives of MINURSO to include monitoring of human rights in the western Sahara, leaving dozens of casualties.",This text is about a protest with excessive force.,0,1
event_test_2410,2410,mlburnham/acled_event_entailment,"Ugandan police forces fired bullets and tear gas at protesters who gathered in Kalerwe (Kampala Capital City, Kampala). Protesters gathered to denounce the killing of their colleague at the Kalerwe Market who was shot and killed by Ugandan police forces in a security operation the night prior.",This text is about a protest with excessive force.,0,1
event_test_2411,2411,mlburnham/acled_event_entailment,"Two persons said to be members of IPOB, were reportedly shot dead by military forces along Bank Road in Umuahia, while another person sustained bullet injuries while coming out from the nearby branch of Zenith Bank. At the time of the attack the members of IPOB were participating in a protest against the military. No report of protester violence.",This text is about a protest with excessive force.,0,1
event_test_2412,2412,mlburnham/acled_event_entailment,"a person was hit by a police teargas shell (assumed during a protest), fell in the river and drowned in Padgampora village (Pulwama, J&K). His body was recovered later on July 13. The incident occurred during ongoing demonstrations against the killing of Hizb militant Burhan Wani.",This text is about a protest with excessive force.,0,1
event_test_2413,2413,mlburnham/acled_event_entailment,"Protests against building of Kajbar and Dal dams. Police used batons and tear gas to disperse protesters, and arrested 30 at the protests. 9 severely beaten and injured.",This text is about a protest with excessive force.,0,1
event_test_2414,2414,mlburnham/acled_event_entailment,"striking municipal workers staged a protest outside the Steve Tshwete Municipal office in Middelburg (Steve Tshwete, Nkangala, Mpumalanga), demanding higher wages. Private security guards shot at protesters after they tried to force their way into the premises. Four people were hit, one died at the scene, and one later died in the hospital.",This text is about a protest with excessive force.,0,1
event_test_2415,2415,mlburnham/acled_event_entailment,"Resistance Committees staged a protest in Omdurman (Omdurman, Khartoum), denouncing the military coup and calling for a civilian government. Police forces and Abu Tira intervened with live ammunition, rubber bullets and tear gas, 13 protesters were wounded.",This text is about a protest with excessive force.,0,1
event_test_2416,2416,mlburnham/acled_event_entailment,Youth in Nekemte protested against the governments master plan and were met by violent response from police forces,This text is about a protest with excessive force.,0,1
event_test_2417,2417,mlburnham/acled_event_entailment,Students protested the lack of teachers in school. Police intervened on the protest. Police shot two students and injured five.,This text is about a protest with excessive force.,0,1
event_test_2418,2418,mlburnham/acled_event_entailment,"Israeli military forces near Al Nashash area junction south of Bethlehem (Bethlehem) fired live and rubber-coated steel bullets, stun and tear gas at Palestinian demonstrators. Two Palestinians were injured in Bethlehem governorate. The demonstration took place amid ongoing hostilities between Israel and Palestinians in the Gaza Strip and East Jerusalem.",This text is about a protest with excessive force.,0,1
event_test_2419,2419,mlburnham/acled_event_entailment,"police fired teargas at CCC supporters during a rally in Legion Mine (Matobo, Matabeleland South). Police arrested one CCC supporter. Several CCC supporters were hospitalized after the incident.",This text is about a protest with excessive force.,0,1
event_test_2420,2420,mlburnham/acled_event_entailment,"one person was killed during the protests in Waslala against the government of Daniel Ortega. The demonstrations against Ortega and his wife began on April 18, 2018, in response to failed social security reforms. Demonstrators are now demanding the president's resignation after eleven years in power.",This text is about a protest with excessive force.,0,1
event_test_2421,2421,mlburnham/acled_event_entailment,13 Shiite Muslim protesters seeking the release of their incarcerated leader were shot and killed by police while others were arrested. ',This text is about a protest with excessive force.,0,1
event_test_2422,2422,mlburnham/acled_event_entailment,"On Day 59 since Burhan Wani's killing, protesters were attacked with pellet guns, batons, and smoke shells in Kulgam-the injury toll for all of Kashmir on this day from protests was 400.",This text is about a protest with excessive force.,0,1
event_test_2423,2423,mlburnham/acled_event_entailment,A peaceful sit-in was violently dispersed by the police in Ben Gardane. The protesters were denouncing police repression during the riots occurred a few days earlier.,This text is about a protest with excessive force.,0,1
event_test_2424,2424,mlburnham/acled_event_entailment,"thousands of demonstrators responded to call made by Resistance Committees to demonstrate in Khartoum (Khartoum, Khartoum), denouncing military coup and calling for a civilian government. Security forces (presumed Police and Abu Tira) fired live bullets and teargas canisters to disperse the crowd. 49 were wounded.",This text is about a protest with excessive force.,0,1
event_test_2425,2425,mlburnham/acled_event_entailment,"about 3000 local residents protested in Chaplynka, Kherson, against the Russian occupation of the city and the Russian military aggression in Ukraine. Russian forces opened fire on protesters, wounding two people.",This text is about a protest with excessive force.,0,1
event_test_2426,2426,mlburnham/acled_event_entailment,"tens of thousands of demonstrators responded to the call by the Resistance Committee for nationwide demonstrations in front of the republican palace in Khartoum (Khartoum state), denouncing the military coup and calling for a civilian government. Security forces (presumed police and military) fired teargas canisters and live bullets to disperse the crowd. One person was killed and several others were injured.",This text is about a protest with excessive force.,0,1
event_test_2427,2427,mlburnham/acled_event_entailment,the army fired on people protesting in Sumbal village of Bandipora district (J&K) against the killing of 3 LeT militants earlier in Sopore. Three protesters were injured.,This text is about a protest with excessive force.,0,1
event_test_2428,2428,mlburnham/acled_event_entailment,"farmers protested in Amuda town in Al Hasakeh countryside against the new high wheat prices set by QSD. A QSD vehicle ran-over a young man during the protest, injuring him. There were no fatalities.",This text is about a protest with excessive force.,0,1
event_test_2429,2429,mlburnham/acled_event_entailment,three people were shot and killed by Liyu Police paramilitaries in Togochale town in Eastern Ethiopia supposedly while protesting against Abdi Illey.,This text is about a protest with excessive force.,0,1
event_test_2430,2430,mlburnham/acled_event_entailment,"in Myaungmya town (Myaungmya Township, Myaungmya District, Ayeyarwady Region), locals, including teachers, held a protest in front of Myaungmya Prison to demand the release of a primary school headmaster who was arrested for his involvement in support of the civil disobedience movement. Police intervened and dispersed the protest with water cannon, tear gas, and at least thirty rounds of rubber bullets. At least three people were reportedly injured and taken to the hospital for treatment.",This text is about a protest with excessive force.,0,1
event_test_2431,2431,mlburnham/acled_event_entailment,"At least 100 people, of which foreign activists, were injured after Moroccan police broke down a peaceful demonstration organized Tuesday in the city of El Aaiun, capital of Western Sahara",This text is about a protest with excessive force.,0,1
event_test_2432,2432,mlburnham/acled_event_entailment,police violently dispersed a demonstration organized by IRA activists in front of the Ministry of Justice in Nouakchott to demand the release of their leader. Six people were injured.,This text is about a protest with excessive force.,0,1
event_test_2433,2433,mlburnham/acled_event_entailment,"dozens of National Health Mission (NHM) employees sustained injuries, two of them critically, while fifty others were detained after police foiled their march to Chief Minister's residence in Srinagar. Police used tear smoke canisters and charged with batons when the protesters tried to break the cordon.",This text is about a protest with excessive force.,0,1
event_test_2434,2434,mlburnham/acled_event_entailment,"Security forces allegedly shot and killed three protesters in Wolenkomi, West Shewa.",This text is about a protest with excessive force.,0,1
event_test_2435,2435,mlburnham/acled_event_entailment,"dozens of civilians demonstrated in the village of Umm Ashba in the countryside of Ras Al Ain in Al-Hasakeh against OPS factions practices, including violence against local residents and the looting and burning of crops. OPS factions used live fire to disperse the demonstrators. The opening of fire on demonstrators in the villages of Bab al Khair, Jan Tamr, and Umm Ashba resulted in the wounding of 2 civilians. No fatalities were reported.",This text is about a protest with excessive force.,0,1
event_test_2436,2436,mlburnham/acled_event_entailment,A protest organised by the pro-reform February 20 movement in the city of Sale on 29 May was violently disrupted.,This text is about a protest with excessive force.,0,1
event_test_2437,2437,mlburnham/acled_event_entailment,"demonstrators led by the Human Rights Defenders Coalition (HRDC), who were demonstrating in Blantyre (Blantyre City, Southern) against the election results of the 21 May elections, were attacked by 25 Progressive Democratic Party (DPP) Youth Cadets armed with knives, sticks, and machetes. No fatalities reported. .",This text is about a protest with excessive force.,0,1
event_test_2438,2438,mlburnham/acled_event_entailment,An engineer was severely beaten by an army officer in front of Al-Azhar as he accompanied a group of protesters marching from the Cabinet HQ to the school. 25 soldiers allegedly engaged in assaults on the protesters.,This text is about a protest with excessive force.,0,1
event_test_2439,2439,mlburnham/acled_event_entailment,"Assumed on 6 March 2020, in Rancagua, O'Higgins region, thousands of people protested over general discontent with the government and the police intervened with tear gas. One of the tear gas can thrown by the police hit a man's head. He was sent to hospital and died on 7 March 2020. The protesters' demands include reforms in education, healthcare and pension policies, among other things. 1 fatality.",This text is about a protest with excessive force.,0,1
event_test_2440,2440,mlburnham/acled_event_entailment,"Palestinians held a protest east of Al Burayj camp (Deir El Balah) to commemorate the 42nd anniversary of Al Nakba and condemn the US decision to recognize Jerusalem as the capital of Israel and to relocate its embassy there. Israeli forces replied by firing live ammunition, stun grenades, and tear gas canisters. Four Palestinians were injured.",This text is about a protest with excessive force.,0,1
event_test_2442,2442,mlburnham/acled_event_entailment,"local people demonstrated in Kamituga locality (Mwenga, Sud-Kivu) and Mwenga against the bad state of the main road. The police intervened and fired teargas and live ammunition to disperse the crowd.",This text is about a protest with excessive force.,0,1
event_test_2443,2443,mlburnham/acled_event_entailment,"Police, helped by Imbonerakure, broke up a demonstration and took by force a civilian who was taking pictures with his camera to an unknown location.",This text is about a protest with excessive force.,0,1
event_test_2444,2444,mlburnham/acled_event_entailment,"several local residents and supporters of Wadani and Justice and Welfare Party of Somaliland party (UCID) demanded that the presidential elections should be held on time in Hargeysa town (Hargeysa, Woqooyi Galbeed). Police forces fired live bullets and teargas canisters to disperse the crowd. At least three demonstrators were killed, several others were injured and others were arrested.",This text is about a protest with excessive force.,0,1
event_test_2445,2445,mlburnham/acled_event_entailment,"Palestinians held a demonstration east of Al Burayj camp (Deir El Balah) as part of the March of Return movement. Israeli forces fired live ammunition, rubber-coated steel bullets, and stun and tear gas canisters towards the demonstrators. 6 Palestinians were injured.",This text is about a protest with excessive force.,0,1
event_test_2446,2446,mlburnham/acled_event_entailment,Civil society activists protest outside the South African embassy in Harare against ongoing xenophobic attacks against Zimbabweans in South Africa. The police violently disperse the protesters and beat them with batons.,This text is about a protest with excessive force.,0,1
event_test_2447,2447,mlburnham/acled_event_entailment,"Metlaoui joined the protest movements of Tunisia's mining basin, by holding a series of demonstrations and sit-ins which were violently suppressed by the police.",This text is about a protest with excessive force.,0,1
event_test_2448,2448,mlburnham/acled_event_entailment,residents held a sit-in for the second consecutive day in Ar Rawdah and Rudum districts (Shabwah) calling for the resignation of the local authorities that they accused of being loyal to the Islah Party. Pro-Hadi special security forces used fire arms to disperse the protesters. Casualties unknown.,This text is about a protest with excessive force.,0,1
event_test_2449,2449,mlburnham/acled_event_entailment,"hundreds of NUP supporters demonstrated in favor of their leader, Bobi Wine, after he had been arrested at his house by security forces, in Kayunga (Ntenjeru, Central). Police forces shot teargas and live bullets against demonstrators, also arresting seven NUP supporters. Two people were injured, and there were no fatalities.",This text is about a protest with excessive force.,0,1
event_test_2450,2450,mlburnham/acled_event_entailment,"Saharawi activities held 'massive demonstrations' calling for self-determination. Moroccan forces 'brutally dispersed them', leaving one injured.",This text is about a protest with excessive force.,0,1
event_test_2451,2451,mlburnham/acled_event_entailment,"in Cap-Haitien, Nord, citizens held a demonstration to demand the resignation of Prime Minister Ariel Henry and to decry the request for foreign intervention and the increase in fuel prices, among other claims. Police forces used tear gas and gunfire to disperse demonstrators. Several people were injured and taken to the hospital. It was not clarified whether the injured persons are demonstrators or bystanders. Several injured.",This text is about a protest with excessive force.,0,1
event_test_2452,2452,mlburnham/acled_event_entailment,"Police forces attack a group of protesting TASCE students, causing five deaths. However, the police deny this. The provost of TASCE reports one student death. The students embarked on the protest because of the school authority's refusal to allow over 50 per cent of the 200 level students to write examination over the non-payment of tuition fees.",This text is about a protest with excessive force.,0,1
event_test_2453,2453,mlburnham/acled_event_entailment,"Protests kicked off for a third round at the Madda Walabu University. Soldiers apparently have engaged students, detaining hundreds and firing live ammunition. One protester killed.",This text is about a protest with excessive force.,0,1
event_test_2454,2454,mlburnham/acled_event_entailment,"People protested against the government agenda in Chelenko. Soldiers allegedly fired on protesters, killing one and injuring several others.",This text is about a protest with excessive force.,0,1
event_test_2455,2455,mlburnham/acled_event_entailment,"some 100 students staging protests against the Dhaka University (DU) authorities were assaulted by a group of Bangladesh Chhatra League (BCL) activists in Dhaka, Dhaka (Dhaka).",This text is about a protest with excessive force.,0,1
event_test_2456,2456,mlburnham/acled_event_entailment,"residents and youths in Merawi town gathered at Marawi Town, Mer Awi (West Gojam, Amhara), rallied in the town chanting slogans that demand the release of imprisoned youths. ENDF and Amhara regional special forces fired live bullets on demonstrators, killing and wounding unknown number of people. Fatalities coded as 3.",This text is about a protest with excessive force.,0,1
event_test_2457,2457,mlburnham/acled_event_entailment,a demonstration was held in Khan Yunis against the high prices of goods and taxes imposed in the Gaza Strip. The protest was dispersed by live fire by Hamas security forces.,This text is about a protest with excessive force.,0,1
event_test_2458,2458,mlburnham/acled_event_entailment,"a protester was shot while protesting the killing of Hizb militant Burhan Wani in Litter town (Pulwama, J&K) and died a day later.",This text is about a protest with excessive force.,0,1
event_test_2459,2459,mlburnham/acled_event_entailment,"Utmanzai Jirga (assembly of leaders) stopped the progression of an Independence Day jeep rally at Muhajir Bazaar in Razmak town (North Waziristan, KPK) in protest against polio teams and marking their refusal to participate in any official functions. Security forces (coded as military) opened fire at them, injuring one person.",This text is about a protest with excessive force.,0,1
event_test_2460,2460,mlburnham/acled_event_entailment,Israeli forces opened fire at Palestinians demonstrating on fishing boats near Al Sudaniya area off the Coast of North Gaza (North Gaza).,This text is about a protest with excessive force.,0,1
event_test_2461,2461,mlburnham/acled_event_entailment,"Around 29 November 2013, police in Bulawayo assaulted scores of members of the Women of Zimbabwe Arise (WOZA). The activists were on their way to Mat North Resident Minister Sithokozile Mathuthus offices to submit a petition on the groups needs and expectations. Casualties/injuries not reported. Exact date of the protest is not known.",This text is about a protest with excessive force.,0,1
event_test_2462,2462,mlburnham/acled_event_entailment,Demonstrating teachers were violent repressed by police in Rabat. Several sustained serious injuries.,This text is about a protest with excessive force.,0,1
event_test_2463,2463,mlburnham/acled_event_entailment,"a group of people protested at Fountain Square in Baku, Azerbaijan, demanding release of the opposition activist who is on a hunger strike in prison. The police intervened in the protest and about 40 people were detained some of whom were severely beaten.",This text is about a protest with excessive force.,0,1
event_test_2464,2464,mlburnham/acled_event_entailment,Students at the University of Nouakchott Faculty of Medicine peacefully protested but were stopped by police. A number were of students were injured when a car ran them over.,This text is about a protest with excessive force.,0,1
event_test_2465,2465,mlburnham/acled_event_entailment,"Palestinian demonstrators commemorated the Right of Return east of Jabalya town (North Gaza). Israeli forces fired live ammunition, rubber bullets, and stun and tear gas canisters. 1 Palestinian teenager was injured as residents, who were armed according to one source, attempted to climb the border fence.",This text is about a protest with excessive force.,0,1
event_test_2466,2466,mlburnham/acled_event_entailment,"17 September. Residents of Addis Abeba held massive protests condemning the killing of innocent civilians in the outskirts of the capital by Oromo youths. Protests were held in various subcities of Addis: Addis Ketema, Gullele, Kolfe Keran (Piazza and Jemo),Yeka (Lege Tafo), Nifas Silk, Addis (Meskel square). Five people were killed as police dispersed the demonstrations with force and 600 arrested. Five fatalities spread over six VAC events.",This text is about a protest with excessive force.,0,1
event_test_2467,2467,mlburnham/acled_event_entailment,"Palestinian protesters commemorated the Right of Return east of the city of Khan Yunis (Gaza Strip). Israeli forces fired live ammunition, rubber bullets, and stun and tear gas canisters.",This text is about a protest with excessive force.,0,1
event_test_2468,2468,mlburnham/acled_event_entailment,"Turkish forces reportedly started military operations on February 10 in central Esentepe, Esenyurt ve Gungor neighborhoods of Yuksekova/Hakkari. Civilians protested against the military forces and one civilian was reported to have been killed.",This text is about a protest with excessive force.,0,1
event_test_2469,2469,mlburnham/acled_event_entailment,"between 1 to 100 workers were beaten by personnel of the construction project, while they were protesting wage arrears owed by construction company in Laoting County (Tangshan, Hebei). 4 people sustained serious injuries and were hospitalised as a result, while 3 other workers sustained minor injuries.",This text is about a protest with excessive force.,0,1
event_test_2470,2470,mlburnham/acled_event_entailment,"demonstrators responded to the call by the Resistance Committee to participate in nationwide demonstrations in Omdurman (Omdurman, Khartoum), denouncing the military coup and calling for a civilian government. Police forces and Abu Tira intervened with live ammunition, rubber bullets and tear gas. One was killed and 22 wounded.",This text is about a protest with excessive force.,0,1
event_test_2471,2471,mlburnham/acled_event_entailment,a car drove into a group of protesters in Moscow and gunfire was opened by people from another car. The attacks targeted an event supporting Green Alliance candidate for the position of Moscow Governor. The event was also a protest against construction of a plant and landfill.,This text is about a protest with excessive force.,0,1
event_test_2472,2472,mlburnham/acled_event_entailment,"Ambazonian Separatists from the Bui Unity Warriors abducted a male civilian from Saranka, Magba commune, coded to Magba (Noun, Ouest), and set his home ablaze. The circumstances surrounding the abduction are unclear.",This text is about a protest with excessive force.,1,0
event_test_2473,2473,mlburnham/acled_event_entailment,QSD forces detained 11 individuals over charges of facilitating IS militants' movements in Hole town in Al Hasakeh countryside.,This text is about a protest with excessive force.,1,0
event_test_2474,2474,mlburnham/acled_event_entailment,"an unidentified armed group affiliated with the National Unity Government kidnapped the appointed Minister of Foreign Affairs and the Minister of Technical Education for the Tobruk-based government getting sworn in that same day. The two were taken while they travelled along the coastal road. They were released the following day. Unknown location coded as Tripoli - Tripoli (Tripoli, West).",This text is about a protest with excessive force.,1,0
event_test_2475,2475,mlburnham/acled_event_entailment,HTS launched a security operation and detained a man from Huweiz town in Hama countryside who works in the humanitarian field in their areas in the Idleb area for unknown reasons.,This text is about a protest with excessive force.,1,0
event_test_2476,2476,mlburnham/acled_event_entailment,"Dozo militiamen intercepted minibuses in the area of Somadougou, and removed and abducted occupants belonging to the Fulani community.",This text is about a protest with excessive force.,1,0
event_test_2477,2477,mlburnham/acled_event_entailment,"UPC forces abducted 1 man in Yangoudroundja locality (Bria, Haute-Kotto). They accused the victim of not having given them money for a long time. His release was negotiated for a fine.",This text is about a protest with excessive force.,1,0
event_test_2478,2478,mlburnham/acled_event_entailment,"in Shwebo township (Shwebo district, Sagaing region), the Pyu Saw Htee members detained 4 locals (2 men and 2 women) while they were moving their properties from a house burnt by the Pyu Saw Htee members the day before.",This text is about a protest with excessive force.,1,0
event_test_2479,2479,mlburnham/acled_event_entailment,QSD forces detained a female child from Minas village in Aleppo province for military conscription purposes.,This text is about a protest with excessive force.,1,0
event_test_2480,2480,mlburnham/acled_event_entailment,"in Makoko, unidentified armed group kidnapped 15 civilians. On 22 September, 7 have been released in Lubero territory.",This text is about a protest with excessive force.,1,0
event_test_2481,2481,mlburnham/acled_event_entailment,"in Gangaw township (Gangaw district, Magway region), a military convoy coming from IB-50 base camp abducted some civilians for navigation and using as human shields.",This text is about a protest with excessive force.,1,0
event_test_2482,2482,mlburnham/acled_event_entailment,"in Port-au-Prince, Ouest, unidentified armed men abducted a teacher of the National high school of La Saline and several of her relatives in the Street Ruelle Alerte. There is no further information on the perpetrators and circumstances of the abduction, but recent reports suggest that gangs are likely behind abductions like this. The whereabouts of the victims are unknown.",This text is about a protest with excessive force.,1,0
event_test_2483,2483,mlburnham/acled_event_entailment,"an unidentified armed group abducted a clergyman along Atu street (Calabar South, Cross River) coded as Anantigha. There are no reports about ransom demands.",This text is about a protest with excessive force.,1,0
event_test_2484,2484,mlburnham/acled_event_entailment,"a petitioner-cum-forced evictee from Qianjiang, Hubei, was abducted by members of unknown triad groups outside a subway station in Beijing - Fengtai. He was sent to Yuanlin Police station in Qianjiang, Hubei and detained at a hospital for 15 days. On 21 April 2022, he was placed under Residential Surveillance at a Designated Location (RSDL) in an unknown location. On 1 June, he was officially charged with 'picking quarrels and provoking trouble' and detained in custody.",This text is about a protest with excessive force.,1,0
event_test_2485,2485,mlburnham/acled_event_entailment,"an unidentified armed group abducted a pastoralist in Kyanyunda (Uvira, Sud-Kivu).",This text is about a protest with excessive force.,1,0
event_test_2486,2486,mlburnham/acled_event_entailment,"Around 3 January 2019 (week of), in Kingston, Kingston, gang members kidnapped a man in Bull Bay neighbourhood, in Saint Andrew parish. The kidnapping took place after refusing to pay an extortion of $100,000 per week. Residents fear the man was killed.",This text is about a protest with excessive force.,1,0
event_test_2487,2487,mlburnham/acled_event_entailment,"around San Pablo corregimiento (Norte de Santander), members of an unidentified armed group kidnapped three contractors of the National Registrar's Office when they were going to El Tarra municipality to deliver material for the 29 October local elections. They were released hours later. There is presence of the ELN and FARC dissident groups in the area.",This text is about a protest with excessive force.,1,0
event_test_2488,2488,mlburnham/acled_event_entailment,"the Mayi Mayi Kijangala kidnapped a woman in the village of Kishagala (Uvira, Sud-Kivu), demanding a ransom of 2,000 in exchange for the hostage's release.",This text is about a protest with excessive force.,1,0
event_test_2489,2489,mlburnham/acled_event_entailment,"an unidentified armed group abducted a man who is an imam and Dozo member in the village of Farakoba (Bobo-Dioulasso, Houet).",This text is about a protest with excessive force.,1,0
event_test_2490,2490,mlburnham/acled_event_entailment,"Around 20 July 2022, an unidentified armed group abducted a former close collaborator of Francois Bozize in PK5, Bangui - 5 (Arrondissement 5, Bangui, Bangui). The victim also worked as senior non-commissioned officer for FACA before he began receiving threats from unidentified individuals.",This text is about a protest with excessive force.,1,0
event_test_2491,2491,mlburnham/acled_event_entailment,"a Zila Parishad member was attacked and abducted at a toll plaza in Bachharawan town (RaeBareli, Uttar Pradesh) by unidentified persons. No injuries or motive were reported; his vehicle was badly damaged.",This text is about a protest with excessive force.,1,0
event_test_2492,2492,mlburnham/acled_event_entailment,"Around 4 September 2023 (as reported), near Heroica Ciudad de Huajuapan de Leon, Oaxaca, according to preliminary versions of the police, members of an unidentified armed group abducted two students, a teacher, and a taxi driver in Tlaxiaco-Chalcatongo highway. The whereabouts of the victims are unknown.",This text is about a protest with excessive force.,1,0
event_test_2493,2493,mlburnham/acled_event_entailment,"soldiers of the Muzinda camp abducted a civilian near the Muzinda camp (Rugazi, Bubanza).",This text is about a protest with excessive force.,1,0
event_test_2494,2494,mlburnham/acled_event_entailment,"Boko Haram militants abducted passengers around Jakana village (Bama LGA, Borno). Reason for abduction unknown.",This text is about a protest with excessive force.,1,0
event_test_2495,2495,mlburnham/acled_event_entailment,"unidentified gunmen abducted a second-class traditional ruler of Ugah community from his home in Ugah, near Lafia (Nasarawa).",This text is about a protest with excessive force.,1,0
event_test_2496,2496,mlburnham/acled_event_entailment,"in Acayucan, Veracruz, a woman was kidnapped by armed men travelling in two vans.",This text is about a protest with excessive force.,1,0
event_test_2497,2497,mlburnham/acled_event_entailment,"QSD special forces supported by Global Coalition launched a security operation and detained a former IS leader in Jurneyyeh town in Ar Raqqa countryside, who had documents and technical equipment.",This text is about a protest with excessive force.,1,0
event_test_2498,2498,mlburnham/acled_event_entailment,"unknown people (described as armed gunmen, coded as unidentified armed group), abducted an aide of the Westlands member of parliament (ODM, Azimio) in Nairobi (Starehe, Nairobi). She is yet to be found. It is unclear whether the abduction was politically motivated.",This text is about a protest with excessive force.,1,0
event_test_2499,2499,mlburnham/acled_event_entailment,"an unidentified armed group abducted 21 travelers along Ajaokuta - Itobe road (Ajaokuta, Kogi) and took them into a forest in Ajaokuta. The abductees were rescued by security operatives and local defense militia men on 30 December [coded separately], some of the abductors were also arrested. Other sources report that 24 abductees were rescued.",This text is about a protest with excessive force.,1,0
event_test_2500,2500,mlburnham/acled_event_entailment,"in Ciudad Apodaca, Nuevo Leon, an unknown armed group kidnapped a person in a mechanical workshop located in the city center. The attackers asked for a ransom.",This text is about a protest with excessive force.,1,0
event_test_2501,2501,mlburnham/acled_event_entailment,QSD detained 2 civilians in Tal Tamer in al-Hasakeh accused of communicating with JWS.,This text is about a protest with excessive force.,1,0
event_test_2502,2502,mlburnham/acled_event_entailment,"unidentified gunmen abducted an elderly man and seized forty heads of livestock in the village of Bangoghin (Komin-Yanga, Koulpelogo).",This text is about a protest with excessive force.,1,0
event_test_2503,2503,mlburnham/acled_event_entailment,"unknown gunmen ambushed an NGO vehicle abducted an NGO employee between Boni and Douentza (Douentza, Mopti). Unknown gunmen aboard motorbikes also abducted a passenger and robbed others between Boni and Hombori.",This text is about a protest with excessive force.,1,0
event_test_2504,2504,mlburnham/acled_event_entailment,"overnight, in Bassin Bleu, Nord-Ouest, armed men kidnapped a priest and three more people, including two relatives, inside the Catholic church of Saint-Michel. Perpetrators also took all valuables from church. Though information on perpetrators remains unknown, most kidnappings in the country are gang-related. The whereabouts of the victims are unknown.",This text is about a protest with excessive force.,1,0
event_test_2505,2505,mlburnham/acled_event_entailment,"Around 9 December 2023 (week of), during the past few days, unidentified gunmen abducted a civilian while he was transporting building materials in Jadal village in the Lajat area in rural Dara for ransom. On 9 December, the victim was released in his hometown of Bweidan after the equivalent of $50,000 ransom was paid. His kidnappers kept his truck.",This text is about a protest with excessive force.,1,0
event_test_2506,2506,mlburnham/acled_event_entailment,Coalition warplanes launched a raid on Medi area.,This text is about a protest with excessive force.,1,0
event_test_2507,2507,mlburnham/acled_event_entailment,3 PKK militants were killed or injured in Turkish army airstrikes in Gara mountain (Chiya-e Gara) region of Duhok province. Fatalities coded to 0.,This text is about a protest with excessive force.,1,0
event_test_2508,2508,mlburnham/acled_event_entailment,"Russian forces carried out airstrikes near Nova Sich, Sumy. Casualties unknown.",This text is about a protest with excessive force.,1,0
event_test_2509,2509,mlburnham/acled_event_entailment,"On July 02, the global coalition conducted one airstrike near Telafar, destroying one IS vehicle.",This text is about a protest with excessive force.,1,0
event_test_2510,2510,mlburnham/acled_event_entailment,"a Saudi-led coalition airstrike reportedly targeted a pro-Houthi operative Centre in Mishar mountain area of Mustaba district, northeast of Hajjah border governorate, northwestern Yemen, killing and injuring several pro-Houthi elements. Unknown number of fatalities and injuries coded as 10.",This text is about a protest with excessive force.,1,0
event_test_2511,2511,mlburnham/acled_event_entailment,"Israeli warplanes carried out strikes and the artillery shelled targets in Al Zahra (Gaza City, Gaza Strip). Casualties unknown.",This text is about a protest with excessive force.,1,0
event_test_2512,2512,mlburnham/acled_event_entailment,The Syrian army shelled Sayad town in Hama countryside in conjunction with regime or Russian airstrikes on the town. Neither injuries nor fatalities were reported.,This text is about a protest with excessive force.,1,0
event_test_2513,2513,mlburnham/acled_event_entailment,The Saudi-led coalition carried out four air raids on pro-Houthi positions in Sublah al Jurm area of Az Zuwab in Al Qurayshiyah district of Al Bayda governorate. A tank was reportedly struck and its crew killed. Unknown fatalities coded as 10.,This text is about a protest with excessive force.,1,0
event_test_2514,2514,mlburnham/acled_event_entailment,"On Jan 3rd, the global coalition and local Iraqi government forces struck the Noor neighbourhood (Al-Zuhur district) of eastern Mosul with an airstrike, killing 1 civilian and injuring 11 others.",This text is about a protest with excessive force.,1,0
event_test_2515,2515,mlburnham/acled_event_entailment,"US Global Coalition against Daesh warplanes conducted 5 airstrikes near Al-Bukamal city in Deir-ez-Zor province, targeting the Islamic State. Neither fatalities nor injuries were reported.",This text is about a protest with excessive force.,1,0
event_test_2516,2516,mlburnham/acled_event_entailment,"Russian warplanes conducted airstrikes amid barrel bomb deployments by regime helicopters on Shahranaz town in Hama governorate. As a result, 1 civilian was killed and no injuries were reported. Total fatalities coded to 1.",This text is about a protest with excessive force.,1,0
event_test_2517,2517,mlburnham/acled_event_entailment,"US Global Coalition against Daesh warplanes conducted 2 airstrikes near Deir-ez-Zor city, engaging 2 Islamic State tactical units and destroying 5 IS lines of communication, a tactical vehicle and a defensive fighting position. No fatalities reported.",This text is about a protest with excessive force.,1,0
event_test_2518,2518,mlburnham/acled_event_entailment,A military planes belonging to Lt-Gen Khalifah Haftars Operation Dignity forces bombarded parts of Libyas Mitiga (also known as Muaytiqah) International Airport near the capital Tripoli without causing any casualties. They targeted Fajr Libya units inside the facility and 'also hit other militia positions in Tripoli'.,This text is about a protest with excessive force.,1,0
event_test_2519,2519,mlburnham/acled_event_entailment,"Four Palestinians, including 3 youths, were injured in Israeli airstrikes on Gaza City's al Tufah neighborhood on July 15 which targeted incendiary device launches.",This text is about a protest with excessive force.,1,0
event_test_2520,2520,mlburnham/acled_event_entailment,"Russian air forces carried out drone strike at Levadne, Zaporizhia. Casualties unknown.",This text is about a protest with excessive force.,1,0
event_test_2521,2521,mlburnham/acled_event_entailment,"Russian air forces conducted an airstrike on Lyubomirivka, Mykolaiv region. Casualties unknown.",This text is about a protest with excessive force.,1,0
event_test_2522,2522,mlburnham/acled_event_entailment,"PKK militants carried out drone strikes targeting Turkish army units positioned on Sehit Berivan hill (Kurdish name) of Haftanin, Northern Iraq. No information on casualties was provided by the source.",This text is about a protest with excessive force.,1,0
event_test_2523,2523,mlburnham/acled_event_entailment,"In November 2019, a coalition airstrike unintendedly hit a water factory which killed the son of the factory's owner from the Abidah tribe. Lack of recompensation led to clashes between the Ubaydah tribe and pro-Hadi military forces later in November. *Note that the event is coded at Al Irqayn area where clashes were later reported.",This text is about a protest with excessive force.,1,0
event_test_2524,2524,mlburnham/acled_event_entailment,the GNA air force conducted an airstrike in Gharyan. Total casualties rose to 220 killed and 1066 wounded since April 3rd - 99 coded over April 14th-20th,This text is about a protest with excessive force.,1,0
event_test_2525,2525,mlburnham/acled_event_entailment,"Afghan security forces (assumed military) carried out airstrikes against IS militants in Dara I Pech District, Kunar Province. 6 militants were killed; their hideout and weapons were destroyed.",This text is about a protest with excessive force.,1,0
event_test_2526,2526,mlburnham/acled_event_entailment,"Unknown warplanes targeted the villages of Ghassaniyeh and Al-Shagher In Jisr-Ash-Shugur sub-district in Idleb western countryside, no casualties were reported.",This text is about a protest with excessive force.,1,0
event_test_2527,2527,mlburnham/acled_event_entailment,regime warplanes carried out airstrikes on Zarbah in Aleppo. Some of the strikes targeted a medical facility in the town which resulted in the killing of 1 child and the wounding of 3 other people.,This text is about a protest with excessive force.,1,0
event_test_2528,2528,mlburnham/acled_event_entailment,"Reported on 27 Apr. 2016, the Iraqi Airforce killed 9 IS militants in an airstrike on IS position in Abu Maria in Telafar district, Ninewa.",This text is about a protest with excessive force.,1,0
event_test_2529,2529,mlburnham/acled_event_entailment,"Ukrainian military struck with a drone the village of Zamostye (Grayvoronskiy, Belgorod). Russian military attempted to intercept the drone, but its debris damaged 2 cars and gas station equipment and building. No casualties.",This text is about a protest with excessive force.,1,0
event_test_2530,2530,mlburnham/acled_event_entailment,Russian warplanes carried out airstrikes on Al-Latamna in Hama in conjunction with shelling of the area by regime forces. The town's hospital was damaged and put out of service by the airstrikes. Neither injuries nor fatalities were reported.,This text is about a protest with excessive force.,1,0
event_test_2531,2531,mlburnham/acled_event_entailment,"Around 2 November 2019, over the past 24 hours, 32 Taliban militants were killed including a military commission chief by an Afghan forces' airstrike in Shinkay district, Zabul.",This text is about a protest with excessive force.,1,0
event_test_2532,2532,mlburnham/acled_event_entailment,"SAF conducted air-raids (likely targeting SPLM-N-Abdelaziz who attack the area earlier, coded separately) in El Faragil (Dilling, South Kordofan). Casualties unknown.",This text is about a protest with excessive force.,1,0
event_test_2533,2533,mlburnham/acled_event_entailment,In the northern Saada province coalition jets targeted military camps and arms depots controlled by the Shiite militants. The civil airport was also hit and badly damaged.,This text is about a protest with excessive force.,1,0
event_test_2534,2534,mlburnham/acled_event_entailment,coalition airstrikes targeted the Kawfal area of Sirwah district. No injuries nor fatalities reported.,This text is about a protest with excessive force.,1,0
event_test_2535,2535,mlburnham/acled_event_entailment,"The Saudi-led coalition mistakenly carried out an air raid on a vehicle of pro-Hadi forces in the Al Mahjazah area of Sirwah district, Marib governorate. 4 fighters were killed and 4 others injured.",This text is about a protest with excessive force.,1,0
event_test_2536,2536,mlburnham/acled_event_entailment,"clashes erupted between Central African army soldiers and Wagner group militants 20 km away from Baboua area (Baboua, Baboua). Clashes began when Wagner militants assaulted a non-commissioned officer in the Central African army. Three central African soldiers were injured, and one was detained.",This text is about a protest with excessive force.,1,0
event_test_2537,2537,mlburnham/acled_event_entailment,"Russian forces engaged in an offensive in the direction of Rubizhne, Luhansk, clashing with Ukrainian forces. The Russian military intercepted 3 Ukrainian drones. Casualties unknown.",This text is about a protest with excessive force.,1,0
event_test_2538,2538,mlburnham/acled_event_entailment,"Pro-Hadi forces and affiliates reportedly penetrated 10km into Nadirah district of Ibb governorate following clashes with pro-Houthi forces, with no report of fatalities nor injuries.",This text is about a protest with excessive force.,1,0
event_test_2539,2539,mlburnham/acled_event_entailment,"in Ba Lawng Ding Sa village (Mansi township, Bhamo district, Kachin state), a combined force of the KIA (Brigade-1, 3, 12 and 27) and Kachin Region PDF attacked a military IB-250 base camp with drones and heavy weapons starting from around 8:30 am and both sides exchanged fire for two days (1 - 2 February). Casualties unknown.",This text is about a protest with excessive force.,1,0
event_test_2540,2540,mlburnham/acled_event_entailment,"in Htar Le village of Hpruso township (Loikaw district, Kayah state), the KNDF and the KA combined force attacked a convoy of three military trucks with remote controlled explosives. The KNDF reported that 26 soldiers died and over thirty were injured in two fightings from Bawlake and Hpruso townships. Fatalities coded across two events as 13.",This text is about a protest with excessive force.,1,0
event_test_2541,2541,mlburnham/acled_event_entailment,"in Angra dos Reis (Rio de Janeiro), at least four drug traffickers exchanged fire with military police in the Morro do Santo Antonio community. One drug trafficker was arrested. Police seized a replica firearm, drugs, and radio communicators. There were no fatalities.",This text is about a protest with excessive force.,1,0
event_test_2542,2542,mlburnham/acled_event_entailment,"in Baralt municipality (coded to San Timoteo, Zulia), three El Cagon gang members were killed in a clash with local police forces in the Cerro Pelon sector, Los Barrosos parish. Police seized weapons. 3 fatalities.",This text is about a protest with excessive force.,1,0
event_test_2543,2543,mlburnham/acled_event_entailment,"military forces of Armenia fired with unspecified weapons on the positions of the military forces of Azerbaijan located at Ashaghy Eskipara, Qazakh.",This text is about a protest with excessive force.,1,0
event_test_2544,2544,mlburnham/acled_event_entailment,Twenty-seven assailants were killed and 19 weapons seized in an ambush laid by the national army for the rebels at a mountain between Musama and Rugembe hills in Kabezi Commune [Bujumbura Rural].,This text is about a protest with excessive force.,1,0
event_test_2545,2545,mlburnham/acled_event_entailment,"Al Shabaab militants threw a hand grenade at government security forces (SNA) at a checkpoint in Ceelasha Biyaha village (Afgooye, Lower Shabelle). Soldiers reacted and opened gunfire in the suspected direction. There were no casualties.",This text is about a protest with excessive force.,1,0
event_test_2546,2546,mlburnham/acled_event_entailment,"the Ukrainian Forces fired 120mm and 82mm mortars, IFVs, grenade launchers and small arms at the positions of the Donbass People's Militia in the area of Ozeryanivka, Donetsk.",This text is about a protest with excessive force.,1,0
event_test_2547,2547,mlburnham/acled_event_entailment,"ethnic Afar and Somali militias clashed in Abida and Gawane woredas (location coded to Gewane) in Gewane woreda (Gabi-Zone 3, Afar). ENDF deployed its soldiers on the border between Afar and Somali regions to prevent the spread of the fighting. Casualties unknown.",This text is about a protest with excessive force.,1,0
event_test_2548,2548,mlburnham/acled_event_entailment,"between Wa Kone and Thin Gan Tone villages (coded as Wa Kone) (Dawei township, Dawei district, Tanintharyi region), a combined force of the KNLA, the Ba Htoo Army, the Dawei Collective Column and the Dawei Defense Team Unit 2 attacked a military convoy of about 300 soldiers in 17 vehicles on the Dawei - Htee Khee road starting from around 4 am and both sides exchanged fire. During the fight, the military conducted airstrikes and fired artillery rounds on the battlefield. There were 10 fatalities on the military side split across 4 days (17 - 20 February) and at least 5 fatalities on the combined force side split across 5 days (17 - 21 February). A total of fatalities coded as 4 (3 military soldiers and a member of the combined force).",This text is about a protest with excessive force.,1,0
event_test_2549,2549,mlburnham/acled_event_entailment,"JeM militants exchanged fire with CRPF and police personnel during an attack on a checkpoint in Pinglena area (Pulwama district, J&K). One policeman was killed and a CRPF soldier was left injured in the encounter.",This text is about a protest with excessive force.,1,0
event_test_2550,2550,mlburnham/acled_event_entailment,"LPR's and Ukrainian forces clashed in Severodonetsk, Luhansk. LPR's forces shelled the city, causing fire. Casualties unknown.",This text is about a protest with excessive force.,1,0
event_test_2551,2551,mlburnham/acled_event_entailment,Clashes took place between Syrian Democratic Forces against rebel group and Islamic militants in areas of Maraanaz. Information about fatalities in both parties. Unknown fatalities coded as 10.,This text is about a protest with excessive force.,1,0
event_test_2552,2552,mlburnham/acled_event_entailment,"Ukrainian forces clashed with Russian military near Hlukhiv, Sumy. Casualties unknown.",This text is about a protest with excessive force.,1,0
event_test_2553,2553,mlburnham/acled_event_entailment,"military forces of Armenia fired with unspecified weapons on the positions of the military forces of Azerbaijan located at Bala Jafarli, Qazakh.",This text is about a protest with excessive force.,1,0
event_test_2554,2554,mlburnham/acled_event_entailment,"in Rio de Janeiro - South Zone, Rio de Janeiro, there was a shoot-out between the military police and armed suspects in Vidigal community, during a police patrol. No injuries.",This text is about a protest with excessive force.,1,0
event_test_2555,2555,mlburnham/acled_event_entailment,"in Piranhas, Alagoas, a man was killed after exchanging fire with military police forces during a patrol.",This text is about a protest with excessive force.,1,0
event_test_2556,2556,mlburnham/acled_event_entailment,"Afghan military forces targeted Taliban fighters in ongoing ground and air operations in Andar District and on the outskirts of Ghazni City, Ghazni Province, on January 2, 2018. 6 militants were killed (coded across 2 events) and 5 others, including 2 commanders, were wounded. The government also claimed to have purged around 20 villages of the militants' presence.",This text is about a protest with excessive force.,1,0
event_test_2557,2557,mlburnham/acled_event_entailment,"Abgal clan militia in an operation, shot and killed an Al Shabaab informer in the vicinity of Gambole village (Jowhar, Middle Shabelle).",This text is about a protest with excessive force.,1,0
event_test_2558,2558,mlburnham/acled_event_entailment,"in Caicara del Orinoco (Cedeno), Bolivar, two clashes between Venezuelan National Guard (GNB) officers and armed assailants were held in the city, while the GNB officers were searching for two leaders of gangs. One of the clashes was held in Natario Loreto urbanization, where two assailants were shot and killed. 2 fatalities.",This text is about a protest with excessive force.,1,0
event_test_2559,2559,mlburnham/acled_event_entailment,"in La Ceiba (Atlantida), two men were shot dead and another three were injured by gunfire in an alleged armed clash. One of the victims was found with a gun next to his hand and one of the injured suspects was covering his mouth and nose with a bandana. 2 fatalities, 3 injured.",This text is about a protest with excessive force.,1,0
event_test_2560,2560,mlburnham/acled_event_entailment,"Russian forces engaged in a successful offensive near Nesterianka, Zaporizhia, and clashed with Ukrainian forces. Casualties unknown.",This text is about a protest with excessive force.,1,0
event_test_2561,2561,mlburnham/acled_event_entailment,"in Palmitopolis district (Nova Aurora, Parana), three armed men blew up a bank, set fire to a car, and shot at a car with a security guard inside. The suspects used spikes on the road to prevent the police from following them and managed to escape. It was unknown if they were able to take any money. There were no fatalities.",This text is about a protest with excessive force.,1,0
event_test_2562,2562,mlburnham/acled_event_entailment,"On or before 11 April 2020, an Islamic State sniper shot an Egyptian soldier in Sheikh Zuweiyid (Shaykh Zuwayd, North Sinai), killing the soldier.",This text is about a protest with excessive force.,1,0
event_test_2563,2563,mlburnham/acled_event_entailment,clashes took place between National Police Forces members and drug dealers in Afrin city in Aleppo countryside. Casualties unknown.,This text is about a protest with excessive force.,1,0
event_test_2564,2564,mlburnham/acled_event_entailment,"in Varzea Grande, Mato Grosso, at least three men broke into a house and shot a man to death. The victim had a criminal record for drug trafficking.",This text is about a protest with excessive force.,1,0
event_test_2565,2565,mlburnham/acled_event_entailment,"Around 6 March 2022 (week of), Fano militias clashed with Amhara regional special forces in Yejube (East Gojam, Amhara) after special force commanders asked Fano leaders to stop military training. No further information. Casualties unknown.",This text is about a protest with excessive force.,1,0
event_test_2566,2566,mlburnham/acled_event_entailment,02 July. Armed clashes oppose Jubaland troops to al Shabaab fighters between Muse Haji and Aryaale bridge.,This text is about a protest with excessive force.,1,0
event_test_2567,2567,mlburnham/acled_event_entailment,"A BSP leader was killed, and his son injured, in a shooting by an unidentified group in Buxar city, Bihar, on 18 May.",This text is about a protest with excessive force.,1,0
event_test_2568,2568,mlburnham/acled_event_entailment,"in Comondu (State of Baja California Sur), two men were attacked by alleged gang members at the Indeco y Batequitos neighbourhood. One of the victims was reported dead after the incident while the other resulted injured. 1 fatality.",This text is about a protest with excessive force.,1,0
event_test_2569,2569,mlburnham/acled_event_entailment,a male police officer was physically assaulted by a superior police official on the premises of the Nookat district police station in Nookat township of Osh region resulting in injury and medical examination.,This text is about a protest with excessive force.,1,0
event_test_2570,2570,mlburnham/acled_event_entailment,A man who hailed from Hawiye sub-clan was shot and killed by an unidentified assailant in Baalade area located south west of Bossaso. The assailant escaped and police were reported to be investigating.,This text is about a protest with excessive force.,1,0
event_test_2571,2571,mlburnham/acled_event_entailment,"somewhere in Misraq Wellega (Nekemt, Oromia), an unidentified armed group crossed the border between Oromia region and Benishangul Gumuz region and attacked people.",This text is about a protest with excessive force.,1,0
event_test_2572,2572,mlburnham/acled_event_entailment,"members of an unidentified cult militia attacked the home of a rival Aiye also known as Black Axe member and stabbed and injured his father in Badagry (Badagry, Lagos). The assailants were in search of their rival who was not at home when they arrived, his father was stabbed as a sign to show their presence.",This text is about a protest with excessive force.,1,0
event_test_2573,2573,mlburnham/acled_event_entailment,"Boko Haram attacked Alau Ngawo Fatie village of Jere Local Government Area during the late evening hours, killing 18 and burning houses. The attack last approximately two hours.",This text is about a protest with excessive force.,1,0
event_test_2574,2574,mlburnham/acled_event_entailment,"Pro government militia attack and loot Abu Denga, Jalab and Hashaba villages of Sirba locality",This text is about a protest with excessive force.,1,0
event_test_2575,2575,mlburnham/acled_event_entailment,"Around 4 May 2022 (between 27 April - 11 May), Taliban arrested and tortured local residents in Markaz-e-Behsud and Hissa-e-awali Behsud districts, Wardak. Local sources claimed that these residents were severely tortured by the Taliban forces in accusation of having connection with Alipur, a former local commander. Locals claimed that the detained are mostly young and have nothing to do with the previous regime or local commanders.",This text is about a protest with excessive force.,1,0
event_test_2576,2576,mlburnham/acled_event_entailment,"in Lourdes, Colon, two men attacked a man in his shop, where he sold horne's. The police is still investigating whether the attack was related to extortions.",This text is about a protest with excessive force.,1,0
event_test_2577,2577,mlburnham/acled_event_entailment,"Body found in Titi, Ruyigi.",This text is about a protest with excessive force.,1,0
event_test_2578,2578,mlburnham/acled_event_entailment,"an RJD supporter suspected to be involved in land mafia was shot and killed by unknown gunmen in Danapur town (Patna, Bihar) assumed over a land dispute.",This text is about a protest with excessive force.,1,0
event_test_2579,2579,mlburnham/acled_event_entailment,"in El Juncal, Yoro, a man was shot dead by several unidentified men. According to the report, the victim was driving his car nearby the Uyuca rivers when the attackers killed him. 1 fatality.",This text is about a protest with excessive force.,1,0
event_test_2580,2580,mlburnham/acled_event_entailment,"in Vitoria, Espirito Santo, two men were killed and two people were injured by armed individuals. The victims were driving a car when they stopped at a red light. A second car stopped beside them, a man stepped down and opened fire, going back inside and fleeing the scene. Police authorities believe in drug trafficking dispute as crime motivation. There are no reports on the identity of the perpetrators. 2 fatalities.",This text is about a protest with excessive force.,1,0
event_test_2581,2581,mlburnham/acled_event_entailment,"in Manaus - East Zone (Amazonas), a man was found in the Jorge Teixeira neighborhood tied up, with signs of torture, and with a broken arm. There are no reports on the identity of the perpetrators or attack motivation. There were no fatalities.",This text is about a protest with excessive force.,1,0
event_test_2582,2582,mlburnham/acled_event_entailment,"in Escuintla municipality, Escuintila, an unidentified armed group shot and killed a man at height KM 98 of the road to La Democracia. The attack was related to extortion. 1 fatality.",This text is about a protest with excessive force.,1,0
event_test_2583,2583,mlburnham/acled_event_entailment,"A drug suspect was shot dead in a vigilante-style attack by unidentified armed men. His body was found at Brgy. Salawag, Dasmarinas City, Cavite on 2 Aug 2016 with a note, 'Pusher ako (I am a drug pusher).'",This text is about a protest with excessive force.,1,0
event_test_2584,2584,mlburnham/acled_event_entailment,"in San Pedro Sula, Cortes, two unidentified armed men shot and killed a man as he was boarding his motorcycle in front of a local shop in barrio Las Palmas. The reason for the killing is unknown. 1 fatality.",This text is about a protest with excessive force.,1,0
event_test_2585,2585,mlburnham/acled_event_entailment,"suspected herders killed three farmers and injured another in Kigam and Jebbu Miango communities, coded to Miango (Bassa, Plateau)",This text is about a protest with excessive force.,1,0
event_test_2586,2586,mlburnham/acled_event_entailment,"Around 24 June 2022 (month of), in Santa Ana Coatepec, Puebla, a person was killed and his/her head was found in an advanced state of decomposition. 1 fatality.",This text is about a protest with excessive force.,1,0
event_test_2587,2587,mlburnham/acled_event_entailment,"unknown armed men killed nine people and injured more in Angolo village, near Mutchapa (Mahagi, Ituri). Houses were also burnt.",This text is about a protest with excessive force.,1,0
event_test_2588,2588,mlburnham/acled_event_entailment,"in Puerto Barrios, Izabal, unidentified attackers killed a gay man. The report does not provide further detail of the attack itself or the motivation, although local organizations claimed that the victim was killed based on his sexual orientation. 1 fatality.",This text is about a protest with excessive force.,1,0
event_test_2589,2589,mlburnham/acled_event_entailment,"Regime forces shelled Saraqab town with toxic gas, injuring 11 civilians. No fatalities were reported.",This text is about a protest with excessive force.,1,0
event_test_2590,2590,mlburnham/acled_event_entailment,Regime and Russian warplanes carried out tens of airstrikes on Almasasneh with rockets carrying poisonous gas in the northern countryside of Hama accompanied with artillery and rocket shelling. One fatality reported (coded at Lataminah) and several injuries.,This text is about a protest with excessive force.,1,0
event_test_2591,2591,mlburnham/acled_event_entailment,"Regime forces shelled Harasta city with what is believed to be toxic gas. As a result, many civilians experienced suffocation symptoms, and it was reported that 1 civilian died.",This text is about a protest with excessive force.,1,0
event_test_2592,2592,mlburnham/acled_event_entailment,"Battle between Sudanese forces and SLM/A-Nur early January around Kaguro in northwestern Jebel Marrah, leaving unidentified number killed. SLM/A-Nur quickly lost its positions around Kaguro. After their victory, SAF set up a base in Kaguro and shelled the area for three days (at least five killed). The bombs are believed to have released poisonous chemical smokes in the air, leaving many injured. They also attacked dozens of villages in the area, leaving at least eight severely damaged (Kaguro, Dedow, Harbya, Kwobey, Nyortolo, Aeow Kworoing-Elley, Nyortolo, and Nyortolo Soam). Many accounts of civilian deaths and of civilians having suffered physical violence in these attacks. Intermitent fighting continued between the two groups around Kaguro through June.",This text is about a protest with excessive force.,1,0
event_test_2593,2593,mlburnham/acled_event_entailment,Unidentified armed fighters shelled the al-Khaldiya and al-Zahraa neighborhoods of Aleppo city which caused at least 94 cases of suffocation among civilians. No fatalities were reported.,This text is about a protest with excessive force.,1,0
event_test_2594,2594,mlburnham/acled_event_entailment,"Regime warplanes and helicopters targeted Al-Latamna city in Hama. The city was targeted with chlorine gas, which caused suffocation symptoms among civilians. No fatalities reported.",This text is about a protest with excessive force.,1,0
event_test_2595,2595,mlburnham/acled_event_entailment,Warplanes targeted the headquarters of Sham Liberation Army with toxic gases in the Syrian Badia. Neither injuries nor fatalities were reported.,This text is about a protest with excessive force.,1,0
event_test_2596,2596,mlburnham/acled_event_entailment,Regime warplanes carried out Chlorine gas attacks on Mazraet Beit Jin town in Rural Damascus. No causalities were reported.,This text is about a protest with excessive force.,1,0
event_test_2597,2597,mlburnham/acled_event_entailment,"Government military and allied PDF militia destroyed SPLA rebel camp, Maryam in Awil region, southern Sudan over previous days. Sudanese armed forces and a pro-government militia caused huge losses.",This text is about a protest with excessive force.,1,0
event_test_2598,2598,mlburnham/acled_event_entailment,UPDF [Uganda Peoples Defence Forces] soldiers seized the ADF [Allied Democratic Forces] rebels headquarters in Kiribata in eastern Democratic Republic of Congo.,This text is about a protest with excessive force.,1,0
event_test_2599,2599,mlburnham/acled_event_entailment,"members of the Mozambican Defense and Security Forces regained control of the city of Palma (Palma, Cabo Delgado), after two weeks of attacks perpetrated by members of an Islamist militia in the city. At least 42 civilian fatalities added based on the Perry survey.",This text is about a protest with excessive force.,1,0
event_test_2600,2600,mlburnham/acled_event_entailment,"pro-Houthi forces reportedly took control of Halmus mountain in Dhi Naim district of Al-Bayda governorate, central Yemen, after two days of fighting against Popular Resistance fighters. 4 Resistance fighters and an unspecified number of pro-Houthi fighters were reported killed. Fatalities coded as 14 (unknown reported pro-Houthi fatalities coded as 10 + 4 Resistance fatalities).",This text is about a protest with excessive force.,1,0
event_test_2601,2601,mlburnham/acled_event_entailment,"Burkinabe police forces recaptured the town of Bondokuy (Bondokui, Mouhoun). The police had left after JNIM militants carried out several attacks in the town. No casualties.",This text is about a protest with excessive force.,1,0
event_test_2602,2602,mlburnham/acled_event_entailment,"Around 19 November 2022 (as reported), ENDF clashed with OLF-Shane in Mendi (Mendi town, West Wellega, Oromia), Nejo (coded separately), Kiltu Kara (coded separately), Gimbi (coded separately), and Tole areas (coded separately), regaining control of these areas shortly after. An unidentified number of OLF-Shane were killed. An unknown number of fatalities in active conflict zone coded as 10 and split into five areas.",This text is about a protest with excessive force.,1,0
event_test_2603,2603,mlburnham/acled_event_entailment,"Iraqi forces thwarted Islamic State terrorist attacks in the 17 Tammuz, Mushirfa, and al-Rifai neighbourhoods (al-Rabee district). Islamic state fatalities noted in source as 12 across three neighborhoods. Iraqi forces were able to recapture the northern part of the 17 Tammuz district as a result of clashes.",This text is about a protest with excessive force.,1,0
event_test_2604,2604,mlburnham/acled_event_entailment,"Military forces clear three Boko Haram camps in Alagarno forest on 04/03 (at Biu LGA) at Lawin Meleri, Matiri Bulaka and Aljeri, killing 5 members of the sect and rescuing 63 of their prisoners.",This text is about a protest with excessive force.,1,0
event_test_2605,2605,mlburnham/acled_event_entailment,"While both sides contest that they won the city during that time, UFDD decided to ceasefire for a period of time to allow civilians to flee.",This text is about a protest with excessive force.,1,0
event_test_2606,2606,mlburnham/acled_event_entailment,"ECOMOG: Economic Community of West African States Monitoring Group (Sierra Leone) and RUF: Revolutionary United Front engaged in battles in Regent (Western, Western Area Rural). No fatalities.",This text is about a protest with excessive force.,1,0
event_test_2607,2607,mlburnham/acled_event_entailment,"Around 13 September 2022 (as reported), as a result of a counteroffensive operation carried out by Ukrainian forces, Russian forces withdrew from their positions in Starytsia, Kharkiv region and Ukrainian forces recaptured it. Casualties unknown.",This text is about a protest with excessive force.,1,0
event_test_2608,2608,mlburnham/acled_event_entailment,KIA 27 under brigade 3 and government forces clashed near Laika Zup Ja village in Mansi Township on 21 Sept 2015. Battles broke out around 6:30 am to 2:00 pm. Government forces captured 2 outpost camps of KIA after a series of offensive in these days.,This text is about a protest with excessive force.,1,0
event_test_2609,2609,mlburnham/acled_event_entailment,"Houthi forces and pro-Hadi forces clashed in the areas of Nakhla, Hammat Adh Dhiab, and Hammat As Sid (Medghal, Marib) as well as Hammat Al Hamra (Sirwah, Marib) with one source claiming that Houthi forces took over Nakhla, Hammat Adh Dhiab and Hamamt as Sid areas from Hadi control. No fatalities reported.",This text is about a protest with excessive force.,1,0
event_test_2610,2610,mlburnham/acled_event_entailment,FARDC confirmed that after three days of fighting they have now recaptured all rebel positions in the hills around Mushaki(e).,This text is about a protest with excessive force.,1,0
event_test_2611,2611,mlburnham/acled_event_entailment,Houthi forces reportedly responded to attacks and regained Jabal Kawkab in Lahij governorate from anti-Houthi forces. No fatalities were reported.,This text is about a protest with excessive force.,1,0
event_test_2612,2612,mlburnham/acled_event_entailment,"Clashes took place between the Syrian regime forces and militiamen loyal to them against IS in Hmyma area in Palmyra desert in the eastern countryside of Homs governorate. The Syrian regime forces made an advancement in the area. Clashes were accompanied by shelling of warplanes, and shelling by the Syrian regime forces on the clash area. Neither injuries nor fatalities were reported.",This text is about a protest with excessive force.,1,0
event_test_2613,2613,mlburnham/acled_event_entailment,FARDC regain control of Geti and Zitono in Ituri.,This text is about a protest with excessive force.,1,0
event_test_2614,2614,mlburnham/acled_event_entailment,"Anti-Houthi forces claim to have taken control of Taba al Qud, and a large portion of Jabal Al Husn, both located in Razih district of Sadah. No fatalities were mentioned during the clashes.",This text is about a protest with excessive force.,1,0
event_test_2615,2615,mlburnham/acled_event_entailment,"following clashes, Ukrainian forces recaptured Borivske, Kharkiv region. Casualties unknown.",This text is about a protest with excessive force.,1,0
event_test_2616,2616,mlburnham/acled_event_entailment,"a coalition of Mayi-Mayi Kabido and Mayi-Mayi Mazembe militia combatants clashed with the FARDC in Kitsombiro village, near Musindi (Lubero, Nord-Kivu), during an offensive against a military position. 4 rebels and 1 soldier died in the clash. The rebels, who had established a base in this village, were driven out by the army.",This text is about a protest with excessive force.,1,0
event_test_2617,2617,mlburnham/acled_event_entailment,"Houthi forces clashed with pro-Hadi forces supported by Saudi-led coalition air raids and regained control of areas north and south of Harad city estimated around Al Malahit Junction in the northwest and Al Hijawarah in the southwest, with specific locations Al Qifl mountains in the northeast (location unclear) and Hasamah and Al Mamal villages to the south (Haradh, Hajjah). Unclear fatalities coded as 10 and split between 4 locations. The Saudi-led coalition claimed to have killed a number of Houthi fighters in 15 'operations' in Hajjah and Marib governorates that day.",This text is about a protest with excessive force.,1,0
event_test_2618,2618,mlburnham/acled_event_entailment,"pro-Hadi forces, supported by coalition fighter jets, liberated areas in Al Aqsha (Al Hazm, Al Jawf) from Houthi control after clashes. No info on fatalities.",This text is about a protest with excessive force.,1,0
event_test_2619,2619,mlburnham/acled_event_entailment,Regime forces captured the village of Shihet al-Hamra from Islamic State fighters. No injuries or fatalities were reported.,This text is about a protest with excessive force.,1,0
event_test_2620,2620,mlburnham/acled_event_entailment,"regime forces, supported by pro-regime militias, including Hezbollah and pro-Iran militias, captured the town of Tal Msebin in Aleppo following the withdrawal of HTS and JTW factions from the area following clashes with regime forces. Clashes were accompanied by airstrikes by Russian warplanes and shelling by regime forces. Clashes, airstrikes and shelling in Yaqed Eladas, Kafr Basin, Anjara, Haritan, Andan, Kafr Hamra, Second Electricty Association; March Association; Tall Nabi Noman; Fanar Association; Bishqatine; Beit Ghazi; Hota, Qiloon, Itihad Arabi Association; Muharibeen Association; Majineh, Al-Zahraa neihborhood; Al-Layramoun, Hayyan, Biyanoun, Tal Msebin, Babis, Maaret Elartiq, Bshantra, Hadi Assocation, Shuwayhanah, Tall Shuwayhanah, Kafr Dael, Kafr Aleppo, and Miznaz resulted in the killing of 34 regime, pro-regime militias, including 8 pro-Iran and Hezbollah militias, and 29 HTS, JTW, and other opposition and Islamist factions fighters. Total fatalities of 63 are split over 31 locations as follows: 3 Yaqed Eladas, 2 Kafr Basin, 2 Anjara, 2 Haritan, 2 Andan, 2 Kafr Hamra, 2 Second Electricty Association; 2 March Association; 2 Tall Nabi Noman; 2 Fanar Association; 2 Bishqatine; 2 Beit Ghazi; 2 Hota, 2 Qiloon, 2 Itihad Arabi Association; 2 Muharibeen Association; 2 Majineh, 2 Al-Zahraa neihborhood; 2 Al-Layramoun, 2 Hayyan,2 Biyanoun,2 Tal Msebin,2 Babis, 2 Maaret Elartiq, 2 Bshantra, 2 Hadi Assocation, 2 Shuwayhanah, 2 Tall Shuwayhanah, 2 Kafr Dael,2 Kafr Aleppo, 2 and Miznaz. Total fatalities coded as 2.",This text is about a protest with excessive force.,1,0
event_test_2621,2621,mlburnham/acled_event_entailment,"Clashes, accompanied by aerial bombardment and shelling, took place between regime forces and allied militias against Ahmad al Abdo Forces and Lions of the East Army in areas of the eastern desert of As-Sweida, where regime and allied forces advances to control the Kherbet al-Jarbou' area. Regime vehicles were damaged and fatalities reported on both sides. Unknown number of fatalities coded as 10.",This text is about a protest with excessive force.,1,0
event_test_2622,2622,mlburnham/acled_event_entailment,"AMISOM (KDF) warplanes bombed al Shabaab bases in Khadijo Haji Village and Gaddoondhowe villages (39km and 82km SW of Beled Xawo) in the morning of 20/08. AMISOM and al Shabaab fighters also clashed in the two villages. Allied forces were able to overtake and gain control of Gaddoondhowe. Casualties could not be initially established, though it was later learned 17 were reported dead in total.",This text is about a protest with excessive force.,1,0
event_test_2623,2623,mlburnham/acled_event_entailment,"Six grenades exploded, one soldier injured.",This text is about a protest with excessive force.,1,0
event_test_2624,2624,mlburnham/acled_event_entailment,unidentified assailants threw a hand grenade at the STC Security Belt forces HQs in Lawdar city (Abyan). There were no injuries or fatalities.,This text is about a protest with excessive force.,1,0
event_test_2625,2625,mlburnham/acled_event_entailment,"HBDH militants attacked drug sellers via improvised explosive devices [presumably thrown] in Sehitlik neighborhood of Yenisehir town, Diyarbakir. Casualties unknown.",This text is about a protest with excessive force.,1,0
event_test_2626,2626,mlburnham/acled_event_entailment,unknown tribal militants targeted a civilian residence with a sound grenade in a tribally motivated attack in between Sectors 7 and 8 of Baghdad - Sadr City. There were no fatalities.,This text is about a protest with excessive force.,1,0
event_test_2627,2627,mlburnham/acled_event_entailment,"an Al Shabaab militant threw a hand grenade at a security checkpoint near Bosaso's port entrance (Bossaso, Bari). Two Puntland police were injured by the blast.",This text is about a protest with excessive force.,1,0
event_test_2628,2628,mlburnham/acled_event_entailment,suspected Al Shabaab militants threw a hand grenade at government police forces at a checkpoint in Mogadishu - Karan (Banadir). No fatalities and/or injuries reported.,This text is about a protest with excessive force.,1,0
event_test_2629,2629,mlburnham/acled_event_entailment,An unknown attacked threw a hand grenade at the former home of the area district commissioner. His personal guards returned fire.,This text is about a protest with excessive force.,1,0
event_test_2630,2630,mlburnham/acled_event_entailment,"Unidentified attackers threw a hand grenade at the premises of a sugar factory near Yaaqshid police station. One employee of the sugar company was killed in the blast, while six others were injured. Authorities believe the target of the explosives were soldiers who typically and chew khat in front of the store frequently. The attackers managed to escape.",This text is about a protest with excessive force.,1,0
event_test_2631,2631,mlburnham/acled_event_entailment,An IED or hand grenade attack targeted a teashop in Xaawo Taako neighbourhood (Afgooye) in the morning of 06/05. A group of SNG forces were in the area when the incident happened. It is not clear whether the explosion was caused by an explosive device planted in the teashop or a hand grenade. Reports indicate that a number of SNG soldiers and civilian bystanders were injured.,This text is about a protest with excessive force.,1,0
event_test_2632,2632,mlburnham/acled_event_entailment,"unidentified armed individuals targeted a local market and a government building in Tawr al Bahah district (Tur Al Bahah, Lahij) with grenades. The two explosions were 15 minutes apart. No fatalities or injuries or damage were reported.",This text is about a protest with excessive force.,1,0
event_test_2633,2633,mlburnham/acled_event_entailment,Unknown attackers hurled a hand grenade into the Hirshabelle state house in Jowhar town. The grenade impacted an empty area close to a restaurant outside of the government house. No casualty was reported. The perpetrators managed to escape. The attack may have occurred on 11/03.,This text is about a protest with excessive force.,1,0
event_test_2634,2634,mlburnham/acled_event_entailment,"in Ocana municipality, Norte de Santander department, two unidentified armed men threw a grenade against a gas station. The explosion only caused material damages. No fatalities occurred.",This text is about a protest with excessive force.,1,0
event_test_2635,2635,mlburnham/acled_event_entailment,"As reported on December 23, Martyr Baran Dersim Vengeance Units of YPS attacked patrolling police vehicles with improvised explosives in Ipekyolu, Van. No casualties reported.",This text is about a protest with excessive force.,1,0
event_test_2636,2636,mlburnham/acled_event_entailment,"in Puerto Claver (Antioquia), Gulf Clan members threw grenades at a military unit. Two officers died and one was injured. Authorities claim that the attack is a retaliation for the arrest of three members of that armed group. 2 fatalities.",This text is about a protest with excessive force.,1,0
event_test_2637,2637,mlburnham/acled_event_entailment,The CMEV reported a grenade attack against a polling centre causing several wounded - including a policeman. Some sources reported that the attack was carried out by UPFA supporters.,This text is about a protest with excessive force.,1,0
event_test_2638,2638,mlburnham/acled_event_entailment,"an unidentified Palestinian militant(s) threw a homemade explosive device toward an Israeli military post near the entrance of Bayt Ummar village (Hebron, West Bank). There were no casualties.",This text is about a protest with excessive force.,1,0
event_test_2639,2639,mlburnham/acled_event_entailment,unidentified assailants threw a grenade at a gas distribution center in Taizz - Street 40 (Al Qahirah) injuring several civilians. The reason behind the incident was not reported.,This text is about a protest with excessive force.,1,0
event_test_2640,2640,mlburnham/acled_event_entailment,"in Ocana (Norte de Santander), ELN militants threw four grenades into the state attorney's office in the city, causing material damage in the Buenos Aires neighborhood. An ELN flag was found at the site of the explosions. No fatalities.",This text is about a protest with excessive force.,1,0
event_test_2641,2641,mlburnham/acled_event_entailment,"in Nueva Loja (Sucumbios), unidentified assailants threw a house-made explosive outside the house of a woman activist. The woman is currently suing the state for not shutting down the oil extractor lighters that were ordered by the constitutional court to be removed a year ago because of it was causing damages to the environment and health of the residents around them. There were no casualties.",This text is about a protest with excessive force.,1,0
event_test_2642,2642,mlburnham/acled_event_entailment,Two police officers were injured when a grenade exploded in the Musaga neighborhood of Bujumbura.,This text is about a protest with excessive force.,1,0
event_test_2643,2643,mlburnham/acled_event_entailment,"unidentified militants (coded as TTP) attacked a Levies checkpost in Sakhakot area (Malakand, KPK), injuring 3 FC personnel.",This text is about a protest with excessive force.,1,0
event_test_2644,2644,mlburnham/acled_event_entailment,Police intervened in a clash between Swapo Party & Rally for Democracy and Progress (RDP) party members,This text is about a protest with excessive force.,1,0
event_test_2645,2645,mlburnham/acled_event_entailment,"Israeli settlers threw stones at Palestinian vehicles traveling near Shave Shomeron settlement, near Dayr Sharaf (Nablus).",This text is about a protest with excessive force.,1,0
event_test_2646,2646,mlburnham/acled_event_entailment,"Israeli settler rioters hurled stones at Palestinian vehicles near Huwwarah (Nablus, West Bank), likely as they were passing by, causing material damages. There were no casualties.",This text is about a protest with excessive force.,1,0
event_test_2647,2647,mlburnham/acled_event_entailment,"local residents burnt 11 houses in a village (name not reported) near Bealanana (Bealanana, Bealanana, Sofia) in retaliation of the murder of a 40-year-old in Matsaborimena-Ambalabemafana regarding a property issue. The family of the deceased set 11 houses on fire 3km from there, in the hamlet of the presumed murder who made away. Gendarmerie officers shot in the air to stop the crowd. No fatalities reported.",This text is about a protest with excessive force.,1,0
event_test_2648,2648,mlburnham/acled_event_entailment,unknown rioters threw a Molotov cocktail at the backyard of a local school in Basrah City (Basrah) resulting in a fire in the backyard of the school. It is assumed that no students were present at the school during the time of the attack.,This text is about a protest with excessive force.,1,0
event_test_2649,2649,mlburnham/acled_event_entailment,"a clash occurred over a property dispute where two groups attacked each other with sticks in Jamalpur Kalan village of Kankhal, Haridwar (Uttarakhand). Several injured.",This text is about a protest with excessive force.,1,0
event_test_2650,2650,mlburnham/acled_event_entailment,"At least 28 houses have been burnt down in Kaloleni Estate, Kisumu County, by a group of suspected boda boda operators in search of motorcycle thieves.",This text is about a protest with excessive force.,1,0
event_test_2651,2651,mlburnham/acled_event_entailment,"police and UPDF rescued a presiding officer who was being beaten by a mob of DP supporters, after she incorrectly announced results, awarding his opponent the LC1 chairmanship.",This text is about a protest with excessive force.,1,0
event_test_2652,2652,mlburnham/acled_event_entailment,a group of Israeli settlers attacked Palestinian-owned cars [presumably by stones] and smashed the windows of 9 vehicles while passing in Jaber neighborhood in Hebron city (Hebron).,This text is about a protest with excessive force.,1,0
event_test_2653,2653,mlburnham/acled_event_entailment,"communal clashes occurred between members of Hindu and Muslim community, in Danda Jalalpur village near Bhagwanpura town (Roorkee, Haridwar district, Uttarakhand), during a Hindu procession for Hanuman Jayanti. 4 injured.",This text is about a protest with excessive force.,1,0
event_test_2654,2654,mlburnham/acled_event_entailment,"a vigilante mob of local residents beat and killed a truck driver, who had caused a road accident for speeding, causing the death of 5 people, in Aba (Yenga, Bouar).",This text is about a protest with excessive force.,1,0
event_test_2655,2655,mlburnham/acled_event_entailment,"Israeli settlers threw rocks at passing Palestinian vehicles at the entrance of Givat Asaf Israeli outpost settlement (Ramallah, West Bank).",This text is about a protest with excessive force.,1,0
event_test_2656,2656,mlburnham/acled_event_entailment,"Israeli settlers from Mitzpe Yair hurled stones towards a passing Palestinian vehicle on the road between Ber al-Aad and Khirbat Janbah in Mosafer Yuta (Hebron, West Bank), causing material damage to the windows of the car.",This text is about a protest with excessive force.,1,0
event_test_2657,2657,mlburnham/acled_event_entailment,"a youth mob attacked and burnt alive a 42-year-old-year-old man at Nweneso No. 3, coded to Twedie (Atwima Kwanwoma, Ashanti) for killing his concubine.",This text is about a protest with excessive force.,1,0
event_test_2658,2658,mlburnham/acled_event_entailment,"a clash ensued between locals of Durpa village and Kharpel village in Kharpunath rural municipality-5 (Humla district), over a dispute related to collecting herbs from Malika Devi Community Forest area. Eight people were injured in the incident.",This text is about a protest with excessive force.,1,0
event_test_2659,2659,mlburnham/acled_event_entailment,A minor poll-related clash between workers of political parties was reported from Dhuri on Saturday.,This text is about a protest with excessive force.,1,0
event_test_2660,2660,mlburnham/acled_event_entailment,"a group of men beat health workers at a hospital and disarmed the hospital's chief security officer in Lokoja (Lokoja, Kogi) over the death of their relative. The rioters also damage the properties of the hospital.",This text is about a protest with excessive force.,1,0
event_test_2661,2661,mlburnham/acled_event_entailment,"Houthi militants and anti-riot forces have stormed the central prison, transferring dozens of detainees to secret locations. According to eyewitnesses, Houthi militants fired on prisoners who resisted the transfer, resulting in a number of injuries.",This text is about a protest with excessive force.,1,0
event_test_2662,2662,mlburnham/acled_event_entailment,A man accused of theft is killed by a vigilante mob.,This text is about a protest with excessive force.,1,0
event_test_2663,2663,mlburnham/acled_event_entailment,"in Cartagena (Bolivar), rioters detained and beat a suspected robber, in Los Alpes neighbourhood. The victims is in the hospital due to the severity of the attack.",This text is about a protest with excessive force.,1,0
event_test_2664,2664,mlburnham/acled_event_entailment,"Around 13 August 2021 (week of), a mob of Bajrang Dal members attacked and beat a Muslim man, in Kanpur city (Kanpur district, UP), over an alleged attempt to convert a Hindu woman. 1 injured.",This text is about a protest with excessive force.,1,0
event_test_2665,2665,mlburnham/acled_event_entailment,workers of BJP and JDU clashed with each other seeking a mandate for the construction ahead of the launch of poll manifesto in Hajipur in Vaishali district (Bihar).,This text is about a protest with excessive force.,1,0
event_test_2666,2666,mlburnham/acled_event_entailment,"a group of 6 Turkish men shot and killed a 22-year-old Syrian refugee in the Bagcilar district of Istanbul province, likely over racist motives.",This text is about a protest with excessive force.,1,0
event_test_2667,2667,mlburnham/acled_event_entailment,"In an incident of Panchayat election violence, ballot papers were thrown into a pond following a clash between BJP and TMC activists in Murshidabad town, West Bengal, on 14 May.",This text is about a protest with excessive force.,1,0
event_test_2668,2668,mlburnham/acled_event_entailment,"On 13 August 2019 in Brisas del Rio, a taxi cab was set on fire outside the residence of his owner. It was suggested that the motive behind the attack was to intimidate the vehicle's owner, who opposes the new operation certification of a group of transporters.",This text is about a protest with excessive force.,1,0
event_test_2669,2669,mlburnham/acled_event_entailment,"people vandalized a fish vending stall in Purameri village (Kozhikode, KL) as they suspected the owner to have contracted coronavirus.",This text is about a protest with excessive force.,1,0
event_test_2670,2670,mlburnham/acled_event_entailment,"near In Wan Yang (N'Wan Yang Mare) village of Sa Done area (Waingmaw township, Myitkyina district, Kachin state), the KIA attacked a base of the military border guard force located in the KIA Brigade 5, Battalion 3 area at around 8:30 am causing the border guards to run away from the base and successfully took over the base. The KIA also seized some weapons and set the base on fire. The Irrawaddy reported that it was the base of the Lisu Ethnic Militia. Casualties unknown.",This text is about a protest with excessive force.,1,0
event_test_2671,2671,mlburnham/acled_event_entailment,"M23 clashed against FARDC and EPLC in several villages around Rwindi and took over Rwindi (Bwito, Rutshuru, Nord-Kivu) as well as Lueshe (coded separately). Fatalities unknown. Following the events, nine FARDC officers were summoned to Kinshasa to explain the events, as they are accused of having insufficiently fought for keeping the location.",This text is about a protest with excessive force.,1,0
event_test_2672,2672,mlburnham/acled_event_entailment,"Hujar tribal militias attacked Houthi positions in Abbaysah area of Kushar district, claiming to have taken control of Jabal Wasat (which lies near Jabal Qiyam). No info on casualties. Further clashes were reported on the eastern side of the district, notably near the Shorfani area, again with no reported casualties.",This text is about a protest with excessive force.,1,0
event_test_2673,2673,mlburnham/acled_event_entailment,"members of the Donbass People's Militia claim to have taken control of the village of Olhynka, Donetsk oblast, following a clash with Ukrainian military forces. Casualties unknown.",This text is about a protest with excessive force.,1,0
event_test_2674,2674,mlburnham/acled_event_entailment,"Military Forces of the Democratic Republic of Congo (1997-2001) and RCD-K: Rally for Congolese Democracy (Kisangani) engaged in battles in Gemena (Sud-Ubangi, Gemena). No fatalities.",This text is about a protest with excessive force.,1,0
event_test_2675,2675,mlburnham/acled_event_entailment,25 April 2019: Popular Resistance militiamen reportedly took control of the Qarbah village after clashing with Houthi forces in the area. No info on casualties.,This text is about a protest with excessive force.,1,0
event_test_2676,2676,mlburnham/acled_event_entailment,MJP attacks and captures town of Borotou in Koro region,This text is about a protest with excessive force.,1,0
event_test_2677,2677,mlburnham/acled_event_entailment,"1 Afghan Local Police personnel was killed, and 2 wounded, during an attack by Taliban militants on their posts in the Gortepa area of Khwaja Ghar district, Takhar. Local sources say that with the capture of those posts, Taliban now control Gortepa.",This text is about a protest with excessive force.,1,0
event_test_2678,2678,mlburnham/acled_event_entailment,"RSF claimed to have captured a significant number of SAF soldiers after they took control of their facility in Bahri, Khartoum North (Khartoum). RSF further claimed that the captured personnel were being treated in a humane manner. Meanwhile, SAF accused the RSF of sabotaging the network exchange in a bid to control the El Jeili refinery in the eastern part of Khartoum North. There were no fatalities.",This text is about a protest with excessive force.,1,0
event_test_2679,2679,mlburnham/acled_event_entailment,"clashes between SAF and RSF continued in Al Mamoura neighborhood in Khartoum - Al Mamoura (Khartoum). While clashes also took place in Al Sahafa Sharag and Arkawet neighbourhoods in addition to areas near SAF Air Defence Forces base, with airstrikes being reported while RSF responded with anti-aircraft fire (coded separately). RSF took over the Air Forces base in Al Amarat and seized anti-aircraft units, while SAF controlled the western side of General Command headquarters, and SAF announced their control of Al Sajana and Abo Hamama neighbourhoods (coded separately). At least 3 were killed and 71 were wounded in clashes on 15 and 16 May. Fatalities split between two days.",This text is about a protest with excessive force.,1,0
event_test_2680,2680,mlburnham/acled_event_entailment,"LURD: Liberians United for Reconciliation and Democracy and Military Forces of Liberia (1997-2003) engaged in battles in Bopolu (Gbarpolu, Bopolu). No fatalities.",This text is about a protest with excessive force.,1,0
event_test_2681,2681,mlburnham/acled_event_entailment,"Taliban militants attacked an army base in the Sayyad District of Sar-e Pol Province on the night of June 11 and captured it on the morning of June 12. They also attacked ALP and ANA checkpoints and captured the villages of Qaflaton, Aqlani, and Qashlaq. Casualties reported on both sides; 16-20 security forces and 17 Taliban were killed (33 fatalities coded across 4 events), 8 troops and 19 Taliban wounded, and 20-30 security personnel missing/captured.",This text is about a protest with excessive force.,1,0
event_test_2682,2682,mlburnham/acled_event_entailment,"Around 15 June 1997 (month of), Kamajor Militia and RUF: Revolutionary United Front engaged in battles in Tinkonko (Southern, Bo). No fatalities.",This text is about a protest with excessive force.,1,0
event_test_2683,2683,mlburnham/acled_event_entailment,"Giants Brigades forces clashed with Houthi forces and took over the villages of Bani Qays, Al Musa, Jiradha, Al Hijlah, Al Akramah, Al Atir, and Hilwah (Harib, Marib) as well as Darb Al Bu Tuhayf (Ain, Shabwah) killing and injuring hundreds of Houthi fighters. Unclear fatalities coded as 50 (half of 100) and split between 6 locations.",This text is about a protest with excessive force.,1,0
event_test_2684,2684,mlburnham/acled_event_entailment,"IS took control of Um al-Ghor in the Hama countryside from Hayat Tahrir al-Sham in clashes. Clashes in Masloukha, Qasr Bin Wardan, Hasrat, Rasm Elahmar, Sarha, Sarha al-Shamali, Mustariha, Um al-Ghor, and Byud, where Hayat Tahrir al-Sham fighters were reportedly taken captive and fighters on both sides were killed and injured. The unknown number of fatalities are coded as 10 and split between the 9 locations, with Masloukha allocated 2 fatalities and all other locations allocated 1.",This text is about a protest with excessive force.,1,0
event_test_2685,2685,mlburnham/acled_event_entailment,"IS forces captured the villages of Andarin, al-Samaqiyah, Huma, Najm al-Zuhur, and Umm al-Qurn rebel forces with neither injuries nor fatalities reported. Coded with geoprecision 2 since only Andree could be found.",This text is about a protest with excessive force.,1,0
event_test_2686,2686,mlburnham/acled_event_entailment,"RSF (supported by allied militia, coded as Darfur Arab militia) looted and set fire to the Ministry of Health, the police and central reserve headquarters, the courthouse, and the prosecutor's office in Zalingei (Zalingi, Central Darfur). RSF took over the city and seized the governor's house.",This text is about a protest with excessive force.,1,0
event_test_2687,2687,mlburnham/acled_event_entailment,Rebels controlled Abadi hill south of Maar Dis village in Hama from Syrian regime forces. Neither injuries nor fatalities were reported.,This text is about a protest with excessive force.,1,0
event_test_2688,2688,mlburnham/acled_event_entailment,"Boko Haram militants engaged ISWAP militants in an armed clash and seized ISWAP dominated Kirta Wulgo (Monguno, Borno). Scores of militants were killed with some local witnesses reporting over a hundred dead. Unknown fatalities (scores) coded as 20.",This text is about a protest with excessive force.,1,0
event_test_2689,2689,mlburnham/acled_event_entailment,"13-14 policemen (10 local policemen and 3 national policemen) were killed and 5 were wounded following attacks by Taliban Red Unit militants on 3 check points in Khwaja Ghar district centre, Takhar. Taliban overtook the check points.",This text is about a protest with excessive force.,1,0
event_test_2690,2690,mlburnham/acled_event_entailment,The Benghazi Revolutionaries Shura Council said it seized control of the air defence base near Benina airport after a battle against forces loyal to retired Maj-Gen Khalifah Haftar. The head of Al-Saiqah Special Forces denied that they had lost control.,This text is about a protest with excessive force.,1,0
event_test_2691,2691,mlburnham/acled_event_entailment,Syrian Democratic Forces captured Hunaida village from the Islamic State fighters. No reported fatalities.,This text is about a protest with excessive force.,1,0
event_test_2692,2692,mlburnham/acled_event_entailment,"Clashes erupted between special security forces and secessionist fighters in Khor Maksar, Dar Sad and Tawahi, Aden. According to Xinhua, the fighters seized government and military institutions in Khor Maksar area. At least three people were killed.",This text is about a protest with excessive force.,1,0
event_test_2693,2693,mlburnham/acled_event_entailment,"Taliban militants overtook Gizab district adminstration center, police HQ, a base, and 13 checkpoints as well as the Kakh, Chowney, Balazharah, Darah-ye Sayyidan, Qizilbash, KhiliNawo, and Omid areas of the district. 13 policemen were taken as hostages. 3 policemen were killed during an attack by Taliban on a prison and 2 policemen were killed during other clashes. One event coded for each location, 8 events coded in total, Kakh, Chowney, Balazharah, Darah-ye Sayyidan, Qizilbash, Gizab with GP2 coded for Omid and Gizab district centre. All fatalities coded to Gizab center. Reports indicate casualties are likely higher, but exact numbers remained unknown as communications are cut.",This text is about a protest with excessive force.,1,0
event_test_2694,2694,mlburnham/acled_event_entailment,Fighters aligned with the government have briefly seized an animal market in Mogadishu on the outskirt of Heliwa district north of Mogadishu after they attacked Islamic soldiers. Two civilians were killed in the fighting .,This text is about a protest with excessive force.,1,0
event_test_2695,2695,mlburnham/acled_event_entailment,"Taliban militants captured Herat airport and the Zafar Army Corps in Guzara district, Herat. During the take over, 300 Afghan army personnel surrendered to the Taliban. No other information on casualties.",This text is about a protest with excessive force.,1,0
event_test_2696,2696,mlburnham/acled_event_entailment,"Mayi Mayi Militia (Morgan Ekasambaza) clashed with FARDC and overtook TP village, Ituri to avenge the injuring of Leader Morgan two months ago.",This text is about a protest with excessive force.,1,0
event_test_2697,2697,mlburnham/acled_event_entailment,NLA forces capture a small southern town.,This text is about a protest with excessive force.,1,0
event_test_2698,2698,mlburnham/acled_event_entailment,"Mayi-Mayi Yakutumba overtook the territory of Kangwe village (Fizi, Sud-Kivu), following a clash against the Ngumino and Twiganeho militiamen (led by Rukundo Makanika). 2 women were killed, and several homes were torched. Displacements of civilians were reported.",This text is about a protest with excessive force.,1,0
event_test_2699,2699,mlburnham/acled_event_entailment,"Rebel forces take Bin Jawwad, Gaddafi forces retreat toward Sirte, a stronghold.",This text is about a protest with excessive force.,1,0
event_test_2700,2700,mlburnham/acled_event_entailment,"Around 15 May 1997 (month of), Kamajor Militia and RUF: Revolutionary United Front engaged in battles in Zimmi (Southern, Pujehun). No fatalities.",This text is about a protest with excessive force.,1,0
event_test_2701,2701,mlburnham/acled_event_entailment,Rebel forces capture several towns in the west. Causalities and exact dates not reported.,This text is about a protest with excessive force.,1,0
event_test_2702,2702,mlburnham/acled_event_entailment,"a group of students and teachers staged a protest demonstration on DU campus (Shahbagh, Dhaka city) demanding withdrawal of the honorary doctorate degrees awarded to three Pakistani leaders by the university before Bangladesh's independence.",This text is about a protest with excessive force.,1,0
event_test_2703,2703,mlburnham/acled_event_entailment,"near La Chorrera, Panama Oeste, for the second consecutive day, local residents staged a protest on the highway to Puerto Caminito to demand that authorities reconnect the water service. Police forces were deployed in the area but did not intervene in the protest.",This text is about a protest with excessive force.,1,0
event_test_2704,2704,mlburnham/acled_event_entailment,"for the 10th consecutive week, at the call of the Moroccan Commission for the Support of the Islamic Nation Causes, worshippers demonstrated following the Friday prayer in Settat (Settat, Casablanca-Settat) in support to Palestine and to denounce Israeli military operations in Gaza and Morocco's normalization with Israel.",This text is about a protest with excessive force.,1,0
event_test_2705,2705,mlburnham/acled_event_entailment,"The Congress on August 9, staged a protest at Vidhan Sabha in Lucknow to protest against the anti-poor and anti-secular policies of the Modi government and vowed to defeat the communal and fascist forces.",This text is about a protest with excessive force.,1,0
event_test_2706,2706,mlburnham/acled_event_entailment,"in Sinaloa state (coded to Culiacan Rosales), members of the Mexican Alliance of Transport Organizations (AMOTAC) protested against increases in the cost of diesel and tolls, insecurity and extortion.",This text is about a protest with excessive force.,1,0
event_test_2707,2707,mlburnham/acled_event_entailment,pro-Palestinian demonstrators rallied at Marion Square in Charleston (South Carolina) to demand a 'Free Palestine' and an end to Israel's 'killing of children'. The rally included Arab Americans and the local BLM chapter. The demonstration took place in the wake of renewed fighting between Israel and Hamas.,This text is about a protest with excessive force.,1,0
event_test_2708,2708,mlburnham/acled_event_entailment,"patients and their relatives held a protest demonstration at Civil Hospital in Larkana city (Larkana, Sindh), against the strike by the paramedics of Chandka Hospital as they were denied medical examination and treatment.",This text is about a protest with excessive force.,1,0
event_test_2709,2709,mlburnham/acled_event_entailment,"Lawyers staged a protest demonstration in Shaheed Benazirabad for the 23rd consecutive day, for the arrest of the accused murderers of the former Chairman of the Sindh Bar Council.",This text is about a protest with excessive force.,1,0
event_test_2710,2710,mlburnham/acled_event_entailment,"Hundreds ofresidents of Ardee City in Sector 52 in Gurgaon, on November 25, protested against the recent decision of the builder to replace their postpaid power meters.",This text is about a protest with excessive force.,1,0
event_test_2711,2711,mlburnham/acled_event_entailment,"a group of Junior Secondary School (JSS) intern teachers from Busia County protested in Busia (Matayos, Busia) against their employment terms. The group demanded the government through the Teachers' Service Commission (TSC) to comply with a recent court order to grant them permanent and pensionable employment terms as well as compensation for the period worked while underpaid.",This text is about a protest with excessive force.,1,0
event_test_2712,2712,mlburnham/acled_event_entailment,Government Tiruvannamalai Medical College doctors and students continue a protest which began two days prior. The protest is against a group of disability rights activists after the group denounced their practices.,This text is about a protest with excessive force.,1,0
event_test_2713,2713,mlburnham/acled_event_entailment,"locals and civil society members held a protest demonstration in Kohat city (Kohat, KPK), against prolonged gas load shedding.",This text is about a protest with excessive force.,1,0
event_test_2714,2714,mlburnham/acled_event_entailment,about 70 protesters gathered in the area of the Civic Circle and City Hall in Longview (Washington) in support of the Black Lives Matter movement and against police brutality.,This text is about a protest with excessive force.,1,0
event_test_2715,2715,mlburnham/acled_event_entailment,"13 members of 'Jeju Resident's Conference Against The 2nd Jeju Airport' went on a demonstration, riding bikes with pickets from Jeju Provincial Council to Jeju Intercity Bus Terminal in Jeju. They demanded to establish a special committee which would publicize issue.",This text is about a protest with excessive force.,1,0
event_test_2716,2716,mlburnham/acled_event_entailment,"in La Plata (Buenos Aires), members of civil society organizations including people linked to the 2020's land occupation in Guernica city, the Front of Organizations in Action (FOL), Workers' Left Front (FIT), Workers' Party (PO), and Polo Obrero, occupied more than five blocks in a march towards the Provincial Palace to demand the compliance of the commitment to provide a pre-award of lots for 180 days, and a one-time ARS 30,000 subsidy.",This text is about a protest with excessive force.,1,0
event_test_2717,2717,mlburnham/acled_event_entailment,"in Maungdaw Township, in Rakhine State, a protest was held to call for ending the conflicts happening in Rakhine and for the refugees to be able to return to their villages.",This text is about a protest with excessive force.,1,0
event_test_2718,2718,mlburnham/acled_event_entailment,"Janwadi Istri Sabha (women's wing of RPMI) staged a protest at Desh Bhagat Yadgar Hall in Jalandhar (Jalandhar, Punjab) demanding that Bishop Mulakkal be arrested after having been accused of raping a nun.",This text is about a protest with excessive force.,1,0
event_test_2719,2719,mlburnham/acled_event_entailment,"hundreds of people, including the friends and family of Romane Bonnier and their supporters, marched through the neighbourhood of Milton Parc in Montreal - Center East (Quebec) in memory of the 17th feminicide in Quebec and to call for the end of gender violence. The victim, Romane Bonnier, was stabbed to death in the neighbourhood of Milton Parc earlier in the month by a former romantic partner.",This text is about a protest with excessive force.,1,0
event_test_2720,2720,mlburnham/acled_event_entailment,"in response to the call of the Democratic Union for Justice under the Democratic Federation of Labour, court clerks held protests against their marginalization and exclusion from institutions of judicial governance in various cities including Tangier, Marrakech, Tetouan, Nador, El Jadida, Safi, Settat, Ourzazate, Errachidia, Fes, Meknes, Casablanca, Khouribga, Beni Mellal, Kenitra, Agadir, Al-Hoceima, Oujda, Taza, El Aioun, Rabat.",This text is about a protest with excessive force.,1,0
event_test_2721,2721,mlburnham/acled_event_entailment,"3 protesters took part in a series of pickets at different locations in St. Petersburg, protesting against the Russian military invasion of Ukraine. Police intervened in the event, arresting all protesters.",This text is about a protest with excessive force.,1,0
event_test_2722,2722,mlburnham/acled_event_entailment,"hundreds of pro-Palestinian protesters, including members of the Palestinian Youth Movement, Occupation Free DC, Dissenters DMV, Party for Socialism and Liberation, Maryland2Palestine, and Harriet's Wildest Dreams (African American group), gathered at Washington Ave and D Street SW in Washington DC - Southwest (District of Columbia) to protest against the decision to cut funding to United Nations Relief and Works Agency (UNRWA) and US military action in Yemen and call for a permanent ceasefire between Israel and Hamas, and end to US aid to Israel, and an end to Israeli 'occupation.' Several major roads in the area were closed. Capitol Police arrested 11 people for crowding, obstructing, or incommoding. Three of the 11 were also charged with resisting arrest. The demonstration took place amid the Israel-Hamas war which began in October 2023.",This text is about a protest with excessive force.,1,0
event_test_2723,2723,mlburnham/acled_event_entailment,"Hundreds of cadres belonging to the Communist Party of India (CPI) and its front organisations courted arrest in Thanjavur and Tiruvarur after staging a gherao protest of the district collector offices to highlight their 10-point charter of demands, including declaring Tamil Nadu drought-affected and extending all attendant facilities.",This text is about a protest with excessive force.,1,0
event_test_2724,2724,mlburnham/acled_event_entailment,police detained 54 protesters in the Dannenrod Forest near Homberg (Ohm) who set up blockades and protested against the felling of trees and the construction of the highway A49.,This text is about a protest with excessive force.,1,0
event_test_2725,2725,mlburnham/acled_event_entailment,"some PML-N workers tried to stage a protest in front of the NAB office in Iqbal town (Lahore, Punjab) against the arrest of party leader Shehbaz Sharif but Pak Rangers came and dispersed them.",This text is about a protest with excessive force.,1,0
event_test_2726,2726,mlburnham/acled_event_entailment,"in Santiago de Chile, a group of counter-protesters demonstrated against a group of citizens marching for the strengthening of migrations laws in the country. The group claims an anti-migration march as a xenophobic event. Police reported that 20 counter-protesters were arrested during the demonstrations.",This text is about a protest with excessive force.,1,0
event_test_2727,2727,mlburnham/acled_event_entailment,"a group of youth, presumed Jubilee Party and Azimio coalition supporters, disrupted a United Democratic Alliance (UDA) organized rally by shouting Jubilee Coalition and Azimio slogans in Kiamwangi (Githunguri, Kiambu). The Deputy President's security (believed to be police) dispersed the group.",This text is about a protest with excessive force.,1,0
event_test_2728,2728,mlburnham/acled_event_entailment,"Around 18 July 2019, market women in Kumasi gathered and were about to start a protest against relocation fees charged for moving into a newly constructed market. Police forces intervened at an early stage to prevent the protest.",This text is about a protest with excessive force.,1,0
event_test_2729,2729,mlburnham/acled_event_entailment,20 people protested in central Nelson (Nelson) against the lockdown imposed due to the coronavirus. 4 protesters were arrested for breaking health measures.,This text is about a protest with excessive force.,1,0
event_test_2730,2730,mlburnham/acled_event_entailment,"about 100 people took part in an unauthorized protest in Novosibirsk against Moscow's appointment of a new acting Khabarovsk Krai governor and in support of the previous LDPR governor of Khabarovsk Krai Sergei Furgal who was arrested on charges of involvement in multiple murders of several businessmen in the region and nearby territories in 2004 and 2005, criticizing and calling for the removal of President Putin. Furgal's supporters maintain that the charges were politically motivated. Police detained at least 3 people.",This text is about a protest with excessive force.,1,0
event_test_2731,2731,mlburnham/acled_event_entailment,"Protests also took place in the cities of Gedarif, Kosti and Sennar.",This text is about a protest with excessive force.,1,0
event_test_2732,2732,mlburnham/acled_event_entailment,"hundreds of youths in the Saksham Yuva scheme took out a protest march towards the CM's office in Karnal (Karnal, Haryana) but were stopped by police. The protesters then sat on dharna demanding the abolition of the age requirement and job related demands.",This text is about a protest with excessive force.,1,0
event_test_2733,2733,mlburnham/acled_event_entailment,"an IED of unidentified origin targeted a vehicle of special security forces from Shabwah near Bin Maili petrol station in Al Juayshiyah (Marib, Marib) killing 3 special security officers.",This text is about a protest with excessive force.,1,0
event_test_2734,2734,mlburnham/acled_event_entailment,"in a rural area of Tumaco (Narino), three soldiers were killed after stepping on a landmine in Mata de Platano vereda. Four other soldiers and a civilian were also injured in the explosion, which was attributed to the Oliver Sinisterra Front of FARC dissidents (name changed to Alfonso Cano Front in 2020). 5 wounded, 3 fatalities.",This text is about a protest with excessive force.,1,0
event_test_2735,2735,mlburnham/acled_event_entailment,Militants detonated a road bomb in Narathiwat's Rueso district's Salo village as a police pickup truck passed on March 23. There were no injuries reported among the police in the truck.,This text is about a protest with excessive force.,1,0
event_test_2736,2736,mlburnham/acled_event_entailment,"an IED planted by unidentified gunmen exploded in the university (al-Jama'a) area of Idleb city, injuring a civilian. No fatalities were reported.",This text is about a protest with excessive force.,1,0
event_test_2737,2737,mlburnham/acled_event_entailment,"At least 15 people, including children, journalists and security officials, were injured in three separate bomb attacks targeting Shi'i Muslims in different areas of Karachi. No group has claimed responsibility.",This text is about a protest with excessive force.,1,0
event_test_2738,2738,mlburnham/acled_event_entailment,"an Afghan military supply convoy was hit by an IS-planted IED in PD7 of Jalalabad city, Nangarhar. No information on casualties.",This text is about a protest with excessive force.,1,0
event_test_2739,2739,mlburnham/acled_event_entailment,"a landmine from previous clashes planted by an unknown armed group exploded in Al-Dawah (Western Al Bayarat) area near Tadmor city in eastern Homs countryside, injuring a man while he was grazing his sheep. He died a day later from his wounds. 1 fatality.",This text is about a protest with excessive force.,1,0
event_test_2740,2740,mlburnham/acled_event_entailment,"a male civilian aboard a motorcycle struck an IED between Madjoari and Tambarga (Madjoari, Kompienga). The civilian was killed by the explosive likely planted by JNIM militants. The victim was the son of the traditional chief of Madjoari.",This text is about a protest with excessive force.,1,0
event_test_2741,2741,mlburnham/acled_event_entailment,"in Campo Alegre (Alagoas), an armed group of eight to ten people blew up a bank, opened fire, and held civilians hostage. The group escaped and released the hostages go unharmed. There were no casualties.",This text is about a protest with excessive force.,1,0
event_test_2742,2742,mlburnham/acled_event_entailment,"a landmine from previous clashes planted by QSD forces detonated in the vicinity of Abyan Saman in Aleppo province, killing 1 civilian and injuring a child. 1 fatality.",This text is about a protest with excessive force.,1,0
event_test_2743,2743,mlburnham/acled_event_entailment,"An army officer was killed while attempting to defuse an IED planted by Islamic State militants in the area of Kubaysah, west of the city Hit.",This text is about a protest with excessive force.,1,0
event_test_2744,2744,mlburnham/acled_event_entailment,"Jinen Tirejen Roje militants carried out a remote explosive attack targeting an armored police vehicle in Orman neighborhood of Yuksekova town, Hakkari. Jinen Tirejen Roje claimed 3 police officers were injured in the attack.",This text is about a protest with excessive force.,1,0
event_test_2745,2745,mlburnham/acled_event_entailment,"An official (worker) of FWO was injured and vehicle was also damaged in Tajaban bombing, 80 Km East of Turbat.",This text is about a protest with excessive force.,1,0
event_test_2746,2746,mlburnham/acled_event_entailment,"an Armenian civilian detonated a landmine near Chinari village, Tavush region as a result of which he received various injuries. It is unclear who planted the mine.",This text is about a protest with excessive force.,1,0
event_test_2747,2747,mlburnham/acled_event_entailment,"a landmine from previous clashes planted by an unknown armed group exploded in a man's car in the vicinity of Abu Laffah town in Hama countryside, killing the man.",This text is about a protest with excessive force.,1,0
event_test_2748,2748,mlburnham/acled_event_entailment,"a roadside IED by suspected Al Shabaab detonated, targeting Jubaland security forces in Towfiq village near Far Waamo village (Jamaame, Lower Juba). There were no casualties.",This text is about a protest with excessive force.,1,0
event_test_2749,2749,mlburnham/acled_event_entailment,"bomb blast ripped through the house of Shafiq Mengal, a son of former federal minister Naseer Mengal, followed by aerial firing, claiming twelve lives and injuring at least 25.",This text is about a protest with excessive force.,1,0
event_test_2750,2750,mlburnham/acled_event_entailment,"an IED planted by an unknown armed group exploded in a QSD vehicle on Quamishli-Amuda road in Al Hasakeh countryside, injuring two QSD fighters. No fatalities were reported.",This text is about a protest with excessive force.,1,0
event_test_2751,2751,mlburnham/acled_event_entailment,"an IED planted by Taliban destroyed an Afghan military APC, killing and injuring all inside, in Kikak of Ghorak district, Kandahar. Unknown number of fatalities coded as 10.",This text is about a protest with excessive force.,1,0
event_test_2752,2752,mlburnham/acled_event_entailment,"two children were wounded when a bomb they were playing with exploded in the Du Ab area of Musa Qala district, Helmand. It's unclear who left the bomb.",This text is about a protest with excessive force.,1,0
event_test_2753,2753,mlburnham/acled_event_entailment,"a landmine planted by Taliban militants destroyed an Afghan military ranger pickup, killing 8 soldiers, in Speni Tezi of Washir district, Helmand.",This text is about a protest with excessive force.,1,0
event_test_2754,2754,mlburnham/acled_event_entailment,"according to some sources, Russian forces blew up a bridge in Khromove, Donetsk region. Other sources claim that Ukrainian forces blew up the bridge.",This text is about a protest with excessive force.,1,0
event_test_2755,2755,mlburnham/acled_event_entailment,"in the South Zone of Rio de Janeiro, Rio de Janeiro, a woman was raped inside her house by a Military Police officer in Copacabana neighborhood. The officer entered the building to collect details on a report for another incident.",This text is about a protest with excessive force.,1,0
event_test_2756,2756,mlburnham/acled_event_entailment,"an Imbonerakure sexually attacked a woman (member of the same party) in Rwingoma (Buhiga, Karuzi). The victim had sought shelter from rain under the perpetrator's veranda when she was pulled inside and sexually assaulted. The victim has been taken to the hospital while authorities have not arrested the perpetrator.",This text is about a protest with excessive force.,1,0
event_test_2757,2757,mlburnham/acled_event_entailment,"in Delgado, San Salvador, two members of the MS-13 raped, killed and dismembered a woman in colonia Altos de Santa Maria. The victim was subject to sexual torture. She was decapitated, dismembered and buried. The crime was filmed by the perpetrators. The motivation for the attack is unknown. 1 fatality.",This text is about a protest with excessive force.,1,0
event_test_2758,2758,mlburnham/acled_event_entailment,The CODEPEF human rights NGO reported that Mayi Mayi Simba militiamen killed 2 people and raped 4 women over the past week in the Babila Babombi chiefdom in Mambasa territory.,This text is about a protest with excessive force.,1,0
event_test_2759,2759,mlburnham/acled_event_entailment,"Unidentified Armed Group (DRC) carried out rapes in Kanguli, Fizi at night.",This text is about a protest with excessive force.,1,0
event_test_2760,2760,mlburnham/acled_event_entailment,"Boko Haram fighters attacked Gakara, Mayo Sava: 3 women were raped.",This text is about a protest with excessive force.,1,0
event_test_2761,2761,mlburnham/acled_event_entailment,"in Port-au-Prince, Ouest, armed men gang-raped two female students when they were leaving the Quisqueya University. 2 injured.",This text is about a protest with excessive force.,1,0
event_test_2762,2762,mlburnham/acled_event_entailment,"an Ambazonian Separatists sexually assaulted a 15 years old girl in a farmland in Bandiv-Djottin, Djottin subdivision (Noni, Bui, Nord-Ouest), coded to Djottin.",This text is about a protest with excessive force.,1,0
event_test_2763,2763,mlburnham/acled_event_entailment,"11 people were injured and 2 women were raped likely on the side of fighting between APCLS and NDC-R and Nyatura Jean-Marie in the Rukenge, Mokoto-Bashali (no coordinates available, near Lukweti, Bashali, Masisi, Nord-Kivu) (fighting coded separately).",This text is about a protest with excessive force.,1,0
event_test_2764,2764,mlburnham/acled_event_entailment,"Around 31 March 2022, three Imbonerakure sexually abused a lady on Mugomere hill, Rumonge commune (Rumonge). The three suspects were arrested.",This text is about a protest with excessive force.,1,0
event_test_2765,2765,mlburnham/acled_event_entailment,"Chut Pyin village, Rathedaung Township, Rakhine State, a Myanmar army soldier raped and then killed a 22-year-old Rohingya woman.",This text is about a protest with excessive force.,1,0
event_test_2766,2766,mlburnham/acled_event_entailment,"an Imbonerakure raped a young girl in Gakoni (Giteranyi, Muyinga).",This text is about a protest with excessive force.,1,0
event_test_2767,2767,mlburnham/acled_event_entailment,"Militiamen seized and raped 3 women from Kalma camp in Ba'ashum area, and severely beat and robbed 9 other displaced persons.",This text is about a protest with excessive force.,1,0
event_test_2768,2768,mlburnham/acled_event_entailment,FARDC carried out numerous rapes in Minova. Some sources suggest 72 rapes but the UN does not confirm this figure.,This text is about a protest with excessive force.,1,0
event_test_2769,2769,mlburnham/acled_event_entailment,"SPLA soldiers looted properties and livestock; raped women and girls; occupied schools; and arrested several men in the villages of Pajok, Ayaci, Palwar and Lerwa in Magwi county (Eastern Equatoria state). Victims assumed to be Madi. There were no fatalities.",This text is about a protest with excessive force.,1,0
event_test_2770,2770,mlburnham/acled_event_entailment,"an unidentified armed group abducted and raped a woman in Kagano village, Busanza groupment (Rutshuru, Nord-Kivu). The hostage was released the following day after the payment of a $500 ransom.",This text is about a protest with excessive force.,1,0
event_test_2771,2771,mlburnham/acled_event_entailment,"Ongoing abduction, rape and abandonment of women by Interahamwe.",This text is about a protest with excessive force.,1,0
event_test_2772,2772,mlburnham/acled_event_entailment,Three people were killed and a woman was raped in the locality of Kireinik in West Darfur,This text is about a protest with excessive force.,1,0
event_test_2773,2773,mlburnham/acled_event_entailment,"SNR officers and an Imbonerakure stripped naked and abducted a member of the CNL on Tenga hill (Mutimbuzi, Bujumbura Rural). His family tried to find him in vain.",This text is about a protest with excessive force.,1,0
event_test_2774,2774,mlburnham/acled_event_entailment,"On Feb 4th, herders attacked civilians as they gathered firewood in the area of Hashaba (North Darfur). They beat two boys, and abducted two women and three girls, raping them repeatedly throughout the day. The victims were taken to hospital, and the police mobilised to pursue the attackers.",This text is about a protest with excessive force.,1,0
event_test_2775,2775,mlburnham/acled_event_entailment,"Around 25 December 2022 (between 25 - 26 December), unidentified individuals abducted a girl at a camp in the southern outskirts of Menaka (Menaka, Menaka). The girl was released after being raped repeatedly over two days.",This text is about a protest with excessive force.,1,0
event_test_2776,2776,mlburnham/acled_event_entailment,"FARDC soldiers raped 10 women/girls around Minova, Bwisha, Buganga, Mubimbi, Kishinji, Katolo, Ruchunda, and Kalungu.",This text is about a protest with excessive force.,1,0
event_test_2777,2777,mlburnham/acled_event_entailment,"a senior Chief Chakhaza in the district sexually assaulted four minors at Chatewa village presumed to be an alternating spelling for Chiweta (Rumphi, Northern). The police arrested the perpetrator.",This text is about a protest with excessive force.,1,0
event_test_2778,2778,mlburnham/acled_event_entailment,"Around 27 September 2023 (as reported), in Itapoa (Santa Catarina), two women were killed by unknown individuals and their bodies were found in a wooded area half naked, with signs of violence and with their hands tied up. Circumstances of death are unknown. 2 fatalities.",This text is about a protest with excessive force.,1,0
event_test_2779,2779,mlburnham/acled_event_entailment,"a man sexually molested and passed castieist comments on a Dalit girl at Shikohpur village under Kherki Daula Police station (Gurgaon District, Haryana). The man was later arrested.",This text is about a protest with excessive force.,1,0
event_test_2780,2780,mlburnham/acled_event_entailment,"according to local sources, SAF retaliated to the 7 April SLA/AW ambush on police forces by attacking their positions in Katti, Kurifal, Burro, Kadingo, Marra, Kwila, Boga and Barbara, within 20 km south and south-east of Guldo, Central Darfur. Unclear if clashes were involved. Reports at the time mentioned nine people, mostly women and children, killed, another 22 injured and four women raped by RSF, while properties were looted and burnt down. A Central Darfur government official denied the attack.",This text is about a protest with excessive force.,1,0
event_test_2781,2781,mlburnham/acled_event_entailment,"six Russian mercenaries from Wagner group abducted a FACA soldier from special forces, raping and wounding him, in Boali (Ombella-M'Poko). The victim was hospitalized for one week, but no fatalities were reported.",This text is about a protest with excessive force.,1,0
event_test_2782,2782,mlburnham/acled_event_entailment,"Hundreds of Liberian 'mercenaries' have gone on a rampage of rape, murder and looting in the western Ivory Coast region of Guiglo, which has become a lawless zone, a UN refugee agency spokesman said.",This text is about a protest with excessive force.,1,0
event_test_2783,2783,mlburnham/acled_event_entailment,The coordinates of South Sudan were used as the specific villages were not given. 2. LRA are reported to have killed at least 40 people and raped several women in parts of southern Sudan as they moved to the CAR.,This text is about a protest with excessive force.,1,0
event_test_2784,2784,mlburnham/acled_event_entailment,05 December (on or before). A soldier in Mabayi was caught raping a six year-old child. He was arrested by police.,This text is about a protest with excessive force.,1,0
event_test_2785,2785,mlburnham/acled_event_entailment,"in Dum Bung village, Momauk township, Kachin state, the Myanmar army 437 gang-raped 6 women and girls; 7 children were killed.",This text is about a protest with excessive force.,1,0
event_test_2786,2786,mlburnham/acled_event_entailment,"in Colonia Solidaridad, Iztapalapa, Ciudad de Mexico, a woman was found dead inside a trash bin. The body was naked and wrapped in plastic bags. There is no information about the cause of death.",This text is about a protest with excessive force.,1,0
event_test_2787,2787,mlburnham/acled_event_entailment,"Russian forces shelled Ukrainian positions near Ivanivka, Donetsk region. Casualties unknown.",This text is about a protest with excessive force.,1,0
event_test_2788,2788,mlburnham/acled_event_entailment,"Around 23 February 2022 (week of), FARDC military forces conducted a shelling against the ADF militiamen positions, in an unclear location in Beni territory (Nord-Kivu). Militiamen fled in the nearby locations. Casualties unknown.",This text is about a protest with excessive force.,1,0
event_test_2789,2789,mlburnham/acled_event_entailment,"Russian forces shelled Bezruky, Kharkiv. No casualties.",This text is about a protest with excessive force.,1,0
event_test_2790,2790,mlburnham/acled_event_entailment,regime forces shelled San town in Idleb countryside with artillery. Neither injuries nor fatalities were reported.,This text is about a protest with excessive force.,1,0
event_test_2791,2791,mlburnham/acled_event_entailment,the OSCE SMM observed a total of 1 projectiles involving unknown weapons near Zhabichevo.,This text is about a protest with excessive force.,1,0
event_test_2792,2792,mlburnham/acled_event_entailment,"the NAF rebel forces fired grenade launchers at the governmental positions near Krasnohorivka, Donetsk.",This text is about a protest with excessive force.,1,0
event_test_2793,2793,mlburnham/acled_event_entailment,"Turkish artillery, tanks, and heavy weapons carried out shelling against PKK forces in Gire Amediye area in the Zap region (Al Amadiya district) of Duhok. Casualties unknown.",This text is about a protest with excessive force.,1,0
event_test_2794,2794,mlburnham/acled_event_entailment,the OSCE SMM observed a total of 1 explosions involving unknown weapons near Kamyanka.,This text is about a protest with excessive force.,1,0
event_test_2795,2795,mlburnham/acled_event_entailment,regime forces shelled the vicinity of Kafr Noran in Aleppo province with artillery shelling. Casualties unknown.,This text is about a protest with excessive force.,1,0
event_test_2796,2796,mlburnham/acled_event_entailment,FSA 23rd Division hit with a TOW a 14.5 gun for regime forces on Rityan front in Aleppo. No reports on casualties.,This text is about a protest with excessive force.,1,0
event_test_2797,2797,mlburnham/acled_event_entailment,the governor of Belgorod reported that Ukrainian forces fired artillery rounds at Shebekino. No casualties.,This text is about a protest with excessive force.,1,0
event_test_2798,2798,mlburnham/acled_event_entailment,"Turkish army tanks, artillery, and unspecified heavy weapons shelled PKK positions on Gire Cudi hill in Duhok. Casualties unknown.",This text is about a protest with excessive force.,1,0
event_test_2799,2799,mlburnham/acled_event_entailment,"Russian forces shelled near Zaliznychne, Zaporizhia, with artillery. Casualties unknown.",This text is about a protest with excessive force.,1,0
event_test_2800,2800,mlburnham/acled_event_entailment,NAF rebel forces fired with different types of grenade launchers and heavy machine guns at Military Forces of Ukraine near Hladosove. This day one Ukrainian Government soldier was killed [fatality split among 9 events] and two soldiers were injured in Donbass region.,This text is about a protest with excessive force.,1,0
event_test_2801,2801,mlburnham/acled_event_entailment,the OSCE SMM observed a total of 4 explosions involving unknown weapons near Zalizne.,This text is about a protest with excessive force.,1,0
event_test_2802,2802,mlburnham/acled_event_entailment,"Regime forces shelled Haritan in Aleppo province, killing 4 civilians.",This text is about a protest with excessive force.,1,0
event_test_2803,2803,mlburnham/acled_event_entailment,"explosions were heard in Berdiansk, Zaporizhia (likely as a result of Ukrainian shelling as the most typical event in the area). Casualties unknown.",This text is about a protest with excessive force.,1,0
event_test_2804,2804,mlburnham/acled_event_entailment,regime forces shelled Kellez axis in the Lattakia countryside with artillery. Casualties unknown.,This text is about a protest with excessive force.,1,0
event_test_2805,2805,mlburnham/acled_event_entailment,"Houthi forces shelled the Al-Dud military site of Al Harth district in Jizan governorate, destroying military equipment and the guard tower. No casualties were reported. *ACLED defaults to coding the event on the Yemeni side when the source describes a large area along the Saudi-Yemeni border.",This text is about a protest with excessive force.,1,0
event_test_2806,2806,mlburnham/acled_event_entailment,"regime forces shelled the farmlands of Sheikh Idris village in the eastern countryside of Idleb. The shelling targeted a school, which resulted in the killing of 1 child and wounding of 7 other people including two children.",This text is about a protest with excessive force.,1,0
event_test_2807,2807,mlburnham/acled_event_entailment,"Russian forces shelled near Antonivka, Kherson. Casualties unknown.",This text is about a protest with excessive force.,1,0
event_test_2808,2808,mlburnham/acled_event_entailment,"Ukrainian forces shelled and destroyed a Russian AGS position near Zelenopillia, Donetsk region. Casualties unknown.",This text is about a protest with excessive force.,1,0
event_test_2809,2809,mlburnham/acled_event_entailment,the OSCE SMM observed a total of 1 explosions involving unknown weapons near Trudovskiye.,This text is about a protest with excessive force.,1,0
event_test_2810,2810,mlburnham/acled_event_entailment,"Russian forces shelled near Levadne, Zaporizhia. Casualties unknown.",This text is about a protest with excessive force.,1,0
event_test_2811,2811,mlburnham/acled_event_entailment,Five children of a family received injuries when a mortar shell hit a house in Bara tehsil of Khyber Agency.,This text is about a protest with excessive force.,1,0
event_test_2812,2812,mlburnham/acled_event_entailment,Areas of Zakah were exposed to regime ground-to-ground bombardment. No losses were reported.,This text is about a protest with excessive force.,1,0
event_test_2813,2813,mlburnham/acled_event_entailment,"Russian forces launched rockets at Lutsk, Volyn. Civilian infrastructure was damaged. 1 civilian was injured.",This text is about a protest with excessive force.,1,0
event_test_2814,2814,mlburnham/acled_event_entailment,"Russian forces shelled near Novodmytrivka, Kherson, with artillery. Casualties unknown.",This text is about a protest with excessive force.,1,0
event_test_2815,2815,mlburnham/acled_event_entailment,"Russian forces shelled Selydove, Donetsk region as a result of which a school was damaged. Casualties unknown.",This text is about a protest with excessive force.,1,0
event_test_2816,2816,mlburnham/acled_event_entailment,"SAF shelled artillery shelling targeting RSF in Omdurman - Al Salha (Omdurman, Khartoum). Casualties unknown.",This text is about a protest with excessive force.,1,0
event_test_2817,2817,mlburnham/acled_event_entailment,"The Syrian army shelled Jomaqliyeh village in the southern countryside of Hama, which led to the injury of 1 woman. No fatalities were reported.",This text is about a protest with excessive force.,1,0
event_test_2818,2818,mlburnham/acled_event_entailment,Syrian regime forces shelled with artillery Duma city in Rural Damascus province which killed a child and a woman.,This text is about a protest with excessive force.,1,0
event_test_2819,2819,mlburnham/acled_event_entailment,"an IS militant wearing an explosive belt, blew up himself on a civilian, killing him in al-Mazraa village in Baiji district.",This text is about a protest with excessive force.,1,0
event_test_2820,2820,mlburnham/acled_event_entailment,"a VBIED driven by a Taliban car bomber exploded targeting the 3rd police station in Bolan, Lashkargah, Helmand, 3 officers died and few injured. Fatalities coded as 4 to include the suicide bomber.",This text is about a protest with excessive force.,1,0
event_test_2821,2821,mlburnham/acled_event_entailment,"2 Afghan soldiers were killed during two suicide attacks in Nad-e Ali district of Helmand province. In the first, the bomber detonated his motorcycle after coming under fire. In the second, the bomber detonated his vehicle, killing two soldiers. No group claimed responsibility. Total fatalities coded as 4 (including 2 suicide bombers).",This text is about a protest with excessive force.,1,0
event_test_2822,2822,mlburnham/acled_event_entailment,Syrian regime forces were targeted with two SVBIED attacks in Hwejet Mreiya village and on the highway by Al-Ali Gas Station in Deir-ez-Zor. 2 fatalities coded for suicide bombers.,This text is about a protest with excessive force.,1,0
event_test_2823,2823,mlburnham/acled_event_entailment,"a car bomb exploded at around 7.30 pm at a gendarmerie military checkpoint in Anitli village in Midyat district of Mardin. The explosion killed one soldier and two village guards. Turkish sources claimed 2 militants inside the vehicle also died in the attack, however PKK confirmed only one militant fatality.",This text is about a protest with excessive force.,1,0
event_test_2824,2824,mlburnham/acled_event_entailment,"Two are killed and fifteen wounded in a pair of suicide attacks from AQIM, including a car bomb near a police station.",This text is about a protest with excessive force.,1,0
event_test_2825,2825,mlburnham/acled_event_entailment,"A suicide bomber hits a second newspaper officer in Kaduna, three killed. The two blasts came minutes apart. A third blast came two hours later and killed four more civilians.",This text is about a protest with excessive force.,1,0
event_test_2826,2826,mlburnham/acled_event_entailment,"a suicide bomber detonated an explosive vest, targeting government security forces (Gorgor) at the entrance of General Dhaga-badan military camp neighborhood in Mogadishu - Wadajir (Banadir). Five new recruits were killed and twelve injured in the blast. Al Shabaab claimed killing 32 soldiers.",This text is about a protest with excessive force.,1,0
event_test_2827,2827,mlburnham/acled_event_entailment,"at least 2 suspected BH suicide bombers exploded themselves in the Kalari area of Maiduguri, Borno, killing only themselves and wounding 3 civilians. Some sources mention five suicide bombers.",This text is about a protest with excessive force.,1,0
event_test_2828,2828,mlburnham/acled_event_entailment,"A militant blew himself up in fear of being caught during an encounter with security forces at Karmana of Landi Kotal Tehsil, killing four of his close aides.",This text is about a protest with excessive force.,1,0
event_test_2829,2829,mlburnham/acled_event_entailment,"On Jan 03, 2 IS militant suicide bombers blew themselves up inside Speicher Base targeting police forces, killing 8 policemen and injuring 8 others.",This text is about a protest with excessive force.,1,0
event_test_2830,2830,mlburnham/acled_event_entailment,5 are killed (two of which were the bombers) and 39 injured in a Boko Haram suicide attack at Dalori IDP camp in Dalori.,This text is about a protest with excessive force.,1,0
event_test_2831,2831,mlburnham/acled_event_entailment,At least two people have been killed and a third wounded after a suicide car bomb filled with explosives went off at a checkpoint manned by Somali national security agency (NISA) officers in Sinka-Dheer.,This text is about a protest with excessive force.,1,0
event_test_2832,2832,mlburnham/acled_event_entailment,"Two Islamic State suicide bombers equipped with explosive belts blew themselves up at rush hour at a crowded site near Tayaran square in the Shorja area (Rusafa district) of Baghdad, killing 38 and wounding 105 people.",This text is about a protest with excessive force.,1,0
event_test_2833,2833,mlburnham/acled_event_entailment,"An IS SVBIED targeted a US convoy escorted by Asayish forces near an Asayish checkpoint by the 47th bridge west of Shadadah in southern al-Hasakeh countryside. The attack killed 5 Asayish members and wounded 2 US troops. Total fatalities coded as 6, 1 fatality accounted for the suicide bomber.",This text is about a protest with excessive force.,1,0
event_test_2834,2834,mlburnham/acled_event_entailment,An AQAP militant carried out a car suicide bombing targeting Yemeni military (Hadi) vehicles in Al Ayn city on the road linking Lawdar and Mudiyah cities in Abyan governorate. 4 soldiers were killed and 4 were injured. Pro-Hadi forces and the Saudi-led coalition launched a new offensive to rid Abyan governorate of AQAP militants on August 13.,This text is about a protest with excessive force.,1,0
event_test_2835,2835,mlburnham/acled_event_entailment,16 June. At least six Boko Haram suicide bombers attack a Eid al-Fitr in Damboa during the night-time hours. At least 32 dead (plus 6 bombers) with 12 severe injuries and others less severe.,This text is about a protest with excessive force.,1,0
event_test_2836,2836,mlburnham/acled_event_entailment,"at least 6 people were killed, and 16 were wounded - among them security forces and civilians - when an IS suicide bomber detonated their car outside the gate of the Marshal Fahim National Defense University in PD5, Kabul city. Total fatalities coded as 7 (including the suicide bomber).",This text is about a protest with excessive force.,1,0
event_test_2837,2837,mlburnham/acled_event_entailment,"Twin explosions in Maiduguri, Borno State capital on Sunday night killed 16 people (14 in Muna Garage, 2 in Muna Dalti), including a wedding team and the suicide bombers. The explosions occurred at Muna Garage and Muna Dalti, suburbs of Maiduguri. Boko Haram are suspected as perpetrators. Other reports indicate a third explosion occurred at an area IDP camp, injuring 10 - it is not known if the bomber was lethally injured in this instance.",This text is about a protest with excessive force.,1,0
event_test_2838,2838,mlburnham/acled_event_entailment,"An Islamic State suicide bomber blew himself up using an explosive belt on a street leading to a government building in central Baqubah, killing 9 and wounding 12.",This text is about a protest with excessive force.,1,0
event_test_2839,2839,mlburnham/acled_event_entailment,"Two suicide blasts detonate during the morning hours near an IDP camp in Maiduguri. At least nine deaths reported, 24 injured. Boko Haram suspected as perpetrators.",This text is about a protest with excessive force.,1,0
event_test_2840,2840,mlburnham/acled_event_entailment,"a Taliban suicide bomber drove an explosives-laden car into a military base in Muqur district, Ghazni province. The bombing killed 51 personnel plus the bomber and wounded 33 others. The blast also destroyed 8 tanks, 7 vehicles, and a lot of ammo and equipment. Fatalities coded as 1 for the bomber (VoJ reported 52)",This text is about a protest with excessive force.,1,0
event_test_2841,2841,mlburnham/acled_event_entailment,"A suicide bomber with an explosives laden car struck an Al Hazm military base in Ain Bamaabad in southeastern Shabwah on Monday afternoon, leaving eight soldiers dead. Later reports said AQAP claimed responsibility for the attack.",This text is about a protest with excessive force.,1,0
event_test_2842,2842,mlburnham/acled_event_entailment,"a suicide bomber rammed his explosives-laden car into a security checkpost in Razmak area of North Waziristan, leaving two security personnel injured. The bomber hit a wall of the Dam Del checkpost. Most soldiers escaped unhurt as they were sitting inside a nearby bunker because of rain.",This text is about a protest with excessive force.,1,0
event_test_2843,2843,mlburnham/acled_event_entailment,a suspected Islamic State suicide bomber blew himself up near the village of al-Badala in the area of New Baghdad in western Baghdad resulting in the death of one person and wounding two others.,This text is about a protest with excessive force.,1,0
event_test_2844,2844,mlburnham/acled_event_entailment,"a suicide bomber in a rickshaw targeted a convoy of security forces and employees of the Marri Petroleum Company, while it was on its way from North Waziristan to Bannu, in Khajori Chowk area of Mir Ali sub-division (North Waziristan, KPK), killing 3 security personnel and injuring 22 (including 15 employees of the gas and oil exploration company). TTP claimed responsibility for the attack. Fatalities coded as 4 including the suicide bomber.",This text is about a protest with excessive force.,1,0
event_test_2845,2845,mlburnham/acled_event_entailment,A policeman was killed and seven people including three policemen were injured in a suicide blast that occurred after a political rally convened by Pakistan People's Party-Sherpao (PPP-Sherpao).,This text is about a protest with excessive force.,1,0
event_test_2846,2846,mlburnham/acled_event_entailment,"Residents of Lam Luk Ka district in Pathum Thani breached a 10-metre section of a big-bag barrier near an Air Force unit, causing flood water to pour into the Air Force's Don Mueang compound. A confrontation between about 200 angry demonstrators and Air Force military police continued for a while before they agreed to stop demolishing the barrier and later dispersed.",This text is about a protest with excessive force.,1,0
event_test_2847,2847,mlburnham/acled_event_entailment,"in Acuamanala de Miguel Hidalgo, Tlaxcala, there were reports of residents burning ballots, destroying computer equipment and threatening personnel after election results were released. The rioters demonstrated against the electoral results.",This text is about a protest with excessive force.,1,0
event_test_2848,2848,mlburnham/acled_event_entailment,"Egerton University has been closed indefinitely following student riots. The students went on the rampage, destroying a dairy processing plant, a laboratory, a section of their lecture halls, the student mess among other buildings. They were protesting three days of power failure.",This text is about a protest with excessive force.,1,0
event_test_2849,2849,mlburnham/acled_event_entailment,an unspecified number of Bahrainis took to the streets in the northern village of Al Musalla to commemorate the death of three Shia activists executed a year ago on 15 January 2017. They reportedly set tires ablaze and blocked roads in the village.,This text is about a protest with excessive force.,1,0
event_test_2850,2850,mlburnham/acled_event_entailment,"in Cap-Haitien, Nord, for the second consecutive day, in the morning, several opposition militants of the Platfom Pitit Desalin Party held a demonstration in front of the Cap-Haitien International Airport demanding that the flight of Prime Minister Ariel Henry not be hosted. Demonstrators set up barricades of burning tires in several neighborhoods.",This text is about a protest with excessive force.,1,0
event_test_2851,2851,mlburnham/acled_event_entailment,"As part of their local agitation, Gorkha Janmukti Morcha members torched the Block Development Office on Lebong Cart Road, Darjeeling.",This text is about a protest with excessive force.,1,0
event_test_2852,2852,mlburnham/acled_event_entailment,rioters in Maamir set a trash container on fire.,This text is about a protest with excessive force.,1,0
event_test_2853,2853,mlburnham/acled_event_entailment,"in Tegucigalpa, Francisco Morazan, for the second consecutive day, a group of supporters of the Liberty and Refoundation (LIBRE) Party demonstrated throwing stones and burning tires in front of the Health Secretary. They demanded the resignation of the Minister of Health given they have not been granted the jobs they claimed were promised to them in the electoral campaign.",This text is about a protest with excessive force.,1,0
event_test_2854,2854,mlburnham/acled_event_entailment,"in Serra, Espirito Santo, around 60 residents of a squat blocked BR-101 in Divinopolis with burning tires to demonstrate against a repossession of ownership order.",This text is about a protest with excessive force.,1,0
event_test_2855,2855,mlburnham/acled_event_entailment,"students from Masibonisane High School barricaded roads with burning tyres and rocks in King Williams Town (Buffalo City, Eastern Cape), demanding toilets, fencing, and transport.",This text is about a protest with excessive force.,1,0
event_test_2856,2856,mlburnham/acled_event_entailment,"workers from the central bus station in Khartoum (Khartoum state) demonstrated against the unexpected closure of the station by the management, burning tires outside of the station.",This text is about a protest with excessive force.,1,0
event_test_2857,2857,mlburnham/acled_event_entailment,"JeI members demonstrated in Shahi Eidgah area of Sylhet city, Sylhet, and set off several crude bombs in support of their hartal.",This text is about a protest with excessive force.,1,0
event_test_2858,2858,mlburnham/acled_event_entailment,"Assumed on 11 Feb, in Kodagu district (Karnataka), during a bandh called by Kushalnagar residents including Cauvery Taluk Horata Samithi, Chamber of Commerce and other associations demanding recognition of the town as a new taluk in the district, demonstrators forcefully stopped the autorickshaw service near Koppa but was brought under control by police.",This text is about a protest with excessive force.,1,0
event_test_2859,2859,mlburnham/acled_event_entailment,"in Fernandez Alonso municipality (coded to Chane Independencia, Santa Cruz), residents of District 1 installed a roadblock to demand that municipal authorities build a new hospital in their district. Residents from District 2, who demanded that the hospital be built in their district, arrived at the site to lift the roadblock triggering clashes between both sides. At least six people were injured. There were no fatalities.",This text is about a protest with excessive force.,1,0
event_test_2860,2860,mlburnham/acled_event_entailment,"On Sunday, rioters supporting the BNP led hartal hurled a petrol bomb at the Jatiya Party (JP) central office at Kakrail, Shahbagh, Dhaka city.",This text is about a protest with excessive force.,1,0
event_test_2861,2861,mlburnham/acled_event_entailment,"in Santos, Sao Paulo, truck drivers demonstrated against the rising gas prices and low freight prices. The group attacked another truck driver who tried to pass through the blockade.",This text is about a protest with excessive force.,1,0
event_test_2862,2862,mlburnham/acled_event_entailment,"retired policemen and firefighters marched from Legislative to Executive Yuan in Taipei, Zhongzheng against pension reform. Clashes between demonstrators and police were reported, no one was injured.",This text is about a protest with excessive force.,1,0
event_test_2863,2863,mlburnham/acled_event_entailment,"residents of Qarani village in Rania district demonstrated against the lack of public services and reliable electricity in the area, burning tires and blocking the roads leading to Koya, Erbil, and Sulaymaniyah, and demanding that the mayor responds to their demands.",This text is about a protest with excessive force.,1,0
event_test_2864,2864,mlburnham/acled_event_entailment,"locals vandalised the road from Nongpok Sekmai leading to Yairipok area (Thoubal, Manipur) to demonstrate against the authorities for failing to black-top the road. They used an excavator to dig up holes in the road around Lourembam Chinglak area.",This text is about a protest with excessive force.,1,0
