text,gt_event_type
"at least 50 people including an Afghan militant commander of Tehrik-i-Taliban, Sangeen, were killed in a series of suspected US missile attacks. The drones also targeted the vehilces in which militants were fleeing. Militants and tribesmen fired at the drones flying overhead. earlier an unmanned plane fired missiles at a bunker in Bekh Mary Langara, a predominantly Mehsud area. The attack left 6, including a commander Wali dead, while 7 others were injured.",DRONE_ASSASSINATION
"Clashes between security forces and militants left 21 militants dead and 2 injured. 1 soldier was also killed while 5 were injured. Following the clashes, helicopter gunships attacked suspected militant positions. ",CONVENTIONAL_ATTACK_ON_GOV_FORCES
"A young man was gunned down when armd persons attacked him near Hussain hazara Goth, killing him on the spot. ",ASSASSINATION
11-year-old Muhammad Tariq was killed in a landmine blast. Tariq was returning home from a trip when the landmine blasted on the roadside.,TERRORISM
"During a search operation, Niaz Ali who was a 9th class student of Bagram Model School was shot and killed by security forces when he tried to resist arrest. Two of his brothers who were arrested were later released. ",GOV_ATTACK_ON_CIVILIANS
Body of an unidentified woman was found in the Badami Bagh aea.,OTHER
Two picnickers were killed and one was injured by 3 personnel of Malakand Levies after an exchange of hot words which led to a quarrel. The levies personnel managed to escape after the incident. ,ASSASSINATION
"In reaction to the demolition of Babri Mosque in Ayodhya, protesters attacked the property of a Hindu and burnt his car in Sargodha on Tuesday. Mob also burnt tyres and effigies of Indian leaders. Due fired tear gas to disperse them and hence 2 policemen and 3 protesters were injured.",VIOLENT_POLITICAL_DEMONSTRATION
"Militants fired several mortar shells at an FC camp, injuring 2 security personnel. In retaliation, helicpoter gunships were used to target militant hideouts in Safi tehsil. ",GUERILLA_ATTACK_ON_GOV_FORCES
"Pervaiz Mahmoodul Hasan, a resident of Nazimabad area in Karachi, was held at the airport for carrying a pistol in his handbag. He could neither produce a licence for the firearm, nor could he justify its posession. ",THREAT_OF_VIOLENCE
Three persons were injured by Rangers' firing for violating the curfew set in the area.,GOV_ATTACK_ON_CIVILIANS
an army captain and a soldier suffered injuries when their vehicle was hit by a landmine in the Shakai Valley.,GUERILLA_ATTACK_ON_GOV_FORCES
"An army man, Bacha Khan Khattak,  was shot and killed by two unknown assailants on a motorcycle in the main bazaar. According to Political Agent Mohammad Azam Khan, the victim-who was posted in the army canteen in Azam Warsak- was in plain clothes at the time. The authorities have started investigating the reason for the attack and for the assailants themselves. Last year, an official of ISI-Sher Nawaz- was also shot dead by unknown assailants in Wana Bazaar. Follow up: According to local admistration, the Yargul Khel and Ahmedzai tribes were responsible for the attack.",ASSASSINATION
"A bomb blast near a market killed 4 people and injured 25, among them 8 children playing near the site of the blast. Police reports claim that it was a time-bomb placed outside a music store but an FC convoy had passed through the area moments before the blast. ",TERRORISM
2 people were injured in a landmine explosion in Dera Allahyar area of Jaffarabad district.,TERRORISM
A man was wounded in a shooting incident in the Preedy area.,TERRORISM
One Abdul Waheed was shot and wounded by unknown men on Fida Mohammad Sheikha Road in Kaalri police station area.,ASSASSINATION
Haqiqat Gul and Samin were injured when troops opened fire after the former failed to stop at a checkpost. ,GOV_ATTACK_ON_CIVILIANS
2 people were killed and 6 were injured when unidentified men hurled a hand grenade at a shop at the Ghass Mandi Chowk. All shops were closed after the attack.,TERRORISM
"The army and police launched a joint operation after receiving information that Bakht Farzand, a wanted militant leader of TTP, was in the area. The operation led to Bakht Farzand and 4 other militans getting killed, while 3 others were injured. ",GOV_ATTACK_ON_NONSTATE_COMBATANTS
"a fresh wave of ethnic violence erupted across Karachi claimimg the lives of 25 people.  At least 40 others were also injured. Police say the trouble began when armed men who had taken position in the hills os of North Karachi, fired bullets upon Zarina Colony, resulting in the death of an MQM worker who came under fire. the police and Rangers returned gunfire forcing the gunmen to retreat. a Rangers' man was wounded. Vehichles were torched in Malir, North Karachi, Landhi and Al-Fallah.",TERRORISM
The third day of the fresh wave of violence in Karachi.  Two men were killed in the main commercial area of PIB Colony as armed men on motorbikes opened indiscriminate fire in the market area.,TERRORISM
Ummed Ali and his accomplice shot dead Ghulam Qadir. The cause could not be ascertained.,ASSASSINATION
Unidentified youth intercepted a minibus and set it on fire in North Nazimabad. ,VIOLENT_POLITICAL_DEMONSTRATION
"In Mastung, a man was killed when some armed men opened fire on a van.",ASSASSINATION
"The founder president of SPSF working committee (Mir Murtaza Bhutto group) and the recently expelled Sindh council member of PPP (SB), Ghulam Mustafa Korai, alleged that Mir Murtaza Bhutto opened fire on a crowd of 150 protesters. It was said that he did so on a crowd of people who were protesting against Majeed Sial, who was responsible for expelling Ghulam Mustafa Korai, Ejaz Molai and Liaquat Nizamani from the party. The incident itself was not reported in the newspaper. Information about the incident is gathered from a news article of a news conference held at Hyderabad Press Club by Ghulam Mustafa Korai, in which Korai is accusing Murtaza Bhutto  of certain charges.",VIOLENT_POLITICAL_DEMONSTRATION
Unidentified group shot dead a doctor when he reached Hasan Clinic in Malir. The police termed it a sectarian killing.,ASSASSINATION
"Abdul Aziz, a Haveldar of Rangers, was killed and his driver was injured wen their vehicle came under attack. ",VIOLENT_POLITICAL_DEMONSTRATION
there was an explosion at the railway tracks.,TERRORISM
"Baitullah Mehsud threatened to start killing soldiers that had been kidnapped weeks ago, if the military did not stop its operations in Tank. He also threatened to intensify attacks on security personnel in South Waziristan.",THREAT_OF_VIOLENCE
"Dozens of Islami Jamiat Talaba students reportedly arrived at the PU campus and started thrashing students. According to faculty members, they attacked teachers upon intervention as well and threatened of dire consequences before fleeing upon intervention by the security guards. According to the IJT spokesman, the students did not belong to the IJT and claimed that the brawl was between the students of the Institute over some issue. ",TERRORISM
"Over 100 armed men attacked the village, ransacked houses, ejected women from their houses and manhandled them. They later resorted to indiscriminate aerial firing. The incident took place when the male members of the village had gone to attend a Muharram Majlis. The reason behind the event is said to be a dispute between the Talpurs and the Pariyars. ; Follow-up: A followup report claims that the issue between the two groups is a land dispute. ",TERRORISM
"Brick kiln worker, Abdul Ghafoor, was shot dead by two unidentified men on his way home. According ot his brother, Mansoor, he did not have any enmity. ",ASSASSINATION
Low intensity cracker bombs were planted under a car in front of Captain Inamul Haq's house and detonated by 'miscreants' to 'create unrest among citizens'. ,TERRORISM
A teenage rag picker lost his hand when a low intensity bomb exploded in Samanabad.,TERRORISM
"A man, along with his brother, threw acid on his former wife, critically injuring her. ",ASSASSINATION
A gas pipeline was blown in Loti gas field area resulting in suspension of supply to gas purification plant. ,TERRORISM
The protesters attacked almost all governmetn buildings and blocked the Quetta Taftan highway causing suspension of traffic.  Several buildings were set on fire in the protest against the killing Nawab Akbar Bugti in a military operation the previous day. ,VIOLENT_POLITICAL_DEMONSTRATION
Helicopters shelled suspected militant positions and destroyed an FM radio station operated by militants. ,GOV_ATTACK_ON_NONSTATE_COMBATANTS
JUI's Secretary-General Abdul Ghafoor Haideri led a demonstration in order to condemn the US for launching an attack on Afghanistan. The workers burnt an effigy of the US President on Circular Road and tyres on Multan Road. Maulana Haideri stated that jihad would be waged in Afghanistan and Pakistan if the Pakistani government stopped supporting the Taliban. ,VIOLENT_POLITICAL_DEMONSTRATION
"A man, Moosa, was shot dead in Kalakot",ASSASSINATION
A 55 year old unidentified man was found dead in Gurimandar. The unidentified man was killed after he as hit by bullets. The circumstances in which he was killed could not be known.,ASSASSINATION
"Armed militants attacked security personnel who were conducting a search operation. In the clash that ensued, 15 militants were killed and 4 were arrested . A soldier was injured in the exchange. 4 beheaded bodies of militants were also found. ",CONVENTIONAL_ATTACK_ON_GOV_FORCES
An Afghan national and his son were killed in Lawra Mandi in Miranshah on the charge that they were spying for the United States. They supplied goods to the Allied forces in Afghanistan.,ASSASSINATION
"The body of a young man, Liaquat Ali Khan, with his throat slit and abdomen ripped out was found inside his car. He was a dealer of electronic goods.",ASSASSINATION
"Police baton-charged and arrested activists of the PML-N who had gathered outside the Masjid Shuhada to offer funeral prayers for Pir Binyameen Rizvi. The police authorities, after talks, released around 100 activists who later staged a sit-in on The Mall. ",GOV_ATTACK_ON_CIVILIANS
"JSSF leaders, speaking at a press conference alleged that police tortured a worker Abdul Khaliq Mehar during an illegal detention. They claim he was picked up and taken to an undisclosed location and interrogated about their leader Dr. Qadir Magsi. He later succumbed to his injuries in the hospital.",GOV_ATTACK_ON_CIVILIANS
"Two people Babar and his 5-year-old brother Waqar, of Gattha group, had left their house by a car driven by their driver when their allegedly their rivals from Khokar group opened fire at them injuring all three of them and a passerby. They were taken to the hospital where Babar and his driver succumbed to injuries. the condition of other two is also ssaid to be critical.",ASSASSINATION
Police recovered a low-intensity bomb from a hotel in Rawalpindi.,THREAT_OF_VIOLENCE
"According to DIG Makran Range, a remote controlled car bomb exploded as a van of Chinese Harbour Engineering Company carrying 14 people, including 11 Chinese engineers was passing. No group or organization had so far claimed responsibility for the attack. ",TERRORISM
militants fired a rocket at the Landi Kotal helipad which landed near the Hamza Baba shrine. It caused no damage but spread panic among the people.,TERRORISM
"An explosive device planted under a pipeline in Sui went off, damaging the pipeline severely. However, gas supply was noy suspended.",TERRORISM
"At Lund Khwar, unidentified people allegedly gunned down an aged person, Sadiq Baba. His son, Shah Wali, filed an FIR.",ASSASSINATION
one soldier was injured when a bomb exploded near the Banda checkpost.,GUERILLA_ATTACK_ON_GOV_FORCES
"Two motorcyclists resorted to indiscriminate firing, causing injuries to one person. ",TERRORISM
"militants' hideouts in Zaimdara,Shagai, Dabako, Babagam and other areas of Maidan came under shelling by security forces.",GOV_ATTACK_ON_NONSTATE_COMBATANTS
"100s of traders blocked the main road, burnt tyres and chanted slogans against the political leadership to protest loadshedding that had lasted for upto 22 hours. ",VIOLENT_POLITICAL_DEMONSTRATION
"In Nishtarabad, voting had to be suspended ad women began to fight with fists and sticks. This occurred during the fourth phase of local body elections. ",RIOT
police defused an explosive device lying by a pylon near Baghbana.,TERRORISM
"Unidentified men opened fire on the house of Mansoor Chacha (a deceased MQM leader), killing two people inside, while injuring the son. A woman also got caught in the crossfire and was wounded. An eyewtiness stated that the armed men were wearing red caps. ",TERRORISM
India did shelling in Kotli Parmanand and Matianwala on Wednesday. However no casuality was reported.,ATTACK_ON_STATE
"The traffic constable, Muhammad Raffique, and the traffic inspector, Khalid Qureshi, saw a bomb lying on the roadside and imformed the Bomb Disposal Squad who defused the bomb. They said that the bomb weighed around 8 to 10 kgs and was made in Pakistan. ",TERRORISM
Two unidentified men were found dead.,OTHER
"An internet café and two CD shops were blown up in various areas of the provincial capital. Police were forced to ask the rest of the CD, video shops and internet cafes to close down businesses as this was not being tolerated by the Taliban.",TERRORISM
A local tribesman was killed and four Taliban militants were injured when they clashes in Shakai area in South Waziristan.,RIOT
The bodies of three young men were found from two places in Korangi. One was found lying in the Gawa factory while the other two found dumped next to a shrine nto far from the factory. ,OTHER
"A religious leader of Dargah Shah Yaqiq, Khalifo Mohammed Ramzan Dars was shot dead by his rivals, while returning to his coastal town, Ladion, after attending a court hearing in Sujawal. The motive of the murder is stated to be old enmity over a land dispute.",ASSASSINATION
A dispenser was shot dead by two unidentified men in Kahna on Sunday,ASSASSINATION
"a labourer, Mubashar, was killed in an explosion in a scrap godown in Samnabad.",OTHER
"Four outlaws and two tribal volunteers were killed and a military officer and five other people wounded in a clash between a lashkar and a gang of criminals. The criminal gang stopped the vehicle of Capt Faisal Islam of the Razmak Cadet College and his two guards, and snatched away their weapons and took the offiical away. The guard of Capt Faisal informed a local tribe of the incident, who traced the kidnappers and surrounded them. A clash then occured between the tribal volunteers and the criminal gang.",RIOT
"In a rare incident of its kind on the international border, the Indian forces opened fire from across the Wagah border after mistaking an unexplained explosion in a village in East Punjab for 'rocket fire from Pakistan'. New Delhi said it was a retaliatory fire in response to two rockets fired inside its territory from Pakistan side, but Islamabad dismissed the allegation. ",ATTACK_ON_STATE
"According to Pir Binyamin Rizvi, the police is arresting PML activists before the arrival of party president, Shahbaz Sharif, in order to prevent a reception for him. 2 activists were arrested",GOV_ATTACK_ON_CIVILIANS
Two brothers were killed and one was injured in an attack over a dispute involving karo kari. Details not available.,ASSASSINATION
Sobho Oad and his son Saman Oad were seriously injured when some armed men attacked them at Johri Farm village. ,ASSASSINATION
three people including an alleged terrorist were injured in a bomb balst at a bus stand in Quetta. The blast occurred as the accused tried to enter the bus.,TERRORISM
"Haji Muhammad Hanif, who was a PPP member and also part of the area Zakat Committee, was killed when armed motorcyclists fired 7 shots at him and fled. ",ASSASSINATION
"Rockets were fired on South Waziristan Scouts posted at Nawai Kot. However, no damage was done in the attack.",GUERILLA_ATTACK_ON_GOV_FORCES
A person was killed by unknown assailants in Moinuddinpur on Wednesday.,ASSASSINATION
A young man was shot and killed in his sleep when unknown persons broke into his room and opened fire before making their escape.,ASSASSINATION
"Fierce clashes erupted between local tribesmen and foreign militants when some people opened fire on a pro-government elder Malik Saadullah Darikhel, a local peace committee head, who had previously survived two more attacks on his life. This attack infuriated his relatives and a gunbattle between the foreginers and activists of the peace committee helped by the members of the Darikhel tribe ensued. It is worth mentioning that Malik Saadullah is considered a staunch opponent of foreign elements in the tribal area, and had been organizing fellow tribesmen against them, which is probably why there have been so many attempts on his life. ",RIOT
a doctor was shot dead at his clinic in sector 11-S of the New Karachia area by three attackers. The doctor had no political or religious affiliations.,ASSASSINATION
"One, Azmat Ali of Village Jalalpur was Bhattian along with his accomplices murdered his sister Shamim on suspicion of bad character.",ASSASSINATION
"A teacher at Habib Public school and a Pesh Imam of the Yasrab Masjid-o-Imambargah, Allama Razi Hyder, along with his sons was going to Habib Public School when 4 to 5 unknown assailants fired at their car. A senior police official stated that the attack seemed to be sectarian-motivated.",ASSASSINATION
Unidentified assalants in a truck opened fire on the police party in Mehran Hotl Intersection on Friday injuring two cops and a pedestrian. Police cordoned off the areas leading to Cantt Railway Station where people wanted to go to receive PPI leader.,CONVENTIONAL_ATTACK_ON_GOV_FORCES
Two men were injured in a shooting incident near Al-Asif square in the jurisdiction of Gulzar-e-hijri.,TERRORISM
"Students of one BSO faction allegedly opened fire at a group of students from their rival faction, causing injuries to three students. ",ASSASSINATION
Nasar Khan axed to death his sister over suspicion of having illicit relations.,ASSASSINATION
A villager was killed and another was injured in a heavy landmine blast in the Kot Nainan village in the Sialkot working boundary's Shakargarh sector. ,TERRORISM
A bus of route G-27 was set on fire by unknown arsonists.,TERRORISM
The bullet-riddled bodies of Zahoor Baloch and Faqir Mohammad were found. The BSO-Azad claimed that Zahoor Baloch was an active member of the student party and that the two victims had been missing for a month. ,ASSASSINATION
A man was injured in indiscriminate firing by unidentified men.,TERRORISM
A man and his two sons were wounded in 'sniper firing' at Disco Chowk in Orangi.,OTHER
three personnel of Levies sustained injuries in a roadside explosion near Khar.,GUERILLA_ATTACK_ON_GOV_FORCES
12 mortar shells were fired fron Afghanistan across the border. However no loss of life or property was reported as they landed in an open field. It may be noted that a joint army and FC camp is situated in the Alwari Mandi area.,ATTACK_ON_STATE
"During a raid, military helicopter gunships destroyed 2 militant hideouts and killed 6 militants. ",GOV_ATTACK_ON_NONSTATE_COMBATANTS
A man and a woman were killed in Mawali Shar village on the pretext of karo-kari. Police registered a case against the woman's husband and his accomplices.,ASSASSINATION
"Railway Police foiled an subversive attempt and siezed five hand-grenades from the Rawalpindi-bound train. A suspect, Fayyaz Hussain, has also been arrested.",TERRORISM
5 assailants shot dead PSF activist Liaquat Waraich outside his house. They showed up on a car and called him out of his house before opening fire on him. The victim's uncle has alleged that two IJT workers were among the assailants. ,ASSASSINATION
"A correspondent of Mashriq, Amjad Ali Shah, was attacked by an armed group of timber mafia and seriouly injured. He had been receiving threats because he was drawing attention to the massive deforestation that was taking place. The police refused to register and FIR and seemed to be protecting the atackers.",TERRORISM
Around 27 workers were arrested and several others received injuries when police baton-charged protestors in a bid to disperse them. Businesses remained shut during the strike called by the PADC to protest US strikes in Afghanistan. Protestors staged a sit-in on the road near Risalpur and public & private transport remained off the road throughout the day as the district administration called out the army as well to disperse the demonstrators.,VIOLENT_POLITICAL_DEMONSTRATION
"A fierce gunbattle took place between two rival groups, Zargunkhel and Mulano Kallay, over a land dispute in Darra Adamkhel, which left four people dead and two others injured.",RIOT
Thousands of people joined the Mma protest rally against the operation in Wana and against the pro-US policies of General Musharraf. They also burnt an effigy of General Musharraf. Qazi Hussain Ahmad addressed the protestors.,VIOLENT_POLITICAL_DEMONSTRATION
A bomb went off outside the college gate of Khyber Homoeopathic College Sharifabad on Tuesday. However no loss of life was reported.,TERRORISM
The bullet ridden body of Naushad Ali was found. He was reported missing in the afternoon on the same day (i.e.: 16-May-04),ASSASSINATION
Two people were killed and eleven others were injured when a bomb exploded in the Venus Cinema in Okara. Management stated that two people had entered the cinema after the interval and left it shorty afterwards. ,TERRORISM
Supporters of the MQM-H set on fire shops owned by their rivals (MQM - Altaf). This came after 4 MQM-H had been killed during raid on the party office in Shah Faisal Colony. ,TERRORISM
"In leepa sector, two people were killed in intense Indian firing/shelling from across the LoC in the Chunnian village.",ATTACK_ON_STATE
Two people stepped on a land mine and were critically injured.,TERRORISM
Indian commandos sneaked into the southern village of Azad Kashmir along LoC and massacred 14 people including women and children on Friday. 5 people got injuries while 3 succumbed to death,ATTACK_ON_STATE
An 11 year old girl was injured when a stray bullet hit her in the arm during firing in Korangi between unruly youngsters and the police. ,OTHER
"Two brothers, Rashid and Sajid, were shot dead when they were at the sessions court in relation to a blasphemy case they had been booked in. Both the victims belonged to the Christian faith. A police man was also injured in the firing that was done by a group of gunmen. ",ASSASSINATION
Militants blew up a primary school for boys. ,TERRORISM
A school boy was shot dead by unidentified people. ,ASSASSINATION
one person was killed and several others were injured in a clash between rival groups of Nomadics in Chak No. 313/HR (Faqirwala).,ASSASSINATION
A young woman was found throttled to death in Kalri on Thursday,ASSASSINATION
Taliban attacked a security check post in Wenai area in Swat injuring one security personnel.,GUERILLA_ATTACK_ON_GOV_FORCES
A woman was killed when unidentified gunmen opened fire in the neighbourhood.,TERRORISM
"Armed motorcyclists opened fire on a tanker carrying fuel for Nato forces in Afghanistan. Following the firing, the driver stopped the tanker and the assailants proceeded to set it on fire. ",TERRORISM
"Four people, including a nine year old vendor, were injured in a grenade attack on the Garrison cinema owned by army.",TERRORISM
Unknown gunmen on a motorbike opened fire on Iran-bound pilgrims who were waiting for a bus to take them to the border. Three of the victims died on the spot while 4 others were injured. Police deemed the motives to be sectarian. ,TERRORISM
A minor boy was killed and two men seriously injured when two rival parties exchanged fire in village Ghadiala eastern. The rival parties were the Asghar and Ashraf groups.,RIOT
A man was wounded in a 'sniping incident' at the Baloch Hotel in Liaquatabad.,OTHER
"angry protesters blocked the car of the federal minister, Syed Khursheed Ahmed, when he came out of the airport building. There were at least 400 sacked employees of the Sui Southern Gas Company along with 200 sacked employees of railway sleeper factory and hundreds of unemployed youths. the sacked SSGC employees said that they had been reinstated through presidential order with the assurance that thehy would get all monetary benefits, however no such thing had happened despite a lapse of 6 months. The minister assured them that they would receive their joining letters and monetary benefits soon. the police had to resort to baton-charge to disperse the protesters so that the minister could exit.",VIOLENT_POLITICAL_DEMONSTRATION
Hafizullah has a suspicion that his sister had relations with a man. He forbade her but she didn't listen. Then he shot her dead and fled.,ASSASSINATION
"Over 200 activists of the Jamat-i-Islami and Shahab-i-Milli disrupted a music show at Jinnah Stadium when they cut the power supply and threw crackers in the stadium. Armed with batons, they smashed the windscreens of cars, wagons and buses parked outside. POlice baton-charged the rioters and fired tear-gas shells to disperse the crowd. Six people were injured in the baton-charge and four policemen sustained injuries when pelted with stones. ",OTHER
"A road side remote-controlled bomb was used to target a security forces vehicle, killing 2 personnel and injuring another 4. ",GUERILLA_ATTACK_ON_GOV_FORCES
25 workers plucking peaches were injured in a mortar attack.,GOV_ATTACK_ON_NONSTATE_COMBATANTS
Gunship helicopters destroyed 3 militant hideouts in Madorhi area and killed 10 militants in Dabori area. 7 militants were also injured in the shelling. ,GOV_ATTACK_ON_NONSTATE_COMBATANTS
Provincial Minister Sardar Sanaullah Zehri escaped an attempt on his life when a bomb was detonated by remote control when their vehicle was close to Surab in Kalat. The Baloch Liberation Front claimed responsibility for the attack.,ASSASSINATION
"Mr Julius Salik-MNA and eight other christians were arrested by the police after they were baton-charged as they were protesting on Shahrah Quaid-e-Azam on Thursday. Protesters also pelte stones to damage neon-signs, traffic signals and windscreens of private cars.",VIOLENT_POLITICAL_DEMONSTRATION
One person was killed and 14 others injured during a riot between activists of Anjuman-i-Sipah-i-Sahaba and Shia activists. The riot started after both sides raised slogans against eachother and later there as an exchange of gunfire.,RIOT
Unknown gunmen intercepted and opened fire at a van that was taking labourers of Babri Cotton Mill to their homes. 2 labourers were killed and 4 were injured. ,TERRORISM
Tehrik-i-Nifaz-i-Fiqh-Jafaria staged a demonstration and blocked traffic by burning tyres as a protest against bailing out of Mr. Fazle Haq. ,VIOLENT_POLITICAL_DEMONSTRATION
1 person was killed and his son was injured in a bomb blast occurred at Mohalla Sheranwala on Saturday.,ASSASSINATION
"Demonstrators, who were protesting against power outages, had planned to lead a rally to a WAPDA grid station in Kharrik locality. However, the police intercepted them and the mob retaliated by pelting them with stones. Police resorted to tear gas shelling and baton charge in order to disperse them. 3 policemen were among the 8 people injured. ",VIOLENT_POLITICAL_DEMONSTRATION
"A powerful explosion caused 7 injuries to guests at the Marriot hotel that included a US diplomat; Abdullah Mehsud, an Al-Qaeda linked commander, took responsibility for the blast on 31st October.",TERRORISM
"a protest demonstration against Prime Minister Nawaz Sharif. As a result 62 political workers of different political parties were arrested. The People's Party, JKLF and the Four Party Democratic Alliance had gathered at the main chowk. The police resorted to lathi-charge to disperse the angry protesters and both sides pelted eachother with stones. several people were injured. the protesters also burnt tyres and blocked the road.",VIOLENT_POLITICAL_DEMONSTRATION
A police post in Tank was attacked in Tank when authorities imposed a curfew in the area after clashes between miscreants and security forces a day before. No other information was given.,CONVENTIONAL_ATTACK_ON_GOV_FORCES
A number of journalists were injured when police baton-charged a procession taken out to mark the International Press Freedom Day. The Punjab Union of Journalists had organised the rally and the participants wanted to march to the Governor’s House from the Dyal Singh Mansion.They were stopped by police at the Chairing Cross. Senior police officials told journalists they had orders to stop them from holding a march. This led to exchange of hot words between journalists and police who resorted to a baton-charge.,VIOLENT_POLITICAL_DEMONSTRATION
A watchman was shot dead by some unidentified men in a factory in Chuhng while he was on duty. The motive behind the murder could not be ascertained.,ASSASSINATION
Salim Beg was injured when his pick-up was fired at in Shah Faisal Colony. ,TERRORISM
Tanvir Malik was standing ooutside his house when two armed motorcyslists fired at him. He survived with injuries. The reason behind the attack could not be ascertained.,ASSASSINATION
Interior Minister Aitzaz Ahsan and former Punnjab Governor Ghulam Mustafa Khar were fired upon by unidentified gunmen during polling for by-elections in NA-99. They escaped unhurt.,TERRORISM
The lahore bound chiltan express had a narrow escape when a powerful bomb went off on the railway tracks but the driver managed to apply the breaks in time and stop the train before it reached the damaged part of the railway line. It is also noteworthy that Pakistan railways has been using pilot trains since the begining of trouble in Balochistan.,TERRORISM
A 47 year old man was gunned down when unidentified men opened fire on him while he was standing outside a mosque in the Khadda market area. ,ASSASSINATION
"A man was killed in Lakhti Banda in Hangu district. He was accused of running a brothel. A note found on his body warned his family members that if they didn't stop the un-Islamic business, they would also be killed.",ASSASSINATION
A police checkpost was blown up in Peshawar on the Frontier Road.,CONVENTIONAL_ATTACK_ON_GOV_FORCES
Seven houses were damaged when two bombs went off in the Makeen and Azdikhel areas of South Waziristan. No loss of life was reported.,TERRORISM
An unruly mob stormed a phone centre damaging property when they were told that the free connections package deal they had been waiting for had been exshausted. Police were forced to used batons to disperse the crowd. Eye witnesses said two policemen were injured.,RIOT
"An explosive device planted near the house of the district nazim of Zhob exploded when the nazim was not present in his house. The explosion damaged the windowpanes of his house and adjacent houses. The nazim, Maulvi Habibur Rehman, belonged to the JUI (F).",ASSASSINATION
At least 10 people were killed and 37 were injured when a powerful bomb exploded in a mosque in Akbarpura on Friday.,TERRORISM
"Militants planted bombs at a school and detonated them, destroying the entire building. The Nawagai Political Tehsildar, Arshad Ali Khan, claimed that 2 tribesmen had been arrested under the collective territorial responsibility act. ",TERRORISM
"Four peope were killed and three others injured when their car was ambushed by unidentified gunmen, on their way to the court for a case hearing. The reason for the attack was not specified.",ASSASSINATION
"3 family members of the house of Jhando Chandio were killed by 10 bandits, led by Akbar Chandio, when they attacked his house over a land dispute. ",ASSASSINATION
"A plot's owner, Muhammad Salim Memon, with 3 magistrates and some police officials asked the illegal occupants of his land to leave. The occupants refused and resisted it, resulting in a clash that left 11 wounded. The police arrested 18 people",OTHER
"Saifuddin, a servant at the residence of Rashid Hussain, was shot as an unidentified man rang the doorbell and shot him when he opened the door.",OTHER
"A man was found shot dead in the Railway Wireless Colony, Misri Shah.",OTHER
"Maulana Ghulam Hussain Naeemi, a religious scholar, was shot and killed outside his mosque. The assailants knocked at his door, which was answered by the scholar's son who led them to the mosque where his father was at the time. As soon as Naeemi came out the assailants opened fire and fled. ; Follow-up: The President of the TNFJ expressed his shock at the killing and condemned it. (See Note)",ASSASSINATION
"A doctor was killed by unidentified gunmen, who after killing him set his car ablaze and fled.",ASSASSINATION
"Activists of the Sipah-i-Sahaba Went on a rambage burning several buses , shops and an imambargah ( a Shia mosque). They clashed with the police  and several were later arrested. They were protesting against the killing of four SSP activists a day earlier, in Islamabad.",VIOLENT_POLITICAL_DEMONSTRATION
Police arrested 123 workers of the PML when they tried to reach the Punjab Assembly. The police baton charged and teargassed the protesters. They were protesting against removal of PML's Chief Minister Ghulam Haider Wyne.,VIOLENT_POLITICAL_DEMONSTRATION
A man shot dead a watchman and then blew up a video shop in Mardan.,TERRORISM
1 person was killed and 2 were injured in Indian shelling along LoC in Keri Village on Sunday,ATTACK_ON_STATE
"Some MQM boys travelling in a car were attacked with stones by 12 teenagers, as  a result of which their car was damaged. ",TERRORISM
"Najma Begum and her mother-in-law were sitting at home when Hafiz Mohammad Boota, Muhammad Yousaf, and Muhammad Aslam barged in and shot at them. As a result, Najma was killed and her mother-in-law was injured. According to the police, the victims were supporting the rivals of t accused in a property dispute.",ASSASSINATION
A university student was knocked down by a minibus and killed. The accident sparked violence as an angry mob set the vehicle on fire and chanted slogans against the transport operators and traffic police. Police reached the spot to control the situation and were pelted with stones. Police resorted to tear gas shelling and baton-charging to take control of the situation. No casualties were reported.,VIOLENT_POLITICAL_DEMONSTRATION
A school teacher was killed and four policemen were injured when a bomb ripped the Uthal police station.,TERRORISM
6 people were injured when a bomb fixed to a motorbike exploded in Chakar Chowk area. The attackers appeared to have targetted an FC vehicle passing through the area.,GUERILLA_ATTACK_ON_GOV_FORCES
Unidentified men attacked and killed a shop owner at Dolly Video Centre in Block A of Nazimabad. The motive behind the murder could not be known.,ASSASSINATION
"Security forces claimed killing 18 militants in Charbagh area. Brigadier Tahir Hameed, who was leading the operation, said that troops had captured several wanted men an retrieved a large quantity of looted goods.",GOV_ATTACK_ON_NONSTATE_COMBATANTS
Sarai Alamgir police found an unidentified woman dead in Khumbi.,ASSASSINATION
Youngsters pelted stones at and damaged a van.,VIOLENT_POLITICAL_DEMONSTRATION
"Young protesters took to the streets, after a man was killed during a clash between two groups in Chandni Chowk, threw stones at vehicles and disrupted traffic. All shopping centres were closed throughout the day due to firing incidents; protesters also blocked the railway level crossing in Nazimabad, some youths even damaged a passenger bus and tried to set it on fire but the driver sped away.",VIOLENT_POLITICAL_DEMONSTRATION
"Armed men, riding in a taxi, opened fire at and injured two guards of Nawab Aslam Raisani while they were sitting at a hotel. Another person present at the hotel was injured.",ASSASSINATION
Two people were killed and four others injured in Indian shelling.,ATTACK_ON_STATE
A religious leader and his student were killed while the cleric's son and another student were injured when two unidentified men on a motorcycle opened fire on them near the Bibi Nani Shrine. The Maulana belonged to the Ahl-i-Sunnat Wal Jamaat.,TERRORISM
"Demonstrators clashed with police outside the house of Murtaza Bhutto, Al-Murtaza, blocking a condolence call by President Farooq Leghari.  Groups of about 150 people also threw rocks at passing vehicles,  broke hotel windows and trashed a bank, government school and the reception area of hotels.  When the police tried to stop them, the protesters attack them sticks and stones. But no exchange of fire took place. The angry demonstrators were protesting against the killing of Mir Murtaza Bhutto.",VIOLENT_POLITICAL_DEMONSTRATION
" a shutter-down strike was observed in many arts of Sukkur in protest against the Kalabagh dam. JSQM workers staged a demonstration at Sukkur Bypass, Garam Godi,Militray Road, Thermal Colony, Clock Tower, New Pindi and other areas. They burnt tyres and chanted slogans. the police arrested some activists. in Daharki the police arrested 10 activists of the JSQM for pelting stones at vehicles.",VIOLENT_POLITICAL_DEMONSTRATION
"Syed Qamar Abbas, a former provincial minister and senior vice-president of the People's Party Parlimentarians NWFP was shot dead. He was on his way on a motorcycle with one Akhunzada Muhammad Ali when some people opened fire on them. Mr. Abbas was nominated in a case about the death in an election clash about 10 years ago of Shabbit Bilour, son of Awami National Party leader Ghulam Ahmed Bilour. Mohammad Ali was son of Fiqah-i-Jafariyah Pakistan leader Akhunzada Anwer Ali who was shot dead four years ago.",ASSASSINATION
"Unidentified gunmen opened fire at a roadside, injuring three passers-by.",TERRORISM
"Unknown men, waiting outside Abdul Rauf's house, chased Abdul Rauf and shot him when he was returning from work. The Afaq Ahmed-led faction of MQM-H claimed that he was a party worker associated with the Landhi area.",ASSASSINATION
"A man allegedly murdered his married sister and her paramour in Dollowana village. The woman had allegedly developed relations with Sher Muhammad of her native village, seperated from her husband and come back to her parents' house. Her brother shot her and her lover dead when he saw them together.",ASSASSINATION
Several medical students were injured when police baton charged their protest rally. They wanted to secure admissions in the medical colleges. The police arrested 14 students.,VIOLENT_POLITICAL_DEMONSTRATION
Militants attacked three empty houses of IDPs in frontier region of Kohat on Wednesday. However no loss of life was reported.,TERRORISM
A clash erupted between Dahani and Bijarani tribes in which one perosn was killed and ten were injured.,OTHER
A body of a young man bearing torture marks was found in a graveyard.,ASSASSINATION
District Nazim of Dera Bugti claims two Frontier Corps personnel were killed in a heavy gunbattle between security forces and tribesmen in Tegha area of Dera Bugti.,CONVENTIONAL_ATTACK_ON_GOV_FORCES
A large number of people blocked the Khokhar Road for over two hours in protest against the killing of a woman by a bus. The protesters burnt tyres and chanted slogans against the Transport company and the police. The protesters dispersed when some senior police officers assured them that legal action would be taken against the bus driver.,VIOLENT_POLITICAL_DEMONSTRATION
Four people were kiolled and three others injured hwne rival groups clashed over a land dispute,RIOT
one mosque was destroyed and several houses were partially damaged during shelling.,GOV_ATTACK_ON_NONSTATE_COMBATANTS
A nine year old girl was injured by sniper bullets in the PECHS area.,OTHER
"A political rivalry had developed between two people, Anjum and Ashiq, during the previous general elections which led to the former attacking and killing the latter. ",ASSASSINATION
"Security forces opened fire in Kharwanai area, killing a man in a shop.",GOV_ATTACK_ON_NONSTATE_COMBATANTS
a military convoy going from Miramshah to Bannu was hit by an explosive device detonated by remote control.,GUERILLA_ATTACK_ON_GOV_FORCES
A constable was shot and killed when he stopped two unidentified men on the M. A. Jinnah Road.,ASSASSINATION
"According to MQM, Haqiqi men ransacked the offices of two of their activists' offices in Malir.",TERRORISM
A young boy was injured in crossfire between rival groups near Jail Road. No information regarding the groups or the cause of firing Is reported.,RIOT
"Dr. Ishrat Hussain, a resident of Azizabad, was near his clinic when unidentified men intercepted his car and shot him dead. The family stated that a few days ago, some men had come to their home and inquired about their sect. ",ASSASSINATION
The body of an unidentified man was found in the fields in Raiwind area. He had been shot in the head. ,OTHER
40 people were injured in day long pitched battles between supporters of Mir Murtaza Bhutto and the police who barred the activists to reach the main terminal to receive him.,GOV_ATTACK_ON_CIVILIANS
"Militants blew up a government girls primary school in the Adezai area of Peshawar. According to sources, militants planted five explosive devices on the three-storey building and detonated them by remote. ",TERRORISM
"Rival religious groups, Lashkar-i-Islam and Ansar-ul-Islam clashed in Landi Kotal after a jirga comprising of local Jamiat-Ulema-i-Islam failed to negotiate a ceasefire between the groups. Two people were killed and two others were injured in the clash.",RIOT
A housewife was found dead in her bedroom under mysterious circumstances. The neighbours discovered the body.,ASSASSINATION
"12 militants were killed in a US drone fired missile on the suspected headquarters of the local Taliban chief in Khadezai area. 2 women were also killed in the attack. Thirteen people were injured. Hakimullah Mehsud, a Taliban commander loyal to Baitullah Mehsud said that 6 of his fighters had been killed in the missile attack and he vowed revenge.",DRONE_ASSASSINATION
"As part of the MQM protest day against the victimisation and arrest of its women workers, a total strike was observed throughout the troubled localities in Karachi. Eleven persons were wounded in heavy shooting incidents in Saeedabad. ",TERRORISM
A checkpost of the Bajaur scouts and Levies force came under rocket attack and heavy gunfire. The security forces exchanged fire with the attackers who had laid siege.,CONVENTIONAL_ATTACK_ON_GOV_FORCES
"Two persons were shot at and wounded near Nairang Cinema (Liaquatabad) by some unidentified persons who fired at them from a passing vehicle.According to an unofficial report, one of the injured later died.",TERRORISM
6 persons were injured in election relatedd violence in Shahdadpur Taluka.,RIOT
"A head constable of the police, Mohammad Panha was gunned down inside his own house. The BLA claimed responsibility for the attack. ",ASSASSINATION
"10 trucks of a convoy returning from Afghanistan were torched on the Peshawar-Torkham highway. Hazrat Ali and Hazrat Nabi, two wanted men had claimed responsibility for the attack. A fine of Rs. 20 million was placed on the Shinwari tribe for its failure to surrender them.",TERRORISM
A man in his early 30's was found wounded by a bullet in his car. He was taken to the hospistal where he died. The police could not solve the murder.,ASSASSINATION
The burnt body of a woman was found near the Punjab University New Campus. ,ASSASSINATION
"Following an attack on the ANP Information Secretary, ethnic violence erupted in other parts of Orangi as the city police chief Saud Ahmed Mirza described it as \political and definitely ethnic\"". Two passengers were killed and three others were wounded when a bus came under fire by unidentified men in Qasba Colony. """,TERRORISM
"Shuja, a ninth class student, was shot dead when a stray bullet hit him. Some student activists were released from Central Jail Bahawalpur. As they were coming out, some students belonging to a rival organization allegedly fired shots at them. Shuja, who happened to be passing by, was hit by a stray bullet and died.",RIOT
"Six air force personnel and seven other people were killed when a car bomb epxloded near a bridge on Peshawar-Kohat road. It was not clear whether the attack was a suicide mission or not. According to BBC, Taliban have claimed the responsibility for the attack.",GUERILLA_ATTACK_ON_GOV_FORCES
a jeweller was shot dead in the Inayat Kallay area by unidentified motorcyclists.,ASSASSINATION
Two people were killed and 32 others injured when a bomb went off in a cinema in Mingora. The cinema was packed to its full capacity and many were injured in the ensuing stampede.,TERRORISM
CDG officials and the police were injured while carrying out an operation against the sale of porn CDs. The traders pelted them with stones injuring two of them.,VIOLENT_POLITICAL_DEMONSTRATION
Militants attacked two checkpost in Thall and Ghusha near Miramshah and injured four FC soldiers. Paramilitary retaliated and heavy exchange of fire started.,GUERILLA_ATTACK_ON_GOV_FORCES
"A push cart vendor was injured in a cracker explosion that took place at the Market Chowk, Tando Allahyar. ",VIOLENT_POLITICAL_DEMONSTRATION
A motorcyclist was attacked and beaten up with sticks and his motorcycle was set ablaze. ,TERRORISM
"3 friends, Tariq Aziz, Zubair Ahmed and Imran were shot dead on the Liaquatabad Flyover by people who first knocked them over with a car and then sprayed them with bullets using an AK-47. Zubair Ahmed had reportedly stated that some of the attackers were wearing police caps. The police denied having this information. All the victims did not have any political affiliations",ASSASSINATION
An explosive device went off in an open drain near the cirty polic staion. No loss of life or property was reported.,TERRORISM
A militant attack on a security post was followed by an exchange of fire that lasted for over an hour. A local militant commander was killed and 3 other militants were injured. ,CONVENTIONAL_ATTACK_ON_GOV_FORCES
A minor girl was killed and several others were wounded when a mortar shell hit a house in Kabal tehsil during the security forces operation in the region.,GOV_ATTACK_ON_NONSTATE_COMBATANTS
"In Bannu, four security personnel were injured in a roadside explosion when their vehicle ran over the landmine planted by suspected militants. ",GUERILLA_ATTACK_ON_GOV_FORCES
a man suffered serious injuries in an exchange of fire over election rivalry in Ferozewala. The groups led by Aslam Buttur and Iqbal traded fire. Aslam Buttur was injured.,RIOT
2 peopl were shot dead and three were injured in a crossfire between two rival groups at Maraka village in Manga Mandi. Troops were called in when the situation deteriorated. The incident was a result of the second phase of local government elections.,RIOT
The Chenab Rangers thwarted a major attempt by the Indian Security Forces to fence the Sialkot Working Boundary. They destroyed one big Indian defensive pillar.,GOV_ATTACK_ON_CIVILIANS
The traffic Kiosk at Old Exhibition came under attack. Some unidentified gunmen took positions atop the Deaf and Dumb school from where they fired at the police post. Intermittend firing was also reported in some area at night.,CONVENTIONAL_ATTACK_ON_GOV_FORCES
CIA SI Muhammad Hussain Chang was gunned down by in an ambush by unidentified armed men near Sanjoro on Saturday.,GUERILLA_ATTACK_ON_GOV_FORCES
"A PPP activist, Shahid Narnoli, was shot allegedly by an MQM activist, Fareed, with whom he had previous unsettled disputes. However, both parties have launched FIRs against one another.",TERRORISM
"The administrator of South Waziristan, Mr. Asmatullah Gandapur, was traveling back to tank when his jeep was blown up with a remote controlled device, reportedly by militants. Both him and his driver sustained injuries.  Senior officials and Brig Mehmood Shah claim it to be a target killing and the handiwork of militants.",ASSASSINATION
"The body of Javed (23 years old, third year student of Government Degree College, Kohi) was found. His was tortured before being shot and many of his bones were fractured. He was abducted by three unidentified men three days prior to the recovery of the body.",OTHER
2 people were killed and 5 were injured by unknown persons in Landhi Korangi Area on Friday.,ASSASSINATION
A gang of dacoits killed 6 members of the same family as a 'punishment' to the people of the village for releasing information about the dacoits to the police.,TERRORISM
A young man Bilal Ahmad was gunned down in Chak 108-SB,ASSASSINATION
A bullet riddled body of a man was found. ,ASSASSINATION
"Anwar Khatoon and her daughter, Nasima, were gunned down by armed men. The assailants threw their bodies in the Indus River. Raza Mohammad, Anwar Khatoon's husband, lodged a \case against seven men, but had been arrested till the filing of this report\"". """,ASSASSINATION
"30 personnel of different agencies-primarily secret agencies, police and elite forces- arrested Dr. Inamullah Khan from his house without any search warrant. SHO of the city police station expressed ignorance concerning the matter. Sources said that he might have been arrested for his 'links' with a banned religious group. Dr. Ali Asghar expressed regret over the reluctance of the police to disclose the victim's whereabouts.",OTHER
"Gunmen of the Kosh tribe shot dead Rahim Bux Solangi in the Machka area, which led to an escalation of the ongoign war between the Kosh and Solangi tribes. ",ASSASSINATION
"A woman, Nasim Akhtar, was shot dead when she was going home in the Topi area of Swabi district. The woman's son, Zahor Shah, has registered an FIR with the police. ",ASSASSINATION
"Haleema was shot dead by her husband, Abdul Ghaffar Kandhro as he suspected that she had illicit relations with Bhoro Kandhro. He later surrendered himself to the Dubbar police.",ASSASSINATION
Solangi tribesmen held a demonstration in protest over the arrest of one of their men. Policeman opened baton-charge and tear gas to disperse the angry crowd.  Protesters attacked the police in retaliation by pelting them with stones and sticks. ,VIOLENT_POLITICAL_DEMONSTRATION
A bomb blast partially damaged two cell phone shops. The miscreants had planted indigenous explosives in a generator in the market.,TERRORISM
Four people were killed and four others were injured in sporadic clashes between rival tribes in different areas of the Kurram agency.,OTHER
A suicide bomber smashed his car into a checkpoint near GHQ as he was signalled to stop. 5 security personnel were injured in the incident.,GUERILLA_ATTACK_ON_GOV_FORCES
"In the after math of Benazir Bhutto's death, angry PPP protestersattacked a police station with stones, smashing windowpanes, signboards etc.",VIOLENT_POLITICAL_DEMONSTRATION
An unidentified man was gunned down in Nazimabad.,ASSASSINATION
"A violent protest by residents of Lyari over a complete power breakdown for 2 days left a 12-year-old child injured, who later succumbed to his injuries at the hospital. The protesters raised slogans against KESC authorities. Details of the violence are not given. ",VIOLENT_POLITICAL_DEMONSTRATION
People from various parts of the city blocked the road and burnt tyres to protest against loadshedding. They also raised slogans against the government and FESCO. ,VIOLENT_POLITICAL_DEMONSTRATION
Security forces claimed they defused a bomb placed on the side of the road in Kot village in Charbagh area.,TERRORISM
One person was wounded in Indian shellin across LoC in neelum valley on Wednesday,ATTACK_ON_STATE
One villager was injured in the Charwa sector in the firing by the Indian troops from across the LoC.,ATTACK_ON_STATE
"A clash between Pitafi and Mallah communities at the Tando Muhammad Khan police station left STP leader Raza Mohammad Khaskheli, Iqbal Hanjo and head constable Mohammad Juman injured. ",RIOT
"A customs employee, Saleem Farooqui, who had been missing for two days was found dead in his official vehicle on Korangi Road in Defence Housing Authority. The body, reportedly, bore bullet wound marks.",ASSASSINATION
A powerloom worker was shot dead by some unidentified persons when he was going home along with his brother. ,ASSASSINATION
"The police officials arrested a boy and a girl for quarrelling. In the meantime, Union Council Nazim Irfan Haider Cheema and his elder brother, Sajjad Haider Cheema, both sons of Tehsil City Nazim, Mumtaz Ali Cheema, went to the police station and held dialogues with the SHO Muhammad Akmal. According to the SHO, the boys attacked him first and threw around office furniture. He denied allegations of torture of the Nazim's sons. According to the two sons, they were beaten up severely by the SHO after they asked him to resolve a petty issue. They said that the SHO became angry without any justification and started to beat them up in his room.",GOV_ATTACK_ON_CIVILIANS
A Muharram procession that was headed to Imambargah Sahki Munawwar Shah was attacked by a hand grenade that was hurled from a nearby building. The blast killed a 2-year-old boy and left 31 others injured. ,TERRORISM
The Tehrik-i-Nifaz-i-Fiqah Jafaria took out a procession against the killers of Allama Arif Hussain Al-Hussaini. The protesters were protesting against the 'imperialist forces' behind the murder. They burnt an American flag.,VIOLENT_POLITICAL_DEMONSTRATION
A person was killed and his son was injured by armed men in Jacobabad on Sunday.,ASSASSINATION
A married woman was strangled to death by her husband and two other accomplices on the pretext of Karo-kari,ASSASSINATION
The Karachi bound Shah Rukn-i-alam escaped disaster when a bomb planted on the railway track exploded destroying safety plates and nuts of the track.,TERRORISM
A teenager was injured while standing in a street in Taya Joiyaan village in Charwa sector across the LoC when some bullets fired by the Indian troops hit him.,ATTACK_ON_STATE
An advocate of the High Court was gunned down when armed men intercepted him on Tariq Road and opened fire on him. He succumbed to his injuries at the hospital. ,ASSASSINATION
Baro Khan was killed an danother injured when their motorcycle hit a landmine in Bekar area.,TERRORISM
"Abdul Rauf Mohammad Naseem and Attaullah, both Afghan nationals, were killed by snipers. The motive of the murder is said to be an old enmity between two political groups of Afghan Mujahideen- Gulbadin Hikmat Yar and Mohammad Nabi groups.",ASSASSINATION
"A man was killed and his brother sustained injuries when a group of men opened fire on them while they were working in the fields of the Khingriwala village, allegedly because the man had developed illicit relations with the sister-in-law of one of the other men. ",ASSASSINATION
"Three family members, including two women were shot dead by their rivals over a previous dispute when the rivals opened indiscriminate fire on them in their home.",ASSASSINATION
"A police patrol van was targeted by a remote controlled IED, killing 2 people and injuring 11. A police constable was among those killed. The BLA claimed responsibility for the attack",GUERILLA_ATTACK_ON_GOV_FORCES
"Following the assassination of senoir MQM member Farooq Baig that sparked anger among MQM workers, Karachi witnessed a number of arson attacks that the police claimed targeted mostly vehicles owned by 'people from a particular ethnic background'. Three buses and a hi-roof van were torched in Landhi Town",VIOLENT_POLITICAL_DEMONSTRATION
"the army made inroads into Mehsud territory in South Waziristan. The Army claimed that 32 militants had been killed in the offensive. Helicopter gunships shelled suspected militant hideouts in Barond, Serwekai and Gul Serai areas.",GOV_ATTACK_ON_NONSTATE_COMBATANTS
"The body of a local commander, Ihsanur Rehman, was found from the Kokarai area on the outskirts of Mingora during a search operation.",OTHER
"Farhan Saeed Butt of Bridge Colony, Cantonment was held by Airport Security Force after a pen pistol was recovered. He was handed over to the police for interrogation and legal action.",THREAT_OF_VIOLENCE
"Five tribesmen, including two women were killed in a clash between two rival clans of Bugti and Domki tribes in the Sub-tehsil of Lehri about 250Km east of Quetta. According to reports both tribes used heavy weapons including rockets, and bombs againsteach other. ",RIOT
"The dead bodies of Amir and Shakir, residents of Bakra Piri, Lyari were found and taken to the hospital. Police claim that the deceased were associated with Lyari Peace Committee. Background: Karachi has been gripped with fear after a week filled with incidents of targeted and indiscriminate killing which has strained the relationship between coalition parties MQM and PPP.  ",ASSASSINATION
"A senior advocate was targeted when two unidentified assailants entered his chamber on the District Court premises and opened fire on him. He was injured and rushed to the hospital. According to police, the assailants later fired on a constable posted at Choti Zarin police station. ",ASSASSINATION
"Armed motorcyclists opened fire at a tea shop, killing 1 man and injuring another. ",RIOT
Police batoncharged male and female teacher who had gathered outside the Islamia College for Women on Cooper road in order to protest against the proposed privatisation of the educational institutions.,VIOLENT_POLITICAL_DEMONSTRATION
A girl was injured when suspected militants fired rockets and missiles on border areas of Manro Jangle and Speray in Mamund tehsil of Bajaur. Tribal lashkars retaliated which caused the militants to flee.,TERRORISM
Police fired shells at the PPP demonstrators in Lyari on Saturday. PPP was demonstrating against the government and alleged that 100 PPP workers were arrested,VIOLENT_POLITICAL_DEMONSTRATION
A man was shot dead at A-area during the on-going violence in Khokhrapar and neighbourhood areas. ,TERRORISM
When the district labour office tried to resume possession of land that was encroached upon by a lady -Sharifan- she refused to vacate the plot and attacked the watchmen accompanying them. She also said that she would launch a rape case against them if they try to take the land from her. The team left after their police escort abandoned them when a group of ladies came out in Sharifan's support.,RIOT
Two MQM activists were gunned down in an encounter in Sector A-1 on Orangi Town. The police claimed to have recovered submachineguns from their possession. MQM contradicted the police and claimed that three of their activists had been killed in cold blood. ,GOV_ATTACK_ON_CIVILIANS
"According to witnesses some unidentified armed men brought a young man to Nadi Ali Pulia, shot him and set his body on fire. According to police, the man had been tortured beforehand as well. Follow up: the man was said to be an MQM leader.",ASSASSINATION
"Haji Fazal Kareem, a UN worker from Afghanistan, was injured when he was hit by rifle butts by some unidentified attackers after his vehicle came under fire. His two companions escaped unharmed.",TERRORISM
"At least 40 suspected militants were killed and 43 others captured in a new military offensive in the Bara area of Khyber tribal region. The local administration had imposed a curfew in Bara tehsil before the operation titled 'Biya Daraghlam' (Here I come again). It was the second operation aimed at enforcing the writ of the government in an area that was under the control of the outlawed Lashkar-i-Islam. Followup: In the continuation of the same operation in Bara tehsil, at least 16 suspected militants were killed and 35 others arrested in the second day of the military operation. Security forces had faced stiff resistance in Akkakhel and Kohi localities, but cleared the areas after a clash which left several militants dead. ",GOV_ATTACK_ON_NONSTATE_COMBATANTS
"a bomb was defused in a neighbouring area of Nizampur Ghaliyan near Kingra Road Bund, by the Bomb Disposal Squad.",TERRORISM
When residents of different localities learnt of the police violence they staged a protest on the Peshawar Charsadda road and burnt tyres.,VIOLENT_POLITICAL_DEMONSTRATION
There was a protest against a raid by the police on the private residence of Chairman Khanqah Sharif UC- Mian Najeeb-uddin Owaisi conduted to arrest a person. Hundreds of youung blocked the National Highway and the police tried to disperse the crowd using teargas shells. The protesters retaliated with bricks. There were 10 people who sustained injuries. ,VIOLENT_POLITICAL_DEMONSTRATION
"Security forces launched an operation after militants had attacked two checkposts. In the clashes that ensued, at least 1 militant was killed and 4 were injured. ",GOV_ATTACK_ON_NONSTATE_COMBATANTS
The former district general secretary of JUI-F-Maulana Saleemullah and another person were gunned down by his rivals in Latambar area on Tuesday. Three other persons were also injured.,ASSASSINATION
a man and a woman were killed on the pre-text of karo-kari in Abdul Rehman Shar village. One Mubarak Shar opened fire on his sister-in-law and her relative when he found them in a compromising position.,ASSASSINATION
An activist of the MQM was shot and killed in an encounter with a police party when they raided a terrorist hideout in Block N of Nazimabad. ,GOV_ATTACK_ON_CIVILIANS
Indian forces targeted border villages of the Norwal district by using machine guns. Sources said that the Pakistani forces responded effectively.,ATTACK_ON_STATE
The body of a youth was found in the Orangi Town graveyard.,OTHER
"General Officer Commanding Swat Maj-Gen Javed Iqbal was injured when his helicopter came under attack near the Afghan border in Upper Dir. After the incident, the security personnel clashed with militants and shelled their hideouts.",GUERILLA_ATTACK_ON_GOV_FORCES
at least 15 people were injured when a bomb placed on a push-cart parked at a taxi-stand in Dera Murad Jamali went off. Several vehicles were damaged in the blast.,TERRORISM
2 students were injured in baton charge and 8 others were arrested when IJI students protested and started towards the city's most crowded cinema houses allegedly involved in screening of obscene movies.,VIOLENT_POLITICAL_DEMONSTRATION
A dispute over the occupation of a mosque between Tanzim Ahl-i-Sunnat-wal-Jamaat and a group of Tablighi Jamaat created high tension in the area. Each group claimed ownership of the mosque. An attempt by the Tablighi group to take possession of the mosque led to law and order situation at the Friday congregation. The police were called to restore peace and they used batons to disperse the violent contenders.,RIOT
pipeline connecting Pir Koh gas field with sui plant was blown up. The Baloch Republican Army took responsibilitty for the incident.,TERRORISM
Unknown persons hurled a hand grenade in the lawn of radio Pakistan building which exploded with a bang damaging some window panes and a pickup truck. However no casualty was reported.,TERRORISM
"Patani Bibi w/o Muhammad Nawaz was shot dead by her brother, Waris, over suspicion on her character. ",ASSASSINATION
"Unidentified men opened fire on a former IGP and other policemen, killing him and four other police personnel on the spot while injuring 2 others. ",CONVENTIONAL_ATTACK_ON_GOV_FORCES
Three people were wounded in Orangi Extension during the on-going violent shooting incidents.,VIOLENT_POLITICAL_DEMONSTRATION
Firing by Indian security forces prevented sowing of paddy fields in border villages. 2 cows were killed and some houses were damaged.,ATTACK_ON_STATE
An old land dispute between the Mallah and jamali communities claimed a life when a man from the Jamali community was shot and killed by men from the Mallah community.,ASSASSINATION
A man was killed in Buffer Zone.,ASSASSINATION
Terrorists gunned down two snake-charmers and hanged a TNT employee in Malir. This was a continuation of violence in Karachi which had been going on for 2 days.,TERRORISM
a policeman performing his duty as the guard of the DPO was shot dead and his daughter was injured when gunmen entered the Karachi-bound bus that they were sitting in.,ASSASSINATION
Three members of a family were killed and five others were injured when a mortar shell hit a house in Gall Maidan area.,GOV_ATTACK_ON_NONSTATE_COMBATANTS
Two militants and one civilian were killed in a clash in Shinow Ghundai,GOV_ATTACK_ON_NONSTATE_COMBATANTS
"Some PIA staffers were injured during a protest strike by a joint action committee of PIA employee's unions at the Karachi airport. The strike was being observed at veriosu airport across the country to protest against PIA's decision to hand over some routes to Turkish Airlines. According to Sohail Baloch, convener of the protesting employees, 'outsiders' had been sent by certain politicians to disturb the otherwise peaceful strike.",VIOLENT_POLITICAL_DEMONSTRATION
"Benazir Bhutto of the PPP claimed that one of her party's MPA's received threatening phonecalls which warned him to join the \Patriots\"" group or party renegades or he would suffer dire consequences. """,THREAT_OF_VIOLENCE
the beheaded body of an unidentified man was found near F-9 park.,ASSASSINATION
Unidentified people killed a man and injured 2 others. No further details given. ,ASSASSINATION
"Ramzan Jatoi, Allan Jatoi, and Sain Dino Jatoi suspected that their relative, Zubaida- wife of Koro Jatoi, had illicit relations with Elahi Bux Kharos. They strangled her and threw her body in the Dadu Canal.",ASSASSINATION
"Two armed 'bandits' killed former chairman of the Ushr and Zakat Committee, Jacobabad District. ",ASSASSINATION
"In reaction to the demolition of Babri Mosque in Ayodhya, violent protesters burnt the effigies of various Indian leaders and attacked various temples. They also burnt tyres.",VIOLENT_POLITICAL_DEMONSTRATION
The body of a youth with its throat slit open was thrown down from the roof of a three-storeyed hotel in Naulakha area on Monday,ASSASSINATION
Unknown persons did indiscriminate firing in Ashraf Colony on Monday night.,TERRORISM
"Thousands of women and hundreds of men protested the local administration's plan to acquire land to build a university. The women went out in the streets and men started firing from a hill top. The police stopped the marchers from going to a college run by an Ismaili community. And paramilitary troops were deployed there. The Agha Khan community is not building the university, but has been targeted in past demonstrations. ",VIOLENT_POLITICAL_DEMONSTRATION
Eight oil tankers carrying fuel for US forces in Afghanistan were set on fire by four masked men near the Western Bypass on the outskirts of the provincial capital. This was the first time Nato tankers had been attacked on the outskirts of Quetta. Noone claimed responsibility for the attack. ,TERRORISM
suspected militants fired four rockets on the Miryan Police Station. However they missed the target and landed in a populous area. one of the missiles landed on a house killing a youth on the spot. The people of the area blocked the roads and held a demonstration,CONVENTIONAL_ATTACK_ON_GOV_FORCES
Two rival groups of sudents in Government Degree College exchanged hot words which led to a clash. They threw bricks and used batons on each other and shots were also fired. The police and Principal intervened and brought the situation under control.,RIOT
"A group of armed men barged into a house and opened indiscriminate fire, killing 2 sisters. The father of the victims, Allah Dita, had a land dispute with a family from Sharaqpur and it was his rivals that were responsible for the killings. This land dispute had climed 4 lives in the past.",ASSASSINATION
"Mohammad Soomar Dahani shot his wife and his three-year-old daughter in the name of karo-kari. According to him, he had no intention of killing his daughter. ",ASSASSINATION
"a young man, Muhammad Yaseen, was shot dead near Jilani Centre, Merewether Tower. 2 men on a motorcycle intercepted him and opened fire, killling him and wounding a passerby.",ASSASSINATION
"in Bhana Mari area, the three sons of Ghulam Rasool opened fire on their rival Minhaj, and injured him, while a passerby was killed.",ASSASSINATION
"Twelve kidnapped people were shot one by one in a hijacked minibus that was parked near Allawala College on Orangi Town. According to reports, all twelve victims were kidnapped earlier from a market in the area while they were out shopping. Police found the bodies in the bus, all were blindfolded with hands tied behind their backs and a bullet wound at the back of the head. Police claimed that the act of terrorism was in retaliation to the death of four MQM workers in a police encounter the day before. All victims were either Sindhis or Punjabis. The dead included a constable, a Ranger and an advocate.",TERRORISM
Four armed men on motorcycles gunned down Liaqat Ali Rind in the A-section police area. He was on his way to school in Mumtaz colony when the men opened fire on him. The motive behind the killing was said to be karo-kari.,OTHER
Ahmed Khan and Rehman Khosh were gunned down over a land dispute. No further details were given.,ASSASSINATION
Some unidentified men on a motorcycle opened fire on a FC vehicle killing three FC personnel and injuring the driver.,TERRORISM
at least 10 lawyers were injured in a clash with police during a protest against General Musharraf taking oath as President of Pakistan.the protesters called upon the political parties to boycott the elections.hundreds of lawyers came out after a general body meeting of the Lahore Bar Association.they were pushed back repeatedly by a heavy contingent of police.LBA President wrangled the police as he tried to take the lawyers out on the road.when policemen dragged a couple of lawyers after a scuffle some lawyers started beating policemen in plain clothes who were rescued by other lawyers. a brawl also began.Advocate Shah and Azar Latif pleaded for clam and the police then allowed the lawyers to come out onto theh road.a case was registered against 150 lawyers.7 constables and 2 inspectors were injured.,VIOLENT_POLITICAL_DEMONSTRATION
"Unidentified men on a motorbike pulled up to Wali Muhammad, a trader, and shot him from close range. He died on the spot. Later during the day, traders from the market staged a sit-in to demand protection from the police. ",ASSASSINATION
security forces backed by helicopter gunships attacked militant hideouts. 2 villagers were killed and several schools were damaged when security forcecs shelled the area.,GOV_ATTACK_ON_NONSTATE_COMBATANTS
Two workers of the Mohajir Qaumi Movement were killed in an armed attack.,ASSASSINATION
Security forces on patrol came under fire from militants. 1 militant was killed when security personnel fired back. ,CONVENTIONAL_ATTACK_ON_GOV_FORCES
A house and a tractor were partially damaged in a bomb blast in the house of a tribesman.,TERRORISM
"Mohammad Owais, a PPP activist affiliated with UC-1 of City Area-110, was shot and killed by armed motorcyclists outside his house. He was the nephew of Akram Baloch, a senior PPP leader in the Lyari area. ",ASSASSINATION
"The body of an unidentified woman, approximately 25 years old, was found from Sattukalta. Police stated that strangulation marks were found around her neck.",OTHER
"Saud-ur-Rahman, a local leader of the ASWJ, was shot and killed and his two aides were injured when armed motorcyclists opened fire at them. An ASWJ spokesman claimed that this was a conspiracy against sectarian harmony. The victim was ASWJ's North Nazimabad town head. ",ASSASSINATION
"2 brothers, Tanvir and Javaid, were shot dead by some unidentified assailants in Chak 4 on Shahkot Nankana Road. The motive behind the incident could not be ascertained.",ASSASSINATION
The badly decomposed body of a person was found in Kot Lakhpat area on Saturday,ASSASSINATION
Militants fired two rockets on the Head Quarters building of the Bajaur Scouts injuring two security personnel.,GUERILLA_ATTACK_ON_GOV_FORCES
"Unidentified people shot dead the principal of Government Monotechnical College, Syed Gul Imam Shah, as he was about to leave the college. His family stated that he had no personal enmity. He was from Attock area and had been living in Ancholi Society, Federal B Area.",ASSASSINATION
"Three people were killed and two were injured when a group of armed men, reportedly belonging to Lashkar I Islam, chased the vehicle of Malik Guli Shah Kukikhel, in order to kidnap him.",OTHER
"Residents living in Lahore near Multan Road staged a protest demonstration against the killing of a Shia religious leader, Allama Abdul Karim Mushtaq. The residents blocked the Multan Road and burnt tyres on the road, suspending traffic for almost two hours. ",VIOLENT_POLITICAL_DEMONSTRATION
Scores of people blocked Ferozepur Road near GHQ Hospital in protest against a robber/murder incident. They burnt tyres and chanted slogans against the police for an hour and demanded early arrest of the culprits.,VIOLENT_POLITICAL_DEMONSTRATION
Two rockets were fired from an unknown location which exploded in the outskirts of Peshawar. No damage was reported.,TERRORISM
"Momin Ali Chandio killed his wife Zarina because when he came home, she was sitting with his cousin. His cousin escaped.",ASSASSINATION
"a number of peoplestaged a demonstration on Khadim Ali Road against an inordinate delay in the issuance of passports and alleged corruptionand by the regional passport office. On refusal to register a written complaint against them, they attacked the office braking the wondows and damaging furniture, the outer wall and the gate.",VIOLENT_POLITICAL_DEMONSTRATION
"A powerful bomb ripped through a car parked outside a bank on a busy road in the cantonment area, causing minor injuries to 24 people. Eight vehicles and windowpanes of nearby buildings were damaged. ",TERRORISM
"The Indian Security Forces continued firing on Charwa, Bajwat, Chaprar, Harpal, Sucheetgarh and Shakargarh sector. As a result, the firing damaged 4 houses. There were no casualties.",ATTACK_ON_STATE
Violent clashes between two factions of MQM continued for the 3rd day when armed men ambushed a vehicle and shot dead the two unidentified people inside.,ASSASSINATION
A man was injured in bhoor while several cattle were killed as the Indian firing continued from across the Sialkot working boundary.,ATTACK_ON_STATE
"The bullet-riddled body of Rab Nawaz, a resident of Shanti Nagar who hailed from Kashmir, was found by the police. ",ASSASSINATION
An SHO and three other police personnel were injured in a bomb explosion when their vehicle hit a roadside improvised device which was exploded by a remote control. ,GUERILLA_ATTACK_ON_GOV_FORCES
"According to police, various religious parties and leaders set a circus on fire as part of their anti-obscenity campaign. Police claim they had set a deadline for the district administration and police to close down all vulgar and obscene places and halt all activities and had set fire to the circus after the deadline had passed. Some 200 people, including MMA's Qazi Hamidullah, Gujranwala MMA information secretary Babar Rizwan and Abdul Malik Shah were booked by the Sabzi Mandi police. ",TERRORISM
Militants launched a mortar attack on a telecommunications tower on the hilltop in Darra Adam Khel killing a subedar and 2 soldiers.,GUERILLA_ATTACK_ON_GOV_FORCES
"President Gen Pervez Musharraf warned the militants barricaded in Lal Masjid to surrender or be prepared to get killed. He stated \The government has the power and could do everything, including killing them, but it is demonstrating great patience to save human lives\"". Followup: The authorities issues a 'last warning' on the 8th of July 2007 to the Lal Masjid cleric and his fighters, as speculation mounted security forces would launch a full scale assault.""",THREAT_OF_VIOLENCE
"Both PPP and PML-N had setup protest camps to express their respective views on an ongoing issue involving the leaders of both parties and CJP. The PPP workers marched towards Farid Gate where PML-N activists were already present. PPP workers allegedly ransacked the PML-N camp, uprooted their tents, burnt tyres and chanted anti PML-N slogans. The led to a clash between both sets of workers leading to 4 PML-N activists getting injured. ",RIOT
"militants blew up a link bridge in Kla Dher, disrupting vehicular traffic.",TERRORISM
A presiding officer was beaten up in Jambar Khurd village by a union council nazim and a acouncillor for refusing to accept certain rejected votes.,THREAT_OF_VIOLENCE
"Shaukat Jut went to the police station to register an FIR against the murderers of his son. They refused to register the FIR and  told him to take it up with the Raja Jhang police station as the crime did not occur in their jurisdiction. Shaukat, 'having despaired of the officials coming to good', returned to his village, and gathered 35-40 people and set the Theh Shekhum police post on fire. Then the Kasur SSP and the Saddar Circle DSP assured the protesters of the registration of the case.",VIOLENT_POLITICAL_DEMONSTRATION
A student and resident of Azad Kashmir was shot dead in Orangi Town. ,ASSASSINATION
Two persons were injured in a clash between rivals inside a mosque during the election of Zakar and Ushr Committee.,RIOT
A truck and utility store were set on fire. ,VIOLENT_POLITICAL_DEMONSTRATION
"Ali Bux and Ghanwar Marfani were gunned down, by 10 armed men, near Meero bridge. Area people said that the incident was an offshoot of a running dispute between Marfanis and Brohis.",ASSASSINATION
"Police clashed with students who were protesting under the banner of the IJT, who claimed that the police had registered a 'fake' case of attempted murder on some of its activists. The protesters blocked the main road and burnt tyres to press for the withdrawl of the case and the police responded by resorting to baton-charge and aerial firing. In response, the students pelted the police with stones. 2 policemen and 2 students were injured. A case has been registered against 150 students for the event. ",VIOLENT_POLITICAL_DEMONSTRATION
Three people received bullet injuries due to shooting incidents in Korangi.,VIOLENT_POLITICAL_DEMONSTRATION
A man was wounded at Ayesha Manzil. ,OTHER
"a man was killed and another was injured in an attack by three brothers on Karamuddin and Abdul Ghani Narejo with axes, over a land dispute.",ASSASSINATION
"Six persons were injured in a tribal clash between the Khokhars and the Malaks in Pano Aqil. The clash was over a property dispute. Both sides used sticks, lathis and fire arms freely.",RIOT
Two Bugti tribesmen were killed in a landmine blast in Patokh area of Dera Bugti.,TERRORISM
2 women were injured in Indian shelling along LoC in Nakyal Sector on Wednesday.,ATTACK_ON_STATE
"Students from Government College of Commerce, Commercial Institute and Polytechnic Institute protested against the murder of Mirza Taimur Beg. They burnt tyres in several places in the city and called for stern action against the murderers.",VIOLENT_POLITICAL_DEMONSTRATION
One militant was killed and seven others were arrested in a raid by security forces in the Michini area of the Yakghund tehsil.,GOV_ATTACK_ON_NONSTATE_COMBATANTS
"4 people were killed and three were injured in a clash between Arain group and Dogar Group over the distribution of irrigation water in Sahiwal on Sunday; Follow Up: The Dogar group leader Allah Ditta succumbed to injuries on Thursday. The original incidence took place on 20th August whereas in the newspaper, reporting date is 27th August",RIOT
"Nasir Ahmed Butt, a member of the Ahmadi Communnity and a fruit vendor by profession, was gunned down by armed motorcyclists.",ASSASSINATION
"Students of different schools took to the streets and pelted passing vehicles with stones, disrupting vehicular traffice in Lyari protesting against the arrest of Mr. G.M. Syed. Glass panels of a local bank branch were also smashed during protesting. They dirupted traffic on ShahWaliullah Road and Atmaram Pretamdas Road where they burnt a Pakistan Steel van. They aslo resorted to aerial firing upon the refusal of shopkeepers to close down their shops. The crowd later dispersed when the police arrived on the scene.",VIOLENT_POLITICAL_DEMONSTRATION
"militants simultaneously attacked a building in the police lines area, district police office and the city police station. a hand grenade hurled at the city police station fell on a house, killing Razia Bibi and injuring her husband and mother-in-law. this event sparked a heavy exchange of fire between the police and the militants. a local said the Taliban was responsible.",GUERILLA_ATTACK_ON_GOV_FORCES
"Dozens of people from Shahdara and its neighbouring areas blocked the GT Road and burned tyres to protest the shortage of electricity, water and gas. MPA Rana Iqbal and Shahdara police tried to passify the mob but when it didn't work riot police charged at them with batons. The protesters responded by pelting the police with stones to which the police resorted to aerial firing which eventually dispersed the mob. Sub-inspector Afzal Virk was beaten up by the protesters as well. ",VIOLENT_POLITICAL_DEMONSTRATION
Unidentified activists hurled crackers  in different localities but no one was reported to be hurt. ,VIOLENT_POLITICAL_DEMONSTRATION
One man was killed and two others were injured in an altercation between two groups of the Teevno clan in Banho Teevno village near Tharu Shah.  No other details were reported.,RIOT
A bullet riddled body of a young man was found in a taxi. The reason behind the killing could not be ascertained.,ASSASSINATION
Maqsood Khushal was passing through Millat Town when his vehicle was intercepted by unidentified youths who set him and his vehicle on fire. ,VIOLENT_POLITICAL_DEMONSTRATION
"Residents of Hassanabdal, frustrated by frequent power breakdowns, attacked three Wapda officials who had come to the area to fix a fault. They also damaged the vehicle and thrashed its driver. They then proceeded to the Wapda complaint office and thrashed two officials working there and ransacked the office. When the protesters proceeded to block the G.T.Road, police negotiated and convinced them to disperse. ",VIOLENT_POLITICAL_DEMONSTRATION
"Militants planted IEDs around a Basic Health Unit and detonated them, destroying the building. ",TERRORISM
The bodies of two teenagers were found stuffed in gunny bags near Timber market in an old city area. The bodies bore gunshot wounds and seemed like they had been killed a couple of hours earlier before being dumped. ,ASSASSINATION
A young girl was stabbed to death by her finacee on suspicion of her having illicit relations with another man.,ASSASSINATION
"Security forces and militants clashed near Jaler Post and Banda Post. Residential areas in Banda also came under attack, leaving a teenager injured.",GUERILLA_ATTACK_ON_GOV_FORCES
"A passer-by was killed and 5 others were injured in a clash between a group of milkmen and police during an operation to drive out cattle from the city limits. A squad of 11 LDA officials, a magistrate and four policemen reached Madina Market when they were intercepted by milkmen who attacked them with sticks. The police resorted to aerial firing to disperse the attackers and a stray bullet hit a passer-by, which proved fatal.",OTHER
"Paramilitary headquarters were targeted with missiles and rockets, leaving a soldier and a technician injured.",GUERILLA_ATTACK_ON_GOV_FORCES
An old person was killed by unidentified persons in Modern Cold Storage on Sunday.,ASSASSINATION
Imtiaz and Falah Sher were intercepted by armed men while they were travelling in their car. The assailants shot and killed them before fleeing the scene. A kin of the victim had gunned down a man over a sectarian issue some time ago but the police did not say anything about the motive behind this incident. ,ASSASSINATION
Ten shops were set on fire by activists of SNA who were protesting against the killing of Sindhis in Karachi and Hyderabad.,VIOLENT_POLITICAL_DEMONSTRATION
A school was blown up by militants in the Mohammad Jan Kallay area of Bara tehsil.,TERRORISM
"After a young man was targeted in the Hussain Hazara Goth area of Karachi, two groups exchanged heavy gunfire in the area. An office of a political party was also set on fire and was partially burnt. According to police, the incident seemed to be because of a dispute between two ethnic groups in the area. ",RIOT
"Bashir Ahmad and his wife, Sahiban Bibi, were returning to Chuchak when Saleem Hasan and his two accomplices intercepted the couple and strangled them to death  over a residential plot dispute.",ASSASSINATION
"Vendors were blocking the Sabzi Mandi road and had spilled over to the main University Road. When the police tried to push them back, they opened pelted stones. The police retaliated by firing in the air to disperse the crowd. A spectator standing in his balcony, Naeem Siddiqi, was hit by a stray bullet and injured. Another person sustained minor injuries as well.",OTHER
Amjad Imrani was killed. No further details given.,ASSASSINATION
"A special branch constable was shot dead while he was standing near Diwan Hotel in Lahi Gate, Shikarpur when an unidentified man opened fire on him, killing him on the spot. ",ASSASSINATION
"A young man was found shot dead near Bhit Shah Mazar with visible signs of torture on his body. In the last 24 hours, 5 to 6 men were killed in Lyari due to a dispute within Baba Ladla gang. ",OTHER
"ISPR spokesman, Major Mushtaw Ahmed, claimed that five militants were killed during operations in the Mangaltan area of the Charbagh tehsil.",GOV_ATTACK_ON_NONSTATE_COMBATANTS
"After Mazhar Hussain allegedly set a manuscript of the Holy Quran on fire, angry people from the area demonstrated outside his house and attempted to set Mazhar, his family members and his house on fire. However, police and local ulema (religious scholars) intervened in time after realizing that the accused was mentally handicapped. Mazhar Hussain was later arrested on charges of Blasphemy. ",RIOT
"Following a fresh wave of violence, a police constable was killed by unknown men in Sohrab Goth on Sunday.",ASSASSINATION
Two people killed one Asif and injured three others over a land dispute. No further details were given.,TERRORISM
A militant was killed and four FC troops were injured when militants attacked a security forces' convoy in Dera bugti.,CONVENTIONAL_ATTACK_ON_GOV_FORCES
A woman was shot dead by unidentified men in Kehror Pucca on Wednesday.,ASSASSINATION
"A curfew was imposed in Hangu bazaar after four people were killed and several other injured in clashes between two sectarian groups. The trouble started when sabotuers blew up four shops in the main bazaar which killed two people. The incident sparked clashes in the town and another two people, one of them an Afghan refugee, were killed. Helicopter gunships flew at low altitude to monitor the situation. ",RIOT
"Four persons, including the Assistan Advocate-General, were hurt when two consecutive bombs went off on the Arts School road within half an hour of each other. Officials reported that they were locally made devices. ",TERRORISM
"Aslam strangled his sister, Nasreen Bibi, to death for 'honour' after the family suspected that she had 'loose morals'. ",ASSASSINATION
Helicopters hit several targets in the Mehsud area after a rocket attack on a paramilitary fort by militants. 10 militanst were killed and troops claimed to have destroyed several bunkers and seized two vehicles loaded with weapons.,GOV_ATTACK_ON_NONSTATE_COMBATANTS
Mian Liaq Ahmad was attacked by some unknown assailants in the People's Colony.,ASSASSINATION
"At least ten people were killed and twenty eight others were injured when a time-bomb, fitted in a motorcycle parked along the main gate, went off at Hussaini mosque in Malir when worshippers were coming out of the mosque after Friday prayers. A vehicle parked next to the motorcycle was severly damaged as well.  ",TERRORISM
"Armed riders on a motorcycle targeted a young man belonging to the Sunni Tehrik, when they opened fire on him in Sector 11-G. A spokesperson for the Sunni Tehrik claimed that the victim was their party activist and was targeted by the 'banned outfit' only for his association with the ST.",ASSASSINATION
Two bullet-riddled bodies were found from the Pasni area of Khuzdar.,ASSASSINATION
"The strife-hit areas of Karachi witnessed renewed violence, as a man was gunned down by armed men on a motorbike in Taiser Town. He was reportedly targeted due to his ethnic background as he did not belong to a political party.",ASSASSINATION
"a blast took place in the Kabari bazaar, dealing in second hand electronic items. 20 shops were gutted. A bomb planted in a bicycle outside an ice-cream shop in the same area went off 2 minutes later. Both blasts took place in the Qissa Khwani bazaar. 5 civilians were killed and over 70 injured. two militants who fled after the attack were killed in an exchange of fire with the police, while 2 other militants were arrsted.",TERRORISM
"2 journalists and about a dozen lawyers were injured when police tear-gased and baton-charged the long march caravan on Sheikhupura road, when the police tried to stop them and told them to go back. The lawyers retaliated by throwing stones and removing barricades. the police also hit vehicles carrying Jamaat-i-Islami activists and broke window panes.",VIOLENT_POLITICAL_DEMONSTRATION
A 16 inch diameter pipeline connecting a gas plant with Pir Koh gas field was blown up.,TERRORISM
"An unidentified man was killed in Pak Colony, however, his body could not be recovered due to intense firing in the area.",ASSASSINATION
"6 armed men ambushed the vehicle of the chief of the Mamond Lashkar, Malik Muneer Khan, and killed him. The deceased had raised a lashkar of Mamond tribes and destroyed several militant hideouts.",ASSASSINATION
A Taliban group raided shops in Wana and burnt hundreds of metres of cloth saying it was too thin to be made into suitably modest garments which would not cover the human body properly and that was un-islamic. ,TERRORISM
Eight people were injured when activists of Pakistan People's Party and Muslim League (Nawaz) clashed. The clash started fater both the parties' candidates were returning after filing their nomination papers for the upcoming elections. They raised slogans against eachother which led to the clash.,RIOT
"7 people were injured in a clash at Chak 96/9-R polling station, over local government elections.",RIOT
Jamali and Bhutta tribes clashed over an old feud killing two people.,RIOT
A Datsun pick-up was set ablaze.,VIOLENT_POLITICAL_DEMONSTRATION
"The same militants that had destroyed 2 school buildings earlier, proceeded to the a basic health unit building and blew it up in a similar fasion. ",TERRORISM
Indian shelling along sialkot working boundary in Suchectgarh sector injured a person on Monday,ATTACK_ON_STATE
A cinema owner was kidnapped in peshawar along with his body guard and chauffeur.,OTHER
"The Indian Security Forces continued firing on Zafarwal, Charwa, Bajwat, Chaprar, Harpal, Sucheetgarh, Bajragarhi and Shakargarh sectors. As a result, two villagers- Shams Ahmed of Mundarwal and Muhammad Boota of Thathi Gujran village- were seriously injured as they were hit by stray bullets fired by the Indian Forces. The firing also killed 2 animals in Thathi Kalan village, badly damaged nine houses as well as the paddy crop. The Chenab Rangers returned the fire. ",ATTACK_ON_STATE
"12 armed men attacked the house of Salabat Chider and killed one person, identified as Muhammad Nawaz, while two other people were injured. ",TERRORISM
"Violence between two rival tribal factions erupted for a second time in recent days. The Hamidzai and Ghabizai factions used heavy weapons against each other on Friday and continued to do so till the publication of this report. However, no casualties were reported. ",RIOT
"When Levies personnel stopped a car for checking, the occupants hurled grenades at the checkpost, killing a Levies man, Itbar Gul, on the spot. The security personnel chased the assailants and opened fire which casued the explosives on one of them to explode, killing him on the spot and making it possible for the other two to be arrested. ",CONVENTIONAL_ATTACK_ON_GOV_FORCES
"Militants fired two missiles on a Scouts camp in Wana, but failed to cause any damage. Security forces retalitated by firing mortars and artillery on suspected hideouts.",CONVENTIONAL_ATTACK_ON_GOV_FORCES
"Two persons were killed and another was serious injured in an armed clash between two rival groups over a property dispute, when the Gharsaney faction of the Storikhel tribe exchanged fire with their rivals in a remote village in Tirah valley. Later a casefire was negotiated between the groups by a decision of a jirga.",RIOT
Two rockets hit houses in Musa Colony and Braganza area respectively. Three people were injured and the houses were damaged. ,TERRORISM
"Mohammad Arshad, a labourer, was shot dead by Mohammad Rafique in Misri Shah area.",ASSASSINATION
Two FC men were injured when their vehicle was blown up by a bomb explosion.,TERRORISM
"Students of a local girls college staged a demonstration to protest against the recent increase in fees and also against the arrest of 22 protesting students the day before. A contingent of female police officers was called to control the situation. When a police contingent put up barricades to block the way of the procession, the students hurled stones and bricks at them, injuring 2 constables and a magistrate. The police responded by resorting to baton charge and tear gas and also gave a severe beating to boys of primray school who were on their way home. The protesting students burnt an effigy of Punjab Education Minister Usman Ibrahim and chanted anti-government slogans. They also blocked the road by burning tyres. ",VIOLENT_POLITICAL_DEMONSTRATION
"6 persons from a rival group killed  one, Khan Mohammad Anwar Khan, a Muslim Leaguer and former District Councillor and ex-Chairman of Gojarke Union Council in Daska tehsil. 2 of the assailants, Tahir and Sikandar, have been arrested.",ASSASSINATION
Indian shelling in chattar bazaar and balakot village injured 6 people on wednsday,ATTACK_ON_STATE
A rocket was fired on the house of Inayat kaley tribal chief Muhammad Ibrahim Khan. No one was hurt in the attack.,TERRORISM
Two men were kidnapped and shot in Korangi. One of them died instantly and the other survived the attack.,ASSASSINATION
"27 people were killed and more than 80 injured when two suicide bombers struck two localities in the high security  zone in the garrison city of Rawalpindi. The first bomb exploded in a packed bus carrying defence employees near the Qasim market, followed by an equally powerful explosion about three kilometers away and close to the GHQ in RA bazaar area. Authorities described the two blasts as a coordinated move to hit high-profile targets in the military garrison. It was claimed that both the bombings were carried out by al-Qaeda militants.",GUERILLA_ATTACK_ON_GOV_FORCES
"Pro Baitullah Mehsud militants killed 22 tribesmen of the Niamatkhel clan of the Bhittani tribe. Tehrik I Taliban Pakistan claimed the responsibility of the killings. On the other hand, Niamatkhel spokesperson stated that their struggle against murderers, robbers and kidnappers (i.e. Taliban) would continue.",OTHER
The residents of Basil and Sesko villages have been fighting over a pasture land for 45 days. Two people were shot and eleven were injured in a recent clash between the two tribes.,RIOT
Powerful bomb exploded near officials house causing damage to nearby property,TERRORISM
3 persons were killed and 3 others were injured in an armed clash between two rival groups at Chak No 15/GB.,RIOT
Indian shelling continued on villages on the Working Boundary of AJK. Details are not available.,ATTACK_ON_STATE
Suspected pro-Taliban militants shot dead an alleged leader of a gang after he ignored warnings to stop criminal activities in tribal areas.  Ameer Sayed was driving his car when he was ambushed in Darra Adamkhel by armed men.,ASSASSINATION
A man and a woman were killed by the latter's family in the name of honour when three men shot them both.,ASSASSINATION
"At least one student was injured in a clash between supporters of the APMSO and the Pakistan Students Federation (PSF) at the Urdu Science College when one group tried to manhandle the supporters of the other group, shots were fired in the air which was followed by a free for all using blunt weapons. According to sources, the trouble began a day before when some students were stopped from interfering with the intermediate supplementary examinations. ",RIOT
"At least three civilians were injured and a house was destroyed in unprovoked Indian firing from across the Line of Control in Ghaipura village, Leepa valley.",ATTACK_ON_STATE
Two persons were killed and ten were injured in a gun battle between the Chachar and the Jagirani tribesmen over a land dispute in Kutcho Bindi village.,RIOT
Activists of the Muslim Students' Federation marched trhough the city centre and burnt tyres and broke windows of shops to protest against the killing of MSF Additional Secretary and his son.,VIOLENT_POLITICAL_DEMONSTRATION
"Two student groups, IJT and MSF, exchange fire in MAO College. No one was injured. ",RIOT
"During a general strike called by the JSMM against the assassination of Shaheed Benazir Bhutto, 'activists' and 'Sindhi people' set ablaze 127 vehicles including 76 trailers. ",VIOLENT_POLITICAL_DEMONSTRATION
power supply to several areas of Kalat was suspended after a pyon of a transmission line was blown up in Quetta's outskirts.,TERRORISM
"Supreme Court's additional registrar, Syed Amjad Raza was shot dead by four armed men who barged into his house at 4:15 am. The police claim that the murder was done by robbers, but the widow of the officer said that it was a clear case of target killing, as the 'robbers' did not take anything from the house, and shot the officer from a point blank range as he opened the door. She also suspected some involvement of the government and other agencies in the murder, because a police patrol WAS present outside their house when the murder took place, and it did not take any action to catch the fleeing culprits.",ASSASSINATION
Factional fighting between rival groups of MQM caused firing in Nasir Colony in which 4 people were injured. ,RIOT
"Noor Bajkani shot dead his sister in law, M, on the pretext of karo-kari",ASSASSINATION
unidentified people planted a bomb near a hairdresser's shop in Mal Adda Nushki Bazaar. The bomb went off injuring 2 people as a result.,TERRORISM
Two people were killed and eight others injured in a bomb explosion aboard a passenger bus.,TERRORISM
"A woman, identified as Samina, was found stabbed to death at her house. SHO Muzamil Husain suspected that it might have been for 'honour'. ",ASSASSINATION
Militants used remote controlled bombs to blow up a government primary school in the suburbs of Peshawar. ,TERRORISM
Four people including two police officers were injured when a polling station in Killi Qambrani was attcked by unknown assailants with a hand grenade.,TERRORISM
"According to the police, Ghulam Rasool, was stabbed several times and then thrown into the canal (where it was recovered from). The motive behind the incident could not be ascertained. ",ASSASSINATION
a large number of men on motorbikes emerged from Faizabad and moved onto Garden Avenue when they set fire to a police post and damaged traffic signals. This was in reaction to the Suprem Court's decision.,VIOLENT_POLITICAL_DEMONSTRATION
The police had arrested a large number of Sipah-i-Sahaba activists from a mosque during Moharram procession. Thus the SSP protested against the arrests by distrupting traffic and burning tyres. ,VIOLENT_POLITICAL_DEMONSTRATION
"100s of residents from Peshawar, led by businessmen, organized a protest procession against excessive loadshedding of electricity and natural gas. Even though most of the protesters had dispersed peacefully, the police arrested a few and beat them up. Upon hearing about this, the protesters returned and threatened to block the main road. They later dispersed when they were assured that the matter would be resolved. ",VIOLENT_POLITICAL_DEMONSTRATION
A man was shot dead and another injured when 3 armed men on a motorcycle opened fire on a sweet shop. ,TERRORISM
"troops backed by helicopter gunships attacked militant hideouts in Chinna, Ammay Kamay and Garh areas of Kohat, Khyber and Orakzai agencies.",GOV_ATTACK_ON_NONSTATE_COMBATANTS
A dispenser was shot dead by unknown assailants in Saroki village on Wednesday,ASSASSINATION
A youth was killed and two women were injured in Korangi No. 2 when plainclothes commandos opened fire on some youngsters who came to the area to collect protection money.,GOV_ATTACK_ON_CIVILIANS
A mutilated corpse of a man was found dumped in an apartment.,ASSASSINATION
2 brothers were shot and killed In their sleep by 2 unidentified men. ,ASSASSINATION
Residents of various areas of Union Council Khalisa-I blocked the main road to protest against suspension of electricity supply for over 16 hours. The protesters were dispersed by the police who used batons and tear gas. ,VIOLENT_POLITICAL_DEMONSTRATION
"troops carried out search operations around Kandao near Biha, Waliabad, Sambat, Baidarra, Gulibgah and Shakardara. During an exchange of fire one soldier was injured in Gulibgah",GOV_ATTACK_ON_NONSTATE_COMBATANTS
Activists of several religious parties held a protest in front of the Masjid-i-Shuhada to condemn sactions on Afghanistan placed bu the US and UN. They burnt the American flag and threw bricks and shoes at plainclothes policemen who were trying to push them back into the mosque. ,VIOLENT_POLITICAL_DEMONSTRATION
"30 people were injured when PDA rally was teargassed and baton-charged by police as the procession entered Clock Tower Chowk on Friday. The rally was against the corruption, goondaism and lawlessness in the country.",VIOLENT_POLITICAL_DEMONSTRATION
One Saifullah was gunned down by four armed men. The motive behind the murder is not clear.,ASSASSINATION
"The Najeeb Pathan group had a land dispute with Farooq group, upon which the two traded fire with each other. When the police arrived at the scene, a constable got hit by a bullet, and died on the way to the hospital.",RIOT
"During a military search operation, some militants opened fire at security convoy. The soldiers retaliated and killed 5 militants and injured 3 others who were then arrested. ",CONVENTIONAL_ATTACK_ON_GOV_FORCES
"A hand grenade was hurled into a barbar's house, causing injury to 5 people. Damage to the building was also reported. ",TERRORISM
"four people, including an ASI and a police constable were injured police resorted to firing while confronting with violent protestors. Hundreds of Gujjo town residents were protesting against alleged confinement and torture of one Khamiso Mirbahar, brother of a local PPP leader, Urs Mirbahar. ; Forty activists of People's Party Parliamentarian were booked by police for creating a law and order situation while protesting.",VIOLENT_POLITICAL_DEMONSTRATION
"Shaukat Ali, a cloth trader by profession, was found shot dead at a desolate place near Tohid mosque. ",ASSASSINATION
Two security personnel were injured when a landmine exploded in the Kharoti area near a checkpost in Tari Mangal.,GUERILLA_ATTACK_ON_GOV_FORCES
"Syed Raza Haider, a senior member of the MQM and a member of the Sindh Assembly was shot dead while he was attending funeral prayers at a mosque. The assailants first shot his guard and then went inside and shot Raza Haider. The MQM leadership insinuated that the ANP was responsible while Interior Minister Rehman Malik has explicitly stated that the Sipah-i-Sahaba was responsible as Mr. Haider was on their 'hit-list'. Follow-up: Initial investigations hint at sectarian motives behind the killing. ",ASSASSINATION
"Reportedly, there was an incident at another ANP stronghold in Bacha Khan Chowk.  The public stoned a passing vehicle and, in retailation, the police fired teargas shells at the protesters.",VIOLENT_POLITICAL_DEMONSTRATION
A Pakistan Air Force (PAF) transport aircraft and a VIP chopper aborted their missions for Chitral after a rocket was fired on one of them near Dir. It is not known who fired the rocket and for what purpose.,THREAT_OF_VIOLENCE
A heavy exchange of fire took place between the security forces and the militants when militants attacked a security checkpost situated in a government school in Dheri area.,CONVENTIONAL_ATTACK_ON_GOV_FORCES
A man was killed in Orangi. ,ASSASSINATION
"A woman was killed when the Indian security forces heavily shelled the villages in Hajira sector, Poonch.",ATTACK_ON_STATE
Five pesonnel of security forces were injured in landmine blast in Lehri area. ,GUERILLA_ATTACK_ON_GOV_FORCES
Sharif Khalid allegedly shot dead one Akhtar Ali in Ballaywala Police Station area.,ASSASSINATION
"Protesters allegedly opened fire on a police mobile van near Al-Karam Square, Liaquatabad. ",VIOLENT_POLITICAL_DEMONSTRATION
"A US drone fired missiles at a house, killing 9 people and injuring 3. The identities and nationalities of the victims could not be established. ",DRONE_ASSASSINATION
At least five tribesmen were killed while another three were injured in a clash between the Masayzai and Imranzai tribes in the mazai Adha area of Qilla Abdullah. ,RIOT
"A remote control bomb was detonated by terrorists, damaging the Kalparti Bridge. ",TERRORISM
"Ten people were injured during a clash between the supporters of two rival groups, the PPP and Arbab Ittehad, on the occasion of election of Usher/Zakat Committee.",RIOT
an exchange of fire between militants and security forces took place following an attack on a checkpost on the RCD Highway. No casulaty was reported as the rockets fired missed the checkpost.,CONVENTIONAL_ATTACK_ON_GOV_FORCES
"A trussed up body of a young man, bearing torture marks, was found dumped in the Lyari river. ",ASSASSINATION
"A watchman, Fazal Ghani was injured in an explosive device blast in Malik Nawab market, outside a shop for video games, VCRs and CDs etc.",TERRORISM
enraged people forces shoop keepers to pull down their shutters after the death of a boy in a road accident on Umerkot road. Enraged Baloch community people gathered at the civil hospital and broke glasses of the gates in protest and raised slogans against the police.,VIOLENT_POLITICAL_DEMONSTRATION
"Two persons were killed and another one suffered injuries when Odho and Ansari tribesmen exchanged fire in Memon Mohalla in Khairpur after a bitter argument arose during tea. Both groups used firearms to shoot at each other. Another report stated that due to an olde dispute, one of the Ansari tribesmen followed the other party to settle a score and an exchange of fire ensued.",RIOT
A former press secretary of the Shia Ulema Council and a Nikah Registrar was killed when armed men targeted him near Pakistan Chowk. No eyewitnesses could confirm the mode of transport etc. Police termed it a sectarian attack. ,ASSASSINATION
Two children were seriously injured when a mortar shell hit a house in Sultankhel area.,TERRORISM
Gul Mohammed Barohi was shot and killed by unidentified attackers.Police said it was the result of a tribal dispute between Marfanis and Barohis.,ASSASSINATION
"The Director of Research Laboratories in the Ministry of Defence, Syed Zafar Hussain Zaidi, was shot dead by two motorcyclists who intercepted his car on and sprayed bullets at it. The driver managed to survive without any injuries. According to the SSP Central, Shaukat Hussain, it was a targetted killing with sectarian motives. Follow-up: The Lashkar-i-Jhangvi claimed responsibility for the murder. They stated that any government functionary that abuses power would face the same fate. The also stated that they had urged President General Musharraf not to implement the death sentence awarded to Sheikh Haq Nawaz.",ASSASSINATION
"clashes between the Shahlyani and the Mengal tribes began when a land owner, Mir Shahlyani and Abdul Nabi Mengal's own brother who worked on Mir Manthar Khan Shahlyani's farm were killed by him on 3-jul-05.  following thiis Mir Shahlyani's brother and other tribesmen attacked the Chakar Khan Mengal village. tribesmein from both sides took poitions and exchanged fire.5 people were killed and 2 others were injured. police cordoned off the area and forced the tribesmen to cease fire.",RIOT
Four missiles were fired on a paramilitary camp in razmak.,CONVENTIONAL_ATTACK_ON_GOV_FORCES
"Rival political activists attacked the procession taken out by ANP, Madeji, to protest against the Hyderabad killings. ",VIOLENT_POLITICAL_DEMONSTRATION
"A man killed his daughter over 'honour' in the Civil Lines area. Reports said that Arshad's daughter 'S' had developed relations with a youth in the neighbourhood and he was taunted by some people over the affair. Arshad then injured his daughter with a knife, and she later succumbed to her wounds.",ASSASSINATION
"Five civilians and a policeman were killed, and 30 others injured when a suicide bomber rammed an explosives-laden vehicle into the main gate of a police parade ground. Officials and eyewitnesses said the attacker ploughed his Suzuki car into the gate of the police compound on the main Hangu-Kohat Road, where a large number of recruits were busy in their morning drill. They said the bomber detonated the explosives when the security guards stopped him at the gate of the Mazhar Parade Ground.",GUERILLA_ATTACK_ON_GOV_FORCES
"Local police, headed by Sub-inspector Shaukat Gujjar, raided a theatre, arrested 2 actresses and tortured spectators during the havoc that ensued.",GOV_ATTACK_ON_CIVILIANS
Gojra police found the headless body of an unidentified woman from the canal.,ASSASSINATION
Militants kidnapped 6 tribesmen. Security forces have started a search operation and have arrested 3 suspects and seized 2 vehicles. ,OTHER
A rocket was fired on a hospital in Landi Kotal. The armed depot is situated at the back of the hospital could have been the target. This is the third attack on the hospital in two weeks.,TERRORISM
People gathered in the Orangi township area and pelted passing vehicles with stones. They set a water tanker and two Pakistan Steel buses on fire. Police had to resort to tear gas shelling to disperse the crowd. ,TERRORISM
A cloth trader was shot dead by unidentified persons in Township. He was not known to have any enmity or montary dispute with anyone.,ASSASSINATION
A person was found dead in his Multan Road quarter on Friday. His body was hanging up with a rope.,ASSASSINATION
"Some people of the Hazeena village hurled hand grenades at their rivals house over a land dispute, causing injuries to a few people there. Later, the two parties exchanged heavy gunfire which resulted in the death of five people.",RIOT
"Seveal people were injured in Ward No 13, Multan during LB elections on Saturday.",RIOT
Two policemen were injured.,OTHER
Police sources say that an ex-MQM political activist who joined the ruling PML after the 1992 cleanup operation was shot dead along with his son by unidentified men while a passerby was injured.,ASSASSINATION
A body stuffed in a sack was found near Siddiq Goth in the Al Falah area. ,ASSASSINATION
"Muhammad Muneer was murdered at Bussu Wali, near Shorkot.",ASSASSINATION
"Two children were killed and 5 others wounded when two land mines exploded in Shinkot Gang of the Bajaur tribal region. The landmines were planted at the main gate of a residential compound of a tribesman, Noor Jamal, which exploded in quick succession. His two sons died on the spot, and Noor Jamal himself lost his legs.",TERRORISM
"Two passengers, including an army man, were killed and 9 others were injured when a powerful bomb ripped through a Jhelum-bound passenger bus near Kharian. This was the fifth bomb blast in a passenger bus during the last 2 months. ",TERRORISM
"Three Chachar tribesmen were killed in the Dreho village, Kandhkot town when a rival party opened fire on a man, killing him on the spot. The relatives of the deceased chased the killers and managed to gun down two of them. All belonged to the Chachar tribe. ",RIOT
"4 rockets were fired from the mountains of Shahpur village, causing damage to a house and an orchard. The owners of the house have no enmity and according to the report the site of the blast is close to the private residence of a police head constable, Riaz, who had been charged with killing two brother's in custody a month ago but were not arrested.",ASSASSINATION
One Rafiq was shot dead. No further details were given.,ASSASSINATION
A teenage girl was hanged to death by 4 assailants. The motive behind this incident could not be ascertained. ,ASSASSINATION
"A peaceful procession by teachers, while moving towards the Secretariat campus to present the AJK Prime Minister with their grievances, was baton-charged and tear gassed. This provoked a violent clash when protesters began pelting vehicles, police and shops with stones. Many policemen were injured during a free for all scuffle. Traffic came to a standstill while the police tried to disperse the crowd. ",VIOLENT_POLITICAL_DEMONSTRATION
"Five people cut a woman's ear and nose over a match issue at Zafarkay village. They tried to strangle her with a cord first, and later chopped her nose off when villagers came to rescue her. ",ASSASSINATION
"Lance Naik Tariq Mehmood, constable Sifatullah and an unidentified person were injured in a landmine blast when their vehicle hit it in Chatar Khaleji area. ",GUERILLA_ATTACK_ON_GOV_FORCES
"On the fourth day of the on-going violence in Karachi, more than half a dozen shops were burnt in Aligarh Colony.",TERRORISM
A first year college student was on his way home when an unidentified motorcyclist shot and killed him. The motive behind the killing was not known.,ASSASSINATION
"two militants were killed and 6 soldiers were injured in clashes in Aligrama, Guljaba, Fizaghat.",GOV_ATTACK_ON_NONSTATE_COMBATANTS
"The death of Farooq Dada, an alleged MQM terrorist, and his three companions sparked off violence in the city areas of Gulbahar, Nazimabad, Malir and Badia Town. Protesters burnt a KTC bus and two other vehicles in the Gulbahar and Federal B area. Incidents of heavy shooting were mostly reported from Baldia Town. A number of witnesses claimed that Police and Rangers resorted to indiscriminate firing and did not even spare women and children. ",VIOLENT_POLITICAL_DEMONSTRATION
there was an alleged attack on the office and party workers of Sindh Taraqqi Pasand Party in Nawabshah by a particular group. They warned that if such activities are not stopped the consequences will be disasterous. The STP condemned the attack.,TERRORISM
Unidentified men attacked a house of a police constable in the Gulbahar area and killed him in front of his family.,ASSASSINATION
"some people were taking a small Alam procession to Bakhshi park Imam Bargah when people from a different sect stopped them on the pretext that they did not have permission to use that route. People from both sides exchanged words, fire, and stones.",RIOT
Militants opened fire on a vehicle injuring two men of the security forces.,CONVENTIONAL_ATTACK_ON_GOV_FORCES
"Security forces demolished a seminary in Bachkan Ahmadzai area. The religious seminary, Jamia Miftahul  Uloom, was believed to be used as a sanctuary by militants.",GOV_ATTACK_ON_CIVILIANS
"During the fourth phase of local body elections, there were several clashes between supporters of candidates and security personnel. In Nawabshah district, a candidate for Nazim and dozens of his supporters were arrested for attacking a police party. ",OTHER
Unknown assailants entered Abdul Wahid's house and shot the inmates and fled. They killed 4 members of a family. The police have arrested 1 individual.,ASSASSINATION
A paramilitary convoy came under attack in kaniguram and three passers-by were injuried.,CONVENTIONAL_ATTACK_ON_GOV_FORCES
The body of an old man was found in Mehmoodabad on Thursday.,ASSASSINATION
A joint team of the Capital Police and an intelligence agency captured a suspect who is alleged to be the Deputy leader of the TTP when they intercepted an explosive-laden car. The suspect is said to be a car-bomb expert and was supposedly on his way to hand over the car to a would be suicide bomber for an attack. ,OTHER
Two bodies stuffed in gunny bags were found from the Federal B area. ,ASSASSINATION
Two people were killed and another injured when they were targetted by unidentified gunmen.,ASSASSINATION
Three people were shot dead and four others were injured in a clash between two groups when they opened fire on each other at the Swati Gate. ,RIOT
Security forces continued artillery firing on the Militant hideouts in Mingora while local villagers set a militant vehicle on fire. ,GOV_ATTACK_ON_NONSTATE_COMBATANTS
"Five students were allegedly shot and injured in Jamshoro university when police resorted to firing in order to disperse an unruly crowd . According to reports, the students had barged into the vice chancelor's office demanding that the exams be postponed. Upon refusal they damaged a university car, tv set and fax machine along with torching a police checkpost. The members of the Taraqi Pasand Students Federation and Jeay Sindh Students Federation claimed that the police had opened indiscriminate fire on the students. Hwoever, the police denied all claims and said they had only resorted to aerial firing and that several policemen were injured when students pelted them with stones. ",VIOLENT_POLITICAL_DEMONSTRATION
A 30-year old man was shot dead by unidentified gunmen who came in a care and fired at him.,ASSASSINATION
"IJI chief , Mian Nawaz Sharif was passing through the village of a rival PDA cadidate when his supporters clashed with PDA member PPP. IJI activists fired at the PPP workers but no one was injured.",RIOT
"A cloth seller, Abdul Rashid of Gojra, went to a mosque to pray and was shot dead by the prayer leader.",ASSASSINATION
a Pakistani paramilitary soldier was shot dead by suspected militants.,CONVENTIONAL_ATTACK_ON_GOV_FORCES
"Jet fighters, helicopters and gunships attacked some villages in Khwaizai and Baizai tehsils along the Afghan border and in Michinai area of Mohmand agency. Troops destroyed 20 houses including that of Taliban spokesperson Ikramulla Mohmand, in Kong and Sheikhan villages. a Taliban Markaz in Sheikhano Kallay was also destroyed. helicopter gunships also targetted militant positions in Bhaikor, Speeray and Mullaghani villages. at least 18 militants were killed.",GOV_ATTACK_ON_NONSTATE_COMBATANTS
"9 soldiers, 2 militants and 1 civilian were killed in roadside explosions and exchange of fire in different parts of Malakand.",GUERILLA_ATTACK_ON_GOV_FORCES
"According to Frontier Corps sources, unidentified people fired 20 to 25 rockets at the Saeed checkpoint. The assailants fled when FC men returned fire, they said and added that no casualty had been reported.",CONVENTIONAL_ATTACK_ON_GOV_FORCES
"A woman was injured by \sniper's firing\"".""",ASSASSINATION
A bomb weighing one kg was found on the Chunaywali Bhatti Chowk and taken into custody by the Civil Defence officials. ,TERRORISM
"Two tribesmen were adminsitered 99 and 70 lashes in public in Bara, Khyber Agency, for a 'proved charge' of committing unnatural offence against a minor boy. The administered punishment was witnessed by 5000 people in a local goods market. ",TERRORISM
Two bomb blasts took place in quick succession near the seminary. The first exploded just outside a restaurant and the second exploded after a delay of 10-15 minutes; Follow up: Compensation for the blast victims was announced the same day; Follow up: Funeral prayers of eight victims were held in the Madressah.,TERRORISM
Amir Khan and a woman were shot dead at the Ajab Khan Killy allegedly on suspicion of hng illicit relations with each other. ,ASSASSINATION
Three people were killed and four others were injured in the intermittent exchanges of fire between the militants and the security forces.,GUERILLA_ATTACK_ON_GOV_FORCES
"Four rockets were fired at the Sui Colony from the direction where the Bugti House was located.  After the rocket attack, an exchange of fire continued for 10 minutes between two rival groups. However, no loss of life or property was reported. It was not clear from the report who the rival groups were, or whether the attack was an act of terrorism or a targetted attack.",TERRORISM
Former chairman of Qila Soba Singh town committee Abdul Hameed was shot dead in his house by two armed men. The two accused shot him dead when they entered his house and resorted to firing. The victim's adopted son was also seriously injured in the shooting.,ASSASSINATION
"A group of Afghan refugees and some people of the locality opened fire on each other, resulting in the death of 1 person and the injury of 3 people. ",RIOT
Hundreds of Gwadar Town residents demonstrated against Wapda. The protesters also burnt 3 out of 5 Wapda generators in protest against shortage of electricity and long hours of loadshedding. ,VIOLENT_POLITICAL_DEMONSTRATION
"Troops killed 15 militants in Swat in a search-and-cordon operation. A large cache of arms, ammunition and explosives was seized during the raids. Followup: The area where the operation took place was Banjot and Jamet areas, which was mentioned in another report.",GOV_ATTACK_ON_NONSTATE_COMBATANTS
"A woman was killed by her husband on the pretext of karo-kari in Jakhrani village, Jacobabad.",ASSASSINATION
Militants attacked a security checkpost with weapons and rockets in the halakhel and Mulla Syed areas of Cheenar. The troops retaliated and destroyed three bunkers in the area.,CONVENTIONAL_ATTACK_ON_GOV_FORCES
"The bullet-riddled body of Muhammad Tahir, who was a labourer at an industrial unit, was found a day after he had gone missing. The victim hailed from Multan in Punjab. ",ASSASSINATION
Unidentified miscreants planted a remote controlled expplosive device on a road near sadiqabad. However no loss was reported.,TERRORISM
Salim was brought dead to the hospital.,VIOLENT_POLITICAL_DEMONSTRATION
"In Qazi Ahmed, Mrs Kamoot was gunned down on suspicion of illicit relations by her husband Rano Khan. ",ASSASSINATION
"15 people of two rival groups were kidmapped after the police arrested a member of the sudrani clan. Members of the Sudrani clan attacked the village of the rival clan and kidnapped 4 hostages. The police despite several negotiations with the sudrani clan failed to recover the hostages. The rival gang heavily armed then attacked the villages of the sudrani gang looted shops, houses and kidnapped several members. The sudrani gang then forced upon the police to release the arrested member and negotiations were underway for the release of all hostages. The TPO when contacted by the news men said that negotiations were underway and all hostages will be released shortly.",RIOT
"An attempt on the life of Balochistan's CM, Jan Mohammad Yousaf, was made by armed assailants opening fire at his motorcade. Spokesman for the provincial government stated that the ATF vehicle had come under fire of a paramilitary force due to a misunderstanding.",ASSASSINATION
Alam Zeb was targeted by armed motorcyclists within the remit of Pakistan Bazaar police station,ASSASSINATION
A mother of seven was axed to death by her brother when he suspected her of 'immoral' behavior. The killer later surrendered himself to the police.,ASSASSINATION
"The President of Tehrik-i-Minhaj-ul-Quran, Azad Kashmir Branch, Prof. Mohammad Rafique, was seriously injured when attacked while sitting in 'Aitikaf'.",ASSASSINATION
"The Lal Masjid and its surrounding areas witnessed pitched battles between security forces and supporters of Maulana Abdul Aziz, former chief cleric of the mosque, after worshipers refused to offer Friday prayers behind a government-appointed imam. The protesters, many of them students of Jamia Fareedia, slipped into the mosque, reoccupied it and repainted the walls of the mosque red, which had been turned beige on the orders of the authorities.  The act came as a direct protest against the government's acting on Lal Masjid, which had killed a number of people.",VIOLENT_POLITICAL_DEMONSTRATION
"an activist of MQM, Umar Din, was shot dead by on Nishtar road.",ASSASSINATION
A shell fired by the Indian troops landed in house in Goi village injuring four persons of a family.,ATTACK_ON_STATE
"Waris Ali, along with his sons Riaz and Farhad, shot dead Amjad Ali over a petty property dispute.",ASSASSINATION
"The bullet riddled body of Yasin Awan, who was kidnapped two weeks back was found.",ASSASSINATION
At least 15 people were killed when a lashkar attacked Jilamai and Chardewal villages. The police arrived at the scene and opened fire at the rioters. Residents alleged that the assailants were trained militants from North Waziristan. An official in Alizai confirmed five dead and six wounded in the attack while an eye witness said that 15 bodies were counted on the outskirts of the village.  ,TERRORISM
"Firing erupted all over Hyderabad city and Latifabad areas of Shahi Bazaar, Chotti Ghitti, Churri Gali, Gari Khatta areas and several parts of Latifabad. A policeman was injured in firing at Bhattai Chowk.",VIOLENT_POLITICAL_DEMONSTRATION
"The body of a local trader, who had been kidnapped near his hometown in Khungi, was found in Arang area of Bajaur Agency. The body bore five bullet wounds. ",ASSASSINATION
"The Banda post was attacked, in which one soldier was injured.",GUERILLA_ATTACK_ON_GOV_FORCES
A  young man was shot and injured in 'sniper firing' by unidentified persons in the Arambagh area.,TERRORISM
An unidentified body was found in the Raees Amrohi Colony.,OTHER
Three brothers who were MQM workers were shot dead by unidentified gunmen.,ASSASSINATION
"A grenade was thrown into the courtyard of ASI Noor Mohammad Bugti's house, injuring his guest Amanullah.",TERRORISM
FC soldier Muhammad Nasir was killed when he was hit by a landmine while defusing it.,TERRORISM
"A woman, B, was shot dead by her husband, Mehrab, in the name of karo-kari as he suspected that she was maintaining illicit relations with Hakim.",ASSASSINATION
The Lal Masjid moral brigade descended on the Pakistan Institute of Medical Sciences on hearing of alleged descecration of Quranic verses in its nursing hostel. But they left mysteriously after a while without taking any action. The police figured that they probably got a message from their higher ups to not take any action at the moment. But the show of strength reminded people of the possible action the Lal Masjid brigade could take in any show case of moral disintegrity.,THREAT_OF_VIOLENCE
"A suicide bomber blew himself up at the house of Federal minister for Political Affairs, Mr. Amir Muqam, killing three people including a former provincial minister and injuring two others.",TERRORISM
Ten people were killed and 11 others injured in armed clashes between Sunni and Shia groups. The clah started after a children's squabble. The police arrested 25 people. A curfew was also imposed to avert further clashes.,RIOT
An activist of Imamia Jirga was shot dead by unknown persons at Jahangir Pura Road on Tuesday.,ASSASSINATION
"There were three explosions in Karachi. The second explosion was when a firecracker exploded near Saddar Dawakhana. Three people were injured- namely Imran, Nadeem Ahmed and Mohammad Riaz. ",TERRORISM
an explosion in Nawabshah occurred near the National Bank's main branch on the Sakrand road causing damage to a part of the building. No casualty was reported. Intelligence sources said that the explosions were caused by bombs whereas DPO Gayasuddin Rashdi sadi that the blasts were caused by crackers. The Sindh National Liberation Movement claimed responsibility for the blasts in a pamphlet found by intelligence personnel near the building.,TERRORISM
A man was shot dead and another injured when armed men belonging to Brohi and Qambrani tribes opened fire on them. The motive behind the incident was said to be an ongoing tribal dispute.,RIOT
A soldier suffered injuries when he stepped on a landmine and was rushed to the hospital in the Meshti Mela area.,GUERILLA_ATTACK_ON_GOV_FORCES
Some unidentified motorcyclists put bombs outside CD and barber shops at midnight. Seven shops were destroyed and over 13 shops were partially damaged.,TERRORISM
A former candidate for the slot of Bahadur Khan Union Council was sht dead at Syedan village.,ASSASSINATION
A clash took palce between MQM and PPP workers. The MQM claimed that it was attacked by PPP activists. At least four people were injured.,RIOT
"In kotli Rau Abu Bahar, a man allegedly shot and killed his sister in law who had an affair with a young man in the village.",ASSASSINATION
Indian firing continued alla day and Pakistani forces retaliated.,ATTACK_ON_STATE
Bahawalnagar tehsil Tehrik-i-Jafaria Pakistan (TTP) President Syed Fayyaz Bukhari and his friend Wasim Ahmad was shot dead near the Stadium Road. Both the deceased were going on an auto-riskshaw when they came under fire from unidentified people. ,ASSASSINATION
"A barage of artillery and missiles fired from Afghanistan hit residential compounds and a hotel in Mangrotai, killing 11 people and injuring 10. It is said that that NATO forces had launched an operation in Barmal, Afghanistan, against insurgents near the Pakistan border, and several artillery shells landed in the Mangrotai area, Shawal, which was covered with thick forests.  An official said that 18 artillery shells and six missiles landed in the Pakistani side and hit a hotel and seven houses in the border area. Followup: A Pakistan military official confirmed that at least 9 civilians had lost their lives in the recent incident where some rockets and missiles were accidently fired from across the border by the NATO led forces in Afghanistan. The NATO officials too confirmed the incident. ",GOV_ATTACK_ON_NONSTATE_COMBATANTS
Security forces defused an improvised explsoive device planted on the roadside.,TERRORISM
A man was killed in the Sharda sector in the upper Neelum valley when he was hit by a splinter of a mortar shell duriing unprovoked shelling by the Indian forces.,ATTACK_ON_STATE
4 people were killed and two were injured when a bomb exploded in Killi Sad Muhammad on saturday,TERRORISM
Three people were killed when unidentified gunmen sprayed a passenger bus with bullets and fled.,TERRORISM
A young man Intizar was shot dead by three unknown assailants in Chak 1/1 AL on Sunday,ASSASSINATION
Four armed persons murdered one Ms Sadori in the jurisdiction of Kandh Kot police station. No other detail was given.,ASSASSINATION
"A Nato trailer, that was on its way back from Kandhar after delivering supplies, was attack by armed motorcyclists. The three people on board were injured and one of them, who was the driver, later succumbed to his injuries. ",TERRORISM
Two missiles fired by a US drone on a suspected militant training compound killed four. It is not clear if there were any high-profile targets present at the time. ,DRONE_ASSASSINATION
"Protestors held a demonstration rally against publication of blasphemous caricatures in European newspapers, ransacked and set on fire a no. of buildings, including the Punjab Assembly, and hundreds of cars and motor cycles. The shooting which claimed two lives occured on Egerton Road where a bank security guard opened fire on approaching rioters. three youngsters suffered bullet injuries and two them succumbed to wounds. Police used tear-gas shells and resorted to baton-charge to diperse the crowd which left around 19 injured.",VIOLENT_POLITICAL_DEMONSTRATION
"Militants attacked a security convoy, injuring 3 personnel. Security forces retaliated, killing 10 militants and injuring 3. ",CONVENTIONAL_ATTACK_ON_GOV_FORCES
"a policeman and another person, Mohammad Ramazan and Yaseen, were killed by unknown assailants. The incident occurred near Ghas Mandi. Yaseen was said to be an activist of the Muttahida Qaumi Movement, but the police said his political affiliation could not be confirmed. it is not known which one of the two was being targeted.",ASSASSINATION
A woman and her two daughters were injured in the Chilyana village when they came under the fire of the Indian security forces from across the LoC.,ATTACK_ON_STATE
"Tubewell owners and farmers blocked the main road, chanted slogans against the government and burnt tyres to protest against MEPCO for sending them inflated electricity bills. The protesters dispersed peacefully after police and Mepco officials assured them that the matter would be taken up. ",VIOLENT_POLITICAL_DEMONSTRATION
"3 family members of a leader of the ANP were shot dead by suspected Taliban in their village, Malikpur, in Buner. It may be mentioned that the security forces had recently destroyed the house of a local Taliban leader Misbahuddin.",ASSASSINATION
Ten people were killed and several others injured in an armed clash between two rival clans of the Tiri Mengal area of Parachinar. The Paiwar and Geedu clans of Kurram Agency clashed following a failure of a jirga held to negotiate a minor tribal dispute between the two. The clash intensified  when tribesmen of Geedu clan launched an offensive against their opponent tribe and the two sides used sophisticated arms and weapons against each other freely. ,RIOT
"The 'accomplices' of PML-N MPA Ehsan Raza Khan thrashed Mirza Qadeer Ahmad for filing a writ petition to the Lahore High Court that challenged the 'fake' degree of the MPA. The victim was a former union council nazim who had won a seat against the MPA's brother twice in the past. However, MPA Ehsan Raza Khan claimed that Ashfaq, who was one of the assailants, had a family dispute with the victim and that the High Court litigation had nothing to do with incident. ",OTHER
The dead body of Ashraf was found. ,ASSASSINATION
"Rana Kalimullah Khan, son of a former councillor- Rana Muhammad Ahsan- and his six gunmen were sleeping when an assailant fired at them, killing all of them. This was over an election rivalry between two relatives.",ASSASSINATION
"A Quetta-bound car coming from Noshki was attacked by armed gunmen on motorbikes. 3 people, all from the Sasoli community, were killed. ",TERRORISM
"According to the report the Khadim of the Qadianis Masjid, a man was burning papers outside the mosque when he was spotted doing so by a youth. Hearing about the incident, villagers gathered and started raising slogans against the Qadianis. The Qadianis allegedly opened fire on the mob, injuring 10 people. ",VIOLENT_POLITICAL_DEMONSTRATION
"4 people were killed and another 3 injured when an explosived device went off in a garage. ; Follow-up: Nawabzada Gazen Marri, Home Minister of Balochistan, claimed that the blast was the result of a fuel tank exploding and not an act of terrorism. (\Quetta blast not a sabotage, says minister\"", Dawn, 02-Apr-94, Page 12)""",TERRORISM
A mortar shell hit a vehicle killing two civilians in Umrai area.,OTHER
"At least one dozen vehicles were damaged by activists of religious parties in different parts of the city, during a complete strike observed there. Police arrested 24 protestors on charges of damaging public property and trying to bring out a procession.",VIOLENT_POLITICAL_DEMONSTRATION
"Muhammad Amir was stabbed to death by his rivals- Ghulam Mohammad Yar, Ahmed Yar and Muhammad Anwar- over a land dispute. Police have arrested all of the accused. ",ASSASSINATION
Two workrs of the Sipah-i-Sahaaba Pakistan were gunned down by unidentified motrcyclists while returning from Juma prayers.,ASSASSINATION
"Voting had to be stopped for 40 minutes when supporters of the PPP clashed with supporters of PDP. However, Rangers intervened and got the polling resumed. ",RIOT
"A Frontier Corps personnel was killed in a landmine explosion in Dera Bugti area. The FC soldier, Nazim Shah, was killed when he stepped on the landmine on a road.",GUERILLA_ATTACK_ON_GOV_FORCES
"Following the assassination of Syed Raza Haider in Karachi, violent backlash was seen in various parts of Sindh. Aerial firing was used to force shopkeepers to close their shops in various areas of Nawabshah.  ",VIOLENT_POLITICAL_DEMONSTRATION
Jet fighters bombed militant hideouts in Upper Orakzai. 3 militant training camps were destroyed while at least 12 militants were killed and 6 injured. ,GOV_ATTACK_ON_NONSTATE_COMBATANTS
Militants blew up a government-run health centre in Mamozai. ,TERRORISM
One person was killed and six others injured when MQM party office was attacked by unidentified gunmen.; Follow-up : One of the injured died of his wounds in the hospital.,ASSASSINATION
"Munir Ahmed, a resident of Aziz Town in Ferozekhel, was found dead with gunshot wounds. ",ASSASSINATION
"A boy was killed by Indian firing during overnight skirmishes between Pakistani and Indian troops on the ceasefire line in disputed Kashmir. The boy, Shabir Yasin, was killed in the village of Danjer, around 3 km from the town of Athmuqam in the norhtern sector of the UN-monitored Line of Control. Tension had been running high between India and Pakistan following a rocket attack by Indian troops on a Pakistani civilian mosque that killed 20 people.",ATTACK_ON_STATE
A clash took place between two groups of the Khambay village over a piece of land in the area. The Naseer group reportedly attacked the Jatt group to take possession of the land but they were over powered and one of them was taken to the police. The police then arrived at the spot and tried to arrest the rest of the group members but came under fire which resulted in the death of a police constable. Police later gunned down three members of the Naseer group. ,RIOT
Students of PSF staged a protest at Faisal Chowk against the Federal Ministers for their incapacity to solve common man's problem and also demanded the release of their detained colleagues. They also burnt old tyres and blocked the traffic.,VIOLENT_POLITICAL_DEMONSTRATION
The bullet-riddled body of a man in his early 30s was found lying in some bushes alond the main road. The body had 5 bullet wounds and bore torture marks. ,ASSASSINATION
Explosive material was hurled at a gas pipeline that supplied gas to Karachi. The blast caused minor damage. Larkana DPO Mazhar Nawaz Shaikh accused Abdul Fatah Janveri of the JSMM of being behind the blast and arrested him. ,TERRORISM
The police barred the SSP from holding a religious conference. The SSP activists protested and this lead to a clash between them and the police. 2 SSP activitsts were killed. ; Follow-up: A later report about the incident claims that three people were killed and several were injured. The SSP activists set multiple vehicles on fire. No arrests were made.,VIOLENT_POLITICAL_DEMONSTRATION
"In the after math of a raid by Rangers on an Mohajir Qaumi Movement office in Korangi, enraged youths set three vehicles on fire in Nasir Colony and attacked an Edhi ambulance that arrived in the area to pick up an injured person from the area where the gunbattles had taken place. ",VIOLENT_POLITICAL_DEMONSTRATION
"Security forces and militants exchanged fire in the Kandoor areain Pir Koh gasfield area, after a group of militants opened fire on a camp of the Frontier Corps. FC troops returned fire, causing the attackers to escape. No casulty was reported in the firing.",CONVENTIONAL_ATTACK_ON_GOV_FORCES
One person was shot dead  by unknown assailants in Township area on Thursday,ASSASSINATION
"An altercation between Jamil Hashmi, former president of Tehsil Bar Association, Shujabad, and Amir Bakhsh, a local leader of PPP, led to the latter attacking the former leaving him in critical condition. ",ASSASSINATION
"As part of the violence on the second day of a two-day strike called by the Mohajir Qaumi Movement (MQM), a man was found injured in a car in Liaquatabad, with his hands and feet tied. He later succumbed to his injuries at the hospital.",ASSASSINATION
"Kamran Rizvi, spokesman for the MQM (Haqiqi) and a cadidate for the N-182 and PS-79, alleged that 70 to 80 workers of the MQM 'Altaf Group' attacked his election office and beat up his workers, injuring five of them. He claimed they used clubs and kicks and also took away cash and valuables. He further alleged that Nazmabad SHO was among the attacking party. A sub-inspector of the Sharifabad police station stated that only one Haqiqi worker had been beaten up and that no one received any bullet injuries. ",TERRORISM
"Three music centres were blown up in Swari bazaar. The improvised explosive devices exploded at intervals between 10.30pm and 11.00pm which created panic in the area. The targeted centres included Mian Yousaf Music Centre, Malik Cassette House and Ismail Music Centre. The blasts partially damaged dozens of nearby shops. Shopping centres had been receiving warnings to wind up thier 'un-Islamic' businesses and to refrain from entertaining female customers. ",TERRORISM
"Residents of Sumundri blocked the road leading to the Sumundri Police Station and besieged the police station after the police had allegedly tortured an electrician. The police tried to disperse the mob 'forcebly' but to no avail. SHO Mehmood Haroon said that the police official involved in the raid had been suspended and that the PML-N leader would be arrested. The victim, Faisal Butt, was also a complainant in a case against PML-N leader Yameen. The police, along with the PML-N leader had raided Mr. Butt's house and tortured him publicly, before local residents rescued him and took him to the hospital. ",VIOLENT_POLITICAL_DEMONSTRATION
Armed men attacked two trailers carrying Nato supplies to Afghanistan and torched one of them. ,TERRORISM
Security forces' operation in the Shakai-Kaniguram axis along the Sherwangei-Laddah road resulted in the killing of seven militants.,GOV_ATTACK_ON_NONSTATE_COMBATANTS
Two people were injured in the Datot village as the Indian firing continued from across the LoC.,ATTACK_ON_STATE
A worker of Tablighi Jamaat was seriously injured when a home-made explosive device went off in the main mosque of Khanka Dogran known as 'Eik Minar Wali Masjid' half an hour before Jumma prayers. The local office of Sipah-e-Sahaba was also situated in the same mosque. The motive behind the attack was not mentioned in the report.,TERRORISM
a boy was injured when one of 2 rockets exploded near a small house on Major Tufail Road in the Quetta Cantonment area. The other rocket exploded inside a security officials bungalow causing some damage. Security forces launched a search operation.,TERRORISM
"The Assistant Supritendent of District Jail Lahore, Ikramullah was gunned down by unidentified assailants in Jail Road on Wednesday.",ASSASSINATION
Militants executed two people in North Waziristan for their alleged involvement in assassination on Al Qaeda cammander Abu Laith Al Libi,ASSASSINATION
Two people were killed and two were wounded when their rivals opened fire over a land dispute in Jalalpur Pirwala on Monday,RIOT
"Peshawar University students launched, what they called, a 'new phase' of struggle for their rights by opening fire on campus and detonating explosive devices in the lawns of various departments. The students of three universities have recently formed a united front to pressurize the government into accepting their demands, which include subsidised electricity supply, reinstatement of rusticated students, release of detained students and change in the 'top administration' of the University of Peshawar. ",VIOLENT_POLITICAL_DEMONSTRATION
An unidentified man was found death at the tomb of Jehangir.,ASSASSINATION
Five people were injured in Nakyal sector as the Indian forces continued firing from across the LoC.,ATTACK_ON_STATE
a clash between ANP workers and levy force took place at the Tor Ghundi checkpost when the party's president Asfandyar Wali Khan leading a big procession was refused entry into the tribal agency. The levy force resorted to aerial firing and tear-gas shelling as the protesters moved across the barriers erected.,VIOLENT_POLITICAL_DEMONSTRATION
"Wazeer Ali shot dead his wife Ms. Gohar Khatoon in Raees Mir Gadhi village, declaring her a Kari and escaped.",ASSASSINATION
"According to a military official, security forces repulsed a attack on a checkpost by militants in the Ghutai Sar area. He claimed ten militants were injured in the exchange of fire that continued for two hours. ",GUERILLA_ATTACK_ON_GOV_FORCES
"Six members of a family were gunned down in Lanishan Village when a group of Dhanwar tribesmen attacked a house and opened fire on the inmates, killing six of them. According to police, there was an old feud between the two groups of the Dhanwar tribe. ",TERRORISM
"Armed men of Patafi tribe attacked a village and opened indiscriminate fire, killing 3 people including a 5-year-old girl and injuring several others. The reason for the attack was a tribal feud.",TERRORISM
"Ten armed men barged intot he courtyard of the courtyard of Jalbani tribesmen in the Sono Jalbani village, killing two and injuring another when they opened indiscriminate fire with klashnikovs.",ASSASSINATION
Two unknown men opened fire at a police station in Kotwali gate on Thursday.,CONVENTIONAL_ATTACK_ON_GOV_FORCES
"Unidentified men kidnapped two labourers, tortured them and later sprayed them with bullets in Chochna Depot in Liaquatabad. ",ASSASSINATION
"A coalition of ulema belonging to the Barelvi sect, under the leadership of the Sunni Ittehad Council, had planned to march from Bari Imam shrine in Islamabad to Data Darbar in Lahore to protest against the recent attacks on shrines across Pakistan. However, the police thwarted the march by placing containers on the G.T.Road. It was claimed that militants had plotted to attack the rally and it was being stopped for security reasons. The SIC activists tried to move the barricades and the police retaliated by using tear gas and batons. The protesters responded by damaging public and private property and pelting the police with stones. Sunni Tehrik chief Sarwat Ijaz Qadri claimed that the Punjab government had arrested 8000 workers. ",VIOLENT_POLITICAL_DEMONSTRATION
"After TMA officials got some shops vacated following the completion of contracts, angry traders of Lorry Adda market went on a strike, burnt tyres, blocked the road and later marched up to the TMA offices where they staged a sit-in. The shopkeepers claimed that they wanted to renew the contracts but the TMA officials threw them out, whereas the TMA claims that the shopkeepers were evicted because they were neither depositing their outstanding dues nor filing applications for renewal of contracts. ",VIOLENT_POLITICAL_DEMONSTRATION
"two militants were injured when security forces opened fire on a truck loaded with weapons near Banda checkpost,  when the driver did not stop for checking.",GOV_ATTACK_ON_NONSTATE_COMBATANTS
"4 persons allegedly shot dead one Mohammad Siddique and seriously injured his wife Zulaikhan, near Masood Akhtar railway station's quarters. It is reported that some gypsies had setup tents near the railway station.",ASSASSINATION
A girl was shot dead by her two brothers on suspicion of a loose character.,ASSASSINATION
A woman was killed in Indian shelling on the neelum valley on satuday,ATTACK_ON_STATE
Two clans of the Chachar tribe clashed with automatic weapons on a dispute piece of land.Two people were killed.,RIOT
Two army officers were wounded when their vehicle was struck by a remote controlled bomb near Esha checkpost in Miramshah.,GUERILLA_ATTACK_ON_GOV_FORCES
Eight Indian soldiers were killed and Six Pakistani soldiers were injured whne the armies clashed due to the erection of a permanent fence by the Indian Army.,ATTACK_ON_STATE
"In the on-going wave of violence in the city, target killings and body dumpings continued. A body with a bullet wound to the head was found in a gunny bag nea Ibrahim Ali Bhai school in Orangi.",ASSASSINATION
"The care-taker of the Lawari Sharif Shrine, Badin was shot and killed in his home in Defence Housing Authority. The police stated that a tussle between the groups of Mohammad Sadiq Qureshi and Pir Hasan Qadir had been going on for years for the control of the Shrine, which had taken many lives since the 1980s.",ASSASSINATION
A Nazim of the Union Council No 266 was shot at and injured seriously by a youth on the Faisalabad-Jhang road. ,ASSASSINATION
"An exchange of fire took place across the Pak-Afghan border between Nato and Afghan forces on one side and Pakistani forces on the other. The exchange took place after at least 5 mortar shells were fired into Pakistani territory, prompting Pakistani security forces to respond with light artillery. No casualties were reported.",ATTACK_ON_STATE
"3 masked men fired at a local People's Party Parliamentarians leader, Najamuddain Abro. He was the brother of Naib Nazim Taluka. Najamuddain Abro's nephew, Imran, was seriously injured. The assailants escaped after committing the crime.",ASSASSINATION
a bomb planted in Noor Restaurant in Rakhni bazaar went off when the restaurant was closed for Friday prayers. The restaurant and two nearby shops were destroyed. Windowpanes of other shops and buildings were also smashed. No casualty was reported in the incident.,TERRORISM
former Chairman of Bolan District council Sardar Sher Mohammad Khan Rind said that the Baloch nation would strongly react if drone attacks are conducted by the US in Balochistan.,OTHER
Teekam Das slaughtered his three daughters and then slit his thoat as a mark of sacrifice to Kali Mata. ,OTHER
"The recent wave of political killings continued as gunbattles raged in Landhi and surrounding areas. Two activists of the MQM-H, who had recently joined MQM, were gunned down near Hussaini Chowrangi when armed men opened fire. Two minor boys sustained injuries in the gunbattle that took place in the area.",TERRORISM
Two men were killed while seven others were injured in a clash between the members of the Khaskheli and Khoso tribes in Ali Nawaz Shah village. ,RIOT
"The strife-hit areas of Karachi witnessed renewed violence, as a passenger coach was set on fire within the remit of the Mominabad police station.",TERRORISM
A youth was wounded in Saeedabad.,OTHER
"Former Nagrianwala union council nazim, Chaudhry Zulfiqar Warraich, and his accomplices thrached some children who were taking out a procession for Eid Miladun Nabi. The children were chanting religious slogans that annoyed the Ex-Nazim who belonged to another sect. The assailants later entered houses of members of the other sect and tore down flags and banners displayed to celebrate the occasion. A case was registered against the assailants by Kunjah police. ",RIOT
militants fired 6 rockets at a police station and an airport. Five rockets landed in a field and 1 damaged a seminary in Kotka Khan Zaman injuring a youth.,GUERILLA_ATTACK_ON_GOV_FORCES
"Two activists of the Mohajir Qaumi Movement were killed, two were arrested and four escaped after a shootout with the police in Korangi. ",OTHER
A convoy was hit by a landmine in the Ghiljo area of Orakzai and three security personnel were injured. ,GUERILLA_ATTACK_ON_GOV_FORCES
the police recovered the body of an unidentified youth from a minor canal near Chak 710-GB.,ASSASSINATION
Body of a 36 year old man was found from Korangi Sector F-6. Torture marks were found all over his body.,OTHER
Two men were injured in a clash between the two groups of Arain and Chang in Pakka Chang.,RIOT
Ad hoc doctors whose services were terminated by the government joined the students of King Edward Medical College. The doctors were demanding reinstatment while the students were protesting againsted biased examination marking. They burnt tyres and blocked trafic. ,VIOLENT_POLITICAL_DEMONSTRATION
"Two Wapda employees were found dead in their rented house in Karimpura, Lalamusa. The motive behind the killing could not be ascertained.",OTHER
Rockets were fired at FC Fort in Kohlu. BLA has claimed the responsibility of the attacks.,GUERILLA_ATTACK_ON_GOV_FORCES
A man was killed and another injured when an explosion occurred in a scrap yard while the men were unloading scrap from a truck. The police sealed off the warehouse and arrested its owner.,TERRORISM
"Two missiles fired by a US drone killed 5 people, including 3 Arabs and injured 2 when they hit a house. ",DRONE_ASSASSINATION
A clash between gun totting groups occurred in Baloch Colony flyover and many people suffered injuries and deaths.,RIOT
"A man, Mohammad Bugti, was gunned down on Sariab Road by unidentified assaialants. ",ASSASSINATION
a group of protesters turned violent during their protest against the disqualification of the Sharif brothers and damaged the offices of 2 banks.,VIOLENT_POLITICAL_DEMONSTRATION
Police ASI Sher Zaman was injured and his mother-in-law was killed when armed men opened fire at the former's house. ,ASSASSINATION
A shopkeepers was injured when he was hit by a stray bullet. Sporadic firing had taken place after a strike call given by the MQM coordination committee. ,VIOLENT_POLITICAL_DEMONSTRATION
"According to the police, Mirza Irshad Beg, who was the MQM unit chief of New Karachi, was riding in a black car along with his companions when he was ordered to stop by the police. Mirza Irshad Beg reportedly opened fire on the police and fled. The police then chased them, and in the subsquent exchange of fire, Beg was killed while his accomplices managed to escape. The relatives of the deceased, however, claimed that Beg was in illegal police custody, and was killed in a fake encounter.",GOV_ATTACK_ON_CIVILIANS
FC troops destroyed several hideouts of militants during an operation.,GOV_ATTACK_ON_NONSTATE_COMBATANTS
"Neelam, a 22 year old woman who had recently been married, was shot dead by her uncle, Zulfikar, for allegeldy having an affair with her neighbour. ",ASSASSINATION
"Unidentified assailants on motorcycles shot dead a former activist of the banned outfit, Sipah-i-Sahaba near his house in Rehan Colony. The police did not rule out a terrorist attack.",ASSASSINATION
a leader of the Sipah-i-Sahaba and his driver were shot dead infront of his house in Model Colony by three attackers.,ASSASSINATION
"Workers of MSF and the police clashed against each other following the Punjab  (PML-N) Youth Wing general-secretary Khwaja Saad Raffique's  challenge to the police of arresting him. He said he would hold a demo in front of Lohari Gate, and that he'd see if the police dared to arrest him. The challenge was made in view of the recent arrests made by the police of the youth wing workers, including Saad Raffique's younger brother, Khwaja Salman Raffique. The MSF workers pelted stones at the police and fired shots in the air, prompting the police to teargassing and also firing shots in the air. However, no one was killed or injured in the clashes. In another report in the same newspaper, it was mentioned that the demostrations were held in response to police raids on the houses of MSF leaders at Crowd Adda, Shah Alam Market and Muslim Mosque. MSF workers alleged that one of their activists was injured in the police firing. They also staged a sit in and blocked traffic on Circular Road. Followup: A followup report claimed that three people received burn injuries during the protests at Lohari Gate when a political worker set fire to some discarded cardboard boxes next to a chemical factory. The fire caught on other inflammable material, and three factory workers were injured. One of them later succumbed to his injuries.",VIOLENT_POLITICAL_DEMONSTRATION
Four workers of PSF were kidnapped and tortured by unidentified assailants. They were later released.,TERRORISM
A dead body of a 50 year old man was found in a snooker club in Altaf town in the Korangi area. The man was said to be a member of an elder's committee of the MQM.,OTHER
"A soldier and a militant were killed in an exchange of fire between security forces and militants. It was said that security forces acting on information that militants were hiding in the area were raiding houses when they came under attack. The forces retaliated and an exchange of fire ensued. However, other reports said that the exchange of fire started when a military convoy was ambushed by militants.",CONVENTIONAL_ATTACK_ON_GOV_FORCES
2 students were injured during a clash between two student groups in Jinnah College Nazimabad on Wednesday.,RIOT
A hand grenade was lobbed at a police post in the Tajazai area on Monday night.,GUERILLA_ATTACK_ON_GOV_FORCES
3 people were shot at and injured by unidentified men in Mumtazabad on Friday.,ASSASSINATION
"Police resorted to firing and teargassing as angry protesters took to the streets, torched a truck, pelted stones at vehicles and ransacked banks to mour the killing of Murtaza Bhutto. Eight PPP (SB) activists were allegedly injured in the firing, along with two constables when the police opened fire on a procession at Lahore Regulator coming from Mirokhan Chowk to Al-Murtaza.",VIOLENT_POLITICAL_DEMONSTRATION
A bomb exploded on the railway line casuing 1.5 ft portion of the track to be blown up. Sources said that a local made device had been used to blow up the railway tracks.,TERRORISM
"A candidate for Nazim, Ramzan Mastana, along with dozens of supporters stormed into a polling station and picked up 5 ballot boxes. They allegedly beat up men and women voters of their opponent group and attempted to put the boxes on fire. Officials of various agencies arrested the candidate and six others.",OTHER
A bomb exploded in a hotel room. No casualties were reported. The room was rented by an Afghan national who is absconding.,TERRORISM
Two groups of students from the computer science department had an armed clash but fled when the police showed up. No further details given. ,RIOT
A shepherd was injured when a US-made device exploded when he touched it. Around four dozen unexploded devices were further recovered from the mountain area.,OTHER
A husband and wife were killed at their Datta Nagri residence.,ASSASSINATION
"2 proclaimed offenders, Mohammad Jaffar and Ahmed Shah -residents of Bagatu, Hangu District- were found dead in the mountains by locals, who informed the police. ",ASSASSINATION
"Yasin, a milkman by profession, was shot and killed by armed men while he was on his way home on his bicycle. ",ASSASSINATION
A school girl was killed when a suicide bomber blew himself up near a security vehicle not far from a military police checkpost. 23 people including 15 security personnel were also injured.,TERRORISM
Six persons shot dead Mohammad Aslam over a land dispute and escaped. No other detail was given.,ASSASSINATION
"the Sarband police found the decomposed bullet-riddled body of a man, Abdullah Jan, in a local graveyard. ",ASSASSINATION
Two hand grenades were hurled at the courtyard of a mosque during Asr prayers. 25 people were hurt in the attack but no one was severely injured. ,TERRORISM
Unidentified militants blew up a government-run high school for girls at Sulemankhel village in Badbher area. A rocket was also fired at the building. Bazidkhel union council nazim Fahimur Rehman blamed a bara-based religious group for the blast.,TERRORISM
"PPP workers attacked the Taimuria police station to set their companion, Suhalin Zaman, free. Police had registered FIR against Suhalin but the party workers ransacked the police station, tore the FIR, took away the locker keys and set Suhalin free.",RIOT
"Haji Muhammad Sadique, owner of a hardware shop in Jinnah Market, was stabbed to death in his house by 3 assailants. The police could not ascertain the motive for the murder.",ASSASSINATION
A man was killed and at least four others were injured in the Khuraitta sector as the Indian forces continued firing from across the LoC.,ATTACK_ON_STATE
"Hundreds of unemployed post-graduates, graduates and matriculates thronged the police lines for jobs of drivers, constable or wireless operators. Several of them fell unconscious due to the heat and baton-charge by the police to disperse the crowd.. ",OTHER
A bullet riddled body of a man was found in an abandoned taxi.,ASSASSINATION
A man belonging to the Mahar tribe was killed in the Dingro Mahar village as part of the on-going dispute between the Mahar and Jatoi tribes.,ASSASSINATION
"Some anti-encroachment staff members of the Metropolitan Corporation Lahore were injured when encroachers resisted the former's attempt to remove encroachments. However, the MCL team was successful in removing the encroachments. ",RIOT
"An army officer, who was on leave in his village was killed by unidentified men.",ASSASSINATION
A woman was injured in the Indian firing on Bhedi sector in Bagh district.,ATTACK_ON_STATE
Six persons were injured as two rival groups clashed over a property dispute in Kamoki when one of the groups was restrained from constructing on the piece of land and both opened indiscrminate fire on the other. ,RIOT
a woman Mst. Dhayani was killed by her son as he suspected her of having illicit relations.,ASSASSINATION
A man was wounded in a shooting incident in Site industrial area.,ASSASSINATION
Several people were hurt during a clash between PPP and PML workers during filing of papers of PPP candidate Abbas Ali Ansari. Both the groups raised slogans against eachother which led to clash.,RIOT
"A woman, Phairo Mai, was axed to death by her husband. Her husband suspected her of having illicit relations with another man from the village.",ASSASSINATION
A bullet riddled body of a young man was found in a bag.,ASSASSINATION
"Bloodshed made its way back into Karachi when MQM Haqiqi attempted to stage a comeback in the strongholds of the MQM in Malir and Landhi. The killing spree moved to the areas of Landhi where two men, belonging to the MQM, were killed in an attack on a bus near Hussaini Chowrangi.",ASSASSINATION
Labour Party Pakistan workers were baton charged when they were marching towards the Governor's house to hand over a 'dissenting note' against the government for following the policies dictated by the World Bank and IMF. Many protesters were injured.,VIOLENT_POLITICAL_DEMONSTRATION
"a man, Raja, was shot dead by armed men on the way to his village.",ASSASSINATION
A man shot dead his wifer and her alleged paramour along with another villager (who came under fire) on suspicion of illicit relations.,ASSASSINATION
"Some unknown assailants opened fire on Muhammad Shafi Bhutta, the President of AH, Khairpur Tameywali when he was going to offer Fajr prayers. The police arrested 12 activists of SSP and AH to prevent any untoward incident from occuring. ",ASSASSINATION
People's Democratic Allinace's Federal Minister Haji Zafar Leghari and MPA Manzoor Wassan alleged that there motorcade was attacked by unidentified assailants in which three people were injured and 15 vehicles were damaged.,ASSASSINATION
Militants attacked a security post with heavy weapons which led to an exchange of fire in which 2 soldiers were killed and another 6 were injured. ,CONVENTIONAL_ATTACK_ON_GOV_FORCES
An Afghan national was shot dead and another injured when some masked men raided the Afghan Refugee camp of Maula Dad. The motive behind the raid could not be ascertained.,TERRORISM
A man was killed and a bus was set on fire during a strike called by the Sunni Ittehad Council in protest over the conviction of the self-confessed killer of Salman Taseer. There were reports of firing and arson incidents from the FB area and an activist of the ST was killed in firing as well. A minibus was set on fire in the Korangi area. ,VIOLENT_POLITICAL_DEMONSTRATION
"In Darai and Danda areas, troops killed two terrorists and captured seven in the ongoing military operation against militants. ",GOV_ATTACK_ON_NONSTATE_COMBATANTS
A hand-grenade blast neat the Rainbow Centre in Saddar left an Intelligence Bureau inspecter dead and nineteen others injured. The blast was said to have occurred next to a milk shop; Follow up: Investigators probing into the incident claimed that it was carried out on eithnic lines. It was ruled out that the Rainbow Centre itself was the target or that it was an assassination attempt on the IB official. ,TERRORISM
Militants blew up the government girls high school Ali Grama,TERRORISM
"On the fourth day of the on-going violence in Karachi, arsonists set fire to a truck in New Karachi.",TERRORISM
"A woman, Ms Zeenat Khatoon Lashari, was killed by a close relative in a village on the outskirts of Ratodero. According to the police she was shot by the relative when she delayed in preparing food for him. However the news report claims that other sources suggest that she was killed on the pretext of Karo-Kari. ",ASSASSINATION
"2 groups clashed over the occupation of a 'Panchayat Ghar', leaving 1 person dead and 3 others injured. ",RIOT
A dead body of a youth was found bearing torture marks.,ASSASSINATION
A man was wounded in Saeedabad.,TERRORISM
"An explosion in the reading room of the Dyal Singh College Library led to a blaze which gutted  almost the entire ground floor of the library, injuring 23 people and consuming thousands of books.Police said the blast seemed to be the work of terrorists. Muslim Students Federation (MSF) said it was either terrorism or an act by the People's Student Federation (PSF) to gain control over the college. PSF denied the charge. Followup: It was claimed in a meeting that a group headed by PML(N) Youth Wing secretary-general Khwaja Saad Raffique was responsible from the bomb blast.",TERRORISM
"A three year old boy was found dead, wrapped in a shopping bag, in Green Town. The police say the exact cause of death would be ascertained after he autopsy.",OTHER
A tea stall owner was shot dead for refusing to close down his tea stall.,ASSASSINATION
"Abdul Jabbar Yousafzai, Deputy Director, Water Resources Management was on his way to the Airport Road when unidentified men opened fire on his jeep. He died on his way to the hospital. The motive behind the murder could not be ascertained.",ASSASSINATION
"Following the arrest of 7 young men, acccused of attacking a boy and later attacking the police party that was taking the victim to the hospital for medico-legal examination, more than a 100 supporters of the arrested men gathered outside the police station and pelted it with stones. They also damaged vehicles parked outside. The supporters also blocked Benazir Bhutto Road, uprooted the traffic police pedestal, damaged traffic lights, burnt tyres and staged a sit-in. The protest had not ended when this report was filed. ",VIOLENT_POLITICAL_DEMONSTRATION
Two brothers shot their three sisters over a property dispute. ,ASSASSINATION
"at least 8 people were killed and 10 others injured in clashes between two groups, the people of Balishkhel and Sadda in Kurram Agency. Assistant Political Agent Ayaz Mandukhel said that the groups were attacking residential areas with mortars and rockets.",RIOT
"Militants attacked the Jagani security check post in Sangsilla, Dera Bugti. However, the security presonnel killed two militants and injured 4 others in the ensuing shootout.",GUERILLA_ATTACK_ON_GOV_FORCES
Five people were killed and several others injured in indiscriminate firing by unidentified gunmen.,TERRORISM
"clashes and incidents of firing related to the local government elections were also reported from Matiari, Tando Muhammad Khan, Dadu and Jamshoro districts.",OTHER
Two people were killed in Pathar village in Kotli as the Indian forces continued firing from across the LoC.,ATTACK_ON_STATE
"a lawyer, Mirza Qaiser Sohail, was found stabbed to death in his house where he lived alone in Mehmoodabad. The police have found no leads.",ASSASSINATION
Security personnel's vehicle hit a landmine as they were trying to clean up the area of land mines planted by militants. Three security personnel were killed and three others were injured in the incident.,GUERILLA_ATTACK_ON_GOV_FORCES
"Allama Talab Hussain, Chairman of Ilmi Council of Seerat un-Nabi and chairman of supreme Council of Islami Darul Umoon was shot dead by two unidentified motorcyclists in Judicial Colony, Sattokala while he was on the way to the Bank. Police attributed the killing to be a part of the on-going sectarian violence and that the scholar had been receiving death threats in the past.",ASSASSINATION
"A spokesman for the Taliban, who claimed responsibility for a school bombing earlier in the day also claimed that two houses of Khasadar personnel were also destroyed. ",TERRORISM
"One person was shot dead and a woman was injured by their rivals. Ashraf of Roshanpura had a land dispute with Salim of the same locality. They were holding talks to resolve the issue when Salim opened fire on Ashraf, killing him and injuring his wife.",RIOT
"Shahid, an MQM activist was gunned down allegedly by members of rival faction MQM-H. Shoaib Bokhari claimed that it was an attempt to prevent MQM supporters from attending the funeral of fellow party workers that had been killed the day before. Follow-up from Section 2: The real name of the victim was Rizwan Ali while 'Shahid' was his alias. He was killed when his house was attacked allegedly by MQM-H workers. ",ASSASSINATION
"Ali Hassan Mugheri, a businessman, was shot dead by armed motorcyclists while he was on his way back from mosque. Sipah-e-Sahaba leaders condemned the incident and demanded immediate arrest of the killers. ",ASSASSINATION
a Haqiqi worker was gunned down near his house near Chandni Chowk in Paposhnagar by unidentifed motorcyclists,ASSASSINATION
Dacoits armed with automatic weapons attacked the OGDC Qadirpur gas field and opened indiscriminate fire damaging the machinery installed by Coporate Marethan Company. The motive behind the firing and damaging machinery could not be known immediately. ,TERRORISM
Helicopter gunships destroyed a training camp of suicide bombers in Charbagh. Six militants were killed and several others wounded in the attack.,GOV_ATTACK_ON_CIVILIANS
"An armed clash between two local groups - Humayun Butt group and Bobi Gujjar group - left a bystander, 10-year-old Shahab-ud-Din, dead. ",RIOT
A young person was found dead in Kahna on Sunday. He had torture marks on his body,ASSASSINATION
"The Youth Force of the Jamiat Ahle Hadith (JAH) organized a rally to protest against the government's failure to arrest the killers of Maulana Ehsan Elahi Zaheer and other JAH leaders. The police had erected barricades to prevent the protesters from reaching Governor's House and when the demonstrators tried to remove them, the police pushed them back. The protesters responded by resorting to stoning and tyre burning after which the police used teargas shells and batons to disperse them. 12 protesters were injured while 6 were arrested by the police. ",VIOLENT_POLITICAL_DEMONSTRATION
"An unidentified young man was kidnapped, tortured and killed in Khokhrapur, Malir. A note was found on the victim's body which said 'Fate of an informer'.",ASSASSINATION
"A watchman of Madrassah Darul Uloom Minhajushariah, Muhammad Wakeel, was shot once in the chest as he was running his errands. He died and the assailant fled the scene. A senior police official did not believe that the killings could be sectarian, however, he did not rule out terrorism.",ASSASSINATION
At least 37 people were injured when a bomb exploded at a public meeting of Jamhoori Watan Party at Dera Allahyar on the second death anniversary of Nawab Akbar Bugti.,TERRORISM
Qari Muhammad belonging to the Jamat Ahle Sunnat Pakistan and a member of the Darul Uloom was shot dead on his motorcycle by unidentified persons.,ASSASSINATION
Two unidentified bodies of young men were found. One of the bodies had 25 bullet wounds. ,ASSASSINATION
A checkpoint in the Dangeen area and another in the Razmak area came under rocket attacks in which two paramilitary soldiers were wounded.,GUERILLA_ATTACK_ON_GOV_FORCES
"As two MQM(Haqiqi) activists were killed, people staged a protest against that incidence and torched two buses and a car",VIOLENT_POLITICAL_DEMONSTRATION
"The chief of a peace committee of Mohman Agency was killed while another elder, belonging to the Khyber Agency was critically injured in an attack outside a mosque in Peshawar when militants attacked both the tribal elders with  sophisticated weapons. Both elders were reportedly anti-Taliban workers. ",ASSASSINATION
"Over 150 villagers, including traders, blocked the Daska-Glotiyan-Gujranwala road to protest against dacoity in their area by burning tyres and chanting slogans against the police. The police arrived at the spot and reassured them that the culprits would be arrested.",VIOLENT_POLITICAL_DEMONSTRATION
A clash took place between militants and security forces after the former attacked a checkpoint. 3 militants were killed when security forces retaliated. ,CONVENTIONAL_ATTACK_ON_GOV_FORCES
Three people were killed and seven were injured when a pickup going from Biliameen to Sadda hit a landmine near Arawali village.,TERRORISM
"in an enmity that stemmed from the elopement of a woman, three of a family were murdered and one injured. A fourth member of the family is missing, it is believed that he might have been killed.",ASSASSINATION
"Prayer leader, Hafiz Mohammad Jamil, was shot dead in his house in Farid Kot village, Deepalpur by unidentified persons.",ASSASSINATION
3 people were killed and several others were injured in a clash between two tribes near Gulistan on Sunday.,RIOT
A Dali (caravan) of worshippers was proceeding to Urs of Bari Imam when people inside a mosque got infuriated over the beating of drums at prayer time and consequently attacked the procession. The clash that followed left 6 people injured. ,RIOT
"three people fired on the security officials near the checkpost in spinwam area. Troops returned fired, killing two on the spot while the third suspect escape. Residents of the area said the tribesmen were unarmed and not involved in the miitancy. Troops arrested five people at the checkpost and found 14 hand-grenades in their possession.",CONVENTIONAL_ATTACK_ON_GOV_FORCES
"Kabir Wasti, a senior politician, was beaten up by a group of people and received multiple injuries. Mr Wasti was on his way to Rawalpindi from Islamabad when a Prado, bearing a government registration plate, hit his vehicle. Following the collision some men got of from the Prado, pulled Mr Wasti out of his car and thrashed him before escaping. ",RIOT
11 people were injured when two rival groups attacked eachother woth bricks and clubs during an election campaign.,RIOT
There were reports of violence across malir following the arrest of MQM (Afaq) 's leader. The protesters burnt atleast three vehicles and blocked the main road.,VIOLENT_POLITICAL_DEMONSTRATION
"Nasirul Raza, brother-in-law of MQM MPA Afzal Anwar was shot and killed in Nazimabad after he had been kidnapped on Thursday. The MQM alleged that MQM-H activists had kidnapped him and tortured him before killing him. ",ASSASSINATION
unidentified saboteurs attempted to blow up two pylons near Abdullah Dakhan and Gul Mohammad Khoso village. Sindh Liberation Movement claimed responsibility for the attack.,TERRORISM
Vendors and encroachers attacked a team of Municiapal Corporation Multan (MCM) were beaten up by vendors when they tried to remove their stalls.The police played the role of a silent spectator.,RIOT
"Kashif and Naveed, Tableeghi Jamat members were gunned down by unidentified men.",ASSASSINATION
"Following the death of an MQM-H worker, armed protesters took to the streets and resorted to violence. Masked men opened fire at a Pakistan Steel bus, injuring Essa Khan who was an employee of Pakistan Steel. ",VIOLENT_POLITICAL_DEMONSTRATION
"Two brother, Saleem Khan and Anar Khan, were targeted at their workplace - a clay oven - by unidentified motorcyclists who fired shots at the brothers and fled. Saleem Khan died on the spot while his brother was injured. ",ASSASSINATION
"Militants blew up a house of a pro-government tribal elder in the Zafar town area of Miramshah. Malik Khan Asghar Khan was accused by militants of supporting government policies. Relatives of the tribal elder said he had reveived the threats from the militants, warning him not to support the political administration. Malik Asghar and his family had already shifted to Peshawar. ",TERRORISM
"According to MQM, Haqiqi men kidnapped two of their party activists and tortured them in Khokhrapur.",TERRORISM
"JUI-F attacked a Ahl-i-Hadith mosque that was under construction and took away the doors, windows and zinc sheets. They did this as the Ahl-i-Hadith party published a controvertial pamphlet that outraged te JUI-F. The JUI-F also blocked the Karakoram highway and burnt old tires on the Batagram bridge. According to eyewitnesses, the police reached the location in half an hour but merely watched the JUI-F destroy the building.",VIOLENT_POLITICAL_DEMONSTRATION
A blast occurred when a truck loaded with coal blasted when a landmine went off in Ramsayzai area on Wednesday in which a truck driver was injured seriously,TERRORISM
"A policeman was killed while his companions managed to escaped after occupants of a car opened fire on them. A police spokesman accused the MQM of the killing, saying that its leaders had warned the district central police that party workers would opened fire at policemen if they tried to stop them from collecting hides and skins of sacrificial animals.",CONVENTIONAL_ATTACK_ON_GOV_FORCES
A public call office in Angor Adda was blown up.,TERRORISM
a man alias Wit along with Sardar and Abdul Sattar killed Mohammad Ali and injured Mohammad Irshad  and Akram.,ASSASSINATION
"In the midst of a strike called by the MQM to protest against the 'extra judicial killing' of its workers in police custody, protesters went on a rampage while trying to stop traffic and set fire to a car in New Karachi.",VIOLENT_POLITICAL_DEMONSTRATION
Some people pelted stones on the buses in Gari Khata on Sunday in a clash between two student groups.,RIOT
"Two members of a family, Shahbaz and Salma Bibi- were shot at and injured when they entered their house. It was stated that they had not supported the accused in the local body elections (held on 21-3-01) and the accused hurled threats concerning this over the last few days.",TERRORISM
10 militants were killed when they attacked a secuirty forces convoy in Warza.,CONVENTIONAL_ATTACK_ON_GOV_FORCES
"Agitation began when protesters blocked ferozpur road and burnt tyres, pelted stones at vehicles etc. Police had to use baton charge and aerial firing to disperse the crowd. The people were protesting against WASA for not providing water.",VIOLENT_POLITICAL_DEMONSTRATION
"A US drone targeted a militant compound, killing at least 6 militants. ",DRONE_ASSASSINATION
Four persons were injured due to Indian shelling in different sectors of Azad Kashmir on Tuesday,ATTACK_ON_STATE
Two men were shot at by unidentified gunmen. The reason behind the shooting is not known.,ASSASSINATION
Anlar Abro was shot dead by her father for establishing illicit relations.,ASSASSINATION
"A father and his son, both TJP supporters were gunned down, allegedly by SSP men, while they were exiting their printing press. Both Mohammad Ashraf Naqvi and Jaffer Hussain Naqvi died on the spot. Both victims had been implicated in a case for burning copies of the Holy Quran but later investigation showed that the case was 'cooked up' by the SSP. ",ASSASSINATION
The bomb disposal squad defused two powerful bombs planted on railway tracks. ,TERRORISM
Three villagers were hurt when Indian Troops fired across the LoC,ATTACK_ON_STATE
"As a continuation of the unrest caused by the murder of a local builder earlier in the day, there was indiscriminate firing which injured one person, Haseeb and killed another, Atif. ",TERRORISM
3 people including a Constable were killed in a violent protest when the police raided a house to to recover an abducted woman in Shah Wali Village on Wednesday.,VIOLENT_POLITICAL_DEMONSTRATION
Security forces backed by gunship helicopters attacked the militants in Siddiqabad area of Bajaur. 11 militants were killed while another 15 were injured. ,GOV_ATTACK_ON_NONSTATE_COMBATANTS
"The body of an alleged US spy was found in the Shakai area. The victim, Bashir Ahmad, belonged to Kunar, and his family resided in Kotki village in Chaharmand area. Bashir had been kidnapped by unidentified men on charges of spying for the US forces, and was later killed.",ASSASSINATION
"Anjum Akbar, who was a practicing lawyer at the sessions court and a mother of 2, was shot and killed by unidentified assailants while she was travelling in her car. ",ASSASSINATION
Heavy exchange of gunfire ensued between two rival religious factions because of disputes over religious matters,RIOT
2 people were killed and 3 were injured when a Zamindar arrived at adisputed land along with Revenue Officer to get his land demarcated when the rival party of Lashari tribe opened fire on them at Dadko Mori on Wednesday.,RIOT
A bullet-riddled body was found from KMC park in sector 1-C of Orangi Town. He bore two bullet wounds that proved fatal and was also believed to be mentally handicapped.,OTHER
"Six members of a family including two children were killed and three other injured allegedly by their relatives. The dispute was trigered by alleged illicit relations Azam with Khan daughter, Aasia. Khan along with his accomplices barged into Azam house and killed six of his family members.",ASSASSINATION
"Ali Murad Muhammad gunned down his sister-in-law, Mst. Irshad, and injured her alleged paramour, Mehboob. ",ASSASSINATION
"Kakrar, was hsot dead by two men who invited him to a dinner at their house. Th reason behind the murder is not known.",ASSASSINATION
Four people of a family were found slaughtered in their house. The reason behind the gruesome act is not known.,ASSASSINATION
"Syed Zafirul Hassan, an accountant of Quaid-i-Azam Academy, was shot and killed in the jurisdiction of the Sharea Faisal police station.",TERRORISM
Militants attacked a checkpost in Bara and the security forces attacked militant positions in Ghandao Locality using artillery weapons and managed to killed eight militants. ,CONVENTIONAL_ATTACK_ON_GOV_FORCES
"A man, Mohammad Shoqeen, died in a village after a 'dud' shell he brought home went off.",OTHER
"Police constablies Muhammad Ishaq and Musa were killed when armed men intercepted their motorbike and opened fire. 3 other people, including an sub-inspector of the CID, were injured. The Lashkar-i-Jhangvi claimed responsibility for the attack. The policemen killed belonged to the Shia sect. ",ASSASSINATION
A man and a woman were shot dead on the pretext of karo-kari. Police were conducting raids to arrest the killers.,ASSASSINATION
A clash occurred between the Muttahida and Sunni Tehrik. Hamidullah suffered injuries as he was beaten up with clubs.,RIOT
"An alleged MQM activist, wanted in robbery cases, was killed in an encounter with the police in the SITE area.",OTHER
An unidentified body with the hands and feet tied was found from the Khaji Ground in the Gulbahar Police precints. ,OTHER
Muttahida Qaumi Movement and Jeay Sindh Qaumi Mahaz gave a strike call for 13 June 01 throughout the province in protest against police action and against water shortage in Sindh. Several vehicles were set on fire throughout the city. A vehicle was set on fire near the SSP South office in the Arillery Maidan police limits.,TERRORISM
"Clashes started in Islamabad between the police and lawyers and political activists when the police baton-charged lawyers who wanted to go inside the Election Commission building. Lawyers and political activists were unhappy at the allowance given to President Pervaiz Musharraf to contest in the elections again. The Supreme Court bench had dismissed challenges to Gen Musharraf’s dual position as president and army chief, giving him a big legal boost against his political opponents. Scores of lawyers, journalists and political activists were injured as the police baton charged them and fired tear gas shells when they tried entering the Election Comission building. The police was seen thrashing people, after which the people too began to fight back. Over 20 journalists were wounded in the clash. The number of injured lawyers and political activists remained unknown.",GOV_ATTACK_ON_CIVILIANS
5 armed men broke in to a house and opened fire on and killing a woman and her sister in law on the pretext of karo-kari.,ASSASSINATION
"In the on-going wave of violence in the city, target killings and body dumpings continued. The body of a young man was found under the bridge of Teen Hatti within the remit of Jamshed Quarters.",ASSASSINATION
A woman was hit and wounded by a stray bullet in Risala.,OTHER
A young man was shot and killed outside a clinic in Shah Faisal Colony by two armed men on a motorcycle. The police termed it a target killing.,ASSASSINATION
An unidentified man was found killed in fields by unknown assailants in the sattokatla area on Sunday. Sources said that there were marks of torture on his body. ,ASSASSINATION
"Fayyaz Hussain Rizvi was on his way to work when he was intercepted by two men on a motorbike who shot and killed him. Police suggested that the motive was sectarian and the Jafria Alliance Pakistan \criticized the government over its failure to stop sectarian killings\"".""",ASSASSINATION
A person was injured in the Indian shelling on the Mandhol village in Hajira sector.,ATTACK_ON_STATE
"The bodies of an MQM(Altaf) activist, Anwar Iqbal, and his son were found near the Malir River bed, blindfolded and their hands tied behind their back. It was reported that they had received at least 15 bullets each and the police claimed that it seemed that they had been executed by a firing squad. ",ASSASSINATION
Nawab of Kalabagh's son Nawabzada Malik Muzaffar Khan was gunned down along with his two bodyguards in Daud Khel on Monday.,ASSASSINATION
"As a result of the verdict of supreme court annulling the appointment of Justice (Retd) Deedar Shah as NAB chairman, strike was observed in  Thatta, Sajawal, Mirpur Bathoro, Gharo, Dharo and other towns and PPP activists burnt old tyres and blocked traffic on friday.",VIOLENT_POLITICAL_DEMONSTRATION
"Two police constables were injured in an exchange of fire between law enforcement agencies personnel and miscreants in Unit No. 12, Latifabad. ",VIOLENT_POLITICAL_DEMONSTRATION
"Armed persons shot and killed Tajoo, alias Gulzar, and a woman in an agricultural field on the pretext of karo-kari",ASSASSINATION
"Gulsher shot dead Asif on the suspicion that he had an affair with his sister. He saw Asif wandering near his house, at which he got infuriated and shot him dead with the help of accomplices.",ASSASSINATION
3 people including 2 minor girls were stabbed to death while asleep in their home near bus stand Phalia by unidentified assassins; Mohammad Arif killed his wife and 2 daughters.,ASSASSINATION
Security agencies found a bag full of explosives outside the Army Officers Mess in Rawalpindi. It was found on the same day when two suicide blasts occurred in Rawalpindi which targetted security personnel. ,GUERILLA_ATTACK_ON_GOV_FORCES
3 people were gunned down by unidentified men in Jinnah Town on Friday.,TERRORISM
The police scuffled with jounalists and human rights activists as the police did not allow them to enter the airport despite previous promises by the Lahore police chief DIG Tariq Saleem and Operations police chief Aftab Cheema that they would not be barred from entering the airport. The police allegedly injured a journalist from an English-language daily and a plain clothes man slapped a woman reporter from an Urdu daily.,GOV_ATTACK_ON_CIVILIANS
An ASI-Riasat Ali- was shot dead by unknown assailants in People's Colony on Thursday.,CONVENTIONAL_ATTACK_ON_GOV_FORCES
A person killed his sister over karo-kari in Nawabshah Town on Saturday,ASSASSINATION
A 50 year old man was on his way home when unidentified men opened fire on him. ,ASSASSINATION
"A leader of the PPP (Shaheed Bhutto Group), Ali Mohammad Sonara and an associate were shot dead by unidentified motercyclists.",ASSASSINATION
"A vehicle of the Khwaizai peace committee hit a landmine causing damage to the vehicle. However, no casualties were reported. ",TERRORISM
Armed tribesmen of Wazir Dand area of Khyber Agency blocked the main road of Jamrud for an hour to protest against the joint operation of the Khasadar force of the political administration and Khyber Rifles in their area. They exchanged fire with personnel of the Kyber Riffle when they tried to clear the road for traffic. No one was injured.,VIOLENT_POLITICAL_DEMONSTRATION
Imam Bux Palal and Abdul Sattar Palal were killed in a clash between two groups over a land dispute.,RIOT
"The strife-hit areas of Karachi witnessed renewed violence, as a policeman was killed in the Sharafi Goth area of Landhi.",ASSASSINATION
the body of an unidentified man was recovered from the property of the Water and Sanitation Department.,ASSASSINATION
Militants attempted to blow up the Chamatalai Bridge in Khawazakhela. The bridge was partially damaged.,TERRORISM
A former union council nazim was shot dead while his two associates suffered injuries when his rivals of Cheema group sprayed their vehicle with bullets over a property dispute.,RIOT
Angry protesters ransacked the PTCL office and cut 400 phone lines. They were protesting against flour shortage as well as continued loadshedding.,VIOLENT_POLITICAL_DEMONSTRATION
"Gunmen shot and killed three men in a late night attack in Baldia Town. According to reports, the men were between the ages of 25 and 30.",ASSASSINATION
"Zulfiqar-ul-Hasan, a worker of the MQM's Unit 112, was standing near his friend's house when two men on a motorbike pulled up and fired shot at him. ",ASSASSINATION
A rocket fired by militants his the wall of old Commissioners house located near Kohat police's deputy inspector general's office.,GUERILLA_ATTACK_ON_GOV_FORCES
"Armed clashes between two rival ethnic groups left at least 16 people dead and over 78 injured. The groups fought pitched battles and used firearms and sharp edged weapons. Shops, vehicles and public property were also damaged. A police party that tried to intervene came under heavy fire, leaving 3 policemen dead. Another policeman, who was passing through the area was also shot and killed. ",RIOT
"A UC-7 Naib Nazim,Mohammad Fahim, of Korangi town and his associates were fired upon by unidentified men who fled in a taxi. The Naib Nazim and one associate died on the spot while the third was injured.",ASSASSINATION
"A man, approximately 40 years old, was found dead on the Circular Road, in the Yakki Gate police limits. ",ASSASSINATION
A Hindu Temple at Thatta was reduced to ashes as some unidentified miscreants set it ablaze. ,TERRORISM
A vehicle belonging to a bread company was set on fire,VIOLENT_POLITICAL_DEMONSTRATION
During a session of Thatta District Council two groups had a heated exchange of words on the issue of collection of octroi taxes following which one group took out arms and resorted to firing in the hall. As a result Syed Abdul Sattar Shah Shirazi and Syed Sikandar Ali Shah were killed while 2 others were injured. ,RIOT
"Two people, Khan Muhammad and Sharif, of opposite groups were seriously injured in a clash over a land dispute. ",RIOT
"A complete strike was held on the call of an all-parties conference. A peaceful procession was taken out and at the culmination, several political and religious party leaders addressed the participants in which they said that if America tried to impose a war on Afghanistan, the people of Pakistan would stand by their Afghan brothers and wage jihad.",THREAT_OF_VIOLENCE
Protesters from the Mohamnd tribe marched towards the WAPDA office to protest against the removal of electricity connection.The protest turned violent and there was an exchange of fire between the tribesmen and paramilitary forces for three hours.;Follow-up:Another person died of his injuries in the hospital.the situation remains tense in the area.,VIOLENT_POLITICAL_DEMONSTRATION
"a tribal elder, Malak Hoshyar Khan, and 2 militants were killed and 4 others were injured in a clash between the Taliban and a tribal lashkar when 200 armed militants attacked the village of Tali in Salarzai area. They fired rockets and missiles at the houses of tribal elders and checkpost of volunteers of the Salarzai tribe. Secuirty forces also shelled militant position in support of Lashkar forces.",RIOT
24 people were killed and 40 others injured when a bomb exploded on a passenger train. No one has claimed responsibility for the attack.,TERRORISM
Three dead bodies were found in different areas of Swat. Details are not available.,TERRORISM
SSP activists burnt tyres and pelted stones at passing traffic during a rally staged to protest the burning an SSP flag by another organization. The police resorted baton charge and use of tear gas to disperse the mob. 11 SSP activists were arrested as well. ,VIOLENT_POLITICAL_DEMONSTRATION
"the beheaded body of a soldier was found outside a destroyed police station in Pir Baba. He was identified as Qaisar Ali, of Sapal Bandi in Swat.",ASSASSINATION
"2 boys, Faizullah and Azeem Jan, were hurt in Chaman as a result of some explosive material planted there by some saboteurs.",TERRORISM
"a lineman of Pesco, Mohammad Rehman, was killed and 4 others were injured when a bomb exploded while they were repairing a pylon which had been blown up earlier.",TERRORISM
Taliban militants beheaded a Polish geologist after negotiating his swap with the government failed. The Taliban spokesperson said that the Poitr Stancza was killed because authorities failed to free four militants of the Lashkar-i-Jhangvi before the given deadline.,ASSASSINATION
"A rocket hit a house, injuring two people and damaging the house and a vehicle. ",TERRORISM
"A prayer leader was offering prayers in the limists of Band Korai police station when unidentified persons opened fire, killing him on the spot.",ASSASSINATION
4 people were injured when a group of 10 Jafri clansmen attacked the Mohammad Yaqoob Brohi village.,RIOT
"Some youths fired a rocket at an armoured personnel carrier, however, it missed the target. No damage was reported. ",VIOLENT_POLITICAL_DEMONSTRATION
The renewed wave of targetted killings that began a couple of days ago with gun attacks in Malir and Landhi continued as an MQM activist was killed while his aide was injured when armed men opened fire outside Murghi Khana Stop in Landhi.,ASSASSINATION
"Following an attack on the ANP Information Secretary, ethnic violence erupted in other parts of Orangi as the city police chief Saud Ahmed Mirza described it as \political and definitely ethnic\"". Sources at the Abbasi Shahhed hospital said that man was found dead at Qasba No. 2-1/2 with a gunshot wound.""",ASSASSINATION
Fida Hussain and Shaaban Ali were standing near an Imambargah and Jamia Masjid Imamia when two unidentified men on motorcycles shot and killed them.,ASSASSINATION
"A leader of the Muslim Students' Federation,which is a student group backed by PML , was injured when unidentified men opened fire on him and fled.",ASSASSINATION
a blast was reported from Dera Bugti town. A house was damaged in the Bugti Colony after a homemade explosive device went off. No casualty was reported.,TERRORISM
Some people threw explosive material at the house of Municipal Councillor Iqbal Baboo but no loss of any kind was reported. ,TERRORISM
"After receiving intelligence reports that Taliban commanders were meeting to regroup scattered militant groups, security forces moved into Orakzai. The soldiers, backed by artillery, tanks and helicopters clashed with militants. 38 militants were killed while 11 were injured and 23 were arrested. 10 security personnel, including FC and army men, were killed. According to AFP, 50 security personnel went missing after the clashes but local officials refused to comment on that claim. ",GOV_ATTACK_ON_NONSTATE_COMBATANTS
"Two low-intensity blasts in a crowded CD market, that took place 10 minutes apart, left 7 people injured. Police believe that the perpetrators were 'extremists who earlier targeted some cultural events in the city'.",TERRORISM
"The burnt body of an unknown man was recovered, by a forest department official while on duty, from a forest near Fatehpur in Layyah district.",ASSASSINATION
"Police discovered the tortured and bullet-ridden bodies of three MQM (Altaf group) activists in Shah Faisal Colony.  The three men, aged 15 to 25, were kidnapped from their homes Monday morning, allegedly by MQM-H activists.  Later in the article, the reporter states that police officials believe the motive to be \a sequel\"" to the killing of two activists of MQM Haqiqi shot dead in Korangi on Sunday.  Police say the victims were blindfolded and believed to be shot by firing squad.""",ASSASSINATION
"City PML-N leader Mian Babar and his driver were killed near the Tibbi Police station when two unidentified motorcyclists opened fire on their vehicle, killing them on the spot. According to officials, the PML-N leader had been receiving threats for the past few days not to pursue a murder case. ",ASSASSINATION
The bullet-riddled body of an unidentified man was found near the Bridge in Orangi Town no. 7.,ASSASSINATION
Two policemen on duty were shot and killed by 3 armed assailants. The victims were identified as Muhammad Anwar Niazi and Ali Akbar Niazi. ,CONVENTIONAL_ATTACK_ON_GOV_FORCES
unidentified tribesmen partially destroyed a picket established by the Khyber Rifles in Charwazgai on the grounds that the place is frequently visited by their women. The personnel of the paramilitary started rebuliding the demolished part of the picket.,OTHER
A girl was injured due to Indian shelling along LoCin Southern Kotli District on Monday,ATTACK_ON_STATE
"a youth, along woth 2 accomplices, killed his grandmother over a property dispute in Abid Colony at Kot Farid Khan.",ASSASSINATION
Four people were killed in a gunbattle between two groups in the Eastern Bypass area of Quetta. Two of the four bodies were identified as Bugti tribesmen.,RIOT
"Two armed motorcyclists killed a man, Mohammad Asif, and injured his wife, Shakeela, while they were on their way home on their motorbike. Police claim it was a target killing.",ASSASSINATION
unidentified militants tried to blow up a bridge by planting three bombs under it. The bridge was partially damaged.,TERRORISM
11 people were injured when youngsters of Kachhi community attacked Christian and Hindus of Machhar Colony with firearms and stones. The reason for the attack is not known.,TERRORISM
Militants attacked two girls schools in Balambat area of Lower Dir. They first blew up the building of a community school and then set on fire a  high school building in the area.,TERRORISM
A bank branch was ransacked by unidentified persons near Liaqatabad Post Office on Wednesday.,TERRORISM
"Maulana Hasan Jan, a leader of the JUI (Fazl group) and vice president of the Wafaqul Madaris, was assassinated when he was going in a car with three other men. When the car reached a deserted spot the unknown assailants sprayed the car with bullets. Maulana Hassan shot to political prominence in 1990 after defeating the late Khan Abdul Wali Khan of the Awami National Party in a National Assembly election for Charsadda, prompting the latter to announce retirement and end a career spanning 50 years. On a number of occasions, he had condemned suicide bombings as anti-Islamic. Security officials said it would be premature to attribute sectarian motives to the murder.",ASSASSINATION
Shoukat Labano killed his mother while she was sleeping on the pretext of karo-kari and then fled. He suspected his mother was maintaining illicit relations with Liaqat Labano.,ASSASSINATION
"The body of Malik Haroon Ahmed, who was a local lawyer, was found floating in a canal. He had been missing since 13-Apr-94",ASSASSINATION
Faiz Mohammad was killed in firing by unidentified gunmen.,TERRORISM
"In the midst of a strike called by the MQM to protest against the 'extra judicial killing' of its workers in police custody, protesters went on a rampage while trying to stop traffic and set fire to a minibus, a coach and a car in Azizabad.",VIOLENT_POLITICAL_DEMONSTRATION
The charred bodies of two young girls were discovered in a ditch in the Karala jungle some 40 km from Mansehra. The Nazim said that the girls might have been killed over Karo-Kari.,ASSASSINATION
A man was brutally murdered in the jurisdiction of Par Hoti police station.,ASSASSINATION
Power supply to Sui and Dera Bugti was also suspended after three pylons on Sui-Kashmore road were blown up powerful explosives.,GUERILLA_ATTACK_ON_GOV_FORCES
Terrorists blew up the building of a private school. ,TERRORISM
India did shelling across LoC in Chakothi sector on Wednesday. No damage was reported,ATTACK_ON_STATE
2 people were killed and 5 wounded by unknown assailants in Qasba Colony on Tuesday. Police claimed that violence was executed on ethnic grounds.,TERRORISM
"The police baton charged and tear gassed a procession of the Pakistan Awami tehrik (PAT) workers on the Mall which was held to demand that investigations into the killing of 100 children be carried out by the army rather than the police. According to the police, they reacted only after being attacked by the processionists.",VIOLENT_POLITICAL_DEMONSTRATION
A former councillor and his gunman were killed while another gunman was injured when unidentified men opened fire on them in Rakh Jhok village.,ASSASSINATION
"Saida, a girl of the Shar tribe, had been declared 'Kari' (\Disgrace to the family or to the tribe\"") by a jirga after she married a man of the Phulpoto tribe. Her brothers visited her at the Darul Aman, where she had been admitted on the orders of a court, and threatened to kill her if and when she left the Darul Aman. """,THREAT_OF_VIOLENCE
"In reaction to the misbehaviour of the area councillor by the police who went to Malir Extension Police Station seeking release of two detainees on Monday, thousands of protesters started protesting due to which police lathicharged them and later opened fire on them wounding 5 persons in Malir Extension Colony on tuesday. ",VIOLENT_POLITICAL_DEMONSTRATION
"40 people were arrested due to a clash between angry christian mob and police at Mall Road on Sunday. The protest was done against the addition of religious column in National Identity Card. The windowpanes and signboards of a large number of shops as well as vehicles were among the targets. Two police kiosks, one set up in Regal Chowk and other near Tollinton Market were set ablaze by the violent group.",VIOLENT_POLITICAL_DEMONSTRATION
Hundreds of enraged Mamond tribesmen barged into the Nadra office and thrashed the staff and damaged records and other documents. They alleged that the Nadra staff and levies were charges in excess to the fixed rate in order to issue the computerized identity card forms. They said that the Nadra staff only issues those forms to those people who pay more than the fixed charges. Later a big contingent of levies came and arrested 20 people. 10 people were seriously injured.,RIOT
Indian shelling on the border villages of the Working boundary kills three and injures 21 others.,ATTACK_ON_STATE
A bomb destroyed at least eight oil tankers in Sheikhwal area .,TERRORISM
"Five armed people shot dead a young man as they were suspecting that the deceased had illicit relations with their sister. The accused also seriously injured their sister, who was admitted to the hospital.",ASSASSINATION
A clash between the Jatoi and Jagirani tribes took place when both tribes used different kinds of weapons in the exchange of fire in Kalar Goth. After which the highway near Sukkur was closed down. No loss of life was reported.,RIOT
A Kalhoro man was kidnapped from the Ishaque Mashi village in Larkana and was shot dead some distance from the village.,ASSASSINATION
A constable and a pedestrian were wounded in a drive-by shooting incident in Golimaar area near Husainiya Imambargah.,OTHER
"A suicide bomber tried to ram an explosive-laden vehicle into a police van. The vehicle exploded about 5 feet away from the police van, injuring 10 policemen. The van was transporting prisoners, including the sons of a TNSM (Tehrik-e-Nifaz-e-Shariat-e-Mohammadi) leader, to an anti-terrorism court when the attack took place. ",GUERILLA_ATTACK_ON_GOV_FORCES
"Eight people were killed when around twenty unidentified armed men entered Moosa Colony, dragged eleven people and huddled them in one room in a house belonging to a KMC employee and opened fire, killing eight of them on the spot. All were said to be Pushto and Hindko-speaking. According to officials, the room had some Urdu couplets inscribed on two papers and pasted on the walls. One read, \hum hain mata-i-koocha-o-bazaar-ki tarhan\"". Awami National Party's provincial chief, Amin Khattak, alleged that the killings were carried out to spark ethnic riots. """,TERRORISM
a truck engaged in carrying supplies for Nato forces in Afghanistan was burnt and a crane was damaged when rockets fired from nearby farms hit them at a terminal on Ring Road. The assailants also deflated the tyres of some trucks at the terminal. Police reached the spot and an exchange of fire took place which forced the attackers to flee.,TERRORISM
"Sajid Ali was intercepted and killed by armed motorcyclists moments after he had left his house. Intermittent firing was witnessed while the victim's body was being shifted to the hospital. After the funeral, mourners staged a sit-in and the Jafria Alliance of Pakistn condemned the 'targeted killings on sectarian grounds'.",ASSASSINATION
"Three brothers shot dead their sister and a man on suspicion of illicit relations in Chak Chandia, Rajanpur District. ",ASSASSINATION
protests continued for the fourth consecutive day in Punjab against the disqualification of the Sharif brothers. Many markets were closed down as a result. They chanted slogans and set up protest stands. PML-N workers also destroyed a bus at Clock Tower Chowk.,VIOLENT_POLITICAL_DEMONSTRATION
"Dr. Javed Asghar, owner of Doctor's Hospital and husband of PML-Q MPA Faiza Asghar, was fired at by unknown assailants. He was in his car at the time and managed to escape unhurt. ",ASSASSINATION
Two persons were killed and four were injuerd when misfired rockets fell on the houses on local people in Meri Khel and Tandi Kalley area during the ongoing fight between security forces and militants.,GOV_ATTACK_ON_NONSTATE_COMBATANTS
"In reaction to the demolition of Babri Mosque in Ayodhya, violent mob two places of Hindu worship in Khuzdar on Tuesday. 5 people were injured as they attacked a Hindu locality, looted and ransacked 17 shops owned by Hindus in various parts of the town.",VIOLENT_POLITICAL_DEMONSTRATION
The APMSO alleged that Mohajir students wer being tortured in Nara Jail. It was also alleged that the police had registered false cases against Mohajirs. ,GOV_ATTACK_ON_CIVILIANS
"The Pakistan Army captured the Shinkay area from the Al-Qaeda linked militants in the Mehsud dominated area of South Waziristan. An army general was unable to report on the number of casualties both on the army side and the militant's side. A huge cache of arms, ammunitions and bomb-making devices were recovered from six caves in the area.",GOV_ATTACK_ON_NONSTATE_COMBATANTS
"Muhammad Anwar, a soup vendor, was shot and killed by occupants of a yellow cab in Korangi.",TERRORISM
"After the news of another dead body being found spread, enraged residents took to the streets in protest, blocked the main road, pelted cars with stones and set a rickshaw, a motorcycle and a shop on fire. ",VIOLENT_POLITICAL_DEMONSTRATION
Zubaidah Bibi was murdered by her real son and her brother for allegedly having illicit relations.,ASSASSINATION
"A man, Jamil, was shot dead by his brother over a land dispute. The victim was ploughing the fields when the accused him not to. On resistance, the accused, Ishaq, fired at his brother, killing him on the spot.",ASSASSINATION
The SPSF President of Mehran University-Mr Niaz Hussain was allegedly tortured by the Tarraqi Pasand in Mehran University on Saturday.,TERRORISM
"A woman was killed and her son-in-law was injured along with a passerby when Amin alias Bhola Chor, a tough of the area, opened fire on them with the help of his accomplices. The accused had snatched a house from the woman, who went up to the court for the matter. The court decided to award her the house, prompting Amin to kill her.",ASSASSINATION
A pipeline was blown up using a home-made explosive device near the Gahi Khan chowk in Shalkot area. Gas supply to many areas of the city was disrupted after the balst.,TERRORISM
An 18 year old boy was killed by a stray bullet while standing outside the election office of PP-195 candidate.,OTHER
3 people including 1 woman were kille don the pre-text of karo-kari in the Ali Mohammad Khoso village.,ASSASSINATION
2 different tribal battles left 4 people dead and several others injured. The first clash was between two rival Pashtun tribes while the second was between rival Baloch factions. (See Note),RIOT
"Two groups of Lashari tribe exchanged fire over a land dispute, leaving 3 people dead and 1 injured. ",RIOT
a co-driver of a cotton loaded trailer identified as Nur Mohammad was burnt alive when some students of Shah Latif University set it on fire while protesting against the death sentences given to their collegues by a Karachi court,VIOLENT_POLITICAL_DEMONSTRATION
"Two rockets were fired from a place in Quetta and rocked the city when one landed and exploded on the roof of the FC headquarters, smashing windowpanes and causing damage to the building. The second rockets target was unknown. Police patrolling the area rushed to the graveyard of Ibrahimzai and seized an unexploded rocket.  No loss of life was reported.",GUERILLA_ATTACK_ON_GOV_FORCES
"As part of the on-going violence due to violent demonstrations by protesters mourning the death of their leader Chaudhry Altaf Hussain of MQM, a man was killed in Chakra Goth.",VIOLENT_POLITICAL_DEMONSTRATION
"activists of Shahbab-i-Milli, an offshoot of Jamaat-i-Islami attacked a local marriage hall in sabzi mandi area where a competition of brides was being held. They ransacked the furniture and threatened the participants and organizers with dire consequences. they had previously asked the manager to close the 'vulgarity show' but he had refused to do so. Shabab-i-Milli president, Furqan Butt, said that they would not allow anyone to promote 'obscenity' in the city at any cost.",TERRORISM
"following the killing of the baloch nationalist leaders violence erupted in Balochistan. Government offices were attacked, a PTV booster was damaged and 2 fire tenders were set ablaze.",TERRORISM
Five people were injured in a clash between two clans of the Jatoi tribe over a land dispute.,RIOT
"87 students who had started a hunger strike to demand admission to medical college after having passed their pre-medical examinations, were baton charged by the police. The police allegedly beat up the students, some female students among them. ",VIOLENT_POLITICAL_DEMONSTRATION
"An angry mob attacked the police post Bhown and threw its record in a nearby pond besides smashing its windowpanes. According to reports, some policemen asked local drivers for a vehicle for fatigue duty but the drivers refused. This infuriated the police staff then allegedly abused the drivers. The episode spread a wave of anger at the area residents who then attacked the police.The police retaliated and fired in the air to disperse the protesters. ",VIOLENT_POLITICAL_DEMONSTRATION
Unidentified tribesmen killed a Taliban commander in Rabia Khel area of Orakzai Agency. ,ASSASSINATION
"During a strike against the desecration of 10 copies of the Holy Quran and a number of \Seeparas\"", some miscreants attacked the jeep of the DSP. """,VIOLENT_POLITICAL_DEMONSTRATION
Members of the Shar and Mehar tribes clashed over a dispute over relations between a Shar girl and a Mehar youth.,RIOT
Police found the tortured body of a man in Landhi.  His religious affiliation could not be known.  A senior police official stated that the fresh sectarian violence was sparked by the Thursday morning murder of two TJP supporters.,ASSASSINATION
one person was killed and 8 were injured in a shootout between rival tribal groups at Hub. The clash was between the Rind and Jamote tribes over a land dispute. The police also arrested 3 people.,RIOT
"A woman , who had gone to collect firewood in the forest was murdered by unidentified attackers. No further details given.",ASSASSINATION
"Unprovoked Indian shelling on civilian population in Chorbat valley, Shyoke sector near the Line of Control resulted in destruction of two houses along with the death of a few animals. However, no casualties were reported as villagers had alreay evacuated and had taken shelter in bunkers.",ATTACK_ON_STATE
"Police recovered a body of an unidentified man from the Mirwah Canal. According to the police, he had been killed elsewhere and his body was dumped in the canal.",ASSASSINATION
A man who was found seriously injured with bullet wounds diedin the hospital.,ASSASSINATION
A group of armed Maher tribesemen attacked a Jaoit village and killed one Jatoi tribesman and injured two othes. The reason is reported to be a land dipsute.,TERRORISM
A body of a 15-year old boy was found with torture marks.,ASSASSINATION
An unidentified man was murdered by unknown assailants who later threw his body into some bushes. ,ASSASSINATION
"Chaudhry Transporters and Masood Al-Zafar Transporters had a long feud over the seizure of each other's bus stands. Twenty armed men of the Masood group attacked the bus stop of the Chaudhry group and took it over. They used batons and firearms to sieze the bus stop and thyey hurt 3 during the clash. The police arrested 2 people, while the rest are absconding. ",RIOT
Three people clubbed a man to death over a land dispute,OTHER
The body of 35-year-old woman was found. ,ASSASSINATION
Six people were injured in Chuprial in the attack by security forces.,GOV_ATTACK_ON_NONSTATE_COMBATANTS
"Police backed by army demolished a religious seminary believed to be used as a safe haven by militants in Lakki Marwat. No one was present in the seminary at the time of the incident, so no casualties or arrests were reported.",GOV_ATTACK_ON_CIVILIANS
A man was killed and another was injured in a shooting by motorcyclists.,ASSASSINATION
Five militants were killed and two others were injured when their vehicle hit a landmine in the Mamozai area of Orakzai. They were suspected members of the Taliban.,OTHER
A youth was found murdered in an alley.,ASSASSINATION
"a peaceful rally was staged by the Rawalpindi/Islamabad Union of Journalists to condemn the kidnapping of Royal TV reporter Najam, Express' Hafiz Shahid Munir and Karimullah Gondal from Gujranwala. The rally started from the National Press Club, when the rally reached near D-chowk the Islamabad police baton-charged the participants  jounalists. they chanted slogans infront of the Parliament House. as a result more than 6 people were injured.",VIOLENT_POLITICAL_DEMONSTRATION
Khosa tribesmen chased 4 Gorchani tribesmen when the latter were attempting to flee after killing Shabbir Khosa for allegedly having an affair with a woman from their tribe. The two groups exchanged fire in which one member from each tribe was killed. 3 of the assailants managed to escape. ,RIOT
"In a protest against the ethnic clashes in Quetta on Thursday, violent mob attacked and looted shops in Gwader on Saturday.",VIOLENT_POLITICAL_DEMONSTRATION
local police station attacked by locals for failure to arrest an Afghan refugee who fled after killing 2 locals and wounding 2 others. Elders intervened and stopped the situation from getting worse.,VIOLENT_POLITICAL_DEMONSTRATION
"A volunteer of the Pakistan Qaumi Razakar was found dead in Baldia No 2. The victim was identified as Talib, son of Hashim, of Saeedabad. Police said the victim belonged to the Kutchi community, and was believed to have been killed somewhere else and dumped at a desolated place.",ASSASSINATION
Two brothers were shot dead over a land dispute in the Raib village when their rivals opened fire on them in the fields.,ASSASSINATION
"2 goats and a cow were killed in Indian firing near the Sialkot border. Indian security forces continued intensive firing on Pakistani border villages of Zafarwal, Sucheetgarh, Chaprar, Harpal, Bajwat, Bajragarhi, Charwa and Shakargarh sectors. Some houses and 4 tractors were also badly damaged.",ATTACK_ON_STATE
A young man was found murdered in Kharadar. The victim was found wrapped in a blanket in a narrow street behind Allahrakha Park with his hand and legs tied. His abdomen had been stabbed repeatedly.,ASSASSINATION
4 officials of the Punjab Constabulary were injured as a bomb was hurled at them by some unknown people.,TERRORISM
"A Hiace was forced to stop in the journalists society, Gulshan-i-Iqbal, and set on fire.",VIOLENT_POLITICAL_DEMONSTRATION
"A young watchman, Irfan, was found dead inside his rented quarter with two bullet wounds. ",ASSASSINATION
"As security forces advanced to Upper Orakzai tehsil they were attacked by militants. In the clash that ensued, 8 militants were killed and 4 injured while 2 security personnel were also injured. ",CONVENTIONAL_ATTACK_ON_GOV_FORCES
"Two policemen sustained bullet injuries in a bid to stop a gunbattle between groups of two rival sects in village Taqipur. According to area people, imam of Masjid Haq Char Char Yar in Taqipur had arranged a conference on Khulfa-i-Rashideen during which he and other speakers allegedly made remarks which were found objectionable by the people of the other sect.  A group led by one Tanvir Shah approached the area police and made imam of the mosque to wind up the conference. Some people then allegedly opened fire on the son of Tanvir Shah, which sparked a clash between the two groups.  Some people alleged that the clash started when Tanvir Shah and others beat up Maulana Shams of the rival sect.",RIOT
"Armed men opened indiscriminate fire on the house of one, Abdullah, and shot and killed a man that was present at the house. He was a relative of Abdullah. This incident followed an assassination of a father and son, with whom Abdullah allegedly had a previous dispute. Police believe this may have been revenge killing.",OTHER
"Afghan-based militants attacked Pakistani security checkposts in the Khairkai Maskini Dara areas, killing a volunteer of a lashkar and injuring a few others. Lashkars and troops repulsed the attack in a joint effort. ",CONVENTIONAL_ATTACK_ON_GOV_FORCES
A bomb exploded in a small hotel in the Rakhni bazaar. The Balochistan Liberation Army claimed responsibility of the attack.,TERRORISM
"A man was killed while a dozen sustained injuries in an exchange of fire between two rival groups in Baghbanpura. One of the group leaders, the General Councillor of ward 37, was having a meeting in his office with around 20 other people when the rival group stormed the building and started firing. A fire started when a stray bullet hit a gas pipeline. One person dies while a dozen sustained injuries. The accused who were later arrested claim that the Councillor and his group had committed a blasphemy and that they were responsible for drug-peddling as well ; Follow-up: A man who had sustained injuries in the firing incident in Baghbanpura died in the Mayo Hospital on Dec 6 raising the death toll to 2. ",RIOT
A person shot dead his wife and a school teacher on the pretext of karo-kari in Mirpur Mathelo on Tuesday,ASSASSINATION
"A mortar shell house fell on the house of one Kaki, killing 5 family members and injuring 5 others.",TERRORISM
a Pakistani soldier was killed and 11 others were injured when a bomb blast hit their truck in a tribal area near the Afghan border.,GUERILLA_ATTACK_ON_GOV_FORCES
An unidentified body was found in Nazimabad. Police believed the murder was the result of factional fighting between rival groups.,ASSASSINATION
"Highly charged PML activists stoned the district police lines, set afire old tyres, damaged the official jeep of a Punjab minister and smashed windowpanes of different shops at various places in the city during the funeral of their Lahore additional secretary general Javed Ashraf. Police had to resort to teargassing to disperse PML activists throwing stones at the police lines on Empress Road following the burial of Javed Ashraf. ",VIOLENT_POLITICAL_DEMONSTRATION
"During the strike called by religious parties against the US-led attack on Afghanistan, a person was injured in Kalri when miscreants opened fire.",VIOLENT_POLITICAL_DEMONSTRATION
Sehwan town police found the body fo a 60 year old man in front of Mazar of Lal Shahbaz Qalandar. The body had marks of torture on it.,ASSASSINATION
"Some armed members of MSF attacked the office of People's Programme, run under the PPP. They ransacked the premises and caused damage to the property. No arrests were made.",TERRORISM
An Afghan national was found dead in his rented room by unknown person/s.,ASSASSINATION
"An engraged mob consisting of MSF, PSF, SQM and other associations stoned and damaged the Pajero Jeep of MPA-Seth Muhammad Aslam while it was parked at Assistant Comissioner's Office in Khanpur on Tuesday",VIOLENT_POLITICAL_DEMONSTRATION
A young man was killed while his brother was injured by rivals in Shadbagh area on Saturday,ASSASSINATION
"A number of students were injured when a group of Sindh Peoples Students Federation (SPSF) came under attack, allegedly from a rival group, at the Islamia College. Leaders of two SPSF groups, led by Yar Muhammad Mallah and Haji Hamza Chandio, were at loggerheads with each other on several issues and a meeting had been called to negotiate the differences between then. When Yar Muhammad and his supporters entered the building premises to start negotiations, they came under fire from unknown people. Several people of SPSF were injured in the attack. ",TERRORISM
tribesmen fired rockets at checkpost in Ghori Nullah area in Dera Bugti claiming to have killed one personnel and injuring three others.,GUERILLA_ATTACK_ON_GOV_FORCES
Tariq Memon was gunned down at Doctor's Colony. ,ASSASSINATION
The bullet-ridden body of an unidentified boy was found dumped in a pond.,OTHER
The report mentions that 12 people were killed but the above mentioned incidents only account for 9 vicitims.,OTHER
A Pasban leader was shot dead by his rivals in the suburban village of Nasirpur on G.T Road. Abdul Haseeb was an advocate and president of Pasban Peshawar district. Police said the murder was a result of old enmity.,ASSASSINATION
A man was injured in a shooting incident in Saeedabad.,TERRORISM
"Five people were killed and five others injured after a US drone fired missiles into a house used as a hideout by militants in Machikhel area. Local people said that two of the missiles ripped through the house adjoining a madressah, killing five people suspected to be linked with the Taliban. The house reportedly belonged to a man named Shah Mehmood Khan, who was not there at the time of the attack.",DRONE_ASSASSINATION
A 35 year old man was found dead in the North Cantonment area.,ASSASSINATION
An activist of the MQM and his friend were both shot dead when unidentified persons opened fire on them while they were sitting in Chamba Gali. ,ASSASSINATION
Security forces killed five militants in fresh attacks on suspected locations in Salarzai tehsil of bajaur Agency.,GOV_ATTACK_ON_NONSTATE_COMBATANTS
Some people in a car hurled a grenade towards the Bugti House. The grenade exploded in near the JWP office in front of the Bugti House. Guards fired shots at the vehicle but it managed to excape. Nawabzada Talal Akbar Bugti blamed 'government agencies' for the attack.,GOV_ATTACK_ON_CIVILIANS
"On the second day of a renewed wave of violence that police saw blended with 'ethnic colour', as intense firing left a man dead while at least a dozen others were injured in Sherpao Colony of Landhi. ",TERRORISM
"A suicide bomber who was driving an explosive-laden vehicle, apparently on his way his target, was asked to stop at a checkpost. When he tried to speed away the police fired shots causing the pick-up to explode. 14 people were injured in the explosion. ",TERRORISM
"Jahangir Marzai shot his wife, Sothi when she was home alone and fled",ASSASSINATION
Zohra was shot dead by her brother on the pretext of Karo-Kari. He has been arrested and a case has been registered against him.,ASSASSINATION
"Manzooran Bibi, a mother of six, was killed by her brother, Nazar Abbas. The victim had developed 'illicit' relations with a man from the same village and the two had been caught by the Burewala police after which her husband her asked her to leave his house. ",ASSASSINATION
"Zarina was murdered by her brother, Mehdi Hassan, who suspected that his sister had developed 'illitict' relations with a man. ",ASSASSINATION
miscreants in a car fired at a checkpost near Sultanwas. Troops returned fire killing 6 militants.,CONVENTIONAL_ATTACK_ON_GOV_FORCES
"PPP workers became furious when their candidate was disallowed from the polling station by IJI workers. In the clash that ensued 6 people, including 2 policemen, were injured. ",RIOT
Twelve persons were injured when an explosive device planted in a car blew up near Wazir Dhand checkpost. The attack was suspected to target a tribal elder who was to pass through the checkpost. He was among the injured and many cars parked in the area were also damaged. ,ASSASSINATION
A bullet-riddled body was found at Nishan-i-Haider Chowk in Orangi Extension. ,ASSASSINATION
A watchman of a cargo firm was found dead in his office at Zafar Ali Road under mysterious circumstances. His body was found tied with ropes. ,ASSASSINATION
"A woman and her two alleged 'paramours' were killed by the woman's husband's nephew when he found the three together at her house. The victims were identified as Sharifan Babi, Aziz Ahmed  and Amir Alam Khan.",ASSASSINATION
A man was injured in Taroti village of Abbaspur sector as the Indian forces continued firing from across the LoC.,ATTACK_ON_STATE
Two tribesmen were killed and three others were injured when a vehicle going from Sadda to Arawali hit a landmine.,TERRORISM
"Two armed men on a motorbike intercepted a water tanker and fired at the driver. The driver lost control of the tanker and rammed into a rickshaw, killing a little boy inside and injuring his brother. The water tanker driver also lost his life. ",TERRORISM
"A scuffle between shopkeepers and personnel of anti-encroachment staff of Muzzafarabad Development Authority was followed by a baton-charge by the police which left 5 shopkeepers injured. Earlier, the shopkeepers had shown the MDA staff a court stay order but the latter had torn up the document which caused the scuffle. The chairman of the MDA, Zahid Amin, claimed that his aim was to 'liberate the town from influential politicians' who he described as a \Qabza Group\"" that had obtained illegal land allotments. """,RIOT
militants hurled a hand grenade at a police post in Shapur on the Dalazak road. No one was hurt.,GUERILLA_ATTACK_ON_GOV_FORCES
"Four people, including a policeman and a prayer leader of a police station mosque, were injured when a blast occurred in a bicycle workshop, which injured the shop owner Sharifullah and his son Aamir too. According to officials, the device was a time bomb.",GUERILLA_ATTACK_ON_GOV_FORCES
A school was blown up by militants. ,TERRORISM
A farmer was injured when the Indian forces shelled the Charwa sector across LoC.,ATTACK_ON_STATE
"Armed men opened fire at a car, killing one person and injuring 2 others. The deceased was identified as Obaid. ",ASSASSINATION
Hakim Ali and Sher Muhammad alias Sheri have a long fued. Sher Muhammad and Mukhtiar Ahmad went to Hakim's house and fired at the inmates. Two people died while one sustained major injuries. Police registered a case.,ASSASSINATION
Helicopter gunships targeted suspected militant hideouts. No further details are given. ,GOV_ATTACK_ON_NONSTATE_COMBATANTS
A man was shot dead in 36-B area of Landhi. His political affiliation was not known.,ASSASSINATION
"Two rockets were fired at a police team chasing a vehicle. However, both rockets missed their targets.",GUERILLA_ATTACK_ON_GOV_FORCES
"Two sisters were shot at by their husbands in village Nat Kalan near Ghakkhar.The sisters had returned to their parents place after being unhappy at their in-laws. The men had asked them many a times to come with them, but the sisters refused. So the accused reached their place and opened fire on both the women while they were asleep. One of them died while the other was stated to be in a serious condition.",ASSASSINATION
Four militants were killed in an exchange of fire with security forces when thei car was stopped for a a security search. ,CONVENTIONAL_ATTACK_ON_GOV_FORCES
"The students of a local degree college ransacked the Wapda office in protest over the unscheduled and prolonged spells of loadshedding in the area. They smashed windopanes and damaged the furniture of the Executive Engineer's office. District Nazim, Pir Haider Ali Shah, reached the spot and assured them that the load-shedding would be brought to an end.",VIOLENT_POLITICAL_DEMONSTRATION
"140 people from the Bugti and Marri tribes had been killed in the opeation in Karmo-Wadh area of Kahan Town, the headquarters of Khair Bux Marri tribe. It was a major operation in which both sides suffered losses. Some of the injured security personnel had been airlifted to the Combined Military Hospital (CMH) in Multan.",GOV_ATTACK_ON_NONSTATE_COMBATANTS
Mashaal Khan and his three accomplices shot dead a man and his son over a land dispute. The victims were identified as Sher Ahmad Jan and Mir Ahmad Jan.,ASSASSINATION
"Four people were killed and several others were injured in Rehri Goth in a clash between two groups over a piece of land when 20-25 persons attacked a house with firearms, batons, and sharp edged weapons.",RIOT
"Two people were killed and another critically wounded in a dispute over three-marla piece of land. Mozzam Ali with his accomplices attacked Mohammad Ali and Safdar, killing them on the spot. The police had booked nine people in relation to the incident and were conducting raids to capture them.",ASSASSINATION
"Jinsar Kharos fired at his wife, Munwar Khatoonm, and Ghazi Kharos on the pre-text of karo kari and escaped. ",ASSASSINATION
local police have recovered a decomposed body of an unknown girl from Mandipur canal Hydel works.,ASSASSINATION
"The deputy director, Balochistan Public Relations department, was gunned down by unknown assailants near Dhadar. Police suspected that a land dispute could be behind the killing.",ASSASSINATION
"Two Afghan planes violated Pakistani airspace and dropped several bombs on an Afghan refugee camp, killing 8 refugees and destroying several slum houses. ",ATTACK_ON_STATE
One militant was killed and two others were injured in exchange of fire with the security forces after they attacked a security post in Barkhlozo.,CONVENTIONAL_ATTACK_ON_GOV_FORCES
"A PPP worker and a passer-by were injured when two PML activists opened fire near the Chistia High School in Islampura. According to officials, the PPP and PML activists had argued the day before when the PPP worker was putting up PPP flags near his party's office.",ASSASSINATION
"Hundred of militants attacked security posts in Tang Khata, Kausar, Rashakai and Khazaza in Bajaur. The security forces backed by gunship helicopters and fighter jets retaliated killing 16 militants and injuring 22 others.",CONVENTIONAL_ATTACK_ON_GOV_FORCES
Constable Azhar was hit by a bullet and was seriously injured.,VIOLENT_POLITICAL_DEMONSTRATION
A landowner was gunned down and his brother was wounded by some armed men in Adilpur Village on Tuesday.,ASSASSINATION
"armed men killed Shakeel, son of Major (retired) Farhad, at a market in Hayatabad locality.",ASSASSINATION
Several PPP workers were injured and about 250 were arrested as they were protesting against the government in Parliament Square on Tuesday.,VIOLENT_POLITICAL_DEMONSTRATION
"security forces and armed tribesmen exchange gunfires in Bugti area. However, no casualties were reported.",CONVENTIONAL_ATTACK_ON_GOV_FORCES
A constable was injured when protesters pelted a police mobile with stones. ,VIOLENT_POLITICAL_DEMONSTRATION
A rickshaw driver was stabbed at night and succumbed to his injuries in hospital.,ASSASSINATION
Armed men attacked 2 Kohat University of Science and Technology students. They killed one while the other managed to escape. ,ASSASSINATION
Edhi volunteers found two bullet-riddled bodies in a park. ,ASSASSINATION
There were reports of a bomb blast but no casualties occurred.,TERRORISM
2 people were killed in a clash between Ujjan and Kaleri tribes in Khairpur on Saturday. Tribes had 15 years old rivalry,RIOT
A shopkeeper was shot dead by unidentified men in Rajgarh on Saturday.,ASSASSINATION
"Two motorcyclists gunned down one person in Sahin locality on Saturday, while motive behind this killing could not be ascertained",ASSASSINATION
At least five people were killed and four were injured in Indian shelling along LoC in Pando Area on Friday,ATTACK_ON_STATE
"Three members of a Sindhi family were gunned down when unidentified armed men stormed into their house and opened fire, killing them on the spot, while two others were injured in the attack. Police claimed that the Mohajir Qaumi Movement carried out the attack. ",ASSASSINATION
An Imambargah caretaker was shot at and injured by two unidentified men on motorcycles when he was on his way back from a general store in Mian Mir Market. He was the president of Anjuman-i-Husnainia and had been receiving threats but nothing was done about it.,ASSASSINATION
Two MQM workers were gunned down in their Turk Mohallah residence when it was raided by law enforcement agencies. The police changed their claim later and said their bodies were dumped here by unidentified men. The MQM accused the PPP (backed by Punjabi-Pukhtoon Ittehad) to be behind the killings along with the law enforcement agencies. ,OTHER
Local militants killed 6 alleged criminals as revenge for the death of their associates killed in Pandialai tehsil. ,ASSASSINATION
Unkown assialaints fired rockets at a frontier corps checkpoint blowing up a powerline but no casualties were reported.,GUERILLA_ATTACK_ON_GOV_FORCES
Hafiz Javed Ahmed was found murdered mysteriously in his bedroom in Shahdara Town. He was stabbed to death.,ASSASSINATION
Activists of the SNGPL union staged a demonstration to protest against the police for not arresting the factory owners who shot at a company official during a raid on 25-Dec-10. The protesters raised slogans against the police and set tyres ablaze. ,VIOLENT_POLITICAL_DEMONSTRATION
Unkown people fired 5 rockets damaging a microwave tower and several telephone towers disrupting telephone communication in the area.,TERRORISM
"During the general strike called by the main Opposition alliance, led by the PML-N, party workers took out a rally during which they traded bricks and bottles with PPP activists. However, no injuries were reported. ",VIOLENT_POLITICAL_DEMONSTRATION
People threw traffic out of gear and burned used tyres on roads leading to the General Bus stand and Raiwind in protest over the administration allowing factories to be built in residential areas and the killing of a minor boy and four others in a blast of a factory boiler outside Kot Rukan din Khanon. They demanded the immediate arrest of the factory owner. The crowd dispersed upon assurance by police that the owner would be arrested.,VIOLENT_POLITICAL_DEMONSTRATION
"Commission agents, labourers, vendors and transporters staged a rally to protest agains the imposition of withholding tax. After marching on streets, they arrived at Deepalpur Chowk and set tyres on fire. ",VIOLENT_POLITICAL_DEMONSTRATION
A clash between two rival sectarian groups took place over the taking out of a religious procession. The police intervened and tear gassed to rioters. Several people were injured.,RIOT
Indian shelling in Kahuta sector caused partial damage to two houses on Friday,ATTACK_ON_STATE
"Seven people were killed and eight others injured when a bomb placed in a vehicle exploded at a filling station in Shabqadar area. The bomb was said to be in a carton of 'medicines', and was handed to the driver to be delievered to a person in Anbar bazaar. Local Taliban claimed responsibility for the attack, and said that the explosion was a warning to the people of Anbar who had raised an anti-Taliban Lashkar. They warned that more attacks would follow if if the Lashkar was not disbanded. ",TERRORISM
A person shot dead his wife and his neighbour on the pretext of karo-kari in Yaro Lund on Sunday,ASSASSINATION
"Three minibuses, two buses, and an Ilyas coach were set on fire in Korangi.",VIOLENT_POLITICAL_DEMONSTRATION
Two rival groups clashed over a piece of disputed land. There was an exchange of gunfire. The police reached the scene and dispersed them by firing aerial rounds. One passer-by was killed.,RIOT
A girls government school was partially damamged when militants tried to blow it up in the Kalanga Akakhel area by planting an IED. ,TERRORISM
Six unidentified armed persons attacked a police party near Kot Nawab,CONVENTIONAL_ATTACK_ON_GOV_FORCES
Rocket shells were fired in Cantonment area from the Koh-Murdar on Monday. No casuality was reported,TERRORISM
The four-room building and all the records of a government primary school were destroyed when militants planted explosives and detonated them. ,TERRORISM
"A Moharram procession was taken out from Mohalla Phool Shah and was heading for Mohalla Thala in Town of Tank, a device exploded in nearby graveyard when the procession was passing near it. The blast triggered a stampede as the processionist ran about in different directions. the IGP said police had not found any sharpnel near the site and could not determine the nature of explosive device.",TERRORISM
One Girdari Lal was shot and injured by nuidentified gunmen in a moving car.,ASSASSINATION
Official of the PGMI and SIMS clashed over occupation of rooms in the office building. Furniture was thrown out and damaged.,RIOT
Seven militants and one soldier was killed and several others were injured when military attacked the militant positions in Swat.,GOV_ATTACK_ON_NONSTATE_COMBATANTS
Militants attacked a security checkpost with mortars but security personnel managed to repulse the attack. 1 soldier was injured while 5 militants were killed. ,CONVENTIONAL_ATTACK_ON_GOV_FORCES
"A man was killed by his own collegues and a watchman injured when five armed men tried to kidnap a school principle. Upon resistance by the watchman, one of the kidnappers was killed by his collegues' firing, while the watchman himself was injured.",OTHER
"Following the assassination of Syed Raza Haider, the MQM announced a 3-day mourning period. Two official vehicles of government departments were torched while miscreants also tried to set on fire a truck on Ring Road. ",VIOLENT_POLITICAL_DEMONSTRATION
A young son of a 'peshiman' of a mosque and his friend were killed when unidentified men opened fire on them from a moving vehicle while they were at a club near Masjid-i-Ahbab. ,ASSASSINATION
"2 car bombs exploded with a 30 min. interval. The first explosion was of a mild intensity and the car used was not stolen. Police believed that a time-bomb with magnet was planted in it after it was parked. The second car which blew up, a golden Honda city, was parked a few feet away. Follow-up: According to the Infromation Minister, Al Qaeda may have a hand in the explosions as such an organised attack could not be done by just locals. However, the police suspect supporters of Harkatul Mujahideen Alaami, a gang of militants, who unsuccessfully tried to blow up President Pervez Musharraf's motorcade in Karachi in April 2002 and detonated a car bomb outside the US consulate two months later, killing 12 Pakistanis.",TERRORISM
"Blasts, caused by some explosives, occurred in different parts of Larkana. The blasts occurred at Railway Station, Municipal committee building and bus stand. No loss of life was reported.",TERRORISM
"a man and his wife were shot dead in their house in Rawalpindi. Mahommad Hanif, deceased, had come to Pakistan from England 15 days ago. The reason behind the killings is still undetermined.",ASSASSINATION
"Mohammad Hussain, a young man, axed his sister, Hamidaan Bibi, to death for allegedly having 'illicit' relations with a man. ",ASSASSINATION
"militants shelled a paramilitary base, the security forces returned fire in retaliation.",CONVENTIONAL_ATTACK_ON_GOV_FORCES
Militants blew up the Government Girls Primary School in Sheraki area. ,TERRORISM
Security forces raided a house in Bhai Korona area and killed two militants when an exchange of fire ensued. ,GOV_ATTACK_ON_NONSTATE_COMBATANTS
"Jet fighters targeted Nari Baba which is a base of Lashkar-i-Islami, killing eight LI members. Some people kidnapped by the LI were also reported to have been killed. LI spokesman, Haji Zar Khan denied the killing of any LI members. ",GOV_ATTACK_ON_NONSTATE_COMBATANTS
The body of a boy was found from canal in Lahore on Friday. ,OTHER
Ijaz Ahmed shot at and injured his aunt allegedly for developing illicit relations with a man. ,ASSASSINATION
"The worsening power crisis, triggered violent demonstrations across Punjab. In Bahawalnagar, protesters stormed the office of an MPA and caused damage. They burned tyres, pelted stones and raised slogans against the government in various localities. ",VIOLENT_POLITICAL_DEMONSTRATION
"Three armed men attacked people coming out of a mosque after Friday prayers in Orangi Town, killing one and injuring another.",TERRORISM
Two policemen were shot dead in M.A Jinnah road by unknown assailants on Saturday. The victims were sub-inspectors Muhammad Rehan and Muhammad Nisar,CONVENTIONAL_ATTACK_ON_GOV_FORCES
At least 20 dock workers were injured in a clash between rival labour groups at the Karachi Port Trust after a dispute over the loading of rice cargo.  The violence erupted after a KPT union opposed the deployment of outside workers for the loading of the rice.  The injured were taken to the hospital and police arrested nine workers from both groups.,RIOT
"The Rangers' post at Fakir Ka Pir was attacked with crackers twice, however, no one was reportedly injured. ",VIOLENT_POLITICAL_DEMONSTRATION
A girl was killed while an infant was injured as the Indian shelling continued from across the LoC in to the Chakothi sector.,ATTACK_ON_STATE
A person lost one of his legs in a landmine blast on Friday,TERRORISM
Two people were injured in Dharra village in Kotli as the Indian forces continued firing from across the LoC.,ATTACK_ON_STATE
"Three worshippers were injured when masked men opened indiscriminate firing on Taraweeh prayers in a local mosque. The firing created a stampede at the place, and the accused managed to escape.",TERRORISM
"An Assistant Commissioner , his daughet and his guard were shot dead by unidentified gunmen. The killings spread panic in the city and Tehrik-i-Jafria Pakistan announced a strike. ",ASSASSINATION
"The activists of the Muttahida Qaumi Movement (MQM), sustained bullet injuries when unknown persons opened fire on them after polling was closed. ",TERRORISM
a bomb went off near schoool building in Mir Ali injuring one  soldier.,GUERILLA_ATTACK_ON_GOV_FORCES
"A few hours after the murder of a local builder in Gulistan-i-Jauher, some unidentified people took to the streets, fired into the air, forced shops to close, suspended traffic and set six cars on fire. The police claimed the the original murder was due to personal enmity . ",TERRORISM
"The police intercepted three people, Asif, Asif and Irfan, allegedly as they were about to open fire on a police contingent. ",CONVENTIONAL_ATTACK_ON_GOV_FORCES
"A former head of district bar association, along with the help of some 25 armed accomplices, beat up a rickshaw driver for daring to ask him to park elsewhere. When the shopkeepers tried to intervene in the matter, they were subjected to torture too.",OTHER
Shahud-ul-Hasan was shot dead and three others were seriously injured when miscreants fired a volley of bullets at a local hotel in Unit No. 10 in Liaquatabad. No other detail was given.,TERRORISM
"Five armed men opened fire at their rivals near a filling station. Reacting quickly, the men returned fire and killed all the five attackers and a passerby. The shootout also resulted to three injured seriously. Two cars and filling station of one of the rival groups was also torched. police have registered a case against the groups.",RIOT
"Amir Razzaq, an MQM activist, was shot dead by armed motorcyclists outside a barbecue shop. ",ASSASSINATION
"Around sixty to seventy armed Bugti tribesmen stormed Bugti Colony police station. They killed one cop, injured 2 and kidnapped 4. They also took huge quantities of ammunition. After fleeing from the police station, they let the kidnapped policemen go. The police and Bugti tribe have clashed previously as well.",CONVENTIONAL_ATTACK_ON_GOV_FORCES
Hazara bridge linking Mingora with Kabal tehsil was blown up by unknown miscreants. The bridge was blown up three times last year.,TERRORISM
Some 20 to 25 young adults attacked a PRTC bus full of passengers that was coming from the Civil Secretariat. They attacked it with bricks and stones and injured two children. The Police Emergency Squad arrested one person. ,TERRORISM
"Following the attack on ANP activists in Gullistan-i-Jauhar, some unidentified people set ablaze a bus on Monday in Pehalwan Goth.",TERRORISM
"Assailants, in a Suzuki hi-roof bearing official number plate, opened fire at the participants of a MMA-led funeral prayer. This resulted in the participants panicking and throwing stones at the car. The assailants left the vehicle behind and ran awary. 2 Rangers rushed to the area, however as they were approaching, they were also pelted with stones. This resulted in shooting and Abu Aala got injured.",RIOT
"The strife-hit areas of Karachi witnessed renewed violence, as unidentified miscreants set fire to five roadside tea stalls and food outlets and half a dozen pushcarts in Surjani Town's sector 4-A, 4-B and 7-A.",TERRORISM
"Two brothers with the help of two companions shot dead a tea stall owner, Akram, on the Railway Road.  The people of the area protested against the incident and blocked the G.T Road by burning tyres.",ASSASSINATION
"Two persons were shot dead by unknown assailants, when they were fired upon while sleeping. Motive behind the killings was not ascertained and the villagers claimed they had no enmity.",ASSASSINATION
"Allegedly, the SHO and his subordinate unlawfully picked up a lecturer of the Faisalabad  Government College University, his father and brother and tortured them. The lecturer claimed that they were tortured to please their political rivals. In an inquiry the accused policemen stated that they had aided the lecturer in a timber theft case. A case was registered against both the SHO and his subordinate.",GOV_ATTACK_ON_CIVILIANS
"A prayer leader, maulvi Qaimul Zaman, was killed by eight armed assailants at his house in kabal tehsil, Swat.",ASSASSINATION
"Two armed men gunned down Jamilur Rehman Abbasi, a former unit in-charge of the Muttahida Qaumi Movement in the Phulleli area. He had been recently released from prison regarding a murder case charged against him",ASSASSINATION
Militants attacked a security checkpost. No further details given,CONVENTIONAL_ATTACK_ON_GOV_FORCES
"A police party, headed by Sub-inspector Liaquat, reached Pipal house to record a statement of Javaid Warraich, brother of MPA Khalid Warraich who's body guard had just been shot. Jawaid Warraich had brought the injured body guard to Pipal House as well.  As they (it is not clear who) were arguing, someone opened fire, killing a constable, and injuring an ASI and an SHO. ",OTHER
Two men were injured in Kotli Khumbah village as a result of intense Indian shelling from across the Line of Control.,ATTACK_ON_STATE
In an exchange of fire between two groups of the Brohi clan in Sabaz Ali Brohi village as a result of a dispute over sharing of irrigation water caused injuries to 13 people. ,RIOT
Unidentified men opened fire on a helicopter in the Akakhel area as it was returning from Orakzai. The helicopter also returned fire and targeted militant hideouts. ,CONVENTIONAL_ATTACK_ON_GOV_FORCES
"The students of Islamia College under the banner of Muttahida Talaba Mahaz, smashed window panes of three hostels, damaged a college bus and pelted the police with stones while protesting anti student policies by the administration. The police resorted to the use of tear gas and baton-charged the students to batter down the protest. No injuries were reported. Three student leaders were also arrested.",VIOLENT_POLITICAL_DEMONSTRATION
"Unidentified assailants have killed four people, including three women, of a family after entering their house in the guise of women. The reason behind the killing is unknown.",ASSASSINATION
"Suspected militants attempted to blow up a bridge in North Waziristan. According to the police, a local boy informed them of the remote controlled device planted underneath the Kachkot bridge. The bomb disposal squad defused the bomb. Military convoys frequuently use that bridge.",GUERILLA_ATTACK_ON_GOV_FORCES
"A bomb blast in the Gaddai market suspended the inter-provicial traffic. The bomb however, did not cause any casualty",TERRORISM
Two people- Sadiq and Munir- were injured when their opponent group attacked them outside a polling station in Gulberg.,RIOT
"A young unidentified man was killed in an encounter with the police. The police reached Shadman Town on a tip off that some youngsters were resorting to firing in the area. When the police arrived there, they had an exchange of fire in which one youngster was killed.",TERRORISM
Polling was suspended at polling stations in Taj Muhammad Abbasi village due to clashes between the supporters of rival candidates.,RIOT
"Following multiple murders in quick succession in the city, angry residents demonstrated against the local administration for their inability to curb the rising crime wave in the city. The protesters damaged public property including street lights and sign boards and chanted anti-government slogans. ",VIOLENT_POLITICAL_DEMONSTRATION
"Mohammad Sharif and his father, Sikandar were killed by their rivals when they were working in their fields. The reason behind the attack is stated to be an old land dispute between the two baradris",ASSASSINATION
"a bomb attacked to a motorcycle exploded in the Defence Officer's Colony, killing one person.it is unclear if the man that died was a suicide bomber or someone else. A car and some windows were also damaged.",TERRORISM
two men who had been kidnapped from the Kohat-Parachinar road were found near Alizai. The two men had been kidnapped when they were going to the Kurram Agency.,ASSASSINATION
A Datsun pick-up was torched. ,VIOLENT_POLITICAL_DEMONSTRATION
An armed clash between mebers of the Shar and Jagirani tribes took the lives of three people.,RIOT
A man was wounded in Sniper firing in Orangi Town.,TERRORISM
There were several scuffles during polling and some injured had to be hospitalized. There were also reports of arrests of some miscreants.,OTHER
Zulfiqar Hussain was shot at and injured by undentified gunmen.,ASSASSINATION
"Balochistan Minister for Labour and Manpower, Maulana Mohammad Sarwar, allegedly attacked Mohammad Ilyas Lashari with a knife and kept him in captivitiy for several hours at the former's residence. Lashari, a senior government official at the Communication and Works department, claimed that the minister invited him to his house and asked him to not take up the position he had been transfered to by his department. When Lashari refused, the minister attacked him. The accused has denied the allegations",OTHER
"two armed motorcyclist gunned down three people, Roshan Ali, Shaib Dina and Fida Hussain, and injured five other when they opened fire on a tractor-trolley which was headed to Fatehpur.the injured were taken to the hospital where two of the injured were said to be in critical condition. old enmity is said to be cause behind the attack.",ASSASSINATION
a shootout between two rival sectarian groups during a Tazai procession left 13 people including a police constable injured. The clash began when members of one sect attacked the other. The police arrested a number of people after the incident. 4 shops were set on fire and 2 others were damaged.,RIOT
An SSG commander was killed and three others injured in an attempt to enter the mosque and put an end to the Lal Masjid controversy. Scores of militants had taken over a mosque and held many students hostage. The Pakistani government was making efforts to to crack-down on the militants of the Lal Masjid during these days.,GOV_ATTACK_ON_NONSTATE_COMBATANTS
"The decomposed body of an unidentified man, around 35 years old, was found lying on garbage.",ASSASSINATION
"Suspected militants launched 2 simultaneous attacks on two military checkposts. According to Brig Mehmood Shah, the militants launched the attack with mortars, rockets and machine-guns. The soldiers called for reinforcements. At least 9 FC soldiers, 6 Pakistan Army soldiers, 20 suspected militants, 3 civilians, and 1 Khasadar were killed. At least 10 paramilitary soldiers were injured. 1 militant was captured.; Follow-up: The government has claimed to have retrieved four more bodies of foreign militants, taking their overall death toll to 22.",CONVENTIONAL_ATTACK_ON_GOV_FORCES
"Students of local institutions blocked traffic to protest against the 'attitude' of transporters that operated on Hakkar Road. The protest turned violent whent he police tried to intervene and open the  road for traffic. The students attacked the police with stones and clubs, leaving 5 policemen injured. ",VIOLENT_POLITICAL_DEMONSTRATION
"A spiritual leader and his son were gunned down in broad daylight when unidentified assaialants opened fire on them while they were sitting outside their house in Iqbal Colony. SSP, Malik Ahmed Raza claimed the slayings may have been the result of the 'Gaddi' dispute. ",ASSASSINATION
Two bombs planted in a drain near Taj Chowk by militants were defused by bomb disposal personnel. The timely action of the police averted a sabotage attempt which might have caused huge losses to life and property.,TERRORISM
"Another gunman of the PML-J MNA Chaudhry Amjad Ali Warraich was murdered when 5 assailants opened fire on him in Kaleki. Two months ago, another gunman of the MNA was killed in a similar attack and the case was registered against the PPP MNA, Chaudhry Muhammad Ilyas Jat for abetment.",ASSASSINATION
"Sialkot's Peoples Youth Organization vice president, Khadim Husain, was murdered in his house by some unidentified people. The motives behind the murder were not mentioned in the report.",ASSASSINATION
Three PPP workers were attacked by a local PML councillor and his accomplices. The workers were beaten up and taken to PML office  but were released later. No arrests were made.,TERRORISM
"protesters resorted to blocking roads, tyre burning and aerial firing in protest to the killing of the three Baloch leaders in Turbat.",VIOLENT_POLITICAL_DEMONSTRATION
"A suicide bomber rammed his explosive ladden jeep into a check post near Thall, killing himself and three other paramilitary soldiers and injuring 16. ",GUERILLA_ATTACK_ON_GOV_FORCES
2 women and 2 children were killed when a mortar shell hit a house in an Afghan refugee camp in Ghamkol area as security forces intensified attacks on militants' hideouts in Darra Adamkhel. 4 other members of the family were injured.,GOV_ATTACK_ON_NONSTATE_COMBATANTS
An exchange of fire between rival groups in Malir left at least 2 people injured. Sporadic incidents of firing were reported from the area amid high tension. ,RIOT
" Frontier Corps backed by warplanes, helicopter gunships, tanks and artillery pounded suspected hideouts of militants in 5 villages of Lakaro and Pandyali tehsil, sadi to be the strong hold of Tehrik-i-Taliban's Mohmand chapter.3 civilians were killed while 12 civilians were injured.",GOV_ATTACK_ON_NONSTATE_COMBATANTS
It was alleged that police beatup a student of the Chemistry Departement when he was discussing the problems and the demands of the students with the Vice-Chancellor. Following the incident the students boycotted classes in protest. ,GOV_ATTACK_ON_CIVILIANS
A Tehreek-i-Jafria Pakistan leader was shot dead in Haroonabad by two motorcyclists. The attack occurred when the deceased was about to enter a mosque to offer Maghrib prayers.,ASSASSINATION
"Agha Mahmood Ahmadzai-a local leader of BNP-M was gunned down by unidentified men in Kalat on Monday. After firing, his vehicle got out of control, hitting and injuring two men.",ASSASSINATION
2 security personnel were injured in firing by miscreants at the circuit house in Mingora.,CONVENTIONAL_ATTACK_ON_GOV_FORCES
"nine people, 5 policemen among them, were injured when a suicide attacker rammed an explosive-laden motorcycle into a police van. ",GUERILLA_ATTACK_ON_GOV_FORCES
militants attacked a cargo terminal of Nato and damaged four containers as well as the office at the terminal.,TERRORISM
An attempt to attack an Imambargah in Hazara Town failed as the explosives being carried by the suspected bomber exploded prematurely. The suspect was identified as Pervez Noor of Dera Allahyar town in Jaffarabad. ,TERRORISM
"A home made blast at Habib Bank Shershah branch caused extensive damage to the bank. There was, however, no casualty. Police was investigating.",TERRORISM
"police baton-charged protesters of Baloch-Para who were protesting against shortage of water in their area. They ransacked the office of the taluka nazim, personal assistant of the taluka nazim, naib nazim, taluka municipal officer, meeting hall and other offices. three people were injured while breaking the glass of the offices. the protesters burnt tyres on the M.A Jinnah road. police reached the spot and baton-charged the protestersat the Mirza Mansoor Baig Chowk. 13 protesters were arrested.",VIOLENT_POLITICAL_DEMONSTRATION
A gwadar police official was killed and two others were injured in grenade attack on a police officers house when two motorcyclists threw a grenade and fled.,GUERILLA_ATTACK_ON_GOV_FORCES
A man was shot and wounded in the Phuleli area.,TERRORISM
"A doctor, his wife and their two month-old baby were found dead at their residence in Mayo Hospital.",OTHER
"Following the targeted killing of ST worker Islamuddin, intense gunfire took place in the area which forced shopkeepers to pull down their shutters. The report claims that a police van came across the 'armed riders' and in the exchange of fire that followed, injured and arrested one of them. It is not clear if the armed riders were the assassins or the the people that resorted to gunfire after the assassination. An bystander was also injured in the exchange. ",OTHER
The office of a student group at Adamjee College was ransacked by rival students. Furniture was broken and slogans scribbled on the walls against the 'leader' of the group. The APMSO condemned the incident and blamed its rivals for the incident.,TERRORISM
Two people died when an explosive device went off. It could not be ascertained whether they were tried to plant the device or carrying it but they were almost certainly militants. ,OTHER
"Former activists of PSF shot and killed the father of Shah Zeb, an IJT worker who they had kidnapped but who had managed to escape. Following Zeb's escape, the former PSF men - Yahyah Gujjar and his accomplices - went to the former's house and upon being told that he was not there they shot dead his father Raja Aurangzeb. The victim was a worker of the Al-Hamd Textile Mils. ",TERRORISM
"Security forces attacked militant hideouts, destroying 4 hideouts and kiling 11 militants. 6 militants were also injured. Independent sources however put the death toll at 3. ",GOV_ATTACK_ON_NONSTATE_COMBATANTS
"Two men on a motorbike opened fire on Naimatullah alias Mohan Bengali while he was travelling in his car. Naimatullah, a PPP worker, was killed while his female companion was injured. It was reported that the cause could either have been a property dispute the victim had or his political affiliation. ",ASSASSINATION
"A hawker of the general bus stand, Nazir Husain, was stabbed to death by three people. Police claimed to have arrested the three killers, Muhammad Aslam alias Kala, Shafaat and Rana Iftikhar Ahmad.",ASSASSINATION
The bullet-riddled body of a Haqiqi activist was found in a car in Shamsi Society. ,OTHER
The body of a 35-year old man was found lying in a field near Nishtar Colony police station. Police said it was almost decomposed.,OTHER
Communites affected and displaced by the Pehur canal demonstrated to get jobs and compensation. The police baton charged them and arrested six people.,VIOLENT_POLITICAL_DEMONSTRATION
"Following a clash between two BSO factions the day before, another clash erupted when supporters of one faction who were 'outsiders' entered the college premises and resorted to aerial firing before installing themselves in strategic positions. Students of the other faction, who were in classrooms on the first and second floors, returned fire and the exchange continued for about 30 minutes before the police moved in and used tear gas shells to disperse the groups. BSO (Yasin Baluch) accused their rival faction, BSO (Soheb) of initiating the clash and claimed that one of its members had been injured while the BSO (Soheb) claimed that 3 of its supporters had been injured. ",RIOT
Traders of Local Timber market observed strike and staged a demonstration against the growing theft incidents in the area by burning tyres and chanting slogans against the police. ,VIOLENT_POLITICAL_DEMONSTRATION
Three security personnel were injured when their vehicle hit an IED on the road near Gora Qabristan in Miramshah. ,GUERILLA_ATTACK_ON_GOV_FORCES
The Chenab Rangers thwarted two major attempts by the Indian Security Forces to fence the Sialkot Working Boundary in the Bajwat and Jammu sectors. They destroyed two big Indian defensive pillars.,GOV_ATTACK_ON_CIVILIANS
There were several incidents of violence on the eve of the union council polls. A gang of miscreants intercepted and set a passenger coach on fire.,TERRORISM
A man was injured in a shooting incident in North Nazimabad.,TERRORISM
A villager was killed in a landmine explosion in Dera Murad Jamali.,TERRORISM
an unidentified man was killed in a blast on the Ghulam Khan road. Officials said the man was planting a remote controlled device when it exploded and killed him on the spot.,TERRORISM
"A People's Party activist was kidnapped, tortured and killed and his body was found from a graveyard in the Orangi. His family claimed that ten armed men had raided the house and kidnapped him the day before. ",ASSASSINATION
One private vehicle was set ablaze by unknown men in Saddar on Friday.,TERRORISM
"Two students were hurt when students with two different political viewpoints took out a procession. Both the groups clashed with stones, knives and clubs. The police, reprortedly did not intervene.",RIOT
"A senior government official and his friend were injured when an explosive device resembling a hand grenade was hurled into his house. The official, Junaid Shah, who was a deputy director-general in the communications department was haing tea with his friend Malik Shaukar Ali, a Pakistani origin British national, when the event occured. ",ASSASSINATION
"12 people were injured when supporters of Legislative Assembly Speaker, Mumtaz Hussain, belonging to the Muslim Conference turned violent. They pelted the police with stones and the police tear gassed them. They were protesting gainst the filing of a no-confidence motion against the Speaker.",VIOLENT_POLITICAL_DEMONSTRATION
"2 auto richshaws, a truck, a minibus and a small van were set on fire by unknown men in Nazimabad Area on Sunday.",TERRORISM
Protesters clashed with police and pelted the police vans with stones. They were protesting against the alleged kidnapping and torture of a maid and her husband by their employers.,VIOLENT_POLITICAL_DEMONSTRATION
Walls of the local social welfare department office and the women's Pardah Club were damaged when a bomb exploded in the area.,TERRORISM
the guest house of one Hameedullah Takhtbhai was set on fire.,TERRORISM
"Over hundred suspected militants attacked a police check post in the Badabher area and set the two room building on fire. However, the police was allowed to leave the post. On the other hand, the Superintendent of Police stated that the police post was attacked by criminals impersonating as militants.",TERRORISM
Armed clashes between two rival student groups took place in Government Post-Graduate College Bannu as a result of which one student was injured on Wednesday.,RIOT
Paramilitary troops stopped a suspected car. The two suspects in the car opened fire but were shot in the retaliatory fire by the troops.,OTHER
"Ali Raza, a resident of Frontier Colony, was shot dead by two men on a motorbike. ",ASSASSINATION
At least 7 people were brought to the LMC Hospital with bullet or knife injuries as firing in the air continued through the night. ,TERRORISM
two vehicles were partially damaged when miscreants set them on fire.,ASSASSINATION
"On the call of Jeay Sindh, the students of Sukkur, Ghotki and Pani Akil boycotted classes. In Sukkur the Jeay Sindh students blocked roads and burnt tyres . However, the police dispersed them. They also resorted to firing in old Sukkur area. Many vehicles were also stoned. The reasons behind the strike call were not mentioned in the report.",VIOLENT_POLITICAL_DEMONSTRATION
An unidentified body was found stuffed in a gunny bag. ,ASSASSINATION
The chopped body of a shopkeeper was found from a bag in River Ravi in Bashira Village on Friday.,ASSASSINATION
election to 113 union councils of Kasur district were held amid reports of of violence which left scores of people including Ganda Singh SHO injured.,OTHER
"Two groups of Sabzoi and Sawand clansmen clashed over a land dispute , killing 3 people. ",RIOT
"A suicide bomber exploded a vehicles near a highly-guarded checkpoint, killing 10 people, 2 of which were children and 3 policemen, after being stopped for checking at the post on Matta road, which was a militant stronghold. Major Amjad Iqbal stated that it was a desperate act by the defeated militants.",GUERILLA_ATTACK_ON_GOV_FORCES
Fire crackers exploded in various areas of the town causing panic.,VIOLENT_POLITICAL_DEMONSTRATION
The body of a new born baby girl was found in a polythene bag thrown in a plot.,OTHER
An unknown man came to Asghar's General Store and opened fire on Asghar and fled. Asghar was injured and the motive behind the incident could not be ascertained.,OTHER
"A prayer leader of the Masjid Al Banat, was shot and killed when unidentified persons opened fire on him in Tetley, killing him on the spot. The Qari was said to have taught girls at a moque. ",ASSASSINATION
Two blasts were reported in the Mastung town. A tower of a private cellphone company was damaged in one of the explosions. The exact location of the second blast could not be ascertained,TERRORISM
Irshar Patwari was killed by unknown assailants over a land dispute. ,ASSASSINATION
An army man was found strangled outside the Lahore Fort. Lance Naik Tariq Hussain of 8th Azad Kashmir Regiment was posted at Head Sulemanki in Okara district and had come to Lahore to visit his brother-in-law.  Police suspected he was strangled by a cloth.,ASSASSINATION
"The TJP took out a rally to protest against alleged government excesses against TJP supporters. They claimed that ever since Mr Watoo had taken over as Punjab Chief Minister, excesses against the Shia communnity had increased. They also demanded certain measure to be taken against the SSP and urged the Federal Government to take notice of the 'partisan attitude' of the Punjab Government. The processionists 'gave a sound beating to three suspected persons' and handed over to the police. ",VIOLENT_POLITICAL_DEMONSTRATION
"Armed motorcyclists opened fire at Asad and Farooq, who were working at a shop, killing them on the spot. One person was injured in the attack. The police claimed that it was a case of targeted killing.",ASSASSINATION
A man killed his sister and her alleged parampour for having illicit relations. The headline mentions three people being killed but the report mentions just two.,ASSASSINATION
The Chenab Rangers thwarted a major attempt by the Indian Security Forces to fence the Sialkot Working Boundary. They destroyed the two pillars erected by the Indians.,GOV_ATTACK_ON_CIVILIANS
"The MQM coordination committee alleged that Muhammad Aslam, the brother-in-law of MQM chief Altaf Hussain was arrested and subjected to torture in Adiyala Jail. ",GOV_ATTACK_ON_CIVILIANS
Three rockets were fired on a camp in Makin area bordering the two waziristan agencies.,CONVENTIONAL_ATTACK_ON_GOV_FORCES
Soliders attacked a police station after two army men were arrested and questioned by the police.The soldiers attacked the policemen injuring atleast three.,RIOT
Masked men shot dead Mohammad Jamal and fled. No further details given. ,ASSASSINATION
"Police killed two militants after they opened indiscriminate fire and injured two policemen when their car was asked to stop for search on the Hassah Bridge in Balakot. DIG Syed Imtiaz Altaf claimed police had information that terrorists planned to target Friday  congregation at the main mosque in Balakot. Police encountered more gunfire from the mountains by militants placed there to give support to the suicide mission, however, it died soon. Suicide jackets and explosives were recovered from the car.",TERRORISM
"The house of Dr Mahmooda Sultana, wife of MQM supporter Shaikh Liaquat Hussain, was attacked my armed assailants who opened fire at it. Dr Sultana claimed that the attack as aimed at killing Amir Liaquat, editor of the daily Parcham, who was not home at the time of the incident. In the firing incident at the Parcham office 2 days ago, where a manager was killed, it was also claimed that the target was the editor. ",ASSASSINATION
A 22 year old man was shot dead at his doorstep by two unidentified assailants.,ASSASSINATION
A man killed his daughter for marrying out of her own choice. The police arrested the man.,ASSASSINATION
2 people were killed and 3 were injured in a clash between two rival groups in Shahbazkhel on Sunday.,RIOT
"Talib Hussain was killed by his 4 armed relatives in village Lakho, Kahna, over a property dispute.",ASSASSINATION
"Enraged activists of the JSQM took to the streets in various areas of Sukkur, barricaded highways, burnt tyres to vent anger against the arrest of their leader by the law enforcement, demanding his release. A complete shutter-down strike was observed.",VIOLENT_POLITICAL_DEMONSTRATION
"The decomposed body of Amanullah- son of Juma Khan, of Jhok Qureshian- was recovered from a forest by the Gomal University police.",ASSASSINATION
5 bullet-ridden bodies were found with a note attached claiming that they were US spies and that any other person caught spying would meet the same fate.  2 other bodies were found in Qutabkhel area and Mirali Bazar which are assumed to have suffered a similar fate. ,ASSASSINATION
the Mehsud Scouts impounded a vehicle and arrested a militant after an exchange of fire with militants fleeing from the Chapari area.,GOV_ATTACK_ON_NONSTATE_COMBATANTS
A man killed his wife outside his residence. He claimed that his wife was trying to flee the residence which Is why he opened fire on her. He later surrendered himself to the police.,OTHER
Three minor sisters were found murdered on the second storey of their house by their grandmother. Their father was a proclaimed offender and mother was absent. The motive behind the killing could not be ascertained. ,ASSASSINATION
Military spokesman Major General Atthar Abbas claimed that 21 terrorists had been killed during the succesful take-over operation in Kotkai over the span of two days while three security personnel laid down their lives with another eight wounded.,GOV_ATTACK_ON_NONSTATE_COMBATANTS
"A 10 year old girl was in the field with her cattle along the LoC in Mandhar village when picked up a \mine-like\"" device hiding in the bushes. This device exploded, blowing her hands off.""",OTHER
"the civil lines police found the body of a man, Fahim Anjum, lying in a nullah at Gulistan Colony.",ASSASSINATION
"A worker of MQM, Azeem, was shot dead while passing through Sector 36-B in Landhi.",ASSASSINATION
A Pesh Imam of a mosque was found murdered in his Hujra in Mosque in Liaqatabad on Saturday. ,ASSASSINATION
"A low-intensity blast, presumably caused by a cracker, partially damaged a shrine and injured two 'devotees'. It not be determined if the explosive device was flung from outside the shrine or if it was planted inside. ",TERRORISM
"A head constable was killed in Khuzdar by unidentified gunmen. Later, a man identifying himself as the spokesperson of Baloch Liberation Army claimed the responsibility for the attack.",TERRORISM
"Mohammad Ashraf, a PPP, a leader of IJI was stabbed to death and his son injured allegedly by PPP workers in a dispute over pitching of an election camp. Six PPP workers were arrested.",ASSASSINATION
"3 people were killed and 4 others were injured when a shell exploded inside a house in the Janet Shah village. The explosion occurred in the house of a scrap dealer. As the defused shells were collected from the conflict zone, the acrap dealer may have stored the shell.",OTHER
Tribal volunteers backed by gunship helicopters attacked the militant hideouts killing 10 militants an injuring 8 others.,GOV_ATTACK_ON_NONSTATE_COMBATANTS
"Five people, including two policemen, were injured when two persons riding a motorcycle hurled a hand grenade near a small road side restaurant. The police added that the imam of the BMC mosque was amongst the injured, and that the attackers had used a home-made device. ",TERRORISM
A blast occurred in a fruit vendors push-cart in front of the Old Kotiwali. The local Bomb Disposal Squad said it a was a home-made low intensity bomb.,TERRORISM
Two tribes exchanged a fresh wave of violence on an on going clash lasting 11 years.,RIOT
"8 militants were killed and 3 soldiers were injured as militants attacked a checkpost in Ghelju Area, Upper Tehsil on Saturday. A vehicle was also destroyed in the exchange of fire.",CONVENTIONAL_ATTACK_ON_GOV_FORCES
Protesters blocked the Sialkot Daska Road for many hours to demand action against the failure of the police to protect them from ruffians. They burnt tyres and pelted stones.The deputy commissioner and the SSP rushed to the scene and assured of a timely action.,VIOLENT_POLITICAL_DEMONSTRATION
"A grenade was thrown at Faqirabad mosque during Isha prayers, killing 1 and injuring at least a dozen others. Soon after the incident, Sipah-i-Sahaba Pakistan workers blocked a road to protest the attack. They also anounced a shutter down strike.",TERRORISM
An unidentified bullet riddled body of a young woman was found at Islam Chowk in Orangi Extension Area. ,OTHER
"Two people were killed and several injured in a bloody clash between two rival tribes in Jamrud. The clash broke out over the privileges granted by the political authorities to two clans of Zakakhel, one led by Malik Darya Khan and the other by Malik Mahmood Khan. Heavy weapons, including mortar guns and rocket launchers were used by the clashing groups.",RIOT
"Two motorcyclists opened fire at a car carrying Dawat-i-Islami chief,Maulana Muhammad Qadri. One of his companions was killed on the spot while another was injured and rushed to the hospital where he succumbed to his injuries the next day. The Dawat-i-Islami chief, who was on his way to the airport to catch a flight to attend a meeting of the Milli Yakjehti Council.",ASSASSINATION
A blast in the Court premises killed an elderly man.,TERRORISM
"militants fired 12 missiles on Khar. Two landed near the Bajaur Scouts Camp, two outside the officers' colony, one near a higher secondary school and the others hit civilian areas. One woman and two children were killed.",TERRORISM
"Amanat stabbed his younger brother, Karamat, and his wife and two children to death over a property dispute. The bodies were thrown in Upper Chenab Canal and had not been retrieved. ",ASSASSINATION
An unidentified young woman was shot dead by unknown men in Bahadarabad. The motive behind the murder was not known.,ASSASSINATION
"a suicide bomber on a motorcycle hit a bus carrying employees of the Kahuta Research laboratories at Choor Chowk on Peshawar Road, injuring more than 40 people. Windowpanes of several nearby buildings were smashed. At least 10 vehicles were damaged. The attack was described by the people as a grave breach in secuirty in the garrison city.",TERRORISM
fierce clashes between the security forces and the taliban militants loyal to Maulana Fazlullah. Helicopter gunships also shelled the area as well as targetting militant positions in Charbagh tehsil.,TERRORISM
"A bomb went off outside an auto workshop of the International Committee of Red Cross (ICRC) in Sufaid Dheri area, which damaged the wall of the building a bit.",TERRORISM
"In a clash between two groups of the Junejo tribe over irrigation water, one person was killed and another injured.",RIOT
miscreants blew up 4 transmission towers in Barkhan by planting explosive material around the structures.,TERRORISM
A man killed his teenaged sister in Wah village over suspicion of illicit relations.,ASSASSINATION
A bullet-riddle body was found. Police suspected that the victim was kidnapped from somewhere and killed before being thrown in the area. ,ASSASSINATION
"Between 400 and 500 people of a particular sect blocked the main road and tried to set tyres on fire at Chandani Chowk to protest the registration of a case against them under the Blasphemy and Anti-Terrorism Laws. The police used batons to disperse the crowd and also arrested over 30 people, who were released later in the evening. The case was registered in the aftermath of rally held recently where their rival sect attacked them after alleging that blasphemous sectarian slogans had been raised. ",VIOLENT_POLITICAL_DEMONSTRATION
A man was killed and two others were injured in a blast in Kohlu bazaar.,TERRORISM
"A partially decomposed body of a young man was found dumped in a well in Millat Gardens in Malir. The hands and feet of the deceased were tied, and the body bore marks of torture. ",OTHER
"Following the assassination of Syed Raza Haider, the MQM announced a 3-day mourning period. Armed men patrolled the streets to make sure that no one defied the morning call. Miscreants set ablaze a medical store in Islamabad Mohallah. ",VIOLENT_POLITICAL_DEMONSTRATION
One girl was killed while another was injured when they picked up a toy bomb which exploded.,TERRORISM
"A primary school teacher, who was to serve as an assistant presiding officer at the Arbab Bhai Khan polling station, was shot dead and two people were injured when a police constable (or a person wearing police uniform) fired on them.",TERRORISM
A 40 year old Mohajir Qaumi Movement activist was shot dead in Korangi after being kidnapped from Landhi a few hours earlier. ,ASSASSINATION
Maqsood Hussain was shot and killed. Nor further details given. ,VIOLENT_POLITICAL_DEMONSTRATION
Shopkeepers protested the arrest of their collegues by blocking the road and burning tyres. Their collegues were arrested by the traffic police as they were displaying merchandise on the footpath. The protest ended peacefully as the MNA Shabbir Ahmed Khan assured the protesters that the shopkeepers would be released. They later were released.,VIOLENT_POLITICAL_DEMONSTRATION
"The body of a labourer, Haq Nawaz, was found with injuries to the head. ",ASSASSINATION
"Protesters blocked National Highway at different points from Quetta to Karachi against the killing of Nawab Akbar Bugti. Protesters blocked the road between Gwadar and Karachi burnt tyresand pelted stones at vehicles. Balochistan National Party-Mengal Secretary General, Habib Jalib, said the protests will continue til the government decide to halt the military operation and resolve the issues politically.",VIOLENT_POLITICAL_DEMONSTRATION
Security forces killed two militants and arrested three suspects during operations in the teligram area of the Charbagh tehsil.,GOV_ATTACK_ON_NONSTATE_COMBATANTS
"Five militants were killed when security forces pounded militant hideouts in the Gurguri hilltop in the Bara tehsil, retaliation to an earlier attack.",GOV_ATTACK_ON_NONSTATE_COMBATANTS
"Troops on routine patrol were attacked with a roadside IED. 2 personnel, including a Major in the army, were killed while one other person was injured. ",GUERILLA_ATTACK_ON_GOV_FORCES
A doctor was found shot dead in his clinic. The police says it was a targetted killing.,ASSASSINATION
A constable was killed and three others were wounded when unidentified occupants of a yellow cab opened fire on the Model Colony police station.,CONVENTIONAL_ATTACK_ON_GOV_FORCES
"Prominent poet Mohsin Naqvi was gunned down by an unidentified assailant in Allama Iqbal Town. A worker of a nearby shop was also injured in the firing. The motive behind the murder could not be known, but sectarian motives could not be ruled out. The assailant had waited outside a shop to target the poet.",ASSASSINATION
"a labourer, Gul Mohammad, was found tortured to death in Mehran Town in Korangi. The ANP said that the victim was its worker.",ASSASSINATION
"District president of Tehrik-i-Jafria and a friend were killed while another was injured when two unidentified motorcyclists opened fire on them at a medical store in Khanewal. Later, police arrested seven suspects and workers of the Sipah-i-Sahaba Pakistan.",ASSASSINATION
several armed men opened firing and killed a girl and injured 7 others in Church Colony near Kot Salim.,TERRORISM
"Two rival groups, led by Rana Aizad and Shahbaz, of the Government College University Faisalabad resorted to aerial firing on campus. Police registered a case against more than two dozen members of both groups while took thirteen students into custody.",RIOT
"The Indian Security Forces continued firing on Zafarwal, Charwa, Bajwat, Chaprar, Harpal, Sucheetgarh, Bajragarhi and Shakargarh, Jammu, Oovi, Chhumb sectors. As a result, the firing killed 2 animals, badly damaged 6 houses. The Chenab Rangers returned the fire.",ATTACK_ON_STATE
The bomb disposal squad defused an IED that had been planted along a road. ,TERRORISM
a school girl and another were killed and 3 sustained injuries when unidentified persons sprayed bulltes on a passenger bus near an FC checkpost.,TERRORISM
During the strike called by the MQM Youngsters burnt tyres on the road and pelted police vans with stones. Police resorted to firing and tear gas shelling at various places including Kazi Abdul Qayyum Road and Sakhi Abdul wahab Complex. An exchange of fire between police and protesters also took place in New Cloth market area and a rickshaw was set ablaze on Jacob Road. ,VIOLENT_POLITICAL_DEMONSTRATION
An activist of MQM was shot at and injured by unknown assailants in Korangi on Friday.,ASSASSINATION
"Syed Nasim Shah, a landlord, was chatting with his friends outside his house when unidentified men fired at him killing him on the spot.",ASSASSINATION
A person killed his wife in Kando Hingorjo Village over karo-kari on Monday. His brother was also involved with him in killing.,ASSASSINATION
A young resident of Touheed Colony was shot dead by a rival group in retaliation for another murder the day before.  The boy's relative was accused of committing the previous murder.,ASSASSINATION
A shop keeper was shot dead in Gulshan-i-Iqbal.,ASSASSINATION
Two bullet riddled bodies of unidentified men were found. The bodies bore severe torture marks.,ASSASSINATION
One person was killed and another injured when unidentified gunmen raised anti-MQM slogans and fired at a procession going to attend a Quran Khwani for slain PSF leader Najib Ahmed.,TERRORISM
"In Kokrai area of Saidu Sharif, three miiltants were killed in a clash after an attack on a police vehicle. Six grenades, a Kalashnikov, a rifle and a pistol were seized.",CONVENTIONAL_ATTACK_ON_GOV_FORCES
"Following the assassination of Khalid Malik earlier during the day, employees of the SSGC gathered and tried to proceed to the Balochistan Assembly with the body of the victim. The police put up barricades to stop them. The mob pelted the police with stones and tried to remove the barricades, to which the police responded by firing tear gas shells. Witnesses also claim that the police fired at the crowd, injuring one protester. ",VIOLENT_POLITICAL_DEMONSTRATION
"Security forces carried out operations in the Razmak-Makin axis, killing four terrorists and arresting one from the areas of Tauda China Khula and Fort Knoll. ",GOV_ATTACK_ON_NONSTATE_COMBATANTS
Protesters blocked the road by burning tyres.,VIOLENT_POLITICAL_DEMONSTRATION
Another bomb exploded in the city but no loss of life or property occurred.,TERRORISM
A man and a woman were killed in the the Haji Ubedullah village on the pretext of Karo-kari by the woman's husband.,ASSASSINATION
"Zakir Hussain was targeted by two men on a motorbike who stopped infront of shop and fired at him, killing him on the spot. This was the second sectarian killing in as many days. The Jafria Alliance Pakistan criticised the government for not taking any action to stop targeted killings in Karachi. ",ASSASSINATION
"The Bomb disposal squad defused an explosive device planted outside a mosque. According to officials, MNA Usman Tarakai and MPA Javed Tarakai were the target of the sabotage attempt. ",TERRORISM
"A congregation of Zikrees, a small sect Muslims, was attacked with a bomb. The assailants tossed the bomb at the congregation and the explosion left at least 8 people, including 3 policemen, injured. Tension regarding the activites of this sect had increased recently with some groups calling for a ban on the former's congregations. ",TERRORISM
The JUI-F rally started form Chowk Bazaar's Masjid Wali Muhammad and ended near Ghanta Ghar Chowk. The participants chanted anti-US slogans and burnt US flags as well as an effigy of President Bush. ,VIOLENT_POLITICAL_DEMONSTRATION
the Taliban killed a junior officer of the Khasadar force after his abduction earlier this month. A chit was found on the body that stated that he was killed for spying on Taliban for the US forces.,ASSASSINATION
Police opened fire at a tribesman who 'aroused suspicion of the police' and then did not stop when the latter signaled him to. Three people were injured. ,GOV_ATTACK_ON_CIVILIANS
A watchman shot dead the alleged paramour of his wife and injured his wife for having illicit relations.,ASSASSINATION
Three people were injured in a bomb blast in the parking lot of the Lady Reading Hospital. The bomb also damaged three vehicles and shattered the windowpanes of cardiology ward. Police claimed it was a gas cylinder that caused the balst but failed to show the remains of the cylinder.,TERRORISM
"Enraged protesters took to the streets after the assassination of two religious scholars. They protested violently heading towards Soldier bazaar, Jamshed Road, Liaquatabad, and Nazimabad and blocked roads by burning tyres and pelting vehicles with stones. Two shops, a bank and a bakery were set on fire and looted located near the place where the killings took place. A man was shot and injured on Lasbela roundabout; and the protesters attacked press photographers near Guru mandir, smashing their cameras. A heavy contingent of police was deployed in the surrounding areas.",VIOLENT_POLITICAL_DEMONSTRATION
"According to reports, 6 people were killed and 5 others were injured in Tiarza.",GOV_ATTACK_ON_NONSTATE_COMBATANTS
"In bareech Market area on Sirki Road, two people were killed and another injured. A police officer termed it a case of target killing. ",ASSASSINATION
"A bomb was hurled at a police vehicle in Essa Nagri, but the explosion did not cause any damage. No other information was given.",GUERILLA_ATTACK_ON_GOV_FORCES
The bullet-riddled body of a young man was found outside Ali Imambargah. ,ASSASSINATION
"Security forces arrested nine suspected militants during a search operation in Darra Adam Khel. The forces seized weapons in a raid from arms factory, which had allegedly been supplying weapons to militants. The factory owner's nephew was killed in the raid when he tried to flee from being arrested.",GOV_ATTACK_ON_CIVILIANS
"A teacher of Baddomalhi School, Master Mohammad Asif, was shot dead outside his house while his father, who was also a teacher, received bullet injuries. The victims had woken up when they heard intruders and were shot at when they came out to investigate. ",ASSASSINATION
"A rally held by the All Pakistan Clerks Association (APCA) was stopped from reaching the Chief Ministers House by the police who used teargas to disperse the protesters. The APCA, which was demanding the payment of one month's salaries to government officials of Balochistan amongst other demands, had been warned against demonstrating in front of the CM House. The police claimed that the protesters hurled stones at the police, forcing them to retaliate with tear gas shelling. ",VIOLENT_POLITICAL_DEMONSTRATION
a soldier of the Mohmand Rifles was killed and 2 others were wounded in an attack by militants on the Derwazgai checkpost.,CONVENTIONAL_ATTACK_ON_GOV_FORCES
Five persons were injured when two groups of the Phulpoto clan clashed.,RIOT
a former Nazim of Peshtakhara union council Riaz Khan was shot dead outside Peshawar Central Prison while he was going home. The killing was over some old dispute between 2 parties led by Ghani and Sandal Khan. He was killed when the rival group opened fire on them.,ASSASSINATION
The Jihad Defence Forum comprising of wight Jihadi organisations announced that they will join the Jihad in Afghanistan in case of an American attack on it. ,THREAT_OF_VIOLENCE
"A group of unruly youths set a bus on fire on Mohammad Bin Qasim Road in the Arambagh area during  a strike in the areas of Liaquatabad and Orangi, in protest of the killings carried out in the areas.",VIOLENT_POLITICAL_DEMONSTRATION
"Bahawal Sher and Shahmand murdered their sister Ghulam Fatima with spades in a bid to grab her 72 canals agricultural land. The accused threw her body in a well and made it look like an accident, but post-mortem results showed she was murdered, after which the accused were arrested.",ASSASSINATION
"Following the death of an MQM worker, firing contunied during the day and 3 vehicles were set on fire. The MQM worker, Imran Qazi, was killed after a scuffle in a cricket match between two groups of young men where some people opened fire. ",OTHER
"Fifteen militants were killed and seventeen others were injured when security forces launched an offensive operation in the Zangi, Dogar Tarali and Marghan areas of Kurram. Security forces faced stuff resistance from militants and four soldiers were killed while 12 others were injured. ",GOV_ATTACK_ON_NONSTATE_COMBATANTS
The Local District Bar Association burnt an effigy of MQM chief Altaf Hussain for using foul language against the legal fraternity. The lawyers gathered outside the bar premises where they had setup a hunger strike campagain against the government for not establishing a High Court bench in the district. The bar members insisted that they register a case against Altaf Hussain.,VIOLENT_POLITICAL_DEMONSTRATION
security forces targeted a suspected suicide car in the Gagra area.,GOV_ATTACK_ON_NONSTATE_COMBATANTS
following the killing of the baloch nationalist leaders violence erupted in Balochistan. a mob entered the office of the district nazim and ransacked it.,VIOLENT_POLITICAL_DEMONSTRATION
" Violent protesters burnt the Gulistan Cinema, They also blocked National Highway by burning tyres at several places on the Highway. Protesters attacked the Quaidabad police station and Police and Rangers fired teargas shells to disperse the mob. There were several people injured, one police van, two petrol stations and a cinema were damaged. ",VIOLENT_POLITICAL_DEMONSTRATION
"During the strike called by Muttahida Qaumi Movement and Jiye Sindh Qaumi Mahaz, there were certain incidents of firecrackers exploding in some areas. However, the majority of the strike was peaceful. The strike was called to protest against police action and against the water shortage in the province.",VIOLENT_POLITICAL_DEMONSTRATION
"As part of the violence on the second day of a two-day strike called by the Mohajir Qaumi Movement (MQM), unidentified pedestrian was killed in a crossfire near Farooq Masjid.",OTHER
"The Alliance for the Restoration of Democracy tried to gather and protest on May Day, however most efforts were foiled by the police. In Lyari, PPP workers clashed with the police. The police baton charged them and resorted to aerial firing. ",VIOLENT_POLITICAL_DEMONSTRATION
"A 40 year old workers of the Muttahida Qaumi Movement, the father of two, was gunned down. Shahaab Raza Haider, a former unit-in-charge of Unit 179 and worker of Unit 173 , was sitting in a chair outside his car wash service station near Anjuman Islamia Market when two unidentified motorcyclists opened fire on him. Witnesses said that victim, who was also a former assistant sub-inspector of the Sindh police, died on the spot. ",ASSASSINATION
troops attacked suspected militant hideouts in Tiligram and killed 14 terrorists.,GOV_ATTACK_ON_NONSTATE_COMBATANTS
"Protesters, that included traders that had closed their shops, burnt tyres and raised slogans against Hesco for prolonged power outages. ",VIOLENT_POLITICAL_DEMONSTRATION
"Three people were killed in a clash between two rival groups in a village near Hasilpur, Bahawalpur when men armed with guns and clubs, belonging to the Bud clan, attacked the other clan's house in the Khairo Deh village. Sources said that that both clans had developed a feud and this violence was in continuation of that.",RIOT
An ex-armyman was tortured by the police during a raid.He was taken to the police station and tortured again till he died.,GOV_ATTACK_ON_CIVILIANS
"Edhi Highway Centre, Gujrat, in-charge Mubarak Husain Gulshad had a narrow escape when some unidentified men fired at him while he was asleep in his house. The motive behind the attack in not known.",ASSASSINATION
"The decomposed body of a youth was recovered from a field near Rachna Town. The victim was identified as Khalid, and there were several stab wounds on his body.",ASSASSINATION
"Ismatullah Sharif, the elder brother of PML MPA Muhamad Afzal Sahi, was killed by some unidentifed armed people when he was asleep in his Haveli. Police sources said the Sahi family had rivalries with some other parties of the area.",ASSASSINATION
"at least 19 rockets were fired on FC checkpost in Chashma, Loti, Pir Koh and Sangsilla areas of Dera Bugti. However no casualties were reported in the attack.",GUERILLA_ATTACK_ON_GOV_FORCES
"A powerful explosive device that was planted on the wall of a police post went off, damaging property. However, no loss of life or injury was reported.",GUERILLA_ATTACK_ON_GOV_FORCES
"Roshan Ali Shaikh and Razul, wife of Abdul Hakeem Shaikh, were stabbed to death by their cousin, Waheed Ahmed Shaikh, in the name of karo-kari. He then surrendered himself to the area police. ",ASSASSINATION
"According to reports, militants attacked the checkpost in Ormegi area, a gunbattle ensued leaving eleven militants and one soldier dead while four soldiers and six militants were injured. ",CONVENTIONAL_ATTACK_ON_GOV_FORCES
At least five policemen were injured when a home made bomb went off on the Sawal Dher road. It may also be noted that the area is notorious for attacks on the security forces.,TERRORISM
"As part of the protest against the police raid on Khidmat-i-Khalq of MQM, some protesters burnt the post office near Raja ki kothi, Shaheed Umaid Ali Kaimkhani office in Unit 4, two hilux-pick-ups and the sub division Wapda office in Affandi town. ",VIOLENT_POLITICAL_DEMONSTRATION
Thousands of villagers of Gangapur set on fire Buchiana police post and reduced it to ashes  to protest against the inefficiency of police in arresting the four dacoits responsible for killing a retired havaldar. ,VIOLENT_POLITICAL_DEMONSTRATION
Bomb disposal squad defused a time bomb that was otherwise due to exlode at a time when the area is normally occupied by women shoppers. A watchman had spotted the suspicious shopping bag and alerted the police. ,TERRORISM
"the police recovered the body of a PML-N women wing's Sahiwal President, Mrs. Gulzar Qamar, from the bank of the canal near Kinaan Park. She had gone missing 2 days ago.",ASSASSINATION
two rival groups of the Bugti tribe exchanged fire in the area over a land dispute. There were no casualties,RIOT
"Eight mortar and rocket shells were fired from the Afghanistan side into Angor Adda tribal region. One of the shells hit a bunker, which resulted in injuries to a soldier. ",ATTACK_ON_STATE
Vehicles carrying activists of MQM to a public meeting organised by MQM were pelted with stones and at Patel Para and Orangi Town. Several workers were injured.,TERRORISM
A girl 'K' was allegedly strangled by her brother for her bad character. She had eloped with a youth and later recovered through a panchayat. Her brother then killed her. ,ASSASSINATION
"A young man shot dead in his house by four unidentified men,after they barged into the house.The attackers managed to escape.",ASSASSINATION
Another device went off at the fish harbour causing panic among sleeping fishermen however no loss of life or injury was reported.,TERRORISM
Police resorted to teargassing to disperse some demonstrators on The Mall following a funeral prayer of the people killed in an early violent demonstration. The police had killed a few people in connection to an earlier demonstration. The demonstrators chanted slogans against the government for killing 'innocent and peaceful' protesters.,VIOLENT_POLITICAL_DEMONSTRATION
"7 unidentified armd men opened fire at a factory staff bus carrying about 50 factory employees, killing the driver and injuring 11 others. Soucres claimed that the attackers were Afghan refugess. ",TERRORISM
"On 15-Oct-10, several activists of the Muslim Students Federation (MSF) attacked and opened fire on members of the rival Islami Jamiat-i-Tulaba (IJT), injuring two IJT activists. ",RIOT
"Indian and Pakistani paramilitary troops traded heavy fire along the LoC after a 48 hour lul, but no casualty was reported. Indian and Pakistani authorities blamed each other for the fighting. Indian officials claimed the Pakistani Rangers began shooting after suspecting Indian authorities of laying a fence along the winding border of occupied Kashmir. The Pakistani officials said that the BSF (Border Security Force) opened unprovoked firing , and that the Indians also tried to violate the status of the working boundary in Kashmir.",ATTACK_ON_STATE
4 men fired on Allah Noor.,ASSASSINATION
One person was killed by four villagers over a land dispute.,ASSASSINATION
Security forces continued to pound militants hideouts in Matta tehsil.,GOV_ATTACK_ON_NONSTATE_COMBATANTS
"Unknown gunmen targeted construction workers, killing two and injuring 1. All the victims belonged to the Hazara tribe. ",ASSASSINATION
An elderly man was found butchered at his green town house on Saturday. He was alone in house and his family went to Khanewal to celebrate eid,ASSASSINATION
Militants continued attacks on the cantonement and city areas of Kohat for the second consecutive day. Militants fired rockets at an ammunition depot of the security forces from the Bezote area but the rocket missed its target and exploded in a pond in Sheikhan.,CONVENTIONAL_ATTACK_ON_GOV_FORCES
3 people were killed and 3 were injured due to Indian shelling across LoC in Neelum valley on Sunday,ATTACK_ON_STATE
"One Mazhar Hussain along with his friend Nazar Husain of village Chuttan, murdered his wife suspecting her chastity.",ASSASSINATION
"A Shia leader, Syed Asad Ali Raza Abidi, was shot dead by 4 gunmen at an Imambargah Gulistan-i-Marfat on College road. The killing was the outcome of a rivalrty between two shia groups.",ASSASSINATION
"A Lashkar-i-Islami supporters was killed and another injured near Anjari Khwar in Bara, in an attack by supporters of the rival, Ansar ul Islam, group.",ASSASSINATION
2 groups of student of the Karakoram International University clashed over a petty dispute promting administration to call the police and control the situation. The police had to fire tear-gas shells to disperse the students.,OTHER
"more than 2000 prisoners of the district jail burnt the official record and demolished mud walls of the wards and climed on top of the barracks, in protest against the alleged torture of 4 prisoners by the jail staff. The prisoners also tortured a few constables. the police shelled tear gas, but it intensified the protest.",VIOLENT_POLITICAL_DEMONSTRATION
At least 5 passengers were injured when a bomb planted on Indus Highway exploded. The passengers were travelling to Kohat from Peshawar. Militants also fired 14 rockets at different areas in Darra Adamkhel but no losses were reported. ,TERRORISM
"3 people were killed and 18 others were injured, 8 of whom were policemen, in a clash between the Bengali Para residents and the police. The residents had assembled outside the Ibrahim Hyderi police station to protest against the arrest of some members of the locality and demand their release. around 400 people ransacked the police office and broke the windscreen of the parked police van. the police lobbed tear-gas and both sides clashed. the police said that no clash had taken place. police said the Bengalis had kidnapped three people and when they received this information they went to the colony they found the bodies.",VIOLENT_POLITICAL_DEMONSTRATION
"Armed men on a pick-up shot at children playing outside their school, wounding 4 of them, and drove off. The wounded children belonged to the Turi Alizai tribesmen.",TERRORISM
A murder accused was tortured to death by the police . ,GOV_ATTACK_ON_CIVILIANS
A top militant leader and his seven accomplices were captured after an exchange of fire between the security forces and militants in the Spin Thall area of Hangu after militants opened fire on a convoy patrolling the area.,CONVENTIONAL_ATTACK_ON_GOV_FORCES
During a protest demosntration the Iranian Cultural Centre on the Mall was set ablaze by activists of the SSP who had gathered for the funeral prayers of their chief Maulana Ziaur Rehman Farooqi who was killed in a bomb blast the day before. An MCL fire fighting squad was turned back after they were pelted with stones. Law firms situated in the same building were also gutted. ,VIOLENT_POLITICAL_DEMONSTRATION
One student was injured when MSF members attacked a group of ATI students and a clash ensued. The police arrested several activists.,RIOT
Residents of Taxila and businessmen burnt tyres and placed heavy stones to block the road to protest against prolonged power outages. ,VIOLENT_POLITICAL_DEMONSTRATION
"Unidentified people opened fire at a car, killing one person and wounding the other. The injured victim was Dawood Khan Wazir, who was a provincial council member of the ANP, and the deceased was his brother Irfan Khan Wazir. ",ASSASSINATION
"Mureed Khan Bugti, a close aide too Brahamdagh Bugti, a member of the central executive committee of Balocj Republican Party was shot dead in Mari Jalbani village, when they were attacked by three men while in the latters house. The police said the incident seemed to be linked to an old enmity.",ASSASSINATION
"An organization of the Sheikhmalkhel tribe in Bara, thrashed and jailed a journalist for misreporting the activities of the organization. The journalist who belongs to the same tribe was on official duty when he was picked up and severly beaten before being put in a private jail.",OTHER
Shahzad Raza was intercepted by two men on a motorbike and shot dead. The victim's elder brother had been targeted in a similar fashion earlier in the month and the Jafaria Alliance Pakistan claimed that both incidents were part of a new series of sectarian target killings. ,ASSASSINATION
Unidentified men shot dead Haji Nawab in T & T Colony. Haji Nawab was a resident of Bilal Colony.,ASSASSINATION
"a taxi driver, Mohammad Nasir, was killed by unidentified people in in Patana.",ASSASSINATION
A woman was killed by her brother and husband for on suspicion of loose morals.,ASSASSINATION
A police officer's bullet-riddled body was found from the Saeedabad police area. ,OTHER
Five more civilians were killed and sixteen were injured in the Indian firing along various sectors across LoC.,ATTACK_ON_STATE
"The bullet-riddled body of a young man was found from the Mowach Goth area. According to officials, the body may have been lying there for two days. The victim was blindfolded and received a single bullet-wound to the head. ",ASSASSINATION
"Violence, which erupted after the killing of two MQM-H activists, continued with rival political groups trading fire and property being damaged. A Pakistan Steel bus was set on fire, while another bus was later set ablaze as well. A 15-year-old boy received bullet injuries due to gunfire in Korangi's Labour Square area. ",VIOLENT_POLITICAL_DEMONSTRATION
"A rocket fired from the West of Quetta landed on the White Road behind Governor's House, causing panic in the area. It was a 107mm rocket. No loss of life oroperty was however reported. No one claimed responsibility for the attack.",TERRORISM
Chief of Jogezai tribe and a leader of PAMP was injured along with his driver in an armed attack on his vehicle by unidentified men.,ASSASSINATION
"Six rockets were fired on the Larkana Sugar Mills, damaging its boiler and other structures. The heavy exchange of fire between the attackers and the guards on duty was followed by the attack which created panic in the mill and its residential colony. A bullet also hit the vehicle of Resident Director of the mill, during the exchange of fire, but he escaped the attack. ",TERRORISM
"a bomb exploded in Gwadar, smashing window-panes of houses on the hospital road. No casualties were however reported.",TERRORISM
"Hafiz Syed Hassan, who was an SSP activist was shot dead by assailants who entered his house/clinic, posing as patients, and opened fire at him. ",ASSASSINATION
A tehsil coucillor died of injuries sustained in an acid attack by her husband,OTHER
"following the kidnapping and murder of an ANP activist, Shahrukh, violence erupted in Gulistan-i-Jauhar. 8 cars and an NLC water tanker were set on fire by enraged protesters who smashed the windows of cars parked outside the apartments. The police did nothing. other activists of the ANP took to the streets pelting stones at passing vehicles and setting fire to them. Shahrukh's body was eventually found on Sunday morning.",VIOLENT_POLITICAL_DEMONSTRATION
At least one person was killed and five others were injured in the Indian shelling on the Abbaspur sector of Poonch district.,ATTACK_ON_STATE
The body of an unidentified man was found stuffed in a sack in Saeedabad. The victim was reportedly tortured and 'throttled' and his hands and feet were tied when his body was found. ,OTHER
Four security personnel were killed and one was injured when a landmine exploded in Pir Koh gas field area in Dera bugti.,TERRORISM
Agha Abid Shirazee was shot and killed by an armed man on a motorcycle while he was travelling in his car. Jafria Alliance Pakistan (JAP) condemned the killing and the police suspected that it was done on sectarian grounds. ,ASSASSINATION
Two rockets were fired on the couts camp by militants. Residents reported that the rockets missed the target and hit two houses near the camp.,CONVENTIONAL_ATTACK_ON_GOV_FORCES
"Two landowners, Ali Muhammad Kamoka and Ali Ahmed Chadder, were killed and their driver was injured when unidentified men ambushed their car and opened fire at them. The victims were on their way back after appearing in court. ",ASSASSINATION
A person named Kamran Khan was gunned down by unknown men in Nasirpur on Tuesday.,ASSASSINATION
"Three Jagiranis were traveling by motorcycle when some people traveling in a car opened fire, killing them. Reportedly due to ongoing clashes between the Jagiranis and Solangis.",ASSASSINATION
"activists belonging to the student wing of a political organization SPSF barged into the office of the Ghulam Mohammad Maher Medical College principal and vandalized the place, on the plea that Professor Hafeezullah had adopted a discriminatory attitude with their comrade to fail him in examinations. the situation was brought under control after negotiations with the students.",OTHER
"Nasirabad police station came under attack when people of the Kalhora community got irked by the police handling of some people they arrested. The police had  summoned a certain Nawaz Ali Kalhoro who was the vice president of Sindh National Alliance, and Ayaz Ali of Wadho Kalhoro village on the complaint of a certain Dr. Bhemandas who alleged that Nawaz Ali Kalhoro wasn't handing over the produce of 72 acres of land to him. The accused argued with the police, at which the police beat up the arrested. This angered the residents of Kalhoro village, who pelted the police station with stones. The police had to resort to baton charge and tear gas shelling to disperse the crowd.",VIOLENT_POLITICAL_DEMONSTRATION
"A local leader of the ANP and of the Badhber Qaumi Lashkar narrowly escaped when a roadside bomb exploded along the side of the road. However, another vehicle passing through the areas was damaged and the driver received minor injuries. ",ASSASSINATION
A blast derailed three bogies and the engine of the train near Tangwani on Tuesday. 15 people were injured.,TERRORISM
Protestors damaged six buses and injured two drivers to protest agaisnt the death of a man who was run over by a bus belonging to a local transport company. They blocked the road for three hours and intercepted every bus that passed through the area. The police baton charged the crowd to bring the situation under control.,VIOLENT_POLITICAL_DEMONSTRATION
The body of an unidentified person was found in Shafiqabad area on Monday,OTHER
Suspected militants fired rockets on an army post. Senior government officials said it was too early to draw any link between the rocket attack in the Kurram Agency and the ongoing operation in South Waziristan. ,GUERILLA_ATTACK_ON_GOV_FORCES
A constable was killed in North Nazimabad while he was on his motorcycle. ,ASSASSINATION
An expatriate was found murdered in his house with multiple stab wounds and head injuries. Police could not determine whether any valuables were missing or not.,ASSASSINATION
"During exchange of fire between the security forces and militants while a search operation was underway, a taliban leader and four other accomplices were killed.",GOV_ATTACK_ON_NONSTATE_COMBATANTS
"Clashes erupted between tribes from Balishkhel and Sadda. This happened after a funeral ceremony was attacked. Rockets were also fired at Shalozan, Bughdai and Luqmankhel areas near the Afghan Border. Local people claimed that militants that had relocated from Waziristan and other militancy-hit areas were behind the initial attacks. (See Note)",RIOT
A young man was shot and killed in Ittehad town in Baldia when gunmen targetted him on a motorcycle.,ASSASSINATION
"Four people, including two MQM (Haqiqi) activists, one MQM (Altaf) and one pedestrian, were killed during in a clash between the two Mohajir Qaumi Movement groups in Asif Colony, when Haqiqi workers were fired upon in Asif Colony who in turn retaliated.",RIOT
The Afghan army fired several rockets on a border post of the Pakistani army. The attack triggered skirmishes and the two sides exchanged fire.,ATTACK_ON_STATE
"Three PPP activists, Usman, Younis and Babu, were shot at by unidentified men on a motorcycle. Two of them died on the spot while the third was taken to a hospital where he succumbed to his injuries. Dozens of PPP workers took the bodies with them and staged a sit-in in front of the Chief Minister's house. they demanded a case a to be registered against the 'provincial goverment's coalition partner' .",ASSASSINATION
"Punjab Professors and Lecturers Association, FC College arranged a protest meeting and flayed the government's move to returnt he college to the Presbyterian Church. Some of the protesting students clashed with the police deployed at the gate leaving eight injured. The students claimed that the police had stopped them from entering the college and had resorted to baton-charge. However, the police stated that the students had broken a windshield and had to be stopped.",VIOLENT_POLITICAL_DEMONSTRATION
An eighty year old woman was hit by a stray bullet and killed while she was cleaning her veranda in Kalakot.,OTHER
A truck carrying 150-180 Kg of explosives blew up outside a police station. Tehrik-i-Taliban claimed responsibility for the attack saying the group had decided to resume attacks after laying low since their amir's (Baitullah Mehsud) killing last month. Followup: The death toll of the blast rose to 15 as five more bodies were retrieved from the debris.,GUERILLA_ATTACK_ON_GOV_FORCES
Twin pipelines of the Sui Southern Gas Comapny were damaged by an explosion.  The blast was similar to ones that have taken place recently for which the SLA claimed responsibilty.,TERRORISM
"An angry mob attacked houses in Christian Town, on rumors that Christian's living there had desecrated the Kalma. The police intervened and arrested three people.",RIOT
Militants used IEDs to blow up a school in Mohmand Agency,TERRORISM
"A boy was killed and two others were wounded in Indian shelling in the Hajira sector, Poonch from across the LoC. ",ATTACK_ON_STATE
"security forces have launched a ground offensive in the towns and cities of Swat. security personnel were engaging militants in Kanju town. An operation was under way in Takhtaband, where seven combatants had been killed in a clash and the body of militant `commander` Malanga was lying with the security forces.",GOV_ATTACK_ON_NONSTATE_COMBATANTS
"The relatives of a victim of a \fake encounter\"" staged a protest against the Khudian police. They were accompanied by a large number of villagers who blocked Allahabad Road for 6 hours, burnt tyres and raised slogans against the police. The police resorted to teargas shelling, baton-charge and aerial firing but the demonstrators only dispersed when SP Waqas Hussain assured them that a case would be registered against the accused policemen. """,VIOLENT_POLITICAL_DEMONSTRATION
Arsonists set on fire seven public and private vehicles and the Allied Bank's Frere Road branch while sporadic gunfire also took place. ,VIOLENT_POLITICAL_DEMONSTRATION
Scattered incidents of firing continued in the strife-hit areas of Karachi as two bodies were found stuffed in gunny bags off the Northern Bypass. Both men had been shot in the head.,ASSASSINATION
Thousands of teachers protested against the denationalization of government schools. They blocked the main road ans as a result were baton-charged by the police. Several teachers were injured and over 250 were arrested.,VIOLENT_POLITICAL_DEMONSTRATION
"unidentified men attacked a jirga that was going on between the Wazir and the Khuidadkhel tribes in Kurram, killing 1 and injuring 5 others while an elder, Sher Khan, was kidnapped. The reason for the attack could not be ascertained.",TERRORISM
A resident of Kandhar allegedly strangled his wife suspecting that his wife had been maintaining illicit relations with a man of the area.,ASSASSINATION
Militants attacked Mamokhawara checkpost. The security forces also fired at the militants. The military also came to the help of te FC personnel and opened artillery fire on the militants.,CONVENTIONAL_ATTACK_ON_GOV_FORCES
A bomb was discovered at the Lahore residence of Gujranawala Deputy Inspector General. The bomb disposal squad was able to defuse it in time.,TERRORISM
Two people were killed and two others were injured in a clash between two groups over a piece of land in Deepalpur on Monday,RIOT
A woman was injured in a bomb blast took place in the train when it reached near Chughalpura on Thursday.,TERRORISM
A powerful blast took place close to a tile factory owned by Mohammad Manzoor. It was a home-made time bomb. No one claimed responsibility for the attack.,TERRORISM
Two US drones fired 4 missiles that targeted a house used by militants. 6 militants were killed. ,DRONE_ASSASSINATION
A boy shot dead his married sister whom he suspected had illicit relations with another man. He opened fire on her for her bad character and she died on the way to the hospital.,ASSASSINATION
Two armed motorcyclists opened fire at 2 SSP workers who were on their way back from a conference. The SSP men were injured but managed to overpower the assailants and hand them over to the police. ,ASSASSINATION
An unidentified body was found near Nairang Cinema in the jurisdiction of the Liaquatabad police station.,OTHER
Three people were injured in firing by unidentified gunmen.,TERRORISM
The headles body of young man was found from Ibrahim haideri.,OTHER
A minor girl was killed in the shelling by Indian armymen on villages in the Shakargarh-Narowal sectors.,ATTACK_ON_STATE
Two groups of Chandio tribe clashed over a land dispute in Karimdad Chandio village. 3 were killed and 8 injured during the clash.,RIOT
A man shot his sister because she wanted to remarry. The accused later shot himself and died on the spot.,ASSASSINATION
"Malik Tariq, a former member of Khidmat Committee, was supporting the candidates of Aashiq Dayal group in the local polls. According to Afzal (a Dayal group candidate for councilor) the rival Jat group sought Tariq's help but he refused. Then as Tariq and a few others were returning after canvassing, 5 armed men targeted him and opened fire on him and killed him. ",ASSASSINATION
A woman and her child were brutally slaughtered by unknown men near Salar Village on Thursday,ASSASSINATION
"Ms Gulzadi, who was declared 'kari' by a local jirga after she left her home to marry a man of her choice. She had returned home after her parents agreed to 'solemnize' her marriage. However when she returned they organized a jirga that declared her 'kari' and proceeded to 'sign her death warrant'. The order was carried out and her body was burried at an unknown location. Since the incident, male members of the Khoso community have gone into hiding. ",ASSASSINATION
Demonstrators from different political parties attacked two trains because they felt they were not obseving a complete wheel-jam strike to express solidarity with the Kashmiris. The police came to intervene but was pelted with stones.,VIOLENT_POLITICAL_DEMONSTRATION
a car was set ablaze in Landhi,VIOLENT_POLITICAL_DEMONSTRATION
"According to sources, over a dozen militants fired nine rockets and mortar shells at the Saro Killi police station in Shabqadar area of Charsadda causing damage to the boundary wall. The exchange of fire between militants and troops continued for a few hours. ",CONVENTIONAL_ATTACK_ON_GOV_FORCES
"Some unidentified outlaws threw explosive material on the residence of Haji Munawar Ali Abbasi, former Sindh minister for local bodies. No casualties were caused, but the explosives damaged the windows of the house and created panic at the site. The miscreants escaped on a motorcyle.",TERRORISM
Ten people of a family were gunned down and 12 others injured when their relatives opened fire on them to avenge an old enmity. Both the families belonged to the Baloch tribe.,RIOT
"Two people were gunned down in, what was termed by the police, an incident of target killing. The BLA claimed responsibility for the attack. ",ASSASSINATION
"Abdul Sattar, a welfare officer in Quetta, was shot dead by 6 armed men while he was waiting for the Bolan Mail. ",ASSASSINATION
Inreaction to the attempted assassination of the Shia leader earlier that day a Mob mobilized and burnt several government offices and private buildings including the house of the forest officer with the officer and other five members of the family trapped inside and burnt alive. The local health department chief was also shot and random shooting by the mob killed another man aswell.,VIOLENT_POLITICAL_DEMONSTRATION
Two people were killed and at least 16 were injured in the Indian shelling on Leepa valley from across the LoC.,ATTACK_ON_STATE
a scavenger was injured when a toy bomb exploded near the Satellite Town in Quetta.,OTHER
Muhammad Naeem Kakar was killed and six other injured in an exchange of fire between two rival groups in district courts Quetta where the two groups had come for a case hearing. Both the groups had old enmity which aprked the incident.,RIOT
"Ali Mardan, an employee of Pakistan Railway was shot dead by unidentified people on a motocycle in a high security zone where the US Consulate and the Chief Minister House are located. Police say that the motive behind the murder cannot be ascertained immediately.",ASSASSINATION
"Militants opened fire a security personnel during a search operation. Security personnel fired back, killing 3 militants. The search operation was started after security forces received a tip-off regarding the presence of militants in the area. ",CONVENTIONAL_ATTACK_ON_GOV_FORCES
A powerful explosion rocked Pasni  when some unknown people planted a home-made bomb near the building of a TV booster. ,TERRORISM
A man and his neice were wounded in a shooting incident in the Gulberg area.,TERRORISM
One Abdul Majid with five accomplices entered the house of Asghar Ali and shot his daughter dead. The former had an ongoing land dispute with the latter. The accused managed to escape.,ASSASSINATION
A civilian was killed when Indian forces fired across the LoC at a political meeting called by a member of the Legislative Assembly.,ATTACK_ON_STATE
"Soon after the targeted killing of an MQM man, arson attacks took place in the Nazimabad area. A bus of 2-K route was set on fire at Habib Chowrangi.",TERRORISM
an explosion took place in Cavalry Ground killing 1 boy. The bomb had been planted in a heap of garbage in an unoccupied residential plot. 3 people were injured.,TERRORISM
The additional secretary of Muslim Students' Federation and his minor son were gunned down by two unidentified motorcyslists. The reason is stated to be the pursuance of a murder case by the vicitm against a political figure.,ASSASSINATION
An MQM activist was shot dead by unidentified men in Oangi Town on Thursday.,ASSASSINATION
Seven shops were damaged when a bomb went off in a hair-cutting salon in Darra Adam Khel. ,TERRORISM
Two brothers stabbed their sister to death because they had doubts about her modesty.,ASSASSINATION
Villagers attacked a police party to get a villager freed from police custody. They beat up the policemen and fleed with the accused.,VIOLENT_POLITICAL_DEMONSTRATION
500 farmers staged a demonstration when a fertilizer dealer dispatched 600 urea bags for black marketing after his refusal to sell them to the farmers. Farmers in protest blocked the Raiwand road and also burnt tyres. The accused was arrested.,VIOLENT_POLITICAL_DEMONSTRATION
zahid Hussain was allegedly shot dead by five men over a trifle in Bahawalpur.,TERRORISM
Unidentified men entered a mosque in the buffer zone area and opened fire at a Muezzin. One man was killed and 2 others suffered injuries.,TERRORISM
A bomb exploded in the cinema. Injuring four people.,TERRORISM
"Enraged students gathered in Faisal Town set a Pakistan Telecommunication Limited van on fire in protest soon after it crushed and killed a student in Faisal Town. Some senior police officers negotiated with the protesters and assured them the culprit would be found, to which they dispersed without any further incident. ",VIOLENT_POLITICAL_DEMONSTRATION
one person was killed and 2 others sustained injuries in a roadside landmine.,TERRORISM
"One person, Sher Muhammad, shot dead his sister Nooran alias Noori as she had allegedly eloped with her paramore Jafar Husain from Chak No 457 GB. Police registered a case against the accused.",ASSASSINATION
A 40 year old factory watchman was found murdered in the factory. Preliminary investigations suggested tha he could have been strangled. It could not be determined who was behind the murder or what their reasons were.,ASSASSINATION
A mother and her daughter were found dead in the fields of Ganghudher village.,OTHER
A suspected woman suicide bomber blew herself up at a checkpoint in the high-security military cantonment area on Babar road. The police claim she may have been holding the bomb inher hand to plant it somewhere and it went off prematurely; Follow up: Police claim that the woman suspected to be a suicide bomber was not in fact so and that it was a remote controlled explosive device that was used in the attack.,GUERILLA_ATTACK_ON_GOV_FORCES
"Activists of PPP-SB took out a rally to demand the arrest of the killers of their leader Murtaza Bhutto. They marched through many roads before demonstrating in front of the Karachi Press Club, where they burnt an effigy of Asif Ali Zardari.",VIOLENT_POLITICAL_DEMONSTRATION
Armed men on a motorbike opened fire at a trailer carrying supplies to Nato forces in Afghanistan. The driver of the trailer was killed while another person on the trailer was injured. ,TERRORISM
three gas pipelines in Loti gas field area were blown up by explosives.,TERRORISM
"Maulana Azam Tariq, Chief of Millat-i-Islam and MNA, was assassinated and four others were killed when three unidentified gunmen intercepted them at the Golra toll plaza in the outskirts of the city and sprayed their car with bullets, killing them on the spot. Police officials termed the killing to be sectarian as the Maulana had received threats of sectarian nature previously and had also escaped attempts on his life before. ",ASSASSINATION
Some unknown people blocked the Panj Hatti Road of the town and burnt tyres in protest of the bombing of the Imambargah Ali Raza on 1-June-04,VIOLENT_POLITICAL_DEMONSTRATION
Ashraf and his wife Mehnaz was shot dead by unknown assailants in their house in Shahi Bazaar's Qadirpura Mohallah.,ASSASSINATION
Some unidentified men attacked a Church and burnt copies of the Bible.,TERRORISM
A jail official and seven prisoners were injured in a clash that erupted in Adiala jail when the jail staff tried to force feed the under-trial prisoners who had been on hunger strike for a day. Unrest had been brewing in the overcrowded jail for months over the allegations of torture and drug trafficking by the prisoners. ,VIOLENT_POLITICAL_DEMONSTRATION
Two studnets were injured in a clash between two rival student groups over the hanging of banners in Sahiwal.,RIOT
Some unidentified opened fire on a former coucillor outside his house.The attackers managed to escape.,ASSASSINATION
"missiles from a drone killed at least 3 people in Laddha subdivision when it hit a car iin Mudori area, dominated by the Mehsud tribe. Unofficial sources put the number of people killed at 5. Amir Mohammad Khan, an official of the Laddha administration said there was a training camp close to the area attacked.",DRONE_ASSASSINATION
The blood-stained body of a widow was found in her house in Kot Chutta. No other detail of the motive behind the murder or the party responsible was given.,ASSASSINATION
"Syed Tahir Nadeem, son of JUI (F) central leader (Allama Syed Abdul Majeed Nadeem) was found unconscious in Habib Colony. His head had been hit by a blunt weapon. No motive behind the incident was ascertained. ",ASSASSINATION
Police baton charged and arrested 24 people from two religious groups when they clashed over the possession of a mosque.,RIOT
"The body of a youn man was found with a bullet hole in Samnabad, Gulberg on Thursday.",ASSASSINATION
Six Siyal tribespeople were injured in a clash between two groups of the tribe over a petty issue in village Jurial Siyal near Saghiyoon. ,RIOT
Two people were killed and four others were injured in unprovoked Indian firiing from across the LoC in Neelum Valley.,ATTACK_ON_STATE
The security forces set the house of militant commander Tariq on fire. His house was used as a headquarter for Taliban during the Darra operation.,GOV_ATTACK_ON_NONSTATE_COMBATANTS
"Six persons armed with rifles and guns opened fire in Goth Kero near the Indus Highway, killing one person and injuring another. ",ASSASSINATION
"Six rockets fired by militants, that were apparently aimed at an army checkpoint, hit houses in a nearby vilage, killing 2 women and 2 children in addition to injuring 7 people. ",GUERILLA_ATTACK_ON_GOV_FORCES
A tribal elder and his son survived a road-side explosion when they were on their way to Khaar on their car. Malik Juma Gul was a prominent elder of the Mamond tribe,ASSASSINATION
"A pick up van with 4 militants fired kalashnikov shots in the air. The army troops tried to intercept the vehicle. The vehicle managed to pass through but passenger vehicles coming towards the checkpost were also hit, in which 11 civilians were killed and 6 injured. However, according to the ISPR spokesperson, 2-3 vehicles came towards a FC checkpost and started firing, the FC retaliated, in which there may have been a few civilian casualities who may possibly have been terrorists.",CONVENTIONAL_ATTACK_ON_GOV_FORCES
"Two pro-government tribal elders were killed and another was injured when a bomb exploded in the Chaharmang area. Earlier this year, some unidentified people had attack one of the victims', Malik Hakeems', house, killing his close relative. The police speculated that the present attack was due to personal enemity too.",ASSASSINATION
three children were wounded when a rocket fired by militants hit a residential area in Jadeedabad.,GUERILLA_ATTACK_ON_GOV_FORCES
37 people were injured in a clash between Mandokhel and Abdullahzai tribe over a piece of land in Zhob area on Wednesday,RIOT
Four people were killed and two others were injured in a clash between two rival groups in Kaaleyki-Phalora in Pasrur tehsil. There had been an old political enmity between the Ansari group and Patwari group. On Tuesday some people fron the Ansari group went to the haveli of Patwari group for reconciliation. Suddenly bothe groups infuriated on some isseu and Patwari group opened fire at their rivals killed four and injuring two others. The accused fled firing in the air.,RIOT
"A warehouse in Soldier Bazaar came under a hand-grenade attack that left two people wounded after, according to the police, its owner refused to agree with the terms of the extortionists. ",TERRORISM
3 people were injured in a bomb blast took place near Gambella Police Post on Friday.,TERRORISM
2 sisters were killed and their brother was injured in Mohalla Sarbanan on Thursday when a hand grenade concealed in a bottle given to one of the girls by an anonymous person went off.,ASSASSINATION
A clash occurred between farmers and irrigation officials as the farmers were protesting over the shortage of water supply to the Kobri Shakh as was promised by the officials. The police registered a case against 15 people. ,VIOLENT_POLITICAL_DEMONSTRATION
A young man was injured in a firing incident.,OTHER
"Due to massive loadshedding, power riots erupted in the Rawalpindi region when farmers, traders and mechanics from nearby villages blocked the G.T. Road in Gujar Khan by burning tyres and chanting slogans against the PPP regime and President Asif Ai Zardari. Later, the mob, equipped with clubs, ransacked a nearby complaint office of Lesco and burnt it wooden furniture and destroyed gadgets by heaping them on the burning tyres. The office of SDO located in the vicinity of the grid station was also ransacked by a mob of over 300 youths. The SHO of Gujar Khan tried to negotiate with the protesters but they had no leader. ",VIOLENT_POLITICAL_DEMONSTRATION
Six people were killed and four others injured in an armed clash over a disputed land between villagers belonging Nadrak and Mian Isa villages.,RIOT
"A clash between two groups at Shah Faisal Colony left at least 17 people wounded in incidents of sporadic firing. Witnesses said that the trouble started when a group of a political party returned to the locality with party workers who had allegedly been tortured by their rivals three days ago. They said the group opened fire when they saw their rivals, who returned fire. Later the armed groups took to the streets and resorted to heavy firing in the locality. Some vehicles and shops were also burnt down in the violence.",RIOT
"unidentified assailants murdered Noor Husain,the father of a prayer leader, Qari Fiaz Ahmed, in Dinga. The motive behind the kiling is unknown.",ASSASSINATION
"An Afghan national was killed when he struck a landmine in Gabrial, Bajaur. Details are not available.",ASSASSINATION
"Tehrik-i-Jafaria Pakistan workers took out a procession to protest against the killing of Fayyaz Haideri in police custody. Fayyaz was an activist of the TJP. The protestors marched towards the Mall, where they asked people to remove their vehicles from the road. They then pelted stones on some cars and smashed their windowpanes. The TJP workers also attacked some police jeeps at the GPO crossing and damaged a police car and an SGA&ID car.The police tried to stop the crowd by firing teargas shells. The crowd then resorted to aerial firing, and the police responded in kind.",VIOLENT_POLITICAL_DEMONSTRATION
"According to official sources, the Chenab Rangers thwarted a major attempt to build a fence by the Indian Security Forces near the Sialkot working boundary. A pillar erected was also badly damaged in the exchange of fire. ",GOV_ATTACK_ON_CIVILIANS
Two oil tankers carrying jet fuel for US-led coalition forces in afghanistan caught fire and caused explosions causing damage to nearby property. Taliban have taken responsibility for blowing up the tankers as a warning to Pakistani drivers carrying fuel for US led forces.,TERRORISM
An unidentified bullet-riddled body was found. Doctors claimed that the victim was 'brutally tortured'. ,ASSASSINATION
"A bomb exploded near the residence of the provincial livestock minister in the railway housing society in Quetta. The bomb was planted on the wall of the Quaid public school, which was 15 yards away from the Provincial Livestock Minister Abdul Qadoos Bizenjo's residence.  Another bomb was found in the same locality but was defused. It is not known whether this was a terrorist attack, or an assassination attempt on the minister. ",TERRORISM
Abbas was shot dead by Irfan Chandia as Irfan suspected that Abbas had relations with his sister.,ASSASSINATION
A watchman was shot dead outside a factory in Malir. ,ASSASSINATION
Security forces were patrolling the Bosaq area of Batkhela when militants attacked them. Four militants were killed in the exchange of fire that ensued. ,CONVENTIONAL_ATTACK_ON_GOV_FORCES
Three members of a family including a teenage girl were shot dead in Kot Mubarak in Dera ghazi khan on Wednesday by the rival group,ASSASSINATION
"a man, Ajmal, was shot dead.",ASSASSINATION
"Two persons suffered injuries as a time device fitted in a Nato oil container blew up in Torkham, Khyber. There were other containers parked there, however, none were damaged in the attack. ",TERRORISM
"Two tribal elders, Malak Shaheen and Syed Mohammad, were injured when a bomb exploded. ",TERRORISM
"According to reports, the Senior Superintendent of Police (SSP) Hyderabad was on his way to Hyderabad when his jeep was fired on by dacoits on the Bulri Shah Karim Road.  The guards returned fire and the dacoits retreated.  They had allegedly looted the passengers of a van on the same road earlier that day.",GUERILLA_ATTACK_ON_GOV_FORCES
the people took out processions to express solidarity with Iraqi people and President Saddam. They burnt effigies of President Bush and demanded that the government support Saddam.,VIOLENT_POLITICAL_DEMONSTRATION
2 people were killed and one was injured when 5 armed persons opened indiscriminate fire in Karampur Village on Thursday.,ASSASSINATION
"Unidentified armed men shot and injured a lawyer, Mohammad Anwer, near Lalpur village. ",ASSASSINATION
"At least fifteen people were killed and more than Thirty injured in a bomb blast in a gambling den of a densely populated area in Ghaas Mandi. There was blood and human flesh on the main road along the club and windscreens of vehicles parked outside were shattered. SP of the Special Investigations Unit was of the opinion that the way the blast was carried out and the kind of material used, it seemed like the work of militants. However, he claimed it premature to reach a conclusion immediately; Follow up: A suspect, belonging to the \Al Mukhtar Group\"", an unknown militant outfit, was arrested in connection to the club bombing.""",TERRORISM
Terrorists reportedly kidnapped a young man and killed him in the Orangi area. ,ASSASSINATION
"A police inspector, Khurram Saeed, sustained injuries while his wife was shot dead when unidentified assailants shot at his car. The motive behind the attack was unknown.",ASSASSINATION
Three suspects were held for an attempt on the life of Imamia Students' Organization's (a Shia Student Group) leader. ,ASSASSINATION
"a woman, Safeeat Khatoon, was killed by her father on the pre-text of karo-kari in Wali Mohammad village.",ASSASSINATION
The body of a man was found from Nayabad Lyari with a bullet in his head.,OTHER
"A tribal journalist, Nasrullah Afridi, was killed when a bomb fitted in his car exploded. The victim was 'not in the good books' of Lashkar-i-Islam and some people had hurled hand grenades at his house in Hayatabad in 2007. Afridi was a correspondent of Pakistan Television and the Urdu Daily Mashriq.",ASSASSINATION
"Indian forces did shelling along the Sialkot working boundary in Sucheetgarh sector, Chaprar, Bajwat, Charwa, Bajragarhi and Harpal Sectors on Thursday. However no casuality was reported.",ATTACK_ON_STATE
A man was called out of his house and shot dead in Orangi Town. His political affiliation could not be known.,ASSASSINATION
a man was shot dead by 2 unidentified assailants near the railway godowns.,ASSASSINATION
A number of CD shops were damaged in an explosion at the Karim Manzil when an explosive device planted near the gate of a shop went off. The blast was heard far off and the pieces of the device were taken in by the police for investigation.,TERRORISM
The bullet-ridden bodies of two policemen were found in an abandoned area. The two had been reported missing a couple of nights prior to this event. ,ASSASSINATION
The partially decomposed body of an unidentified man was found in Gulzar-i-Hijri.,OTHER
"A man shot dead his younger brother over a property issue in village 694-R, Kasrian. Reports said that the brother's father had given the three acre land to the younger brother, upon which the older brother shot dead the younger one.",ASSASSINATION
A person was shot dead by unidentified assailant at Nila Gumbad cycle shop on Thursday.,ASSASSINATION
Security personnel were conducting a search operation in Sangsilla area of Dera Bugti when some militants opened fire on them. The security forces retaliated killing one militant.,GUERILLA_ATTACK_ON_GOV_FORCES
"The body of a taxi driver, Dilwar, was found. His taxi was recovered from Banda Syedan village.",ASSASSINATION
A headless and decomposed body of a woman was found in the storage tank. The police cannot ascertain the time of death as the body was really decomposed. There was no autopsy done on the body and it was sent straight to the morgue.,OTHER
A bullet-riddled body of a woman was found with torture marks from behind Datanagar hillocks in Orangi Town.,OTHER
"Following the assassination of Maulana Yousuf Ludhianvi, the office of English Daily along with a branch of Muslim Commercial Bank were set on fire in the vicinity of Banori Town mosque on Thursday. The vehicles parked outside the office were also either damaged or set ablazed. Another  branch of a bank named Allied Bank of Pakistan at a distance of 50 yardswas looted. ",VIOLENT_POLITICAL_DEMONSTRATION
"A minor dispute between two student groups, both enjoying support of political parties in the ruling coalition, turning into an armed clash. The clash led to a suspension of activities on campus and spread panic in the area. ",RIOT
An MQM (Afaq) group member was killed ny unidentified attackers,ASSASSINATION
Dil Mohammad was allegedly shot dead by 5 armed men over a land dispute.,ASSASSINATION
Activists of the ANP attacked workers of a Sindhi nationalist party who were overseeing construction of a wall on plot. The cause behind the incident was an old land dispute between the two political groups. 1 person was killed while 4 were injured. Another clash took place between the two groups at the same spot later during the same day which led another member of the Sindhi party being killed. Intermittent firing was reported from the area after the clashes. ,RIOT
"An exlosion took place at a government-run girls' school which caused damaged to the school building and houses nearby. Six month prior to the blast, the bomb disposal unit had defused a bomb at the same school. ",TERRORISM
Rally by around 50 PPP workers to mark International Women's Day resulted in scuffle with baton-wielding police when they tried to make their way to the Governor's House.,VIOLENT_POLITICAL_DEMONSTRATION
A youth was shot dead by 3 armed men over an alleged rivalry,ASSASSINATION
"During the fourth phase of local body elections, two men- belonging to the Raja Basharat  group- were injured in a clash with supporters of Awam Dost group outside the polling station. According to Raja Basharat, Raja Tariq Kiani- President of the Rawalpindi Chamber of Commerce and Industry- was responsible for the incident.",RIOT
"The school students of Katlang, resorted to public protest when asked to pay the newly imposed tuition fee. The provincial government had introduced fees in the higher and secondary schools which the students resented. They turned violent and started pelting stones on vehicles and the police party. They also severely damaged offices of Wapda and other buildings. Afterwards the also clashed with the police, who resorted to baton charge  and tear gas shelling. The angry students also brielfy held the resident magistrate, who was later allowed to go after negotiations.",VIOLENT_POLITICAL_DEMONSTRATION
"The Pak-Afghan Defence Council called a strike in protest against the US-led attacks on Afghanistan. A protest procession of several hundred was passing the Nazimabad petrol pump when the police and Rangers lobbed teargas shells at them. According to the police, the miscreants were trying to damage the petrol pump. This led to a clash between the protesters and the police. The protesters fired at the police who returned the fire. During the clash, there was a loud explosion as well, but it was uncertain as to whether it was a firecracker or a bomb. At least two people were injured in the clash. According to the Nazim of Liaquatabad Town, Dr. Pervaiz Mahmood, the law enforcement agencies were too hard on the protesters. ",VIOLENT_POLITICAL_DEMONSTRATION
"A police van carrying some on trial prisoners came under indiscriminate fire from unknwon assailants. The firing left 6 people, including 4 policemen, dead. The other two victims were under-trial prisoners. ",TERRORISM
"Muhammad Boota was shot dead in Kheeranwali village by Arshad Aziz and Sajjad, while his friend Muhammad Iqbal was shot at and injured when they were going home. The cause behind the murder is not known.",ASSASSINATION
"Militants blew up two schools, a basic health unit and three houses. However, no casulaties were reported.",TERRORISM
Four militants were killed while two by standers were injured when a US drone strike hit a car in the Shahzadkot area of North Waziristan. ,DRONE_ASSASSINATION
"Old worker of Muslim League and prominent social worker- Rana Mohammad Hussain Chandial- was murdered by three young men. According to the report, \he had forbidden the accused of his misdeeds\"" which the accused took as an insult and killed him.""",ASSASSINATION
a man killed his daughter and attempted to kills his wife and 2 other daughters for honour in Mughalpura. He alleged that his wife and daughters were not enjoyinga good repute in the area. The neighbours caught the accused and handed him over to the police.,ASSASSINATION
"Sub-inspector Rustam Khan, accompanied by four constables and some other people, showed up at a disputed sugarcane weighing scale, and opened fire with his official gun at Younas Khan who was the vice-president of MSF in Jhang district. Younas Khan died on the spot. The two had already had a heated exchange of words at a Panchayat, which was trying to settle a dispute over the possession of a sugarcane weighing scale. ",GOV_ATTACK_ON_CIVILIANS
"The body of an unidentified man was found stuffed in a gunny bag near Bori Shah Mazaar. The victim appeared to be in his 40s, and had died two days ago. The motive behind the murder could not be ascertained.",ASSASSINATION
Two policemen were shot dead by unknown assailants on jan Muhammad road,GUERILLA_ATTACK_ON_GOV_FORCES
"A Frontier Constabulary jawan, Samiullah, was killed after his vehicle was attacked by a rocket as him and 4 other FC men were on their way to Sui from Jaferabad District.",GUERILLA_ATTACK_ON_GOV_FORCES
"A Nato oil tanker was destroyed on Ring Road in Peshawar by militants. Some people had planted explosives on the rear end of the vehicle. After the blast, the tanker fell into a ravine.",TERRORISM
"Six people, including two women, were wounded in heavy firing in New Karachi.",TERRORISM
An elderly man was chopped to pieces and his body was dumped in the Urdu bazaar area by unknown persons.,OTHER
An unidentified person attacked a bakery with a grenade injuring the bakery owner and a customer. ,TERRORISM
A bullet-riddled body of a man was found near Sunny Civic centre in Korangi town. ,OTHER
A student was killed while another was injured in a clash between two rival student groups in the Allama Iqbal College Ground. A couple of students belonging to the People's Students Federation were sitting in the college lawns when members of the Anjuman-Talaba Islam came there and allegedly opened fire on them. Seven students had been named in the FIR.,RIOT
"Sakina, a 16-year old girl was gunned down by an unidentified person.",ASSASSINATION
"A large number of people, including shopkeepers and Nazims, held a demonstration in Khairpur Nathan Shah to protest against the tehsil municipal administration for not paying attention to the problems of the citizens. They blocked the Indus Highway and burnt tryes on the road to press their demands.",VIOLENT_POLITICAL_DEMONSTRATION
It was alleged that a sepoy of Khyber Rifles shot and killed a tribesman shah Hussein Afridi. ,GOV_ATTACK_ON_CIVILIANS
Ejaz Ahmed allegedly stabbed to death Muhammad Shafiq in Choor Chak village as the deceased had illicit relations with a woman relative of the accused.,ASSASSINATION
"ASI, Fazle Azam, murdered the sister of General Fazle Haq along with her husband and daughter, wanting to claim their property.",ASSASSINATION
A bullet-riddled body was found from the ground of APWA school in Korangi. He was identified as the brother-in-law of an Muttahida Qaumi Movement worker in Landhi. ,OTHER
An attack on party activists of the Jamiat Ulema Islam left Nek Mohammad Abro dead and his father and two other women injured. No other detail was given as the report itself was extracted from a statement by JUI condemning the incident.,ASSASSINATION
"Bodies of two brothers who had previously gone missing were found in Humrung Beebak area. According to the family, they had fallen victim to terrorism.",OTHER
"Militants attacked a checkpost in the Frontier Region of Bannu and kidnapped 12 security personnel. The checkpost, which was manned jointly by the military and paramilitary soldiers, was attacked by around 120 militants, in which 4 people were injured. It was said that the militants who attacked the checkpost were Local Taliban.",CONVENTIONAL_ATTACK_ON_GOV_FORCES
"Vice President of Press Clun Vehari, Mr. Javaid Iqbal Qureshi, was injured when unknown assailants on a motorcycle opened fire on him and injured him.",ASSASSINATION
"A young man, Asif of Phalia, severely beat up and killed his sister with an axe on suspicion of having an illicit relationship. ",ASSASSINATION
"An Afghan student of local madressa, Roohullah, was injured in a bomb explosion in Haji camp. The bomb disposal collected material from the site to determine the nature of explosive material.",TERRORISM
"Tribesmen belonging to Zakakhel, Shinwari and Malagori tribes thretened the governmet to restore electricity supply to their areas, else they would destroy the electricity installations. WAPDA (Water and Power Development Authority) had previously tried to install electricity meters in tribal area ( to bill the people for their electricity use) but their effort was resisted by the tribes. Thus the government had cut the elctricity supply.",THREAT_OF_VIOLENCE
"Suspected militants planted to explosive devices at Government Primary School Khalil for Girla, located in the densely populated  area of tehsil Bazaar. The device destroyed four classrooms and a boundary wall.",TERRORISM
An employee of the Karachi Television Corporation was found dead in Pak Colony. He had reportedly been kidnapped a day before.,ASSASSINATION
A monetary dispute took lives of three people including two brothers in Peshawar.,ASSASSINATION
Residents of Akhtar Colony blocked the main road by burning tyres and placing hurdles. After a few hours the protesters dispersed peacefully on the assurance of police officials. ,VIOLENT_POLITICAL_DEMONSTRATION
Three persons were injured in an armed clash between two groups of Lohar community over a karo-kari dispute in village Ghulam Hussain Leghari.,RIOT
"Following the shooting of a man by the police, relatives and friends of the deceased blocked the main road, burnt tyres and chanted slogans against the police. The police claimed that he was a 'criminal' was trying to flee after firing at the house of Dr. Tahir Iqbal. ",VIOLENT_POLITICAL_DEMONSTRATION
17 people were injured when Pahur and Shar tribes clashed at a Jirga.,RIOT
secuirty forces recovered 6 hand grenades from a water cooler in Miramshah Bazaar. The bomb disposal squad defused the hand grenades. They detained 18 shopkeepers and took them for interrogation.,TERRORISM
A boy was wounded when a rocket landed near him in Haleemzai tehsil. Witnesses siad the rocket was accidently fired by a man moving about with a group of gunmen.,TERRORISM
A PML former Councillor Saeed Bhatti was gunned down by unknown assailants in Baghbanpura Chowk on Sunday,ASSASSINATION
"during the security forces operation in areas around Pir Baba in Buner, six terrorists' hideouts were destroyed.",GOV_ATTACK_ON_CIVILIANS
A mini bus was torched by miscreants.,TERRORISM
"A Haqiqi worker was kidnapped and killed, later his body was dumped near the 'Deaf and Dumb School' in the Old Exhibition Area. The victim was the body guard of the brother of a Haqiqi leader, Chacha Mansoor.",ASSASSINATION
"The body of a Daska trader, Chaudhry Faiz Ahmad, was found in Girjakh area after he was missing for five days. According to the police, his body had marks of torture on it. ",ASSASSINATION
An elderly man was shot dead allegedly by his neighbour on suspicion that he had helped the killers sister elope with a man. ,OTHER
"While protesting against the murder of worker by the factory owner, violent mob pelted stones on some of the foundries and shops in Faisalabad-Samundari Road on Tuesday. They also damaged the vehicles and burnt tyres.",VIOLENT_POLITICAL_DEMONSTRATION
"Two people were killed in a shootout between rival groups in Model town. Two groups of alleged land grabbers, lead by Shahida Bhinder, a woman councillor of Gulberg Town, and Asad Riaz, a former police constable, had a dispute over the possession of a flat. A few of Asad's accomplices came in and tried to occupy the flat, which was resisted by Shahida's accomplices. They exchanged arguments followed by a scuffle, and in the ensuing crossfire, 2 people were killed and one injured.",RIOT
5 persons were gunned down by armed persons over Karo-kari on Sunday,ASSASSINATION
"activists of the Jeay Sindh Qaumi Mahaz (B) and its student wing took out processions and held demonstrations across the province against the influx of IDPs into Sindh. In Larkana, activists of JSQM-B and Jeay Sindh Students Federation took out a procession and distributed pamphlets calling for a complete strike in the district on May 23rd. the pamphlets warned traders of 'consequences' if they opened their shops.",THREAT_OF_VIOLENCE
Two people were clubbed and injured by rivals over a property dispute in Wazirabad village. ,TERRORISM
"A young man was allegedly gunned down and four others, including an aged woman, were injured when his rival group opened indiscriminate fire on him while he was standing outside his house in Gowalmandi area. According to sources, a dispute had developed between the two parties before the recent general election.",ASSASSINATION
"Clashes between Mangal and Bangash tribes continued, claiming 5 more lives and leaving 10 more people injured. The clashes started over 2 weeks ago with a dispute over distribution of irrigation water. ",RIOT
"In a peaceful protest by PRTC workers in Lahore on Wednesday, police lathicharged and used teargas to disperse the crowd. As the original article was not reported, details are being taken from this article.",VIOLENT_POLITICAL_DEMONSTRATION
Gul Hassan Tunio was injured when his rival unleashed dogs on him. The dispute between the two parties was on a land dispute which was pending in the court. The victim accused Wadero Shafi Mohammad. ,ASSASSINATION
One person was killed and 2 others were wounded in Indian shelling along LoC in Neelum Valley on Thursday,ATTACK_ON_STATE
Some unidentified motorcyclists fired on Bhurguri road in which Yar Khan Pathan was seriously injured. ,TERRORISM
11 militants were killed when helicopter gunships and artillary were used to attack militant positions in Kurram,GOV_ATTACK_ON_NONSTATE_COMBATANTS
sub-inspector Tariq Khan and his friend Chaman Gul were kidnapped from the Kohat road by suspected militants.,OTHER
"A levy sepoy, identified as Muhammad Yub, was killed near Hangu Railway crossing. The deceased was wearing a uniform and had his service rifle woth him. ",ASSASSINATION
Anwer Khairi gunned down his sister Reshman on the suspicion that she was having illicit relations with a man.,ASSASSINATION
"A suicide bomber rammed his explosive-laden car into a convoy of the FC which contained American soldiers and journalists as well. The convoy was on its way to inaugurate a school in Kad. The dead included 3 US soldiers, 4 school girls and 1 paramilitary soldiers. 2 US army trainers and 2 journalists were among the injured victims, most of whom were school girls. The Taliban claimed responsibility for the attack and alleged that the US personnel on board were members of US security company Blackwater Worldwide, now known as Xe. ",GUERILLA_ATTACK_ON_GOV_FORCES
"Mr Hatim Lakharawal, son of a business tycoon was kidnapped and later killed by unknown men in SITE Area on Saturday.",ASSASSINATION
"supporters of 7 student groups staged a demonstration on NED University campus, against the Vice Chancellor Dr. Jamil Ahmed Khan, and were baton charged by Rangers. 5 of them were injured. The BSO, IJT, PSF, Pakhtoon Students Federation, Punjabi Engineering Students Association and the Jeay Sindh Students Federation all took part in this demonstration organized by the 'Students Action Committee'.",VIOLENT_POLITICAL_DEMONSTRATION
"Fayyaz Haideri, an activist of Tehrik-i-Jafria Pakistan, was tortured to death in police custody after he was arrested from his shop in Badami Bagh. The autopsy results confirmed that the victim was tortured to death. The police, however, claimed that the victim had hanged himself in police custody.",GOV_ATTACK_ON_CIVILIANS
"Dr Sarfaraz, President of IJT was killed in a clash between IJT and Pakistan Progressive Students Alliance activists. Sophisticated weapons were used in the clash. No arrests could be made. The situation remains tense on campus.",RIOT
"Militants attacked a security checkpost in Kurram. In retaliation, security forces fired back and attacked their hideouts with heavy artillery fire. 5 militants were killed and 2 hideouts completely destroyed. Prior to the attack on the checkpost, the militants had kidnapped 15 tribesmen belonging to the Para Chamkani tribe",CONVENTIONAL_ATTACK_ON_GOV_FORCES
3 missiles fired by a US Drone at a house late at night killed 4 suspected militants. ,DRONE_ASSASSINATION
3 militants were killed and one security perosonnel was injured in Wanai area of Matta tehsil.,GOV_ATTACK_ON_NONSTATE_COMBATANTS
"Four people, including two Afghan refugees, were killed while thirteen others were injured when a bomb exploded in a spare parts shop near Charsadda bus stand in Peshawar. The explosion set fire to a nearby cylinder shop, and also damaged various other shops in the tripple storey building. A truck and five buses parked in the vicinity were also damaged. The Chief Minister did not rule out the possibility of sabotage. ",TERRORISM
"a sepoy, Mahboob was killed when militants attacked the troops. Security forces said they killed 10 militants in a counter attack.",CONVENTIONAL_ATTACK_ON_GOV_FORCES
Two friends sleeping at the back of a mosque opposite Grain market were clubbed and injured by unidentified people. ,TERRORISM
"According to sources, dozens of Taliban militants attacked a security post in the Kitkot area of Mamund tehsil in Bajaur, killing one soldier and injuring another. Upon retaliation by the security forces, three militants were killed while the rest were driven back into Afghanistan. ",CONVENTIONAL_ATTACK_ON_GOV_FORCES
"An activist of the Sunni Tehrik was shot dead standing outside his party office in New Karachi, when two unidentified assailants on a motorbike opened fire on him, killing him on the spot.",ASSASSINATION
Protests over the renaming of NWFP took place in Haripur where demonstrators ransacked and set on fire the office of PML-N MNA Sardar Mushtaq Khan and pelted the house of ANP's provincial minister Qazi Asad with stones. A complete strike was observed in the city. ,VIOLENT_POLITICAL_DEMONSTRATION
Two groups of activists of the Lashkar-i-Islam opened fire on each other after a heated exchange of words. A local commander Chatral Khan was killed in the firing. ,RIOT
"According to Bugti Tribe sources fierce clashes between security forces and Bugti tribesmen took place in Ghundoi and Surlop area of Dera Bugti. They also claimed to have killed eight security officials. However, the incidents are not confirmed by official sources.",CONVENTIONAL_ATTACK_ON_GOV_FORCES
A bomb was planted within the premises of a school in UP society on Monday which was defused by Bomb Disposal Squad on Monday. ,TERRORISM
Mohammad Zahid was gunned down outside his house. The Pak Colony police said that they were looking for Qadeer who was nominated in the FIR.,ASSASSINATION
Pattoki police baton charged and injured around half a dozen traders who were protesting against police excesses.,GOV_ATTACK_ON_CIVILIANS
"A man killed his seveteen year old wife with an axe on suspicion of bad character, and later surrendered himself to the police. ",ASSASSINATION
"A clash occurred between activists of MQM and PPP. The PPP claimed that the car carrying its MNA Naheed Khan came under attack. The windscreen of the vehicle was smashed. This was refuted by TPO, Malir, Altaf Hussain Leghari, saying that he visited the area and everythig was normal. This incident took place during the by-elections for 3 NA seats and 1 PA seat.",RIOT
"Mohammad Saddique was killed and his brothers, Mohammad Hanif and Saifullah, were injured when 3 men attacked them with axes due to an old land dispute. ",ASSASSINATION
"Masked men on motorbikes resorted to indiscriminate firing in New Karachi and North Nazimabad, killing 6 people and injuring another 11. The motive behind the firing was not known. The Army was called out as it became increasingly difficult for the police to control the situation. ; Follow-up: A follow-up report claims that 7 people were killed. ",TERRORISM
A man was shot at and injured allegedly by rivalson the premises of deepalpur kutchery on Friday.,ASSASSINATION
"Two Afghan refugees were killed and two others were injured when a bomb of high intensity went off in a truck outside the tentage village of Manda near Shabqadar, 40 kms from Peshawar. ",TERRORISM
A bomb exploded near a mosque however no casualties or damage was reported.,TERRORISM
"Some unidentified assailants shot at and critically injured Haji Fidaur Rahman, The victim was the grandson of Maulana Abdullah Dehalvi, founder of the Maderessa Jamia Ashraful Loom.",ASSASSINATION
"The Railways police received information about a bomb planted in a train. They  then called the Bomb Disposal Squad who examined the area and found 3 stick like bombs in the area and defused them. According to a police officer, they were a new type of powerful local bomb. ",TERRORISM
"Two tribes of North and South Waziristan Agencies clashed over a petty dispute. Both tribes used heavy weaponry, resulting in the death of Ismail- son of Khan- and Ghafoor- son of Waziri. There were also 2 people injured. The political administration rushed to the area to negotiate a ceasefire. ",RIOT
"Ten people, three women and four children were killed when military planes bombed a house in the Feroze khel area of Orakzai. Two other empty houses were also razed to the ground. Officials claimed that except the women and children all other dead were militants while independent sources said that all that were killed were civilians.",GOV_ATTACK_ON_NONSTATE_COMBATANTS
A man was killed In Mominabad. ,ASSASSINATION
A group of people in a Suzuki High-Roof vehicle attacked the police in Korangi area which led to an exchange of fire in which 1 youth was killed while another was injured. The police also managed to seize the vehicle which had Sindh Government registration plate. ,VIOLENT_POLITICAL_DEMONSTRATION
"The Station Master of Larkana Railway Station, Mr Islamuddin Shaikh, was seriously injured when armed men opened fire at him. ",ASSASSINATION
On-going wave of violence continued in Karachi. The bullet-riddled body of a young man was found in the Lyari river. ,ASSASSINATION
"Four armed men shot dead three people, including a retired police inspector, when they were sitting outside a shop. According to details, the assailants wanted to stop former sub-inspector Chaudhary Talib Olakh from pursuing a murder case. But the deceased did not oblige to them.",TERRORISM
"Qamar Javaid Gujjar, former Kot Nakka union council nazim and former Pindi Bhattian bar president, was shot and injured by his rivals.",ASSASSINATION
two terrorist hideouts were destroyed in Meragai.this was one of the incidents for which the army has claimed that 23 terrorists were killed and 5 were captured during operationsin Swat and Dir on 1-jul-09 and 2-jul-09.,GOV_ATTACK_ON_NONSTATE_COMBATANTS
"Asad Nawaz, an old student of Islamia College, and his four accomplices opened fire in Islamia College to harass their rivals. The accused harassed a student Raheel to leave the Anjuman Talba Islam and then fired shot into the air.",TERRORISM
"Pir Allama Shah Nazar, who was a local leader of the JUI-F and a cleric, was shot dead while he was sitting inside a mosque. The two assailants were claimed to be Darya Khan and his son Ikram. ",ASSASSINATION
"2 back to back suicide bombings at the administrative compound in Ghalanai killed at least 40 people and injured more than 60. The first militant blew himself up at the main gate while the second detonated himself inside the compound while a meeting of government officials, allied tribal elders and members of anti-Taliban malitia was taking place. The TTP claimed responsibility for the attack. Among those killed were 12 government officials, 2 television journalists, a tribal elder and several security guards. ",TERRORISM
"The third drone strike of the day targeted a pick up truck, killing all 5 people on board. ",DRONE_ASSASSINATION
"Sargodha prison officials allegedly tortured an under-trial prisoner due to which he 'lost his senses'. It was reported that the man was allegedly implicated in a Hudood case on charges of attemtping suicide, due to political rivalry, and he was reportedly tortured at the behest of his political opponents.",GOV_ATTACK_ON_CIVILIANS
A blast took place at Lahore hotel on GT road killing one customer and injuring 24 others. The incident took place six kilometers away from the site where the annual congregation of Lashkar I Taiba was taking place.,TERRORISM
A woman was wounded when she was hit by a stray bullet in Aziz Bhatti.,TERRORISM
"following the clashes at GCT and DMC the supporters of one student group stoned Karachi University buses near NIPA Chowrangi and tried to set ablaze public busus near Islamia College, Hasan Square and Tibbat Centre.; Faisla bin Anjum, an office bearer of JI, Old City Area, Abdul Karim Vayani who was injured in an attack on JI office on the 24th died on the 25th.",TERRORISM
Two government employees were killed in Kawsar area of Khar. Details not available.,ASSASSINATION
"The body of an old man, murdered by unidentified killer(s) was found floating on the river.",ASSASSINATION
"Security forces killed 3 militants identified as Hazrat Hussain, Akbar Hussain and Attaullah. ",GOV_ATTACK_ON_NONSTATE_COMBATANTS
"An ASI of police was shot dead by five armed men near Sultankot. According to police, Ghulam Nabi Soomro and four of his accomplices, armed with guns and pistols, murdered the ASI of Sultankot Safdar Ali Mangi.  The motive behind the murder was not stated in the report.",ASSASSINATION
A police checkpoint on the main Khwazakhela road near Gunj Alam was destroyed. The explosion was heard in far-off areas and caused panic amond the people.,GUERILLA_ATTACK_ON_GOV_FORCES
"The body of Imran Tanoli, 30 was found. He was believed to be kidnapped and hit on the head with a blunt object. Police have not been able to determine the motive behind the murder.",ASSASSINATION
"Unidentified men opened fire on Maulana Bashir Ahmed Khaki, President SSP, Shorkot, while he was offering prayers at a mosque. The Maulana's bodyguards retaliated, forcing the assailants to flee. The Maulana escaped unhurt. ",ASSASSINATION
A villager was shot at and wounded in attack by armed assailants in Jafar Khan Laghari Village on Friday,ASSASSINATION
"Scattered incidents of firing were reported from the area near Safoora Goth. However, no casualty was reported.",TERRORISM
A man was killed when unidentified gunmen sprayed a passenger coach with bullets.,TERRORISM
25 shops were damaged in an explosion in the Darya Khan markeet in Mingora bazaar.,TERRORISM
Seven member of Qambrani and Mafrani clans were killed in an armed clash in Saleh Issani village in Shikarpur. The clash took place after people from Qmbrani clan attacked Amir Bux Mafrani the previous night.,RIOT
"Moin Khan, a government official who worked for the Provincial Communications and Works department was shot dead in front of his house by unknown assailants on a motorbike.",ASSASSINATION
Six people in a barber shop were injured when someone hurled a hand grenade in it.,TERRORISM
A body of a young man was found in a desolate place.,ASSASSINATION
A man murdered his wife for her alleged affair with a youth in Jhandu Sahi-Bambaanwala village in Daska. He slit her throat while she was asleep.,ASSASSINATION
Councillor Akhtar Husain Bajwa and three followers were injured in an armed clash with a rival councillor and his three supporters. The dispute was over the contruction of a road.,RIOT
the Kohat prison authorities called in additional force to control the situation when 'Taliban' inmates resorted to a protest against the arrest of their collegue from the jail mosque. They broke taps and pipes and accused the police of desecrating the mosque. the matter was later settled between the jail administration and the Taliban. ,VIOLENT_POLITICAL_DEMONSTRATION
Taliban ambushed security foces when the latter were returning to base camp after a raid and a serach operation. The ambush left 1 soldier dead and 4 others injured. Security forces exchanged fire after which the Taliban fled. ,CONVENTIONAL_ATTACK_ON_GOV_FORCES
More than 100 flood affected IDPs demonstrated in front of Jinnah Bagh against the government for not providing proper food and medical facilities at IDP camps. They burnt tyres and PPP flags and also force shopkeepers to close their businesses. ,VIOLENT_POLITICAL_DEMONSTRATION
"Fierce fighting erupted between volunteers of a local lashkar and militants when militants ambushed two vehicles of a peace committee. Two vehicles carrying volunteers of the peace committee from Lakaro to Kareer for a search operation were attacked by militants when they reached the area. The armed volunteers retaliated, and the security forces sent reinforcements to aid the volunteers against the militants.",CONVENTIONAL_ATTACK_ON_GOV_FORCES
"A van, No. PE-1802, was set on fire",VIOLENT_POLITICAL_DEMONSTRATION
A man was injured in Pak Colony.,OTHER
"Following the strike call given by MQM steering committee, armed youths took to the streets and resorted to violence. Armed exchange between the police and protesters took place at the mentioned locations. ",VIOLENT_POLITICAL_DEMONSTRATION
"An elderly man, Muhammad Hussain was slaughtered by unknown persons while he was asleep in his house. ",ASSASSINATION
Two people were injured in incidents of shooting.,OTHER
Three persons were killed and five others were injured in a clash that took place between supporters of the PPP and ANP at a polling station in Peshawer.  The shooting between parties lasted for three hours because some supporters of the ANP were using fake ID cards. Eyewitnesses claimed that both groups of supporters called their respective party leaders who rushed to the spot and a shoot out ensued. ,RIOT
"Armed motorcyclists opened fire at 2 Nato oil tankers, forcing the drivers and other people on board to flee. They then set both tankers on fire. ",TERRORISM
A CD shop was blown up in Iranabad area of Mardan.,TERRORISM
"The labour union of the KESC along with residents of Akhtar Colony and neighbouring areas, protesting against the management, turned violent as they burned tyres, blocked traffic and pelted moving vehicles with stones. Police fired tear gas shells and used batons to disperse the crowd. ",VIOLENT_POLITICAL_DEMONSTRATION
"Troops backed by security forces continued to target militant hideouts in Kattkalla, Elum and Karakar areas.",GOV_ATTACK_ON_NONSTATE_COMBATANTS
"12 paramilitary soldiers were killed when insurgents besiged a base camp of the Bajaur Scouts housed in a school building. However, contrary to official reports, militants claimed that 80 paramilitary officials had been killed.",CONVENTIONAL_ATTACK_ON_GOV_FORCES
Umer Daraz and Nawaz were killed when their rivals opened fire at them over irrigation water dispute. One Akhtar also sustained bullet injuries.,ASSASSINATION
"Miscreants entered a post office and through inflammable material inside, setting it on fire. No further details given.",TERRORISM
A young man's body was found in Kokani Mohalla in Baldia Town.,OTHER
A person was killed when two groups of the Narejo tribe clashed with each other over an old dispute.,RIOT
A 'settler' Muhammad Iqbal and his son along with two other were injured in grenade attacks on their house by unidentified party.,TERRORISM
An unidentified bullet-riddled body was found from Buffer Zone.,OTHER
A remote controlled bomb exploded when a vehicle carrying personnel of Bhombor Rifles was passing.,GUERILLA_ATTACK_ON_GOV_FORCES
"The Muttahida Qaumi Movement and the Jeay Sindh Quami Mahaz jointly held a demonstration against the water shortages and alleged injustice against the Sindh. However, as they reached near Zainab Market in their attempt to reach the Governor's House, the police resorted to using batons and teargas to disperse the protesters. The protesters became violent and smashed window panes of dozens of vehicles. The shops closed down abruptly and the police arrested 40 people. 3 policemen and more than two dozen protesters were injured. ",VIOLENT_POLITICAL_DEMONSTRATION
"Eleven members of a family were killed and 17 others were injured when about 20 armed men of rival Chandio Tribes stormed the Karmi Chandio village in Gharo. The the deceased belonged to the family of Lateef Chandio, who had allegedly given information about Paro Chandio, a dacoit, to the police two years ago. ",ASSASSINATION
"As part of the violence on the second day of a two-day strike called by the Mohajir Qaumi Movement (MQM), four bodies were found stuffed in gunny bags from a car at Millet Gardens in Malir. Their hands and feet were tied and they had bullet holes in their heads. ",TERRORISM
Six militants were killed in a clash with security personnel in Qambarkhel area. This was a part of the operation 'Here I come again' by the military to clear the area of militants.,GOV_ATTACK_ON_NONSTATE_COMBATANTS
Four unidentified assailants shot dead Wajid Hussain while he was asleep in his outhouse. The motive behind the incident could not be ascertained. ,ASSASSINATION
"Data Ganj Bakhsh Town Nazim, Khwaja Hassaan ordered that the pornographic material that was being sold outside the Railway Station be burnt and ordered a crackdown on all internet clubs that show pornographic material.",OTHER
a dispute over a piece of land resulted in an armed clash between two parties. One man was injured.,ASSASSINATION
"Shafiur Rehman, a student of the MAO College was injured when 2 warring factions of the Muslim Students Federation exchanged fire over \holding\"" the college hostel. The hostel is presently occupied by the Abid Chaudhry group of MSF, and were attacked by the Arshad Amin Chaudhry group.""",RIOT
"3 men of the Chandio clan barged into the house of Fata Muhammad Maree and opened fire, killing Ghulam Khan Maree and injuring his wife. The reason for the attack is said to be an old feud between the Chandio and Maree clans. ",TERRORISM
Militants fired four rockets on an FC checkpost in Jawni area which exploded in an open area.,GUERILLA_ATTACK_ON_GOV_FORCES
"In Gojar Garhi in Mardan, there was an exchange of indiscriminate fire, resulting in seven people being seriously injured.",OTHER
Firing by Indian troops from across the LoC left one man injured. ,ATTACK_ON_STATE
Militant fired a rocket on the police van in Doaba area killing two policemen and injuring three others.,GUERILLA_ATTACK_ON_GOV_FORCES
2 students were killed in a clash between students of Jeay Sindh Students and SPSF in Mehran University of Engineering and Technology in Jamshoro on Friday.,RIOT
A girl who allegedly survived an 'honour killing' attempt was found unconscious near Saggian Bridge in Ravi and was admitted to the hospital with severe neck injuries.  According to sources her uncle had always admonished her for having loose morals and she had left with him last she was seen. ,ASSASSINATION
"A man, Mumtaz Khan, was shot dead by Ghulam hussain, Akbar and Haji Muhammad. The accused wanted to grab a piece of land possessed by the deceased.",ASSASSINATION
"People of Chowk Munda Town took out a procession to protest against the Chairman of Union Council and his accomplices who had allegedly raided a girl's school and misbehaved with the teachers after drinking liquor. The mob pelted a police party with stones after which the police resorted to baton charge. Some agitators attempted to set some buildings on fire after which the police opened fire. It was alleged that 7 people were killed and 11 injured as a result. However, the police claimed that 3 people were killed and 20 were injured. ",VIOLENT_POLITICAL_DEMONSTRATION
Mr. Anwar was mysertiously found dead in the field.,ASSASSINATION
The unidentified body of a woman was found in Shahdara town on Saturday,OTHER
"3 men, who were suspected of having developed 'illicit relations' with a girl were attacked and injured by 6 armed men, believed to be the relatives of the girl. ",RIOT
a strike was observed in Balochistan against the killing of the three Baloch leaders. A bomb exploded in Wadh area of Khuzdar district.,VIOLENT_POLITICAL_DEMONSTRATION
Three persons were injured in a bomb explosion in Shikarpur. Two suspects were later taken into custody.,TERRORISM
"Protesters, mainly comprising of Sunni Tehreek activists, tried to stage a protest against the death sentence awarded to Salman Taseer's murderer, Mumtaz Qadri. Police had blocked M.A.Jinnah Road near Numaish Chowrangi to avoid disturbance as was ordered by city officials, but the protesters managed to gather at the Chowrangi. Police had to resort to baton-charge and tear-gas shelling. Finally a water cannon was used to disperse the crowd. ",VIOLENT_POLITICAL_DEMONSTRATION
"One person was killed and 30 others, including a sub-inspector, were injured in a clash between to sectarian groups. Police used teargas to disperse the rioters.",RIOT
2 armed persons stabbed their rival to death.,ASSASSINATION
Five people were injured when a blast took place near a CD shop in Asif centre. A banned organisation had previously warned shopkeepers of Asif centre to stop the CD-video business.,TERRORISM
a local cleric and his son were gunned down on 19-jul-09. their bodies were found on 20-jul-09.,ASSASSINATION
A powerful explosion occurred near the house of PML Q candidate Sardar Hassani in Chagai.,TERRORISM
A local made explosive device went off at the Government college in Mansehra destroying its wall. ,TERRORISM
"Angry protesters, entered the town Hall builiding and smashed windows of the cars parked inside and besieged the building for two hours.Police secured the area.",VIOLENT_POLITICAL_DEMONSTRATION
"Two sisters were shot dead by ten armed men, all allegedly belonging to the Chandio caste, when they burst into the house of Qurban Chandio and opened fire.",ASSASSINATION
"Three people were killed and six others suffered injuries when unidentified armed men opened indiscriminate fire on a passenger van near Kaghazai village, carrying passengers belonging to the Bangash tribe. In protest over the killings, angry Bangash tribesmen took 40 people hostage when they were passing through the Ustarsai and Sherkot areas.",TERRORISM
"JSM leader-Abdul Wahid Aresar was arrested during a raid by the Police on his house in Umerkot on Monday. During a press statement, he alleged that the police had tortured him and he was shifted to Umerkot hospital.",GOV_ATTACK_ON_CIVILIANS
"Two people were killed and eight others were injured when a roadside bomb  hit a Froebels School van on the main Pejagi Road, while a second bomb exploded a few metres from there, suspected to have targeted police. According to officials, the second bomb could not explode completely due to poor quality.",TERRORISM
A police constable was shot dead by unidentified gunmen. The reason behind the killing is not known.,ASSASSINATION
A FC checkpost was destroyed in the Bagh Ali area after being hit by six rockets. No casualty was reported.,CONVENTIONAL_ATTACK_ON_GOV_FORCES
"An armed clash between two groups over cattle grazing occurred. 19 people were injured in an attack in which rifles, axes, iron rod and stones were used.",RIOT
An unidentified man was shot dead in Nazimabad.,ASSASSINATION
3 dead bodies were found in Khaisur village while a fourth one was found in Alikhel village. Locals said that the four men had been killed after being accused of spying for the US,ASSASSINATION
"Two members of a family were killed and two others were injured when a hand-grenade exploded in Sheja Town, Kangarh.",TERRORISM
"Armed men, allegedly belonging to the Kalhoro tribe, opened fire at Raja Khan Mangnejo, a notable tribesman from another tribe when he was sitting at a shop. ",ASSASSINATION
"Speakers at a demonstration against prolonged power outages threatened to set ablaze the Chakdara grid station, houses of PESCO authorities and their vehicles if the problem was not resolved within a week. The protest was led by local political leaders. ",THREAT_OF_VIOLENCE
"In the aftermath of the assassination of a pro-Government tribesman who had announced that he would raise an anti-Taliban lashkar, TTP spokesman Hafiz Saeed warned those wishing to raise lashkars against the Taliban would face serious consequences. ",THREAT_OF_VIOLENCE
"12 people died and 13 were injured when \some explosive material\"" went off in a residential colony. No other details were given.""",TERRORISM
"Two brothers, Ali Ahmad and Imdad Ali, were killed by 7 armed men in Okara.",ASSASSINATION
Three people were killed in an armed clash between two groups in Shikarpur district. The dead were identified as Noor Hassan Kambrani and Mehboob Kambrani while name of third person could not be ascertained.,RIOT
"4 men on two motorbikes offered a lift to Saeed Badshah, who was a 40-year-old man with a disabled leg. They took him to a deserted place and shot him dead. ",ASSASSINATION
Two landmines were defused by security forces. ,GUERILLA_ATTACK_ON_GOV_FORCES
An unidentified boy was found murdered in an open field in Feroze Park in the Shahdara area. He had several injuries to the head and other parts of the body.,OTHER
A person was found dead in Bhatti Gate on Saturday,OTHER
Abdul Qadir Rind was shot dead by unknown attackers near Shahwani Chowk in Sariab locality. The assailants riding a motorcyle escaped after the killing. ,ASSASSINATION
A US Drone fired 6 missiles at 2 pick-up trucks that were allegedly carrying arms and ammunition to Afghanistan. The attack killed at least 21 militants and injured another 4. ,DRONE_ASSASSINATION
Two teenagers were injured when mortar shells fired by the Indian troops from across the LoC hit them.,ATTACK_ON_STATE
a man and his wife were gunned down by unknown men who barged into their house in Khar area of Bajaur Agency. The accused managed to esape and authorities have ordered an inquiry into the incident.,ASSASSINATION
"The watchman of a vocational institute, Zahoor Ahmad, was found dead when a sweeper visited. He had been strangled with his hands and legs tied.",ASSASSINATION
"At a polling station in Spal Colony, a scuffle between two rival candidates led to their arrest.",RIOT
Four shops were set ablaze.,TERRORISM
A tribesman was killed in a blast in the Dwazai area of the Pindyali tehsil.,TERRORISM
"Air strikes by the military on Taliban hideouts in Dara Adamkhel destroyed the camps of two militant commanders, Qaiser and Zareen, and killed 2 militants. The attack was in retaliation to the militant attack on the Zor Kalay checkpost earlier. ",GOV_ATTACK_ON_NONSTATE_COMBATANTS
"The Indian Security Forces continued firing on Zafarwal, Charwa, Bajwat, Chaprar, Harpal, Sucheetgarh, Bajragarhi and Shakargarh sectors. As a result, the firing killed 2 baffaloes and badly damaged some houses as well as distrupted the sowing of paddy crop. The Chenab Rangers returned fire forcing the Indian armymen to flee to their bunkers. ",ATTACK_ON_STATE
Arshad of Baghyana village had allegedly developed illicit relations with a girl from Naniyanwala Khu. The relatives of the girl burnt him dead.,ASSASSINATION
"Three members of a family, Ahsaan, Shah Jehan and Zulfiqar were killed when armed men opened fire at them while they were at their outhouse. ",ASSASSINATION
One person was killed and another was injured in shooting in Shah Faisal Colony. ,TERRORISM
an explosive device damaged a bridge linking Miramshah with Bannu.,TERRORISM
"Protests against massive loadshedding of electricity in Punjab continued on the third consecutive day. In Bahawalnagar, traders took out  rallies in various parts of the city. They set tyres ablaze at one such rally at Kalma Chowk.",VIOLENT_POLITICAL_DEMONSTRATION
"A union council Nazim of Landhi Town, Imran Ahmed, was shot dead by two men on a motorbike while he was sitting at a shop with his friends. The victim was associated with the MQM. ",ASSASSINATION
4 soldiers were wounded when an army convoy was struck by a remote controlled explosive device near Chashma bridge.,GUERILLA_ATTACK_ON_GOV_FORCES
4 vehicles were burnt and property was damaged by unidentified people,VIOLENT_POLITICAL_DEMONSTRATION
Three people were shot dead by Bashir Ahmed and his fourteen accomplices over a land dispute. Bashir Ahmed opened fire at a  panchayat which was called in to resolve the land dispute.,ASSASSINATION
A clash between the Sindh Peoples Student Federation (working committee) and Jeay Sindh Students Federation in polytechnic college caused injury to working committee organiser Riaz Abro. The clash occurred when the student groups exchanged harsh words during a paper of third year civil engineering.,RIOT
Four unknown assailants attacked the house of Sha Wali and killed him. While fleeing they a;lso shot and injured to passers-by.,ASSASSINATION
"Three traders were injured when octroi staff, who were trying to collect a higher amount than the schedule, scuffled with the resistong traders. An inquiry was launched. ",RIOT
"Azam Khan Mahsood, a leader of the Pakistan Muslim League labour wing was shot dead on his way from his newphews valima, when unidentified motorcyclists opened fire on him and fled.",ASSASSINATION
"The strife-hit areas of Karachi witnessed renewed violence, as dozens of arsonists stormed a factory in Sohrab Goth and torched at least 80 motorcycles parked outside.",TERRORISM
An unidentified man was killed and another injured when unknown men opened fire at them. ,ASSASSINATION
"Gulfam, 60, was shot at in Landhi. This incident occurred during the strike by MMA against the killings of its workers during the by-elections.",VIOLENT_POLITICAL_DEMONSTRATION
A police constable was killed when unidentified men intercepted him and opened fire while he was on his way back to the Saeedabad police station. They sped away with the victim's machine gun.,ASSASSINATION
A Hindu landlord was killed by eight armed men of the Khaskheli clan over a dispute of agricultural land in Mirpurkhas.,ASSASSINATION
"Two men on a motorbike intercepted a bus and forced the driver, the conducter and the passengers off at gunpoint. They proceeded to set the vehicle on fire .",TERRORISM
"Militants fired five rockets, which landed in different areas of Hangu, but caused no casualties, police said. Officials said that three unexploded rockets were found in fields in the Togh Sarai area and two live rockets near Sarozai Piala area. District Police Officer Ghulam Muhammad said members of the bomb disposal squad defused the unexploded rockets.",TERRORISM
Abdul Aziz was injured. No further details were given.,OTHER
"Activists of the ANP opened fire on JSQM activists following a dispute the night before. The ANP had hoisted their flags in an area that was considered a JSQM stronghold and the latter proceeded to remove them. The two groups were supposed to meet and resolve the issue the next day but instead the two groups clashed. However, the man killed did not belong to either party. A man working at a drycleaner shop and a pedestrian were also wounded. ",RIOT
Activists of the Sipah-i-Sahaba protested against the killing of SSP workers in Islamabad. They blocked K.K.H Road for several hours and damaged three shops.,VIOLENT_POLITICAL_DEMONSTRATION
"A close relative of Mangal Bagh, the head of the Lashkar-i-Islam, died in the custody of security forces. Security forces insisted that Ismail, the deceased, died due to a heart attack but unofficial sources claimed that he was killed during interrogation. ",GOV_ATTACK_ON_CIVILIANS
"Violence continued in Hyderabad and Latifabad for a second consecutive day when a truck was set on fire in Unit no. 12, Latifabad.",VIOLENT_POLITICAL_DEMONSTRATION
"unidentified men shot dead a man, his wife and their two children. Relatives of the family said they had no enmity with anyone. Motives behind the killings are not ascertain. Bakot police have registered a case.",TERRORISM
"Two unidentified assailants shot at and injured the complainant of a sectarian murder case, Tanveer Naqvi, as he was heading home. He abandoned his bike and tried to flee. Tanveer is the complainant of the murder of his brother, Nisar Naqvi, who was shot dead in 1998.",ASSASSINATION
Firing was reported from Rashid Minhas road where 3 shops near Fayyaz Plaza were also set on fire. ,TERRORISM
Mada Khel tribesmen clashed with Tochi scouts after negotiations between the political administration and the Mada Khel tribe broke down. The negotiations were concerning the land dispute between the Mada Khel Wazir and Khaddar Khel Wazir tribes that has resulted in a bloody conflict for the last 2 months.,CONVENTIONAL_ATTACK_ON_GOV_FORCES
a girl was shot dead by her brother for having run away with a man. He surrendered himself to the police after killing her.,ASSASSINATION
a man was killed and 4 members of his familly were injured when a bomb exploded in their house in Awanabad area.,TERRORISM
A bomb weighing about 500 grams was defused from the busy Shafi Market in cantonment area of Peshawar.,TERRORISM
It was reported that the some armed men opened fire at the house of Federal Minister Ghulam Dastgir Khan and fled. ,TERRORISM
"An amputated body was found from Bhogiwala, stuffed in a gunny sack.",OTHER
A person was found dead near Boat Basin on Sunday. Police said that there were torture marks on his head,ASSASSINATION
Two militants were killed and seven others were injured when security forces pounded the hideouts of Tehrik-i-Taliban Pakistan in the Akhorwal area of Darra Adamkhel using helicopter gunships. Officials claimed that two camps of Taliban commanders were also completely destroyed in the air strikes.,GOV_ATTACK_ON_NONSTATE_COMBATANTS
17 people were injured in firing in these areas. No further details were given.,OTHER
"A US drone fired two missiles at a vehicle, killing 4 people and injuring 1. ",DRONE_ASSASSINATION
A man was killed in District west in in firing by some unknown persons.,TERRORISM
"Saeeda was stabbed to death by her husband, Abdul Hameed, as he suspected her of infidelity.",ASSASSINATION
"Militants attacked various checkposts in the Miramshah tehsil which led to clashes that lasted for about 2 hours. Both sides used rockets and missiles. 10 houses were damaged, a woman was killed and another woman and 3 children were injured. ",CONVENTIONAL_ATTACK_ON_GOV_FORCES
"A man, Bashir, strangled his niece on suspicion of illicit relations.",ASSASSINATION
A vehicle of Sui Gas company was completely destroyed by protesters. ,VIOLENT_POLITICAL_DEMONSTRATION
"Violence broke out in different localities of the city in Quiadabad when people took to the streets and set fire to tyres, disrupting whatever traffic movement there was.",RIOT
Bomb disposal squads of the police and the army found two rockets in Hangu that were believed to have been planted there to attack an army fort in Thall. They were still trying to difuse them till the filing of the report.,GUERILLA_ATTACK_ON_GOV_FORCES
Five people were killed and 11 were wounded in the fresh incidents of violence in Kurram region as the two warring tribes - Toori and Bangash - continue to fight. Tribal elders have visited various areas to stop the fighting in the region.,OTHER
"As part of the on-going violence by the MQM in Karachi, youths took to the streets, lit bonfires and set, at least, 12 buses, minibuses, trucks and private vehicles on fire in areas of Nazimabad, Korangi, Garden, Nabi Naksh, Orangi, Azizabad, Pakistan Quarters, Arambagh, Liaquatabad and Gulbahar. Youths also exchange fire with the law enforcement agencies in the troubled region. ",VIOLENT_POLITICAL_DEMONSTRATION
"2 rival groups-led by Mian Shafiq and Waris- exchanged fire, injuring a passer-by (Abdul Hamid). The police reached the area and arrested 12 people including the Naib Nazim Mohammad Nasir.",RIOT
"An armed clash took place between the All Pakistan Muttahida Students Organization and the Pakhtoon Students Federation. In the aftermath of the clash, activists from one of the organizations blocked University Road and it took a baton-charge by the police to disperse them. An hour after a clash the body Sajid Abass, a student of the Gulistan-i-Jauhar Degree College was found. Police claim he was a victim of indiscriminate firing during the clash. ",RIOT
"A strike was observed in several areas in order to protest against the police for registering false cases against the Rahu family. The protesters burnt tyres and the police baton-charged the protesters, injuring 1. ",VIOLENT_POLITICAL_DEMONSTRATION
"A clash occurred during a tribal jirga called to settle a land dispute between two groups of Laghari tribesmen. Guns, axes and clubs were used, thus 20 people were injured . The tribal chief of Laghari tribesmen, ex-MPA Johi, Sardar Akbar Khan Laghari represented one group and District President PPP, Rais Raffique Ahmad Jamali and Provincial Leader of the Pakistan Millat Party, Dr. Manzoor Ahmed Laghari, represented the other side. ",RIOT
"many incidents of violence were seen followed by a city-wide shutdown, after the Jeay Sindh Qaumi Mahaz called for a strike to protest the influx of IDPs. the Garden police said that a woman was burned to death when a mob set a minibus of route P-1 on fire. they arrested 6 people for the incident.",VIOLENT_POLITICAL_DEMONSTRATION
"During the strike called by religious parties against the US-led attack on Afghanistan, an Edhi ambulance was atacked by protesters.",VIOLENT_POLITICAL_DEMONSTRATION
"Two trucks carrying supplies to Nato forces in Afghanistan were attacked by armed men. The assailants opened fire from nearby mountains, injuring 3 people including the driver. ",TERRORISM
Hundreds of people demonstrated against frequent robberies and pelted the police with stones when the latter tried to disperse them by resorting to baton charge. 5 pole protesters only dispersed after senior officials assured them that action would be taken against policemen showing negligence. ,VIOLENT_POLITICAL_DEMONSTRATION
"the body of an unidentified man was found in Rohi drain near Balhar Village, Nishtar Colony.",ASSASSINATION
"Students of the Government Degree College, Chichawatni took out a procession to protest against the high-handedness of a conductor and driver of a passenger bus against a student. They pelted buses with stones and 1 student was injured. The owners of the vehivles also retaliated adn threw stones at the students. 6 students were booked by the police for taking out an illegal procession.",VIOLENT_POLITICAL_DEMONSTRATION
"Mohammad Nazir Mohmand, a renowned poet of Mohmand region, was found killed. The victim had been kidnapped from Peshawar by unknown men a couple of days ago. ",ASSASSINATION
Nawaz and Khizer Hayat had an agricultural land dispute. Nawaz and his accomplices opened fire on Khizer while he was watering his fields and killed him. ,ASSASSINATION
An 11 year old boy was injured and a tubewell was partially damaged when an explosive device went off in a village in Tor Chappar area of Dara Adamkhel. ,TERRORISM
"In a clash between JSSF and SST, 5 JSSF students were injured. ; Follow-up: It was reported that the dispute was over the setting up of a board in the name of G.M.Syed and Fazil Rahu. ",RIOT
Some residents of Orangi Town No. 8 1/2 took to the streets and started protesting against the KWSB and the KESC. The raised slogans against the shortage of water and the power break downs. The police intervened and started to baton charge and throw teargas shells at the protesters to make them disperse. The protesters retaliated by pelting the protesters with stones and and setting fire to tyres. ,VIOLENT_POLITICAL_DEMONSTRATION
A landmine blast left one woman dead and another injured. ,TERRORISM
"A US drone strike killed three militants, when two missiles were fired at a vehicle as it drove through a village near Mubarak Shah Town in North Waziristan. Securtiy officials claimed that there were reports that a fourth militants had been killed but they were not yet confirmed. ",DRONE_ASSASSINATION
A man was found hanged in a park in Shafiqabad area on Saturday,ASSASSINATION
"A massive car bomb exploded near a gathering that was held to commemorate the first death anniversary of Maulana Azam Tariq. People were leaving the venue when according to an eye witness a car rammed into the crowd and exploded, killing at least 39 and injuring at least 70. Nearby property was also damaged.",TERRORISM
"ARD activists gathered at the Concourse hall, however, the police pushed them towards the parking area to make them leave the airport. However, they started chanting slogans against the military regime. Lahore PPP (Women Wing) President Sajida Mir hit a sub-inspector with her sandal when he grabbed Qasim Zia (Punjab PPP President). There were no female police officers and male officials man-handled the female activists. ",VIOLENT_POLITICAL_DEMONSTRATION
A rocket was fired at the home of federal minister Zubaida in Mand area. ,TERRORISM
"Hundreds of prisoners had taken control of the Central Jail Mach in protest against body and barracks searches. The prisoners had set ablaze a training centre and some rooms inside the jail. Personnel of the Frontier Corps, Anti-Terrorist Force and police were called in to control the situation. They fired tear gas shells inside the jail to disperse the prisoners and fired blank shots in the air. The siege was ended when they prisoners' demands were met, and they released the 30 people they had held hostage for over 13 hours in protest.",VIOLENT_POLITICAL_DEMONSTRATION
An employee of the Police Foundation was shot dead by unknown assailants. ,ASSASSINATION
A villager was injured in Nagdar village in Neelum valley as the indian forces continued firing from across the LoC.,ATTACK_ON_STATE
"Abdul Rashid had suspicions that his younger brother had developed illicit relations with his wife and pretended to go out of the city. When he returned late at night, he allegedly found them in a compromising position and killed his wife with a  pillow, while his brother escaped. He later courted arrest and confessed to his crime.",ASSASSINATION
An armyman was killed and two others were injured in the Kotkai village mosque during prayers when gunmen opened fire on him and his relatives. ,ASSASSINATION
"A powerful bomb blast rocked Taftan, a border town on the Pakistan-Iran border when it exploded near a small law enforcement agency, damaging its wall. ",GUERILLA_ATTACK_ON_GOV_FORCES
following the killing of the baloch nationalist leaders violence erupted in Balochistan. a group of protesters damaged a date processing plant and a Nadra office.,VIOLENT_POLITICAL_DEMONSTRATION
5 activists of the Sunni Tehreek were arrested after they fired in the air to force shop keepers to shut their businesses on Tariq Road. Similar incidents of firing took place in other parts of Karachi as well. One person was injured in the violence and he was taken from New karachi to Abbasi Shaheed Hospital.,VIOLENT_POLITICAL_DEMONSTRATION
Defence Minister Ahmed Mukhtar's escort car GD-825 was hit by stones thrown at his mototrcade. This was in reaction to the Suprem Court's decision.,VIOLENT_POLITICAL_DEMONSTRATION
"Fighter planes targeted suspected militant hideouts near the Pak-Afghan border, killing 4 and injuring 5 militants. ",GOV_ATTACK_ON_NONSTATE_COMBATANTS
A minibus of route N-5 was intercepted and set on fire. The interior of the bus was severely damaged. ,TERRORISM
"Suspected militants gunned down a member of a peace body in Bara, Khyber when they ambushed him on the Matani Shaikan Road in Peshawar. ",ASSASSINATION
"Rehmatullah Hashmi, a student of Bahauddin Zakariya University Multan, was severely beaten up by some persons who used 'iron fists' and batons. The Vice-Chancellor was assured by two leaders of the IJT that legal action would be taken against the culprits.",TERRORISM
An MQM worker was shot by unknown men near Gulberg Chowrangi.He later died in the hospital.,ASSASSINATION
2 girls were murdered by unknown men in Sahiwal on Monday.,OTHER
an explosion took place at Aabpara Hockey ground . But there was no loss of life or property.,TERRORISM
"Unidentified gunmen kidnapped 12 chidren from a playground in Arkot area of Matta tehsil. Th police refused to take action on grounds of \secuity risk\"".""",TERRORISM
"Tenants attacked a local Military Dairy Farm (MDF) office, resulting in the injury of 2 MDF employees and 2 tenants. The riot started when MDF tried to dispossess thousands of tenants in 14 villages (some of those tenants have been on that land for 87 years). The tenants resisted the action and sent their representatives to the district courts but 12 of them were arrested. This enraged the tenants and they attacked a local MDF office. The SSP, City AC, some magistrates and police and some Elite force tried to intervene but had to retreat as the villagers stood their ground. A police contingent finally did manage to enter the village and arrest 5 people. ",RIOT
Two policemen identified as Ahmed Ali Channa and Rajab Ali Junejo were gunned down by unknown assailants on Wednesday when they attacked a picket of Behram police station,CONVENTIONAL_ATTACK_ON_GOV_FORCES
Shopkeepers clashed with the police while resisting an anti-encroachment drive. Several shopkeepers were injured in the baton charge. They later blocked the highway in protest.,VIOLENT_POLITICAL_DEMONSTRATION
The decomposed body of a 25-year old youth was found from a heap of refuse on Bund Road. Police apprehended that he might have been murdered.,ASSASSINATION
Security forces in Lee Sam and Khar pounded militant hideouts in the area with artillery. Officials claimed that several hideouts were detroyed in the shelling.,GOV_ATTACK_ON_NONSTATE_COMBATANTS
"a worker of the Muttahida Qaumi Movement, Ajmal Moeen, was shot dead in an attack in Shah Faisal Colony No.3 by 2 unidentified men on a motorcycle.",ASSASSINATION
One person was killed and 4 were injured due to Indian shelling along LoC in Athmuqam sector on Tuesday,ATTACK_ON_STATE
"Relatives of prisoners protested against the police after the latter had injured 10 prisoners and killed 1 in the district jail. The prisoners had resisted a search operation in jail and the police had responded by firing and lobbing tear gas shells at them. The police dispersed the protesting relatives of the victims by charging at them with batons. The protesters later, armed with clubs, forced shopkeepers to observe a shutter down strike. ",VIOLENT_POLITICAL_DEMONSTRATION
"It was reported that a gang of criminals and bandits had been threatening villagers and extorting money from them. It is claimed that the gang had sealed Khairpur-Borari, Borari-Piaro and Kakar-Borari roads and had demanded Rs 500,000 a month from each village in the area. The gang is also accused of having visited primary schools in the area and asking teachers to make monthly payments to them for attending school. Such activities had paralysed life in the area and had resulted in the closure of two dozen schools. Mohammad Ramzan Bughio alleged that the police were not taking action as the local leaders of the ruling party were supporting the bandits. District President of JUI-F, Hafiz Mohammad Amin Jamali claimed, while speaking at a demonstration, that three villagers and a police constable had been killed by robbers earlier that month. ",OTHER
Bodies of eight bearded men were found from a deserted place near China Chowk on the Attock-Haji Shah Road. The police could not ascertain the reason behind the killings. ,OTHER
"Unidentified assailants shot dead Zaheer Malik and injured his father and brother, while they were at home. The motive behind the incident was unknown. ",ASSASSINATION
"Three policemen sustained injuries when suspected militants attacked a checkpost in the Milli khel area of Peshawar. They attacked from all directions, catching the policemen offguard. However, the police retaliated and forced them to retreat. ",CONVENTIONAL_ATTACK_ON_GOV_FORCES
Militants fored rockets on a security checkpost in Sibi. No casualities occurred.,GUERILLA_ATTACK_ON_GOV_FORCES
"Two unidentified miscreants fired shots at the residence of a retired professor, damaging his car. The reason behind the firing was to scare the family.",TERRORISM
"Advocate Ghulam Nabi of the Peshawer High Court was allegedly picked up by personnel of an intelligence agency in three vehicles near the NWFP assembly, and released after a severe over night thrashing. He was associated with Jamaat-i-Islami and a critic of the army and intelligence agencies. The legal community observed a strike in protest to the event.",OTHER
Five workers of the Taraqqi Pasand Party (TPP) were injured in a clash with the employees of a private jail when TPP workers went there to demand the release of all prisoners. The prisoners being kept in the jail were forced to work upaid for long hours in a day.,RIOT
"the supporters of two candidates for the seat of general coucillors attacked one another with clubs at the polling station in Nangal Ambia High School No 2, Mohallah Eidgah. Candidate Dilawar's brother injured Abdul Aziz.",RIOT
There was a landmine blast,GUERILLA_ATTACK_ON_GOV_FORCES
"Two people were killed and two others injured when a fierce armed clash took place between Bhittani tribe and Marwat hamlets. The Bittani tribe had attacked the Marwat hamlets, who then retaliated in kind.",RIOT
"Muhammad Rafiq, a construction worker who was originally from southern Punjab, was targeted and killed by gunmen. It is reported that a majority of the victims of targeted killings following the assassination of Syed Raza Haider belonged to the labour class. ",ASSASSINATION
"During a long march (started after Wapda disconnected power supply to people who did not pay their outstanding dues), the police and protesters clashed. At least 2 were killed and 15 (including 10 policemen) were injured",VIOLENT_POLITICAL_DEMONSTRATION
"Militants set off a bomb damaging a girls's school in a village near Peshawer. Teachers and students of the school had received threatening letters, asking them to wear a veil or suffer the consequences. ",TERRORISM
an explosive device planted at a garbage dumping site in Safdar Town Gulbahar No.4 went off. A sanitary worker sustained injuries,TERRORISM
A woman was killed by her husband on the pretext of karo-kari.,ASSASSINATION
"3 persons, including a constable and a municipal councillorCh Bashir Ahmad, were injured in an attempt to get encroachments removed from Defence Road. They asked the owners of a factory to remove their encroachments. The owners and workers of the factory responded by attacking them.",TERRORISM
Two security pesonnel were wounded in an explosion in Ghathundhai,CONVENTIONAL_ATTACK_ON_GOV_FORCES
"Mir Muhammad Khan, uncle of the Chief Minister Akram Khan Durrani, was shot dead when he was returning in his vehicle from Do Manza village from Surani village. Mr. Durrani died on the spot while his guard and driver received bullet injuries.",ASSASSINATION
Unidentified youths tried to hijack a bus and stabbed a passenger to death when the latter put up resistence. The conductor of the bus was also injured. ,VIOLENT_POLITICAL_DEMONSTRATION
Hundreds of armed men belonging to two factions of Achakzai tribe- Hamidzai and Ghaibizai tribe- exchanged fire over old enmity. Seven tribesmen died while twenty-five were injured.,RIOT
A man axed to death his wife and her alleged paramour on suspicion of having illicit relations.,ASSASSINATION
"Abid Mahmood was found shot dead by his collegue, Sarfraz",ASSASSINATION
A man was injured in Indian cross border shelling,ATTACK_ON_STATE
"Women and children held a demonstration on the Kohat-Bannu road to protest the power failures in the area by burning tyres and putting water filters on the main road, causing a blockade. The DCO, Tariq Hayat, brought the Pesco official and assured the protesters that smooth running of power would be seen.",VIOLENT_POLITICAL_DEMONSTRATION
Muhammad Ashraf and Muhammad Aslam were allegedly shot dead by Fayyaz and his accomplices over a land dispute. ,ASSASSINATION
11 more people were killed by Indian gunfire over the past two days.,ATTACK_ON_STATE
A powerful explosion near the quarter of a railway police personnel damaged the rear wall of the quarters and also the window panes of nearby houses. No casualties were reported.,TERRORISM
Two rival groups of a tribe clashed with each other over a piece of land. ,RIOT
"Sher Ali Bugti, brother-in-law of Wadera Khan Muhammad Kalpar Bugti was shot dead by unidentified assailants. The reason behind the killing is not known.",ASSASSINATION
2 groups of Domki tribe clashed over Karo Kari incident.,OTHER
A large number of people of New Cloth Market protested against the non-supply of water in the area for the last three days. They burnt tyres and closed shops. A heavy contingent of the police and Rangers rushed to the area to control the situation.,VIOLENT_POLITICAL_DEMONSTRATION
Militants destroyed two shops after they planted a bomb in a motorcycle workshop. The workshop owner said he had no enmity with anyone. ,TERRORISM
the Sanda police recovered the body of a man from T-5 near the river Ravi. the body appeared to have drowned.,ASSASSINATION
"An explosion coccured at a concert where Sono Nigam was performing. According to initial reports, an explosive device was planted in a Suzuki Margalla. At least 4 other vehicles were damaged. According to a private television network, 2 people were killed.",TERRORISM
Two groups of Janveri clan exchanged fire over a land dispute leading to the death of Maihar Ali Janveri.,RIOT
"SI Shafiullah and his unidentified companion were sprayed with bullets when their car slowed down at a speed breaker. Both of them died.; Follow-up: The companion was identified as Shafqat Javed, an auto electrician and resident of Qasba Colony.",ASSASSINATION
"The Indian Security Forces continued intensified and unprovoked firing on Zafarwal, Charwa, Bajwat, Chaprar, Harpal, Sucheetgarh, Bajragarhi and Shakargarh sector. As a result, the firing killed 2 goats,  badly damaged 2 houses and 3 tractors as well as distrupted the sowing of paddy crop. The Chenab Rangers did return the fire which forced the Indian army to flee towards their bunkers.",ATTACK_ON_STATE
"Three people were killed and seven others suffered injuries, three of them critical, in a clash between the Dogar and Mayo rival groups in the Gagar Sahari village over a tree-cutting dispute, when both groups exchanged fire with each other while men from the Dogar biradarie were cutting down trees.",RIOT
Bullet-riddled bodies of two men were found in North Nazimabad on Monday. Their hands and legs were tied.,ASSASSINATION
Muhammad Sharif was murdered for 'revenge of election rivalry'. Muhammad Hanif and his accomplices were arrested in connection with the murder. ,ASSASSINATION
The dead bodies of two young men wrre found who had been tortured before being shot.,ASSASSINATION
"Two Rangers, Pehlwan Khan and Sher Dad, were seriously injured when Indian forces fired across the Sialkot working boundary. According to official sources, they continued firing on Pakistani villages in Bajwat, Harpal, Sucheetgarh and Charwa Shakargah sectors of the Sialkot working boundary, thus badly disrupting the harvest of the wheat crop. When Chenab Rangers returned fire, 3 Indian soldiers were injured and then Indians retreated from their advanced positions.",ATTACK_ON_STATE
"Ali Raza was standing outside his house when he was hit by bullets. A protest rally was being staged by a religious outfit at the time but a link between the two is not explicitly stated and the police could not ascertain if Ali Raza was targeted or was just a victim of random firing. However, mourners at his funeral that was also attended by leaders of the Jaffaria Alliance Pakistan, demanded that the government make efforts to stop the targeted killing of members of their sect. Intermittent firing was witnessed following the funeral prayers. The police believe the reason behind the killing is to ignite sectarian violence. ",ASSASSINATION
Four people were injured in indiscriminate firing opened by three unidentified youngsters riding motorcycles in Gowalmandi. Police registered a case.,TERRORISM
40 people were injured when PPP activists fired in self-defence on an angry mob of PML workers who wanted to set fire to the houses of two PPP leaders.,RIOT
Two FC men were injured in an exchange of fire with armed tribesmen.,CONVENTIONAL_ATTACK_ON_GOV_FORCES
One person was killed and another was injured in an exchange of fire which took place between villagers and ten unidentified men who attacked the village near Aliabad.,RIOT
"Armed men attacked a public bus. As a result one passenger, identified as Shan-i-Zar sustained bullet injuries. ",ASSASSINATION
One person was injured in a high-intensity bomb blast in the Hamza mosque of Chakwal.,TERRORISM
At least 14 people were killed and several were injured in a clash between Turi and Mangal tribesmen.,OTHER
"Police arrested three persons in a tractor-trolley in suspision of timber theft. However, the villagers attacked the police for arresting their fellows and the police rounded 5 villagers.",TERRORISM
Two policemen were gunned down during routine patrol in the Kili Qambarani area when two unidentified men on a motorcycle opened fire on them and fled. Officials termed it a target killing.,ASSASSINATION
"Two activists of the Muttahida Qaumi Movement, Mirza Asif Baig and Naveed Murtaza were killed when their car was intercepted near the Sindh Government Hospital by unidentified men who sprayed them with bullets and fled. Both were rushed to the hospital and pronounced dead on arrival. ",ASSASSINATION
Militants shot dead a man suspected of spying for Pakistani and US authorities. The bullet-riddled body of Muhammad Jan Khan was found with a note written Pushto saying Khan had been spying for American and Pakistani troops in the area for a long time and had been under observation.,ASSASSINATION
Two men were injured in a bomb explosion that unknown saboteurs had planted in a garbage dump. ,TERRORISM
A security guard was gunned down by two armed assailants in Sector F-10 on Monday,ASSASSINATION
A worker of the MQM (afaq) was shot dead by unidentified assailants.,ASSASSINATION
"Armed men ambushed a police vehicle by opening indiscriminate fire. Police guards returned fire and injured a terrorist. The outlaws escaped to the Khrotabad area with police in pursuit. After heavy exchange of fire, one attacker was injured and succumbed to his injuries at the hospital. Another injured attacker escaped. Perves Rafi Bhatti DIG Quetta claimed it was a sectarian terrorist attack targeting the DSP as he was involved in uncovering the gang responsible for attacks in Quetta. DSP survived with injuries however three other policemen were killed; Follow up: An angry mob blocked Sabzal road in protest over police carrying out extra judicial killing of Abdul Karim. The police claim he was killed in an encounter for attacking the law enforcement.",ASSASSINATION
"According to the police, some youths tried to take over the Rehmatul-lil-Aalameen Mosque in New Karachi. However, the occupants resisted which resulted in an armed clash. There were at least 17 people injured and the police intervened and arrested 14 people of the Sipah-i-Sahaba Pakistan and Sunni Tehrik.",RIOT
A person was shot at and injured by unidentied men in Jinnah Colony on Thursday.,ASSASSINATION
A video shop was destroyed and three people were injured when a bomb exploded in the Shobra chowk.,TERRORISM
An activist of the Muhajir Qaumi Movement-Haqiqi was killed  and about a dozen others were wounded when their convoy was fired upon by unidentified assaialants near Kala Board in Malir. Sources stated that the activists were returning from a protest demonstration. The Muttahida Qaumi Movemetn and Mohajir Qaumi Movement were both tryiing to register FIRs against each other as both claimed that the deceased belonged to their party.,ASSASSINATION
"A couple, Ali Muhammad and Sardaran Bibi, was gunned down while sleeping by unknown assailants. The police have not been able to ascertain the motive behind the murder. ",ASSASSINATION
Bomb explosion occurred near railway backyard on Friday. ,TERRORISM
One Mohammad Aslam was killed as a result of exchange of fire between two parties over a land dispute.,RIOT
"The body of a Lashari tribesman was found near the Haji Sajawal village. He was allegedly killed by Bhambro tribesmen during a clash between the Bhambhro and Lashari tribes over a land dispute. Following the recovery of the body, the police arrested 12 Bhambhro tribemen. ",RIOT
"Qari Abdul Raziq-a young boy- was gunned down by Shah Mohammad, a member of a rival family. This father,Jahanzeb, and cousin, Nusrat, were injured in the attack. The two families had a property dispute.",ASSASSINATION
"security forces pounded militant hideouts in Cheenar, Kohay and Hashim areas of Charmang and destroyed 12 houses of suspected terrorists. 2 militants were arrested in Nawagai tehsil.",GOV_ATTACK_ON_NONSTATE_COMBATANTS
The buildings of two primary schools fo girls were blown up by militants. ,TERRORISM
three people were injured when an artillery shell hit the house of a relative of the militant Nazir Afridi.,GOV_ATTACK_ON_NONSTATE_COMBATANTS
"Grain merchant, Deedar Ali, was shot dead by his cousin, Ghulam Abbas, with the help of two other relatives. He was killed over a dispute over a plot in Bado village. ",ASSASSINATION
A bomb exploded near the boundary wall of Jamaat-i-Islami headquarter Mansoora on Thursday. The bomb was placed on the backside of the outer-wall of the Jamaat's HQ,TERRORISM
Two bullet-riddled bodies were found from the Manghab area of Turbat.,ASSASSINATION
A girls' school in Wari area of Upper Dir district was burnt down by an unidentified gang. The watchman fired in the air to alert the area people.,TERRORISM
"Following the death of Ghulam Mustafa, a 9th class student who was runover by a speeding coach, students of the school boycotted classes, blocked the road, burnt tyres and completely destroyed the said coach. The police arrived and brought the situation under control before registering a case against the driver of the coach. ",VIOLENT_POLITICAL_DEMONSTRATION
"Two activists of MQM were killed and another was injured in Korangi \F\"" Area on Sunday allegedly by MQM(Haqiqi). Police claims that 3 people were standing near a park in Korangi \""G\"" Area when unidentified men opened fire on them on Sunday.The title suggests that 2 men were killed and two were injured, however the article accounts for only two deaths and one injury.""",RIOT
"Six armed people shot dead an under-trial killer in police custody, Muhammad Ayub Manak, when the policemen were transporting him back from a court to the police station. The armed men intercepted the police van and attacked it, at which the police guards fled and the attackers brutally murdered the prisoner. The killing is belived to be revenge of the murder of Yasin Jataoi, allegedly murdered by the Manak clan. ",ASSASSINATION
A generator of the powerhouse was damamged when some people fired upon the plant.,TERRORISM
"A mob of industrial workers took out a protest on the second consecutive day against the killing of a factory worker more than 281 persons were injured and two were killed in clashes between protesters and police in various areas. The angry mob set fire to a petrol pump, residential quarters of the police force of D-type colony, 25 factories, nine private, four police and two WAPDA vehicles, a WASA warehouse, and records of the octroi post of Samundri Road, besides damaging more than 87 shops. They also attacked the 'dera' of local Mayor Sher Ali and damaged his car. The police fired tear gas shells and resorted to baton-charge in various parts. ",VIOLENT_POLITICAL_DEMONSTRATION
Militants launched a rocket attack on Oblanki checkpost in Dosali area killing one soldier and injuring another. 15 rockets were fired on the checkpost followed by heavy pounding of assailants' positions with artillery by army.,GUERILLA_ATTACK_ON_GOV_FORCES
"Unidentified men attacked HaveldarZubair of Rangers and his companion, Lance Naik Rahat Khan. The latter was injured while the former was kidnapped and killed. His bullet riddled body was recovered from Shah Faisal colony. ",ASSASSINATION
More than 200 people were arrested during the long march called by the PDA against the government. Heavy teargas shelling and baton-charge was done against the protesters in Liaqat Bagh on Thursday.,VIOLENT_POLITICAL_DEMONSTRATION
three powerful blasts hit the Kalat area with brief intervals. The blasts were triggered by home-made bombs which were planted in the football stadium.,TERRORISM
"The wife of Sher Aman and her sister were going to Rashakai village when allegedly their opponents, Yaqub Khan and Mir Rehman opened fire at them killing her sister on the spot while she suffered injuries.",ASSASSINATION
A JSQM worker was kidnapped from his home and was founf dead some time later. Police said that his body had been subjected to torture. Tension gripped the area after the killing and shopkeepers were forced to close down their shops. ,ASSASSINATION
An unidentified person fired at a police checkpost and fled.An ASI was killed and a constable was injured.,CONVENTIONAL_ATTACK_ON_GOV_FORCES
a strike was observed in Balochistan against the killing of the three Baloch leaders. A mob set a utility store on fire after looting it. They also tried to attack some government buildings but they were beaten back by security forces.,VIOLENT_POLITICAL_DEMONSTRATION
"Security forces used heavy artillery to pound militant hideouts, after detecting movement of Taliban in the area. ",GOV_ATTACK_ON_NONSTATE_COMBATANTS
Two policemen were shot dead when unidentified men opened fire on them. It is not known who the perpetrators behind the attack were.,CONVENTIONAL_ATTACK_ON_GOV_FORCES
"Armed men on two motorcycles opened fire on Sher Ali and Naeem. Sher Ali, who was  a waiter at a hotel in Garden area, was killed while Naeem was injured. A taxi driver, identified as Khaista Khan, was also injured. ",ASSASSINATION
"Barkat Shah, a police official, was shot and killed by unknown gunmen",ASSASSINATION
"Two missiles fired landed near the PAF airbase. According to the ISPR reports, four missiles were fired and could not have been done so by an individual and was therefore an organised crime.",GUERILLA_ATTACK_ON_GOV_FORCES
"Three unidentified men opened fire on a man in Sector 7-E, Orangi town, killing him on the spot. The political affiliation and reason behind the killing could not be ascertained.",ASSASSINATION
"There was a strike called by JSQM in protest against the arrest of the chairman, Bashir Khan Qureshi, and vice-Chairman, Dr. Niaz Kalani. A group of JSQM workers exploded crackers in Muzammil, damaging a sweet shop. The district police arrested JSQM leader, Ghulam Mustafa. ",VIOLENT_POLITICAL_DEMONSTRATION
A teenanger was killed and eight others were wounded when a remote controlled device exploded at the Old Native Jetty's Bridge where hundreds of people mostly from the Shia community gathered for worship. ,TERRORISM
Gunmen kidnapped an iranian attache and killed his guard on Hayatabad township.,TERRORISM
"A day of mourning was called by MQM in Karachi as the renewed violence continued, although not linked to the shut down. A young man was found shot dead near Gharibabad in Malir. ",ASSASSINATION
A fifty year old man was found dead in Orangi Town. The police claimed he had been standing outside his house when unidentified men opened fire on him.,ASSASSINATION
Angry protesters set ablaze two buses of the Pakistan Steel after removing the drivers and passengers. ,VIOLENT_POLITICAL_DEMONSTRATION
"Sher Ahmed, a policeman, suffered injury when he attempted to deactivate a rocket that was found in the city.",TERRORISM
"Two sub-inspectors and a constable were injured allegedly by villagers, during a raid on a house of a man for the recovery of an abducted girl, when the villagers attacked the police with axes, sticks, bricks and guns. The SHO also alleged that they tore up the uniforms of the police officials as well. Cases were registered against several villagers.",VIOLENT_POLITICAL_DEMONSTRATION
"A woman was shot at and injured in Chak No. 1-Ford over a land dispute when several armed men opened fire on her and her father in law, who escaped unhurt.",ASSASSINATION
an operation to clear the area from Daggar to the heights in the north led to militants suffering heavy casualties.,GOV_ATTACK_ON_NONSTATE_COMBATANTS
"a young man, Junaid, was shot dead in Jhangirabad in Nazimabad by unknown persons near his house. The police said he was a former activist of the MQM, and that he was wanted in dozens of criminal cases.",ASSASSINATION
"The Allama Iqbal Sub-division office of Wapda was set ablaze in Unit no. 12, Latifabad. ",VIOLENT_POLITICAL_DEMONSTRATION
"Three people died when the explosives they were carrying on a bicycle exploded accidently when the bicycle hit a road bump. The police said that the three people were on their way to the 'Qul' of a slain SHO, where they planned to plant the bombs or attempt a suicide attack when the senior police officials arrived. Two of the victims, Adeel and Akhtar, were students of the Madarassa Azizul-Aloom and the third, Maqsood, belonged to the banned Lashkar-i-Jhangvi.  The police beleived that the prime target of the failed attack was the Sahiwal police chief Syed Javed Hussain Shah. The police then arrested 5 teachers and 40 students of the seminary (Madrassah).  Followup: The police has claimed to have found the mastermind behind the blast, named Qari Aneesur Rehman. They also were looking to capture the head of the Azizul Aloom seminary, and had managed to take into custody a fourth bomber who was going to be involved in the attack. Followup: The police claimed to have arrested the prime suspect of the Chichawatni blast after interrogating around 150 suspects and releasing 137 after premilinary investigation. Zahid Butt is said to be the name of the main accused.  Followup: Another Chichawatni blast suspect was arrested.",TERRORISM
"agents had been manhandeled at UC Rasool Bux Mari polling station, Kotdiji taluka.",OTHER
A young man associated with a religious outfit was shot and killed by armed men on a motorbike. The Ahl-i-Sunnat Wal Jamaat claimed that the victim was associated with their party. Intermitted firing and arson activity was witnessed following the funeral which left a truck burnt in Al-Noor Society. The police believe the reason behind the killing is to ignite sectarian violence. ,ASSASSINATION
Acher Burgri was shot dead by unknown assailants. ,ASSASSINATION
Two people were killed and 10 were injured in unprovoked and indiscriminate firing by Indian troops across LoC in AJK.,ATTACK_ON_STATE
"The second bomb blast of the day destroyed a transformer and damaged six vehicles and injured as many as 9 people, including 2 Afghan refugees. ",TERRORISM
A badly decomposed body of a 65 year old was recovered from his house in Islampura. Doctors say the man died 15 days ago.,ASSASSINATION
"Armed men on a motorbike opened fire on the car of loca PML-N leader Sardar Abdul Aziz Umrani, killing him and his guard and injuring 2 other guards. Police say that personal enmity might have played a role in the incident. ",ASSASSINATION
"Unidentified people hurled a hand grenade on the house of a retired railway officer, Nazir Ahmed, killing his son as a result. BLA claimed the responsibility for the attack.",TERRORISM
"The bullet riddled body of a young man was found. The victim's family lodged an FIR agaist Mohajir Qaumi Movement's workers. However, it was not mentioned if MQM was directly responsible.",ASSASSINATION
A man and a woman were axed to death by the husband of the woman on the pretext of Karo-kari in the Daro Khoharo village.,ASSASSINATION
"A stage drama artist, Shazia Kanwal, was slaughtered by an unknown assailant in her house. ",ASSASSINATION
"Abid Hussain, a WAPDA official was gunned down while he was on his way home. ",ASSASSINATION
The activists of IJT took out a procession from Punjab University's Old Campus to Regal in order to protest against the war on the Taliban. The IJT workers burnt flags of the US during the announcement that protests will continue throughout the country.,VIOLENT_POLITICAL_DEMONSTRATION
a Frontier Corps was killed and two others injured in gunbattle with tribesmen. Exchange of heavy fire including rockets took place between the two sides.,CONVENTIONAL_ATTACK_ON_GOV_FORCES
Militants attacked a security checkpost leading to an exchange of fire between them and security forces. 3 militants were killed while 1 security man sustained injuries. ,CONVENTIONAL_ATTACK_ON_GOV_FORCES
A man was assassinated when unidentified gunmen opened fire on him on Sariab Road while he was on his bike. A passer-by was also injured and he later succumbed to his injuries.,ASSASSINATION
"As violence spread across Karachi in reaction to the attack on an MQM office, armed motorcyclists shot and killed Saeed Khan, a cobler who was working at his stall. ",ASSASSINATION
The dead body of a young girl was found in Raiwand City on Monday. Body was without head and right hand.,ASSASSINATION
A schoolboy who had gone missing on Nov 11 was found dead in a 50 feet high water tank.,ASSASSINATION
"A police constable of the Tipu Sultan police station was gunned down in UP, New Karachi while on his way to the police station.",ASSASSINATION
"In Mardan, nine people were injured in firing between two rival groups in two separate incidents during the wheel-jam strike.",RIOT
"A police inspector, Chaudhry fayyaz Ahmed, was going to his office at Brewery road when his vehicle came under fire. One police constable dies while the inspector and his guard were injured. BLA claimed responsibility for the attack.",TERRORISM
Majlis-i-Aza was in progress in the village Imam Bargah when a fire erupted in a cottage in a nearby graveyard. Those present at the Majlis thought that someone had deliberately set the cottage on fire to disrupt the gathering. As a result the security forces of the Imam Bargah started aerial firing. This in turn infuriated some people from the other sect who started firing in the air. The police reached the spot and arrested 14 men from both sides.,OTHER
"A militant hurled a hand grenade at a checkpost and fled, only to be chased and killed by the police. The original grenade attack left a constable and a bystander injured. ",CONVENTIONAL_ATTACK_ON_GOV_FORCES
20 people were injured in a blast took place at Urdu Bazaar on Wednesday. Locals are saying that the blast may be due to the heavy gas inside the drain. 3 people are still missing.,TERRORISM
A woman was injured due to Indian shelling along LoC in Muzaffarabad(reported) on Monday,ATTACK_ON_STATE
Six security personnel were injured and one vehicle was completely destroyed when a convoy hit a roadside bomb in the Spin Qabar area of Sipah while on routine patrol.,GUERILLA_ATTACK_ON_GOV_FORCES
"Four people were injured in a clash between the police and participants of a religious procession when the Chelum procession was pelted with stones by unknown persons, a clash ensued. Some of the processionists attacked the police contingent. Later, the police resorted to baton-charge and tear gas shelling to disperse the unruly mob. ",RIOT
"Two blasts took place in the main bazaar of Kamoke, killing three people and injuring 25 others. The blasts took place at a 10-minute interval.",TERRORISM
"During a strike against the killings in Sindh, four masked men entered a school and opened fire. A teacher was injured.",TERRORISM
A personnel of the Balochistan Reserve Police was injured when some armed men opened indiscriminate fire on them which they later returned. ,CONVENTIONAL_ATTACK_ON_GOV_FORCES
An MQM (Afaq) member was shot dead,ASSASSINATION
a youth stabbed his sister to death over suspicions of her having illicit relations with a man at Chak 22.,ASSASSINATION
"Two sisters were reportedly murdered by their brother for having developed illicit relations with some people of their village. They exchanged hot words with their brother, who then locked them in a room and killed them.",ASSASSINATION
"Militants destroyed two bridges in Shalobar, causing suspension of traffic between the area and other parts of Bara. ",TERRORISM
At least 12 army officials were killed and several others injured in a suicide attack at the heart of Kohat Cantonment area when a 15-17 year old boy made a dash towards officials returning to their barracks and blew himself up. ,GUERILLA_ATTACK_ON_GOV_FORCES
"On a tip-off regarding the presence of militants, a police party led by an SHO cordoned off the area after spotting a suspicious car. The occupants of the car opened fire at the police which led to an exchange of fire in which a constable and two militants were killed while another constable was injured. ",CONVENTIONAL_ATTACK_ON_GOV_FORCES
Gwadar saw outbreak of violent protest shortly after funeral prayers of Nawab Akbar Bugti.,VIOLENT_POLITICAL_DEMONSTRATION
FC personnel on patrol were attacked with a remote-control roadside bomb. 2 FC personnel were killed. ,GUERILLA_ATTACK_ON_GOV_FORCES
"In the aftermath of the killing of 6 MQM-H workers in an attack on 'Peeli Kothi', incidents of violence were reported from various areas of Karachi. A bus of route no 52-A was set on fire by armed men. ",VIOLENT_POLITICAL_DEMONSTRATION
A person was found shot dead in his North Nazimabad house on Monday,ASSASSINATION
"an officer of the provencial agricultural department, Ayaz Bungash, was shot dead by four assailants near the Sariab Mills. The accused escaped. A police officer described it as a sectarian incident.",ASSASSINATION
"A man was axed to death by a father, and his accomplices, of a girl whom he allegedly had illicit relations with in Toba-Tek_Singh.",ASSASSINATION
Security forces secured Tighak Banda and Gakhe Banda area. Two soldiers were injured during an exchange of fire in Pir Patai ridge.,GOV_ATTACK_ON_NONSTATE_COMBATANTS
A Christian woman was shot deadb y her husband on suspicion of having an affair.,ASSASSINATION
one civilian was killed and 2 others were injured when militants fired 2 rockets at Bannu city.,TERRORISM
"Car of Maulana Sibghatullah, a pro-government cleric, was ambushed with gunfires at Laddah . The cleric wa associated with Taliban in the past but during the unrest in the agency he dissociated himself from the group and entered into an agreement with the government.",ASSASSINATION
Three pesons were dead and 5 got injured in Indian shelling across LoC in neelum valley on Thursday,ATTACK_ON_STATE
 masked men opened fire on a barber's shop killing 2 men and Ishaq Khan who was the nephew of a tribal elder Mirazalam Khan who had been killed a while back.,ASSASSINATION
A bomb blast occurred at Peshawar University Campus on Saturday. However no loss of life was reported.,TERRORISM
"Haji Asmatullah Khan Mehsood, president of the Sindh chapter of the ANP, claimed that the party president of central Karachi, Niaz Muhammad, was shot and injured by policemen. Allegedly, an SHO came to his house and requested him to advise his party workers to remain peaceful. After this, when Niaz Muhammad was leaving his house some policemen shot and injured him. ",GOV_ATTACK_ON_CIVILIANS
Supporters of the IJT and APMSO clashed and exchanged fire after they failed to resolve an issue surrounding a 'talent show' that was scheduled to be organized by the APMSO on campus. The police entered college premises and arrested 4 students. ,RIOT
"In Khanpur Maher, 25 year old Mehran was shot dead by some unidentified armed men. Mehran's body was recovered from a nearby field.",ASSASSINATION
Residents of Lallian were protesting against the non-availability of electricity in their town. Approximately 300 people blocked the road and the Levies opened fire on them. This resulted in several people being injured. ,VIOLENT_POLITICAL_DEMONSTRATION
"A Lahore-bound train was fired at, damaging the train and injuring the driver. ",TERRORISM
"More than 2000 armed members of the Qaiserani tribe exchanged fire with FC personnel, causing injuries to several people from both sides. The clash came after the tribesmen had taken positions on the hills along the road leading the Dhodhak Oil and Gas Field and pressed for the acceptance of their demands, which included provision of jobs to the local tribemen, supply of natural gas to adjacent areas etc. ",TERRORISM
"A dentist, Mohammed Iqbal, was riding on a motorcyle on his way home when he was shot and killed by unidentified armed men. ",ASSASSINATION
"Following the stabbing of a trader, Muhammad Salim, in a mini-cinema, traders of scrap market observed a strike to protest the killing and demanded the closure of all mini-cinemas in the city. ",VIOLENT_POLITICAL_DEMONSTRATION
"At least nine people were killed and 41 others, including seven policemen, were injured when five rockets, fired by militants, hit heavily-populated parts of Bannu. At least five rockets, fired from different locations, hit two houses and a bookshop in the heart of the city. Police said that three rockets exploded, while two were defused. Most of the casualities occured in Chai bazaar, where people were conducting a rescue operation of a previous rocket attack when a rocket fell right in the middle of the crowd and exploded, killing 8 and injuring 40. The other rockets landed in Gohakhel locality and Rehamnia Kutubkhana.",TERRORISM
1 child was killed and 14 people sustained injuries when security forces and militants exchanged fire after the militants attacked a security post in Tangoo Pul near Bajkatta village.,CONVENTIONAL_ATTACK_ON_GOV_FORCES
"the city chief of the Shabab-i-Milli and worker of the Jamaat-i-Islami, Nazir Sajid were gunned down in an attack in Surjani Town.",ASSASSINATION
2 people were killed and 2 were injured when the Rehman Dakait Group was attacked by the Arshad Pappu group.,OTHER
Unidentified miscreants planted a bomb on the Kahan-Tartani road and blew it up while the vehicle of the security personnel was passing by. BLA claimed the responsibility of the attack.,TERRORISM
"The Indian Security Forces continued firing on Zafarwal, Charwa, Bajwat, Chaprar, Harpal, Sucheetgarh, Bajragarhi, Chhumb, Joriyan, Syedanwali, Jammu and Shakargarh sectors. As a result, the firing killed 4 animals, badly damaged 11 houses in Chhamb, Jorian and Bajwat sectors. The Chenab Rangers returned the fire. ",ATTACK_ON_STATE
Militants destroyed a girls school at Landi Kotal by planting an explosive device which detonated during the night. No one was reported killed or injured. ,TERRORISM
The Mansehra city police found a decomposed body of an unidentified man near Chikya road.,ASSASSINATION
"Armed men blew up a gas supply line, suspending supply from gas well No 74 field to the Sui purification plant. ",TERRORISM
Two boys were killed and three others were injured when unidentified men in a taxi opened fire in the Peerabad area in District West.,TERRORISM
An activist of the Pakistan People's Party was shot dead in Surjani Town when two unknown gunmen opened fire on him.,ASSASSINATION
Unidentified armed men dumped three bodies in Khajjir ground in the jurisdiction of Gulbahar police station. All three had their hands tied behind their backs and their political affiliation could not be known.,OTHER
The joint incharge of Mutahida Qaumi Movement's unit no.38 was shot dead by unidentified gunmen in his shop.,ASSASSINATION
Three women were going to the Fatwaal village with their parents when the Indian troops fired from across the LoC killing one of them and injuring two others.,ATTACK_ON_STATE
"A dispute arose at the central jail in Sahiwal when the jail employees tried to shift a prisoner to another block. The prisoners started rioting and pelting stones in anguish. A heavy police contingent reached the spot and fired tear gas on the prisoners. A prisoner died while 15 others sustained injuries when the police opened fire to quell the clash between prisoners and the jail staff. Follow up: 18 November Page 12: Two prisoners tortured to death in Kasur jail: Some prisoners were transferreed from Sahiwal to Kasur after the rioting incident. Now, two of the prisoners are tortured to death (Allegedly by the police) though no torture marks could be found on their bodies.",RIOT
Unidentified armed men killed Imam Dino in his private residence. He is said to have been killed over karo-kari.,ASSASSINATION
"Some people lobbed a hand grenade on a police mobile, and the attack was followed by a heavy exchange of fire between militants and security forces. In the exchange of fire, a Mahsud tribesman was killed, and there were injuries to 7 other people. ",CONVENTIONAL_ATTACK_ON_GOV_FORCES
"Larkana and Shahdadkot observed shutter down strikes in protest against the deportation of the former prime minister Nawaz Sharif. Activists of the Sindh Tarraqi Pasand Party were arrested by the police when they were allegedly trying to force the shopkeepers to close their shops. The police baton charged them, injuring more than 6 people.",VIOLENT_POLITICAL_DEMONSTRATION
"Following the strike call given by MQM steering committee, armed youths took to the streets and resorted to violence. A Hilux van was burnt in a school. ",VIOLENT_POLITICAL_DEMONSTRATION
25-year-old Jamaluddin was shot dead while he was on his way home late at night. ,ASSASSINATION
25 armed tribesmen attacked a police station in Thatta and got away with four detenus on Monday who were arrested for homosexual assault.,CONVENTIONAL_ATTACK_ON_GOV_FORCES
A MQM (Altaf) activist who was also a dismissed constable was gunned down when unidentified men opened fire on him while he was outside a hotel in Liaquatabad. ,ASSASSINATION
"a councillor-elect, Malik Ashraf, was beaten up when he tried to resist a kidnapping attempt by a rival candidate, Tahir, who is the son of a police inspector and his 10 accomplices. Soon after the incident the nazim-elect of union council Surgul and elders staged a demonstration infront of the house of the senior superintendent of police demanding a registration of the case.",OTHER
A doctor was shot dead by militants from a banned organization in his clinic.The police belive it to be a sectarian kiling as the docotr was member of a peace committee and brokered peace in the area between Sunnis and Shias.,ASSASSINATION
"A 20 year old girl was electrocuted by her relatives on the order of a Punchayat in the name of honour in a village near Musafirkhana town. She had allegedly eloped with a village boy and moved to Karachi. Her parents brought her back  and reportedly electrocuted her the same night. The relatives claimed she committed suicide, however, the initial autopsy report suggested she had either been burnt by being electrocuted or boiling water or both.  ",ASSASSINATION
"Ansar Shah and his nephew Hasan Nawaz were invited to the city from Gujrat by their relatives. When they reached village Karooli five persons identified as Naeem Shah, Khalid Shah, Ayub Shah, Nazim Shah and Khurram Shah opened fire at them killing them on the spot. police have registered a case against the accused and the motive behid the killings is said to be old enmity.",ASSASSINATION
Two men were shot dead while on their way back to Mingora. They were travelling in a cab when unknown armed men opened fire at them. ,ASSASSINATION
Two people were hurt in sporadic firing between two rival groups in Bilalabad near Banaras Colony. Both groups had used firearms indiscriminately for over half an hour. ,RIOT
"Violence continued in different areas of Hyderabad during the strike called by nationalist parties in protest against restoration of the local government system. In the Qasimabad town area, three men were fired upon and injured while a police coaster and motorcycle were torched in the area.",TERRORISM
"A Drone strike on a residential compound killed local Taliban militants. Three different sources put the death toll at 6, 10 and 14 respectively. The area targeted was a stronghold of Taliban commander Hafiz Gul Bahadur.",DRONE_ASSASSINATION
"The Mohammad Khan Kallay Government High School and the Latif Khan Kalay Government High School were blown up in Landi Kotal, damaging their boundary walls completely but the main buildings of both schools remained safe. ",TERRORISM
8 labourers were injured when troops shelled a marble factory in Qamber.,GOV_ATTACK_ON_NONSTATE_COMBATANTS
"In reaction to the demolition of Babri Mosque in Ayodhya, angry mob demolished two Templesand burnt the effigy of Indian PM as the procession marched from Hyderia Chowk to Town Hall on Wednesday.",VIOLENT_POLITICAL_DEMONSTRATION
1 person was killed in a clash between two student groups in Hyderabad on Sunday.,RIOT
Five rockets were fired on a private cement factory in Dasht area. Three rockets landed inside factory premises while two exploded in open area. A portion of factory was reportedly damaged after one of the rockets hit the factory's chimney. No casualty was however reported.,TERRORISM
Four children sustained multiiple burns when some explosive substance stuffed in a can went off in Dhabeji.  They were playing in the workers colony in the mills area when they found the can and started playing with it.,OTHER
"After 3 suspected militants were killed by a drone strike, 3 more people who had gathered at the site to remove the bodies were killed by another drone attack. ",DRONE_ASSASSINATION
"At the women's polling station at Government Primary School (D branch), women polling agents of the candidates for the seat of Nazim clashed with each other. When the police tried to intervene, people threw bricks at them. The police retaliated with batons and tear gas shells and arrested 6 people. The police also allegedly injured 2 people during baton charging. SSP Sahiwal and the City Magistrate reached the spot and controlled the situaton.",RIOT
At least 15 militants wre killed in clashes with the tribal volunteers and aerial attacks. 2 volunteers also lost their lives during the clashes.,GOV_ATTACK_ON_NONSTATE_COMBATANTS
"A PPP activist, Shahid Hussain Rind, was killed and another was injured in the Gulistan I Jauhar area allegedly by MQM workers. Police has lodged an FIR against MQM.",ASSASSINATION
"Militar planes bombed militant targets, killing 14 militants and injuring 21. 11 hideouts were destroyed. Hafiz Saeed, a Taliban spokesman, dismissed the casualities claimed by the military and claimed that the number of militants killed was exaggerated. He accused troops of attacking civilians and destroying their houses.",GOV_ATTACK_ON_NONSTATE_COMBATANTS
"An explosive device, planted by unidentified people in a gas cylinder in a populated area, was defused. The police said the cylinder was filled with dynamite and hidden underground on the bank of a canal on the Rawalpindi road. The police also seized 10 kilograms of explosives from the Indus Highway on the 9th of July 2007.",TERRORISM
An aged industrial worker was killed by unknown men in Landhi on Tuesday. Police claimed that violence was executed on ethnic grounds.,ASSASSINATION
"some motorcyclists hurled bombs at a laundary shop and a grocery shop on the main Qasimabad road during a strike, on the on the call of the JSQM-A against the influx of IDPs into Sindh. However there was no serious damage.",TERRORISM
Two persons were killed while another was injured in a clash between the Magsi and Jamali tribes when Magsi tribesmen attacked a village in the Gandhawa limits and resorted to insdiscriminate firing. The attack was repulsed by the Jamali tribesmen.,RIOT
"Naeem Khan, who worked at a tile shop, was killed when two men walked into the shop, fired shots at him and fled on their motorbike. ",ASSASSINATION
"Militants attacked a police vehicle which led to an encounter between them and the police. 1 constable was killed and two others injured while 2 militants were also killed. Police also seized explosives from the assailants. Follow-up: Another report in the same newspaper titled \Four militants killed in Jamrud\"" provides details of the incident and specifies the location as Mamokhwar. """,CONVENTIONAL_ATTACK_ON_GOV_FORCES
"Dr. Tahir-ul-Qadri, Chairman of Pakistan Awami tehrik escaped an assassination bid when unidentified attackers sprayed his house with bullets and fled. He blames \prominent leaders of IJI\"" for the attack.""",ASSASSINATION
Four people of a family were gunned down and three others injured when some armed men barged into their house and opened indiscriminate firing on the inmates of the house. The motivation behind the incident was not mentioned.,TERRORISM
"During a search operation, security forces were attacked by militants. In the encounter that followed, 3 militants were killed. ",CONVENTIONAL_ATTACK_ON_GOV_FORCES
Police baton-charged scores of school and college students who were allegedly blocking traffic on the main Samundari-Rajana road and damaging buses in protest to a student getting injured in a road accident. About a dozen students were injured.,VIOLENT_POLITICAL_DEMONSTRATION
"During a strike called by the Milli Yakjehti Council (MYC), activists resorted to shooting at public and private transport. ",VIOLENT_POLITICAL_DEMONSTRATION
7 people were killed in polling related violence across Sindh. ; Follow-up: The report gives the details of the casualties.,OTHER
"At least 40 missiles landed and exploded in and around Sui town, no casualty was reported. The missiles were fired from Mohan Pat area, some 20 km from Sui gas field. Some rockets landed close to Sui gas plant, but the gas installation remained safe. Security forces retaliated and returned fire.",TERRORISM
People protesting against prolonged power outages set fire to tyres as traffic remained blocked. ,VIOLENT_POLITICAL_DEMONSTRATION
Random killings in Lyari take place while the police considers the violence as political. No clear details available.,OTHER
"A day of mourning was called by MQM in Karachi as the renewed violence continued, although not linked to the shut down. The body of young man was found stuffed in a gunny bag near Faqeer Mor in Qasbas Colony of Orangi. It has a note which stated \peace or war\"".""",ASSASSINATION
"A villager, Khair Mohammad Chandio, clubbed his wife, Shahida, to death on the pretext of Karo-Kari. He surrendered himself to the Shahdadkot Police Station later.",ASSASSINATION
The body of a woman was found burning in University grounds in front of Madrassatul Banat. Her throat had been slit open. ,OTHER
An activist of the Mohajir Qaumi Movement (Haqiqi) was shot and killed in Shadman Colony of Malir. ,ASSASSINATION
Three security men were killed and six others were injured when around 59 militants stormed the check post at Qadirabad High School in Matni.,CONVENTIONAL_ATTACK_ON_GOV_FORCES
A married woman was stabbed to death by her brother.,OTHER
Two soldiers were killed and two were injured when a convoy of the security forces was struck by a roadside bomb.,GUERILLA_ATTACK_ON_GOV_FORCES
Angry youths burnt tyres at several roads in order to protest against the shortage of drinking water in the area for the last 15 days. This occurred during the strike called by the Shehri Action Committee.,VIOLENT_POLITICAL_DEMONSTRATION
"A charged mob aatcked the police and pelted police vans with stones.The police tear-gassed the protesters to diperse them.The situation in the area was tense after an incident of cross-firing between Abid Raza and MPA Ghulam Raza Groups, a few days earlier.",VIOLENT_POLITICAL_DEMONSTRATION
Official sources also claimed that Indian forces were shelling villages in the Khuiratta and Nakyal sectors of Kotli district. No loss of life or damage to property was reported so far.,ATTACK_ON_STATE
"IJT activists clashed with PU security guards over the issue of the activists distributing pamphlets, which is not allowed on campus. The pamphlets were calling for the release of Dr. Aafia Siddiqui. A PU spokesman claimed that the security personnel had stopped the  activists from handing out pamphlets and the enraged activists attacked them. However, IJT claim that the security guards had been ordered by the vice-chancellor to thrash the activists and that they merely reacted. ",OTHER
"As KESC workers continued protesting against their placement in a 'surplus pool', various incidents of violence were reported from the city. The general manager of IBC Gulistan-i-Jauhar was attacked outside his office but he managed to escape. The protesting workers denied the allegation that they had forcefully stopped people from working. ",VIOLENT_POLITICAL_DEMONSTRATION
"A Pakistan Coast Guard employee, Muhammad Riaz, was seriously injured in a blast in Hub town. Police said the powerful blast occurred near the PCG office. The explosive deviced was a locally-made time device. Azad Baloch, a spokeman for the defunct Balochistan Liberation Army, said his organization claimed responsibility for the blast.",GUERILLA_ATTACK_ON_GOV_FORCES
A man was gunned down by unidentified gunmen near his house.,ASSASSINATION
The casualties were a result of a Muslim-Christian clash over an eve teasing issue. Two christian youngsters teased the daughter of Mr. Khan who exchanged harsh words with them. They in result opened fire at him and he retaliated. All three sustained bullet injuries and Mr. Khan died. Many relatives of the deceased and other people in the nieghborhood gathered to protest the death and the demonstration turned violent where the protestors started attacking the houses of christians who attacked back and casulaties were reported on both sides. A large number of riot police was deployed to bring the situation under control.,VIOLENT_POLITICAL_DEMONSTRATION
A landmine planted by militants along a roadside exploded when security personnel were on routine patrol. Sepoy Ilyas was killed. ,GUERILLA_ATTACK_ON_GOV_FORCES
The body of a 'well built' man was found with multiple stab wounds. ,ASSASSINATION
Constable Sardar Zakir of the police was killed when unidentified armed men shot him while he was on duty at the Mauripur truck stand.,ASSASSINATION
"A man clubbed to death his sister when she came back home after eloping a week back. The girl's brother, Javed, objected to her entry in the house after her 'dishonourable' act, which prompted him to club her to death.",ASSASSINATION
2 oil tankers were intercepted by unidentified armed men and fired at. One tanker was completely destroyed after it caught fire while the other was partially damaged. They were headed to Afghanistan to supply oil to Nato forces. ,TERRORISM
"the body of an ANP activist was found under the Gulistan-i-Jauhar bridge at Abul Asar Hafeez Jallundhri Road, pumped full of bullets.",ASSASSINATION
"Two unidentified men shot dead a person outside the sessions court, Gujrat on Wednesday",ASSASSINATION
the house of a Shia leader was badly damaged in a mystery blast in Muaza Kotla Bakar Shah. Ghulam Nabi Parhar and his family were not present at the time of the blast.,ASSASSINATION
"A remote-controlled bomb that was planted in a parked car was detonated when an army convoy was passing by. An army vehicle was destroyed and two other cars were damaged. 1 soldier lost his life while 15 people, including 7 security personnel, were injured. The Baloch Liberation Army claimed responsibility for the attack. ",GUERILLA_ATTACK_ON_GOV_FORCES
Two labourers fell victims to targeted attacks. Shabir Ahmed was killed outside his house while Muhammad Hassan was found dead in the same street. ,ASSASSINATION
One person was killed while three others sustained bullet injuries in  a clash  between two groups in the Kisana Kunjah area. ,RIOT
"Following the death of Shameer Khan in police custody, allegedly due to police torture, residents of the area held a protest in front of the Luddan police station. Police opened fire at the mob after the latter allegedly pelted them with stones. Two protesters were shot and injured while 15 policemen also sustained injuries. ",VIOLENT_POLITICAL_DEMONSTRATION
"Five children were injured when a time bomb went off outside a private school in Pir Qala area. The bomb was planted at the main gate and went off 30 minutes before the closing hour of the school, which averted disaster.",TERRORISM
Some unidentified men fired at the SSP's residence but fled as soon as the Frontier Constabulary retaliated. ,VIOLENT_POLITICAL_DEMONSTRATION
"a high profile, Darra Taliban Commander, Tariq, had asked the tribesmen of Mishtri tribe, three days ago, to expel Zahid and his desciples saying that  they were not real Taliban but criminals. the tribesmen failed to take action against the tribesmen because of fear. when Zahid ignored Tariq's warning to leave the area, Tariq seized him and his 8 other comrads in Danay Khla and shot them dead. they belonging to his rival group in Chapri Feroze Khel.",ASSASSINATION
"Approximately 30 outlaws, believed to be Bugti tribesmen, fired 12 rockets on the Bhitai Colony Police station and the Basket Police picket. They fled once the Rangers and FC retaliated. According to officials, 1 outlaw was killed but his accomplices took the body with them.",CONVENTIONAL_ATTACK_ON_GOV_FORCES
" Militants attacked the headquarters of paramilitary forces in the Miramshah town, but no casualty was reported. The sources said that five rockets fired at the fort landed in adjoining areas. One rocket hit the hostel of a government school in the town and two others landed near the army camp.",GUERILLA_ATTACK_ON_GOV_FORCES
"The mutilated body of a woman was found, the police found its head a few yards away. Acording to the police the body bore severe torture marks.",ASSASSINATION
scores of condemed prisoners incarcerated in the district jail held a demonstration against what they called 'maltreatment'. They also demanded that they be shifted from solitary confinement to barracks. The jail administration resorted to baton charge to compel them to return to their cells. Deputy jail superintendent Malik Farukh Sultan said that no prisoner went on strike.,VIOLENT_POLITICAL_DEMONSTRATION
"Some houses, crops and 2 goats were killed due to Indian shelling in Sucheetgarh, Chaprar, Bajwat, Charwa, Bajragarhi, Harpal and Zafarwal Sectors on Sunday",ATTACK_ON_STATE
"Two brothers, Ramzan and Boota, allegedly killed their sister, Naseem Bibi. According to them, she was having illicit relations with a man from the locality and did not listen to their warnings against it. They strangled her with a dubatta and courted arrest. ",ASSASSINATION
"PML-N workers were stopped by the police from entering Lahore to welcome Party President Mian Shahbaz Sharif. The local leaders were talking to the police when the police started arresting the activists. This resulted in the activists becoming violent and attacking the police, who responded by teargas shelling and baton-charging. The DPO and several other people sustained injuries. The Mandra police arrested 150 activists, including Sardar Mehtab and Iqbal Jhagra, and impounded 11 vehicles.",GOV_ATTACK_ON_CIVILIANS
Militants used IEDs to blow up 3 government primary schools in Mamozai area. ,TERRORISM
"some unidentified persons shot dead a truck driver, Aurang Zeb on National Highway near Karamabad.",ASSASSINATION
"50 suspected militants entered a school building, planted IEDs and blew up the school. ",TERRORISM
Six people were killed and 12 injured by Indian shelling and firing across LoC. The firing was reported to be very intense.,ATTACK_ON_STATE
"Hundreds of residents held a demonstration outisde the Tehsil Municipal Administrations office by smashing pitchers on the road, which resulted in a blockade, to protest over acute shortage of water in the city for a week. Police reached the situation and asked them to end the  blockade, however, the protesters claimed that gthe government needed to take notice of the problem.",VIOLENT_POLITICAL_DEMONSTRATION
"In the hours leading upto the burial of Dr Imran Farooq, a senior MQM leader who was assassinated in London on 16-Sep-10, Karachi witnessed sporadic firing incidents and arson attacks. A minibus was set on fire at the given location",VIOLENT_POLITICAL_DEMONSTRATION
The body of a 16-year old was found in North Cantonment. It bore several marks of violence on the neck which suggested that he had been strangled to death.,ASSASSINATION
"7 people were killed and one was injured in a clash between two groups of Magsi Tribe in Khichi on Saturday. The reason behind was said to be the leadership of the Magsi Tribe between faction leader Yusuf Ali Khan Magsi and his nephew, Provincial Home Minister Zulfikar Ali Khan Magsi.",RIOT
An employee of a multinational company was found dead in his office on Maratab Ali Road.,OTHER
PDA Secretary General-Allama Mujtaba Hyder was shot dead by three unidentified assailants in a Mosque in F-11 Syedian Village on Monday.,ASSASSINATION
A young man was killed and another was injured when unidentified men on motorcycles opened indiscrminate fire on a café where the two men were sitting. ,TERRORISM
Three armed men attacked a mosque with a hand grenade before opening indiscriminate fire at the people inside. 2 people were killed in the attack while at least 12 others were injured. ,TERRORISM
A remote controlled bomb was detonated inside a mosque when worshippers were leaving after Friday prayers. The blast damaged the mosque and killed at least 5 people while 30 others were injured. ,TERRORISM
"4 persons of a familiy were killed and 1 was injured over a dispute of irrigation water, in Pakistan Korana  in Malakand, after an exchange of hot words.",ASSASSINATION
Troops launched an offensive against militants after they were targetted by militants. The troops killed 2 militants and injured three others. They also destroyed several militants hideouts and defused a number of IEDs.,GOV_ATTACK_ON_NONSTATE_COMBATANTS
"It was alleged that Maulana Bashir Ahmed Shad, provincial secretary of JUI (Sami Group), Abu Bakr, president of SSP Chishtian, Maulana Munir Ahmed Haqqani, secretary-general of SSP and 2 other people were behind the killing of Amer Raza and Maqsood Hussan, who were the sons of a commission agent. They were also accused of instigating people against a particular sect. The above claims were made in an IJP Press release following which the 5 accused were arrested. ",ASSASSINATION
"Missiles fired by US Drones targeted a residential compound and car parked nearby, killing 6 militants. ",DRONE_ASSASSINATION
"Six militants and two lashkar men were killed in a clash over deployment of a Frontier Corps platoon in the area. Militants opened fire on tribesmen for welcoming the platoon, killing two volunteers, while six militants were killed in retaliation. ",TERRORISM
One person was injured in Barmoj village in Kotli as the Indian forces continued firing from across the LoC.,ATTACK_ON_STATE
"Residents of Shershah town blocked the National Highway by burning tyres. They were protesting against the death of a man during a police raid.The police claim the man had a heart attack while getting arrested,however the people say that he was tortured to death by the police during the raid.",VIOLENT_POLITICAL_DEMONSTRATION
"A lawyer, associated with the Pakistan Muslim League N's Lawyers Forum, was walking towards his home when unidentified men opened fire on him in Gulshan-i-Jamal, causing severe injuries. ",ASSASSINATION
"Islamabad police resorted to baton-charge to prevent students, belonging to the IJT and the students wing of the JI ,from holding a peaceful demonstration outside the USIS centre against the US. 5 people, including 3 policemen were injured. The police also damaged the buses in which the student had arrived.",VIOLENT_POLITICAL_DEMONSTRATION
The house of a militant was blown up in the Bajaur Agency during an operation by the security forces.,GOV_ATTACK_ON_CIVILIANS
A man was found stabbed to death in his hotel room on the Mall.,OTHER
"A man was killed, and eight other people, including DIG Shahid Nizam Durrani were injured when a bomb planted on a motorbike exploded outside the DIG's office in Quetta. Officials stated that the bomb was meant to target the DIG.",ASSASSINATION
A suicide blast took place at the end of a demonstration against electricity loadshedding organized by the Jamaat-i-Islami. The JI's district naib amir and DSP Gulfat Hussain were among the dead. City police chief Liaqat Ali claimed that the DSP was the target of the attack but City Circle SP Imran Kishwar said that the target was the gathering itself. ,TERRORISM
Law enforcement agencies arrested 13 suspects and defused a large number of landmines from the along the Sindh - Balochistan border.,TERRORISM
"Some people fired from a car near Water Pump, Chowrangi. This resulted in injuries to 3 men travelling in a minibus.",TERRORISM
"a man axed his daughter and a man to death, as he suspected them of having illicit relations. He then surrendered to the police.",ASSASSINATION
"A rally led by Dr. Sarfraz Naeemia raised anti-American slogans, burnt the effigy of President Bush and showed solidarity with the Afghani government and Osama Bin Laden. The rally was also addressed by JUI and JI members. ",VIOLENT_POLITICAL_DEMONSTRATION
a girl was gunned down by her cousin on suspicion of having an affair with a youth of the same village.,ASSASSINATION
Two cows were killed and three houses damaged by Indian firing along the working boundary.,ATTACK_ON_STATE
"the younger brother of Mullah Wakeel Ahmed Mutawakkel, a former foreign minister of the Taliban Government in Afghanistan was killed on 3-jul-05, in an exchange of fire between two rival groups. Police sources say Jalil Ahmed was caught in a crossfire on Sariab road, where he suffered injuries. he was taken to the hospital where he died.",RIOT
"Two Taliban militants, armed with guns, entered a mosque and asked two elders to accompany them outside. When the two elders, identified as Israf Gul and Irab Gul, refused to oblige the militants beat them up before opening fire on them resulting in their deaths. ",ASSASSINATION
A clash between militants and security forces left 15 militants dead and 23 injured. Troops advanced to Meshti Mela and killed 5 militants. ,GOV_ATTACK_ON_NONSTATE_COMBATANTS
Three rockets were fired upon police lines in Tank. Attackers fled when police returned fire.,CONVENTIONAL_ATTACK_ON_GOV_FORCES
One person was injured in the Mandhar village as the Indian shelling continued from across the LoC.,ATTACK_ON_STATE
Four students were injured when unidentified gunmen fired at the hostel building and fled.,TERRORISM
"A 6-year-old girl was killed and nine others were injured when a bomb exploded in a tonga going from Chungi No-14 to the tomb of Hazrat Shah Rukn-i-Alam in Multan.  When the tonga reached near Aam Khas Bagh, a bomb blast destroyed the cart, but the driver and horse escaped unhurt.",TERRORISM
Two passers-by were killed and a policeman was injured when armed men opened fire on the car of a police sub inspector at the CID in Korangi. It was alleged the SI Khosa was the target of the attack. ,ASSASSINATION
"A ninth grade student was crushed to death by a speeding vehicle. Soon after, students went on a rampage and damaged multiple shops on their way to attacking a police station in Saddar.",VIOLENT_POLITICAL_DEMONSTRATION
"According to reports form Islamabad, planes and helicopters heavily pounded militant positions in te Sam, Laddah, Makin and Kanigoram areas. Heavy bombing also caused wide spread damage to residential areas.",GOV_ATTACK_ON_NONSTATE_COMBATANTS
a grenade explosion occurred near the Cantonement Board Offices. Sialkot Police Chief said that the hand grenades were locally made and the motive behind the incident was to panic the public.,TERRORISM
"Following the assassination of Maulana Yousuf Ludhianvi, enlarged youths set Capri Cinema on fire on M.A Jinnah road.",VIOLENT_POLITICAL_DEMONSTRATION
"Riaz Mohammad was riding a bicycle whe he was shot, his brothers-Javed and Aurangzeb- come to pick him up and the assailant fired on them too. Police registered a triple murder on the request of the father, Mohammad Iqbal.",ASSASSINATION
some unknown armed persons shot dead one Soda of Ood tribe in his house. His wife was also injured. The murder was said to the be the result of an old feud.,ASSASSINATION
A watchman of the hospital was found murdered in the premises. No further details were given.,ASSASSINATION
"Two suicide blasts within 3 minutes in a busy market area killed at least 50 people and injured 120. Among the victims, 8 soldiers were killed and another 12 injured. Most of the victims were civilian. The R.A. Bazaar is near sensitive military installation and offices. The TTP claimed responsibility for the attack. However, Lahore Commissioner Khusro Pervaiz claimed that India was behind the attacks. ; Follow-up: 3 people who had been wounded succumbed to their injuries on the 14th of March 2010. ; A man who suffered injuries in the blasts died at the General Hospital, taking the death toll upto 62. ; Another victim of the attacks who had sustained injures died the Combined Military Hospital. ",TERRORISM
"Rizwana was found dead near the tracks with a single bullet wound to the head. Mohammad Ayaz, her husband, realised she was missing when he reached home in Chanesar Goth. Police could not ascertain the reason behind the murder.",ASSASSINATION
"A father of four was found shot dead in a plot near Shamkay Bhattian stop. 40-year old Muhammad Aslam of Hujra Shah Muqeem was, according to police speculation, kidnapped and then murdered. The family did not name anyone in the murder case.",ASSASSINATION
"Two men belonging to rival groups were killed in an exchange of fire while another was injured, in the Lachi area.",RIOT
"According to sources, three were killed and at least 27 people were injured in Indian firing from across the Line of Control in different villages of Neelum valley. ",ATTACK_ON_STATE
"5 local leaders of PSF were injured when some armed asailants attacked them near Lohari Gate, when they were asked to remove some stickers from their chests by IJT men. When they refused, their rivals shot indiscriminately.",RIOT
An explosive device went off in Tawakal market in Wana Bazaar during the opening of the bazaar after months of economic sanctions were lifted. Eyewitnesses report that a paramilitary soldier and a passer-by were injured in the explosion.,TERRORISM
"\Some\"" people were injured in lathicharges and teargassing in Charsadda, including the SHO of Charsadda.""",RIOT
"It was reported that there was a heavy exchange of fire between Indian and Pakistan troops at Siachen 'during the last few days', including a number of air violations by New Delhi in the area. But the exact incidents were not reported.",ATTACK_ON_STATE
some unidentified person opened fire at Shah Alam market when people were returning home in the evening after the Ashura-i-Muharram procession. They also hurled empty bottle at the police party. They also damaged vehicles.1 man was injured. A student leader also reported that some people opened fire on them as a result of which 2 of his collegues were injured.,TERRORISM
"3 militants, that were signalled to stop by security personnel, opened fire at the latter. Retaliatory fire killed all three militants who were trying to infiltrate into Bayakan area from Shah Dheri. 1 of the security personnel was also injured. ",CONVENTIONAL_ATTACK_ON_GOV_FORCES
Three tribesmen were killed while another was injured when armed men attacked a tractor trolley of Turi tribesmen in Munda area near the Afghan border in Kurram.,TERRORISM
"100s of youths protested the killing of Shahzad Raza by blocking the main road. The police resorted to baton-charge and tear gas shelling to disperse them. The police claim that the crowd refused to disperse and threw stones to which the police responded. During intermittent clashes between the two parties, 3 vehicles were set ablaze, passing vehicles were pelted with stones and there was exchange of fire as well. ",VIOLENT_POLITICAL_DEMONSTRATION
Four people were killed while eight others were injured in an armed clash between the Sulemankhel and Seigi Tareen tribes in the Gulistan area of Qila Abdullah. The tribes had a previous dispute over the ownership of a tract of land.,RIOT
The bullet riddled body of a 30-yearl old man was found. The reason behind the killing could not be ascertained.,ASSASSINATION
"After the police had vacated a plot that had been usurped by alleged lang-grabbers in the garb of flood-affected people, armed men showed up and opened fire at the police. In the clash that ensued, 4 policeman and 5 other people were injured. The office of a local builder was set on fire during the gun-battle. By the end of the clash the police had arrested 8 suspects. The police claimed that 'the land grabbers enjoyed political support' and that 'some leaders of a nationalist party have been found involved in staging the entire drama'.",OTHER
"Several shops in Pasni, Turbat and Mand were attacked and set on fire. In border town of Mand a customs office and a hostel were rensacked. Violent protests were also reported from Panjgur, Sibi, Mastung, Dera Murad Jamali, Usta Muhammad, Dera Allahyar and the industrial town of Hub.",VIOLENT_POLITICAL_DEMONSTRATION
"a man, Jamal, was shot and killed by his rivals in the village of Jehanabad. The motive behind the murder is stated to be old rivalry between the two Afghan families.",ASSASSINATION
"The former Minister of State for Foreign Affairs and current candidate for the Lodhran district Nazim, Siddiq Khan Kanju, and his companions were outside a barber shop when three men got out of a car and shot at them. As a result, Kanju and one other person died and injured another. ",ASSASSINATION
Two powerful bomb blasts occurred in Quetta within moments of each other. The second blast occured in the backyard of a Hindu temple. There were no reports of casualties or major damage. The blast shattered windowpanes of the buildings near the explosion site.,TERRORISM
A bomb exploded in Parachinar on Wednesday due to which a boy was injured.,TERRORISM
three people were killed when gunmen opened fire on a Karachi bound trailer near Wadh Town in Khuzdar district.,TERRORISM
Four people were killed in a clash between Wattoo and Chishti group over a piece of agricultural land on Monday,RIOT
"FC convoy was attacked by Baloch militants in Ganz Nallah area injuring 3 security personnel. Later, reinforcements arrived and FC attacked the militangts killing at least seven. BLA claimed the responsibility for the attack.",GUERILLA_ATTACK_ON_GOV_FORCES
"Tariq Aziz, an MQM worker carrying a head money one million rupees, died in an encounter with the police in Orangi. The police changed its story of the encounter three times, each time claiming that he was killed in 'self defence'. But the relatives of the deceased said that the police had arrested him in a raid on his house and then killed him a few hours later.",GOV_ATTACK_ON_CIVILIANS
One person was killed by unknown assailants in Shakargarh on Thursday.,ASSASSINATION
"Five people were gunned down by their three rivals on a dispute of \adda\"" posession.""",ASSASSINATION
Suspected militants entered the house of a pro-government tribal elder and vacated the inmates before planting an explosive device and blowing up the house. No casualties were reported.,TERRORISM
Amir Iqbal- who was the main suspect in the killing of PPP leader Begum Rehana Sarwar- was shot dead by unidentified men. \nBegum Rehana Sarwar was killed 4 year ago on a property dispute in Defence,ASSASSINATION
Miscreants fired a rocket on a governmetn slaughter house in Khar. No casualty was reported.,TERRORISM
An SI(Syed Akhtar Hussain Zaidi) died while ASI(Shoaib Ahmad Soomro) received bullet injuries by unknown assailants chasing them near office of Sui Southern gas on Wednesday,CONVENTIONAL_ATTACK_ON_GOV_FORCES
A militant commander Anwar and his deputy Sadiq were killed during a clash with security forces. Both militants belonged to Odigram area.,CONVENTIONAL_ATTACK_ON_GOV_FORCES
Suspected militants fired rockets and machine guns into the army brigade headquarters. No damaged was reported. The forces guarding the brigade retaliated and this continued for a few hours.,CONVENTIONAL_ATTACK_ON_GOV_FORCES
8 policemen were injured when terrorists on motorbikes attacked 3 police posts with hand grenades. The first attack was when a grenade was hurled on a Rescue 15 post in Topawala Square on the Circular road. 6 policemen were injured. ,GUERILLA_ATTACK_ON_GOV_FORCES
1 man was killed and 9 others were injured when a bomb exploded at Badami Bagh Bus Stand. The explosion took place outside a New Khan's Sadiqabad-bound bus. The bus was also damaged.,TERRORISM
Unidentified men shot dead an employee of the Agriculture Department. No further details given.,ASSASSINATION
A roadside remote-controlled bomb was detonated as a security convoy was passing by. Lt-Col Mohammad Yousaf and 5 soldiers were killed while 2 other soldiers were injured. ,GUERILLA_ATTACK_ON_GOV_FORCES
A cracker exploded in a garbage can near the building.,TERRORISM
"Following the death of a student in an accident, hundreds of students kept Lahore-Sargodha road blocked for about an hour and pelted stones at cars and buses.",VIOLENT_POLITICAL_DEMONSTRATION
Two powerful blasts ripped through the busy Moon Market in Allama Iqbal Town claiming at least 45 lives. The blast also caused a massive fire in the market which destroyed several shops and vehicles and also knocked out the electricity supply. According to the police the first blast took place outside a bank and the other near a police station and both took place within a few second of each other. The commisioner blamed India for the blasts but the law minister said militants from Waziristan were behind the attack. ,TERRORISM
"Following the rumor of an assassination attempt on the chief of the Sunni Tehrik in Pakpattan, a mini-bus was torched in Federal B area. The rumor turned out to be false. ",VIOLENT_POLITICAL_DEMONSTRATION
"In Nowshera, unidentified persons blew up an electricity tower. ",TERRORISM
"Scattered incidents of violence were witnessed in Karachi on the fifth day of violence, when an armed clash between two 'ethnically' motivated groups took place leaving at least half a dozen wounded in Block 4 of Gulshan-i-Iqbal. The police intercepted and brought the situation under control.",RIOT
"Salesman Imran- a resident of Ghausia street, Ravi Road- was found dead in a sack in a park. His body was riddled with bullets and burnt. The family said that they had no enmity with anyone. ",ASSASSINATION
The body of a 28-year old man who was shot dead four days ago by some unidentified people was found in a drum near Wahdat Road. Family members of the victim said that he had no enmity with anyone. Police said the murder could have been carried out after a dispute.,ASSASSINATION
Five people were killed and 21 others injured when unidentified gunmen fired at a food distribution (niaz) during the Zuljinnah procession of Moharram. The attackers could not be apprehended.,TERRORISM
"An explosion occurred near the office of the divisional superintendent of Railways. The explosion was caused by a locally-made bomb, and it could not be determined who was behind the attack.",TERRORISM
A woman and her friend were killed in the name of honour according to the tribal 'traditions' by the woman's father and brother.,ASSASSINATION
The bomb disposal squad managed to defuse a bomb planted near a venue where former chief minister Mohammad Akram Durrani was addressing a meeting. ,ASSASSINATION
"Three CD shops, located in different markets of Matani Bazaar, were blown up and completely destroyed. Owners of the shops told the police that they had not received any prior letters or calls for the closure of their businesses. This is the fourth incident of attacks on CD and video shops in the city.",TERRORISM
8 highly sensitive mines that had been planted along railway tracks were detected and defused by law enforcement agencies. This came after 2 bombs had exploded along railway tracks in the same area a couple of days ago. ,TERRORISM
A man died during shelling by Indian forces in Balakot village in Nakyal sector of Kotli district. Three other people were injured in the Goi village of Tatta Pani sector in the same district.,ATTACK_ON_STATE
"Armed motorcyclists shot and injured a padestrian, Malik Khizer Hayat. ",TERRORISM
"Residents of Razaabad and family members of a teenager who drowned in a pond demonstrated against Wasa (Water and Sanitation Authority). The demonstrators blocked the main road, burnt tyres and broke the windows of more than a dozen vehicles. The Razaabad Police have registered a case against two people who had obtained a stay order against the removal of the pond. ",VIOLENT_POLITICAL_DEMONSTRATION
"Two groups, one from the Sher-i-Bengal Muslim League and the other from the Pakistani Bengali Action Committee, exchanged hot words over the possession of an office which led to an exchange of fire. This led to the death of two people. One of the deceased was a member of the Sher-i-Bengal Muslim League while the other was a passer-by. The police later arrested one person allegedly involved in the firing. ",RIOT
A group of youth made an attempt to set a KTC bus on fire in Burns Road Area on Tuesday.,TERRORISM
"As soon as news of the violence at an MQM procession in Karachi, where 2 people were killed, reached Hyderabad, angry youngsters took to the streets and pelted vehicles and shops with stones in addition to damaging public property and firing in the air. Later, a police contingent showed up and tried to bring the situation under control. ",VIOLENT_POLITICAL_DEMONSTRATION
A man was shot and injured when unidentified men opened fire on him in Mehmoodabad.,ASSASSINATION
The harvesting of seasonal crops was badly disrupted as Indian forces continued shelling on the Pakistani border villages across the LoC.,ATTACK_ON_STATE
A man was killed and his wife amd daughter were injured when some people threw a hand grenade in their house while they were sleeping. The man was said to have no enemity with anyone.,TERRORISM
"A threatening call was received by FM 99's Producer News and Current Affairs, Ishfaq Joya, at his mobile phone. The caller introduced himself as an activist of the Anjuman Fidayan-i-Islam and said his Chief Abu Hureira had directed him to convey his message to the radio channel to leave Muzaffarabad to avoid any offence, as the activities of the channel, especially with \Save the Children\"" programme were suspicious.""",THREAT_OF_VIOLENCE
Unidentified gunmen attaked a bus of Attock cement factory killing three workers. The workers were returning to their homes in Karachi,TERRORISM
"Zahid Sanam, who was the vice chairman of Khanpur Zakat Committee, was gunned down at his front door allegedly by his opponents. ",ASSASSINATION
The decomposed body of an unidentified man was found in a manhole near a textile mill. ,ASSASSINATION
Two constables on a motorcycle were on their way to the Sindhi Hotel branch of the National Bank of Pakistan when they were intercepted and killed. ,ASSASSINATION
"The bullet-riddled body of a militant commander, Nazir Khan, was found. Khan had been accused of attacks on government officials and installations. ",ASSASSINATION
The body of an unidentified young man was found from a house in Sector 14/B in Mochko. His hands and legs were tied and he had been strangled. ,OTHER
"Police baton charged inmates at a prison after the prisoners had protested against the alleged 'excesses' of the jail administration. The baton charge left 18 inmates injured. The inmates also claimed that the jail authorities had demanded bribes from them and, upon their refusal to oblige, had tortured them. ",VIOLENT_POLITICAL_DEMONSTRATION
"Hundreds of residents of New Goth staged a rally against the civic authorities's failure to pump out drainage water from the area. The protestors burnt tyres and changed slogans against the Tehsil and District Nazims.  The Naib Nazim, Iqbal Dawood, rushed to the scene and ordered the water to be drained. ",VIOLENT_POLITICAL_DEMONSTRATION
"Muhammad Jan Ahmadzai-leader of Jamaat-i-Islami(Afghanistan) was gunned down  by unidentified person in Cherat Road, Pabbi on Thursday.",ASSASSINATION
Security personnel destroyed houses of five militants in Shabaddin area of Charbagh. Three bodies were found in Kabal and Barikot tehsils of the district-two from Akhund Kalley and one from Nawagai.,GOV_ATTACK_ON_NONSTATE_COMBATANTS
"Eight persons were killed when their rival party opened indiscriminate fire on them while they were being transported by the police. According to officials, the party had been taken into custody for allegedly killing the Ex-chariman union council.",TERRORISM
"A police party was attacked by a large number of men and women, who claimed that when the police raided their village and arrested two robbers, 'they did not observe the decency of the women folk'. ",VIOLENT_POLITICAL_DEMONSTRATION
Unidentified assailants fired eight rockets at the convoy of security forces when it was passing through Tatrani area in Kohlu district. The troops returned fired forcing the attackers to flee. One soldier was injured in the exchange of fire.,GUERILLA_ATTACK_ON_GOV_FORCES
"Official sources said militants opened indiscriminate fire on security personnel in the hilly area of Sangsilla in the Dera Bugti district. The security forces immediately took positions. In the exchange of fire, security men Mazullah, Mohammad Qamar and Naeem were injured, who were taken to the military hospital.",CONVENTIONAL_ATTACK_ON_GOV_FORCES
two policemen and a civilian was killed and three others including two policement were injured in a clash over a disputed piece of land in Ranwati police area in Sukkur. A police team had gone to the disputed site allegedly to hand over possession to one of the parties when the group present their attacked them with rocket.,RIOT
Two policemen were shot at and injured by four unidentified armed men in Green Town while they were on a routine patrol.,GUERILLA_ATTACK_ON_GOV_FORCES
"Unidentified persons opened fire indiscriminately on a jewellery shop in Ghotki, killing a 13-year-old boy and and injuring another person.  Police say the incident was caused by old enmity and the attackers intended to kill the proprietor of the shop, who escaped.",ASSASSINATION
"In the midst of a strike called by the MQM to protest against the 'extra judicial killing' of its workers in police custody, shooting incidents took place all over the city. A man was wounded in New Town.",TERRORISM
"The demolition squad of the Karachi Building Control Authority was attacked by a group involved in unauthorized construction on a privately owned land bearing survey No. 90-A, Khuldabad, Landhi.  ",TERRORISM
"In Korangi, Edhi volunteers found a bulet-riddled body near Mahal Cinema. His political affiliation could not be known. ",OTHER
"Amanat, who was a Rescue 1122 constable, was shot while he was travelling on a van by another passenger on the same van. Other passengers managed to overpower the assailant, identified as Farhan, and handed him over to the police. ",ASSASSINATION
Two memebers of the ATI were shot dead in a clash between two factions of the student body over the reorganization of the group. The exchange of fire spread panic on the campus.,RIOT
Prisoners in the Khairpur Jail staged a violent demonstration against non-provision of basic services.They pelted the police with stones.The police baron charged the protesters.,VIOLENT_POLITICAL_DEMONSTRATION
A man was shot dead by unidentified gunmen in his car.,ASSASSINATION
"The wave of 'ethnic' violence that affected Orangi town the previous day spread to other parts of the city when a man was on the rooftop of his house in the remit of Shahrah-i-Noor Jahan in North Nazimabad and was hit by a bullet. The police said he did not have political affiliation, however, the ANP spokesman claimed that he was the vice president of its Ward UC-2 in Orangi Town. ",ASSASSINATION
Cross-border firing by India in pooch district. Mohammad Rafique injured on Monday and Sofia received wounds on Tuesday.,ATTACK_ON_STATE
Some miscreants tried to detonate two bombs on an oil pipeline carrying oil to Punjab from Sindh. One bomb exploded while the other was defused.,TERRORISM
Several areas of Mohmand Agency were the site of a search operation by security forces as the offensive against militants in the region continued. Helicopter gunships were used to attack suspected militant hideouts. Several hideouts and 3 cars were destroyed in the operation. ,GOV_ATTACK_ON_NONSTATE_COMBATANTS
"a large number of textile workers staged a rally and blocked the traffic to protest low gas pressure, poor policy for textile mills, closure of second shift in mills and high tariffs of electricity and gas bills. They carried placards, shouted slogans and burnt tyres. police reached the spot, after negotiations the labourers dispersed.",VIOLENT_POLITICAL_DEMONSTRATION
Unknown armed men riding a motorcycle gunned down an afghan refugee identified as Molvi Yar Mohammad who was Pesh Imam in a mosque. The deceased had an enmity in Afghanistan which resulted in his assassination.,ASSASSINATION
"Four children were killed and seven people were injured when security forces pounded bases of Lashkar-i-Islam with shells and artillery gunfire. Tanks moved into the area and helicopters went into action.  Some people said that the people who's houses were damaged in the firing had no political affiliations, and that civilians were being caught up in the battle.",GOV_ATTACK_ON_NONSTATE_COMBATANTS
"Two more persons were killed and two others were injured in a clash between two groups of the Bugti tribe in a village in Jaffarabad, Balochistan as part of the on-going clash between the two groups.",RIOT
"Members of the the Lahore Bar Association (LBA), after barring the entry of the Chief Justice into the Lahore High Court, marched towards PMG Chowk to continue pressing for the transfer of D&SJ Zawwar Ahmad Sheikh. After trying to convince them, in vain, to not violate Section 144, the police fired tear gas and shots into the air to disperse the mob but the lawyers retaliated by pelting the police with stones and damaging their vehicle, forcing the police back. Lawyers also thrashed some cameramen from private news channels, accusing them of 'supporting the LHC chief justice and provincial administration'.",VIOLENT_POLITICAL_DEMONSTRATION
"shop of a faith healer was blown up by an unkown miscreant. 3 nearby shops were damaged as well as a rickshaw, however no casualties were reported.",TERRORISM
A 35 year old man was found dead on Railway Road in the Naulakha area. He had an injury to his head.,ASSASSINATION
A worker of the Muttahida Qaumi Movement was shot dead by two unidentified motorcyclists.,ASSASSINATION
"Jet fighters bombarded militant hideouts in different areas of Maond and Salarzai tehsils. However, no casualty was reported.",GOV_ATTACK_ON_NONSTATE_COMBATANTS
Teenager Imran was killed and 2 others were injured after they were attacked with knives by some people in Korangi.,ASSASSINATION
"Following a fresh wave of violence, Gullistan-i-Jauhar, Qasba Colony, Nazimabad, Lyari, Kharadar and Site Areas were paralyzed  by the incidents of intense fire by unknown men on Sunday.",TERRORISM
"Several people were injured when police resorted to baton-charge and tear gas shelling during an anti-encroachment campaign in Sialkot.  While shops were being demolished, a former MPA, Maulana Ghiasuddin, accompanied by several residents, wished to have a dialoque on the matter, however, the police began baton-charging and tear gas shelling. The Maulana and one of his colleague's were arrested and subjected to violence but later released. Shopkeepers went on strike in protest.",GOV_ATTACK_ON_CIVILIANS
Four civilians were killed and four others were injured in Indian Shelling from across the LoC in Hajeera Sector in the Dea Sheir Khan village of the Rawalakot District. ,ATTACK_ON_STATE
A man's body was found tortured and shot dead in the Old City area. The police could not ascertain the motive behind the killing and the man's identity could not be established.,OTHER
"Seven camps of Taliban were destroyed and five militants were injured in the air strikes in Sultanzai, Feroze Khel, Bezote and Sam areas of Orakzai Agency. Heavy bombardment by the jetfighters two bunkers and underground ammunition dumps were also blown up in Bezote area of Orakzai Agency along Kohat district. Twelve militants were killed in the air strikes.",GOV_ATTACK_ON_NONSTATE_COMBATANTS
"Jinnah', which is a local newspaper owned by property tycoon Malik Riaz, put up banners that questioned PML-N stalwart Chaudhry Nisar Ali Khan's income and property. Over 100 PML-N supporters arrived at the site and tried to pull down the banners which led to a brawl between supporters of both groups. The police, which was already present, tried to beat the rival sides back with batons while the latter threw stones and fired guns. Over a dozen people were arrested but no serious injuries were reported. ",RIOT
A school headmaster was shot dead allegedly by seven outlaws over a land dispute in karrianwala on Tuesday,ASSASSINATION
Bullet riddled bodies of two Afghan nationals wre found inside a house. The reason behind the killing could not be known.,ASSASSINATION
"The heads of two rival groups were shot dead over old enemity in Berriwala village. Chaudhary Muhammad Sidiq Tarar was first killed by the rival party, after which, in retaliation, the leader of the rival party himself was shot dead by the relatives of the first victim. ",RIOT
"Armed motorcyclsits opened fire at a car, killing one person on the spot and injuring 2 others. One of the two wounded victims succumbed to his injuries in the hospital. The police attributed the incident to old enmity between two tribes. ",ASSASSINATION
The SHO of Sariab Police station was killed along with two of his security guards when armed men attacked his vehicle while he was patrolling the Killi Shahnawaz area. ,ASSASSINATION
"A man was injured when a bomb went off in front of the office of the hospitals' medical superintendent. The explosion damaged the windowpanes of a nearby offices and wards, and also a newly renovated resource centre for children. Noone claimed responsibility for the attack, but it was learnt that a former resident of the union of paramedic staff had developed differences with the hospital management over the renovation of the resource centre. It was learnt that the officials of the health department had expelled members of the union from resource centre where they had established an office without permission.",TERRORISM
A bomb mounted on a bicycle exploded in a busy market killing one person and injuring at least 22 others.  This is the third bomb blast in Peshawar in the past four days.,TERRORISM
"The bullet-riddled body of a 32-year old man was found in a gunny bag  in the limits of the Bin Qasim police station, and a man was shot dead In his house in Peerabad. Awami National Party claimed that one of the victims was its worker, but the police said that the deaths were a result of personal enemity.",RIOT
Four persons including two children were killed when the house of Saed was attacked with handgrenades by unknown assailants in the Hangu District. The attackers managed o escape from the scene,TERRORISM
"Militants killed Ghani, who was a member of a peace committee, for raising a voice against them. Militants had warned the armed lashkar of FR Kohat against supporting security forces against the Taliban. ",ASSASSINATION
"A suicide bomber blew himself up inside the court of a senior judge in Quetta, killing 15 people and injuring 35 others. The provincial police officer said that attacks on government installations and personnel of law-enforcement agencies were a reaction to government's firm resolve to combat terrorism and sabotage activities in the country. Followup: Special police teams raided different places in Quetta and detained around 50 suspects, 25 of them Afghan nationals.  Followup: Police announced the arrest of an Afghan national involved in Quetta's suicide attack.",TERRORISM
"some members of a Deoband seminary, believed to now be activists of the now defunct Sipah-i-Sahaba objected to the holding of frequent Majlis in the Imambargah. They pelted the participants of the Majlis with stones and left 6 injured. In response some of the Majlis organisers resorted to aerial firing. it was the first incident of sectarian violence in 25 years.",RIOT
A paramilitary soldier was killed in a clash between local Taliban and Arang tribesmen in Uthmankhel area. The tribesmen were asking the Taliban to vacate the checkposts of paramilitary troops.,RIOT
Four people were killed and 10 others injured when Ghaibzai and Massyayzai tribes clashed against each other. The reason behind the clash was not mentioned in the report.,RIOT
the Taliban took control of the city of Mingora and laid siege to a place which housed 46 security personnel. An official said that this was a violation of the Swat peace agreement.,CONVENTIONAL_ATTACK_ON_GOV_FORCES
2 people were shot at and injured by unknown assailants in Korangi on Sunday.,ASSASSINATION
A 10 year old boy was injured in a landmine blast in the Dashat-i-Goran area of Dera Bugti. Police menawhile foiled attempts to blow up gas pipelines by defusing bombs.,TERRORISM
"Several workers of the Kissan Bachao Tehrik were injured when police resorted to baton-charge and tear gas shelling to control the situation of violence that arose when the workers  tried to halt vehicles and trains carrying supplies in various villages of the Silanwala tehsil. Three farmers sustained bullet injuries while several others were injured in the baton-charging in Chak 106-NB and surrounding areas. The farmers stopped a train near Ajnala and Chak Warrianchanwal, destroying milk adnd vegetables. They also pelted vehicles with stones that were driven by police. The Sargodha district magistrate narrated an incident on Sargodha road where over 150 people had blocked the road and beaten women and children of a bus, along with wasting milk of milkmen. To which the police resorted to baton-charge and tear gas shelling to disperse the crowd, however, the agitators pelted them with stones and began firing.",VIOLENT_POLITICAL_DEMONSTRATION
"The strife-hit areas of Karachi witnessed renewed violence, as a man was gunned down by armed men on a motorbike in Khuda ki Basti area. He was reportedly targeted due to his ethnic background as he did not belong to a political party.",ASSASSINATION
The nose and lips of a man were chopped off by two men in Mouza Chanderwali as they had suspected that the man had relations with a woman from their tribe. ,TERRORISM
Two people were murdered in a village near Nawabshah following the custom of karo-kari.,ASSASSINATION
"A crime reporter of the Urdu daily ' Sang-i-Meel', who was also an activist of the Punjabi Pukhtoon Ittehad was kidnapped, and killed in Block 17 of the Federal B area. Witnesses reported that unidentified men dragged his out of the car and shot him several times with an AK-47 rifle. ",ASSASSINATION
"As part of the violence on the second day of a two-day strike called by the Mohajir Qaumi Movement (MQM), protesters threw a 'cracker'  on the office of  ASP cantonment police station. ",VIOLENT_POLITICAL_DEMONSTRATION
"a former activist of the Mohajir Qaumi Movement-Haqiqi, Raees, was killed and two others were wounded when unidentified persons opened fire on them in Liaqatabad No.4 in the furniture market.",ASSASSINATION
"The Difah-i-Islam Mahaz, a 15-party Sunni Alliance held a protest rally to condemn the US-led war on Iraq when hundreds of activists marched towards Faisal Square and two constiuents of the alliance clashed over who would lead the demonstration. Three people were injured and the police did not intervene.",VIOLENT_POLITICAL_DEMONSTRATION
Asadullah Khan- resident of Shah Faisal Colony- was shot dead by unidentified armed men near the PAF base Faisal. He worked for Kashmir Press International. ,ASSASSINATION
A man was shot dead by two unidentified men near the Mari Shopping Centre.,ASSASSINATION
"Three rockets were fired on the house of Awami National Party leader Malik Ilyas in baghdada, near Punjab Regiment Centre. However, the rockets were misfired and hit nearcy houses.",TERRORISM
An unidentified woman was gunned down in Orangi. ,ASSASSINATION
Karachi witnessed the bloodiest day of the recent wave of violence as a young man's bullet-riddled body was found from Qasba Colony during the on-going violence. ,ASSASSINATION
Hundreds of telephones were disconnected in Quetta after a cabinet housing phone utility equipment was blown up in Huda area.,TERRORISM
The police defused a roadside bomb in Sambat area. No other detail was given.,TERRORISM
"an employee of the Punjab Civil Secretariat Muhammad Usman, a resident of Kacha Sanda,was gunned down by unidentified persons. He was the caretaker of the stationery store, S&GAD.",ASSASSINATION
The body of an unidentified man was found under the Native's Jetty Bridge.,OTHER
A police constable was gunned down outside his home in Rabbani Muhullah of Frontier Colony No.3.,ASSASSINATION
"MQM activist, Abdul Basit, was shot dead and his wife, Kiran was wounded when unidentified men on a motorbike opened fire right outside the former's house. Abdul Basit was a joint-incharge of the unit 9 of the MQM's organizational structure in Lyari Town.",ASSASSINATION
"As part of operations by Karachi Building Control Authority (KBCA), the KBCA squad came to raze an illegally constructed floors of a building in Bihar colony in Lyari town but were met with an angry mob that resisted and reportedly created a law and order situation. The KBCA squad had no option but to turn back.",VIOLENT_POLITICAL_DEMONSTRATION
A group of traders protested against the failure of the police to rid the area of crime.They burnt tyres and blocked the entrance of Hajipura police station.,VIOLENT_POLITICAL_DEMONSTRATION
"Militants attacked the security forces checkpost in Spinal Raghzai area. While sources claim that 2 soldiers died in the attack, militants claim to have killed 5 soldiers.",GUERILLA_ATTACK_ON_GOV_FORCES
"Mirza Aftab Ahmed, a school teacher, was found shot dead. He had been shot several times and his body was riddled with bullets. ",ASSASSINATION
"the people of the area, who were protesting against the firing of KDA  that injured a resident of Ziaul Haq Colony, lit a bonfire at Rashid Minhas road disrupting traffic between Gulshan Chowrangi and UBL Sprts Complex. following the firing the protesters dispersed and then remerged claiming that 2 residents had died. they pelted vehicles with stones and lit tyres on fire. they also damaged traffic signals and marriage halls located at Rashid Minhas road. the police fired tear-gas shells to disperse them. 5 miscreants were arrested for creating a law and order situation.",VIOLENT_POLITICAL_DEMONSTRATION
A bomb placed under a bridge on the Quetta-Taftan highway went off partially damaging the bridge. A spokesman for the Baloch Republican Army claimed responsibility for the attack.,TERRORISM
One person was killed and nine others were seriously injured when a bomb went off in Pasrur town planted under the seat of the bicycle on Sunday. Authorities told that the bomb was Indian made ,TERRORISM
"The Dera Bugti district chief of Jamaat-i-Islami, Amaanullah Bugti and two other men were killed and another was injured when their car was ambushed near Sui and armed men opened fire on them. The reason behind the killing was said to be an old tribal enmity.",ASSASSINATION
"A large number of lawyers and political and social activsts held a protest demonstration outside the Supreme  Court, demanding the reinstatement of Chief Justice Iftikhar Mohammad Chaudhary. The protesting lawyers beat two pro-government lawyers in the Supreme Court, and their colleagues outside the premise thrashed some persons allegedly belonging to an intelligence agency when they tried to creep into the protest rally wearing black coats.",VIOLENT_POLITICAL_DEMONSTRATION
Shabbir Ahmad killed his sister-in-law on suspicion of her bad character.,ASSASSINATION
A body was found in the Badhber area which appeared to have been dumped there after being killed by suspected militants. ,ASSASSINATION
"Taliban seiged a house in Dadukhel suspecting that some criminals were hiding in the house. In the ensuing shootout, three Talibans and four 'criminals' were killed.",OTHER
"Two rockets were fired from the Jandran mountains by terrorists and landed in an open space, causing no loss of life or any injuries. Officials claimed they were meant to target the FC checkpost but could not do so.",GUERILLA_ATTACK_ON_GOV_FORCES
A jatoi tribesman was gunned down by the Mahar tribesmen because of previous disputes between the two tribes. Tension has mounted in the area since,ASSASSINATION
"Two armed men on a motorbike shot and killed Qari Abdul Mateen, who was a prayer leader, and his associate Hafiz Usman. ",ASSASSINATION
"It was alleged by Aftab Ahmad Shaikh, the Deputy Governor of the MQM(A) Coordination Committee, that policemen in plain clothes had stopped MQM Coordination Committee member Begum M.G.Siddiqui and threatened her with 'dire consequences' if she didn't divulge certain information. This was reported in the context of the MQM(A)'s claim that the government and intelligence agencies were attempting to cruch the Mohajir community politically and economically. ",THREAT_OF_VIOLENCE
Two bomb were defused from the Talaab Sheikh Maula Bux area of Sialkot.,TERRORISM
"armed tribesmen attacked FC post in Pathar Nullah. The rockets exploded in open areas, causing no casualty or damage. FC personnel retaliated and fired rockets on positions af assailants.",GUERILLA_ATTACK_ON_GOV_FORCES
"Two policemen were shot dead in the Model Colony, Malir after two culprits opened fire on them when they signalled the suspicious car to stop. Shafi Rind, Malir town police officer stated that terrorism could not be ruled out. ",ASSASSINATION
Two tribesmen were killed in an armed clash between two groups of the Daher tribe. The reason for the clash was not reported.,RIOT
unidentified killers shot dead the private security guard of the Norwegian Embassy on 24-dec-06.,ASSASSINATION
"The bomb disposal squad defused a 10-Kg bomb planted at a girl's seminary, after locals informed the police about the presence of a suspicious container. ",TERRORISM
"Students of the Sindh Punjabi Students Association attacked Sindhi students, injuring several of them. The JSTPSF claimed that when some of their members went to the college to settle the dispute they too were attacked by the SPSA. ",TERRORISM
"A police constable was killed and three others were injured after an exchange of fire between two rival groups in the Satellite town area. Constable Abdullah was passing through the area along with other policemen when caught up in the cross fire. Policemen Mumtaz, Farman and Rehmatullah were injured in the incident.",RIOT
"Following the assassination of an activist of the MQM-H, other activists reached the district courts in Malir, ransacked a confectioner's shop and resorted to firing into the air, which left several people injured.  Incidents of firing were also reported from the areas of Saudabad, Khokhrapar and other parts of Malir. ",TERRORISM
"Militants attacked the house of tribal elder Yar Akbar with rockets for allegedly spying for security forces and political administration.The army, that was deployed in the area, rushed to the spot and engaged the militants in battle, forcing the assailants to retreat. ",TERRORISM
"A man was killed while four of his companions were wounded when their car was ambushed by unidentified  assailants in Shareefabad, Baldia Town. ",ASSASSINATION
Two people died while two others were injured in poll related clashes in Abbotabad.,RIOT
"Two explosions were heard from different parts of Quetta. However, the exactly location of the blasts could not be ascertained.",TERRORISM
Violence re-erupted between the IJT and PSF as both groups exchanged fire in National College. 1 18-year-old boy was caught in the crossfire and received injuries. ,RIOT
A vehicle carrying personnel of the Sibi Scouts hit the landmine in Dera Bugti killing one security man and injuring four others. The vehicle was also completely destroyed.,TERRORISM
"In North Waziristan Agency, militants fired six rockets at a paramilitary base near Mirali town. No other detail was given.",GUERILLA_ATTACK_ON_GOV_FORCES
"Unidentified men shot dead a vegetable seller- Muhammad Rafiq, from Malakand in NWFP- standing next to his pushcart. ",ASSASSINATION
A group of militants attacked a patrolling party of security forces on the Palai-Katlang road. In retaliation the troops gunned down four militants in the exchange of fire.,CONVENTIONAL_ATTACK_ON_GOV_FORCES
"Members of PSF and IJT exchanged fire on campus, causing damage to the car of a professor. The two groups have exchanged fire on several occasions during the last 3 days. ",RIOT
Two people were shot dead in Dak Ismail village in the Pabi area by their rivals on Tuesday. ,ASSASSINATION
"A youth Muhammad Asif, was shot dead by two unidentified motorcylists when he was coming out of  his house in Chak Sada. No other information was given.",ASSASSINATION
At least 7 Nato tankers were destroyed at a parking lot when a bomb planted on one of them exploded. The explosion caused a fire that engulfed and destroyed 6 other tankers. ,TERRORISM
"Two men were gunned down outside a tea shop near Shabir Chowk in New Karachi when armed men on motorcycles opened fire on them, killing them on the spot.",ASSASSINATION
"A student activist, Syed Wasif Aziz, President of the United Student Front and a member of the central executive committee of the Jamaat-i-Islami, was shot dead by unknown people on motorcycles.  It is not known who was behind the attack or what their motives were. ",ASSASSINATION
Election day violence claimed the lives of 2 people during clashes between rival groups.,RIOT
a man and a woman who had eloped were executed on a jirga's order in Kala Dhaka.,ASSASSINATION
Police continued a crackdown on PPP workers and leaders in Punjab to deter them from making arragements for the reception of Asif Ali Zardari. Atleast 70 activists were arrested. Most of the arrests were made in Rawlapindi.,GOV_ATTACK_ON_CIVILIANS
A student was killed after he stepped on an improvised explosive device outside a seminary in South Waziristan. Suspected militants had reportedly planted the device outside the seminary.,TERRORISM
"Following the assassination of senoir MQM member Farooq Baig that sparked anger among MQM workers, Karachi witnessed a number of arson attacks that the police claimed targeted mostly vehicles owned by 'people from a particular ethnic background'. A carpet showroom was set ablaze. ",VIOLENT_POLITICAL_DEMONSTRATION
Three people were killed and as many injured in a tribal clah. Several people were arrested. No further details were given.,RIOT
3 people were injured when unidentified persons opened fire in Sher Shah on Tuesday.,ASSASSINATION
A man was shot dead in North Karachi.,ASSASSINATION
Many PSF workers were said to have been injured in the second baton charge of the month of SP office premises. The PSF workers were protesting at alleged kidnappings of some Government Zamindar Science College students by local transporters.,VIOLENT_POLITICAL_DEMONSTRATION
15 civilians were killed and 12 others were injured during the shelling in Karo Dara. According to locals the security forces mistook a group of displaced people for militants and began shelling them. Police said only 4 people had been killed and 12 injured.,GOV_ATTACK_ON_NONSTATE_COMBATANTS
"Two unidentified men knocked on the door of Ashraf's house in Qaimkhani colony and held him at knife point. They then barged into the house and slit the throat of his wife, Bushra Khatoon, and fled. The motive behind the murder could not be ascertained.",ASSASSINATION
"Two police constables, Mohammad Asif and Jamal Baig, were shot dead by unidentified people at a police picket. ",CONVENTIONAL_ATTACK_ON_GOV_FORCES
A man and his wife fell victim to an old dispute over ownership of a plot of land. They were killed by their relatives.,RIOT
The police found four bodies in a gunny bag with bearing torture marks.,ASSASSINATION
"For the second time in 12 hours, the Indian BSF resorted to shelling. The shelling lasted 2 hours and killed 1 villager in addition to injuring 15 people including 3 Rangers personnel. The Chenab Rangers retaliated by firing back. ",ATTACK_ON_STATE
"Some unidentified armed assailants gunned down Mohammad BachalPhull, a driver of Agriculture Development Bank, and fled.",ASSASSINATION
"At least 50 people were injured, 40 of them lawyers, when fierce clashes broke out between the police and members of the legal fraternity at the Lahore High Court.",VIOLENT_POLITICAL_DEMONSTRATION
A man was killed in cross fire between two rival transporters' groups. The reason behind the clash was not reported.,RIOT
Rafique had been living in orangi town whose bullet-riddled body was found in the same locality on Wednesday. The victim was former MQM activist.,ASSASSINATION
2 people were killed and 20 were injured outside DC's office on Saturday when people of different political parties gathered and protested against the kidnapping of a girl allegedly by a Zamindar. Police opened fire and use teargas shells to disperse the crowd.,VIOLENT_POLITICAL_DEMONSTRATION
Militants fired a mortar shell that hit a checkpost manned by volunteers of a peace committee. 4 volunteers were injured in the attack. ,RIOT
"Akbar ali shot dead his unmarried sister Jan Bibi and a man, Abdullah, in the pretext of karo-kari. Akbar Ali, surrendered before police along with the pistol he used in the crime. Abdullah's father lodged an FIR against the murder of his son however no one turned to lodge an FIR in connection with the female Jan Bibi.",ASSASSINATION
Traffic on the Lahore-Multan Road remained suspended following a clash between two rival groups of the veterinary university. Reports suggested that the transporters' musclemen refused to let students get on the bus. The injured protesters were shifted to the hospital.,VIOLENT_POLITICAL_DEMONSTRATION
An explosive substance was hurled at the City Police Station on Thursday. However no loss of life was reported.,TERRORISM
A young man was shot dead by unidentified gunmen. ,ASSASSINATION
"The recent wave of political killings continued as gunbattles raged in Landhi and surrounding areas. An activist of the MQM was gunned down in Chishti Nagar in sector 11 1/2 of Orangi Town when armed men opened fire, killing him on the spot. ",ASSASSINATION
Shots fired by snipers hiding on a hill by the Islamabad Highway hit one of the cars used by PM Gillani. Two bullets hit one of the three cars used by the prime minister. ,THREAT_OF_VIOLENCE
PMl-N workers protested against the arrest of party workers during the general strike the day before by burning tyres on the road. ,VIOLENT_POLITICAL_DEMONSTRATION
Indian forces fired several mortars across the LoC. Details are not available.,ATTACK_ON_STATE
militants killed a man they alleged was spying for the US forces stationed across the border in Afghanistan. Afghan national Imran Khan's body was found in the main bazaar of Razmak town. A notes was found on the body saying that he was spying for the US. he had been kidnapped from the area a few days ago.,ASSASSINATION
"following the supreme courts decision that Nawaz and Shahbaz Sharif were ineligibe to contest or hold public office, PML-N workers and leaders staged a protest in which they set tyres on fire. Security forces did not react to the incident.",VIOLENT_POLITICAL_DEMONSTRATION
An 'alleged' terrorist was injured in an encounter with the police in Gulbahar. ,OTHER
"Dr. Qamar Hussain's car was attacked by armed motorcyclists. In the firing, Dr. Hussain was killed while his driver was injured. The Baloch Liberation Army claimed responsibility for the attack",ASSASSINATION
Humayyon police recovered a beheaded body near the police station. The identity of the person could not be ascertained.,ASSASSINATION
As the news of the murder of the Jeay Sindh activist's murder spread some youths in Khokhrapar pelted stones at passing vehicles and tried to block the roads by erecting barricades. police came and controlled theh situation.,VIOLENT_POLITICAL_DEMONSTRATION
Ten militants were killed and fourteen others were injured when helicopter gunships bombed militant hideouts during an operation by the security forces in Tarli area of the Kurram Agency. Two soldiers lost their lives and three others were injured. ,GOV_ATTACK_ON_NONSTATE_COMBATANTS
Two explosive devices were recovered from separate areas in Mardan. ,TERRORISM
"Following a dacoity at a shop, in which the shopkeeper was injured, shopkeepers of the area closed their businesses, blocked the main road, burnt tyres and chanted slogans against the police for their failure to provide security to the business community. Policemen rushed to the spot and assured the protesters that the criminals would be caught. ",VIOLENT_POLITICAL_DEMONSTRATION
"As part of the MQM protest day against the victimisation and arrest of its women workers, a total strike was observed throughout the troubled localities in Karachi. Incidents of heavy shooting were reported from the MQM dominated areas, however, no injury was reported. ",VIOLENT_POLITICAL_DEMONSTRATION
Gas supply from 6 wells to the main Sui purification plant was suspended after a pipeline was blown up in Bugti colony of Dera Bugti.,TERRORISM
"security forces blew up the houses of Qari Shakeel, the vice chief of the Mohmand Taliban, his father-in-law and a suspected militant. Several other houses in the surrounding area were also damaged. ",GOV_ATTACK_ON_CIVILIANS
An Afghan refugee was shot dead by unidentified gunmen.,ASSASSINATION
Two persons were shot dead and three seriously injured when two rival groups of village Lohyanwala. ,RIOT
"12 people were killed and 50 others were injured when explosives stored in a house, which also had a seminary, exploded. The house was owned by Riaz Ahmad Kamboh, a religious teacher and reported to be an active member of a banned militant organization. there is no information on who is responsible for the attack.",TERRORISM
PPP co-chairman Benazir Bhutto alleged that some people drove past her residence and opened fire at the house before fleeing. She also alleged that when she asked the police party standing outside to chase the cuplrits they 'refused to do so'. ,TERRORISM
"The bullet-riddled body of Wakil Hussain, a PPP worker and member of the Salam group, was found in Orangi. ",ASSASSINATION
3 oil tankers were damaged in a blast.,TERRORISM
A home-made device exploded on the Elementary road in Mastung. No casualty was reported but the windowpanes of some nearby houses were smashed.,TERRORISM
Several civilians have been killed and injured in different areas of the tribal region during shelling by security forces from FC camp in Bhai Dag and Mohammad Gat. ,GOV_ATTACK_ON_NONSTATE_COMBATANTS
"Following the assassination of Maulana Abdul Ghafoor Nadeem of the Aalmi Tahaffuz-i-Khatam-i-Nabuat, as people took to the streets and started firing in the air. A large number of people, which included students of a seminary gathered at Patel Hospital where the body of the deceased was taken. ",VIOLENT_POLITICAL_DEMONSTRATION
Three people were killed and two were injured when an improvised explosive device blasted outside a mosque when the people were coming out after the prayers.,TERRORISM
"Residents of Mandi Faizabad town blocked the Lahore-Jaranwala Road for 2 hours in order to protest against the growing incidents of theft and robbery in the area. They burnt tyres and chanted slogans against the police of \giving a free hand to outlaws\"". They alleged that the SHO concerned refused to register cases. They also demanded that night patrolling be intensified.""",VIOLENT_POLITICAL_DEMONSTRATION
"A cricket match being played in Majra Kalan in Sambrial took a bloody turn when three unidentified people opened fire indiscriminately, killing four people and injuring nine. The accused left, shouting that they had avenged the murder of two relatives.",TERRORISM
"Five unknown gunmen robbed a man at Sarrafa Bazar at gunpoint around 3:30 pm and were confronted by a police party when they tried to escape through narrow alleys and roads of New Sarrafa Bazaar.  They opened fire on the police, creating panic and a stampede.  Two policemen and one betel leaf dealer were wounded in the firing.  Head Constable Zafar Iqbal succumbed to his wounds on the way to the hospital.",OTHER
A low-intensity bomb blast damaged the railway tracks and suspended rail traffic from Karachi for a few hours. ,TERRORISM
A mysterious explosion caused panic in the cantonment area. The residents felt as if a bomb had exploded.,OTHER
"an IJT activist, Ahsan Ansari, was kidnapped and killed by unknown persons. His body was found in the airport area.",ASSASSINATION
A bomb exploded 100 yards from the house of an MQM Senator and 500 metres from the headquarters of the MQM.3 people were killed and thirteen injured.,TERRORISM
A man was killed in Orangi Extension.,ASSASSINATION
"A partially decomposed body was discovered from under the Jam Sadiq Ali bridge.The body had no injury marks however the right ear was chopped off. The body was identified as Gul Shah, a tanker driver who had arrived in Karachi on Dec 17 and had been missing since Dec 18. ",ASSASSINATION
"Police defused 2 bombs that were left in a barber shop wrapped in gift packing. The barber noticed the gifts after two men left his shop, and called the police immediately. According to Model Town SP, the bombs were meant to be used somewhere else and someone left them in that area. ",TERRORISM
"A rocket, which failed to explode hit the fields in Pakwa village near Peshawer. It was a russian-made rocket.",TERRORISM
the body of an unidentified person was found in Isa Nagri.,ASSASSINATION
The killing of a milkman by some kidnappers sparked a protest by the local people who blocked a road and burnt old tyres and chanted slogans against the government and police. They demanded the arrest of the accused. The protesters dispersed when the police assured them that the accused would be arrested soon.,VIOLENT_POLITICAL_DEMONSTRATION
"security forces shelled suspected positions of militants in Kotkai, Serai Maule Khan and Barwand areas of South Waziristan in reaction to the attack on the checkpost on Jandola road.",GOV_ATTACK_ON_NONSTATE_COMBATANTS
"Six people were shot dead at the Abul Fazil Abbas Imambargah in Pir Illahi Baksh Colony when unidentified men, armed with AK-47 rifles and pistols, entered the Imambargah and shot them dead while they were getting ready for their Fajr prayers. According to an eye-witness, the terrorists were seen leaving in a Suzuki Hi-roof and a motorcycle. ",TERRORISM
Two buses were burnt down.,VIOLENT_POLITICAL_DEMONSTRATION
A khasadar (tribal policeman) shot and killed a truck driver because he refused to pay him illegal tax at a checkpost on the Peshawar Torkham Road.,OTHER
"In Deh Balodai of Mehar taluka, unidentified attackers shot and killed Muharram Ali and fled after committing the murder.",ASSASSINATION
Bakht Bibi was murdered by her brother who 'suspected her character'. ,ASSASSINATION
a tribal lashkar killed two Afghan nationals during a clash with a group of militants and set houses on fire that were owned by the Taliban and their supporters. Two fighters of the lashkar sustained injuries. Taliban sources have denied suffering any casualties. the fighting was triggered by a suicide attack in a mosque in Hayagay village.,RIOT
"Two personnel of the Pakistan Air Force and a child accompanying them were injured when a bomb exploded near their vehicle on Kohat Road. The police did not believe that the attack was intended to target the PAF personnel, and added that the bomb was planted on an under-construction shop, which went off while the vehicle was passing through. They said that three brothers had a dispute amongst themselves over the shop, but made no conclusive statement as to what they believed was the reason behind the blast.",TERRORISM
"Irfan Lahoti, a resident of Lyari, was found dead with torture and bullet marks all over his body. ",ASSASSINATION
"As part of the on-going violence in Karachi, occupants of a car sprayed two members of the Jamat-i-Islami with bullets and then chased them as they were taken to the Abbasi Shaheed Hospital, opening fire on them again as a result injuring three pedestrians. The two died at the hospital as doctors ran for cover leaving the patients behind.",TERRORISM
"Helicopter gunships pounded three militant hideouts in Mirandi, Chinarak and Sangraba area of Kurram, killing twenty militants and injuring several others. ",GOV_ATTACK_ON_NONSTATE_COMBATANTS
"A policeman was shot dead, reportedly by militants, in Swat's Char Bagh area. It is believed that he was killed as a reaction to the action taken against the Lal Masjid by the government.",ASSASSINATION
"Four rockets were fired but all of them missed their target i.e. Pakistan Aereonautical Complex. One rocket landed on the roof of non-commissioned officer's mess, two hit airmen's residences and the fourth rocket exploded near the field in Qutba village. ",CONVENTIONAL_ATTACK_ON_GOV_FORCES
Head Constable Jumma Khan was shot and killed by armed motorcyclists while he was on his way home. ,ASSASSINATION
A bomb was planted inside the house of Izzat Shah and when it blew up it damaged the house and a shop was burnt. There were no casualties. ,TERRORISM
An elderly person was shot dead in the outskirts of Charsadda by the military.,GOV_ATTACK_ON_CIVILIANS
"Mr Ghulam Abbas Robera, brother of MPA Shafqat Abbas Robera was gunned down by his rivals in Okara on Wednesday. One rival was also killed. ",RIOT
More than two dozen people were injured in Gujranwala when they were attacked by rivals.,RIOT
"Following the assassination of 2 ASWJ activists, enraged people resorted to aerial firing to force shopkeepers to close their businsses. ",VIOLENT_POLITICAL_DEMONSTRATION
"the two-day-old body of an unidentified man was found in an under-construction house in Gulshan-i-Millat, Korangi. The body bore marks of torture.",ASSASSINATION
"A woman was killed in the Hatli village of Nakyal Sector, Kotli, in Indian shelling from across the Line of Control. The Indians used machine-guns, mortar shells and medium artillery.",ATTACK_ON_STATE
5 people were killed and 2 others were injured in a sectarian clash in Takht Hazara Village on Friday.Some people were leading campaign against Ahmedi's Baitul Zikr as a result of which Ahmedis clashed with them. ,RIOT
2 people were injured in a clash between the Chachar and Kalhoro tribes over a land dispute in Sohrab Chachar Village on Sunday,RIOT
An unidentified man in his 30's was found dead at a commercial center in Liaquatabad. Torture and bullet wounds were visible on the body. The police believe that the man was kidnapped and subject to severe torture. ,ASSASSINATION
"Militants fired 2 rockets at  the Kohat Cantonment. The rockets landed in Shiekhan, near a military installation, and Happy Valley, in the STC ground of the army, without causing any damage.",GUERILLA_ATTACK_ON_GOV_FORCES
Roadside bomb blasted while the security personnel were going from Katcot to Khar.,GUERILLA_ATTACK_ON_GOV_FORCES
Four people were killed and 15 others injured when security forces pounded residential areas in villages in North Waziristan.,GOV_ATTACK_ON_NONSTATE_COMBATANTS
A fifty year old man was killed in Mominabad.,ASSASSINATION
"Two blind rockets were fired into the cantonment area of Quetta. One landed and exploded in a house near Jinnah Ground on Tufail Road, damaging a wall and windows. ",TERRORISM
"After the death of an under trial prisoner, a 5 hour clash ensued in the district jail. Angry prisoners held staff hostage and demanded immediate action against the death of the prisoner. Police had to resort to teargas shelling and aerial firing. Unofficial reports say 4 prisoners were killed and dozens injured.",RIOT
"An activist of MQM, Nooruddin, was kidnapped from his private residence and shot. His body was recovered from vehicle in a ground in K-Area.",ASSASSINATION
Two persons were shot dead and 7 others were critically injured over a land dispute when a rival group opened indiscriminate fire upon the other.,RIOT
"A suicide bomber blew himself up near the a missionary school, opposite the Pakistan International Airlines office on the Mall Road. The bomber was on foot and detonated while fleeing from security personnel. SSP Ghulam Hussain stated that the militants who had been carrying out suicide attacks in the city belonged to the same group. ",TERRORISM
the police found the beheaded body of a man in a sack in Asif Town. The head was found at some distance.,ASSASSINATION
One Latif was killed and two others injured when unidentified gunmen attacked their jeep and opened indiscriminate fire for unknown reasons.,ASSASSINATION
Militants blew up a paramilitary vehicle by remote control.,GUERILLA_ATTACK_ON_GOV_FORCES
"A PPP activist was beaten up by a union council naib nazim near Railway road, Gujrat. Later, the union council naib nazim was also beaten up by the PPP supporters.",RIOT
Six persons including five militants were killed in an exchange of fire over a property dispute.,RIOT
The Chenab Rangers thwarted a major attempt by the Indian Security Forces to fence the Sialkot Working Boundary.,GOV_ATTACK_ON_CIVILIANS
A mob killed a blasphemy accused after a local cleric had declared him an infidel. According to sources the accused had desecrated the holy quran following a quarrel with his wife. His uncle filed a blasphemy case on him but before the police could get to him a mob of around 400 people shot him dead.,RIOT
"As part of the violence on the second day of a two-day strike called by the Mohajir Qaumi Movement (MQM), protesters set on fire three vehicles and three people were reportedly injured in shooting in Latifabad.",VIOLENT_POLITICAL_DEMONSTRATION
"A man allegedly killed a mother of four in the name of 'honour' in Harbanspura, Lahore, when he shot her dead over the issue of an extra-martial affair. He was later arrested on the complaint of the victims husband.",ASSASSINATION
Nine people were killed and 13 others injured over an old anmity between the Ogahi and Teghani tribesmen in the Naparkot village. The Teghanis allegedly attacked the Ogahis in Naparkot vilage. The Ogahis retaliated and the exchange of fire continued for six hours.,RIOT
"According to locals, three persons were killed and three others were injured when a stray shell fell on the house of a resident of the Shamshah area in the Baizai tehsil of Mohmand.",OTHER
"After a brief encounter, the police arrested a 'key member of the Lashkar-i-Jhangvi in Karachi'. The police claim he had planned to attack the procession taken out on the 7th and 8th of Muharram. Arms, ammunition and suicide vests were recovered from him as well. ",TERRORISM
"Militants planted improvised explosive devices inside the Government Higher Secondary School and Gobernment Primary School in Zaimdara which exploded, destroying the school buildings. ",TERRORISM
Six rockets were fired on FC check psot in Talngo area. Balochistan Liberation Army has claimed responsibility of the attack,GUERILLA_ATTACK_ON_GOV_FORCES
"Seven people were injured and a hotel was set on fire when two religious groups clashed over ownership of an old mosque. The owner of the land around the mosque had sold the property a year ago except the plot of the mosque. He had handed over the mosque to people of his own sect. Clashes began when a religious  leader along with other members of his sect came out of the mosque after prayers and were attacked by people belonging to the other sect. After the incident, baton-wielding youths asked the shops and traders to close down, and they took a procession out on the main highway.",RIOT
Three men fired at the house of the Principal Municipal Degree College and ran away. The Principal was not at home at the time. The presumed target suspects that the IJT is responsible as he had refused their request to shut the university for an IJT procession earlier. The IJT had allegedly threatened him with 'consequences'. ,ASSASSINATION
Unknown people set fire to a mini bus of route KL while it was travelling. ,TERRORISM
Three activists of the PPP were gunned down and four others injured allegedly by firing of PML (N) workers. The PPP workers were going to congratulate PPP candidate  Abdullah Virk on his victory. The attackers fled after firing at them.,TERRORISM
"Shopkeepers Afzaal Butt and Afzaal Bhatti had an old dispute over a four marla piece of land. Afzaal Bhatti started construction of the boundary wall of the disputed plot. Knowing about the construction Afzaal Butt reached the site and attacked his rivals with a knife, killing Afzaal Bhatti and injuring another. Afzaal Butt was shot dead.",OTHER
"A man shot dead his mother, sister and former brother-in-law on suspicion of loose morals. ",ASSASSINATION
A man was gunned down in UP More in North Karachi. The motive behind the murder could not be known.,ASSASSINATION
Kasur police recovered a dead body of a man from Raj Bah in the Changa Manga forest.,ASSASSINATION
"at least 12 rockets were fired on FC fort in Dera Bugti, damaging the fort's walls. No casualty was reported however.",GUERILLA_ATTACK_ON_GOV_FORCES
The unidentified body of a man was found near Saggian bridge,ASSASSINATION
JUI-F organised a rally on the call of the Pak-Afghan Defence Council against the US-led attack on Afghanistan. They burnt tyres and effigies of President Bush and chanted anti-American slogans. ,VIOLENT_POLITICAL_DEMONSTRATION
"troops pounded on remote village with artillery after militants fired rockets at security forces in Mir Ali area of North Waziristan. However, there was no immediate report of any casualty.",GUERILLA_ATTACK_ON_GOV_FORCES
The body of an accountant was found with torture marks. The reason behind the killing is not known.,ASSASSINATION
"three armed men stormed into Government Primary school No3 in Bara Banda area and killed Ubaidullah, teacher, and Muhammad Hussain, son of Ghulam Muhammed. The accused had disputes with Ghulam Muhammed and wanted to settle them by killing his son.",ASSASSINATION
"Seven people had been so far reported killed in a clash between two tribes in Rojhan, Rajanpur district. Some armed men of the Sadvani tribe reportedly took away several cattle of the Umrani tribe. The infuriated Umranis opened fire on the Sadvani tribe's village, who returned fire.",RIOT
"Kahna police recovered the body of an unidentified man from a drain near Sua Asal, Kahna. According to the police, the body had some torture marks.",ASSASSINATION
According to Malakand Levies officials five militants were killed in an exchange of fire with security forces in the Chinar Qalangai area in Malakand.,GOV_ATTACK_ON_NONSTATE_COMBATANTS
a man identified as Amir Muhammad Bugti was killed inlandmine blast when his tractor hit a landmine. Two other persons who were also in the tractor were injured.,TERRORISM
"Army Welfare Sugar Mill Workers Trade Union members were celebrating the restoration of their union by the Apex court when they tried to enter the mill but were stopped by the security guards, who apparently used batons and resorted to firing. Police and Rangers controlled the situation by firing tear-gas shells.",RIOT
"A woman was killed in the Chahal Khurd village, Qila Dedar Singh when her husband and villagers attacked her with stones and clubs, beating her to death because she had apparently opened up a brothel in the area.",ASSASSINATION
Five suspected militants were killed when a US drone targeted a residential compound and a car in the Ghar Laley village of the Datakhel tehsil in North Waziristan.  A total of four missiles were fired in the strike. The area was considered to be a stronghold of the Taliban 'commander' Hafiz Gul Bahadur.,DRONE_ASSASSINATION
A policeman and a passer-by was killed and three constables were injured when unidentified armen men on a car opened fire on a police picket on Rashid Minhas Road.,GUERILLA_ATTACK_ON_GOV_FORCES
A man was injured.,OTHER
"Three students of Polytechnic Institute, Khairpur (namely Mohammad Yousaf, Anis Abbass and Hasnein Raza) were allegedly attacked by Jeay Sindh activists.",RIOT
The traders strike in Karor Lal Eisan (Leyyah) entered the fourth day of protest against the murder of PPP Shamshad Ali Khan. The protesters pelted law enforcers with stones. The police resorted to lathi-charge to disperse the protesters.,VIOLENT_POLITICAL_DEMONSTRATION
Two shops were set on fire.,TERRORISM
Four tribal/separatist militants were killed as security forces used gunship helicopters to launch another operation in parts of Kohlu. Two members of security forces were also killed while an officer was killed. Security forces moved in Karmo-Wadh and Tatrani areas and used helicopter gunships for the attack.Azad Baloch claimed killing two FC men ina lanmine blast in Karmo Wadh area but official sources did not confirm the loss.,GOV_ATTACK_ON_NONSTATE_COMBATANTS
"Tribal volunteers backed by security forces (Frontier Corp, Khasaddar force) demolished two residences of suspected militants by dynamite, in light of a previous agreement to provide security to the forces stationed inside the troubled region.",GOV_ATTACK_ON_NONSTATE_COMBATANTS
Police raided the house of an alleged murderer. A police constable was killed and another was seriously injured after an alleged murderer hurled hand grenades on them.,ASSASSINATION
"A man, Amir Shehzad, killed his father, sattar Ali, over a land dispute in Injra village. No other detail was given.",ASSASSINATION
"Abdul Aziz and Abdul Rasheed, who were the brothers of Abdul Navaid, were shot outside their house by members of a Lyari gang. The gang members came looking for Navaid, who was also a member of a rival Lyari gang, but after exchanging words with his brothers they shot them and fled. It is claimed that the incident was an attempt to take revenge by Navaid's rival gang members who are, \enjoying power these days due to their political clout in the area\"". """,OTHER
A group of PPP workers staged a demonstration in front of the parliament house to protest against the dissolution of National Assembly and dismissal of the Benazir Bhutto government. They raised slogans against President Farooq Leghari and set old tyres on fire. They dispersed after the police arrived. ,VIOLENT_POLITICAL_DEMONSTRATION
"Some incidents of firing and explosions were reported from different parts of the city of Nawabshah, but no loss of life or property was reported.",VIOLENT_POLITICAL_DEMONSTRATION
"Later that same day, Shafeeq's supporters barged into the house of an MQM activist, Shaukat Lala, and shot him dead. While returning from Lala's house they spotted another MQM worker, Yaqoob Madda and opened fire on him as well.  A police official claimed the killings were the result of friction between criminal gangs having links with some political groups. ",ASSASSINATION
"Other than the three targeted killings during the day, 4 people received bullet injuries in Landhi and Korangi. Since the report specifies that violence in Karachi on that day was for sectarian motives and due to factional fighting, the cause for these injuries is most probable one of the two reasons given. ; Follow-up: One of the people injured in Landhi, later identified as Sajid Ali, succumbed to his injuries on 07-Nov-94.",OTHER
"Two blasts blew up main pipelines of the Sui Northern Gas Pipelines Limited, which resulted in burn injuries to two people belonging to a nearby village, 50 sheep being burnt alive in the ensuing fire and damage to several nearby houses. ASP Chandio denies any evidence of sabotage, however, the SNGPL chief claimed that a bomb fuse was found and the watchmen had seen a projectile hit one of the pipeline causing a leak, which then later exploded. ",TERRORISM
A clash between protestors and the police took place at Chittian Hatian where some activists of the IJT pelted stones at the police and they retaliated with teargas shelling and baton charge.,VIOLENT_POLITICAL_DEMONSTRATION
A 50 year old woman was murdered on the the pretext of karo-kari. Police arrested two in connection to the murder.,ASSASSINATION
"A US drone targeted a vehicle, killing three Arab militants. However, local people claimed that no one was killed as the three Arabs had left the car before it was struck. Other sources claimed that the death toll was 4. ",DRONE_ASSASSINATION
A 40 year old woman was killed by a stray bullet inside her house in Korangi.,OTHER
"An air hostess and her husband, traveling in their jeep, came under attack in block 2 of Kamran Chowrangi. The couple suffered multiple bullet wounds in the head and chest as armed men on a motorcycle opened fire on them, killing them on the spot. ",ASSASSINATION
"A young boy, his mother and another family member were killed after an explosive device went off in the hands of the boy as he was playing with it in Neelum Valley. The bomb was believed to have been fired by Indian troops from across the LoC.",ATTACK_ON_STATE
Two men shot dead the wife of their elder brother to claim ownership of 12 acres of land. No arrests were made.,ASSASSINATION
"A man, Ali Bakhsh Brohi, was murdered by unknown men in the Mouladad locality. According to officials the reason behind the killing was said to be an old feud.",ASSASSINATION
A degree college for boys and a training institute was blown up. Taliban claimed responsibility for the event stating that the institutions were being used as military camps by security forces. ,TERRORISM
"Mohammad Nazir, son of Said Rehman, resident of New Khankhel Koklian, was on his way home after offering Fajr prayers when he was shot dead by Waris Khan, son of Samandar Khan. They allegedly developed a rivalry over a Tablighi Jamaat issue",RIOT
"Mirza Suleman Baig, an affiliate of the Tehrik-i-Tahafaz-i-Pakistan tried to strangulate the counsel of Benzir Bhutto, Aitzaz Ahsan. He later confessed according to another report on the same page, that his real target was Benazir Bhutto.",ASSASSINATION
"Over 200 people from village Mureed protested against the release of 2 students from police custody. The students, who belonged to village Thoa Bahadur, had beaten up students from village Mureed and had been arrested by the police. The protesting villagers blocked the road, burnt tyres and chanted slogans against an adviser of Punjab Chief Minister who they alleged had gotten the students released. The City magistrate Chakwal reached the protest with a police contingent and assured the crowd that a case would be registered against the accused students, after which the protesters dispersed peacefully. ",VIOLENT_POLITICAL_DEMONSTRATION
a young man was killed as a result of ethnic violence. In the past 24 hours 34 people had been killed as a result of ethnic violence. 50 miscreants have been arrested.,ASSASSINATION
President of SQM-Hameed Asghar was intercepted allegedly by Usman and Muhammad Wasiqa while he was on his way to Khayaban-i-Sarwar on Wednesday ,ASSASSINATION
"Anti-US demonstrations were held in Kurram Agency, headed by Maulana Amal Gul. A US flag and effigy of President Bush were burnt.",VIOLENT_POLITICAL_DEMONSTRATION
40 civilians including tribal elders were killed by a US drone strike in Nevi Adda Shega area on Thursday. There was a jirga in progress when the attack occurred,DRONE_ASSASSINATION
"180 fishermen were on a fishing expedition when Indian force, believed to be naval personnel, allegedly attacked them. 176 fishermen and 30 boats were captured. 4 fishermen that managed to escape claimed that the incident took place in Pakistan's territorial waters. ",ATTACK_ON_STATE
Some masked men shot dead a government employee near Miramshah. No other information was given.,ASSASSINATION
"Allied Bank Vice-President Syed Amjad Ali was gunned down by unidentified gunmen on Ghazi Road, Factory Area.",ASSASSINATION
"Five people were killed and at least 10 others injured when they were attacked by their rivals while they were on their way to their hideout. It was learnt that the attackers had acted on a vengeful basis, and the two groups, that were both proclaimed offenders, had an old enmity between them. The police managed to arrest 3 of the proclaimed offenders, and recovered arms from their possession.",RIOT
Nasrullah and his brother were attacked by armed men in a yellow cab. Both of them were shifted to the hospital where Nasrullah's brother succumbed to his injuries. ,ASSASSINATION
A man killed his mother after supecting her of having illicit relations. The police arrested the accused.,ASSASSINATION
A worker of the Muttahida Qaumi Movement was shot earlier in the day. He succumbed to his injuries in the hospital.,ASSASSINATION
Two personnel of the FC corps were injured in rocket attacks in the kohlu area. They also returned fire from where the rockets were launched.,CONVENTIONAL_ATTACK_ON_GOV_FORCES
"Two deserters of the FC, who had joined the TTP were arrested and a 'ready-to-blow' suicide jacket, a pistol and FC uniforms were recovered from their possession. Police claim that the ex-FC men had planned a suicide attack on Pakistan Day (23rd March 2010). The arrest led to the capture of 3 more militants. ",TERRORISM
"A blind rocket was fired at Quetta from the southern side of the city. It hit the house of a woman, wounding her slightly and damaging the house. No one claimed responsibility.",TERRORISM
"Dr Javed Ahmed Khan, an activists of the MQM, was shot dead by two armed motorcyclists outside his house. Dr Khan had recently been under pressure from both factions of the MQM to work for them and both factions have accused the other of being responsible for the killing. ",ASSASSINATION
A villager was injured as a result of Indian firing in Bajwat sector across the Line of Control.,ATTACK_ON_STATE
A young woman's body was found stuffed in a gunny bag from an under-construction park in the remit of the Nazimabad police station.,OTHER
"Two MQM workers were killed and another was wounded in a raid in Ranchhore Lines. The police said that a party of the Crimes Investigation Agency (CIA) raided Shia Compound at Allah Mir Chowk and a shootout followed. In the encounter, Asif Khatri and Mohammad Hassan were killed and one other MQM worker was injured. Two MQM workers were also arrested. ",GOV_ATTACK_ON_CIVILIANS
Suspected militants killed a key Govt ally in the restive south waziristan tribal region. He had played a pivotal role in opening up the shakai valley the last bastion of foreign militants to the govt and also helped in striking a peace deal between the local militants and the army.,ASSASSINATION
three tribesmen were killed and two others suffered injuries in a gunbattle between security forces and armed tribesmen in troubled district of Kohlu. Tribal sources claimed that security forces had suffered huge loses in the fighting. They claimed that at least six FC men were killed and three suffred injuries in the gunbattle.,CONVENTIONAL_ATTACK_ON_GOV_FORCES
"On the second day of the strike called by the JSTPP, some miscreants resorted to aerial firing.",VIOLENT_POLITICAL_DEMONSTRATION
"One person, Haider Zaman, was killed when unknown persons opened fire on him in the factory where he worked and shot him dead.",ASSASSINATION
A sub-inspector deputed at the Anti car Lifting Cell was shot dead in Gulshan I Hadeed area by unidentified armed men in a car.,ASSASSINATION
An unidentified man was tortured to death in Mowach Goth. The victim could not be identified.,ASSASSINATION
"Shabbar Shah, a Pir (a spiritual leader) was found brutally murdered inside his house. The reason for the killing was not specified.",ASSASSINATION
"The body of an unidentified man was found from outside the Liberty Plaza, Gulberg on Wednesday",OTHER
Five people were wounded in a shooting incident at a Kashmiri Imambargah in Gulbahar area. ,TERRORISM
"Parts of Liquatabad and Jamshed Quarters remained tense when angry protesters threw a cracker inside the residential quarters in protest of the death of an MQM activist in prison the day before. They claimed he had been severly tortured, however, the police stated he died of a \heart attack\"". """,VIOLENT_POLITICAL_DEMONSTRATION
Ajab Gul was seriously injured when a minibus of National Coach Service was fired upon.,TERRORISM
Ten policemen and six others were injured when a suicide bomber blew himself up after getting out of a car that was stopped for search on the Bund Road. At least four vehicles were damaged in the blast. ,GUERILLA_ATTACK_ON_GOV_FORCES
Two boys were killed in a firing incident by unknown people in Liaquatabad.,TERRORISM
6 people were killed and 26 people were injured when security forces resorted to heavy fire and shelling after militants attacked an army base.,GOV_ATTACK_ON_NONSTATE_COMBATANTS
"official sources said that after the landmine incident earlier in the day which claimed lives of three security personnel, nearly 40 tribesmen attacked Pirkoh gas field using heavy weapons, including rockets, against security forces. Security officers deployed in the area retaliated by returning fire and during the exchange of fire 12 tribesmen were killed. however Mr. Agha Shah Bugti, Spokesman of Bugti Tribe, claims that after the landmine incident, security forces raided the area and arrested 12 tribesmen. he said, \All 12 tribesmen were shot dead in custody by the FC men in reprisal for the killing of three security men in a landmine explosion.\""""",CONVENTIONAL_ATTACK_ON_GOV_FORCES
The body of a police constable was found from Choona Depot in Liaquatabad. According to the polcie he had been kidnapped and tortured before being killed.,ASSASSINATION
"An \ethnic group\"" blocked the road for two hours by burning tyres. They were protesting against the murder of Ghulam Mustafa, who was gunned down on Sunday.""",VIOLENT_POLITICAL_DEMONSTRATION
A head constable of police was killed when unidentified men opened fire on a police picket. ,CONVENTIONAL_ATTACK_ON_GOV_FORCES
2 women were killed in different parts of AJK by Indian cross firing.,ATTACK_ON_STATE
A bullet-riddled body was found in Khuzdar; Follow up: The body was identified as one belonging to an activist of the BNM.,ASSASSINATION
armed Pechuho tribesmen killed a girl and her lover on the pre-text of karo-kari.,ASSASSINATION
A security guard at Safari Villas was shot dead by some persons. ,ASSASSINATION
Some people hurled a grenade into the house of Haji Musa. Haji Musa was killed while his son was injured. ,ASSASSINATION
"A carpenter, Akbar, sustained bullet injuries when he was shot at by people in a white car. ",ASSASSINATION
A hand grenade was lobbed near a police checkpost. No causualties occurred.,CONVENTIONAL_ATTACK_ON_GOV_FORCES
A checkpost in Sarlara area was damaged when it was hit by rockets fired by militants. Two soldiers were injured in the incident.,GUERILLA_ATTACK_ON_GOV_FORCES
A militant was killed during a search operation launched by security forces. ,GOV_ATTACK_ON_NONSTATE_COMBATANTS
Brothers Noor and Mazhar opened fire  on Kizar Abbas and his father Ghulam Haider over a land dispute between the two parties.,ASSASSINATION
A clash between the MSF and a rival students' alliance resulted in an exchange of fire at the Government College of Technology. The police tried to intervene but the students pelted stones on them as well as opened fire on them. The police arrested one student. ,RIOT
"Armed militants blew up a gas pipeline in Pir Koh area, suspending gas supply to a number of areas",TERRORISM
"A rocket hit a 3 storey building in Quetta. Windows and glass of several other buildings were broken. No casualties were reported. This is the first time, since the last 10 months, that a densely populated area, close to a busy shopping area of the city has been targetted. the rocket was fired from an isolated place in the south of the city.",TERRORISM
A powerful bomb explosion rocked the Kohlu township of Marri tribal agency.,TERRORISM
"Ghulam Qadir, a former secretary general of the PPP and his colleague were both gunned down  after being kidnapped in Orangi Town.",ASSASSINATION
Unidentified motorcyclists shot dead a man on Mauripur Road. Police suspected that the killing was part of the fighting within rival gangs operating in Lyari.,OTHER
"Police constable, Asif, who was posted at the residence of a senior police officer on security duty, was gunned down by two men on a motorbike. The victim was on his way home from a shop when the incident took place. ",ASSASSINATION
"Troops, backed by helicopter gunships targeted militant hideouts, destroying 3 compounds and killing 6 militants. ",GOV_ATTACK_ON_NONSTATE_COMBATANTS
An old man was injured in Indian firing across LoC in Nakyal sector on Tuesday,ATTACK_ON_STATE
A man was shot dead in Federal Capital area. Doctors and police who saw the body said the victim was subjected to severe torture.,ASSASSINATION
Four armed men attacked the police escorting two under-trial prisoners at the district courts. The police returned fire and injured one of the assailants. They managed to arrest 2 while the other 2 escaped. ,CONVENTIONAL_ATTACK_ON_GOV_FORCES
Three people inclduing a woman and an eight year old girl were killed when two rival tribes of Bugti and Jakhrani clashed over a land dispute in Mundrani village in Nasirabad.,RIOT
"Rana Muhammad Afzal, the president of the Anjuman-i-Fatwarian, was attacked and severly injured by Abdul Karim Qanungo and 40 accomplices who were armed with sophisticated weapons and rods. ",TERRORISM
3 people were killed and 18 others were injured in a rocket fired by unknown assailants near Sariab Railway crossing on Wednesday.,TERRORISM
"a large number of people staged a protest demonstration and blocked the Therhi railway Phatak against the demolition of shops, hotels and other structures on the road and its surrounding areas. They also burnt tyres on the Sukkur-Khairpur road.they raised slogans against the TMA Khairpur police. the police tried to convince the protesters to end their protest but failed.",VIOLENT_POLITICAL_DEMONSTRATION
Unidentified persons fired seven rockets on Kohlu township.,TERRORISM
jet fighters bombed various militant infested areas in Panyali and Ambar tehsil. There have been no reports of casualties.,GOV_ATTACK_ON_NONSTATE_COMBATANTS
A brother shot his sister in the name of Honour. She was allegedly having illicit relations with another man.,OTHER
"Recovery of two decomposed bodies of minor girls- Hajra, 8, and Sassi Barejo, 5- who lived in Baricha-para and had gone missing on 20-Feb-04. A report was registered at the police station, however, according to residents the police had declined to register a case and were generally reluctant to search for the girls. Follow-up: Their bodies were found at a vetenary hospital that was under the use of the Gadap Police station. According to initial findings the girls were sexually abused, Hajra was axed to death and some parts of her abdomen were eaten by stray dogs while Sassi was shot in the head from behind. 3 policemen have been arrested for negligence murder, the fourth policeman is absconding. the government has compensated the families with Rs.200,000 each. Chief Minister, Sardar Ali Mohammad Mahar, has suspended all the officials-from SHO to constable- posted at Gadap at the time of the recovery of the girls. Follow-up: According to Syed Kamal Shah, police were not involved in the incident. He said that the girls had been taken to the house of Piral, where Zahid, Manzoor and Hanif had raped Hajra. They then axed her and shot Sassi in the head and dumped their bodies at the place next to the police station. He said that there was a dispute between the killers and the families of Hajra and Sassi. He also stated that the culprits wanted to divert the attention of the police away from the theft case the assailants were implicated it. ",OTHER
A woman was axed to death by her brother for pressuring him to give her 'dowry' on the insistence of her in-laws at laliyan village. She even complained of her in-laws torturing her to get the money. The brother fled right after killing her. ,ASSASSINATION
"At least twelve militants were killed in two bomb blasts that took place in the Tharkho Khas and Tora Dara areas of Tirah valley that hit two vehicles carrying TTP militants. The first blast killed three while the second killed eight more. A passerby resportedly affiliated with Laskhar-i-Islam was also killed. According to sources, the area where the incident took place is inhabited by the Kukikhel tribe that has been resisting the Taliban militants and recently raised a lashkar of volunteers against the Taliban. ",OTHER
6 militants were killed in a clash between them and security forces in Kabal on Tuesday. 2 security personnel were also injured.,GOV_ATTACK_ON_NONSTATE_COMBATANTS
A private car was  burnt near UP Mor in North Karachi.,VIOLENT_POLITICAL_DEMONSTRATION
"The strife-hit areas of Karachi witnessed renewed violence, as a private car was torched within the remit of the Mobina Town police station.",TERRORISM
"A low intensity device exploded on a roadside, injuring two people.",TERRORISM
Moosa Khan was killed and his three friends were injured when 3 men on a motorbike opened indiscriminate fire in the area. ,TERRORISM
A man was wounded in 'Sniper firing' in Orangi Extension.,OTHER
"Armed men, seeking revenge for an earlier murder, killed two brothers and injured the third brother when they opened indiscriminate fire on the victims house. The injured brother was the target of the attack, who escaped the scene in a wounded condition. According to police, the assailants were seeking revenge of a murder done by Nawaz, the injured brother, some years ago.",ASSASSINATION
Activists of MQM-H burnt scores of US and Indian flags and effigies of the country's leaders to express their indignation over the policies of the two countries towards Pakistan. MQM-H sources claimed that their procession was attacked by the rival MQM (Altaf) group and also by the police who resorted to aerial fire in an attempt to disperse the activists. ,VIOLENT_POLITICAL_DEMONSTRATION
"Four students were injured when two student groups of the Muslim Students Federation (MSF) and the PSF clashed in the DHQ hospital. According to reports, the two groups had clashed previously at the Government College for Boys and were there for treatment when they began chanting slogans against each other and a clash ensued. The police and Frontier Constabilary had to be called in to control the situation.",RIOT
Three people were injured in 'sniper firing' in Malir. ,TERRORISM
A police constable was stabbed and injured severely by unidentiied people in Ahmad Nager village. No motive behind the attack was mentioned in the report.,ASSASSINATION
Residents of the Peoples Colony blocked the Faisalabad-Jaranwala road by burning tyres.  They were protesting against the WASA officials for failing to rectify the defectted sewage system.,VIOLENT_POLITICAL_DEMONSTRATION
"At least 43 people were killed and 60 others injured when a suicide bomber blew himself up during a mourning procession for Moharram on M.A.Jinnah Road near the Light House area. The blast took place at the front of the procession where the security was tightest. According to a police officer, the bombing had taken place right between a police post and scouts' camp. As two scouts and a Rangers official lost their lives as well. As soon as the police reached the spot, they were greeted by angry processioners who pelted them with stones; Follow up: Taliban claimed reponsibility for the attack.",TERRORISM
Former MQM-Haqiqi activist-Waqar Ahmed was shot dead by unknown assailants in Landhi on friday,ASSASSINATION
"Police intecepted two motorcyclists, alleged to be invovled in terrorist activities and told them to stop. The suspects started firing at the police which led to a shootout, resulting in both suspects getting killed. The suspects were identified as Dr. Umer Kundi and Adil. The were allegedly involved in the terrorist attacks on Manawan training centre, Rescue 15 in Lahore and the GHQ in Rawalpindi. ",CONVENTIONAL_ATTACK_ON_GOV_FORCES
"Eight rockets were fired at the Razmak Scouts fort. Three of them landed inside the camp, while five others missed their target and landed outside. No casualties or property damage was reported.",CONVENTIONAL_ATTACK_ON_GOV_FORCES
A man and a woman were clubbed to death by four relativs of the woman in Shah Jamal over suspicion of illicit relations. ,ASSASSINATION
6 people belonging to the Bugti tribe were injured when their vehicle hit a landmine on the roadside while they were on their way to Sui.,TERRORISM
"A man, with the help of an accomplice, threw acid on a recently married woman in Glotiyaan Kurd village of Daska tehsil for rejecting his proposal and marrying someone else.",ASSASSINATION
Five officials of the Pakistan Mineral Department were kidnapped from the PMDC Colony in the Sorrange coalmines area. The Baloch Liberation Army's spokesman claimed responsibility for the kidnapping and threatened to kill them. He said the kidnapping was a reaction to the operation in Chamalang and Kohlu. ,THREAT_OF_VIOLENCE
"An unidentified woman, believed to be a factory worker, was tortured and killed in Orangi Town. The motive behind the killing could not be ascertained.",ASSASSINATION
clash overa tribal dispute between rival groups.,RIOT
Mohammad Baqar was shot dead by 5 accused over the distribution of water.,ASSASSINATION
A remote controlled bomb went off killing 3 people and injuring 18 others in Dera Murad Jamali on Thursday.,TERRORISM
Over a dozen armed tribesmen were killed in Peekal area of Dera Bugti when 5 vehicles of alleged miscreants came under attack during a gunbattle between security forces and armed militants.,GOV_ATTACK_ON_NONSTATE_COMBATANTS
A military convoy escaped a bomb blast while two shops were destroyed in the attack in the limits of the Matni police station in Sharikera village.,GUERILLA_ATTACK_ON_GOV_FORCES
"Muhammad Yameen, son of Phulwan Khan Babar, was shot dead by 4 armed men over a land dispute.",ASSASSINATION
A young shopkeeper was gunned down in Sharifabad in the violence that followed two sectarian attacks on two Imambargahs early in the morning. ,ASSASSINATION
"Rockets were fired on the paramilitary Scouts Camp in Wana, the region's head quarters. The rockets hit an empty building in the southern part of the camp and partially damaged it but did not cause any injury. The Scouts responded by firing medium-range artillery.",GUERILLA_ATTACK_ON_GOV_FORCES
Mohammad Shabar was shot dead by two unidentified individuals. The reason for the murder was not specified.,ASSASSINATION
"It was reported that students were attacked in Liaquat Medical College, leaving 28 of them injured. No details given. ; Follow-up: It was claimed by NSSO that JSSF students attacked Punjabi students. This claim was made during a protest held by NSSO against the violence on campus. During the protest, some students also chanted slogans against Mohajir students and the MQM, claiming that the latter was responsible for 'uncertainty' in Sindh. ",TERRORISM
"A US drone fired two missiles at a compound in Miramshah, North Waziristan, killing four suspected militants and injuring two others. A vehicle was also destroyed. ",DRONE_ASSASSINATION
The bullet riddled body of a young man was found. The motive behindt he killing could not be ascertained.,ASSASSINATION
"Militants of an extremist group opened fire on the residents of Sakhi Colony due to which President of Working Committee Sikander Ali Soomro was injured on Monday. It is alleged that accused group used to run liquour, norcotics and gambling den.",TERRORISM
a Security man received injuries in gunbattle with aremd tribesmen in Pir Koh area.,CONVENTIONAL_ATTACK_ON_GOV_FORCES
"Some unidentified men opened fire, killing a man and injuring another near Kuladher. It was reported that the men had no enmity with anyone, and no possible reason was given behing the murder.",ASSASSINATION
5 civilians were killed and 6 others were injured as a result of unprovoked firing in the Neelam Valley. A passenger bus was also damaged. They fired on every moving object in Athmuqam in the Neelam Valley.,ATTACK_ON_STATE
"As part of the violence due to MQM protests, a pitched gunbattle took place between law enforcement agencies and armed men at Holmstead Hall, which resulting in causing injuries to an unidentified miscreant who was later taken away by his comrades.",VIOLENT_POLITICAL_DEMONSTRATION
"Firing by Indian troops along the Sialkot working boundary damaged nine more houses and damaged standing paddy crops. Rangers foiled two major Indian attempts at fencing in Chhumb, Joriyaan and Charwa sectors. ",ATTACK_ON_STATE
"According to Peshawar SSP, Ijaz Khan, reserved policemen were traveling in a van when a bomb was detonated by remote control on the City Circular Road outside the Lahori Gate, killing five policemen and a boy while at least 24 others were injured.",GUERILLA_ATTACK_ON_GOV_FORCES
"Gunmen killed a man, Muhammad Bakhsh, and injured another. ",TERRORISM
Three children of a man were killed in Indian shelling the in Lanjot village of the Nakyal Sector in the southern border district when a mortar shell hit their house.,ATTACK_ON_STATE
Seven militants were killed in clashes with security forces in Razmak area. One paramilitary soldier lost his life and nine others suffered injuries.  The clash erupted after militants fired 60 rockets at the main paramilitary camp in Razmak. Troops used heavy artillery and mortars to repulse the attack.  The Taliban have claimed responsibility for the attack. TTP spokesman claimed a different version of the event and said that the Taliban had killed several soldiers in the attack and captured a large quanity of weapons. He said that three militants were killed and two others injured.,CONVENTIONAL_ATTACK_ON_GOV_FORCES
"A high school vice principal got seriously injured when he got caught in between a clash between two groups who were said to be rivals. The high school was closed due to the incident. It is not known why the two groups were rivals, or what they were fighting about.",RIOT
two people were killed and a woman wounded when two rockets were fired at the house of Noor Gul in Miramshah.,TERRORISM
Shabi Khel and Kekaray tribes clashed over the possesion of a hill.The clashed lasted 5 hours and took six lives.,RIOT
"Mohammad Hanif, a taxi-driver, was seriously injured when gunmen opened fire at him with a sub-machine gun. ",ASSASSINATION
"Zia Alam, who was a senior PPP activist and also the lawyer of suspected assassin Ajmal Pahari, was shot dead by armed motorcyclists. It was claimed that the killing took place to 'harass' PPP activists. ",ASSASSINATION
A power transmission tower was damaged in a blast in Peshawar. ,TERRORISM
"Some unidentified people shot at a Rangers van from a car bearing a government registration number. They fired indisciminantly and also tossed in a grenade. A police officer came over and started shooting as well but then the assailants sped away. According to the Jamshed town police officer, it was a targeted attack on a Ranger's picket. ",CONVENTIONAL_ATTACK_ON_GOV_FORCES
"During the strike called by religious parties against the US-led attack on Afghanistan, a person was injured in Baldia when miscreants opened fire.",VIOLENT_POLITICAL_DEMONSTRATION
"The bodies of a woman and her son were found in F.B Industrial Area.According to police, they were beaten to death with a hard and blunt object.",OTHER
A heavy contingent of police and Rangers conducted a siege-and-search operation in Orangi after receiving information that some 'harline MQM activists' were hiding in the area. During the operation the personnel allegedly beat up several men and forced all of them to sit in the open for several hours with blindfolds. This operation was part of the continuing search for the killers of Cheif Minister Syed Abdullah Shah's brother. ,GOV_ATTACK_ON_CIVILIANS
Indiscriminate firing by Indian troops from across the LoC killed one person.,ATTACK_ON_STATE
One Abbas Ali Lund was killed in an armed clash between Bozdars and Lunds in village Ghoto Lund. The clash started over a piece of land. The local administration was trying to patch up the dispute through sardars to stop further bloodshed.,RIOT
"Imran, the owner of a tyre puncture shop, was targeted while he was inside his shop.",ASSASSINATION
Two groups of Muslim Students' Federation and Peoples Students' Federation clashed with eachother.They used Kalashnikovs to fire at eachother.Seven people recived bullet injuries.;Follow-up:One injured person died of his injuries in the hospital.,RIOT
"armed tribesmen attacked FC post in Loti gas field area. The rockets exploded in open areas, causing no casualty or damage. FC personnel retaliated and fired rockets on positions af assailants.",GUERILLA_ATTACK_ON_GOV_FORCES
"Around 5:45 am, about one dozen PML women workers arrived in ones and twos at Platform No. 1 in the Karachi Cantonment Railway Station where the Shalimar Express train to Lahore was being prepped for departure.  Six women boarded the train engine and announced their intention to take control of the train.  The women reportedly chanted anti-government slogans and voiced their determination not to allow the wheels to move; two women activists also laid down on the tracks to block the train.  Two police teams came in and forcibly removed the women from the engine room and the tracks.  The women were physically grabbed by police officials led by ASI Farooq and pushed out.  As the women were taken to the exit of the station, they were joined by more protesters.  The police attempted to arrest them, but the enraged activists thwarted the attempt and left the station.  Later, three activists were captured from the car of a journalist and another protester was dragged into a police van by three policewomen.",GOV_ATTACK_ON_CIVILIANS
A 30-year old man was gunned inside his shop.,ASSASSINATION
"PAI and PPP activists were harassed by the police as they were on their way to Lahore to join the rally. they were intercepted by the police, however they managed to flee as they were baton-charged.",GOV_ATTACK_ON_NONSTATE_COMBATANTS
A man was shot dead in Sabzi Mandi when unidentified men opened fire on him while he was getting out of his Pajero in the fruit market. ,ASSASSINATION
One person was gunned down by three unknown assailants at Rawal Town on Sunday,ASSASSINATION
4 people were injured in sectarian clashes following the killing of Maulana Esarul Haq Qasmi when the ASS took out a procession in the main bazaar where a clash took place between 2 sectarian groups resulting in 2 ASS activists being injured. Later 2 activists of the Tehreek-i-Nifaz-i-Fiqah-i-Jafaria were severly beaten by activists of the ASS.,RIOT
The office of the MQM was attacked by unidentifed gunmen with indiscrimnate firing. No casualties were reported,TERRORISM
Sources reported that troops and militants exchanged fire in the Karwan Manza area but no casualties were reported. Military had targeted militants locations to flush them out.,GOV_ATTACK_ON_NONSTATE_COMBATANTS
Two people were killed on the pretext of Karo Kari. A man saw his wife with someone else and opened fire killing both of them. ,ASSASSINATION
Five security personnel were injured in a landmine explosion in Dera Bugti. Officials said that the landmine was planted in the Maro area of Dera Bugti and exploded when a vehicle of the FC Corps collided with it.,GUERILLA_ATTACK_ON_GOV_FORCES
Unidentified militants planted explosives in a room of the Government Girls Higher Secondary School that went off and completely destroyed two rooms of the school. The explosion caused no loss of life. ,TERRORISM
"Some youths tried to take over the Akbari Mosque, which resulted in an armed clash between the two groups. Several people were injured and the police arrested 12 people. ",RIOT
"A man was killed and five others were injured when a bomb exploded in Sui town. According to AFP, the BLA claimed the responsibility for the attack.",TERRORISM
"Unidentified motorcyclists threw explosives into a polic mobile, thus injuring 4 policemen. The policemen were on their way to Saudabad from Jamshed Quarters. ",GUERILLA_ATTACK_ON_GOV_FORCES
"Militants blew up six shrines in the area of Stori Khel. Stori Khel tribe, which is predominantly Shia, had raised a lashkar to fight the Taliban. Before the attack, the Taliban dug up the grave of a spiritual leader, Anwarul Haq, exhumed his body and desecrated his remains.  ",TERRORISM
A person was shot dead by two unknown assailants in Samnabad area on Friday,ASSASSINATION
A man was injured in Indian firing across LoC in Leepa valley on Monday,ATTACK_ON_STATE
"Saleem Bhandani, who was an activist of the MQM-H(Amir) and a worker of Unit-87 of Landhi Sector in the party's organizational sector, was found shot dead. He had been kidnapped earlier from Bandhani Colony.",ASSASSINATION
"An unidentified body was discovered on the Farooq Road, Siddiq Pura in the Badami Bagh area. The body bore torture marks and there was a cloth tied around the neck. A name was also inscribed across the wrist. ",OTHER
"Unidentified men attacked the house of MQM-H leader Shakir Siddiqui and kidnapped two activists, the bullet-riddled bodies of whom were found a couple of hours later from the same area.  The cause is said to be the ongoing violence between MQM factions. ",ASSASSINATION
Unprovoked Indian firing from across the LoC injured one woman Naziran Bibi. ,ATTACK_ON_STATE
"one person, Younas, was killed who found an explosive device and was carrying it in a bag when it exploded.",TERRORISM
The decomposed body was recovered from fields near the shrine of Pir Munir Shah on Thursday,OTHER
A couple was shot dead by the girl's father and cousin when they opened indiscriminate fire on them for marrying each other without consent.,OTHER
"A worker of the PPP, Shamsul Hasan, was ambushed at the parking lot of the Marine Drive and gunned down in an attack near his apartment in Clifton. Armed men took to the streets and resorted to aerial firing.",ASSASSINATION
A man set his wife ablaze in over a dispute  about his wish to marry the second time.,ASSASSINATION
A bridge was blown off by unidentified militants in Akkakhel locality on Monday,TERRORISM
"Three people were killed and 3 others injured when two groups, led by Ali Muhammad and Rehmat Virk respectively,  exchanged fire over an old land dispute.",RIOT
Five troops were killed and sveral others were injured when three roadside bombs hit a convoy of security forces near Rashakai area.,GUERILLA_ATTACK_ON_GOV_FORCES
A bomb planted by the wall of the house of Fraz Khan exploded.,OTHER
Kotwali police found bodies of a young couple from an under contruction building on Vehari Road. The DSP was of the view that they were murdered because of their illicit relations. ,ASSASSINATION
"an explosion took place in Kohlu, damaging windowpanes of a clinic and some nearby structures.",TERRORISM
Two bodies of suspected militants of Lashkar-i-Islam were found from the Shen Drand area of Akakhel in Bara tehsil.,ASSASSINATION
"Militants had planted bombs in Governmnet Primary School for Boys, which exploded early in the morning",TERRORISM
A Pakistan Steel bus was set on fire in the Al Falah society.,VIOLENT_POLITICAL_DEMONSTRATION
Two people killed Ahmad Ali over a property dispute. ,ASSASSINATION
A remote-controlled roadside bomb was used to target a police patrol van. 5 policemen were injured. ,GUERILLA_ATTACK_ON_GOV_FORCES
armed men of the Kharal group came to the out-house of Imtiaz Chadhar and opened indiscriminate fire killing 4 people. over a dozen people of the Kharal and the Chadhar groups had lost their lives due to a property dispute.,ASSASSINATION
"Militants kidnapped Nek Dar from Degan and beheaded him for supplying food to the security forces. The militants had earlier warned him not to provide food to the security forces, but Nek Dar had ignored their threats. His beheaded body was found in Degan with a chit on it warning that if anybody found violating the militants’ decisions would face the same treatment. Militants had warned locals not to supply food to the security forces in the region after they scrapped a peace deal with the government. Another tribesman, Gul Naib, was shot dead in the same area. Family sources said local militants had asked him to persuade his uncle to stop supplying food to the troops.",ASSASSINATION
"a suicide bomber blew up his vehicle near an FC checkpost in the outskirts of Darra Adamkhel killing 8 civilians, 2 security personnel and injuring 27 other people. Sources say that intelligence agencies have reported that Tehrik-i-Taliban Pakistan chief Baitullah Mehsud's commander Hakeemullah Mehsud had sent his bombers to Kohat last month to attack sensitive installations and one of them hit an army convoy in Hangu.",GUERILLA_ATTACK_ON_GOV_FORCES
A shia activists was shot dead by three men from Sipah-i- Sahaba. The attackers managed to escape.,ASSASSINATION
One student was injured in clash between APMSO and PSF. The policearrested the injured activist.,RIOT
"Indian forces did shelling across LoC in Leepa valley on Friday, however police reported no loss of life",ATTACK_ON_STATE
nearly two dozen people were injured when Kashmiri refugees living on the official land near the prime minister's residence clashed with the staffers of a civic body attempting to remove some illegal constructions. The refugees later staged a protest.,RIOT
"Thousands of people from different areas of gathered and started marching towards Chashma raising slogans against the government and the loadshedding in the area. Police intercepted the procession at Watta Khel Chowk and used batons to stop them. Enraged protesters then began pelting the police with stones to which police had to use tear gas shells and aerial firing in order to bring the situation under control but failed and the protesters charged forcing police to take refuge as the seige continued for two hours. At least 20 protesters, and six policemen were injured. ",VIOLENT_POLITICAL_DEMONSTRATION
Three security personnel were injured when a remote controlled bomb exploded while thei vehicle was passing by.,GUERILLA_ATTACK_ON_GOV_FORCES
helicopter gunships pounded militants' hideouts in Qamber killing four militants.,GOV_ATTACK_ON_NONSTATE_COMBATANTS
"A group of women blocking the Bannu-Kohat road and protesting against loadshedding were allegedly baton-charged and dragged onto the streets by the police in order to displace them. This infuriated the elders of the area, and a mob of armed enraged people burnt a checkpost of the Frontier Reserve Police and marched to the Banda Daud Shah police station. The police reportedly opened fire to disperse the advancing protesters, in which one person was killed and six others were injured. The protesters also returned fire, in which 3 policemen were injured.  ",VIOLENT_POLITICAL_DEMONSTRATION
Two brothers shot dead their cousin over a property dispute regarding the installation of a gate on their joint property.,ASSASSINATION
"A taxi driver, Gulab Khan, was shot and killed by armed motorcyclists while he was driving home. ",ASSASSINATION
A 25 year old man was killed and his body was found from the Railway tracks in Sharifabad. ,ASSASSINATION
"Armed men on three vehicles opened fire at people who were playing sports and exercising in a ground, killing at least 6 and injuring another 10. Moments before the armed attack three rockets were fired from nearby mountains that landed in an open space. The Lashkar-i-Jhangvi claimed responsibility for the attack. ",TERRORISM
"A bomb exploded in the Wanda area of D.I.Khan. After police and journalists reached the spot, another bomb blasted took place killing 4 policemen and a passer by. One jounalist was also injured in the second blast.",TERRORISM
The office of an NGO was set of fire by unknown people in Swat. Two motorcyles parked outside the National Rural Support were also set on fire.,TERRORISM
Militants clashed with security forces close to the Afghan border. No details given.,CONVENTIONAL_ATTACK_ON_GOV_FORCES
"shops of the president of the Tribal Union of Journalists, Bajaur Unit,Mian Saeedur Rehman were destroyed in a rocket attack by unknown outlaws.",OTHER
unidentified persons slaughtered a watchman.,ASSASSINATION
A rocket was fired by unknown miscreants at the Commissioner's Office. No casualties were reported.,TERRORISM
"Two people were killed and four others were injured, including an Ex-MPA (Mohammad Aslam Midhiana), when a brother of the PML-MPA Shahnawaz Ranjha, opened fire on their car near Midh Ranjha. The Midhiana alleged that the brother, Rabnawaz Ranjha, had previously killed one of their group members as well.",ASSASSINATION
A newly-wed couple was shot and killed by the bride's brothers on the pretext of 'honour' as they had contracted marriage without the consent of the girl's family.,ASSASSINATION
"Hundreds of people belonging to the Rajput community blocked the highway to protest against the police raiding their houses. A heavy police contingent reached the spot and opened aerial fire and tear-gas shelling without negotiating with the crowd. The crowd responded by pelting the police with stones, as a result of which 4 policemen received injuries. At least seven people were injured in this.",VIOLENT_POLITICAL_DEMONSTRATION
"About a 1000 men, including members of the JI, participated in a rally to show their solidarity with Osama Bin Laden and to condemn the US. They blocked roads by burning tyres. ",VIOLENT_POLITICAL_DEMONSTRATION
A housewife was shot dead by unknown assailants inside her house. The reason behind the killing is not known.,ASSASSINATION
Two students were injured in a clash between two factions of the Muslim Students Federation (Q) and (N) over a minor issue on the campus of the Local Government College.,RIOT
"Police found the body of an unidentified man lying in the playfield in Gulbahar area. He had reportedly been hanged by unidentified men and a note was also recovered from his pocket which read \ All informers will meet the same fate\"".""",ASSASSINATION
Six dead bodies of murdered young men were brought to the hospital.,ASSASSINATION
A young man was shot dead in Soldier Bazaar. The victim was identified as Tajuddin. The police could not determine whether he was hit by a stray bullet or if he was the target of an unknown assailant.,ASSASSINATION
"A cement dealer, Abdul Hameed, died when his Orangi Town shop was attacked by unidentified men.",TERRORISM
troops came under attack near a government school for boys in the Elai village. The troops countered the attack and pounded Taliban positions with artillery. No casualty was reported.,CONVENTIONAL_ATTACK_ON_GOV_FORCES
"A mother and her son was killed, while another one of hers sons got injured when six armed men barged into their house while they were sleeping and opened fire on them. It could not be known what the motive behind the attack was or who the perpetrators were.",TERRORISM
"An officer of the ISI, his subordinate and two tribesmen were killed while several others were wounded when some people opened fire on their vehicle after they were returning from a tribal jirga. The incident occurred after local political authorities and tribal elders signed an agreement not to harbour local and foreign militants. It was believed that some elements were unhappy with the agreement and wanted disturbances in the area. Followup: Political authorities detained 11 people on suspicion of their involvement in the killings of four people, including the two ISI officials in Bajaur.",CONVENTIONAL_ATTACK_ON_GOV_FORCES
a cement trader was shot dead at his outlet by three motorcyclists.,ASSASSINATION
Three passerbys were injured when a bomb planted under a truck exploded in front of the Sariab police station. Reports said that the police had impounded the vehicle a few days ago. Two other cars were also damaged by the flying debris.,GUERILLA_ATTACK_ON_GOV_FORCES
An Uzbek militant group Ansaarul Mohajireen has claimed to have killed a local Taliban commander Haji Hannan and his two companions in Darra Zenda area.,ASSASSINATION
"Five persons, including a woman, were gunned down in a village near Sibi when two armed men intercepted the groups pick-up and opened fire killing four family members and a nomad woman living in a nearby hut. According to officials the killing was due to an old dispute between the Selachi tribe.",ASSASSINATION
Two rockets were fired by militants on the army Brigade HQ in Zari Noor Colony. The rockets were fired from unidentified locations and did not cause any casualties.,CONVENTIONAL_ATTACK_ON_GOV_FORCES
"Hundreds of Afghan based terrorists attacked posts in Chitral, killing twenty-five security personnel. Twenty riaders were killed in retaliatory fire. Two border posts were taken over by the Afhgan militants. ",ATTACK_ON_STATE
"Two unidentified assailants entered the clinic of Dr. Bakir Ali Naqvi, while he was with a patient, in Kot Lakpat and opened fire, injuring him while the patient remained unhurt. He was taken to the Lahore General Hospital, where he succumbed to his injuries. His relatives claimed he had no affiliations with any religious organisation and was cordial with all sects. Police stated that the nature of the killing was similar to those of sectarian nature in the past. ",ASSASSINATION
"Cobra helicopters attacked the positions of militants in Shahnari, Haji Lawang, Ragha Dagg and Takht area killing 1 senior Al Qaeda operative and 17 others.",GOV_ATTACK_ON_NONSTATE_COMBATANTS
"Wan Bachran police claimed to have arrested an alleged terrorist. Identified as Noor Muhammad, the police says he was on his way to Sargodha from Miramshahcarrying 10 hand-grenades and other arms and ammunition. He disclosed having plans to attack Shia gatherings at two Imambargahs in Sargodha.",TERRORISM
"Unidentified men killed a lawyer, Sultan Ahmed Rana, in his house and fled. The cause of the murder could not be ascertained as the family said that they had no enmity.",ASSASSINATION
"around 1000 demonstrators took to the streets and staged a protest against loadshedding, starting from Main Bazaar to the grid station. They chanted slogans against Lesco, burnt tyres, and later besieged a jgrid station and pelted stones and damaged 2 vehicles parked inside the grid station. they also ransacked the grid station.",VIOLENT_POLITICAL_DEMONSTRATION
A man was wounded in a shooting incident in Johrabad.,TERRORISM
"A roadside hotel in Phuleli was set ablaze.  No other details were reported, but the incident was included with reports of other violent incidents during the wheel-jam strike.",VIOLENT_POLITICAL_DEMONSTRATION
Four persons were seriously injured in an armed clash between two groups of the Baqalyn tribe over the ownership of a hill.,RIOT
At least 2 people were killed and several injured in a clash between the sub-clans of Ali Sherzai over an old land dispute. They clans took arms after a jirga failed to resolve the issue which first started in 1895 when the British divided the area. ,RIOT
At least 10 people blocked the GT Road near Alam Chowk after setting old tyres on fire. They smashed window panes of various vehicles and chanted slogans against the government and the US strikes in Afghanistan.,VIOLENT_POLITICAL_DEMONSTRATION
Ghulam Haider was killed in Gulshan-i-Ghazi at his house by unidentified people.,ASSASSINATION
"more than 200 demonstrators, including villagers, lawyers, traders and activists of the PML-N blocked the main Gojra-Sumundri Road in protest against police for not releasing those detained in connection with the long march despite the Prime Minister's orders. the protest sparked after a delegation led by PMA Rao Kashif Raheem went to the police station and demanded the release of some detainees. the SHO allegedly misbehaved with the delegates and held them hostage inside the police station. the protesters blocked the road outside and chanted slogans. they also pelted the police with stones when they tried to disperse them. police held talks with the protesters later, convincing them to disperse.",VIOLENT_POLITICAL_DEMONSTRATION
Fourteen militants and six troops were killed while four others troops were injured during a search and clear operation in Lakki Ghundi.,GOV_ATTACK_ON_NONSTATE_COMBATANTS
"A home-made explosive device, planted near a house on White road behind Governor's house went off creating panic in the area. Window panes of several houses were smashed by the powerful explosion. No loss of life or property damage was reported.",TERRORISM
"Six people were shot dead over an old enemity. The police claimed that two clans, Sehto and Paryo, had an old enemity, due to which these 6 people from the Sehto clan were killed. The motive seemed to be revenge killing,",ASSASSINATION
The residents of Khai Road staged a protest demonstration against loadshedding and transparent crystal meters and blocked the road and burnt tyres. ,VIOLENT_POLITICAL_DEMONSTRATION
"An under-trial prisoner was injured when his rival fired on him near the district and session court. Mohammad Alamzeb was being brought to district and session court to appear before the court in a murder case when his rival Ibad Sher allegedly fired, causeing injury. the accused and his brother escaped after the incident.",ASSASSINATION
"Four Americans and their Pakistani driver, all employees of the Houstan based oil company, Union Texas Petroleum (UTP) were killed when their vehicle was ambushed by unidentified men in a Red Honda Civic who burst the tyres of the Nissan eight seater and resorted to indiscriminate firing and fled. All five men were killed on the spot. The attack came a day after the US embassy in Islamabad had issued a warning to all US national to be careful following sentencing in the Aimal Kansi case. ",TERRORISM
"A gunbattle erupted in Kharadhar and Mithadar between supporters of Sunni Tehreek and the police.  The police attempted to disperse members of Sunni Tehreek who were observing the Chehlum of one of their members at Acchi Qabar in Mithadar and allegedly tried to raid its office.  An eyewitness said two plainclothes police officers even slapped an activist while telling them to obey the government ban on gatherings.  A constable was shot and seriously wounded; another was hit in the head with a stone.  Soon after, there was a heavy exchange of fire between masked youths and the police.  The police then fled from the scene and armed youths took over the area.  Masked men resorted to heavy firing, lit bonfires, and pelted stones at a Kharadhar traffic police kiosk.  A resident claimed the police lobbed tear-gass shells to disperse the protesters, and police claim they were fired upon when they attempted to raid the Sunni Tehreek office.  After two hours of chaos, the rangers were brought in to control the situation.  Police arrested at least 40 suspects for rioting and arson, but a resident told Dawn reporters that most of those arrested were spectators or pedestrians and that the masked men had fled.",RIOT
a group of demonstrators attacked haf a dozen shops at the main Jinnah road after a protest rally held by the BSO. The mob dispersed after poice arrived at the scene.,VIOLENT_POLITICAL_DEMONSTRATION
Two shops were completely destroyed and 10 others were damaged partially when a bomb exploded in the Zainullah CD market in Charsadda. The police said the blast was carried out by unknown people.,TERRORISM
Unidentified in a white car resorted to heavy firing near the MQM's headquarters in Azizabad and escaped. After a few minutes the same group reappeared near the Buturab Imambargah and resorted to firing before running away towards Ayesha Manzil. ,TERRORISM
"Muhammad Shahid, 25, of Data Nagar in Badami Bagh, was on his way on Peco Road when he got hit by a stray bullet. The killer could not be identified, and it was reported that the deceased did not have any enemity with anyone.",ASSASSINATION
Atleast 24  vehicles were torched by unidentified men in these areas.,VIOLENT_POLITICAL_DEMONSTRATION
"Eight people were killed and ten others were injured when a bomb, planted in the rear end of a Sialkot bound bus, exploded when the bus reached near Jherol",TERRORISM
"A trader, his wife and niece were shot dead by 5 (Mohammad Khaliq and his sons) of their relatives over property disputes.",ASSASSINATION
 23 terrorists were killed in various areas of Malakand and Dir while 2 soldiers were killed and 12 others were injured.,GOV_ATTACK_ON_NONSTATE_COMBATANTS
The body of an unidentified man was found in Singhpura.,OTHER
Indian security forces resumed intensified firing after a three-day lull on Pakistani border villages along the Sialkot working boundary. Nine more houses were damaged and paddy crops damaged in the incident. No casualty reported.,ATTACK_ON_STATE
1 soldier was killed and 6 were injured in a gun battle with militants,CONVENTIONAL_ATTACK_ON_GOV_FORCES
One person was killed and another injured when they were attacked by unidentified gunmen.,ASSASSINATION
"A leader of the Sunni Tehreek was arrested to avert a sectarian clash. When The JUI leader came to inaugrate Jamia Usmani Farooq-i-Azam Mosque , The Sunni Tehreek leader claimed that it was a \sunni mosque\"". There was an exchange of hot words and the police arrested the leader to avoid a mishap.""",THREAT_OF_VIOLENCE
Four tribesmen were hurt when Levies forces opened fire on a group of protesters who were protesting against prolonged power cuts in the Mohmand area. ,VIOLENT_POLITICAL_DEMONSTRATION
Two people were killed and another was injured in a clash between Shahlani and Buledi tribesmen. Details are not available.,OTHER
A retired army Major Shafi Ghauri was found dead in his home in Gulshan-i-Iqbal on Saturday. He was strangulated,ASSASSINATION
"militants fired rockets at the Circuit House in Mingora, killing one soldier and injuring two others.",GUERILLA_ATTACK_ON_GOV_FORCES
"Following the killing of MQM worker Amir Yasin, angry party activists took to the streets and tried to force shopkeepers to close their shops but a police contingent showed up, prompting the activists to flee the scene. However, the police opened fire, killing 3 of the MQM workers that were attempting to flee. One other person was also killed. ",VIOLENT_POLITICAL_DEMONSTRATION
A woman and her alleged paramour were shot dead by her uncle for having illicit relations. The killer later presented himself for arrest,ASSASSINATION
Bhutto and Baloch tribesmen fight over the cable network business. A six year old boy and a young girl are killed in an armed clash.,OTHER
"Security forces opened fire on a car when it tried to overtake an army convoy, injuring six people, including a girl and a woman.",GOV_ATTACK_ON_CIVILIANS
8 people were injured during an armed clash between two groups of the Banglani tribe. The clash was over grazing cattlehead.,OTHER
"Rockets were fired from an unknown place at Bara bazaar which injured a security official. Security forces retaliated by opening fire, killing three shopkeepers and injuring six others. ",CONVENTIONAL_ATTACK_ON_GOV_FORCES
four people were killed in an exchange of fire between security forces and militants in Takhtaband. Helicopter gunships also targetted militant positions. 3 people were killed and 10 others were injured when mortar shells hit their houses in Shewar area of Matta tehsil.,GOV_ATTACK_ON_NONSTATE_COMBATANTS
"A former member of District Council Narowal, Syed Afzal Shah was injured when two members of a rival group fired at him and fled.",ASSASSINATION
"Junaid Qureshi, an MQM activist, was shot dead by two men on a motorbike. The victim was sitting outside his house with his friends when the incident took place. ",ASSASSINATION
"In Manghopir area, the bodies of two young men were found, both of whom were wearing shalwar and kameez and were trussed up. Police said they were tortured and later killed.",RIOT
"Police and FC raided a village after receiving information that militants were hiding there. When they reached the village, armed men opened fire on them leading to clash. 1 FC man and 1 'proclaimed offender' were killed and another FC man sustained injuries. ",CONVENTIONAL_ATTACK_ON_GOV_FORCES
Two persons were killed and three others were injuredi in an exchange of fire between two rivals groups over the possession and cultivation of a piece of agricultural land. ,ASSASSINATION
"The bodies of two Sipah-i-Sahaba Pakistan were found from the pavements in front of two adjacent Imambargahs in Muslim Town.  The two men bore marks of severe torture. They were said to be have been invovled in the murder of Dr. Ali Naqvi, a shia leader. ",ASSASSINATION
A young man was shot dead in his clothes godown by unidentified men.,ASSASSINATION
Two unidentified armed people stabbed to death an industrialist Muhammad Akram and set his body on fire. No clue to the killers had been found so far.,ASSASSINATION
tribesmen blew up a pipeline of the Pir Koh gas plant area causing suspension of gas supply to the plant.,TERRORISM
"Unidentified people attacked with a grenade the house in Nushki of Dr. Mohammad Tayyab, a deputy director in the live-stock department.",TERRORISM
Two people were injured in heavy Indian shelling in the Munda Kali village from across the Line of Control. ,ATTACK_ON_STATE
"After an incident where six of a 'Masih' family were butchered, around 300 protesters marched towards the Governor's house with the bodies to protest against the killings. Police intercepted them and resorted to baton-charge and tear gas shelling to disperse the crowd. ",VIOLENT_POLITICAL_DEMONSTRATION
A decomposed body was found in an abandoned house. The vicitim' identity could not be established.,ASSASSINATION
Salim Ansari was shot dead by an unidentified person. The reason behind the killing is not known.,ASSASSINATION
"a man slaughtered his wife and daughter over suspicion of loose morals in Faisal Town locality of Manawala, and then courted arrest.",ASSASSINATION
"Karim Dino Ujjan shot dead his wife, Safoora, and Asghar Ali (son of Bhale Dino Thebo) on suspicion of illicit relations between them. He was later arrested and confessed to the crime. ",ASSASSINATION
"1 person was injured in Ward No 28, Gujrat during LB elections on Saturday.",RIOT
"a peasant, Khamiso Machi was killed while another, Arab Machi, was injured when they clashed over disputed graveyard land at village Haji Machi on Badin Sujawal Road.",RIOT
"Violent clashes amongst rival groups during local bodies elections left 36 people injured. The injured included political workers, election officers and policemen. ",RIOT
"Akram Khan, a resident of Kausar Niazi Colony, was shot dead by armed motorcylsits. ",ASSASSINATION
"A demonstration organised jointly by Muttahida Qaumi Movement and Jeay Sindh Qaumi Mahaz and led by former MPA Fareed Ahmed and Ali Hassan Chandio advocate at Market Chowk. The protesters blocked the M. A. Jinnah road and broke pitchers. They chanted slogans against the \Punjabi establishment\"" and demanded Sindh's due share of water. When they reached outside the State Life building, they were baton charged by the police and 20 activists were arrested. """,VIOLENT_POLITICAL_DEMONSTRATION
"following the killing of Qasim Ali Shah, Bagh Ali Shah along with his 4 accomplices shot dead Khair Ali Shah.",ASSASSINATION
"Two bombs went off in front of the Government Girls Higher Secondary School, destroying its main gate and damaging the power supply line. The nazim of the Gujrat union said that the school administration had received a letter about a month ago with the warning that if the students and staff did not observe purdah (veil), the school building would be blown up within 15 days.",TERRORISM
"A well-known Shia Zakir and employee of the Special Branch, Qaiser Mustafa, was shot and injured when two hooded motorcyclists opened fire on him while he was on his way home, near Yasir Hospital. According to officials, the attack was a continuation of the sectarian killings being carried out.",ASSASSINATION
After the murder of Mir Mohammad- a Bhambhro tribesman allegedly killed by Lashari tribesmen during a clash between the Bhambhro and Lashari tribes over a land dispute- the police registered a case against 8 Lashari tribesmen. His uncle was also seriously injured.,RIOT
"Mohammad Hussain and his 5-year-old son were killed when armed men opened fire at the cab they were travelling in. Another person was injured in the firing. According to the police, the attack was based on sectarian motives. The victims belonged to the Hazara tribe. ",ASSASSINATION
Another clash between Bugti and Mazari Tribesmen left one person dead. The two tribes have been clashing for about 3 weeks. ,RIOT
"Two time-bombs planted under police vehicles outside a police station exploded, destroying the vehicles and injuring 4 policemen. ",GUERILLA_ATTACK_ON_GOV_FORCES
"Over a dozen people were injured when PML-N Youth Wing Workers and the PML-N National Guards clashed, using sticks, during a public meeting arranged in connection to observe a 'black day'. ",RIOT
"Rana Safdar, a PPP worker, escaped an attempt on his life when three alleged attackers barged into his house and tried to strangle him but he managed to overpower them. The attackers however made good their escape. ",ASSASSINATION
"Police baton-charged Sindh National Party activists who took out a protest procession here on Sunday against the Kalabagh dam and the greater Thal canal, injuring a number of protesters. The procession, led by SNP secretary-general Dilshad Bhutto, started from the Clock Tower and wanted to proceed towards the local press club but a heavy contingent of police reached at the scene and asked the protesters to disperse. When the activists refused to disperse, they were baton-charged. Two critically injured activists, Mir Ali and Lal Bux Bhambhro, were taken to the Sukkur Civil Hospital. Police also picked up at least 40 protesters, Dilshad Bhutto. Later, workers of the SNP, led by its president Ameer Bhambhro, surrounded the B-section police station and demanded release of the activists. After negotiations between SNP leaders and police authorities, the activists were released. No case was registered against any person.",VIOLENT_POLITICAL_DEMONSTRATION
"Ashraf alias Qasai, who was associated with the Punjabi-Pakhtun Ittehad (PPI), was shot dead outside his home. The police later discovered that a dispute between two political groups was the reason behind the targeted killing, which was one of many that took place in Karachi that day. ",ASSASSINATION
"On the day of the burial of assassinated MQM leader Dr Imran Farooq, a day of mourning was declared and Karachi witnessed sporadic incidents of violence. Two MQM workers were shot. The victims accused the Rangers of opening fire on them but the police claimed that they had not received any such report. ",OTHER
"At least 22 people, including 5 women, were injured in an armed clash between two groups of the Malick tribesmen in Faiz Mohammad village. ",RIOT
A person was found dead in Al-Noor colony on Thursday,OTHER
Two vehicles were set ablaze in the Azizabad area.,VIOLENT_POLITICAL_DEMONSTRATION
Armed motorcyclists shot dead Nawab Baloch and injured his friend Rasheed. ,ASSASSINATION
A bridge was blown up in Chak Ampur Road as the explosive device was planted underneath the bridge on Monday.,TERRORISM
A bullet-ridden body of a man was found in a car in liaqatbad.,OTHER
Police constable Latfullah Kalhoro died when unidentified armed men opened fire at him. No other detail was given.,ASSASSINATION
A soldier of the Chenab Rangers was martyred in the mortar shelling by Indian troops in the Shakargark sector of Azad Jammu and Kashmir.,ATTACK_ON_STATE
"A couple and their minor son was shot dead by four unidentified men in Bhimber. The gunmen barged into house of Maqbool and sprayed the family with bullets killing Maqbool, his wife and their son Salman. The motives behind the assassination could not be confirmed immediately.",ASSASSINATION
Two people were killed when two groups of the the Lango tribe clashed.,RIOT
"Activists of the MQM and the ANP clashed over the issue of hoisting party flags in Korangi. Zahid Massih, a 12-year-old boy, was killed in the corssfire. ",RIOT
"A gang of ofur unidentified gunmen opened indiscriminate fire killing the president of Pakistan's Peoples Party, Naudero and injuring a policeman.",ASSASSINATION
"A young man's charred body was found in Kasur Town, Malir with a bullet whole in his head.",OTHER
"Tauseef Mehmood, an ANP member, was gunned down by unidentified assailants on a motorbike. Akram Shah, also an ANP member who was with Mehmood at the time, was injured in the attack. ",ASSASSINATION
A rocket was fired at the Ghazi checkpost in Dera Bugti.  Balochistan Liberation Army has claimed rsponsibility of the attack.,GUERILLA_ATTACK_ON_GOV_FORCES
"A low-intensity bomb exploded at the arrival lounge of the Peshawar International Airport, but caused no casualty. ",TERRORISM
An unidentifed body of a young man was found. He was shot in the head,ASSASSINATION
"Twenty one people were killed and 50 others injured when four unknown assailants resorted to indiscriminate firing at a Fajr congregation at the Jamia Masjid Al-Khair in Mumtazabad locality. The assailants fled in a silver grey car.Last month a similar incident had occured at a Shia congregation. But the Punjab Chief Minister, Arif Nakai, said he did not believe that the firing was sectarian in nature, and said that it was an act of terrorism. Followup: One of the people injured in the Multan firing incident succumbed to his injuries.",TERRORISM
"After a public meeting addressed by local political and religious leaders, the protesters took out a procession in which they shouted slogans against the US, burnt an effigy of the US President, and marched towards the civil colony and attacked the gates of the city jail. The personnel fired shots to disperse the mob and ended up injuring 8 people. ",VIOLENT_POLITICAL_DEMONSTRATION
A bullet-riddled body stuffed in a bag was found from the Killi Qambrani area. ,ASSASSINATION
"Four people were seriously injured when a bomb placed in a road roller that was being carried by a trailer to Kandahar, exploded when it got near a Frontier Corps Fort. It is not clear whether the bomb attack was intended for the Frontier Coprs Fort or for general terrorist agendas. ",GUERILLA_ATTACK_ON_GOV_FORCES
A van of Pakistan Steel Mills was set on fire.,TERRORISM
"Three MQM workers were killed in an encounter with the police. A police party, acting on some information, surrounded Rahim Shah Colony to arrest some wanted MQM terrorists. But the terrorists opened fire at the police, to which the police retaliated. 3 MQM workers were killed and a police inspector was injured. The MQM disputed the police claim and alleged that the three were killed in cold blood.",GOV_ATTACK_ON_CIVILIANS
Some men of Shabab-i-Milli stormed into the hotel which was allegedly a torture cell of Police and beat several men in Gulshan Colony Factory Area on Thursday. ,OTHER
"A former member of the district council, Khan Shuja Ahmad (younger brother of MPA of Mananwala, Khan Zia Ahmad Khan) was shot dead when five unidentified assailants opened fire on him on the district court premises. ",ASSASSINATION
"security forces entered Akhorwal area, a stronghold of Taliban and exchaned fire with militants.6 militanst were arrested, one of them was injured.",GOV_ATTACK_ON_NONSTATE_COMBATANTS
An army soldier was killed and his father and sister-in-law were injured on the Dhoke area of Attock. ,ASSASSINATION
"Aqai Sadiq Ganj, Director-General of the Iranian Cultural Centre, was shot dead by unidentified gunmen when he came to attend a farewell reception. Another Iranian student was injured. The police arrested one of the assailants when he was trying to escape.",ASSASSINATION
The body of Abdul Wadood was found near Mehran Town with stab wounds. His family thought that Wadood was visiting friends but he did not come back the whole night. He had maried twice and was associated with Tableeghi Jamaat. ,ASSASSINATION
Scores of traders and shopkeepers staged a demonstration to protest against power outages that lasted for upto 20 hours. They blocked the main road and burnt tyres and pelted the police with stones when the latter tried to disperse them. The protest lasted for 6 hours. The leaders of the protest threatened to set ablaze Mepco offices if the issue was not resolved. ,VIOLENT_POLITICAL_DEMONSTRATION
"A land lord , Maula Baksh Keerio, was killed by unknown persons, and the weapons used in the attack were said to belong to the Sakarand Police station. The Brohi and the Keerio clans had been battling each other ever since the murder of a Brohi clan member by a Keerio clansmen. It was said that the chief of the Keerio clan had close and friendly ties with a key figure in the ruling Pakistan People's Party, and had been receiving aid to use against the Brohi clan. The Brohi claim alleged that the police tortured their women and took action against the clansmen, perhaps on the insistance of the Keerio clan.",ASSASSINATION
"A shoe vender, Zahid, was found dead in his rented room at Australia Chowk at Naulakha. Shahzad, Zahid's brother, said that he did not hear any gunshot and woke up to find his brother dead. ",ASSASSINATION
"According to sources, local taliban killed a man and took two hostage on the Indua Highway in Darra Adamkhel agency.",TERRORISM
A missile struck the house of Sher Zaman in Doug area killing one person and injuring two others.,TERRORISM
"Five traffic police personnel were injured when a bomb went off near the city traffic office. The policemen were going to the Gondlanwala Adda office when the blast occurred, which also damaged windowpanes of nearby houses.",GUERILLA_ATTACK_ON_GOV_FORCES
"Two bullet-riddled bodies, identified as those of Guldar Ali and Jalal Khan, were found with a note attached claiming that they were spying for the US. ",ASSASSINATION
Unknown assailants on a motorcyle killed two people who had come to Quetta from Mandi Bahauddin and were staying in a hotel in Satellite Town. The police dubbed the incident a terrorist act.,TERRORISM
"Thirteen persons attacked armed policemen in order to break the water course of a canal in Mirwah area, in which an official of irrigation department and two policemen were injured.  The attack did not deter the policemen, and the attackers fled after failing to break the water course of the canal.",OTHER
"Amjad Farooqi, a terrorist linked to Al Qaeda was killed in an encounter with the security forces when they raided a house on a tip-off. 3 other terrorist suspects were arrested according to the interior and information ministers. President Musharraf had named Amjad Farooqi as the lead suspect in being the mastermind behind carrying out the assassination plot on his convoy; Follow up: Security forces have detained over a dozen militants after the killing of Amjad Farooqi, from Sindh, Quetta, Peshawar, Faisalabad, Rawalpindi.",GOV_ATTACK_ON_NONSTATE_COMBATANTS
"More than a dozen people were injured when residents were protesting against continued poor supply of gas when they tried to get into the regional office and were attacked by the staff armed with clubs and iron rods. Upon seeing this, protesters outside started pelting the office with stones, which caused the injuries. Later police were called and the mob dispersed.",VIOLENT_POLITICAL_DEMONSTRATION
A gas well of the Oil and Gas Development Corporation of Pakistan received damage when unknwon armed men fired rockets in Pir Koh area of Dera Bugti. A fire also broke out as a result of the blast but it was controlled after an hour's effort. It may also be recalled that around one dozen rocket firing incidents have been reported over the last two months in different gas fields of Dera Bugti.,TERRORISM
"A music show was underway at the marriage ceremony of an Afghan, at the Jalala refugee camp, when a bomb was lobbed at the gathering. At least 5 were killed and 35 injured.",TERRORISM
"Zahid Saeed, an activist of the PSF (People's Students Federation), was shot and killed by activsts of a rival faction within the PSF. The two groups have been fighting over the nomination of the new PSF president. ",ASSASSINATION
"Two youths were injured when three motorcyclists resorted to firing in Phulleli area. The gangsters, who could not be identified, arrived at Hussain chowk and opened fire in which the two youngsters were injured.",TERRORISM
A passerby was killed in an armed clash between two rival groups over a piece of land.,RIOT
An explosion was reported from Mastung. No other detail was given.,TERRORISM
"During the long march by PDA protesters, Assistant Comissioner City and Magistrate raided the house and allegedly harassed the civilians in Rawalpindi on Thursday.",OTHER
"Area residents attacked a Wapda office during a protest rally to get electricity restored. However, the demands could not be met.",VIOLENT_POLITICAL_DEMONSTRATION
"During a strike in interior Sindh that was called by AT,JSQM, STPP, JUI, JST and other nationalist parties to protest alleged irregularities in the ongoing house-count, members of Sindhiyani Tehrik took to the streets and burnt tyres to block traffic. Sindhiyani Tehrik is the women's wing of the Awami Tehrik ",VIOLENT_POLITICAL_DEMONSTRATION
Some miscreants blew up a portion of a gas pipeline in Dera Bugti.,TERRORISM
Twelve persons were injured as an explosive device went off at the Cantonment Railway Station. The device was planted by the subversive elements beneath or inside a washing machine which was kept at a bay between Paltform No 6 and 1.,TERRORISM
"Malik Madha Hussain,a TJP leader's house came under attck when unidentified gunmen opened fire and fled.Nobody was injured.",TERRORISM
One person was injured in Mindarwal village as the Indian forces continued firing from across the Working Boundary.,ATTACK_ON_STATE
1 person was killed and 3 were injured in a bomb blast in Circuit House on Tuesday. The bomb was planted under the sofa of the drawing room of the house.,TERRORISM
two groups attacked each other when they opened fire with small firearms. As a result 3 men were killed. All three belonged to the Shakoor gang.,OTHER
Seven miners were killed and four others were injured when their van came under indiscriminate fire by unidentified armed men. The attackers kidnapped three miners and sent a note with them which stated that the coalmines were the property of the Marri tribe and political administration should halt all work there. An official source said that there was a dispute between the Marri and the Luni tribes over ownership of the coalmines.,TERRORISM
a person was injured by troops firing in Gwolarai.,GOV_ATTACK_ON_NONSTATE_COMBATANTS
Dr Anwar ul Islam was assassinated in Karimabad area of Karachi. The target killing of doctors continues in Karachi and Pakistan Medical Association (PMA) calls a strike to protest.,TERRORISM
four persons killed when mortar shells hit their house in Qalagai.,TERRORISM
"A man was killed and a woman and minor boy were injured in Neelam Valley of Azad Kashmir in shelling by Indian forces across the Line Of Control. Officials reported that the firing began on Tuesday, 7th january, 2003, which resulted in the death of a man and injured two others in the village of Lawat. It came to a halt and began again the next day, this time targeting the villages in the upper belt.",ATTACK_ON_STATE
"In reaction to the demolition of Babri Mosque in Ayodhya, over 70 people were injured when police resorted to heavy tear-gas shelling to disperse the tens of thousands of demonstrators on Constitution Avenue on Tuesday.",VIOLENT_POLITICAL_DEMONSTRATION
The police severely beat up and arrrested scores of rights activists who tried to hold a mini marathon to highlight violence against women and for promoting enlightened moderation in society.,VIOLENT_POLITICAL_DEMONSTRATION
Militants killed two of the four men they had kidnapped on allegations of them being pro-government. The bodies of the two hostages were found with one of the bodies decapitated. ,ASSASSINATION
"Two rival student groups, the IJT and the Inqilabi Council, had an armed clash that left 1 student dead and two others injured. The IJT allegedly started the firing. A dispute between the two groups had arisen a month ago but both parties had supposedly 'dropped their differences'. ",RIOT
"During a strike called to protest against alleged police excesses and widespread violence in Karachi, a WAPDA school bus was set on fire. ",VIOLENT_POLITICAL_DEMONSTRATION
"a pro-government tribal elder, Malak Stana Gul. was gunned down when armed men intercepted his vehicle and opened fire on him on the Laghari highway. He had received threats from militants previously due to his pro-government stance.",ASSASSINATION
"Four of the MQM activists, who the government claimed had kidnapped and killed four army and police personnel earlier, died during a Ranger's siege and search operation in Gharibabad and its adjoining areas. Mystery shrouded the death of the four MQM activists, as the Rangers did not allow newsmen to visit the area, and the family members of one of the deceased claimed that the victim was in the Rangers custody for the last 22 days.",GOV_ATTACK_ON_CIVILIANS
Mushtaq was on his way home when an unidentified person opened fire at him killing him on the spot. The family said he had no enmity.,ASSASSINATION
"a MQM worker was shot dead by his friend after an exchange of hot words, who fled after the incident.",ASSASSINATION
Three rockets exploded one after the other in Quetta. All three rockets were 107 MM Russian-made and were fired by some unknown person(s) from the north-west of the city. The third rocket hit a house in the Christian Colony at Kansi Road. No one was hurt.,TERRORISM
"Five pedestrians, including a woman, were wounded when activists of the MQM (H) allegedly opened fire at a police picket.  Police claimed that activists of the Haqiqi fired at the police party in Bismillah, however, they missed and hit pedestrians.",TERRORISM
"Two Uzbek militants were said to be killed while attempting to plant a mine aimed at killing Ibrahim Khan, Senior Vice president of the Makin Peace Committee. This apparently was the third attempt on the life of Ibrahim Khan who had been instrumental in nabbing of the two uzbek militants and handing them over to the authorities some time back.",ASSASSINATION
"The district coordinator of Tawana Pakistan Project, Mohammad Qaiser Anis, accused special assistant to chief minister and leader of Muttahida Qaumi Movement, Murtaza Memon, and his men of attacking the office and manhandling the staff. Mr Anis told Dawn that police, understandably under pressure, were dilly-dallying on registering FIR against Mr Memon and his men, and demanded protection for his staff. He said that he received a phone call from somebody who claimed to be leader of MQM, Murtaza Memon, and threatened they would not allow him to work if he hired anybody without his recommendation. Minutes afterwards, Mr Memon in a vehicle (GS-7304) along with four armed men barged into his office, used abusive language and manhandled the staff. They also ransacked the office and threw out office record.",RIOT
"A Station House Officer of the Police was shot dead by unidentified attackers, who managed to escape. Thereason behind the killing is not known.",ASSASSINATION
"A police check point at Durand Gate came under attack by militants, killing one paramiltary soldier and injuring another. Soon after that, an armoured personnel carrier was also attacked. ",GUERILLA_ATTACK_ON_GOV_FORCES
"After the death of a youth during a surgery and the death of his mother from 'shock', relatives of the victims and residents of the area blocked the Lahore Road in protest against the private hospital. Some protesters entered the hospital and set the building and some equipment on fire. The police reached the hospital and brought the situation under control. The doctor incharge of the the surgery, denies negligence or malpractice and claims that the victims died of a cardiac arrest. ",VIOLENT_POLITICAL_DEMONSTRATION
Maulana Zia-ur-Rehman-Patron-in-Chief of Sipah-i-Sahaba and other ulemas narrowly escaped unhurt when some assailants opened fire on them in Multan Cantonment Area on Monday,ASSASSINATION
A medical store in Saddar was set on fire.,TERRORISM
"a woman, Uzma, was shot dead while her sister, Siddiqa, injured by their cousins, Navid, Qasim, Goga and Bashir over an agricultural land dispute in Civil Lines area.",ASSASSINATION
Four people were killed and ten others injured in an armed clash between Mohammad Hussain and Sher Mohammad groups. Both the groups have a history of armed clashes.,RIOT
2 police constables were injured when armed men opened fire at a police mobile van.,CONVENTIONAL_ATTACK_ON_GOV_FORCES
Arbab Sethar was axed to death in Mirani Mohallah by unknown assailants.,ASSASSINATION
Secuirty forces claimed to have killed 5 foreign militants in Maidan when troops fired mortar shells on a vehicle carrying militants.,GOV_ATTACK_ON_NONSTATE_COMBATANTS
Clashes between the military and militants continued for a second day running and the military pounded their positions and used air strikes to target “enemy positions”. The military lost another 25 soldiers and the chief of the Inter Services Public Relations put the toll on the militants’ side at 60.,GOV_ATTACK_ON_NONSTATE_COMBATANTS
A trainee police constable was shot dead in Saeedabad. He had been kidnapped earlier.,ASSASSINATION
"a pakistani national was killed and 2 others were injured when Iranian border guards opened fire on three people who had crossed into Iranian territory without legal documents, along the Pakistan-Iran border.",OTHER
Two people were killed and two others wounded in an armed clash between to clans of the Magsi tribe.,RIOT
A suspected militant was killed in an exchange of fire with the police when the latter were chasing them after receiving a tip-off. The 2 other men in the car were arrested. A huge cache of weapons and explosives was recovered from the car. ,GOV_ATTACK_ON_NONSTATE_COMBATANTS
"2 security personnel were killed when militants attacked a security post. Six paramilitray troops were reported missing. 15 militants were killed when security personnel pounded their houses in in Spinki Tangi area retaliation. A stray shell hit a house in Qandaharo area of Safi tehsil, killing two civilians. the shelling has also affected the telephone system in the area.",CONVENTIONAL_ATTACK_ON_GOV_FORCES
"A prominent social worker and a former councilor of Baghdadi, Abdul Qadir alias Qadir  Councillor, was shot dead. The motive behind the killing was said to be personal enmity. ",ASSASSINATION
Two rockets hit Quetta creating panic in the area. The first hit an under construction house in Killi Shabu while the other was near the office of the Inspector General Prisoner Balochistan. Both blasts did damage property. ,TERRORISM
Ethnic Violence' in Karachi continued for the 3rd consecutive day as the unidentified body of a middle-aged man was found with marks of severe torture on it. ,ASSASSINATION
Villagers of Shad Mohammad claimed that a police party raided the village at the behest of some influential landlords and arrested 10 people who were locked up and continuously tortured for 5 days. ,GOV_ATTACK_ON_CIVILIANS
Security forces destroyed two arms shops and two music outlets selling jihadi songs. Lashkar-i-Islam had earlier imposed a complete ban on the sale of all types of music cassettes and CDs throughout Bara tehsil.,GOV_ATTACK_ON_CIVILIANS
6 militants and were killed in fighting in various areas of Swat. 4 security men were injured.,GOV_ATTACK_ON_NONSTATE_COMBATANTS
"2 bottles exploded at the Kumharan Chowk when a Tazai procession was passing through, causing panic.",TERRORISM
A police constable was gunned down by dacoits at Mubarak Lakhan police check post situated in the Andal Sundrani police limits in Ghotki. The reason for murder could not be ascertained.,ASSASSINATION
"A clash between PPP and IJI supporters at a polling station left 2 PPP workers, Muhammad Farooq and Muhammad Sharif, injured. ",RIOT
A body of a man was found stuffed in a gunny bag in Barafwali Gali near the Old Haji camp. The body bore strangulation marks on the neck. ,OTHER
Nine persons were injured when a bomb exploded in a Karachi bound bus near the Liberty market chowk in hyderabad.,TERRORISM
"Qazzafi, shot dead his mother, Ms. Khalida and her alleged lover, Abdul Sattar Mirbahar, in Saddar Mohalla and then surrendered himself to the police.",ASSASSINATION
Houses of three suspected militants were demolished in Kabal area as troops continued their offensive in different parts of Swat. Security forces also defused a bomb placed by a road.,GOV_ATTACK_ON_CIVILIANS
"two brothers, Khalid Khan and Shahid Khan, were gunned down allegedl by their brother-in-law, Rahim. They were having a monetary dispute with him who attacked them when they were returning home and injured them. They died before they could be shifted to hospital. police registered a case against the accused, who managed to escape.",ASSASSINATION
"Chairman Town Committee, Jati Haji, Pir Mohammad Mirbahr, was beaten up by 2 unidentified men as he tried to remove an encroachment on a commercial plot in Jati Town.",OTHER
Two brothers were seriously injured when eight men opened fire on them on the District court premises in Sahiwal.,ASSASSINATION
"Two anti-tank mines and detonators, batteries and a clock were found in a burning car parked outside a branch of the Askari Bank. An official of the bomb disposal squad said that the car (registration number Sindh-AEG 622) had been laden with anit-tank mines hooked to batteries, detonator and a time device. It is believed that the assailants planned to blow up the car, but the bomb disposal squad managed to defuse it. ",TERRORISM
"Indian forces did shelling in Sucheetgarh, Chaprar, Bajwat, Charwa, Harpal and Shakargarh Sectors on Sunday. However no loss was reported.",ATTACK_ON_STATE
"A bomb planted on a bike exploded near a canteen wall in the catonment area. Pieces from the explosion injured people within a 500 yard radius, while the canteen and surrounding shops were damaged.",TERRORISM
Three armed villagers shot dead a woman and injured three others of a rival group over a land dispute.,ASSASSINATION
"After an attempt on the life of a senior ANP leader, violence broke out in Banaras, Qasba Colony and parts of Orangi Town, which reverberated with gunfire. At least seven people were killed while twelve others were injured in different incidents of firing and armed attacks in the areas of Liaquatabad, Orangi Town and Qasba Mor. ",TERRORISM
two militants were killed in an air strike in Orakzai.,GOV_ATTACK_ON_NONSTATE_COMBATANTS
"A truck, on its way to Muzaffarabad came under machine-gun fire by Indian forces from across the LoC. Two occupants of the truck were injured. ",ATTACK_ON_STATE
a bridge on the Peshawar-Torkham Highway was damaged when an explosive device beneath it went off wounding a security personnel.,GUERILLA_ATTACK_ON_GOV_FORCES
A high intensity bomb plantd on a road in Charwa sector near the Indian border was defused by the Sialkot bomb defusal squad on Monday. Authorities said that the bomb was Indian made.,OTHER
A net café in Bannu was destroyed and 4 customers were injured in a bomb blast.,TERRORISM
"A farmer, Abdul Sattar Lakhiar, was shot dead by armed men while he was working in his fields in the Fareed Lakhiar village, near Radhan Town.",ASSASSINATION
"As part of the violence on the second day of a two-day strike called by the Mohajir Qaumi Movement (MQM), protesters blocked the road and attacked a Rangers Wagon, in which a sepoy was killed while another was injured. Rangers retaliated and laid seige to Khata Chowk, and pitched battles were fought between the protesters and law enforcement agencies. Three people were killed by stray bullets while eight others were injured. ",VIOLENT_POLITICAL_DEMONSTRATION
Four security personnel were seriously injured after they stepped on a powerful landmine while patrolling the area. ,GUERILLA_ATTACK_ON_GOV_FORCES
"Flood affected IDPs from Kando Wah village of Mehar taluka, took out a procession from a relief camp and were marching towards the press club to protest against shortage of relief goods. They were near the house of Senior Minister Pir Mazharul Haq when unidentified men on motorbikes, who were holding clubs, attacked them. 9 protesters were injured. ",VIOLENT_POLITICAL_DEMONSTRATION
A watchman was found murdered in Shadbagh on Wednesday by unknown men.,ASSASSINATION
"Unidentified gunmen opened fire on a street vendor and a passer-by in Orangi Town, killing him on the spot while injuring the passer-by. ",TERRORISM
"Unidentified persons gunned down two personnel of a security agency in ASC Colony. The deceased, identified as Intikhab Alam and Amir Hamza were said to be informers of a secret agency, and were sitting in a park when they were attacked by unknown people.",ASSASSINATION
"Four people were killed and 12 others, 5 of them policemen, were injured in clashes between the police and a large crowd protesting against the Sindh government's decision for making Shahdadkot a new district instead of Qambar. According to the DPO the unruly mob attacked the Qambar police station and police had to use tear-gas, batons and aerial firing in retaliation.He stated that the protesters held an on-duty policeman hostage and ransacked the Qambar police station along with the TPO's office. Tehsil nazim accused the police of firing upon protesters. He claimed having witnessed the whole thing. According to independent sources, the clash ensued when the protesting crowd got word that two people of the area had been arrested by the police. The mob marched to the police station and the clash ensued. The tehsil nazim also accused the police of having barged into a meeting at the tehsil office and breaking window-panes and office furniture. DIG Mohammad Ramzan stated that an inquiry would be held into the matter. 50 people were taken into custody.",VIOLENT_POLITICAL_DEMONSTRATION
A young man was gunned down in Orangi Town when unidentified men opened fire on him in a street. The victim was a prayer leader of a local mosque. The police claimed it was too early to term it as a sectarian killing.,ASSASSINATION
One person of the Jatoi tribe was killed and another injured when a group of people from the Maher village attacked the Nazar Jatoi village. The cause of the attack was stated to be land dispute.,RIOT
a man gunned down his married sister allegedly in the name of honour after a heated argument.,ASSASSINATION
"A bomb planted on the wall of the Government Polite High School went off in Mastung, damaging the wall and windowpanes of nearby houses. No casualty was reported.",TERRORISM
"Three employees of the City Development Centre and Municipal Department were freed by the security forces after an armed encounter with kidnappers in which one captor was killed. Five people had been kidnapped earlier by unknown people in what was believed to be a ransom case. In bid to free them, security forces launched an operation in the area and encountered the kidnappers in a shootout near Sakhi Pul area, in which one injured kidnapper was also arrested. Two of the kidnapped were still held hostage. ",GOV_ATTACK_ON_NONSTATE_COMBATANTS
The body of a young man was found dumped in the roadside in Korangi on Tuesday. There were torture marks on his body,ASSASSINATION
Militants destroyed a vacant check post about 24 km from Khar using an explosive device. Nobody had so far claimed responsibility of the attack.,GUERILLA_ATTACK_ON_GOV_FORCES
One policeman was injured in a clash between students of Polytechnic Institute Sargodha and police in Sargodha on Saturday. ,OTHER
A woman was shot and wounded by a stray bullet in her home.,VIOLENT_POLITICAL_DEMONSTRATION
Three militants were injured when security forces pounded militant hideouts in the Haleemzai tehsil of Mohmand Agency. ,GOV_ATTACK_ON_NONSTATE_COMBATANTS
one Khasadar was killed when tribesmen fired on a peace jirga. Following this clashes erupted in the evening. The jirga was trying to broker a ceasefire,RIOT
A bullet riddled body of a policeman was found in a desolate place. The reason behind the killing could not be ascertained.,ASSASSINATION
"A man, suspected to be a militant by witnesses, was killed in a blast outside a video shop. Police believed that the man was trying to plant a bomb outside the video shop when it went off prematurely.  Officials suspected the hand of radicals in the incident, who, in recent months, had distributed pamphlets warning music shops to close down.",TERRORISM
A  violent day of mourning was observed by the Mohajir Qaumi Movement upon the death of their leader Chaudry Altaf Hussain and a constable was shot dead in Orangi Town in the midst of on-going violence. ,VIOLENT_POLITICAL_DEMONSTRATION
a strike was observed in Balochistan against the killing of the three Baloch leaders.in turbat protesters became violent when law-enforcement personnel tried to disperse them. They threw stones at security men and burnt down two bank branches in a commercial area.,VIOLENT_POLITICAL_DEMONSTRATION
At least 12 people were killed and 30 others were injured when a suicide bomber blew up his explosive laden vehicle near a checkpost on the Pishtakhara intersection after a police man stopped him from entering the intersection.,GUERILLA_ATTACK_ON_GOV_FORCES
Syed Ramazan Shah was found dead in his rented house. He was killed with an ice pick and the room was ransacked. The motive behind the crime was not known. ,ASSASSINATION
A man was killed and several others were injured in an armed clash between the Ajmal Dogar group and the Afzal Chadher group over a previous land dispute.,RIOT
Unidentified persons snatched a Land Cruiser jee and later it was set on fire at the Nishan-i-Haider Chowk in Orangi.,TERRORISM
"An anonymous caller warned the police of a bomb planted at the district courts. The police, who searched the premises and foung nothing, termed it a hoax. However, the caller was successful in spreading panic amongst the lawyers and litgants.",THREAT_OF_VIOLENCE
"Following a tip-off that militant commander Wahid Jalal was present at his den, district police conducted a raid which led to a severe exchange of fire. Following the exchange the militant commander and 22 other suspects were arrested. ",GOV_ATTACK_ON_NONSTATE_COMBATANTS
"Two armed men on a motorbike opened fire on policemen, killing one and injuring another. Head constable Abdul Wahid  was killed and constable Nasurullah was injured. ",ASSASSINATION
"Two men of rival groups were killed in a clash that took place at Chak 184 GB in Toba Tek Singh, over an old tribal enmity that reportedly started during independence.",RIOT
"A journalist of the Express new channel, Muhammad Ibrahim Khan, was shot dead while he was going to his village.",ASSASSINATION
The bodies of four policemen killed by kidnappers were found by Nasirabad police. A spokesperson for the Balochistan Liberation Army had informed journalists that the group had killed four more policemen who had been kidnapped along with other police personnel and labourers from Chattar area. The BRA gave a deadline of 48 hours to the government to release detained Baloch leaders and workers and threatend to kill more policemen if the demand was not met.,ASSASSINATION
A member of TJP was gunned down by three armed assailants in Chishtian town on Friday,ASSASSINATION
"three hours after the blast in Khyber Bazaar, hand grenades were hurled at a police post in Wazirbagh.",CONVENTIONAL_ATTACK_ON_GOV_FORCES
Traders staged a demonstration against the killing of a trader by armed men in Quetta due to which they were lathi charged and teargassed by the police on Thursday.,VIOLENT_POLITICAL_DEMONSTRATION
"Two armed men on a motorbike shot and killed Roedad Khan, area leader of the ANP while he was sitting with a friend outside a general store. His friend also sustained bullet injuries.",ASSASSINATION
A remote controlled bomb was detonated at a development site in Arabi Tela where an international construction company was carrying out work. Machinary at the site was damaged but no loss of life was reported. ,TERRORISM
A bus of route 4-J (JA-1105) was set ablaze in front of Kharadar Police Station.,VIOLENT_POLITICAL_DEMONSTRATION
"Khalid Khan, who was associated with the ANP, was shot and killed by armed motorcyclists while he was sitting outside with his friends. ",ASSASSINATION
The Rangers were attacked by armed men which led to a clash in which one of the assailants was killed an assistant sub-inspector was wounded. 3 suspects were detained as well. The Jafria Alliance Pakistan (JAP) and Majlis-i-Wahdat-i-Muslimeen claimed that it was the Rangers that initiated the violence by attacking the mourners returning from a funeral. The youths involved in the clash belonged to the Shia sect. ,VIOLENT_POLITICAL_DEMONSTRATION
A white Suzuki blew up near the Novelty cinema on Nishter Road. According to officials a 200 gram explosive device was planted in the rear. No casualty was reported. ,TERRORISM
a man killed his mother and neighbour on the pre-text of karo-kari. He opened fire on them as his mother was talking to the neighbour at the door of her house.,ASSASSINATION
"The occupants of a Suzuki car opened indiscriminate firing in Unit No: 8, 9, 11. They also hurled firecrackers in Timber Market and Gahushala area. No one was injured or arrested.",TERRORISM
Two people were shot down in the Kabal tehsil of Swat district. One of the dead was a prayer leader well known to be an anti-Taliban.,TERRORISM
"Zar Din of Mehmand Agency had a land dispute with one of his relatives, Ghaffar Khan, who then shot Zar Din dead in his house in Satellite Town.",ASSASSINATION
An electricity pylon was blown up in Dagorak area of Charbagh causing disruption in power supply.,TERRORISM
Syed Abbas was gunned down while he was standing at a bus stop. (See note),ASSASSINATION
A student affiliated with a religious organization was shot dead and his lawyer injured whne unidentified gunmen barged into his lawyer's chamber.,ASSASSINATION
"Four rockets were fired into Sui. One hit and destroyed the tower that supplies drinking water to the Sui Gas installations. Another hit the iron grill of the Pakistan Petroleum Limited, causing some damage to the office building. Two rockets hit a field and no casualties were reported. A senior official of the Sui administration stated that they did not have any idea as to the identity of the attackers. ",TERRORISM
A 30 year old woman and her 32 year old brother-in-law were shot dead  allegedly by the former's husband at a family function. The family claimed that the murders were a result of a long-standing monetary dispute while the police suspected an 'honour killing' case.,ASSASSINATION
Sunni Tehrik (ST) called for a country-wide strike. Mohammad Ali was seriously wouned when unidentified people fired on a minibus in Korangi.,VIOLENT_POLITICAL_DEMONSTRATION
"A second clash occurred here in one day. This time, an exchange of fire between PPP and MQM activists was reported. However, the TPO denied occurrence of this incident. This incident took place during the by-elections for 3 NA seats and 1 PA seat.",RIOT
"militants blew up 14 shops, most of them CD centres in a series of explosions at three main markets of Hakeemabad. The first blast occoured in Qurban Khan Plaza. The second blast took place at Fawad market. The third took place in Nowsherwan Market. Unidentified masked men coordinated this series of blasts.",TERRORISM
"Two students, who were on their way to school, were killed when unidentified men opened indiscriminate fire on them. The incident took place next to a Levies checkpost but the security personnel did not chase the assailants who fled. ",ASSASSINATION
Two men killed their 60 year old mother on the pretext of karo-kari in Kokrani village of Larkana. Later one of them stated that she was innocent. The main reason for killing her could not be known.,ASSASSINATION
"Mudassir Ahmed, who was associated with the Ahl-i-Sunnat Wal Jamaat (Formerly known as SSP), was targeted on 08-Aug-10. The incident was not reported before this paper. ",ASSASSINATION
"The body of a worker bearing injury mrks from a sharp weapon, was found.",ASSASSINATION
A protest demonstration was staged  by the traders of Beadon road against increasing dacoities. They blocked the road by burning tyres etc.,VIOLENT_POLITICAL_DEMONSTRATION
One person was injured in the Chahi village as the Indian shelling continued from across the LoC.,ATTACK_ON_STATE
A boy was killed and several others were injured in a clash between Frontier Constabulary personnel deployed at United Nations Commision for Refugees Thuthi Saidan in Islamabad on Thursday,VIOLENT_POLITICAL_DEMONSTRATION
An unidentified body was found in New Karachi.,ASSASSINATION
"A gas pipeline was blown up from two places near Kashmore by unknown sabotuers. Their intentions for doing so were not known. A gas pipeline of Loti gas field was also targetted, along with a water pipeline supplying water to Uch gas field.",TERRORISM
"Three children were injured when a bomb in the shape of a toy exploded, according to the Home Department. ",TERRORISM
A man belonging to the Mahar tribe was killed in the Moli Dino village as part of the on-going dispute between the Mahar and Jatoi tribes.,ASSASSINATION
"Several journalists were attacked when armed men disguised at KESC officials entered the Karachi Press Club, thrashed them around and fled. ",TERRORISM
"One person was shot dead and three others injured in an exchange of fire between two rival groups in village Kurralki Minara. Hafiz and Sadiq group had an old enmity over a piece of land. Hafiz, along with three accomplices, attacked Sadiq's house, who retaliated. ",RIOT
tribesmen fired nine rockets at FC checkpost in Dera Bugti Area. No loss of property or casualties were reported however.,TERRORISM
Two activists o MQM suffered bullet injuries whereas offices of the sindh peoples students federation and two union council niab nazims were torched and ransacked as violence erupted in the wake of the custodial death of a man. ,RIOT
"A mob on Empire road attacked the anti-encroachment staff of Larkana Municipal Corporation while they were demolishing illegal constructions. An anti-encroachment inspector, Gul Muhammad Gaad, was injured in the attack. The angry mob comprised mostly of shop keepers who burnt tyres and pelted stones at the anti-encroachment staff.",VIOLENT_POLITICAL_DEMONSTRATION
"militants killed a man after accusing him of spying for the US forces in Afghanistan. The body of afghan national, Jalendhar was found. A note was found on his bullet riddled body which said that he was spying for Americans and asked people to let the body remain there till 2pm.",ASSASSINATION
"A young boy, Muhammad Hussain, allegedly murdered his sister, Hamida Bibi, on 'suspicion of illicit relations with another man'. ",ASSASSINATION
 Sources said that two militants identified as Aziz and Bacha were injured during exchange of fire with security forces in the Daggar area of Buner.,OTHER
Taliban attacked three army vehicles near Wana bazaar. 2 soldiers were killed while 7 others were injured.,GUERILLA_ATTACK_ON_GOV_FORCES
"militanst fired three rockets at a security post, however the rockets missed the target. One of the rockets landed near a basic health unit and the second at a governmnet high school building. ",GUERILLA_ATTACK_ON_GOV_FORCES
"A local leader of PML N, Deedar Ghangro, was killed in Ratodero by unidentified gunmen who stopped his car in Bappar Mohallah.",ASSASSINATION
following the killing of the baloch nationalist leaders violence continued in Balochistan. Six people were injured in a grenade attack.,TERRORISM
"Bashir Ahmed Shah, a resident of Larkana was found with a bullet injury in a stolen car. He later died in the hospital. The reason behind the killing is not known.",ASSASSINATION
"Some militants, allegedly belonging to the Bugti tribe, severely beat up personnel of Levies , who were on a patrol duty in the area.They also snatched their weapons and fled.",OTHER
"scores of youth appeared in groups in Aath Chowk and confronted with police. They blocked roads, lit bonfires and pelted police and private vehicles with stones.",VIOLENT_POLITICAL_DEMONSTRATION
"In an armed clash at a polling station in Sohawa, 6 people were injured and were taken to the District Hospital. ",RIOT
"enraged members of the JSQM damaged several cars and set 6 vehicles on fire in the wake of the death of their collegue in an attack on a JSQM rally. The official car of the district naib nazim Zafar Rajput was fired upon and a bus of Lakhra fire house was completely burnt. in Thatta they blocked the National Highway, torched tyres and pelted stones at passing vehicles.",VIOLENT_POLITICAL_DEMONSTRATION
"A convoy on its way to kashmore was attacked by armed attackers. They opened indiscriminate fire and a bomb planted on the side of the road also exploded, blowing up one vehicle. The FC forces retaliated but the attackers escaped.",CONVENTIONAL_ATTACK_ON_GOV_FORCES
An automobile was set ablaze in a clash between two student groups in Tilak Incline on Sunday.,RIOT
"Militants blew up a dispensary in Khadi village, destroying the building completely.",TERRORISM
A person was shot dead by unidentified men in banana orchard in Tando Muhammad Khan on Monday.,ASSASSINATION
"At least 20 people, including five policemen, were injured in a clash between National Students Federation supporters and the city police.  Police said that NSF activists attacked the city police station and damaged public property. Their reasons for attacking the police station were not stated.",VIOLENT_POLITICAL_DEMONSTRATION
"A student was injured when rival student groups exchanged fire at the Murray College, Sialkot. ",RIOT
A suspected Al Qaeda operative was killed and his two accomplices were captured in an operation at Bhatti Colony in Lahore. The operation was launched by an intelligence agency when they surrounded a house in the colony. The inmates hurled hand grenades and opened fire and the Pakistan Elite Force had to be called. Exchange of fire continued for two hours. Two Elite force officials and two agency personnel were injured.,GOV_ATTACK_ON_NONSTATE_COMBATANTS
"Enraged people set the MQM's unit office and a shop on fire, along with three vehicles and disrupted traffic in protest over the killings that had taken place in a clash between the Sunni Tehreek and MQM on 9th November, 2004.",VIOLENT_POLITICAL_DEMONSTRATION
"A person was shot down by unknown assailants in Ranchhore Lines on Wednesday. Although his family denied, but police claimed that he had political affiliation.",ASSASSINATION
An angry mob attacked a police station in Pak Colony area after a bullet riddled body of a boy arrived at the hospital.,VIOLENT_POLITICAL_DEMONSTRATION
IJT activists held protest demonstrations in front of several mosques against the US attacks on Afghanistan. They burnt effigies of President Gen Musharraf and US President Bush. ,VIOLENT_POLITICAL_DEMONSTRATION
"Iqbal, a farmer, was on his way to his village on a motorbike when two armed men opened fire at him. He died on the spot. ",ASSASSINATION
A rangers's official was killed in an encounter between the rangers and outlaws belonging to the Bugti areas.,CONVENTIONAL_ATTACK_ON_GOV_FORCES
tribesmen fired several rockets at FC checkpost in Karmo-Wadh area. One FC personnel was killed in the attack . Blochistan Liberation Army has claimed responsibility of the attack.,GUERILLA_ATTACK_ON_GOV_FORCES
The Malakand Levies baton charged a student procession to protest against the imposition of emergency by Musharraf.,GOV_ATTACK_ON_CIVILIANS
"A car bomb exploded in a market, killing 10 people and injuring 26 others. It was claimed that the intended target was the nearby Badbher Police Station but the terrorists could not reach it which is why the bomb exploded in the middle of the market, destroying 10 shops and a restaurant and causing damage to 7 other shops. ; Follow-up: Police claimed that they had found evidence that 4 Taliban commanders were responsible for planning the blast. ",GUERILLA_ATTACK_ON_GOV_FORCES
A military vehicle hit a roadside bomb near the Brigade Headquarters killing four soldiers and injuring three others.,GUERILLA_ATTACK_ON_GOV_FORCES
"A remote-controlled IED placed on a main road was detonated when a car, containing two elders (Malik Zahirullah and Malik Mohibullah) and 4 'volunteers', was passing by. The two elders were killed while the volunteers were injured. The two elders had played a big role in raising the Salarzai Qaumi Lashkar which helped security forces fight militants. ",ASSASSINATION
"In reaction to the demolition of Babri Mosque in Ayodhya, angry mob led by JUI MPA attacked the Hindu Temple in Loralai and set it ablaze on Tuesday.",VIOLENT_POLITICAL_DEMONSTRATION
A policeman was shot dead by five armed assailants in Khairpur Nathan Shah on Monday,CONVENTIONAL_ATTACK_ON_GOV_FORCES
A member of the Tehrik-i-Taliban Pakistan attempted to throw a hand grenade at a convoy of the security forces near Sheikhan Pul but was intercepted and shot dead by the troops. A chit was found on him which had instructions about an attack on the security forces.,CONVENTIONAL_ATTACK_ON_GOV_FORCES
"Three persons were injured when a powerful bomb went off at Madina Photo Studio in the Dhok Elahi Baksh Area. The photo studio owner lost his leg and two other boys sustained multiple injuries as well. According to the owner, three men in their forties had come to get their photograph taken and left a polythene bag in the shop, excusing themselves to get a shave before the picture. As soon as they left the bomb went off, bringin the building down. Police termed it an act of terrorism.",TERRORISM
seven tribes men were injured when their vehicle hit an explosive device planted on the road.,TERRORISM
12 militants and 2 security forces personnel were killed in a clash when militants attacked a base of security forces.,CONVENTIONAL_ATTACK_ON_GOV_FORCES
"At several places in Lahore city, PML workers pelted stones and damaged seven vehicles as part of the wheel-jam strike.",VIOLENT_POLITICAL_DEMONSTRATION
Two persons were wounded in the Nabibaksh area when an explosive device went off.,VIOLENT_POLITICAL_DEMONSTRATION
Villagers killed six members of a militant group in Dara Shalbandi in Buner.,ASSASSINATION
"Following the assassination of Raza Haider, a police vehicle was attacked leaving 3 policemen injured. ",VIOLENT_POLITICAL_DEMONSTRATION
A woman was killed while three others were injured due to Indian shelling along LoC on Friday,ATTACK_ON_STATE
An elderly woman and a young boy were killed and three others were injured in the Mera village in bhimber as the Indian shelling from across the LoC continued.,ATTACK_ON_STATE
A vegetable vendor was wounded by 'sniper firing' at Hali Road vegetable market. Some sources claim he was injured in firing by the police. ,VIOLENT_POLITICAL_DEMONSTRATION
"Militants were firing mortar shells at an army camp in Khyber when one shell landed in a house, killing a little girl and injuring 3 others. ",GUERILLA_ATTACK_ON_GOV_FORCES
A bomb exploded and injured two children. No further details were given.,TERRORISM
"Bashir Malah, an employee of the Highway Department, Sargodha, hacked his sister to death before setting her dead body on fire. The reason for the incident is stated to be the woman's decision to marry someone against the will of her parents and her brother about 7 years ago. ",ASSASSINATION
A sub-inspector of the CIA police was shot dead near Dehli Muslim Hotel in North Nazimabad while he was on his way to his office in a taxi. ,ASSASSINATION
Unidentified men attacked the Ajmer Nagri police station by firing three rockets from nearby residential areas. According to the police a portion of the roof of a nearby mosque was damaged and a constable was injured. ,CONVENTIONAL_ATTACK_ON_GOV_FORCES
A 50-year old man was injured in firing by unidentified people.,TERRORISM
Border Military Police and some local politicians are suspected of creating trouble for a foreign based company which is constructing a canal. The Central China Power Group International company's tanker hit a landmine injuring the driver and his helper.,TERRORISM
4 people were killed and 5 were injured when Indian forces fired on villagers in the Athmuquam area.,ATTACK_ON_STATE
The body of an unidentified woman was found in a drain. The body was tied up with ropes and bore marks of violence. ,ASSASSINATION
"a girls' high school was blown up, damaging the building. No casualties were reported.",TERRORISM
"in another incident on the day of protests/riots against Nawab Akbar Bugti's killing. Police constable Haq Nawaz was killed after unidentified men opened fire at him near Sariab police station. Sabir Ali, a cameraman was beaten up by protesters who snatched his camera and mobile in Sariab Area. ",VIOLENT_POLITICAL_DEMONSTRATION
The bullet riddled body of an unidentified young man was recovered from a forest near village Khandowa. ,ASSASSINATION
Rockets were fired from Fazil Chal hills in Kohlu which exploded near a camp of the Frontier Corps. No casualty or losses were reported,GUERILLA_ATTACK_ON_GOV_FORCES
"Police went on a state of high alert after three power pylons of the Water and Power Development Authority were blown up in different parts of Gadap town. Police sources said that two more bombs had been placed at the foot of another tower, about four kilometres away. These bombs did not go off.",TERRORISM
Two policemen and two prisoners were killed and 2 policemen were injured when a police vehicle carrying 5 prisoners was ambushed by assailants. One of the prisoners escaped with the assailants.,CONVENTIONAL_ATTACK_ON_GOV_FORCES
Angry demonstrators encircled the CIA office to protest against the the CIA for allegedly torturing Allah Dita to death. The police resorted to 'mild' baton charge and tear gas in order to disperse the mob. ,VIOLENT_POLITICAL_DEMONSTRATION
Armed men shot Gul Hassan Makrani to death in Makrani Oara.,ASSASSINATION
A teenage girl was axed to death by her uncle in lal Pitafi village on the pre text of karo-kari.,ASSASSINATION
1 person was murdered by unidentified men in Chak No 261 RB on Monday.,ASSASSINATION
It was reported that 3 explosions and rocket blasts left 3 people dead and 4 injured. The deceased included two Afghan refugees. No details of the blasts are given. ,OTHER
The body of an unidentified middle aged man was found in Iqbal Park. The body had marks of violence on it which suggested that the man could have been strangled.,ASSASSINATION
An unidentified body was found from Mominabad.,OTHER
"Six powerful blasts rocked different areas of Bara tehsil. Officials insisted that the explosions were aimed at creating harassment in the area but local people said they had found letters at blast sites “heralding” the arrival of the Taliban in Bara. The letter said the local Taliban had no enmity with any individual or a religious organisation, but warned of strong resistance if anybody tried to harass or arrest them. It said the blasts were a warning to people in Bara who had shed the blood of Pakistani and Afghan “mujahideen”. The explosions, however, caused no damage to life and property.",TERRORISM
Muhammad Saleem was stabbed to death by his four brothers over a property dispute. No arrests were made.,ASSASSINATION
"Abdul Sattar, Ishaque, and Alam Kapri allegedly attacked and wounded Allah Bukhsh",ASSASSINATION
"armed men gunned down a traffic police head constable, Nazar Hayat, in Sariab area.",ASSASSINATION
"A jirga was being held in Battan Sharif Kalley in the remote Tirah valley to resolve a land dispute. However, the two rival groups opened fire on each other killing eight persons and injuring eight others.",RIOT
"Indian forces used light and heavy machine guns to fire on villages in the Sialkot working boundary's Chhumb, Jooriyan, Bajwat, Chaprar, Jammu, Saamba, Akhnoor and Zafarwal-Shakargarh-Narowal sectors.",ATTACK_ON_STATE
Sources stated that militants planted explosives at the building of a primary school for boys in Tatan area. The building was completely destroyed in the explosion.  No casualty was reported.,TERRORISM
A policeman was shot dead on airport road in Quetta. BLA has claimed the responsibility of the assassination.,ASSASSINATION
"A bomb explosion caused damage to the outer wall of a recently established checkpost at Charwazai, however, the Khasadars posted there remained unuhrt. ",GUERILLA_ATTACK_ON_GOV_FORCES
The brother of an outlaw was flogged on the orders of the Bara peace committee for his alleged involvement in an attack on its naib amir,OTHER
"Some unidentitifed men shot at Ghulam Abbas, injuring him and escaped. He later died due to his wounds. ",ASSASSINATION
A bomb exploded in University Town area on Wednesday due to which one person was injured and caused damage to two Suzuki pick-ups.,TERRORISM
A person was shot dead by unidentified assailants in Federal.B.Area on Friday.,ASSASSINATION
Two armoured vehicles of Nato were damaged when a group of people set a trailer transporting them tp Afghanistan on fire at maripur truck terminal.,TERRORISM
Wapda's two main electricity poles were badly damaged in two  bomb blasts. The blasts took place near to the Chenab Rangers' post called Patoli and also damaged it as well as a couple of acres of standing wheat crop.,TERRORISM
A man was killed by two people for an unspecified reason. The police rrested the accused men.,ASSASSINATION
four people were injured when a mortar shell hit their house.,TERRORISM
"A terrorist plot foiled after two indigeniously made bombs are found at the roadside in Tajpura area, Lahore. ",TERRORISM
"A car suicide attack tore through a crowded area surrounded by banks, shops and a wedding hall. The suicide bomber, sitting inside the vehicle, first hurled a hand grenade and then detonated himself and the car. The explosive material used is estimated to be around 100 Kg.  The target of the attacl was assumed to be an Askari Bank branch, operated by Army Welfare Trust. Followup: the death toll of the blast rose to 12 as two of the injured passed away.",TERRORISM
"Five persons, including 2 security persons, were killed and a number of others injured as a result of exchange of fire between Mohmand Rifles and the tribesmen in Meerokhel village. The Mohmand Rifles were conducting a search operation to clean up the area off arms and amunition. The tribesmen retaliated on grounds that their village did not fall under the Pakistani administration, and hence the security personnel had no right to conduct raids there.",CONVENTIONAL_ATTACK_ON_GOV_FORCES
"Four militants were killed and ten others were injured in an air attack on Taliban hideouts in the villages of Mishto mela, Ghunda Mela and Ghiljo. Two camps were also destroyed. ",GOV_ATTACK_ON_NONSTATE_COMBATANTS
Two motorcyclists were shot dead by armed persons in Alif Katcho on Saturday,ASSASSINATION
An unidentified man was gunned down. No further details given.,ASSASSINATION
Two rockets were fired in Kohlu that could not reach their target.,OTHER
three soldiers were injured when a military truck was hit by an explosive device in Soor Bagh area.,GUERILLA_ATTACK_ON_GOV_FORCES
"A mother and her daughter were killed by Muhammad Khan Khoso, relative of the deceased. The murderer killed Parveen on suspicion of her having illicit relations with a man who was presently in jail. Parveen's mother was also shot dead when she tried to save her.",ASSASSINATION
"A suicide bomber, who was allegedly making his way towards a security convoy, exploded prematurely near a bus terminal killing at least 5 people and injuring 58. 7 vehicles and 12 shops were destroyed. ; Follow-up: One of the people injured succumbed to his injurise on 15-Jul-10.",GUERILLA_ATTACK_ON_GOV_FORCES
"The body of a young man was found, in an isolated place, with gunshot wounds to the head and chest. ",ASSASSINATION
"Syed Mohsin Abbas, who was the brother of slain PML-N MNA and of a former district naib nazim, was killed when he stopped at a petrol pump and assailants in another car opened fire. Former councillor Mirza Mohammad Aslam, who was accompanying Mohsin Abbas, was also killed along with two other people who were at the petrol pump.",ASSASSINATION
"Unidentified gunmen opened fire on a GTS bus between Herichand and Umarze villages, killing two and injuring eight others.",TERRORISM
A Head Constable was killed and three others injured in firing form a moving vehicle.,TERRORISM
"A coaster full MQM (altaf) activists was hijacked allegedly by memebers of MQM (Haqiqi). They beat up the passengers, after which the attackers fled.",TERRORISM
The main railway line linking quetta to the rest of the country was blown up by a powerful local made bomb. The railway service was affected for several hours until the track was repaired.,TERRORISM
Two persons were killed and five suffered injuries in fierce clashes between Magsi and Jamali tribesmen. Tribesmen killed were identified as Haji Khan Magsi and Ali Baksh. Firing continued till late night.,RIOT
"3 men were killed and 8 others were injured in a clash between two groups of tribesmen, the Rind and Lahri, at the cattle market.",RIOT
A man was killed and two others were injured when a tractor hit a landmine in the Chamalang area. ,TERRORISM
At least two people were injured in a clash between All Pakistan Muttahida Student Organization and Islami Jamiat Talba in University of Karachi. Ranger deployed at University of Karachi resorted to light baton-charge and use of tear-gas to control the students.,RIOT
A man was injured by Indian firing across LoC.,ATTACK_ON_STATE
"Following recent pitched pattles between a group of Arab militants and local tribesmen, about 5000 tribesmen attacked the Arabs, forcing them to flee to neighbouring Afghanistan. Mohammad Abdullah Arrefai, who was the leader of the militants, was killed while 10 militants and 4 women were captured. The two groups have been clashing recently. (See Note)",RIOT
"Khurshid Khan, a prominent landlord of the area was killed by three men from his village over an irrigation water dispute.",ASSASSINATION
"a man and a woman were killed on the pre-text of karo-kari in the Arbab Shaikh village, Gambat taluka. The father of the deceased woman lodged a FIR against Sardaruddin Shaikh.",ASSASSINATION
"Two armed motorcyclists went to a shop and asked the employees to pull the shutters down. When the motorcyclists were told that the shopowner was away and that the employees could not close the shop they opened indiscriminate fire, damaging shops and a pick-up. ",TERRORISM
"The Pak-Afghan Defence Council called a strike in protest against the US-led attacks on Afghanistan. Protesters gathered from localities such as Jalalabad, Aurangabad, and  Nazimabad No. 3, they burnt tyres and clashed with the police and Rangers. The law enforcement agencies were trying to disperse the crowd and prevent them from heading towards the Nazimabad petrol pump intersection. They lobbed teargas shells, fired in the air, and chased the protesters in the streets. There were four people wounded.",VIOLENT_POLITICAL_DEMONSTRATION
"One person was killed and three injured when security personnel(khasaadars) opened fire on protesters protesting against power loadshedding.In protest tribal women, blocked the Jamrud road and burnt tyres.",VIOLENT_POLITICAL_DEMONSTRATION
A person was killed and another was injured when unknown assailants opened fire on two motorcyclists in Gilgit on Monday. Authorities claimed that attack was sectarian(Between Shias and Sunnis).,ASSASSINATION
"An activist of a banned sectarian organisation (Sipah I Sahaba) was shot dead by unknown assailants in Clifton, Karachi.",ASSASSINATION
"Mubarak Afridi, a resident of Karachi, was found dead in his hotel room. He had been living there since 20-May. ",ASSASSINATION
"The Afghan militia threw over 4 mortors at the Tora Bara Security checkpost that landed 200 metres from the checkpost. They also were firing at the checkpost, but there have been no reports about the loss of life or property.",ATTACK_ON_STATE
3 security personnel were injured in a landmine explosion along a road while they were on patrol. ,GUERILLA_ATTACK_ON_GOV_FORCES
"Abdul Latif Shahwani, who was a district office-bearer of the BNP-M, and another BNP party worker were attacked and killed by armed motorcyclists. The BNP-M termed it a targeted killing.",ASSASSINATION
5 militants were killed in a clash between them and security forces in Swat on Sunday.,GOV_ATTACK_ON_NONSTATE_COMBATANTS
A group of students attacked the Nusratul Islam High School and broke its window panes and doors. Later the students hurled stones and bricks on the shops that were open. Police resorted to mild baton charge to disperse then. The incident occurred when there were mass protests throughout the city condemning the terrorist attack on a mosque which claimed 21 lives.,VIOLENT_POLITICAL_DEMONSTRATION
"At least 10 people, including two women, were injured in a clash between two groups of people. Reports said Christian residents of the village wanted to hold a ceremony outside the church, which a group of 30 people, led by Irshad Fouji and Abdul Jabbar, allegedly tried to stop. Upon the organizers' refusal to stop the preparations, the group of people attacked the Christians, injuring 10 of them. The police allegedly tried not to file a report against the perpetrators because they were of influential backgrounds, ",RIOT
"According to Agha Sher Ali, resident of Ali Raza Bagh, his son was shot dead in a vacant plot near their house. He denied it was due to a personal enmity. ",ASSASSINATION
A military convoy came under fire in jandola. No more details available.,CONVENTIONAL_ATTACK_ON_GOV_FORCES
The dead body of a man was found in Lytton Road area on Tuesday,OTHER
"Shamoon, a barber by profession, shot his two sisters at their home for 'honour'. ",ASSASSINATION
A person was shot dead by unknown assailant within the jurisdiction of secretariat police station on Saturday,ASSASSINATION
"a girl was shot dead by her brother, Manzoor Ahmed Sandrello, in Ali Sanderlo village in Moro. The girl wanted to marry a boy of her choice.",ASSASSINATION
Militant groups of Lashkar-i-Islam and Ansaarul Islam braced for a showdown and fortified their positions in Sedak area. Both groups established their positions and gathered supporters to prepare for a possible encounter. It was also learnt that the Zakakhel tribe has announced raising an armed band of 200 men to support Lashkar against its opponents in Tirah. ,THREAT_OF_VIOLENCE
The body of an unidentified youth was found.,OTHER
"Jewellers Association Faisalabad organized a demonstration, where they blocked the main road and burnt tyres to protest against the police's failure to arrest the robbers who looted gold worth Rs 48 million from a jeweller. ",VIOLENT_POLITICAL_DEMONSTRATION
Two workers of the SSP were murdered when unidentified men opened fire on them in Gilmala village while they were on their way back from a Qul ceremony.,ASSASSINATION
"A young man was shot dead in Bantwa Nagar, Liaquatabad by unknown persons.  SSP central stated that the motive behind the killing could not be known as the deceased political affiliation could not be established. ",ASSASSINATION
4 Rangers personnel were kidnapped and killed by unknown assailants. (See Note),CONVENTIONAL_ATTACK_ON_GOV_FORCES
"An activist of Mohajir Qaumi Movement who was an MQM-H sector in charge of Model Colony, Yameen Sikandar -resident of Mohammadi Colony, Khokhrapar. According to the autopsy, he had suffered internal injuries and had rope marks around his wrists.",ASSASSINATION
Iqbal Nabil Khan was found dead in his house. His head had been hit with a sharp weapon. He was the driver of a coach,ASSASSINATION
"Boota Masih was stabbed to death by four people, inlcuding two women. Further details not given.",ASSASSINATION
2 passers by were injured when a bomb planted outside a PTCL office in Kalat went off. 2 people were injured and slight damage to the building and other structures was reported.,TERRORISM
"Unknown miscreants planted an improvised explosive device at the door of Burhan CD shop. After the blast, the shop was partially damaged and the window panes of the nearby shops were damaged.",TERRORISM
The bullet-riddled body of a militant commander in the Kalam area of Swat was found.,OTHER
"a bomb exploded at the clinic of Dr. Farooq Haider, the Chairman of his faction of Jammu and Kashmir Liberation Front, in Rawalpindi Cantonment killing 10 and injuring 30 others. Dr. Haider held held the Indian Intelligence Agency RAW responsible.; three Indian agents have been arrested for the bombing.",ASSASSINATION
"During the second phase of the operation Brekhna (lightening), security forces, backed by helicpoter gunships, warplanes and artillery pounded militant hideouts in Suran Darra, Musakhel, Bahadar Kalley, Matai, Shinwari, and Ghalingar areas of Bezai and Safi tehsils. Administration officials said that 50 militants were killed and several others injured as air strikes destroyed hideouts. Four security personnel were killed and several injured during clashes with militants. ",GOV_ATTACK_ON_NONSTATE_COMBATANTS
a security personnel was killed and four personnel were injured when an FC vehicle patrolling the area around a gas installation hit an anti-tank landmine. The Baloch Republican Army claimed responsibility for the incident.,GUERILLA_ATTACK_ON_GOV_FORCES
A clash between Lakhan tribe and Wallan tribe left 3 Lakhan tribesmen dead and 1 injured. The clash was the result of a dispute over the possession of some agricultural land. ,RIOT
"4 missiles fired by US drones targeted a vehicle and a compound, kiling 12 militants. 9 militants were Afghan while the rest were Pakistani. Among the dead was an 'important militant commander' from Khost province of Aghanistan. ",DRONE_ASSASSINATION
A man was arrested with a TT pistol after a police party came under a firing attack. No further details were given.,CONVENTIONAL_ATTACK_ON_GOV_FORCES
"As part of the on-going protests against the Islamiat curricula for primary and secondary schools in Gilgit, hundreds of primary and secondary school students staged protest rallies on the third consecutive day and created hurdles and burnt tyres on roads. No loss of life or injury was reported. 16 students were reportedly arrested.",VIOLENT_POLITICAL_DEMONSTRATION
"TTP militants blew up the only telephone exchange in Darra Adamkhel, suspending all PTCl phoneline connections in the area. ",TERRORISM
"A coal mine blast left 5 miners dead and another 6 injured. The labourers were busy in their routine excavation work when the blast took place. It was mentioned that the mine holder, Jan Ali, was issued a warning a day earlier to stop work at the mine but he did not comply.",OTHER
2 person were killed and 3 were injured when the rivals belonging to Zardari tribe opened fir on them in Nawabshah Taluka on Thursday.,RIOT
"Twenty-sxi pilgrims were killed while another eight were injured when armed men intercepted their bus on its way to Taftan. They ordered them to disembark, lined them up, checked their ID cards and opened fire. Most of the dead belonged to the Hazara tribe. Soon after, armed men killed three other people who were in an ambulance on their way to take the injured to Quetta. The Banned outfit Lashkar-i-Jhangvi claimed resposibility for the attacks.",TERRORISM
"A girls school buiding was blown up in Tangi village, Salarzai.",TERRORISM
The bomb disposal squad diffused 9 grenades planted by militants under a bridge that is frequently used by police and the general public. ,TERRORISM
Three persons allegedly shot and killed a doctor at his home.,ASSASSINATION
"some relatives of SSP Mehr Zafar Abbas Luck, tried to occupy land on Rakh Branch Canal where a new wagon stand is being constructed by the Faisalabad Municipal Corporation on Irrigation Deparment Land. The PRO of FMC pulled down the structure raised by the relatives of the SSP. this land grabbing incident was taking place between two political families of the Punjab.",OTHER
"One, Daim Langarial was allegedly shot dead by Zafar, resident of Chak No. 58/KB over an old land dispute when the 2 groups exchanged fire. Noor Mohammad was killed in the crossfire and 2 other people were injured.",ASSASSINATION
"One paramilitary soldier was killed and three others wounded when a bomb exploded near the Banda Post. The soldiers were fetching water from a nearby spring when the bomb went off. The Gul Bahadar Group, which has alliance with the group of Baitullah Mehsud, claimed responsibility for the attack.",GUERILLA_ATTACK_ON_GOV_FORCES
Video cassettes and CDs were set on fire in a campaign against obscenity in the Karkhano Bazaar. The government officials ordered police officials to confiscate all such materials and destroye them.,VIOLENT_POLITICAL_DEMONSTRATION
Students belonging to PSF held a violent protest aginst the desecration of Babri Mosque in India by Hindu militants. When they tried to enter the court premises the police baton charged them and arrested the injured workers.,VIOLENT_POLITICAL_DEMONSTRATION
Two shops allegedly dealing with narcotics were destroyed and four others partially damaged in an explosion at a market in Salarzai tehsil. The two shopkeepers whos shops were blown up had received threats earlier to wind up their businese.,TERRORISM
"Around 3000 enraged labourers of contruction companies burnt offices, injured 15 officials and later threw traffic out of gear because they hadn't received their salaries.",VIOLENT_POLITICAL_DEMONSTRATION
A low-intensity explosive device was planted and detonated on the boundary wall of Shezan Factory. Two people suffered minor injuries. ,TERRORISM
"A roadside remote-controlled bomb planted in a garbage dump was detonated when a school bus was passing by. The bus was damaged, 1 teenage boy was killed while 5 other people, including the bus driver, were injured. The TTP claimed responsibility for the blast. ",TERRORISM
Three persons were injured when a cracker went off in Fun Land in the Clifton area of Karachi.,TERRORISM
Two soldiers of Frontier Corps were injured when their vehicle hit a landmine in Kahan tehsil of Kohly district.,TERRORISM
at least 4 people were killed and more than 13 others were injured when a group of unidentified men opened indiscriminate fire near Lal Masjid in Jhang. The police moved in and arrested more than 50 people belonging to different sects.,TERRORISM
"7 students were injured in Sindh Agriculture University Tandojam on thursday in a clash between Sindh Taraqqi Pasand students Federation, Sindh People's Student Federation and Baloch Students Organisation(Hayee Group) and Pashtoon Students Organisation as they were protesting against the VC of the university",VIOLENT_POLITICAL_DEMONSTRATION
Militants fired two rockets at FC Kotal checkpost near Darra. The security forces retaliated and targetted the militant hideouts in Darra Adamkhel. No casualty was reported from either side.,CONVENTIONAL_ATTACK_ON_GOV_FORCES
"Prisoners in the district jail started protesting when an inmate, Muhammad Alam Lund, suffering from acute renal pain was refused medical aid. The prisoners first all refused to have breakfast, and when the jail superintendent, Mr. Sadat Ali, approached, they attacked him and other jailers with pitchers and bottles. The law enforcement agencies resorted to heavy teargas shelling. The situation was finally under control when Muhammad Alam was taken to the hospital. ",CONVENTIONAL_ATTACK_ON_GOV_FORCES
"Pro-Taliban militants ambushed the vehicles of the top officials in Mir Ali area, killing a guard and injuring two others.",GUERILLA_ATTACK_ON_GOV_FORCES
A young man was found dead. Sammasatta police said an arm was found chopped. ,ASSASSINATION
strike observed to condemn the arrest of political party activists. The police opened fire on them.,VIOLENT_POLITICAL_DEMONSTRATION
"An old woman, Attiya, was allegedly shot dead by accused Tariq, who wanted to kill her son Attiq. He suspected that Attiq had provided information about him to the police. When the Tariq could not find Attiq, he killed his mother instead. It could not be determined from the report whether the accused had any political affiliations or not.",ASSASSINATION
An unidentified body with a bullet wound to the head was found in a parked taxi. ,ASSASSINATION
"local police resorted to baton-charge to disperse a group of farmers who were protesting against the closure of the Sarwala Distributory. It started from Dhobi Gat and terminated at Katchery Bazaar, where the protesters were baton-charged by the police.",VIOLENT_POLITICAL_DEMONSTRATION
"An injured man was shot dead in the DHQ hospital by his rivals over a land dispute. He had been attacked earlier but had narrowly escaped and was only left injured, some ten days back. However, the rivals came to his surgical ward and shot him.",ASSASSINATION
A vehicle of the Frontier Corps was destroyed in a powerful landmine explosion in PirKoh gas field area of Dera Bugti. ,GUERILLA_ATTACK_ON_GOV_FORCES
Gas supply to power and fertilizer plants in Punjab and Khyber-Paktunkhawa (NWFP) was suspended following a blast in main pipelines in Shahwali area of Rajanpur. The blast damaged a 30-inch piepline. ,TERRORISM
"The chief of Punjab Muslim Students' Federation, Rana Imtiaz was shot and injured in a targetted attack by five men who later escaped. He was shot in the college premises during a function to mark the death anniversary of a slaim MSF leader.",ASSASSINATION
"Taliban militants clashed with security forces during a join army and paramilitary search operation in Kohat. 17 militants were killed while one security man was injured. Arms, explosives and 8 suicide vests were also seized .",GOV_ATTACK_ON_NONSTATE_COMBATANTS
"Vice president of PML-J PP-198, Bao Farzand Ali was shot and killed by unidentified armed men. His friend Sultan Ahmed was also killed in the firing while another friend was injured. ",ASSASSINATION
"Two American diplomats working at the US consulate in Karachi were killed and another was wounded when their vehicle was came under attack by two unidentified men in a taxi, armed with AK-47 rifles who opened indiscriminate fire on each side of the vehicle, killing one man on the spot while injuring two others, one of whom later succumbed to her injuries. According to officials, it was an act of terrorism most probably carried out by the drug mafia to keep foreign investors away. ",TERRORISM
"a man, Pathan Mazari, shot dead his wife and her alleged paramour in Ghulam Qadir Mazari village",ASSASSINATION
"A US drone fired missiles at a house, killing 7 militants. ",DRONE_ASSASSINATION
"Armed men kidnapped 7 people of Masoori clan, including 2 women, after intercepting their vehicle. An enmity between the two clans resulted in their kidnapping.",THREAT_OF_VIOLENCE
Suspected militants fired four rockets from an unknown location which landed in agricultural farms and a drain in the limits of the Badbher police station. A police official said that the militants had tried to hit the Shahab Khel police post but missed the target and the rocket landed away from the post. He said the rocket was probably fired from Khyber Agency where security forces had launched an operation against criminals.,GUERILLA_ATTACK_ON_GOV_FORCES
Three people were killed in seperate incidents of shooting by unknown armed men. The police claim that the victims were fired at indiscriminately but the PPP claims that they were all party 'sympathizers' and were thus targeted. ,ASSASSINATION
A bomb exploded on election day in a congested area. One person was injured.,TERRORISM
A clash near Banoo town in the mirpur batoro tehsil between the supporters of PPP's and PPP-SB's candidates resulted in injuries to 19 persons. The incidnet occurred right after voting was closed and ten of the Chang tribe and nine of the Palija tribe were injured. ,RIOT
At least 20 students and a policeman were injured in a clash between  police and the Islami Jamiat Talaba during a demostration by the students for their movement for restoration of their rights. The students refused to disperse and used brickbats and the police were forced to resort 'lathi-charge' to control the situation.,VIOLENT_POLITICAL_DEMONSTRATION
A man was injured in a shooting incident in Brigade area.,TERRORISM
At least 12 suspected militants were killed when security forces backed by gunship helicopters and planes attacked the Taliban bunkers.,GOV_ATTACK_ON_NONSTATE_COMBATANTS
"2 policemen and 9 \terrorists\"" were killed in a joint operation by Police and Eagle Squad against suspected terrorists. The Operation continued for many hours and there was an exchange of heavy gunfire. The police cordoned off a large area. """,GOV_ATTACK_ON_NONSTATE_COMBATANTS
A man was killed outside the Sindhi Hotel in Liaquatabad.,ASSASSINATION
"Dozens of Jaranwala bar association members, led by president Shahbaz Haider, took out a rally and burnt tyres on the road before smashing the windows of the DDOR's office. They were demanding the immediate transfer of the DDOR. They claim that they had been protesting for 2 weeks but nobody had paid heed to the issue. ",VIOLENT_POLITICAL_DEMONSTRATION
"Riots broke out as protesters assembled in the Mohammad Gat area, the entry of Bajaur Agency, for a demonstration against the air strike on a seminary in Bajaur. Protesters ransacked public property, damaged a grid station and an under construction Khasadar post.",VIOLENT_POLITICAL_DEMONSTRATION
Rangers arrested two of the JSQM workers durng a protest demonstration against the arrest of the JSQM leader by the police. The police had to resort to baton-charge to bring the crowd under control. ,VIOLENT_POLITICAL_DEMONSTRATION
A man was kidnapped and killed in Orangi.,ASSASSINATION
"A clash between two student groups left Pervez Siddiqi, Jamal Leghari and Zulfiqar Leghari injured. Some students also resorted to aerial firing which spread panic in the area. However, police rushed to the spot and brought the situation under control. ",RIOT
gunmen shot a man dead in Kani Kot village when he was returning home with his wife.,ASSASSINATION
"Mustafa Mari, leader of SPSF(SB) was killed in an encounter in Qasimabad on Monday. Groups activists claimed that it was a fake encounter, however police claims exactly opposite to it.  As the original incident was not reported, details have been taken from this article.",GOV_ATTACK_ON_CIVILIANS
Hundreds of Anjuman Talba-e-Islam (ATI) and Sunni Tehrik (ST) activists took to Bainazir Bhutto Road to protest the killing of a religious scholar Maulana Dr Sarafaraz Ahmed Naeemi in a suicide bomb blast. The protesters chanted slogans and set tyres on fire. The rally was led by Shabab-i-Islami Ameer Maulana Mufti Hanif Qureshi. ,VIOLENT_POLITICAL_DEMONSTRATION
"fierce clash took place in Charbagh and Kabal triggering a massive exodus. Security forces used mortar, artillery and helicopter gunships to attack militant hideouts.",GOV_ATTACK_ON_NONSTATE_COMBATANTS
Enraged students of the University of Peshwar ransacked a post office and smashed windowpanes of campus buildings in protest against hours long load-shedding. The police on campus resorted to teargas shelling to subdue the angry students.,VIOLENT_POLITICAL_DEMONSTRATION
Zafar Bharwana of Makhina village shot dead Kazim Bharwana of the same village over a land dispute. ,ASSASSINATION
A bullet-riddled body of an unidentified man was found in Jamshed Quarters.,ASSASSINATION
The body of a young man was found bearing torture marks. Police has taken the body into custody.,ASSASSINATION
"A Taliban 'commander' Alamgir, and his father were killed in an exchange of fire with the security forces operating in the area.",GOV_ATTACK_ON_NONSTATE_COMBATANTS
A man was gunned down when three unidentified men opened fire on him in the limits of Garhi Kapoora police station in Mardan.,ASSASSINATION
A security forces led operation in Kabal tehsil of Swat led to at least 6 people killed and 40 injured.,GOV_ATTACK_ON_NONSTATE_COMBATANTS
"The son of Sindh IGP Ziaul Hassan, Zohair Zia, escaped an attempt on his life when some five armed men attacked him when he was present at a public gathering in connection to his election campaign. One of the attackers was caught, who turned out to be a guard of Zohair Zia's opponent, MPA Amanat (full name was unreadable in the report).",ASSASSINATION
Two labourers were killed and four others were injured when unidentified men attacked a camp of the road construction company. The area was cordoned off and some suspects had been picked up.,TERRORISM
"Family members of Sheikh Sadiq shot at the family members of Rahat Gul when they were constructing a house adjacent to Sheikh Sadiq's residence.  According to some people, the two families have a property dispute. ",RIOT
"unidentified persons planted an improvised explosive device at Zakir babershop, destroying the shop completely. A few adjoining shops were also partially damaged.",TERRORISM
The students of Lal Masjid reportedly misbehaved with journalists and tried to snatch their cameras. The students adopted the harsh behavior with the journalists for providing live-coverage of the clash between the Lal Masjid brigade and the government.,OTHER
bike riders killed one Ghulam Sadiq with bullets in the ongoing spate of target killings.,ASSASSINATION
A union council naib nazim sustained a bullet injury when some PPP activists allegedly opened fire on him.,OTHER
"Helicopter gunships targeted militant hideouts, killing 25 militants and injuring another 18. An explosive-laden vehicle was also destroyed in the shelling. ",GOV_ATTACK_ON_NONSTATE_COMBATANTS
"Aijaz Ali was shot dead by two brothers, Mir Mohammad and Jalal ",ASSASSINATION
The body of a 30-year-old man with bruises on his face was found in a manhole in Jubilee Town.,ASSASSINATION
A crucial supply line for the US and Nato forces was disrupted when a bridge on the Peshawar-Torkham road was blown up. The blast damaged the bridge and it collapsed when a trailer loaded with cement was crossing it.,GUERILLA_ATTACK_ON_GOV_FORCES
One child suffered injuries when a shell struck a compound in Bazikhel village. No other detail was given.,TERRORISM
"a man was killed and 2 others were injured in a clash between two groups, one led by a property dealer Nisar and the other by union council naib Nazim Chaudhry Nadeem Abbas over a property dispute. Police reached the scene and arrested over a dozen people.",RIOT
"Armed men attacked a passenger coach, injuring one person identified as Kashif. ; Follow-up: It was reported that 3 other people had also been injured in this attack and that Kashif succumbed to his injuries in the hospital. ",TERRORISM
Another youngster was found shot dead near Shah Faisal Naddi Road. His body bore multiple bullet wounds in the chest. ,ASSASSINATION
a soldier was killed and 5 soldiers and three militanst were injured in an exchange of fire with militants when paramilitary soldiers who were building a checkpost were attacked on the Datakhel road.,CONVENTIONAL_ATTACK_ON_GOV_FORCES
"Activists of the PADC damaged a cinema \hoarding\"" on the Mall during the strike against the US-led attack on Afghanistan.""",VIOLENT_POLITICAL_DEMONSTRATION
"A security guard was found dead in Ittefaq Town, Hanjerwala.",ASSASSINATION
"Madrassa students and their supporters stopped a train near Shahdan Lond Railway Station by placing boulders on the railway track. The police reached the area with reinforcements and the local officials began negotiations with protestors to remove hurdles. When negotiations failed the protestors pelted the police with stones, the police reacted with teargas shelling and eventually opened fire as well, killing three protestors. Later the mob went on a rampage, setting fire to a number of official vehicles and 'kidnapped' some police officials- 4 according to the police-  after thrashing them. Earlier in the day madrassa students blocked the inter-provincial Indus Highway. During this time a prisoners-van carrying religious leaders arrested during a midnight crackdown ahead of the strike was passing through and was intercepted by the mob. It reportedly managed to set free a number of ulema and thereafter set the van on fire. ; Follow-Up: Local Hizbul Mujahideen Nazim Junaid Akhwan, who had sustained serious bullet wounds in police firing on Nov 9 succumbed to injuries and died on Nov 10 raising the death toll to 4.",VIOLENT_POLITICAL_DEMONSTRATION
"A railway line was blown up near Musa Colony, which lead to a suspension of rail traffic.",TERRORISM
"A local leader of Sipah-i-Sahaba Pakistan was shot and injured by a rival party when he was kidnapped from the Yateem Khana bus stop, tortured, shot and thrown near the Hanjerwal police station in critical condition; Follow up: Two unidentified men shot and killed the injured SSP activist who was recovering from an earlier attempt on his life. They entered the hospital ward and opened fire on him, killing him on the spot, and fled.",ASSASSINATION
"Militants attacked an army's security camp with four rockets, injuring 1 soldier.",GUERILLA_ATTACK_ON_GOV_FORCES
A man claiming to be the spokesperson of BLA said that his organisation had carried out attacks on security forces in various parts of Kohlu districts killing 6 soldiers and injuring several others. The government sources have not verified this information.,CONVENTIONAL_ATTACK_ON_GOV_FORCES
"The decomposed body of a 40 year old man was recovered from a drain. According to the police, 4 bullet wounds were found on the body.",ASSASSINATION
A tirbal Lashkar attacked militants which led to an exchange of fire. 3 lashkar volunteers died while 8 others were injured. ,RIOT
In clashes with militants five lashkar volunteers and four levy officials were killed in the Chamjana area. 29 militants were also killed in the clash. ,OTHER
Residents of Karampur Town and nearby localities held a demonstration against prolonged outages and thrashed two Mepco officials at a local cotton factory. The demonstrators alleged that the two linemen had disconnected the power supply to 'oblige a local cotton factory owner'. The executive engineer of Mepco intervened to rescue the linemen and ordered the restoration of power supply to the area. ,VIOLENT_POLITICAL_DEMONSTRATION
Unidentified people set fire to the factory and fled. No casualties were reported but thebuilding was damaged.,TERRORISM
A man was killed and a woman was injured in the kahuta sector as the Indian forces continued firing from across the LoC.,ATTACK_ON_STATE
"A body was found near the Kundal post of Bajwat. A huge bag of explosives was found near the body.; Follow-up: An Indian terrorist entered Pakistan through the Bajwat sectors' border village, and was carrying 6 high intensity bombs. One of the bombs exploded and killed the person. ",ATTACK_ON_STATE
Baghali Jatoi shot dead his mother-in-law-Musammat Aminat- on suspicion of her character and fled. ,ASSASSINATION
There were sporadic incidents of violence reported in various areas and at least 3 people were injured when they were fired on. This incident occurred during the strike by MMA against the killings of its workers during the by-elections.,VIOLENT_POLITICAL_DEMONSTRATION
the TNFJ carried out a procession on Al-Quds day. Members of a particular sect raised slogans calling the processionists infidels and stoned them. 4 students were critically injured.,RIOT
"Malik Sabil Khan, who was an anti-Taliban tribal elder, was found shot dead after he had been kidnapped earlier in the week. 3 elders from the same area who were against militants were also killed on the same day that Sabil Khan was kidnapped. ",ASSASSINATION
A person was found murdered in Rohri on Tuesday. He had been missing for two days. There were torture marks on his body and his head was also chopped off.,ASSASSINATION
A dead body of a man was found bearing marks of violence.,ASSASSINATION
"A man was wounded in 'sniper firing' in Landhi, Karachi.",OTHER
"Protesters- led by Muttahida's Abdul Sattar Ansari and Zafar Rajput and JSQM's Sikandar Soomro and Saleem Sayal- moved towards the KPC, which was the planned venue for the hunger-strike. However, they were stopped by LEA personnel in civilian clothing and were roughened up and bundled into police vans and sent away. Some 25 activists were arrested, including 5 women. According to MQM, they arrested protesters were joined by three dozen women and three dozen elders and the LEA resorted to highhandedness and torture. ",VIOLENT_POLITICAL_DEMONSTRATION
Two people were shot dead and four others were injured in an exchange of fire between two rival groups over a land dispute.,RIOT
"Following the strike call given by MQM steering committee, armed youths took to the streets and resorted to violence. Protesters stopped a Zeal Pak Cement Factory staff bus and set it on fire. The driver managed to escape. ",VIOLENT_POLITICAL_DEMONSTRATION
Tension gripped Baldia Town after the identification of the decomposed dead body. MQM activists were attacked as a rival group claimed the victim belonged to their group and blamed the MQM for his murder. Several shops were set on fire by Shafeeq's supporters in Dilawar Mohalla.,TERRORISM
Residents of an area in Gharibabad took to the streets to protest against the anti-encroachment government team who planned on demolishing some structures said to be in the way of the Lyari Expressway. The protesters burnt tyres and chanted slogans but the police did not intervene with any force. They did manage to curb the tension before it escalated into violence. ,VIOLENT_POLITICAL_DEMONSTRATION
Two suicide bombings in quick succession at the Abdullah Shah Ghazi shrine left over 8 people dead and over 60 injured. The first bomb was detonated at the main entrance of the shrine followed by a blast within a 100 yards near the stairs where people take their shoes off. ; Follow-up: A person injured at the shrine succumbed to his injuries. ,TERRORISM
"Militants attacked security posts with heavy weapons which led to an hour-long exchange of fire between militants and security forces. Eventually, security forces managed to push militants back. ",CONVENTIONAL_ATTACK_ON_GOV_FORCES
A grenade hurled by militants exploded near railway tracks in the eastern bypass area. No other information was given.,TERRORISM
"As part of the violence on the second day of a two-day strike called by the Mohajir Qaumi Movement (MQM), protesters set a vehicle on fire in phuleli.",VIOLENT_POLITICAL_DEMONSTRATION
"The body of an MQM Altaf activist was brought to the JPMC after he was shot dead in Malir City.  The details of the case were not reported, but this incident was more than likely connected to the violence between the two groups in Landhi, Korangi, and Malir.",RIOT
Security forces and militants exchanged fire in the South Waziristan tribal region; Follow up: Clashes between security forces and militants continued in the south waziristan region for a second cosecutive day. Along with firing artillery shells the PAF jets made several sorties on the areas.,CONVENTIONAL_ATTACK_ON_GOV_FORCES
A 22 year old man identified as Shahzaza was stabbed in Khayabane-i-Roomi in Clifton. The motive behind the attack was not mentioned.,ASSASSINATION
"Following the death of Ishaq Bacchu in a clash between two communities in Lyari, armed protesters took to the streets and forced shopkeepers to pull their shutters down. A group of protesters set ablaze two restaurants, a bus, a truck and two motorcycles. ",VIOLENT_POLITICAL_DEMONSTRATION
"Three unidentified masked men opened fire at the car of Malik Rashid Ahmed, former Chairman of the Municipal Committee Ahmadpur Sharqia and leader of the Opposition in Municipal Committee.",TERRORISM
A proclaimed offender was killed in an encounter with the law enforcement agents in Madina Colony in a raid by the police. Three of his companions managed to escape. ,GOV_ATTACK_ON_CIVILIANS
"The residents of American Quarters, Hazara Colony, Bohri Compound, Irani Colony and others protested against the shortage of water supply to their area for the last few days. They blocked the main Fateh Chowk and burnt a garbage containter. The SDM of Latifabad rushed to the spot and held negotiations. The result was that the supply would be restored  by 9:30pm and the residents would clear their water dues within the next two days. The protest lasted 30 minutes. ",VIOLENT_POLITICAL_DEMONSTRATION
a man axed to death his younger sister on suspicion of her having illicit relations in Sanda area.,ASSASSINATION
outages-ridden people wanted to move towards the Faislabad Electric Supply Company Office when the police stopped them. They got infuriated and pelted the police with stones as a result of which 5 constables were injured. The police resorted to baton-charge which resluted in 7 protesters being injured. The police also arrested 5 protesters.,VIOLENT_POLITICAL_DEMONSTRATION
"Police arrested 27 Pakistan Muslim League (Nawaz) activists for violating section 144 that prohibits processions on Mall road Lahore. The protest was held to mark the anniversary of 1999 military takeover of government. To disperse the protesters, police used batons which left eight activists injured. as the protesters did not disperse, they were beaten up and dragged by the policemen before being herded up into official vans.",VIOLENT_POLITICAL_DEMONSTRATION
"Two people, Haji Qasim Magsi and Aftab Ahmed Mallah, were shot dead by 4 gunmen on motorcycles.",ASSASSINATION
A government primary school for girls was blown up by unidentified armed men. ,TERRORISM
"An enraged crowd of flood affected IDPs staged a demonstration and pelted cars, shops and offices with stones to protest against the non-payment of cash for celebrating Eid that the Government had promised it would provide. The mob tried to move towards Clock Tower chowk but were stopped by a heavy contingent of police. ",VIOLENT_POLITICAL_DEMONSTRATION
in a firing spree a 5-month pregnant mid-wife of the eye department of the hospital was killed and 3 others were injured when the Deputy Medical Superintendent of the hospital Dr. Shah Beg Chandio along with his associates opened fire on the protesters. the paramedical staff of the CMCH took out a procession at the hospital as their demands had been turned down.,VIOLENT_POLITICAL_DEMONSTRATION
"Sporadic firing, stoning and stabbing was reported from Latifabad during the curfew break between 4 - 5 PM. Aftab Nizammi and Noor Mohammad were killed in the crossfire while Abid Hussain and an unidenified person were stabbed to death. ",TERRORISM
Unidentified armed persons killed a man in indiscriminate firing in Dubber area; the reason for the killing was unknown.,OTHER
"terrorists opened fire at Lal Qila, but suffered heavy casualties when troops fired back.",CONVENTIONAL_ATTACK_ON_GOV_FORCES
"Sharif Chattar, Principal of Givernment Degree College was attacked by a former student in a bid to kill him. He escaped after injuring the Principal.",ASSASSINATION
A violent clash occurred between the protesters and the police in which the protesters attacked the police by pelting them with stones. The police resorted with teargas shelling to disperse the crowd. Aqaldeen and Riffatullah were injured. ,VIOLENT_POLITICAL_DEMONSTRATION
"Six armed men entered the house of Nawabzada Nasrullah, President of Paksitan Democratic Party and tried to make their way to the Nawabzada's room. They were stopped by some party workers and then they fled. Nawabzada Nasrullah has expressed his ignorance about the motive of the assailants, who have been identified.",ASSASSINATION
"Two tribesmen were killed while five others were injured, including the SHO of Kuchlak Police station during a violent demonstration held by the Maahtarzai tribesmen over the arrest of one of their men, when a clash between the police and the tribesmen. Five rockets were fired on the police and a APC was completely destroyed. Twenty-six suspects were arrested.",VIOLENT_POLITICAL_DEMONSTRATION
A strike was observed in interior Sindh towns on the call of JSQM against the construction of the Kalabagh dam and greater Thal canal project. A local passenger bus was set on fire.,VIOLENT_POLITICAL_DEMONSTRATION
"Muhammad Javed shot dead his grandfather, Fateh Muhammad and his brother Muhammad Ramzan besides injuring three women over a land disput in Khateeb colony",ASSASSINATION
"The Indian Security Forces continued firing on Zafarwal, Charwa, Bajwat, Chaprar, Harpal, Sucheetgarh, Bajragarhi and Shakargarh sectors. As a result, a villager- Muhammad Husain of Bajwat Sector- was killed in the courtyard of his house by stray bullets fired by the Indian Forces. The firing also killed 2 animals, badly damaged 6 houses and several tractors as well as distrupted the sowing of paddy crop. The Chenab Rangers returned the fire after which the Imdian forced fled to their bunkers.",ATTACK_ON_STATE
25 militants attacked Nato oil tankers with sophisticated weapons and used timed explosive devices to blow them up. 13 oil tankers were blown up while 4 people were killed and 6 were left injured. The police claimed that they exchanged fire with the militants and recovered explosives and grenades that they had left behind. ,TERRORISM
"An ice seller, Ghulam Shabbir Butt, was shot dead. According to the police, the motive behind the incident is unknown.",ASSASSINATION
One person was killed in Khorian village as the Indian forces continued firing from across the LoC.,ATTACK_ON_STATE
Akbar Hameed was shot dead by armed men on a motorbike. ,ASSASSINATION
"Twenty members of the Chandio clan attacked four members of the Mari clan over an old agricultural land dispute. The armed men opened indiscriminate fire on the car of the Mari clan. They also stole Rs. 12,000 and 2 licensed shotguns. ",RIOT
"Syed Muslim Hasan Rizvi, an activist of Sipah-i-Muhammad, was shot dead in Model Town-B area. The deceased was the elder brother of Ghazanfar Rizvi, vice president of the Punjab Tehrik-i- Jafria. It was claimed by the relatives of the deceased and eye witnesses that the target of the attack was Ghazanfar Rizvi, and that the killers mistook Syed Muslim Hasan Rizvi for him as they resembled each other.",ASSASSINATION
"Faizullah, an SSP worker, was killed and another man was injured when they were attacked by unknown assailants. ",ASSASSINATION
Two members of a family were shot dead while three others were injured by their rivals over an old enmity in Botala Sharam Singh village on Sunday.  ,RIOT
A man and a woman were killed by a cousin of the woman on the pre text of karo-kari. The relatives of the woman protested and alleged that the killings occurred to take over  the woman's property.,ASSASSINATION
Two people were killed and three injured in an armed clash between Malik Dinkhel and Qamberkhel clans of the Afridi tribe. The clash started over a road being constructed by the Deenkhel clan which crossed Qamberkhel territory.,RIOT
"An activist of the banned Sipah-i-Sahaba was gunned down outside a shop by unknown assailants, one of whom was wearing a burqa (veil). ",ASSASSINATION
A shootout between Fida Joggi and Shahzad gangs resulted in a death of a woman. Both these gangs are involved in drug dealing.,RIOT
PPP leader Amir Hamza Bugti was gunned down by unidentified assailants near Sui on Thursday. Five others were injured out of which his bodyguard succumbed to injuries on Friday,ASSASSINATION
2 personnel of the Levies Force were kidnapped and a checkpost was destroyed near the Pakistan-Afghanistan border. No group had taken responsibility for the incident.,GUERILLA_ATTACK_ON_GOV_FORCES
"A bomb planted on a vehicle was detonated, killing all 5 occupants of the car. A Taliban spokesman in the area, Hafiz Saeed, criticized the blast and said that stern action would be taken against those responsible. ",TERRORISM
"two activists from a militant organization from Bara had forcibly stopped some vehicles on the main Jamrud-Landi Kotal road. When it was reported, the police rushed to the area and aerial fired to scare them. They retaliated  with firing. One militant was caught while the others took refuge in nearby houses.",GOV_ATTACK_ON_NONSTATE_COMBATANTS
Ten people were injured in an armed clash between two groups over cattle grazing in the paddy crop. ,RIOT
"security forces backed by artillery and helicopter gunships attacked militants' hideouts in Gujar Kalay Amnavi, Sabonae and Yakh Tangi Top areas of Shangla.",GOV_ATTACK_ON_NONSTATE_COMBATANTS
"As part of the on-going MQM strike, of the At least five vehicles were set on fire in New Karachi, North Nazimabad, Korangi and Liaquatabad. ",VIOLENT_POLITICAL_DEMONSTRATION
A man was shot dead by seven people over a land dispute in Nowshera Virkan. The deceased was identified as Muhammad Sarwar. ,ASSASSINATION
"Three policemen were killed and another was injured when two dozen Taliban, armed with rocket launchers and automatic weapons, attacked a checkpost on Chakisar road in Karora area of Shangla.",CONVENTIONAL_ATTACK_ON_GOV_FORCES
"Military helicopters launched an offensive after reports about a fierce gunfight between two factions of a banned militant organisation in Tirah valley. Four persons, including a key militant commander, were killed in the attack when gunships and artillery were used to pound militant areas of Sandana, Nari Baba and Nangrosa. ",GOV_ATTACK_ON_NONSTATE_COMBATANTS
"The decomposed body of a boy was found. According to the doctors, the boy had been hanged.",ASSASSINATION
A man was shot dead and another injured when unknown assailants opened fire at a roadside hotel.,ASSASSINATION
"Following the killing of ANP activist Paras Khan, unknown people resorted to firing, injuring 2 people. ",VIOLENT_POLITICAL_DEMONSTRATION
"On the day of mourning announced by the MQM after 2 people were killed in a clash between police and MQM workers the day before, MQM workers took to the streets and lit bonfires and damaged property in addition to clashing with police at various places. The report on the incidents of the day claims that 30 people were wounded but the report itself only accounts for 20 of those. ; Another report in the same newspaper claims that 35 buses, mini-buses and yellow cabs were damaged or completely destroyed by the protesters. ",VIOLENT_POLITICAL_DEMONSTRATION
Six people were killed in a clash between two groups in Jaranwala when they used axes and clubs against each other over an irrigation water dispute.,RIOT
The renewed wave of targetted killings that began a couple of days ago with gun attacks in Malir and Landhi spread to Lyari as two young men were killed while another was injured when unknown men opened fire on them on Jamila Street.,TERRORISM
"Paramilitary forces subdued the pro-Afghan tribesmen after intense gunbattle in the Anargi area in the Mohmand tribal region, which left three rebels dead and four wounded. Pakistani forces used armoured personnel carriers, heavy artillery, machine guns, rockets and helicopters. Security officials alleged that militiamen of the Jalalabad Corps commander, Malik Hazrat Ali, were involved in actively fighting with Pakistani forces. ",GOV_ATTACK_ON_NONSTATE_COMBATANTS
"A heavy gun-fire battle between the warring Bugti and Mazari tribes continued when rocket fire was exchanged on the Punjab-Balochistan border. The exchange of fire resulted in damaging two main gas pipeline in the region, which caused supply to be halted. There was no respite to the battle till the next day and law enforcement was reluctant to defuse the tension.",RIOT
Ten militants and two tribal elders were killed in Gutkai and Bandarae areas of Bajaur region.,GOV_ATTACK_ON_NONSTATE_COMBATANTS
3 people of a family were killed by unknown men in Shahdara area on Tuesday,ASSASSINATION
A security personnel was killed and his six of his colleagues were injured in a clash that took place between troops and militants after militants opened fire on them from the Yousaf Talab area. ,CONVENTIONAL_ATTACK_ON_GOV_FORCES
A minor girl was killed and another injured when a bomb went off in a house in Orangi Town. The bomb was locally made and was placed in a tobacco box.,TERRORISM
A Levies checkpoint in Dori area was destroyed when an explosive device went off near it. ,GUERILLA_ATTACK_ON_GOV_FORCES
"An elected councillor, Basharat, along with 4 accomplices shot dead Aslam Masih and Ashraf Masih in order to take revenge over an altercation that cropped up during the May 31 elections. ",ASSASSINATION
Three people were killed and several others were wounded in a bomb blat at a mosque in hangu. Details not available.,TERRORISM
A man was shot dead by unidentified men in C-1 area of Liaquatabad. ,ASSASSINATION
A young man was found dumped in Baldia Town with critical. He later succumbed to his injuries.,OTHER
"Zeeshan, an MQM worker, was killed and his cousin, Rehan was tortured by unknown men who had kidnapped them earlier. The victims were residents of Orangi town. ",ASSASSINATION
"Indian troops targeted Neelam valley villages, killing one person and injuring two others according to official sources. ",ATTACK_ON_STATE
"A fresh wave of violence erupted in reaction to  senior minister, Dr. Zulfikar Mirza's statements against the Urdu-speaking community and MQM chief. During intermittent firing incidents, a young woman was shot and killed in the Husainabad area. ",TERRORISM
A man was killed while another was injured by rivals over an old enmity in the nearby locality of Safdarabad on Thursday,ASSASSINATION
"Three persons were killed and two others were injured when the Marfani, Brohi and Bhaiyo tribes clashed in the Dhaimki Wand village of Jacobabad as part of the on-going dispute between the Marfaniand Brohi tribes.",RIOT
Unprovoked firing by Indian troops from across the LoC killed one elderly man in Battal village. ,ATTACK_ON_STATE
"Two members of an extremist group shot dead Fariduddin Mohajir, a worker of MQM along with two other people. The accused were arrested and arms recovered from them. ; Follow-up: Another injured worker died in the hospital and the report mentions that the attackers belonged to a nationalist/ethnic group.",ASSASSINATION
"Pro-Taliban militants in FATA beheaded an Afghan national for allegedly spying for the US-led forces in Afghanistan. A note was also found on the body which said 'whoever spies for the Americans will meet the same fate'. The victim was identified as Sarwar Khan, a livestock trader originally from Afghanistan's Kunar province who was living in Bajaur with his family.",ASSASSINATION
"The Pakistan Muslim League in charge media centre, Ali Mohammad Sahto, has said that the PPP government had committed hooliganism by torching the PML media centre. He said that the henchmen of the ruling party  blocked the main gate of the centre with a view to stopping the party activities.",TERRORISM
A group of 'dacoits' attacked a vehicle in which a family was taking a deceased person for burial in Waziristan. The dacoits took away the son of the deceased and his relative who were later found shot dead in Army Forest. It was alleged that this was a part of a wave of atrocities let loose against the Pakhtoons in Sindh. ,TERRORISM
"A police sup-inspector's body was found from behind Raja Petrol Pump, Malir. He had been kidnapped earlier. ",OTHER
A person was gunned down by four armed assailants in Tando Allahyar on Saturday.,ASSASSINATION
"a FC checkpost came under militants attack in Datakhel area resulting in one soldier, Kamal Bhittani, killed and another injured.",CONVENTIONAL_ATTACK_ON_GOV_FORCES
"A man was killed in Malir, when unidentified men entered his house and murdered him in a similar way another murder had taken place in the same vicinity where the assaialnts had stabbed the victim several times and slit his throat. The deceased's affiliation could not be ascertained.",ASSASSINATION
A bomb that was planted in a hotel in Khyber Bazaar was defused by the authorities on Wednesday.,TERRORISM
"Six labourers were killed and 44 others injured when a bomb placed under the seat of a bicycle exploded.; Follow-up: According to sources, it was an Indian made plastic time bomb. According to the Nazim, the people caught a suspect trying to escape and handed him over to the police.",TERRORISM
Residents of Orangi Town took out a procession to protest the death of a Mason and against the alleged excesses of the 'land mafia' when they gathered at the offices of Orangi Town's Nazim with the Mason's body. They chanted slogans against the Nazim and lit several bonfires. The police arrived and brought the situation under control after reassuring them that an impartial inquiry would be constituted.,VIOLENT_POLITICAL_DEMONSTRATION
"7 people were injured when a suicide bomber rammed his explosive laden jeep into an empty trailer returning from Afghanistan, on the main Peshawar-Torkham highway. His jeep was destroyed while the trailer overturned and fell off the road. A Taliban spokesperson claimed responsibility for the attack and threatened more attacks on the Nato supply route unless the government halted military operations in the area.",TERRORISM
"Saboteurs blew up a power supply pylon of the Sibi-Harnai transmission line, disrupting electricity supply to a large area in the Harnai tehsil.",TERRORISM
"According to Maqsoodan Bibi (mother of Rubina Bibi), Rubina was stabbed to death by her husband, Akram, as he had started doubting her character. He had previously beaten her up as well.",ASSASSINATION
One person was killed and another injured when unidentified men sprayed them with bullets and fled.,ASSASSINATION
Ghulam Qasim was axed to death by three people over the suspicion that the deceased had illicit relations with a woman relative of one of the accused. ,ASSASSINATION
"The Tehsil Municipal Administraion launched an operation to wind up encroachments by vendors, shopkeepers traders etc. One of the traders retaliated by throwing acid on the TMA officials, injuring three. Following this a sit-in was staged the next day to protest over the anti-encroachment operations by the TMA.",OTHER
at least 100 rocket were fired on the Ibrahimzai village near Hangu. The NWFP (KP) government has ordered a judicial inquiry into the incident.,TERRORISM
A person of Rind Trobe was shot dead by armed men of rival Unnar tribe in Sakrand on Monday.,ASSASSINATION
"Shaukat Usman, a police constable who was deployed at the Presidency, was shot dead while he was on his way home. ",ASSASSINATION
"The National Assembly witnessed pandemonium and a number of unruly scenes.  A number of politicians used indecent, unparliamentary language and Khwaja Asif and Raja Nader Pervaiz even began fighting with other treasury members.  After the scuffle, opposition member Ms. Tehmina Daultana rushed at Prime Minister Bhutto and attempted to throw glass bangles at her.  She was stopped by deputy opposition leader Gohar Ayub.  There were several other disturbances before the opposition walked out of the House just as the Speaker was about to give the ruling on the question of the opposition MNA's detention.",OTHER
a man was shot dead and his 2 daughters were injured when their rival Mehrban attacked them in their house. The motive behind the killing was said to be a property dispute.,ASSASSINATION
A group of armed men shot dead two people on the pretext of Karo-kari in Baboo Jakhrani village.,ASSASSINATION
Some unidentfied men fired a rocket at a village and later fired on the Kurram militia. No loss of life was reported.,TERRORISM
The applicants for police jobs protested on the National Highway bypass after their interviews were cancelled once again. They demanded that the government should not postpone their interviews again and again. The protestors pelted stones on the police who then fired in the air and lobbed teargas shells injuring 5 protestors.,VIOLENT_POLITICAL_DEMONSTRATION
Two people were found dead on the railway track,ASSASSINATION
Allah Ditta was shot dead by three unidentified assailants for unknown reasons. ,ASSASSINATION
Five persons were killed and 22 were injured in a bomb blast in the main bazaar of Torkham on Tuesday,TERRORISM
"On the last day of the 7 day demonstration across Dir, Swat, Buner and Malakand Division, paramilitary troops opened fire on demonstrators in Buner which led to an armed clash, in which 10 people were killed and several others were injured. The demonstration was part of the movement, led by the TNS, for the implimentation of Shariah Law in Malakand Division. (See Note) ; Follow-up: A follow-up report estimates the number of people injured to be at least two dozen. ",VIOLENT_POLITICAL_DEMONSTRATION
"Students of the Nishtar Medical College, blocked the road and burnt tyres to protest against he removal of kiosks from Nishtar Road. The group later dispersed when informed about the Government's anti-encroachment drive. ",VIOLENT_POLITICAL_DEMONSTRATION
"2 madressah students were killed and 28 other people were injured when unidentified motorcyclists hurled a grenade inside a mosque when Fajr prayers were ending. The blast also damaged the mosque. The Imam of the mosque claimed that the attack was, \hatched by members of a particular sect\"". ; Follow-up: The death toll rose to 3 as Muhammad Sharif, a clerk by profession, succumbed to his injuries. """,TERRORISM
A powerful explosion occurred near the Post Office chowk in Khuzdar. No other information was given.,TERRORISM
One person was injured when three rockets fired from Murdar mountain hit city areas on Tuesday,TERRORISM
"Unidentified attackers opened fire on a Sunni religious seminary and fled. No casualties were reported. Allam Rizvi, the head of the institution blamed the Adiviser to Punjab Chief Minister for the attack.",TERRORISM
Three women were gunned down by two men from their village allegedly foe developing illicit relations with other men.,ASSASSINATION
ASI Mohammad Naseem posted at Liaquatbagh police station on intelligence duty was ambushed by unknown assailants when he was on his way home. Five other persons were also injured in the attack.,ASSASSINATION
"At least five people were injured when attackers riding a motorcyle hurled a hand grenade at the house of a police officer on Sariab Road. The house belonged to Pir Jan, a deputy superintendent of the Mastung police.",GUERILLA_ATTACK_ON_GOV_FORCES
The body of an elderly man was recovered from the Lahore canal in the Mughalpura area on Wednesday,OTHER
"A group of students protesting against the occupation of school land allegedly by the area assistant commissioner Muhammad Aslam Kalayar, were baton charged by the police. The protesting students were also joined by the area people when the talks between the administration and agitating students failed. More than a dozen people were injured when the police lobbed tear gas shells and baton charged the protesters in order to bring the situation under control.",VIOLENT_POLITICAL_DEMONSTRATION
A hand grenade was hurled at the house of Chief Minister Jam Mir Mohammad Yousuf. It exploded at the roof of the house and shattered windowpanes but no one was hurt as there was no one living there. ,TERRORISM
Helicopter gunships shelled a village.,GOV_ATTACK_ON_NONSTATE_COMBATANTS
A 48 year old unidentified man was gunned down in Nazimabad. Police found a written note on the body stating his name. ,ASSASSINATION
A watchman was murdered by unknown men at Alam Chowk By-pass on Tuesday,ASSASSINATION
"Abdul Majeed Mughul, a retired school teacher, was killed when unknown armed men on a motorbike opened fire at a bus stand. ",ASSASSINATION
Ahmed Chachar was injured in an exchange of fire between Chachars and Shaikhs,RIOT
Unidentified men shot and killed two workers of the Mohajir Qaumi Movement.,ASSASSINATION
"A fresh wave of violence erupted in reaction to  senior minister, Dr. Zulfikar Mirza's statements against the Urdu-speaking community and MQM chief. A young man was shot dead by unknown persons near A-One Chowk within the remit of the Shah Faisal Colony police station. ",ASSASSINATION
Two girls and a woman belonging to the same family died when they stepped on an explosive device.,TERRORISM
"12 armed men opened fire at the house of Rahib Shar, killing him on the spot and injuring his wife. ",ASSASSINATION
A young woman was found shot dead near Malir river. ,ASSASSINATION
"Al Barry, president of one of the leading cellular phone companies in Pakistan claimed that an he had escaped an attempt on his life on 14-Jan-03 when returning from work he had heard a gun shot and had ignored it and later found a big dent at the rear end of the car. Which the police confirmed came from a bullet later on.",ASSASSINATION
At least ten suspected militants were killed and several others were injured in an exchange of fire with the security forces during a search operation in Baz Garha. Independent sources claimed that only one person had been killed and another injured. ,GOV_ATTACK_ON_NONSTATE_COMBATANTS
"A 41-year old MQM activist died after a brief gunbattle between two rival groups in Orangi Town. The victim was identified as Syed Haider Ali, who was a clerk in the House Building Finance Corporation and was also an office-bearer of its labour union. The police registered a case against MQM men for attacking an killing Haider Ali.",RIOT
"Supporters of Lashkar-i-Islam and Ansaarul Islam enaged in yet another intense gun battle in the Tirah area, with the two groups giving conflicting figured about casualties. According to offiical sources, four people had been injured. Maulana Mustamin, a supporter of Ansarul Islam, said that five people had been killed while three of his supporters were injured in fighting between the two groups. The Lashkar-i-Islam denied the claims and said that none of its supporters had been killed or injured. The fighting restarted when some armed activists of Lashkar-i-Islam attacked two bunkers of their rival groupm after which a fierce gun battle ensued. The Ansaar sources said the fighting had lasted 13 hours. The conflict between Ansaarul Islam and Lashkar-i-Islam had claimed at last 200 lives in the past year and a half.",RIOT
"Buildings of the government's agriculture office, a police station and two houses were destroyed in intense shelling by the Indian troops from across the LoC in the Athmuqam town, the tehsil headquarters of Neelam Valley.",ATTACK_ON_STATE
4 suspected terrorists were killed in a clash between two militant groups in which both sides used heavy weapons. ,RIOT
"Shooting incidents that started on Friday night in Korangi continued through Saturday in various parts of Karachi. 2 people were killed and 21 others, including 2 policemen were injured. Korangi was the worst hit by the latest wave of violence. It was also reported that activists of MQM and MQM-H traded fire as well. ",TERRORISM
Supply of gas to Kalat was suspended after a main pipeline was blown up on the RCD highway.,TERRORISM
"An IED was used to attack a tanker carrying water for security forces. In reaction, security forces conducted search operations in Hangu and Orakzai which led to the arrest of 9 militants. ",TERRORISM
"A man shot an 18 year old girl over a marriage dispute. He wanted to take her as his bride and upon being refused by her father, he shot her.",ASSASSINATION
"Following the PIA management's decision to hand over some air routes to Turkish Airlines, a group of PIA employees arrived at the airport, some of them carrying sticks and batons. They prevented other PIA employees from working and scuffled with some passengers and airport staff members. They also damaged some property and when the riot police failed to handle the situation the Rangers had to called in. According to Sohail Baloch, convener of the protesting employees, 'outsiders' had been sent by certain politicians to disturb the otherwise peaceful strike. He also claimed that some PIA staffers were injured during the day. The strike had been called by a joint action committee of various PIA worker's unions. ",VIOLENT_POLITICAL_DEMONSTRATION
"Due to the 'atta' (flour) crisis people turned to violence and blocked the main G.T. Road in NWFP, and pelted the passing vehicles with stones, causing a severe traffic jam. Hundreds of vehicles were stranded on both sides and the road was opened after many hours. Thousands of protesters beiseiged flour mills since morning and did not allow the movement of flour out of the premises. While several trucks of flour were looted at a number of places. ",VIOLENT_POLITICAL_DEMONSTRATION
District Attorney Abdul Baqi Achakzai was injured in an incident of firing in the Chaman Housing Society. Official sources say that Mr. Achakzai was injured by a bullet fired by by his guard. They said the gumman had picked a quarrel with someone and Mr. Achakzai went to reslove it and was injured.,OTHER
A person was shot dead by unknown men in Chakiwara on Friday.,ASSASSINATION
A mininus was set ablaze by unknown militants at Baloch Colony flyover crossing on Friday. Karachi was gripped with violence following a strike called by certain political parties against the power crises and in support of striking workers of the KESC.,VIOLENT_POLITICAL_DEMONSTRATION
Police reocvered bodies of two young brothers who were tortured and later killed by unidentified men in Korangi. ,ASSASSINATION
A MQM worker was found dead in Korangi. Doctors who examined his body claimed he had been severely tortured and then shot. ,ASSASSINATION
A person was killed when unknown militants planted a bomb on the road to target volunterrs of Adezai Qaumi Lashker in Matani area on Wednesday.,TERRORISM
"In reaction to the demolition of Babri Mosque in Ayodhya, angry mob pelted the Hindus Waqf property with stones in D.G Khan on Tuesday.",VIOLENT_POLITICAL_DEMONSTRATION
"A suicide bomber rammed an explosive ladden car into an army check post in Jandola, wounding six troops. The soldiers were establishing a check point on Wana-Tank road",GUERILLA_ATTACK_ON_GOV_FORCES
"On the second consecutive day, Afghan army resorted to firing over Balochistan border near Chaman without any provocation. Afghan artillery launched medium-gun rockets which landed near Saeed Chauji in Balochistan. Pakistan Border Security Forces were forced to go into action against Afghan artillery.",ATTACK_ON_STATE
A man was shot and killed when unidentified men opened fire on him in North Nazimabad while he was on his way to teach the Quran in Block H in Khawaja Ajmer Nagri.,ASSASSINATION
Three people were injured when a tractor trolley hit a landmine in the Mazari Goth area. Mazari Goth is an area which was a battle field for rival Mazari and Bugti tribes of Bloch origin. ,TERRORISM
Several women protestors of the Mohajir Qaumi Movement gathered in front of the Kaarachi Press club and marched towards the Governor's House against the sealing of MQM-H headquarters in Landhi and a crackdown on the party leadership. The police women and the women protestors clashed and several were injured in the ensuing violence.,VIOLENT_POLITICAL_DEMONSTRATION
The bullet-riddled body of a income tax office superintendent was recovered from a minor distributary 9/L near Chak 95/9-L. Relatives and colleagues of the victim allege the involvement of the headconstable with whom the victim was last seen and accused the police of protecting the headconstable.,ASSASSINATION
An activist of the Moahajir Qaumi Movement was shot dead by unidentifed gunmen.,ASSASSINATION
A man was shot dead by unidentified gunmen.Two passers-by were injured too.,ASSASSINATION
"Unidentified men opened fire on an Al-Rehman coach, killing the driver on the spot. Later, they torched the coach and fled. ",TERRORISM
Two villagers were killed and five others injured when rival groups clashed over a disputed piece of land. No arrests were made.,RIOT
"Militants blew up three power pylons, disrupting electricity supply to seven villages of Sheikhan tribe. ",TERRORISM
Talal bin Hadi and a friend were sitting when 2 men on a motorcycle opened fire on them. They killed Talal and injured the other. The SSP said that it might be a terrorist activity. ,TERRORISM
The decomposing body of a woman was found on the bank of a nullah. The police claimed that she was killed 2 days ago and her body was thrown next to the nullah.,ASSASSINATION
A young man was shot dead by two unidentified young motorcyclists near Murad Eye Hospital on G.T. Road.,ASSASSINATION
"Waqar Kiani, a journalist with The Guardian, was beaten up by policemen, allegedly in connection to his appearance on a TV show recently. Mr. Kiani alleged that 4 people in police uniforms, who came in a police van,  stopped him then started beating him before leaving the scene. ",GOV_ATTACK_ON_CIVILIANS
"A body of a woman, who worked as a managing editor for the Sindhi weekly \Jhalak\"", was found with three bullet wounds in the head, shoulder and hand, with her legs and arms tied. She was believed to have been raped before being shot dead.""",OTHER
"Residents of Bhedian Kalan village, led by UC naib nazim Muhammad Yahya, blocked the main road by torching tyres to protest against the alleged torture of 5 people by Sutlej Rangers. They dispersed after PML-N MNA Sheikh Waseem Ahmed assured them that action would be taken against those responsible. ",VIOLENT_POLITICAL_DEMONSTRATION
Two minibuses were set on fire in unit No. 1-1/2 of Korangi.,VIOLENT_POLITICAL_DEMONSTRATION
Two young men were found shot dead in a graveyard in Baldia Town. Both were clad in shalwar kameez and were tied up with three gunshot wounds each. ,ASSASSINATION
PML-N activists wer roughed up by police while holding a protest against the disqualification of the Sharif brothers. Police resorted to baton charging the workers and arresting many of them. They were later released when the PML-N workers blocked the roads and demanded their immediate release.,VIOLENT_POLITICAL_DEMONSTRATION
A sub-inspector was killed and his son was injured when two unidentified men on a motorcycle opened fire on their vehicle. The motive behind the killing could not be ascertained. ,ASSASSINATION
"Two rockets were fired into Quetta Cantonment. The first landed in near a military police check post near police lines on a traffic island on Gulistan road. The second rocket exploded near an ordinance depot on Ordinance Road. According to the Inspector General Police, \certain elements from Afghanistan were responsible for the attacks\"". He also stated that there was no fixed target after examining the rocket launching device. There was no loss of life or property damage.""",TERRORISM
"Syed Liaquat Hussain Nayyar Zaidi, who was the founding president of Pasban-i-Aza, was shot and killed by armed motorcyclists while he was waiting in his car at a level train crossing. He was accompanied by his nephew who remained unhurt. The victim had set up the Pasban-i-Aza which was an organization dedicated to religious activities. ",ASSASSINATION
"During the fourth phase of local body elections, in Bangash Colony, supporters of rival candidates attacked each others with stones and sticks. Each group accused the other of of using unfair means. Police used batons to disperse them. ",RIOT
The headline claims that seven people were killed but the details account for only five of them.,OTHER
"Adeel suspected that his sister, Iram, had developed 'relations' with a man from the area. He killed her for 'honour'. ",ASSASSINATION
"3 gunmen pulled up to a roadside restaurant in a car and fired multiple shots at some people sitting there, killing 2 and injuring 1. The restaurant was adjacent to an ANP unit office and frequented by ANP members and the victims of the attack were ANP workers. ",ASSASSINATION
a heavy exchange of fire between security forces and tribesmen was reported in the Sangsilla area in Dera Bugti. However no casualties were reported.,CONVENTIONAL_ATTACK_ON_GOV_FORCES
A milkman was killed and his relative was wounded when unidentified people opened fire at his Paksitan Chowk shop.,ASSASSINATION
6 people were injured in a clash between the supporters of Awam Dost and Awam Ittehad Panels in Union council Chanesar-1.,RIOT
"Dozens of students were injured in a clash between students mainly (PSF lead) by its leader and the police on Friday at Peshawar University Campus. The reason of the clash was the decision taken by VC of the university that university would not open in spring vacations. Police fired rubber bullets, teargas shells and batoncharged the students. ",VIOLENT_POLITICAL_DEMONSTRATION
"Two bridges wee destroyed by unknown militants in Akkakhel locality on Friday. As the original incident was not reported, so details are being taken from this article.",TERRORISM
"Security forces, backed by gunship helicopters pounded various hideouts of the militants with heavy artillery. A man was killed while several others were wounded.",GOV_ATTACK_ON_NONSTATE_COMBATANTS
"A man was shot dead in the Kot Mir Mohammad village, allegedly over a land dispute. No case was registered.",OTHER
Double murder of a couple in the name of Honour.,OTHER
A trader belonging to the Hazara tribe was shot and killed while he was sitting at his shop.,ASSASSINATION
"The Serena Hotel, that was housing foreign delegates including Afghanistan Vice President Karim Khalili, received a call from Afghanistan urging the staff to evacuate the hotel as it was going to be blown up. After a thorough security search the hotel was declared safe. The hotel's security officer, Wajahat Hussain, claimed that it was a 'routine drill' but no other official could corroborate the claim. ",THREAT_OF_VIOLENCE
"Unidentified assailants shot dead an expatriate, Muhammad Asif, in Sialkot Saddar.",ASSASSINATION
one man was killed an 2 others were injured when a landmine exploded as a tractor trolley hit it.,TERRORISM
MSF's divisional president Mohammad Fiaz Qadri was taken from his home and shot in nearby fields by unidentified men. Eye witnesses told that they danced around his body and fled.,ASSASSINATION
"Two ethnic groups clashed over an old dispute, which led to one of the groups launching an armed attack on the other. The victims were from a newly-formed group called the Punjab Front. The police showed up after the event had already transpired and fired shots in the air to disperse some people who had gathered to protest. ",RIOT
A partially decomposed body of a teenage boy was found in the hills of North Karachi. The police stated that his throat had been slit and there were marks of torture on his body.,ASSASSINATION
"An agriculturist, Baggu Masih, was shot dead by his neighbours over a property dispute. According to his son, the neighbours wanted him to vacate his house and upon refusal, they shot him.",ASSASSINATION
A Shalobar tribesman was killed and one other injured when a hand grenade exploded in a trench. This seems to be an extension of the ongoing conflict between Ansarul Islam and Lashkar-i-Islam.,RIOT
"Unidentified men opened fire outside Masjid-o-Madressah Darul Uloom Rehmania, injuring 3 and killing 4. They assailants then went to Madressah Khalid bin Abdulaziz and opened fire there, leaving four people injured. A senior police official stated that the firing appeared to be sectarian motivated but the involvement of a foreign hand could not be ruled out. ",TERRORISM
"Two meeting between two groups, who had an ongoing land dispute, met  to resolve the issue but the meeting turned violent. 3 people sustained bullet wounds and 2 of them later succumbed to their injuries. The STP (Sindh Tarraqqi Pasand Party) claimed that the deceased were its members and that they died while resisting a land-grabbing bid. However, the police denied that that STP had made any such claims. ",RIOT
"A strike, called by the Save River Committee, was held in order to protest the acute shortage of water in Sindh. During the strike, many protesters burnt tyres and pelted vehicles with stones in Shikarpur, Garhi Yaseen and Jacobabad. Hundreds blocked Indus Highway between Jahania and Shikarpur. ",VIOLENT_POLITICAL_DEMONSTRATION
"Participants of a funeral procession of two men of Iranian decent, who were killed previously, forced shopekeepers in Lea market to close down their shops. They started pelting moving and parked vehicles with stones in the Karadar area and Lea Market; they lit bonfires in the old city area and damaged an eating house of the Al-Khair Hotel. Tehy also tried to put an oil tanker on fire near Khagzai bazaar but failed upon intervention by the police. Two buses carrying the processionists were detained and would be released upon taking undertakiings according to police reports.",VIOLENT_POLITICAL_DEMONSTRATION
one person was killed and another was injured as a result of unprovocative firing by the Indian troops on the civil population of two border villages of Azad Kashmir.,ATTACK_ON_STATE
A ten year old girl was killed in Dhamala village as the Indian forces continued firing from across the Working Boundary.,ATTACK_ON_STATE
"After the incident involving the death of the SHO due to a dispute over toll taxes, the police officials got angry and damaged a number of vehicles parked at the municipal bus stand and trashed the office of Feroze Khan, the president of the Wagon Owners Association. Many drivers and office bearers of different transporter bodies have been rounded up. Follow-up: According to the VP of Pakistan Yellow Cab Federation, more than 100 vehicles were damaged and the police and FC officials also damaged the offices of Blue Line and Dolphin Coach services due to which transporters have suffered a loss of Rs. 15 million. Accoding to unconfirmed reports, a person of Kohinstani ethnic group was allegedly involved in the firing incident.",VIOLENT_POLITICAL_DEMONSTRATION
Three people were killed and two others were injured when armed group of Ansarul Islam attacked compound of Lashkar-i-Islam. Three lashkar men were killed and two injjured were Ansarul Islam men. Ansarul Islam alleged that the bunker was used by the Lashkar men for shelling their center in the locality.,RIOT
Worshippers belonging to the Ahl-e-Sunnat and Ahl-e-Hadith had an argument over a religious issue which led to a scuffle. This led to an exchange of fire as both groups brought out weapons. 7 people were injured. ,RIOT
"A local farmer, Mehmand, was shot dead by two armed men on his way home over a property dispute. The police have registered a case against Ghulam Ali and Javel Iqbal.",ASSASSINATION
Four armed men killed three brothers and gunned down their grandfather near Drigh village on Friday on the pretext of karo-kari. There was an old enmity between the murderers and the victims. ,ASSASSINATION
Two soldiers were injured in an attack on a security checkpoint.,CONVENTIONAL_ATTACK_ON_GOV_FORCES
Two local leaders of the Sindh People's Student Federation were killed and an activist of the Jeay Sindh Taraqqi Pasand Party was wounded in a clash between the two groups when both exchanged fire at a hotel in Sukkur after a heated argument took place. ,RIOT
"The strife-hit areas of Karachi witnessed renewed violence, as a man was killed while friend was injured when armed men targeted them in Shesha Gali of Bhora Pir area.",ASSASSINATION
"Mohammad Nawaz axed to death his wife, after accusing her of having a bad character.",ASSASSINATION
Taliban attacked  a security checkpost in Tiazra in South Waziristan. The security forces retaliated killing 11 Taliban and injuring 20 others. ,CONVENTIONAL_ATTACK_ON_GOV_FORCES
"Two missiles fired by a US drone hit a house in Miramshah Bazaar, killing 6 suspected militants and injuring another 2. According to AFP,  3 of the killed militants belonged to the Haqqani Network. ",DRONE_ASSASSINATION
Two tribesmen were killed and two were injured in a clash between two groups of the Kakar tribe in Majak.,OTHER
Indian border security forces and Pakistani guards traded fire twice across the borderline near Sialkot's working boundary in the area which distinguishes it from the International border.,OTHER
An unmanned US drone crashed near in the rice fields of Juma Khan village. Officials claimed the plane was on a routine surveillance mission and crashed due to a technical fault.,DRONE_ASSASSINATION
"At least 4 people were killed and 11 were injured by unidentifed assailants in Azimpura, Green Town, Golden Town, Shah Faisal Colony and adjoining localities on Monday.",TERRORISM
"At least seven people were killed and 18 others injured in firing by unknown gunmen in main Bazaar. The motive behind the seemingly terrorist action was not known.  The gunmen arrived at the market and opened indiscriminate fire at the people. They managed to escape after committing the massacre. Followup: One of the injured in the Shorkot incident succumbed to her injuries, raising the death toll to 8.",TERRORISM
"Indian troops targeted Zero point, in Neelum valley, by shelling which hit a passenger bus injuring five persons on board. ",ATTACK_ON_STATE
"US drone fired six missiles in the Doga area of Dattakhel and killed six suspected militants. However, according to locals, the men were tribesmen and had nothing to do with the military. ",DRONE_ASSASSINATION
"The body of an unidentified man was found in steel box left unattended in Kotlakhpat-Baba Farid Colony on Thursday. Police said that middle aged man and women came in a car who hired a van for bringing the steelbox, but due to potholes on kathchajail,the driver refused. The middle aged couple flee from the scene. Later it was found that the body was poisoned to death",ASSASSINATION
"As a result of the assassination of JSQM activist Lal Buksh Noorani, activists of JSQM demonstrated outside Mehrabpur Police Station and some protesters attacked some shops and set ablaze a welding shop on Saturday.",VIOLENT_POLITICAL_DEMONSTRATION
Badhber police with the help of the bomb disposal squad defused a home-made bomb in the fields of Mashugagar village.,TERRORISM
The decapitated bodies of Malik Dost Mohammad and Malik Umer were found. The two tribal elders were kidnapped from Sheraki area of Darra Adamkhel a few days prior to their bodies being found. The TTP had warned the elders of the area to not allow food and water to be supplied to security personnel at checkposts but the warning was ignored.  ,ASSASSINATION
5 children were killed in a bombexplosion in Khan Mahi Village on Monday. The device was a booby trap that exploded when children picked it up thinking it was a toy.,TERRORISM
"Syed Shahanshah Hussain, a former student leader and a city lawyer was shot dead by unidentified gunmen while he was going to Sadar in a taxi. The reason behind the killnig is not known.",ASSASSINATION
"A renowned trader, Syed Inayat Ali Kazmi was killed by his nephew insdie the ward of the hsopital where he was admitted. The accused slit open his uncle's throat. The nephew was arrested but the reason behind the killing could not be ascertained.",ASSASSINATION
The body of a 35-year old was found near the stadium in Korangi No. 5. It bore torture marks and had been stuffed in a gunny bag.,OTHER
"Suspected militants blew up Khobai Educational Academy, a private high school, in Khobai area of Sabqadar. They had planted improvised devices which went off one after the other, destroying the school building, and damaging a mosque and houses in the vicinity. ",TERRORISM
"An angry mob burnt a minibus and set a few hotels on fire after the driver of a bus, after hitting a small girl, exchanged rude words with the child's mother. The infuriated mob (some taking advantage of the situation) set hotels on fire too.",VIOLENT_POLITICAL_DEMONSTRATION
3 people were killed and 6 others wounded when troops fired artillery rounds near Sadda when some combatants refused to vacate their positions. This attack was in relation to the violence that was occuring in the area between two rival groups that had claimed a number of lives.,GOV_ATTACK_ON_NONSTATE_COMBATANTS
Students of the Government Islamia College Civil Lines torched three buses and damaged 15 others after their college fellow aws killed by a bus on Lower Mall. The police reached the spot but to no avail. The protesters finally dispersed when a senior police officer assured them that a morder case would be registered against the driver and bus company owner.,VIOLENT_POLITICAL_DEMONSTRATION
"Saifullah Siddique, a Haqiqi worker, was shot dead near Gole market in Nazimabad.",ASSASSINATION
At least 11 people were killed and 60 were injured when the angry protesters were trying to demolish a Hindu Temple near Jamia Khairul Madaras on Tuesday.,VIOLENT_POLITICAL_DEMONSTRATION
A man was killed while two others sustained injuries when four people attacked them with clubs at Jatoi town in muzaffargarh district on Wednesday,ASSASSINATION
"An armed clash between two student groups, one of which was PkSF, left 6 people injured including 3 passer-bys and a policeman. Following a clash between two student groups, an injured member of the PkSF was taken to Liaquat National Hospital where he was allegedly denied 'proper treatment'. This led to the hospital being attacked by armed youths who ransacked the building and fired shots in the air to force the suspension of several services including the emergency unit. A later report implies that the other group involved was the APMSO (\10 more killed as 'ethnic violence' continues in Karachi\"", Dawn, 16-Jun-11, page 2)""",RIOT
At least one person was killed and three were injured in Indian shelling along LoC in Tarroti Village on Tuesday,ATTACK_ON_STATE
"Bullet-riddled bodies of two militants were found from the Zor Mandi area, Batkhela.",GOV_ATTACK_ON_NONSTATE_COMBATANTS
"In an attack on the People's Peace Committee's office, 2 activists were gunned down by members of the Ghaffar Zikri gang which led to a series of scattered incidents of violence. Other than the two PPC activists, 5 other people were killed and 7 were injured. A heavy contingent of police and Rangers took about 12 hours after the clashes started to move into the area. Follow-up: Intermittent firing continued over night and through the next day. During the night rockets were fired at Ali Muhammad Mohalla and Band Mohalla and firing became intense again in the following afternoon. 2 more people, Aqeel son of Faqir Mohammad and Nasir son of Rafi, were killed and one injured person, Shahid alias Dhobi, from the previous day succumbed to his injuries. ",RIOT
"A prominent PML leader, Abdul Aziz Qureshi, was killed when unidentified armed men opened fire on him as soon as he opened the door to his house in Bagh Hayat Ali Shah, and fled on motorcycles. ",ASSASSINATION
The Jagirani tribesmen killed two members of the Jatoi clan to avenge the killing of a woman by the Jatois.,RIOT
"Saeed Akhtar, a local cloth merchant, was shot and killed by unidentified people. The assailants knocked on his door and opened fire as soon as he answered it. ",ASSASSINATION
"Mukhtar, Rafaqat and Akhtar opened fire on Naveed, Asif and Irfan as they were going to the house of Aslam. Naveed died on the spot, and according to his father, the accused had forcefully occupied their land and he along with the village elders requested the them to hand over the land. The Chhanga Manga police have registered a case and arrested the accused.",ASSASSINATION
A woman was injured in Indian firing across the LoC,ATTACK_ON_STATE
"An alleged 'terrorist' in a shoot out with the police when a gang of terrorists were asked to stop for checking near Piyala Hotel, Federal B Area. ",OTHER
"A woman in her 20s was axed to death by her uncle, Faiz Bakhsh. It was alleged that she had developed 'illicit relations' with someone. ",ASSASSINATION
A militant was killed in an encounter while he was trying to sneak into Buner district. ,GOV_ATTACK_ON_NONSTATE_COMBATANTS
"Unprovoked Indian shelling on the Tchowar, Thokhmus and Pyone villages in the Chorbat valley, Shyoke sector near the Line of Control caused damage to standing crops and fruit trees in the villages. However, no casualties were reported.",ATTACK_ON_STATE
"the mother and wife of an accountant of the Sihala Police Office CollegeNazeer Omer, were killed at their houes by unknown assailants in Dhoke Chaudhrian.",ASSASSINATION
2 people were killed and 2 were injured when unidentified armed persons attacked on PKMAP Office on Club Road on Saturday.,TERRORISM
"A student of Islamia College, belonging to the MSF, was stabbed to death by a student belonging to the PSF (along with accomplices) after the two had had a heated conversation in which the PSF member had threatened to teach the deceased a lesson after college hours. ",ASSASSINATION
"Heavy shooting was reported near the Schon Circle in Clifton, Phase 6, however, the police did not confirm this report.",TERRORISM
A man wa shot dead by unidentified men in Madina Colony of Korangi.,ASSASSINATION
two brothers belonging to the Dareshak family were shot dead while in their car by unidentified assailants. One man was also injured.,ASSASSINATION
high explosives with timer were planted on a bicycle parked in front of a small restaurant on Sariab road exploded destroying the restaurant three other shops and half a dozen pushcarts. A police had calimed five deaths in the blast however the hospital sources confirmed four deaths. only one the body has been identified as Sharkal Khan Pirkani.,TERRORISM
Two people were injured after being hit by splinters of a shell fired by the Indian forces across the LoC.,ATTACK_ON_STATE
"A 30 year old MQM worker was shot dead by unknown assailants near the KDA flats in Karachi. The police chased the attackers and fired on them injuring the two attackers. According to the Police, the attackers belonged to the PPP youth wing.",ASSASSINATION
"the bullet-riddled body of an alleged US spy, Sher Nawab, was found in Mirali.",ASSASSINATION
"Police recovered parts of a young man's body from a drain in Gulshan-i-Iqbal. One sack containing parts of the body was stuck in the drain and another sack- with the remaining body parts- was found a few meters away. Later, a head of a man was found in the street near Sabzazar's fruit market. ",ASSASSINATION
"Hawaldar of Swabi police was shot dead by unidentified attackers in Kalu Khan, Swabi.",ASSASSINATION
A bullet riddled body of a teenage boy was found in the graveyard.The reason behind the killing could not be ascertained.,ASSASSINATION
"An explosion outside an Imambargah left 6 people injured. However, the target of the blast Syed Muhammad Taqi Naqvi, central Vice-President of the Tehrik-i-Jafria Pakistan (TJP), escaped unhurt. Naqvi was on his way to the Imambargah for a meeting in connection with Yaum-i-Ali when the bomb exploded. ",ASSASSINATION
Masked assailants entered a grocery shop in Misgaran bazaar and opened indiscriminate fire killing three Shia persons.,ASSASSINATION
"Paras Khan, an ANP activist, was shot and killed by two men on a motorbike while he was standing outside a shop. ",ASSASSINATION
"Fahmeed Khan, of Gondlanwala, was going to his dera on his cycle when some armed unidentified men opened fire on him and killed him. The motive behind the incident could not be ascertained. ",ASSASSINATION
Militants attacked security forces in the Palai area of Malakand after which a clash ensued which left five militants dead. ,CONVENTIONAL_ATTACK_ON_GOV_FORCES
"Two groups of the Panhwar tribe clashed over an old enmity. 10 people, including a woman, were injured.",RIOT
A mother of eight children was strangled to death by her son over her alleged illicit relations with a man in village Kasoki.,ASSASSINATION
12 militants overpowered the watchman at a school and then planted explosives. The explosion destroyed the school building. ,TERRORISM
A man was found dead in Gulberg. He had reportedly been kidnapped the night before.,ASSASSINATION
"A young man, Abdul Rehman, was stabbed to death during a clash. No further details given. ",RIOT
"Waseem, in charge of the Edhi ambulance service at Jinnah Postgraduate medical Centre was kidnapped and tortured by armed suspects.",TERRORISM
1 person was killed and 6 SSP men were injured in a sudden attack by a group of rivals in Shorkot on Monday.,RIOT
"security froces thwarted an attempt by militants to destroy their base in Peochar valley, a stronghold of the Tehrik-i-Taliban Swat chief Maulana Fazlullah. MaJ-Gen Athar Abbas said that at least 21 of the militants who had attacked the base were killed. 8 secuirty personnel were injured in the clash.",CONVENTIONAL_ATTACK_ON_GOV_FORCES
A paramilitary checkpoint near Miramshah was attacked by militants in which 3 soldiers were injured.,CONVENTIONAL_ATTACK_ON_GOV_FORCES
Nusrat Ali and Rashid Malik were on their way back from a 'religious gathering' when they were intercepted by 4 armed motorcyclists and shot dead. ,ASSASSINATION
"During a protest demonstration by the Christain community agains the Shantinagar incident of 6-Feb-97, police dispersed protesters in the Mehmoodabad area who had disrupted traffic and tried to set vehicles on fire. ",VIOLENT_POLITICAL_DEMONSTRATION
"Security forces clashed with militants in Zakarkhel village, killing 3 Uzbeks and one tribesman. An official said that the militants opened fire first, after which the security forces targetted a militants stronghold with heavy machine guns. The gun battle took place when talks between tribal elders and militants hiding in the house failed.",GOV_ATTACK_ON_NONSTATE_COMBATANTS
An explosive device planted under a truck was defused by the police.,TERRORISM
"In Mustafaabad, former councillor Hafizullah along with his 10 supporters were arrested for injuring the supporters of his opponent. ",RIOT
"Four persons were killed while twenty-seven others were injured when a  2kg bomb, planted under a 'parapet' adjacent to a vegetable shop in a vegetable market in Peshawar, exploded. ",TERRORISM
"police intercepted a bus on Sargodha Road and arrested two alleged terrorists, Ahmad Saeed and Mukhtar Ahmad. Two hand grenades and explosives were found in their possession. Sources claimed that those arrested were on their way to commit some sabotage activity on the eve of Shab-i-Barat in the city.",TERRORISM
unidentified miscreants resorted to indiscriminate firing in the Wadhat Colony and Polytechnic College areas. The Sindh Punjabi Students Association accused the sepratists elements living in Wadhat Colony of firing.,TERRORISM
"Two youths, Azhar Abbas and another, were wounded when they were attacked in 5-C area. Azhar died later in the hospital. ",RIOT
"A procession coming from Khudadad Colony was stopped by personnel of law enforcement agencies which resulted in a clash between the law-enforcers and the people in the procession. Protesters threw brickbats on the neon signs besides the gate of Quaid-i-Azam's mausoleum. They also stormed into the mausoleum and \ransacked benches\"" and damaged a few cars parked inside the mausoleum. The police resorted to baton charging and teargas shelling to control the situation . The people then gathered at Naumaish Chowk and ransacked the traffic police checkpost. """,VIOLENT_POLITICAL_DEMONSTRATION
Police said riaz suspected his niece to be having illicit relations with her neighbor. He with his two accomplices first went to his nieces house killing her and injuring her sister and then went to her nieghbour's house killing another person and injuring three others. The condition of the injured is stated to be critical. ,OTHER
One was killed and nine others injured when a low intensity time bomb exploded in a minibus near Jama Cloth Market. The device weighed 300 grams and was fitted with a 15 minute timer and was placed under the seat which was above the fuel tank. ,TERRORISM
1 person was injured in Indian shelling along LoC in Digwar Village on Tuesday.,ATTACK_ON_STATE
Karachi witnessed the bloodiest day of the recent wave of violence as a trader was killed and six others were injured when unidentified gunmen opened fire on a group of people in Qasba Colony No.2 during the on-going violence. ,TERRORISM
around 200 PML-N activists were outside Nawaz Sharif's residence. The police had blocked the two exit points from his residence by placing buses there. The marchers damages three buses placed to stop them from marching further. The policemen ran for their lives and took shelter in the residential quarters. the police said that they were not willing to stop the protesters as they were doing supporting the right cause.,VIOLENT_POLITICAL_DEMONSTRATION
A villager was killed and his mother was seriously injured in shelling by Indian troops on Sialkot's Working Boundary of Charwa sector.,ATTACK_ON_STATE
Military jetfighters bombed suspected militant hideouts. Locals claimed that 2 people were killed and 7 injured. ,GOV_ATTACK_ON_NONSTATE_COMBATANTS
An owner of a bakery and a milkman were killed when unidentified men on a motorcycle opened fire on them while they were chatting at the Bakery in Gulberg. The motive of could not be known.,ASSASSINATION
"At least 10 people were killed and 14 others injured when Namdar and Takia groups exchanged fire over a business dispute. The groups had clashed two times before as well, one of the instances being when Lashkar Islami leader Mangal Bagh visited the area. ",RIOT
"A suicide bomber blew himself up in Khar upong being challenged by security forces. He had sneaked into Khar from Sara Meena and when security personnel had surrounded him, he detonated himself. No one was hurt in the explosion. ",OTHER
security forces pounded militant hideouts in Tor Chappar and adjoining areas of Darra Adamkhel. No loss of life or property was reported from any side.,GOV_ATTACK_ON_NONSTATE_COMBATANTS
"Security forces launched an operation in Manzari Chena, Athamkhel and Zorh Kallay of Baizai Tehsil. Two volunteers and a soldier were killed in the clashes with militants while twelve security personnel and five volunteers were injured in a mine blast and clashes. The security forces defused several bombs in Shanikhel and Dobakhel areas.",GOV_ATTACK_ON_NONSTATE_COMBATANTS
"A dispute that started with a cheating incident spiralled into open violence between PSF (People's Student Federation) and the ISO (Imamia Student Organization). Students of one group stormed into an examination room in the sociology department and thrashed a student of the other group, leaving him with bruises and fractures. A faculty member who tried to intervene was also injured. Even though the Rangers personnel deployed at the site were informed of the incident they took no action. A former KU student was also beaten up near the administration block. ",RIOT
"a PPP activist Riaz Ali was shot dead by 2 men in Orangi Town. Two suspects were named, by the victim's father, in the FIR.",ASSASSINATION
"Some students reportedly belonging to the Islami Jamiat Tulaba (IJT) thrashed a boy and girl for sitting together on campus. The IJT, however, denied doing so, and claimed that they had only warned them of sitting together and not thrashed them.",OTHER
Some unidnetified men resorted to indiscriminate firing in the congested locality. Panic spread in the area and a young boy was injured as a result. The gunmen escaped after a few minutes. Police believe they were angry college students or members of a student organisation.,TERRORISM
A labourer was found dead outside his house in Nazimabad on Saturday. He also had wound on his body.,ASSASSINATION
A police head constable was shot and wounded by unidentified assailants near the Lea Market Chowk while he was on his way on a motorcycle.,ASSASSINATION
"A former president of the Tehrik-i-Jafria Pakistan Vehari, Liaquat Ali Gujjar, was shot dead when 2 motorcylists blocked the road and opened fire on him on the Multan road. The police raided several houses in Thingi Colony and Chak 95/WB and took people into custody. ",ASSASSINATION
A woman was killed by her brother for having illicit relations with a man from her village.,ASSASSINATION
A man was killed and three people were injured when a tractor trolley hit a landmine in Sui.,TERRORISM
Unidentified armed men opened fire on Malang Mangrio polling station killing one and injuring 2 others.,OTHER
Two people were killed and four others were wounded when unidentified people entered the Al Falah mosque in Liaquatabad and opened fire on the people present. ,TERRORISM
A man was killed and three others injured in a clash between two rival groups in Langah village.,RIOT
"Violent mob attacked the residence of Col.Anwer, DOHA Secretary and ransacked it. One of the vehicles parked inside the house was also set ablaze",VIOLENT_POLITICAL_DEMONSTRATION
Fresh clases between security forces and militants put the military in an advantageous position as they seized higher ground.,CONVENTIONAL_ATTACK_ON_GOV_FORCES
"Militants fired 12 rockets on Monrah security camp in Dattakhel. However, no loss of life or property was reported.",GUERILLA_ATTACK_ON_GOV_FORCES
"Khair Muhammad alias Foto Dayo- a resident of the village Nandha Bossan- was shot dead by five armed men. As the police heard the shots, they reached the area and chased the killers. They caught Ghulam Ali, Nek Muhammad, and Imdad (all Dayo clan). Two escaped. ",ASSASSINATION
Microwave station of Pakistan Telecommunication Corporation Limited (PTCL) was damged in an attack. The assailants fired scores of rounds of automatic weapons hitting different parts of the building. Levies personnel deployed in the area rushed to the place and returned fire. the exchange of fire continued for a hour after which the assailants fled away.,TERRORISM
"As part of the ongoing dispute between the two rival student groups, Islami Jamiat Talaba (IJT) and the All Pakistan Mohajir Students Organisation (APMSO), clashes took place at the Arts and Science campuses of the Federal Urdu University of Science, where  both sides indulged in fist fights and later used clubs, empty bottles, stones etc. Sources expressed that the continuing clashes between the two groups had evovled into a power struggle and now aimed to invovle the local governments to maintain the law and order situations in the colleges and universities.",RIOT
"In reaction to the demolition of Babri Mosque in Ayodhya, angry mob burnt the effigies of Indian Prime Minister and other Hindu leaders in Renala Khurd on Tuesday.",VIOLENT_POLITICAL_DEMONSTRATION
"Approximately 12 armed youths attacked the provincial office of the PPP. They held the inmates at gunpoint, damaged property. According to Kissan Wing President, the assailants were from PML (N) youth wing and the MSF. ",TERRORISM
Militants attacked security forces with remote controlled devices resulting in three injured soldiers.,GUERILLA_ATTACK_ON_GOV_FORCES
An activist of the MQM-H (Afaq Ahmed led faction) was found shot dead in a playground in Malir. He had been shot in the head and chest. The police stated it to be too early to term it a political killing. ,ASSASSINATION
"A 28 year old shopkeeper reportedly drowned in the lake of Minar-i-Pakistan under mysterious circumstances. He had gone to his shop but did not return. Later, his body was found which bore marks of violence. ",ASSASSINATION
"Pakistani gunship helicopters targeted militant hideouts along the the border between North and South Waziristan, killing 3 suspected militants and injuring 8 others. ",GOV_ATTACK_ON_NONSTATE_COMBATANTS
"A time-device attached to the rear end of an oil tanker exploded, setting the tanker on fire. The tanker was on its way to Afghanistan. The driver and the cleaner of the truck were arrested. ",TERRORISM
Chenab Rangers found a 1.5kg bomb (that was made in Pakistan) planted beneath an electricity pole. The bomb disposal squad was called from Sialkot and defused the bomb.,TERRORISM
"A police constable was shot dead near Palm Street, Usmanabad. According to reports, unidentified people kidnapped him and his bullet-riddled body was later found behind an Imambargah.",ASSASSINATION
5 people were killed and minimum of 45 prisoners were injured in a riot in Central Jail Gujranwala on Thursday. ,RIOT
3 houses of suspected militants were demolished.,GOV_ATTACK_ON_CIVILIANS
"PML(N) MNA Shaikh Tahir Rasheed alleged that Muslim Leaguers, including himself, were baton-charged by the police under orders of the Punjab Governor Chaudhry Mohammad Altaf. He claimed that the policemen had openly admitted to the orders having been given. This allegation was made in an application submitted to Multan SSP and SHO Cantonment police station. ",GOV_ATTACK_ON_CIVILIANS
"According to a Press briefing by Karachi commissioner, as part of the on-going violence, one person was killed and another was injured in District West.",OTHER
Indian shelling across the Line of Control. Details are not available.,ATTACK_ON_STATE
"It was reported that on 08-Jun-94 Indian forces opened fire on their Pakistani counterparts across the LoC, killing Captain Abdul Kaleem Dar of the Baloch Regiment. ",ATTACK_ON_STATE
Two women were murdered by five armed persons on the pretext of Karo-kari in Manga Mandi Area on Saturday.,ASSASSINATION
"During a strike called by the Milli Yakjehti Council (MYC), police baton charged and tear-gassed MYC workers who were allegedly damaging buses and blocking roads. As many as 15 workers were arrested. ",VIOLENT_POLITICAL_DEMONSTRATION
military expanded its operation in Bajaur. Security forces claimed killing 10 militants in attacks by gunships and heavy artillery.,GOV_ATTACK_ON_NONSTATE_COMBATANTS
A large number of residents of the American Quarters smashed windowpanes of an engine of Faisalabad-bound Super Express near Shahbaz hospital on Wednesday to protest against non-availability of water in their area. The protesters only dispersed after XEN Bashir Awan assured them that the water supply will reach the area soon.,VIOLENT_POLITICAL_DEMONSTRATION
A young man was found shot dead in Korangi No. 3 1/2. He bore a single bullet wound to the head. ,OTHER
A youth suffered serious wounds in a landmine blast in Kotli Syed Mir village in the Chaprar sector.,TERRORISM
Indian forces continued shelling on the Pakistani border villages across the LoC.,ATTACK_ON_STATE
An unidentified person was killed and his bosy dumped in the cotton fields.,ASSASSINATION
"A boy was injured in the Ghantarbala village of Nakyal Sector, Kotli, in Indian shelling from across the Line of Control. The Indians used machine-guns, mortar shells and medium artillery.",ATTACK_ON_STATE
"Yasin Khan Pathan was injured when some explosive materials planted in his air conditioner blew up, damaging the whole room. The police could not ascertain the cause behind the incident.",TERRORISM
"2 ST men, Mohammad Ali Qadri and Merajuddin, were gunned down by unidentified men in Karachi's Eastern neighbourhood of Korangi Industrial area.",ASSASSINATION
Security forces demolished the houses of Sakhi Jan and Rafeel Khan who were leaders of Lashkar-i-Islam. ,GOV_ATTACK_ON_CIVILIANS
Fazal Husain and Amir Hussain had a land dispute which led to the two parties exchanging fire. 3 people were killed in the exchange. ,RIOT
"A landlord, Muhammad Bashir of Datay Wali, was shot dead by unknown assailants who then fled the scene. ",ASSASSINATION
A man was killed in the village of Juran when he came under the fire of the Indian security forces from across the LoC.,ATTACK_ON_STATE
"As claimed in the condemnation statement of Chief Organiser of National People's Party, S.M Zafar, There was a Scud missile fired from Afghanistan and it exploded in Wah. No other details are available. ; Follow-up : The Foreign Office has condemend the attack and lodged a protest. The report also mentions the date and location of the attack.",ATTACK_ON_STATE
A body of an unidentified boy was found on the street in Madina Colony.,OTHER
"Gangsters' barged into the house of Murad Ali Domki and opened fire, killing Murad Ali and injuring his wife. ",ASSASSINATION
Unidentified assailants shot dead Feroz Hussain Shaha- the former TJP President of Tank- and Maqbool Hussain Shah as they were heading to Shorkot. The assailants threw their bodies in the fields.,ASSASSINATION
Unidentified arsonists set a KESC van on fire in Buffer Zone. ,VIOLENT_POLITICAL_DEMONSTRATION
"A police officer, SHO Farid Barach of Panjpai area and his son were injured when unknown persons hurled a hand grenade at their house.",TERRORISM
An unidentified boy was shot dead by unidentified assailants.,ASSASSINATION
"Arif Massih, a vendor, alleged that ASI Rafique of the Muslim Town police station took him to the police station and tortured him after the vendor refused to pay the ASI 'monthly'. (See note)",GOV_ATTACK_ON_CIVILIANS
A man and his three sons shot a man dead and injured his wife over a land dispute.,ASSASSINATION
Occupants of a yellow-cab opened fire at a police party when the latter signalled the former to stop for a 'snap check'. An ASI was killed while a constable was injured. One of the assailants was also injured when the police fired back. ,CONVENTIONAL_ATTACK_ON_GOV_FORCES
"A youth, identified as Mujeeb of Adezai area was shot dead by unidentified people. Report claims that he was a 'security personnel'. ",ASSASSINATION
Two men were shot dead by unidentified men on a motorcycle near Mastung Cadet College. This attack reportedly came five adays after the education minister was shot dead.,ASSASSINATION
"The police raided the house of Hashim Brohi, looted the house and taken Mehmooda and her brother Rajab Brohi. The police kept them at the Civil Lines police post in illegal confinement over several days. According to Mehmooda, she was gang raped there. There is an FIR registered against ASI Israr Ahmed Khoso, constable Iqbal Shah and two unidentified constables. ASI Khoso and constable Shah have been suspended  ",GOV_ATTACK_ON_CIVILIANS
"13 militants were killed when secuirty forces pounded their hideouts in Babra, Charmang, Hashim and Cheenar areas of Nawagai subdivision.",GOV_ATTACK_ON_NONSTATE_COMBATANTS
"militants fired 5 rockets at Shahgai and Ali Masjid forts, situated on the main Peshawar-Torkham highway. Sources say that at least 2 hit the Shahgai and Ali Masjid forts while another hit a near by hilltop in Lala Cheena locality. No damage was caused to any of the forts. the security forces resorted to indiscriminate firing. the forts were jointly occupied by the Pakistan Army and the Khyber Rifles. local militants had threatened to carry out attacks on government and military installations if the suppy of fuel and military hardware to Nato forces in Afghanistan was not stopped.",CONVENTIONAL_ATTACK_ON_GOV_FORCES
"Two bomb blasts in quick succession at a main market left at least 32 people dead while at least 90 were injured. The first blast was small in comparison and drew a rescue workers, police and journalists to the spot after which a second explosion tool place. Among the victims were 6 injured journalists, 2 of which later succumbed to their injuries. The attack took place across the street from the offices of the top political agent for Khyber. Housing for army soldiers was also in the vicinity of the blast. ; Follow-up: The final injury count was reported to be 108, while the death toll rose to 40 as 8 people succumbed to their injuries. ",TERRORISM
"Ten people were injured when an explosive device went off in the busiest trading centre of Sargodha. The bomb, which was placed under a crate, exploded at around 5:50 pm.  The blast was described as an act of terrorism.",TERRORISM
unknown assailants gunned down a senior journalist,ASSASSINATION
"2 members of the MQM,Yaqoob and Muhammad Shahid, were gunned down by 4 unidentified attackers on motorcycles in Mohajir Camp, Baldia locality. The fleeing attackers fired into the air.",ASSASSINATION
Militants attacked a checkpost in Pat Feeder area of Nasirabad. At least eight rockets were fired but none of them hit the target.,GUERILLA_ATTACK_ON_GOV_FORCES
"3 video and Cd shops were blown up in Mattani Bazaar. According to the police, improvised explosive devices were used. Moreover,t he shopkeepers had received warning letters from unknown people asking them to stop video and CD businesses in that area.",TERRORISM
"About 15,000 people, displaced by floods, surrounded the district coordinator's office and protested against the shortage of food, shelter and potable water. They set ablaze tyres and pelted vehicles with stones. In an attempt to pacify them, government and police officials arranged for 3 pick-ups loaded with flour but the collection and distribution of flour led to a fistfight and the police resorted to aerial fire to disperse the mob. Three women were injured. ",VIOLENT_POLITICAL_DEMONSTRATION
A bomb planted on a motorbike exploded near a bus stand. Police couldn’t decipher whether the boy killed was a terrorist or not.,TERRORISM
"Rival sectarian groups exchanged fire in different parts of Kurram Agency for the fourth day in a row. The report claims that the total number of people killed in the four days was 200, but the inidividual incidents when added up puts the number killed to a total of around 40.  The incident has been coded as a report earlier titled: \Curfew in Parachinar after sectarian clashes; Sectarian riots escalate in Kurram Agency; Pitched battles continue in Kurram; truce not in sight\"". The dates of the report are from 11-Sep- 1996 to 13- Sep -1996. Followup: It was later reported that the number of people killed that was reported, which was 200, was an unofficial number, and had been taken from local and independant sources. However, official sources put the number of people killed in the clashes to 103.""",RIOT
"As the strike called by Joint Action Committee of PIA employees continued, Airport Security Force attacked PIA emplyees with batons in an attempt to prevent them from entering the airport. Several people, including women and media personnel, were injured and 5 of the injured had to be taken to the hospital. ",VIOLENT_POLITICAL_DEMONSTRATION
"At least six people were killed and five others injured in fresh clashes between militants of the banned Lashkar-i-Islam and Ansarul Islam groups in the remote Tirah valley of Khyber Agency.  Armed supporters of the two organizations traded heavy gunfire to gain control of the Kukikhel area. Lashkar spokesman Zar Khan said they had regained control of Ghulam Ali, Zmarai, Souk, Garhai and Sandapal hills. However, Ansaar spokesman Haji Mobin refuted the claim and said the Lashkar's attack was repulsed.",RIOT
The caretaker of an Imambargah was killed and his gardner was injured when unidentified armed men opened fire on them outside an Imambargah in Orangi Town. ,ASSASSINATION
"Doctors and other health professionals from various private clinics and government hospitals received unaddressed envelopes with bullets in them, death threats and extortion demands. This alarmed the medical community as in the past Karachi has witnessed widespread targeted killing of doctors. ",THREAT_OF_VIOLENCE
"Unidentified men attacked an auto workshop with a grenade, killing one person and injuring another 3.",TERRORISM
a passerby was killed and 4 others were injured in an exchange of fire between two rival groupss at Chak 187-GB near Rajana. They had an old enmity over a property dispute.,RIOT
Heavy fighting between security forces and tribesmen erupted. A government official claimed a militant was injured during the clash. Agha Shahid accused the security forces of attacking the tribesmen. He told that there was no casualties on tribesmen's side. ,GOV_ATTACK_ON_NONSTATE_COMBATANTS
"A boy was killed and three others injured when two groups exchanged fired on an unknown issue in Kohat.Of the three injured, two were women who got caught in the crossfire. ",RIOT
"Akbar Raza, a resident of Malir Saudabad, was killed by unidentified people who threw his dead body in Darakhshan Colony. ",ASSASSINATION
"The Indian Security Forces continued firing on Zafarwal, Charwa, Bajwat, Chaprar, Harpal, Sucheetgarh, Bajragarhi and Shakargarh sectors. As a result, the firing killed 1 donkey, badly damaged some houses as well as distrupted the sowing of paddy crop. The Chenab Rangers returned the fire. ",ATTACK_ON_STATE
"a 'suicide vehicle' which was going to Saidu Sharif, was spotted by security forces and destroyed after an exchange of fire.",TERRORISM
"Almost all religious and jihadi organisations took out a protest procession in Gujranwala against the US and its allies for attacking Afghanistan. The protesters burnt an effigy of US President Bush. The protest was attended by JUI, JI, PML-N, SSP, Jamiat Ahle Hadith, Jamaat Ahle Sunnat, traders and lawyers. ",VIOLENT_POLITICAL_DEMONSTRATION
"Police and Rangers conducted a search operation in Shanti Nagar after two rival gangs had clashed repeatedly for a few days. In the clash that took place between law-enforcement personnel and the gang members, 5 suspects were killed while 4 were arrested. Significantly, Kalu Karrant, who was the front man of notorious Lyari gangster Ghaffar Zikri, was also killed. ",OTHER
Two people were killed in Charhoi village in Kotli as the Indian forces continued firing from across the LoC.,ATTACK_ON_STATE
Militants attacked a police station in Rahimabad. An exchange of fire between militants and police which continued till Sunday morning.,CONVENTIONAL_ATTACK_ON_GOV_FORCES
"Atleast four persons were killed and several others injured in clash between the Nazir Choliani and Nawab Choliani groups of the Choliani tribe over a land dispute,when a serious gun battle took place for five hours near Karampur. The two groups had reportedly been involved in the dispute for the past many months.",RIOT
"Maulana Idrees Chinioti, a religious leader and brother of Maulana Ilyas Chinioti (MPA of the ruling  party) escaped a murder attempt while he was returning from Chak 45-JB when four to five men opened fire on his vehicle, killing the driver and injuring Maulvi Mukhtar.",ASSASSINATION
"one person was killed and many others injured when a bomb exploded in a tonga near Naz cinema.; Mazhar Husain, injured in the bomb blast died. He is the fourth person to have lost his life in the blast.",TERRORISM
4 armed persons shot dead two men in Bokan Morr on Wednesday.,ASSASSINATION
2 people were injured when unidentified assailants opened fire on a minibus on Saturday.,TERRORISM
"following the killing of the baloch nationalist leaders violence erupted in Balochistan. The bodies of Ghulam Mohammad Baloch, Lala, and Sher Mohammad Baloch were found.",ASSASSINATION
"Hakim Said , chancellor of the Hamdard University, philantropist and a leading practitioner of alternative medicine (Hakim) was shot dead along with his two aides. The attackers could not be identified. The Hakim was a well known figure in Pakistan.",ASSASSINATION
Hundreds of residents of Khanqah Dogran set a police station on fire. They had earlier ransacked the police station to show their protest against their inclusion into the new district of Nankana Sahib. ,VIOLENT_POLITICAL_DEMONSTRATION
3 people were found killed in the city of Karachi. The report does not provide any details of the killings.,ASSASSINATION
Eleven persons were injured in an armed clash between two groups of the Burro clan over a minor dispute,RIOT
"An elder of the Raisani tribe, Hajir Noor Muhammad Raisani, was gunned down while his two grandsons were injured, when unknown armed men opened fire on them while they were sleeping in the backyard of their house located in the village of Haji Shahar. ",ASSASSINATION
Militants blew up a servant quarter near the Government High School. The school building itself had already been destroyed by militants. ,TERRORISM
Three people were killed while five others were injured over a land dispute in Unga village of Soan Sakesar Jauharabad. ,ASSASSINATION
Haji Mohammad Bux was beaten to death in his house allegedly by four unidentified men who used to frequent his house.,ASSASSINATION
A minubus was burnt after the funeral procession of a man that had died in a previous clash between two religious groups on 23-05-03. After attending the funeral prayers people gathered at the mosque marched on the main road as a procession and lit a bonfire along with setting a minibus ablaze. They claimed they had wanted to take the deceased's body to the Chief Minister's House but were not allowed to do so by the law enforcement agencies.,VIOLENT_POLITICAL_DEMONSTRATION
"Sabit Hussain and Muhammad Rizwan, labourers and residents of Rato Dero, were shot and killed by unknown men on a motorbike while they were sitting outside a restaurant. In protest against the killing, some miscreants set the nearby Akram Ghazi Hotel on fire. ",ASSASSINATION
2 people were killed and 12 were injured in a bomb blast in Lorry Adda on Sunday. Authorities claimed that it was a time-bomb of 1.5 kg,TERRORISM
"A woman presiding officer of UC No. 8, Multan City, was beaten up along with other polling staff by the male supporters of a candidate at the Kumharanwala polling station.",RIOT
Sindh University turned into a battle ground when two groups of students belonging to the SPSF and SPSF-Shaheed Bhutto clashes at the Information Technology department over the appointment of a monitor for the IT department. Both groups resorted to aerial firing which led to fear and harassment. No injuries were reported.,RIOT
An employee of UET was gunned down by unknown assailants in Harbanspura on Thursday,ASSASSINATION
"A powerful explosion on the Karachi-bound Chenab Express left 2 people injured and 1 dead. One of the injured victims later succumbed to this injuries. The victims were railway workers and members of a trade union, PREM. ",TERRORISM
"Reportedly, a eunuch was found dead in Model Town G Block. ",OTHER
Two bullet riddled bodies were found in an abandoned car.,ASSASSINATION
"Shopkeepers and traders protested against the prolonged electricity breakdown. The protest got violent when the electricity still wasn't restored. The protesters blocked Superhighway, intercepted a truck and 2 cars and set them on fire, set 2 bank branches on fire, and attacked the police. The police called for reinforcements and used batons and teargas shells to control the mob. A police officer said that they did not arrest anyone as it was a protest against a utility service.",VIOLENT_POLITICAL_DEMONSTRATION
"A police official, ASI Mohammad Saleem was shot dead in his home. The police say that he had a dispute over a plot with some people, who might be behind the killing.",ASSASSINATION
"At least four people were killed and as many injured when clashes erupted between supporters of militant commander Maulvi Nazir and his rival Noor Islam, who was backing foreign militants in different areas.  The fighting began when the Nazir group tried to dislodge foreigners from a government school in Gawakha area.",RIOT
"The decomposed body of a 35-year old man was found in the fields near Mayo Colony, Factory area in Lahore. ",OTHER
"Police found the bullet-riddled body of an ex-army man in Orangi Extension from the Talibul Maula Colony. Sources stated that workers of the PPP, MQM and the Haqiqi had taken positions on roof tops in their respective areas and were intermittently firing shots at their rival parties. ",ASSASSINATION
the caretaker of an Imambargah was killed by armed men in a busy market. ,ASSASSINATION
Two tribesmen were injured in an exchange of fire with militants in the Stori Khel area.,RIOT
"Maulana Mohammad Yousaf Ali, a prominent leader of ASSP, was shot dead by unidentified assassins.",ASSASSINATION
a woman Bashiran bibi was killed and another was injured during a shootout between two rival groups . The police has arrested 4 people.,RIOT
A woman was shot dead by her husband as he suspected her character.,ASSASSINATION
Militants fired three rockets on paramilitary camps which led to a three hour long exchange of fire between the militants and security forces,CONVENTIONAL_ATTACK_ON_GOV_FORCES
"Many houses and crops were damaged due to Indian shelling along LoC in Sucheetgarh, Chaprar, Bajwat, Charwa, Bajragarhi, Harpal and Zafarwal Sectors on Wednesday.",ATTACK_ON_STATE
Three children were killed in an explosion believed to be of a landmine in a field in Toba Qasimwala. ,TERRORISM
2 men on a motorbike opened fire at a group of people who were in the waiting room of a transport company. 4 people were killed and 2 were injured. The victims had illegally entered from Iran an hour before the firing took place. They claimed to be Iranian nationals but their ID cards showed that they belonged to Lahore and Faisalabad in Punjab. The town's administrator Mohammad Rafiq termed it a 'target killing'. ; Follow-up: It was claimed that the assailants targeted 'Punjabi settlers' and those visiting Balochistan.,ASSASSINATION
"Two Afghan nationals, Abdul Rauf and Badaruddin, were shot at by two men on a motorbike. Abdul Rauf was killed while Badaruddin was injured. ",ASSASSINATION
Hub SHO Aziz Hayat Baloch was gunned down by unknown assailants when he was in his vehicle AFH 412 near Juma Khan Hotel.,ASSASSINATION
"Hafiz Muhammad Asif, a prayer leader, was thrashed by two members of a rival sect over a 'secarian' issue. The victim claimed that Nadeem and Usman were provoked when he recited 'salat-o-salam' before and after the call player. ",RIOT
Security forces fired on a speeding car near Chashma Bridge on the Miramshah-Bannu road. ,GOV_ATTACK_ON_NONSTATE_COMBATANTS
An unidentified body was found. ,ASSASSINATION
"At least 4 vehicles and tyres were set on fire. Miscreants also blocked several main roads. In North Karachi sector 5-B/3, a stationary bus of route 4-J was set ablaze. In New Karachi, near the terminus of route 4-K, miscreants torched 2 buses. This occured on the day of the protest called by Sipah-i-Sahaba Pakistan, even though SSP retracted the protest call late night on Friday (2-Mar-01). According to the police, no arrests were made. According to sources near to the police, more than 3 dozen SSP activists were arrested. According to SSP sources, 50 activists were held by the police.",VIOLENT_POLITICAL_DEMONSTRATION
A roadside remote-controlled bomb was detonated when a passenger vehicle was passing by. 7 people including a Khasadar were injured. Taliban have recently attacked local tribesman as the latter had raised a lashkar against them. ,TERRORISM
"Some unidentified persons resorted to indiscriminate firing with automatic weapons on Raees Hotel in Unit No. 10, Latifabad, killing two people and injuring another seriously. The possible motives behind the incident were not mentioned.",TERRORISM
"A worker of the Mohajir Qaumi Movement-Haqiqi (Amir Khan group), Syed Mohammad Haider, was killed. The police said it may have been due to personal enmity.",ASSASSINATION
Dr. Syed Haider Abbas was intercepted by two men on a motorbike while he was driviing home. He was told to step out of the car and was shot when he tried to speed away. No valuables were taken which is why robbery was ruled out by the police. It is stated that he was targeted. ,ASSASSINATION
"a group of infuriated people attacked the Wasa team when it visited Kashmir Road of Ghulam Muhammadabad to distribute water supply and sewerage bills. The residents protested against the Wasa for its failure to rectify the sewerage system and potable water supply. Later, they tortures officials Daleer and Anwar forcing them to leave the area.",VIOLENT_POLITICAL_DEMONSTRATION
The bullet riddled body of a 30 year old man was found with a chit on it saying 'American face the same fate'.,TERRORISM
"A woman, working for the Kurram Levies Force, was killed along with five other members of her family in an attack on her house in Toot Kass village in Hangu. According to sources, they were gunned down by militants while her minor son was injured. ",ASSASSINATION
"A girl, Huma, was stabbed to death by her uncle and cousin for honour.",ASSASSINATION
A tribal lashkar launched an operation against militants in which 3 militants were killed and 2 were injured. The operation was launched as a response to the killing of a tribal elder and two of his family members in an explosion on 04-Jul-10. ,RIOT
At least nine students wee injured when two groups belonging to Islami Jamiat Tulaba and All Pakistan Muttahida Students' Organisation clashed In S.M. law College in Karachi due to unknown reasons.,RIOT
"Hideouts of the Lashkar-i-Islami in Narai Baba, Sandana, Nangrosa, Ghulam Ali, Nakai and Sra Vela areas of Tirah Valley were targeted by military jet fighters, killing at least 50 people, non-combatant civilians among them. Khyber Agency's political agent Shafeerullah claimed that the death toll was 42 with 15 injured. The bombing of Sra Vela was strongly condemned by Kokikhel elders who claimed that most of the dead were innocent tribesmen. ; Follow-up: The death toll of the bombing had increased to 81 ; Follow-up: The residents of Sera Vella (spelt Sra Vela in the original report) claimed that their village, inhabited by Kokokhel Tribe, was a 'militant-free' area and the casualties from this area were all civilian. ; Follow-up: Chief of the Army Staff Gen. Ashfaq Parvez Kiyani apologized to the Kukikhel tribe for the loss of civilian life in the operation. The military had earlier claimed that all those killed were militants. ",GOV_ATTACK_ON_NONSTATE_COMBATANTS
An unidentified body was found from Pak Colony under the Dhobi Ghat bridge. The body bore torture marks besides a gunshot wound.,ASSASSINATION
" Militants fired several rockets at the paramilitary base in Miramshah. One of the rockets hit the air strip near the base, but caused no damage or casualties. Three rockets were fired at the Saidgai checkpoint in the region.",GUERILLA_ATTACK_ON_GOV_FORCES
Three people were killed when assailants in a car fired at bystanders outside a shopping mall.,TERRORISM
"Farmers from nearby villages protested the shortage of irrigation water, alleging that irrigation department staff had made an 'underhand' deal with agriculturalists and increased their supply for 4L Canal, depriving the farmers of 10 villages at the tail-end of the canal system. ",VIOLENT_POLITICAL_DEMONSTRATION
A woman was killed and her husband and brother-in-law injured following an alleged dispute over property in Lassi Goth. The police could not be reached for details of the incident.,RIOT
"A powerful explosion rocked Kohlu township. However, no casualty or loss was reported.",TERRORISM
Armed men attacked two people standing outside their house killing them both on the spot. One of the victims worked for the army.,TERRORISM
"Ethnic Violence' in Karachi continued for the 3rd consecutive day as a police mobile of SITE-A police station was attacked by armed men, leaving a police constable, Javed Shah, injured. ",CONVENTIONAL_ATTACK_ON_GOV_FORCES
"Three people were shot dead by uidentified gunmen in the court premises. The attackers reportedly wanted to target the Special Prosecuter but when they could not, they opened indiscriminate fire in a courtroom.",ASSASSINATION
Security forces combating militants in the South Waziristan region moved into the hometown of the late Taliban chief Baitullah Mehsud and blew up his house amid clashes with militants which resulted in the killing of 24 terrorists while one was captured. ,GOV_ATTACK_ON_NONSTATE_COMBATANTS
A mob carrying wooden sticks and pieces of rocks forced shopkeepers to close their businesses in light of the death of Allama Ali Sher Hyderi. ,VIOLENT_POLITICAL_DEMONSTRATION
"Two bullet-riddled bodies of Afghan nationals were recovered from a well. The victims were identified as Abdul Malik, resident of Ghamkol camp Merozai and Zaafran, resident of Ghamkol camp number 3. ",ASSASSINATION
"A levy official of Orakzai Agency, Subedar Tajdar Ali, was killed by unknown armed men inside his house. ",ASSASSINATION
"in UC Hala, Baho Khan Pathan, UC Sekhat and Saeedabad city 10 people were injured in clashes.",OTHER
Police baton-charged and tear-gassed about 5000 powerloom labourers who were demonstrating for a pay raise. The protesters pelted the police with stones after the latter tried to stop them from proceeding to Clock Tower Chowk. The police then resorted to aerial fire. The protesters also tried to set a weaving factory on fire but were intercepted by factory guards. The resulting scuffle left 4 labourers injured. The call for the protest strike was given by Labour Quami Movement who also alleged that scores of labourers were injured and over a 100 were arrested by the police. The police denied the claim. The protesters dispersed after the DCO assured them that their demands would be met. ,VIOLENT_POLITICAL_DEMONSTRATION
Two bullet-riddled bodies of two labourers were found in a desolate place in Turbat. ,OTHER
"Suspected militants gunned down ANP's local leader of Swat Mukhtar Ali Khan and his associate Sardar Ali. The chief of Pakistan Tehrik I Insaaf's Swat chapter, Fazal hakeem, was also seriously injured in the attack.",ASSASSINATION
"Razia Bibi, who had been staying at her sister's place was fonud dead with two bullet wounds to the head. Police suspected that she had been shot by her sister, Ayesha and the latter's husband for 'honour' but Ayesha claims that her sister was killed as a result of a gun-cleaning accident. ",ASSASSINATION
"Some unidentified gunmen made a murderous attack on the life of Muhammad Akram, an IJT activist.",ASSASSINATION
Wakil Ahmed was talking to two men outside his house when a third person fired shots at him. All three men fled after the killing. ,ASSASSINATION
One person was shot dead.,ASSASSINATION
"An old man, Naseer Ahmed, was stabbed to death under mysterious conditions in a local hotel. No other detail was given.",ASSASSINATION
Residents of the area protested against the police for giving the nephew of a DSP preferential treatment. They blocked the Ferozepur road and pelted stones at the police. The police responded with teargas shells and batons. ,VIOLENT_POLITICAL_DEMONSTRATION
"Two people were shot dead by unidentified people. The deceased, Anwar of Pindi Bhago and Sarwar of Mundeke Bairian, had taken away a mare of a local political figure from his dera. They took it to a farm house. A group of unknown people came the next day and shot them both dead.",ASSASSINATION
"Irfan, a 22-year-old resident of Manzoor Colony, was found shot dead inside a garbage dump. ",ASSASSINATION
"Following a clash between militants and military personnel, a suicide bomber rammed an explosive-laden vehicle into the gate of the Jansi post, killing at least 6 security personnel and injuring 15. ",GUERILLA_ATTACK_ON_GOV_FORCES
Unknown armed men shot at and injured a member of the Mahar tribe.,ASSASSINATION
"A woman was burnt when her second husband and his son threw acid on her over what she claimed sale of property at Maqbool Colony, Baghdad Road. ",OTHER
Unknown gunmen shot and killed a man identified as Muhammad Ibrahim,ASSASSINATION
"A checkpost manned by volunteers of Baizai Peace Committee was attacked by about 30 militants. The volunteers also responded and in the clash that ensued, 2 militants were killed and 5 were injured while 4 volunteers were killed and 1 was kidnapped. ",RIOT
A bullet-riddled body of a 35 year old man was found from Sector 13-A of Orangi Town. ,OTHER
Armed men on a motorbike opened fire at people standing outside a shop. As a result Faryal Khan was killed and another man was injured. This and other incidents of firing - aerial firing- were part of the violence that took place in Karachi following the sucide attack on Abdullah Shah Ghazi shrine. ,VIOLENT_POLITICAL_DEMONSTRATION
"Militants blew up the house of Ali Akbar, a volunteer of a local peace committee",TERRORISM
Thousands of tribesmen staged protest demonstrations in several areas. They were addressed by the leaders of Tehrik-i-Taliban of the Agency. The speakers stated that all the ativities of the US government were anti-Islam and that the tribesmen would fight for Islam and the Taliban if the US government did not desist from striking against Afghanistan. They already set up recruitment centers so that the youth could register for Jihad.,THREAT_OF_VIOLENCE
A vendor was shot dead in Al-Flah Society on suspicion of being a police informer.,ASSASSINATION
An unidentified body was found form the canal. The police is investigating.,ASSASSINATION
"It was alleged that an IJI candidate, Mian Mehmud Ahmed, tried to stop polling when his defeat became imminent which led to a clash between PPP and IJI supporters in which 6 people were injured. ",RIOT
"a guard of Sunni Tehrik Chief Sarwar Chaudry was shot dead by unknown persons in Malir. The body of Irshad Qadri was found near Bagh-i-Malir, ehre his vehicle was also found parked. ",ASSASSINATION
At least eleven were injured during a clash between rival groups of students belonging to the PSF at Bahauddin University. They made use of arms and batons against each other. Apparently two female students of one groups were tortured by the rival group.,RIOT
"local militants known as Taliban killed 2 extortionists and hung their bodies on plyons near Zakim Hospital. They were both Afghan refugees, who were members of the Hakim group that had attacked the Taliban some time back.",ASSASSINATION
a group of militants ambushed an army vehicle in Aligrama and killed three security personnel on the spot. The security forces cordoned off the area and imposed a curfew. They also targetted hideouts of suuspected militants with artillery fire. A number of houses were also destroyed.,CONVENTIONAL_ATTACK_ON_GOV_FORCES
A 45 year old woman died and 5 others received critical injuries as Indian troops shelled villages along the LoC in Kel sector.,ATTACK_ON_STATE
"Unidentified 'miscreants' broke into the post office and set it on fire after stealing certificates, bonds, postal orders and Khas certificates worth Rs 1 million. The post office records were completely destroyed. (see note)",TERRORISM
Six tribesmen were killed and 30 injured in an armed clash between two Mengal clans over distrubution of land. The clash was reported to be very intense.,RIOT
The body of an unidentified young man was found stuffed in a gunny bag near Natha Khan bridge.,ASSASSINATION
A rocket fired from an unknown location damaged a house. No further details given. ,TERRORISM
"Helicopters hovering over a military convoy fired on vehicles parked near a restaurant in Mirali tehsil, killing two people and injuring one. Maj-Gen Waheed said they military only targetted vehicles that were approach to attack the convoy.",GOV_ATTACK_ON_NONSTATE_COMBATANTS
"A group of militants attacked a checkpost in the Baidmani area of Baizai tehsil in Mohmand, using heavy weapons. Security forces returned fire, killing four militants (two of them Afghans).",CONVENTIONAL_ATTACK_ON_GOV_FORCES
An Assistant sub inspector of the police and a nephew of a provincial minister were shot dead by unidentified gunmen in their house.,ASSASSINATION
2 youngsters were found shot dead in Landhi on Thursday. However police claimed that they were criminals and probably died after a clash with some gangsters.,ASSASSINATION
"In PF-20, Mardan, a PML-N candidate escaped an attempt on his life when he was coming back after casting his vote.",ASSASSINATION
"In a clash between Pathans and Punjabis at Chowk sarwar shaheed area on Saturday, one person was killed and around a dozen were injured. The clash started as some pathans beated 2 punjabis as a result of which large number of Punjabis gathered in the heart of town and blocked the road",RIOT
"In response to SNA's call a small group of Jeay Sindh students federation tried to disrupt traffic and normal life on Rohri-Sukkur road near District Jail to press their demands for the release of Jeay Sindh detenus in October incident., but failed to gain momentum. Some of them pelted stones at the police and also attempted to obstruct a railway track. They also burnt tyres on busy roads and corners of old Sukkur.",VIOLENT_POLITICAL_DEMONSTRATION
"A pull Dengro police post team raided a house to arrest some 'wanted  men'. However, the Langrana police was not informed of the raid. During the raid, the inmates of the house attacked and beat up the policemen. A case has been registered, with no arrest so far.",GOV_ATTACK_ON_CIVILIANS
An explosion occurred on the rooftop of the Rehmani hotel in Gwadar. Two unidentified assailants came to the hotel and ordered tea but left without taking it. Soon after the explosion occurred. According to reports it was a locally made cracker-like device. ,TERRORISM
An 18-year old student was shot dead outside his house by unidentified gunmen.,ASSASSINATION
"Two militants were killed and four others injured during a clash with security forces in Charmang area of Bajaur tribal region.  A group of militants had attacked a checkpost and security retaliated, after which a heavy exchange of fire ensued. The hideouts of militants were also destroyed in the search operation in the area.",CONVENTIONAL_ATTACK_ON_GOV_FORCES
"Noor Mustafa, who was the watchman at House# 436/A in Buffer Zone, was shot dead by armed motorcyclists.  ",ASSASSINATION
"Abdul Sattar, after exchanging harsh words with Nusrat Bibi (his step mother), opened fire on her and killed her over a property issue.",ASSASSINATION
"Fierce clashes broke out between police and people of Johi, Wahi Paudhi in Dadu district. Police had arrested a teacher of the Wahi Pandhi High School and detained a local journalist when the latter tried to enquire about the reason for the arrest of the first. Police also arrested 18 other people, prompting a wave of anger among the people. The people staged a sit in in front of the police station, which turned ugly when the police started baton charging them to disperse them. The protesters then clashed with the police in which at least 10 people were injured.",VIOLENT_POLITICAL_DEMONSTRATION
"During a protest rally organized jointly by the IJT and the ISO to protest the increase in tuition fee by the government, a violent mob tried to break into the Government High School for Boys. The police intervened and baton-charged the protesters, arrested several of them in the process. ",VIOLENT_POLITICAL_DEMONSTRATION
a bomb exploded near the Scouts post in Chukiatan. A missile planted near the post did not fire.there were no casualties and the post(Qila) was not damaged. Police said they had no information about any blast.,GUERILLA_ATTACK_ON_GOV_FORCES
A police constable was kidnapped in Allahabad area of Charbagh.,THREAT_OF_VIOLENCE
Three people were killed and four others were injured in the Indian shelling on the Neelum valley.,ATTACK_ON_STATE
A powerful bomb exploded near a police checkpoint of Shaikhan Chowk on Saturday injuring 5 persons. Bombs was planted on a bicycle.,TERRORISM
Forty Malik Dinkhel tribesmen demolished the house of a tribal elder for giving a verdict against his own tribe in a previous property dispute.,TERRORISM
Two brothers shot dead their sister in Sukkur as they 'suspected her character'.,ASSASSINATION
"Jammu and Kashmir Liberation Front had planned a demonstration in front of Dyal Singh Mansion office in order to press for the release of its leaders and workers arrested in Azad Jammu and Kashmir and to condemn the rejection of its candidates nomination in the Azad Jammu and Kashmir Legislative Assembly. They started the rally but as they turned on Queen's road, the police that was accomplying them baton charged them and forced them to disperse. They also arrested 8 people. ",VIOLENT_POLITICAL_DEMONSTRATION
The headless body of Ambel Khan was found in Akkakhel. Residents said he had been kidnapped by some gunmen from the locality.,ASSASSINATION
Two unidentified men broke into the house of Advocate Muhammad Iqbal and shot him dead. ,ASSASSINATION
An activist of the People's Party was gunned down near Gulshan-i-Maymar of the Super Highway.,ASSASSINATION
Six civilians were killed when an American missile landed in Pakistani territory during a strike at Al-Qaeda hideouts in Afghanistan.,GOV_ATTACK_ON_NONSTATE_COMBATANTS
Indian troops lobbed at least five mortar shells in Bandala village of Samahni sector injuring one person.,ATTACK_ON_STATE
"As a result of the verdict of supreme court annulling the appointment of Justice (Retd) Deedar Shah as NAB chairman, a bus was set ablaze in Ranchore Lines area on Thursday.",TERRORISM
"A man was shot dead allegedly by five people over a land dispute, when he was fired upon in his sleep by five armed men in Chak 24, Pattoki.",ASSASSINATION
Riaz Mohammad Solangi was shot dead by Haider Sonagi and Qaiser Solangi in village Naseer Solangi.,ASSASSINATION
Heavy indian shellin across the LoC injured two people in Athmuqam and Lala on Tuesday. Several buildings got damaged as a result of shelling ,ATTACK_ON_STATE
"Naila, wife of Faiz Muhammad Sethar, was shot dead by ber brother-in-law, Jinsar Sethar, in the name of Karo-kari. ",ASSASSINATION
"According to Pir Binyamin Rizvi, the police is arresting PML activists before the arrival of party president, Shahbaz Sharif, in order to prevent a reception for him. He stated that police raided Dewan Mushtaq's house in order to arrest him.",GOV_ATTACK_ON_CIVILIANS
security forces destroyed 6 camps of militant Marri tribesmen in different areas of Kohlu. They also arrested men from Jhabar. ,GOV_ATTACK_ON_NONSTATE_COMBATANTS
Ghulam Qadir was killed in Liaquat Colony during curfew break.,ASSASSINATION
Two rockets were fired into Quetta Cantonment. The first landed in an open area near Chaman Housing Scheme and disrupted the electricity supply. The second rocket exploded in the backyard of a small house owned by Bushra- a teacher at Federal Government Public School- near Combined Military Hospital after an interval of 10 minutes. The rockets damaged window panes of houses in both localities. There were no injuries. ,TERRORISM
The body of a 22 year old man was found from Orangi town. His political affiliation could not be known.,OTHER
A young man was shot dead in the Jalalabad area of Pak Colony by unknown persons. He was reportedly said to belong to a notorious Haji Laloo group. ,ASSASSINATION
Two men were wounded in a 'sniping incident' in Quaidabad.,OTHER
Nine militants were killed and five militants were injured during a search operation in different areas of the Kurram region.,GOV_ATTACK_ON_NONSTATE_COMBATANTS
Gas supply to parts of Quetta was suspended after some saboteurs blew up a portion of the pipeline in the Sariab area. ,TERRORISM
"Clashes between the Bugti and Mazari tribesmen have continued for more than 20 years. In recent incidents of violence, Bugtis kidnapped two Mazari tribesmen while the Mazaris kidnapped three Bugti tribesmen.",THREAT_OF_VIOLENCE
"After the murder of one of their gang members- Mohammad Iqbal alias Babu Dakait- earlier in the day, the gang members of Rehman Dakait allegedly killed Abdul Malik of Babu Dakait's group near Baloch Hall. Later, his house was set ablaze. ",ASSASSINATION
"Rafiqullah, who was later identified as an activist of MQM, was killed and two others, also MQM activists, were injured when unknown persons opened fire on them in Baldia town. Police said the incident coincided with the funeral procession of Rehman Baloch which was passing through the area when the inicident occured. ",OTHER
"Ghous Bakhsh Langah shot dead his sister and his relative on the pre-text of karo-kari. Ali Gohar Langah, father of the deceased boy said that it was not a karo-kari case, both the deceased had been called to the house to settle domestic issues when they were gunned down.",ASSASSINATION
Security forces killed three militants in the Bara tehsil of Khyber Agency during a search operation in the Gurguri and adjoining areas.,GOV_ATTACK_ON_NONSTATE_COMBATANTS
"two soldiers were injured when terrorists opened fire at Soko Kandao, near Malam Jabba.",CONVENTIONAL_ATTACK_ON_GOV_FORCES
"District General Secretary of JUI-F, Hafiz Ehtisham, was gunned down in Panjgur when armed men opened fire on him and fled. ",ASSASSINATION
"An activist of MQM, Muhammad Shakil Patel, was shot dead. The assailants escaped. ",ASSASSINATION
"2 missiles were fired from the Kotaki refugee camp onto the private residence of tribal elder, Malik Mohammad Rehman. 1 missile badly damaged the house, while the other did not explode. The elder stated that he had no enmity with anyone but did exchange harsh words with refugees a few days ago. Police arrested 2 people. ",ASSASSINATION
Two groups exchanged hot words over the issue of appointing an Imam for the Jamia Masjid Rodi. They opened fire on each other and 13 persons sustained injuries.,RIOT
Unknown assailants shot and killed a young man and fled.,ASSASSINATION
"An activist of the MQM (H) was gunned down and another was kidnapped in G-36 Landi area, by unknown armed persons who managed to flee after killing. Haqiqi men claimed that the rival faction of MQM was behind the incident.",ASSASSINATION
"The local Taliban blew four shops of cosmetics in the Bilitang bazaar, 16 km east of Kohat city. Police claimed that the Taliban had planted four improvised explosive devices in front of the shops. Furthermore, the business of CD and video shops has already been closed in the area following threats from Taliban.",TERRORISM
An unidentified man was stabbed to death by two assailants. The reasons behind the attack were unknown.,ASSASSINATION
"An ethnic clash broke out between Mohajirs and Pathans when the Municipal Staff razed a hotel owned by a Pathan, as part of the anti-encroachment drive. The hotel owner claimed he was vicitmised because of his ethnicity and the Mohajirs got enraged. In the ensuing shootout one person was killed and six were injured.",RIOT
"A constable was shot dead by three attackers in his house. The police did not give any reason behind the attack, but claimed to have arrested one of the suspects.",ASSASSINATION
"a boy was killed and three other people were injured when a bomb exploded in Nushki which had been planted on a power pylon 200 yards away from the fort of Chagai Malitia, a wing of the FC, on the mess road. The walls of a house were also destroyed as were the windows of many houses.",TERRORISM
Air strikes conducted by the Pakistan Military destroyed 3 TTP hideouts and killed 5 militants. ,GOV_ATTACK_ON_NONSTATE_COMBATANTS
"Relatives of Tariq Mehmood, a trader who was bludgeoned to death after a minor road accident by the other party, by placing the victims body on the road, burning tyres and pelting policemen with stones. They also tried to attack a TV correspondent for 'wrong reporting'. The assailants in the original killing were reported to be '2 lawyers and their accomplices'.",VIOLENT_POLITICAL_DEMONSTRATION
A pregnant woman was killed and three others of the same family were injured when seven armed men entered a house of a landlord in Chiyanwala village and opened fire on them. The incident is said to be because of a rivalry between two groups in the area.,OTHER
" the body of Gollu, a tribesman who had been killed by militants for being a 'spy' was found in the town of Wana.",ASSASSINATION
"In the Samar bagh village of Lower Dir, at least twenty-six people were killed while another sixty-five were injured when a young suicide bomber blew himself up during funeral prayers as he was standing in one of the rear rows. The funeral was attended by the Mishwani tribe who had been raising anti-Taliban lashkars. ",TERRORISM
"Three unknown assailants, armed with sophisticated weapons, entered the railway godown and set it on fire. ",TERRORISM
One policeman was killed and eight were injured when the police mobile hit a bomb in Dobai Ada are in Mardan.,TERRORISM
A partially decomposed body of Haleema Bibi was recovered from Kalri Nullah. It appeared that the woman was beaten up and dumped into the drain. ,ASSASSINATION
Indian forces opened 'unprovoked' firing on Pakistani positions along the border near Sialkot. Pakistani Rangers retaliated with fire. A spokesman for Indian border guards claims that they were provoked by terrorists who were attempting to illegally cross the border. ,ATTACK_ON_STATE
An exchange of fire took place between two 'warring' rival groups. One person was killed and when the police tried to intervene a constable was also shot dead. ,RIOT
"10 days ago, a UC chairman Malik-Gulzar Awan was shot at and injured by unidentified assailants when he was on his to Isha prayers.",ASSASSINATION
two retired army personnel were killed in Gilgit.,ASSASSINATION
Militants blew up a girls' primary school. A girls' highschool was also blown up in the same area that day. ,TERRORISM
Hangu's Mohall station area was tense after three bullet-riddled bodies were found following clashes between rival sects.,RIOT
Unknown armed men on motorcycles killed a bus driver of the Mahar Tribe.,ASSASSINATION
"Irshad Ahmad Khan, audit officer of Allied Bank was on his way home to Batala Colony when some unidentified people opened fire on his car. His brother-in-law was the additional secretary Sohail Saqlain.",ASSASSINATION
"after imposing a curfew in Bannu forces began shelling militant hideouts in Bannu. 70 to 80 militants were killed in Janikhel area of Bannu Frontier Region. The house of a local Taliban commander was destroyed in the fighting. 5 vehicles, an explosive laden vehicle among them, were destroyed. 39 suspected Taliban were arrested.",GOV_ATTACK_ON_NONSTATE_COMBATANTS
"a clash took place in Chak 4/14-L between two parties where two persons, Bacha Khan and Gulab Khan were killed while others sustained serious injuries. The police have arrested 8 people from both parties.",RIOT
"An \irate mob\"" took away a vehicle from its driver and set it on fire. No further details given. """,VIOLENT_POLITICAL_DEMONSTRATION
A senior official of the Balochistan food department was killed and his son injured when unidentified men opened fire on them in Tin Town on Kasi Road. Another passer-by was also injured .,ASSASSINATION
"Abdul Majeed Gujjar, an ex-student of UET said to have links with the Muslim Students Federation (MSF) died of his wounds that were inflicted upon him on 17th May 1996. According to reports, MSF workers, including Abdul Majeed Gujjar and Khurshid Ghani, raided the house of Rana Muzaffar on UET campus with the police to recover some items which were lost when PSF workers ransacked a room owned by Khurshid Ghani of MSF. When they arrived at the house, they were fired upon by assailants from the inside, which killed Abdul Majeed Gujjar and injured Khurshid.",RIOT
Unidentified persons attacked a toll-tax post and injured two people in Old Bahawalpur Road on Sunday,TERRORISM
"Armed men on a motorbike opened fire at a group of friends sitting outside at a market, killing one and injuring 3 others. 2 of the injured vitims were associated with PPP-SB. The incident seemed to be a result of some dispute between two political groups in the area.",ASSASSINATION
Pattoki police found the body of an unidentified young man in the Pattoki College.,ASSASSINATION
"Unidentified men riding a car fired at security forces, injuring a paramilitary soldier. Security forces had also diffused two missiles near Saidgi area",CONVENTIONAL_ATTACK_ON_GOV_FORCES
"Mohammad Busksh was on his way home on his motorcycle when armed men shot and killed him before fleeing the scene. ; A later report titled \Murdered\"" (dawn, 26-Feb-94, Page 4) claims that the victim's name was Mohammad Bux. """,ASSASSINATION
"A device planted near a girls' school in Mastung's Hindu Mohalla exploded, damaging the boundary wall and the gate of the school and shattering windowpanes of nearby buildings.",TERRORISM
Troops from India and Pakistan exchanged heavy fire along the Line of Control (LoC). Pakistani troops fired over 2000 rounds on Indian troops from South Charva post in Sambah sector. They did so in retaliation to unprovoked firing on Pakistani troops by Indian Border Security Force. ,ATTACK_ON_STATE
2 people were injured due to Indian shelling along LoC in Shah Kot Salkhala Village on Thursday,ATTACK_ON_STATE
Four labourers were injured when some unidentified people attacked them with sticks and lathis while they were asleep in the labour camps. ,TERRORISM
"In union council 1 and 3 and Mitro and 90/W.B areas, rival candidates fought and as a result, many of them were wounded. Later, the army and the police controlled the situation. ",RIOT
Islampura residents blocked the main road and burnt tyres to protest the arrest of prayer leader Muhammad Imran by Islampura police. It was alleged that the prayer leader was arrested for misuse of loudspeaker. The protesters dispersed when the prayer leader was released and they were assured that action would be taken against the policemen responsible for the arrest. ,VIOLENT_POLITICAL_DEMONSTRATION
"the security forces killed three militants in the house of Maulana Shad Mohammad, a hardcore taliban leader, in Khan Abad area of Maidan. Sources say that the house was destroyed.",GOV_ATTACK_ON_NONSTATE_COMBATANTS
"Some unidentified men shot dead a billiards club owner, Sher Afzal, as he was at a PCO making a call. He was also a telephone cards contractor.",ASSASSINATION
"Following the incidents of Kharadar and Gullistan-i-Jauhar, a fresh wave of violence erupted in Karachi as a result of which an activist of MQM was gunned down by unknown assailants in Ranchore Lines Area on Sunday",ASSASSINATION
A bus was set ablaze by protesters. ,VIOLENT_POLITICAL_DEMONSTRATION
"It was alleged that 4 PML workers, identified as Aurangzeb Tunio, Khalid hussain Tunio, Ashraf Malik and Syed Jaffar Shah, were arrested by the police and were being beaten up at the police station at the behest of local PPP men. This was claimed by Mazhar Ali Magsi, chief organizer of the Shahdadkot PML. ",GOV_ATTACK_ON_CIVILIANS
A boy was killed and another person was injured in Indian shelling along LoC in Nakyal Sector on Monday.,ATTACK_ON_STATE
Eight people were injured in a clash between two groups of Gadahi tribe in Khairpur Nathan Shah. ,RIOT
"2 people, including a policeman, were injured when some armed men led by a Jamiat Tulba-i-Islam leader, Maulana Zubair Bhatti, tried to take control of the central Eidgah by opening fire on its legal occupants. The police reached the spot and 1 was injured in the crossfire. Maulana Zubair had illegally occupied Eidgah to build a seminay, but the cort had decided in favour of the legal occupants.",OTHER
"A leader of the Imamia jirga, Ghulam Hussain Toori, was going to his workplace when unidentified men opened fire killing him on the spot. A passer by was also injured.",ASSASSINATION
"Two young activists of the ASWJ were going somewhere on a motorbike when armed motorcyclists intercepted them. Shoaib was shot and killed on the spot while his friend, Mustafa, was chased and then fired at in Sector-G. Mustafa received bullet injuries along with 2 bystanders who were also wounded. Shoaib was the third ASWJ member targeted in December 2010. ",ASSASSINATION
Two powerful bomb blasts occurred in Quetta within moments of each other. The first blast occured in a small street of the Jamiat-Ray road. There were no reports of casualties or major damage. The blast shattered windowpanes of the buildings near the explosion site.,TERRORISM
"at least 19 rockets were fired on FC checkpost in Chashma, Loti, Pir Koh and Sangsilla areas of Dera Bugti. However no casualties were reported in the attack.",GUERILLA_ATTACK_ON_GOV_FORCES
A bullet-riddled body of a young man was found near Rupali Homes in Surjani Town. The victim had been shot twice and his face had been burnt by acid beyond recognition. ,ASSASSINATION
"one labourer was killed and another 7 were injured in a grenade attack on a house by a group of armed men in Gharibabad area. Some suspects were arrested. The Baloch Republican Army spokesperson, Sarbaz Baloch claimed responsibility for the attack. official sources say that a Bugti tribesman was injured in the explosion.",TERRORISM
"three people were killed in an exchange of fire, following an attack by a group of Bugti tribesmen on a house in Mir Hasan village near Dera Murad Jamali.",RIOT
An unidentified person was shot at and injured. No further details were given.,VIOLENT_POLITICAL_DEMONSTRATION
"A security guard and a driver were found strangled to death from separate rooms in a welfare organization office run by a retired army officer in Garden Town. The bodies bore torture marks. The retired army officer claimed that a four-wheeler, two computers and a TV set were also missing from the building. ",ASSASSINATION
An MQM worker was shot dead by two gunmen on a motorcycle and fled,ASSASSINATION
"Five people were killed and six others were injured when a missile, allegedly fired by a US drone, hit a suspected militants compound in Dandi Darpakhel.",DRONE_ASSASSINATION
"the Principal of Commerce College, Quetta, Prof Mirza Amanat Ali Baig, was killed when men on motorbikes opened indiscriminate fire on him. The students of the college boycotted their classes and held a demonstration infront of the hospital demanding the immediate arrest of the killers.",ASSASSINATION
"According to ISPR, the security forces engaged militants in Piochar , north of Matta,  and areas between Charbagh and Khawazakhela. Wireless communication intercepted by security forces revealed that the militants had suffered heavy losses. ",GOV_ATTACK_ON_NONSTATE_COMBATANTS
"Abdul Jabbar, a bus conductor by profession, was kidnapped on his way home and was severely tortured. His body was thrown at Chandani Chowk in Orangi. ",ASSASSINATION
The office of a customs clearing agent was paritally damaged in a bomb blast while another bomb discovered at the same office was defused. ,TERRORISM
"A PAF official was killed after he sustained a bullet woud in Khokhrapar No.3, as part of the renewed violence in Karachi.",ASSASSINATION
"In the aftermath of an incident where two brothers were killed over a land dispute, heirs and residents of the village blocked the Sialkot Bypass road and burnt tyres to protest the killings. They chanted slogans against the police as two policemen were allgegedly invovled in the murders. They, later, dispersed peacefully upon the assurance from the DPO Saud Aziz that the accused would be arrested within 24 hours. Arrop police claimed to have arrested the constable allegedly invovled in the killing but his accomplice, Ghulam Mustafa, was still at large.",VIOLENT_POLITICAL_DEMONSTRATION
"The police have claimed to have taken into custody a girl suspected to be a suicide bomber. A police officer, Khadim Hussain Bhatti, informed the police that a girl had entered his house with suspected gadgetry. The police arrested the girl, who identified herself and Nabeela Bibi, about 18, with a shopping bag containing a remote control and a bomb-shaped bottle full of wires. A bomb disposal squad checked the bottle and said there was no incendiary device in it.",TERRORISM
"Following a fresh wave of violence, a truck and a bus were torched by unknown militants in Safora Goth on Sunday.",TERRORISM
"In village Talwar, Abdul Hameed was killed by unknown people.",ASSASSINATION
"A US drone fired 4 missiles at a militant compound, destroying the compound and killing 4 militants. ",DRONE_ASSASSINATION
11 people were injured during a clash between the supporters of former PPP minister Hamid Saeed Kazmi and PML-N MNA Rana Mehmoodul Hassan as the supporters of Hamid Saeed Kazmi were protesting against his arrest at Bahawalpur Bypass on Sunday.,RIOT
"A landmine was planted to blow up the rangers vehicle. However, the device exploded after the vehicle had passed. However, two Sindh Rangers personnel got injured.",GUERILLA_ATTACK_ON_GOV_FORCES
An MQM activist was axed to death allegedly by activists of a rival party.,RIOT
A tehsildar and three Levies personnel were kidnapped from Nawagai. Militants in Mohmand agency claimed the responsibility.,THREAT_OF_VIOLENCE
"The Ismailkhel checkpost was attacked with rockets and missiles, which killed one soldier and left two others injured.",GUERILLA_ATTACK_ON_GOV_FORCES
Three men were killed and another was injured when gunmen on mortorbikes opened fire on them.,ASSASSINATION
One person was injured in Nagdar village of Neelum valley as the Indian forces continued firing from across the LoC.,ATTACK_ON_STATE
"As part of the on-going violence in Karachi, at least four people were injured in shooting incidents in Ditrict Central. ",TERRORISM
"As violence in Karachi continued for a fourth consecutive day, armed men set over a dozen vehicles on fire, paralysing several parts of the city.",TERRORISM
The tribal lashkar burnt down the house ouf Sher Khan as he tried to stop the drummers from beating the drums while accompanying the tribal lashkar (as per tribal custom). The lashkar decided that he is liable to punishment as he interfered with the lashkar. ,TERRORISM
"President of the Hindu Panchayat, Larkana and his driver were assaulted and kidnapped by five armed men.",OTHER
"As a result of the verdict of supreme court annulling the appointment of Justice (Retd) Deedar Shah as NAB chairman, violence broke out in Karachi as a result of which several roadside stalls were set ablaze near Al-Asif Square and PIB Colony on Friday.",TERRORISM
"A former PML MPA, Chaudary Sarwar Booch, was ambushed by 3 people. He was travelling with 4 bodyguards in 3 cars, and managed to escape unharmed. However, 2 guards were killed and 1 was injured in the attack. ",ASSASSINATION
Rockets were fired at an FC post in Panjoo Chakrani near sui. No casualties were reported.,CONVENTIONAL_ATTACK_ON_GOV_FORCES
A blast caused damage to the building of district and sessions court on Shershah suri Road. The police were not sure of how the blast was caused.,OTHER
A Rangers vehicle hit a landmine on Sui road killing one Rangers personnel and injuring three others. Details n.a.,GUERILLA_ATTACK_ON_GOV_FORCES
at least 7 people were injured and three official vehicles were damaged while trying to defuse a remote controlled IED.,TERRORISM
helicopter gunships shelled an office of militants and destroyed a large quantity of weapons.,GOV_ATTACK_ON_NONSTATE_COMBATANTS
A Hesco lineman was beaten up in a clash between the Hesco staff in Luqman and the residents of the Serai Ghanwar Khan Mohalla over the installation of electric meters. Following the attack the chairman of the Hesco union informed that the Hesco staff had suspended work and demanded that the police register a case against the accused.,RIOT
A suicide bomber blew an explosive laden car near a police station in Mardan killing  a sub inspector and two other people. 37 people including 22 policemen were also injured.,TERRORISM
"Military planes targerted militant hideouts, destroying 7 of them and killing 18 militants. 12 militants were also wounded. ",GOV_ATTACK_ON_NONSTATE_COMBATANTS
Twenty five people were injured when pro-Zahir Shah and anti-monarchy groups of the Afghan Mujahideen and refugees clashes during a big rally at Nishat Mills on Charsadda Road. Clashes and skirmishes erupted when a former minister of Zahir Shah and Daud government Azizullah Wasifi suggested that the war should end after the Societ troops withdrawal. Incidents of exchange of fire were  reported as people turned down the suggestion of giving up armed struggle. ,VIOLENT_POLITICAL_DEMONSTRATION
"A bomb placed under a cart exploded in the fruit market, injuring 30 people. According to an explosives expert, the bomb weighed 1.5kg and had an intensity of 250/H.E. The bomb also damaged a pickup van standing near the cart as well as window panes of nearby windows. According to Nasir Khan Durrani, there were no casualties and no arrests have been made in connection to the blast.",TERRORISM
Some unidentified people killed an employee of a honey farm in Sarban area.,ASSASSINATION
"A trader was kidnapped which caused a violent protest. The villagers gathered on the Thehri bridge and pelted vehicles with stones, burnt tyres, put a firebrigade truck on fire, smashed its windscreen and lights; the driver was injured. The police arrived and baton charged the villagers, injuring 5.",VIOLENT_POLITICAL_DEMONSTRATION
A tribal elder was shot dead in Inayar Kalley reportedly for being pro-governemnt.,ASSASSINATION
"Armed men struck at Gulistan-i-Jauher which led to heavy crossfire in the area, resulting the death of a pedestrian. Another body was taken to the casualty unit of Jinnah Postgraduate medical from the same area. Intense firing left 5 people wounded as well.",TERRORISM
6 people were killed in a clash between two tribes-Khankhel and Astrand tribes over a piece of land in D.G Khan on Thursday.,RIOT
"Three people including two brothers were killed, and another was injured when unidentified men attacked Jamil Brothers Autos in Siddiq Plaza in the Buffer zone. ",ASSASSINATION
"According to sources, militants planted a bomb outside the residence of the member of the Mamond Peace Committee, Malik Gul Rehman in the Gat Agra area and exploded as soon as the pro-government tribal elder came out of his house. ",ASSASSINATION
A person was killed by unknown assailants on Thursday in Hub chowk,ASSASSINATION
A primary school for girls was blown up in the Koz Qalla area of Manglor,TERRORISM
Militants attacked a paramilitary checkpost by firing rockets. This prompted the security forces to retaliate with artillery shelling which then resulted in local casualties.,CONVENTIONAL_ATTACK_ON_GOV_FORCES
A mine explosion damaged a FC water tanker.,GUERILLA_ATTACK_ON_GOV_FORCES
Haji Isjaq was shot and wounded in Bengali Para in Korangi when he refused to give donation to members of a group.,TERRORISM
Two women were critically injured when a mortar shell hit a house in the Sipah area.,GOV_ATTACK_ON_NONSTATE_COMBATANTS
A young girl was killed by her father after he saw her with a man. ,ASSASSINATION
"It was reported that firing on a mosque in Shehr Sultan left 6 people dead and several others injured. The police claimed to have unearthed the group responsible which was stated to be a militant organization composed of former SSP activists who had decided to wage a \crusade\"" against the Shia sect. (See Note)""",TERRORISM
"About 200 'miscreants' allegedly broke into the city office of the PPP and damaged everything inside. They broke the doors, smashed the signboards and glasses of picture frames and raised slogans against the PPP.",VIOLENT_POLITICAL_DEMONSTRATION
"According to officials, forty militants and one security man had been killed in clashes that took place between the militants and the security forces, and that the Mohmand area was cleared of militants after the three day long operation. ",GOV_ATTACK_ON_NONSTATE_COMBATANTS
"Followin the stabbing of a motorcyclist, Ramzan, violence erupted in the Orangi area with two rival groups exchanging fire. Scores were people were injured in the clashes that took place in different sectors of Orangi town.  ; Follow-up: A statement given by the MQM chief Altaf Hussain indicates that the clashing rivals were ethnic groups.",RIOT
"Armed men of the Khoso tribe opened fire on a paddy shop in Qazi Ahmed, killing 7 people and injuring 3. After protesting against the failure of the police to provide security, a group of enraged Jataoi tribesmen attacked the village of Ghazi Hassan Khoso and killed a man identified as Qurban Khoso. The clash was the result of an old dispute between the two tribes which also claimed 3 lives in December 2009. ",RIOT
A man who had recently returned from England was found strangled in his house in Shadbagh. The tenant of the house claimed that two boys went to visit the victim on Dec 25.,ASSASSINATION
Two rival religious groups clashed over the possesion of a mosque. Two people were injured.,RIOT
The Sindh Professors and Lecturers Association (SPLA) had taken out a rally to demand an increase in pay-scales and hiring of new teachers but were intercepted by the police who prevented them from marching towards the CM's House. A brief baton-charge was witnessed which was followed by a scuffle with the police. 12 protesters were taken into police custody but were released later. ,VIOLENT_POLITICAL_DEMONSTRATION
troops foiled an attempt by militants to launch a rocket attack by hitting the suspected location with artillery and mortar shells killing three militants and injuring 5.,GOV_ATTACK_ON_NONSTATE_COMBATANTS
"Pakhtun Khan and Miran Jan, who had come from Kohistan to collect funds for seminary students in Kohistan, were found killed. ",ASSASSINATION
One person was injured in indian shelling across LoC in Samahni sector on Wednesday,ATTACK_ON_STATE
"A local leader of Awami national party, Dilasa Khan, was shot dead by unknown motorcyclists at his retaurant in Karachi. His son escaped the assassination attempt.",ASSASSINATION
an FC personnel was killed and five others including a civilian was injured when two landmines exploded in Kahan Town. A landmine blast injured a civilian. Paramilitary troops rushed to the site and recued the man but the vehicle carrying the FC personnel struck another landmine when it was on its way to the nearby hospital. Meanwhile the Baloch Liberation Army(BLA) and Baloch Liberation Fron (BLF) claimed responsibility for the attack through its joint spokeman Azad Baloch.,GUERILLA_ATTACK_ON_GOV_FORCES
"At least five  persons were killed while another thirty three were injured when a bomb attached to a motorbike was detonated by remote control in a commercial area at Nishtarabad Chowk along the GT Road. According to the police, the main target of the blast was a CD music centre in the area.",TERRORISM
angry protesters took out a procession as they wanted the  government to relax the curfew and allow the Ashura to pass through the regular route. the armed men blocked the main Kohat-Parachinar Highway and began their march towards Hangu. They marched into Hangu to take out Ashura procession by force amid curfew in the city. The army fired mortars near the Orakzai Agency headquarters when they tries to enter Hangu city.,RIOT
"Six students were injured in a clash between two rival groups of the Muslim Students Federation (MSF) at the Government Polytechnical College, Lahore. According to the police over a dozen armed students belonging to one group of MSF tried to take control of the hostel and upon resistance from the other group, a clash ensued in which firing with automatic weapons  resulted in damage to the building as well. They claimed that it was the second clash to take over the Yaqoob Hostel. Two students were taken into custody. ",RIOT
Two men were gunned down outside a hospital. No further details given. ,ASSASSINATION
"The Additional Advocate General of Punjab, Arif Bhinder, and six other people were gunned down by Zahid and his accomplices, belonged to a rival political group. The motive behind the killing was said to be a political rivalry between Mr. Bhinder and Zahid alias Zahdu, residents of Khokar village, Badami Bagh. The attacker, Zahid, was also killed in the exchange of fire. Followup: The death toll of the attack rose to 8 Followup: 2 people were arrested in connection to the Bhinder murder.",ASSASSINATION
A teenager was shot dead in Orangi  and the motive behind the killing could not be known.,ASSASSINATION
"Police contingents trying to restore traffic on various blocked roads faced fierce firing near Jamiatul Maaraf al Sharia. The police suspected the JUI to be involved in the firing and raided the JUI madrassa later that day. The police resorted to aerial firing and teargas shelling inside the madrassa. Students were severely beaten and four were reported injured. The police further confiscated 3 motorcycles, 3 bicycles, more than Rs. 550,000 and gold and silver ornaments collected as donations for Afghans. ",VIOLENT_POLITICAL_DEMONSTRATION
"Police fired teargas shells and dispersed an angry mob of young people who went on rampage smashing the windowpanes of shops and windscreens of passing vehicles. They were protesting against an explosion  which took place at Abal Chowk, which has caused no injury to anyone, nor had it damaged property.",VIOLENT_POLITICAL_DEMONSTRATION
"Rehan Umer Farooqi, a former MQM MNA, was shot and killed when he tried to resist a kidnapping attempt by unidentified people. The incident took place when Farooqi had gone to visit the family of Wasim Ahmed, another former MQM MNA. The victim was originally part of the MQM but latter left it for the MQM-H. Interestingly, the Malir Extension police watered down the crime scene, leaving no trace of blood or any evidence. ",ASSASSINATION
"In the after math of Benazir Bhutto's death, angry PPP protesters chanted slogans against the government in rallies all over and burnt tyres in protest which terminated at V Chowk.",VIOLENT_POLITICAL_DEMONSTRATION
a FC soldier was killed in a landmine blast near Mullah Baksh village in Nasirabad district.,GUERILLA_ATTACK_ON_GOV_FORCES
"Some unidentified armed men attacked the house of Mr. Ghulam Mustafa Jatoi (Leader of the Combined Opposition in the National Assembly). They fired 'indiscinimantly' and threw brickbats, injuring the guard.",TERRORISM
A woman was gunned down by three unknown persons over a karo kari dispute 15 years after her 'indictment'.,ASSASSINATION
"according to official sources, three security personnel were killed and three others injured in a remote-controlled landmine explosion. They were returning after distributing ration to the soldiers when their vehicle was blown up by the blast.",GUERILLA_ATTACK_ON_GOV_FORCES
A landmine blast killed a tribesman in Dera Bugti,TERRORISM
saboteurs five powerful bombs on the Quetta Zahida line between the Sheikh Wasal and Galangur railway stations four of exploded destroying the tracks at two places. BLA claimed responsibility fo rthe railway track blasts.,TERRORISM
The Army was called out to control the situation as protester's burnt the  district court and the magistrate's office.,VIOLENT_POLITICAL_DEMONSTRATION
"Militants attacked military troops to which the latter responded with heavy artillery fire, killing 10 militants. 1 soldier was injured in the initial attack.",CONVENTIONAL_ATTACK_ON_GOV_FORCES
"As KESC workers continued protesting against their placement in a 'surplus pool', various incidents of violence were reported from the city. Armed masked men attacked three assistant executive engineers outside the latter's office to stop them from working. The protesting workers denied the allegation that they had forcefully stopped people from working. ",VIOLENT_POLITICAL_DEMONSTRATION
Two men were gunned down in an encounter with the police in Goth Ali Akbar Shah when they tried to flee.,OTHER
"The house of two alleged killers was set on fire by angry protesters in Block G/1 in Johar Town when they pelted stones, destroyed valuables and burned the house down. No one was reported to be injured as the alleged killers had escaped before. ",VIOLENT_POLITICAL_DEMONSTRATION
"A woman, Bashiran Bibi, and er daughter-in-law, Rehana Bibi, were found butchered in their house. Rehana Bibi was going to go to Saudi Arabia soon and according to the other family members, they had no enmity with anyone. The police could not ascertain the motive behind the murders.",ASSASSINATION
Unidentified armed people attacked the military personnel on Matta Ronyal road. Tehrik I Taliban Pakistan claimed the responsbility for the attack.,GUERILLA_ATTACK_ON_GOV_FORCES
The body of an unidentified man was found floating in the Indus river near the Ghazi Barotha barrage.,OTHER
" a police party led bySHO Riaz Khan was on patrol on the Indus Highway when a group of armed men opened indiscriminate firing on their vehicle. The SHO and his bodyguard was killed while another policeman was injured. The SHO had been receiving threats from different criminal gangs, politicians and the Taliban.",ASSASSINATION
"Persistent water and power shortage led to a protest by residents of Zaman Town who took to the streets and attacked water hydrants. The police were there to intercept the protesters and later called Rangers for backup. In one of the multiple attempts to damage hydrants some shots were fired which led to one young man getting injured and later succumbing to those injuries. The police and Rangers denied having fired the shots, but residents of the area blamed the police for the firing and returned later to demonstrate violently against the police. A passenger bus was set on fire near Matkay Wali Pulya. A fire tender rushed to the spot was unable to do its job as people kept pelting it with stones. ",VIOLENT_POLITICAL_DEMONSTRATION
"Ahmad Ali was shot dead by his armed rivals in the Shahdara town. The deceased owned some agricultural land in the area that was repeatedly trespassed on by tractor trollies owned by the accused, Mohammad Riaz. The 2 parties had often quarreled over this in the past.",ASSASSINATION
A young man's body was found wrapped in a sheet in the parking lot of the Jinnah Post Graduate Medical Centre. He had reportedly been strangled and there were no torture marks on his body.,OTHER
"A clash took place between law enforcement agencies and demonstrators. local administration, with the help of Frontier corps was able to remove the barricades that had been setup. the protesters regrouped around the main highway. some shots were fired in the air, causing injury to FC personnel. FC responded by firing shots.",VIOLENT_POLITICAL_DEMONSTRATION
The Sui administration defused three rockets from a gas field. Details are not available.,TERRORISM
"As the protesters were protesting in Khurrianwala Chowk against the release of Raymond Davis, police resorted to baton-charge injuring two men on Wednesday.",VIOLENT_POLITICAL_DEMONSTRATION
FC was ordered to take action against the Tori and Banghash militant tribesmen who had been fighting for several days now in the Kurram region. 15 to 20 militants were killed by the Fc troops.,GOV_ATTACK_ON_NONSTATE_COMBATANTS
The beheaded body of a Khasadar was found in Bara tehsil of Khyber tribal region. The headless body of Shah Ahmad alias Shanak was found in Speen Qabar Chowk. The deceased was kidnapped from his house by unidentified gunmen. Nobody claimed responsibility for the attack.,ASSASSINATION
"Syed Ejaz Hussain came to the Imambargah during Maghrib prayers and detonated the bomb in the second rakat. Everyone ran out, 4 worshippers were injured and the bomber died. Acting District Nazim Raja Javed Ikhlas promised a revision on the security arrangements in mosques for Muharram.; Follow-up: According to Mr. Hayat, the suicide bomber was Muzaffar-ur-Rehman. He was trained in Afghanistan and belonged to a miltant group.",TERRORISM
The situation in Lyari remained tense as protests continued against the house arrest of Benazir Bhutto. Protestors burnt tyres and threw stones at vehicles while the police fired tear gas shells.,VIOLENT_POLITICAL_DEMONSTRATION
"Two rival rallies were planned in connection to the deposition of the Chief Justice of Pakistan, and it was feared that the showdown would degenerate into a violent 'show of strength'. Already, incidents of firing had been reported from different areas of the city, and a man was gunned down. No detail of any incident was given, but it seems to be the precursor of a larger blast of violence that the city would soon experience. ",OTHER
"Markets and shops were closed and protest demonstrations were held in Rajo Khanani town against the desecration of the Holy Quran on the previous day allegedly by a 25 year old man. Angry mobs took to the streets and besieged a police station, in which they forced the police to arrest the accused. ",VIOLENT_POLITICAL_DEMONSTRATION
"A rocket fired by militants from a nearby hilltop hit a mosque in Landi Kotal, damaging its boundary wall. Another rocket was defused by the khasadars from the place where the first one was fired. ",TERRORISM
4 persons were killed and 8 others were injured in an indiscriminate firing by a religious group in Old Jhang city.,TERRORISM
"A powerful bomb blast badly damaged two classrooms and an office of the Government Middle Boys School Kachi Maand, in Sialkot working boundary. No casualty was reported as no one was on the school premises at the time of the explosion. According to officials, the Indian-made time bomb, weighing 5kg, was placed beneath school walls and was meant to target the students but due to some technical fault the explosive device exploded earlier at 3:05am. A civil defence official confirmed that another identical time bomb was also found on the premises which was defused 5 minutes before its scheduled time. ",TERRORISM
"two people, Kora Khan Domki and Shaho Domki, were shot dead in Bakhtairabad area of Nasirabad. they had gone to attend a jirga to help decide a dispute with their rivals. The deceased had refused to accept the decision on the jirga. They were killed on their way home",ASSASSINATION
"Two unknown motorcyclists gunned down Iqbal Hussain Butt, a former PPP councillor near his house in sector 34-L, Korangi. ",ASSASSINATION
Three unidentified gunmen opened fire at one Afzal Bajwa. He died later in the hospital. The reason behind the murder is not known.,ASSASSINATION
militant hideouts in Tor Chappar and Shni Kalay were bombed by security forces.,GOV_ATTACK_ON_NONSTATE_COMBATANTS
"Mohammad Sajid, 18,  received injuried in Liaquatabad.",TERRORISM
"A drone strike on the residence of Karim Khan killed 5 and injured 2. Karim Khan, who used to work for a newspaper, had allegedly developed ties with militant organizations, representatives of which would frequent his house. ; Follow-up: The two injured later succumbed to their injures, taking the death toll upto 7. One of the victims was a top militant leader, Haji Mohammad Umar. ",DRONE_ASSASSINATION
Police sources said some people opened fire on FC personnel in the Sarona area of Wadh. However no casualties were reported.,CONVENTIONAL_ATTACK_ON_GOV_FORCES
Protests were held at Aath Chowk and other places where enraged youth burnt old tyres. ,VIOLENT_POLITICAL_DEMONSTRATION
following the killing of the baloch nationalist leaders violence erupted in Balochistan.a mob set on fire an under construction building.,VIOLENT_POLITICAL_DEMONSTRATION
5 militants were killed in an exchange of fire with the security forces in Matta Tehsil on Friday.,GOV_ATTACK_ON_NONSTATE_COMBATANTS
"An eight member gang attacked the Korangi residence of milk-seller Deen Muhammad. The armed men first took the family hostage, then had the Deen Muhammad and his sons stand in a line against the wall, and sprayed them with bullets. Initially the police described the incident as terrorism, suspecting that the five were killed on the suspicion of being police informers. But later, a senior police officer said that they were investigating other aspects of the murder too.",TERRORISM
"The trussed-up body of a leader of the Baloch Republican Army (a seperatist militant outfit), Saleem Afshani, was found in Lea Market. ",ASSASSINATION
An unidentified body was found near White Hall with his hands tied behind his back.,ASSASSINATION
two people were killed in an exchange of fire in Gulzar-i-Hijri when a chowkidar Gulshan-i-Maimar was attacked by 4 men.,ASSASSINATION
Four members of the Mehar clan were injured when they were attacked with clubs and daggers by their rivals.,RIOT
Mohammad Hussain was injured in firing near Landhi police station. ,TERRORISM
The body of an unidentified man was found. There was an injury mark around his neck. ,ASSASSINATION
Unknown men fired 2 rockets at the Sui Airport and damaged a portion of the runway. The first landed on the runway and the second exploded near the airport but did not damage it. ,TERRORISM
"The house of PPP Gujrat President , Ashraf Deuna was attacked by rivals with 30 rockets. Mr. Deuna and his family escaped unhurt.",ASSASSINATION
"Feroze Ahmad, a local MQM activist, lodged a complaint with the Garden Police, claiming that a number of PPP activists, led by Ramzan Baloch, fired at the MQM office and tried to ransack it. They came in two vehicles and allegedly opened fire at the MQM Office.",TERRORISM
The body of young man was found with multiple bullet wounds.,ASSASSINATION
Militants blew up a gas pipeline in the Dasht area suspending gas supply to Quetta. ,TERRORISM
"The Lahore chapter of Shabab-i-Milli, Pakistan, held a demonstration against the rising level of obscenity in Pakistani films.  The increasing obscenity was termed 'a conspiracy to pollute the minds of Pakistani youth'.  Some Shabab-i-Milli activists reportedly entered the building of Central Film Censor Board and ransacked the office of its chairman. ",VIOLENT_POLITICAL_DEMONSTRATION
"Armed men on a motorcycle opened fire at a hair salon, killing two employees of the saloon. The police claim that the employees were targeted. ",ASSASSINATION
A stray bullet hit a person in Orangi town injuring him. (This event occured on the election day),TERRORISM
Unidentified men threw a body on the main road near Jinnah Postgraduate medical centre. Its hands and legs were tied.,OTHER
"As part of the military operation in Orakzai that started on 10-Apr-10, security forces used heavy artillery and helicopters to target militants in Shereen Dera, killing 11 and capturing 5. Clashes also took place in Sangara and Saam areas where a further 12 militants were killed and 4 captured. 4 Militant hideouts were also destroyed. ",GOV_ATTACK_ON_NONSTATE_COMBATANTS
"Protesters who were demonstrating agaisnt the failure of the police to arrest the murderers of a brick-kiln worker, were baton charged by the police. Eight people were arrested and two policemen were injured.",VIOLENT_POLITICAL_DEMONSTRATION
"Aijaz Ahmed, a councillor of the Municipal Corporation of Lahore was shot dead by seven gunmen. His family alleges that Muhammad Asghar, his political rival, was behind the assasination.",ASSASSINATION
"Dr. Syed Jafar Raza  was standing outside his ENT General Clinic when some unidentified men on a bike came and opened fire on him, killing him instantly. A senior police offical stated that it was too early to tell but there might be sectarian motives behind the killing. ",ASSASSINATION
"A young man, Zahid Ali, was shot dead in Mominabad. According to the alleged killer, Munna, fled.",ASSASSINATION
The wave of 'ethnic' violence that affected Orangi town the previous day spread to other parts of the city when two watchmen were gunned down in front of Madni Masjid in the Garden area. ,ASSASSINATION
"A clash took place between workers of two student political organizations, the SPSF -student wing of the PPP - and SPSF(SB) - student wing of the PPP(SB). However exact details are difficult to ascertain given the contradictory nature of competing claims made by the parties involved. Ghinwa Bhutto, chairperson of the PPP-SB, claimed that SPSF members opened fire at her car and convoy which led to the clash. The Sindh Law Minister and president of the PPP's Larkana chapter claimed that SPSF(SB) students manhandled PPP workers and attacked the car of SPSF leader Sohrab Marri. DPO Irfan Baloch claimed that it was a clash between workers of the two student political parties after an SPSF-SB activist had fired in the air. ",RIOT
"Amid a fresh bout of war between 'criminal gangs'-supported by political parties-operating in Lyari after five young men of the area were found dead. Before protests over the killing broke out, armed men on motorcycles arrived at Bheempura, Salaar Compound and Hindu Para area, throwing hand grenades and firing rockets, which led to the death of three people, including a 10 year old boy and 16 year old girl.",TERRORISM
A person was shot dead by unknown assailants in Nishtar Colony on Sunday,ASSASSINATION
"Two groups of students affiliated with different political parties clashed on campus, causing injuries to 2 students. The Jeay Sindh Students Federation claimed that accusations of teasing female students were at the heart of the clash. However this version was disputed by other students who were injured in the clash. A fact finding committee was setup to determine the cause of the clash. Though no arrests were made, 17 students were nominated in the FIR. The nominated students belonged to JSSF, Sf-SB and Asgheria Students Organization.",RIOT
"a 132 KV power supply pylon was blown up in the Barkhan area, disrupting power supply to Barkhan and Kohlu area.",TERRORISM
Six civilians were killed in Shah Dheri area of Swat due to mortar shells.,GOV_ATTACK_ON_NONSTATE_COMBATANTS
PML workers in Kasur took out a procession under the leadership of VP Mian Khurshid Mahmood Kasuri and pelted stones at open shops to force the owners to close them.,VIOLENT_POLITICAL_DEMONSTRATION
A low intensity explosion took place on a railway track in Mehrabpur. Pamphlets found at the blast site contained the name of The Sindhudesh Liberation Army (SLA). ,TERRORISM
"Around 1,200 clients affected by the lawyers' strike took out a protest rally against lawyers, attacked the bar office, ransacked its furniture and thrashed some of the lawyers as well. They demanded of the lawyers to either reimburse their fees or call off their strike and appear in courts. The protesters dispersed after an assurance given by the DPO that the action would be taken against lawyers if they submitted written applications.",RIOT
Zulfiqar Masih was on his way home when armed men on a motorbike shot him. He died on the spot. Police claim that it was a targeted killing. ,ASSASSINATION
An amulet giver was gunned down in his house in Wahdat Colony area when an unidentified person opened fire on him. He suffered a bullet wound in the head and succumbed to his injuries while on his way to the hospital. It was not immediately clear whether the killing was a terrorist act. ,ASSASSINATION
"Workers of PPP and IJI ransacked the offices of PML and IJI. Thiswas alleged by provincial general secretary of PML, Haji Mohammad Javed.",TERRORISM
"Dozens of contractual employees of the National Programme for Improvement of Watercourses (NPIW), marched towards the Sindh Chief Minister's house to protest against the non-regularisation of their jobs. Despite the government's assurance, nearly 3000 jobs have not been regularised. They were intercepted by the police who baton-charged them and fired tear gas shells. NPIW leaders claim that more than 12 people were arrested but the Police have denied that claim. ",VIOLENT_POLITICAL_DEMONSTRATION
"The partially decomposed bpdy of a woman was found in her house in PIB Colony. Her hands were tied and although the house was ransacked, no valuables were taken. She lived alone.",ASSASSINATION
An unidentified man was wounded in Korangi.,OTHER
A shopkeeper was gunned down by two armed motorcyclists in Quaidabad on Saturday.,ASSASSINATION
"Mohammad Ali, a 32-year-old man, was purchasing fruit when two men on a motorbike shot and injured him before fleeing. ",ASSASSINATION
"Security forces demolished the houses of two militant commanders, Bacha Munir and Maqbol",GOV_ATTACK_ON_CIVILIANS
Two people were arrested with an Indian made time bomb. They planned on planting it in the Shakrgarh civil court. Their affiliation to any group/organization could not be ascertained.,TERRORISM
"Hundreds of villagers blocked the National Highway for 3 hours in order to protest against the excesses of the police in Khanpur Maher town, Ghotki. The protesters burnt tyres and demanded that action be taken against the police officers that extort money from the public. The police baton charged the protesters but they refused to budge until the Khanpur police release a villager, Atta Muhammad, who had been arrested on false charges. ",VIOLENT_POLITICAL_DEMONSTRATION
Infuriated locals blocked the highway and chanted slogans against the police and the officials of the forest department. The protest was the result of an incident in which a speeding pickup loaded with smuggled timber colliding with another pickup. According to eyewitnesses the driver of the pickup unloaded the smuggled timber in a nearby saw machine and made good his escape. It is also mentioned in the report that speedy vehicles of timber smugglers have injured a number of people in the past including school children. ,VIOLENT_POLITICAL_DEMONSTRATION
"Gunmen attacked a passenger van, killing a policeman Arshad Mehmood, and injuring 3 other people. A local official suspected that the attack was orchestrated by a local criminal group whose leader, Balo Mian, had been killed in a police encounter recently. ",ASSASSINATION
"Ayub Butt alias Ayub Commander, who was a local leader of the PPP, was shot dead by armed men who opened fire on his car after ambushing it.",ASSASSINATION
"US and NATO airplanes, while chasing Taliban from Afghanistan, crossed over into Pakistan airspace. They stayed in Pakistan for about 30 minutes and fired missiles at suspected militant positions. ",GOV_ATTACK_ON_NONSTATE_COMBATANTS
2 people were injured when armed men opened fire at a group of people that was on its way to the mosque for morning prayers. The injured victims were identified as Intikhab Alam and Muhammad Ali. ,TERRORISM
"Abdul Wahab Jamali allegedly shot dead his wife, Zarina, and cousin, Shahnawaz Jamali on the pretext of Karo-kari. His father, Mohammad Ali, registered an FIR against the accused claiming the victims were innocent.",ASSASSINATION
Gunmen of a Zehri Tribe elder were travelling on a pick-up when unidentified people ambushed them and opened fire. 6 gunmen and a bystander were killed. Levies Force personnel rushed to the spot and took the injured to the hospital and were later deployed in the area to prevent clashes between rival tribesmen. ,RIOT
"At least 4 policemen and 5 students were injured in a clash between the police and students during a demonstration held by the students over the increase in university hostel prices. During the protest some students tried entering the administrative block and upon resistance by the police they pelted them with stones, smashes window panes and damaged some officials' vehicles. Police had to resort to baton-charge and tear gas to disperse the crowd. The students claimed that 15 of them had been injured. 20 students were taken into custody.",VIOLENT_POLITICAL_DEMONSTRATION
An unidentified bullet riddled body was found from Mehmoodabad area.,OTHER
"A curfew was imposed in Parachinar after three people were killed in heavy fighting amongst two religious groups. The two groups were aggravated when one of the took down the flag of the other during an Eid Milad un Nabi procession in the area. The incident sparked anger and violence in the area, which led to to the death of three people and injuries to 18. An ambulance carrying some injured people was also attacked in a continuation of the said attacks ; Followup: The number killed in the sectarian clash between the two religious groups grew to be 40 in the 2 days of fighting, while the number injured came out to be 70. Strict curfew had been imposed in the area, and the military and paramilitary forces were brought in to bring the situation under control",RIOT
Bakhtra Gul of Khost province (Afghanistan) was found dead and a not was found along with his body stating that he was involved in spying for the US.,ASSASSINATION
A 13 year old boy was stabbed to death by some unidentified murderers.,ASSASSINATION
A mild intensity bomb exploded near the High Court. No loss of life or property was reported.,TERRORISM
A watchman was shot dead by unidentified persons in Orangi Extension on Friday.,ASSASSINATION
Sub-Inspector Nabi Buksh of the police was killed when armed motorcyclists opened fire at him. The BLA claimed responsibility for the attack. This was the 3rd targeted killing of a policeman in Balochistan in the last few days. ,ASSASSINATION
"Law enforcement agencies demolisehd 50 houses belonging to outlaws in the tribal areas as a sweep up operation by blowing them up with dynamite, bulldozing them or setting them on fire. ",OTHER
"4 Elite Force personnel and a secret agency officer and 2 others were injured when suspected terrorists hurled a hand grenade at them during a raid in Hajiabad. 2 medical college students, who had provided the police with information about the terrorists, were among those injured injured. the terrorists escaped on motorcycles.",GUERILLA_ATTACK_ON_GOV_FORCES
"Oil tanker drivers were protesting against the \partial attitude\"" of the management of the PSO Terminal. There then was a clash betweent the police and the protesting drivers. This resulted in injuries to five drivers. """,VIOLENT_POLITICAL_DEMONSTRATION
The only girls' college in Orakzai tribal region was destroyed when militants planted and detonated explosive devices. ,TERRORISM
"Raja Beckers, a resident of Malir Cantt, was targeted and killed by two men on a motorbike as he was getting off a rickshaw. ",ASSASSINATION
Five people were killed in Sector F-5 in New Karachi. ,TERRORISM
Three students of Karachi University were killed and 10 others were injured in clashes between Islami Jamiat Tulaba and All Pakistan Mohajir Students Organisation.,OTHER
"Nazir Gul was killed. According to his son, he left the house at night and didn't come back. His body was found the next day.",ASSASSINATION
Violence continued in Hyderabad and Latifabad for a second consecutive day when the Wapda office in Affandi town was set ablaze but the fire was brought under control quickly causing partial damage to the building. ,VIOLENT_POLITICAL_DEMONSTRATION
Two lawyers were stabbed by unidentified persons. One of them was the Principal of the Law college and he along with his friend were attacked with daggers inside his office. The attackers managed to escape.,ASSASSINATION
"Five gunmen, opened fire at people in a medical store, below the Imamia mosque. Two people were killed and five injured in this sectarian attack.",TERRORISM
A child was killed and his parents were injured as security forces opened fire on them during the curfew near Miranshah on Monday.,GOV_ATTACK_ON_CIVILIANS
three girls were killed when they stepped on an anti-personnel mine planted near a water-tanker where they were playing.,TERRORISM
Unidentified gunmen shot dead the care taker of an Imambargh while he was on his way there. ,ASSASSINATION
a home made explosive device had been planted at the back of the building of a girls school. The building was partially damaged in the explosion.,TERRORISM
"at least four rockets were fired at a checkpost of the Frontiers Corps in Kahan Town. However, no damage or casualty was reported.",GUERILLA_ATTACK_ON_GOV_FORCES
1 policeman was killed when militants attacked the Mamokhwara checkpost in Hangu. Security personnel manning the post returned fire and killed six attackers.,CONVENTIONAL_ATTACK_ON_GOV_FORCES
Unidentified armed men of Jeha tribe opened fire on Aziz alias Usman Kehar and killed him on the spot. The Jeha and Kehar tribes were at odds for the past one and a half year over a dispute involving a woman.,ASSASSINATION
"Two men were found shot dead at a desolate place in Gulistan-i-Jauhar. According to SHO, the unknown persons had brought the victims to Block 3 and fired a volley of bullets on them. The police could not ascertain the motive behind the killing as the two, reportedly, did not have any political affiliation, however, it was termed a targeted killing. ",ASSASSINATION
"the body of Afzal Khan, a resident of Osmanikhel Garhai in the Dargai Tehsil was found, hung with a pole along the Dargai river.",ASSASSINATION
Policemen and some protestors were injured when a protest rally was prevented from marching to the WAPDA office by the police,VIOLENT_POLITICAL_DEMONSTRATION
"Police resorted to baton-charge and tear gas shelling to disperse violent demonstrators who had gathered to protest against the inability of the police to arrest the killers of a shopkeeper, despite knowing who the culprit was. A case was later registered against the accused and the SHO was transferred on public demand.",VIOLENT_POLITICAL_DEMONSTRATION
A teenager was stopped by volunteers outside a mosque when he detonated his suicide vest. He was apparently headed towards the shura that was convening inside the mosque at the time. ,TERRORISM
A person was stabbed to death in Liaqatabad by unknown men on Monday,ASSASSINATION
1 person was killed and 5 were injured during a clash between two groups of the Lund tribe. Both groups exchanged hot words over a theft which turned into an armed clash. Police arrested 6 people from both sides. ,RIOT
abandoned police post was blown up.,CONVENTIONAL_ATTACK_ON_GOV_FORCES
"A rally was organised by the Brailvi sect against the destruction of banners and posters by the Deobandi sect the day before. During the rally the protesters stated pelting the Khairul madaris with stones upon which the Frontier Constabulary, deployed to control law and order, resorted to aerial firing to calm the crowd. Later some youths tried to enter the Madaris and started pelting the FC personnel with stones, injuring two. The FC men then opened fire on the crowd, killing one boy and injuring three others. However, the FC men deny opening fire on the crowd. ",VIOLENT_POLITICAL_DEMONSTRATION
Ghulamoo Janwari was shot dead by seven armed men over the distribution of a piece of land near a old cinema.,ASSASSINATION
"Two men on a motorbike hurled two hand-grenades on the Saudi Consulate, causing damage to property. No injuries of deaths were reported. ",TERRORISM
A Frontier Corps soldier was killed and another seriously injured when tribesmen opened fire on them. No other information was given.,CONVENTIONAL_ATTACK_ON_GOV_FORCES
A bomb exploded injuring one person.,TERRORISM
"According to the North Nazimabad police, some persons wearing masks in a Toyota Corolla opened fire an injured Salman Shamsi and Sadaqat. The police stated that the occupants of the car seemed to be Iranians by appearance.",TERRORISM
"two persons were killed and 5 others were injured, in an armed clash between people belonging to the Chandio and Chachar communities over sharing of irrigation water, in village Ghuneja Pull.",RIOT
"about 125 men were rounded up in Multan when they tried to hold a rally procession and damage the property. Punjab Government has imposed a ban on rallies after incident of widespread violence in rallies in the city on Feb,14. ",VIOLENT_POLITICAL_DEMONSTRATION
"At least 50 people were killed and some 200 wounded afer fighter jets bombed a village market near Mirali Town. 12 bombs were dropped that mainly targeted the small market. According to Military spokesman Maj-Gen Waheed Arshad, the number of militants killed in 3 days of fighting was approximately 150, and the army's casualities were 45.",GOV_ATTACK_ON_NONSTATE_COMBATANTS
Two people were killed and three were injured due to Indian shelling in Leepa valley on saturday ,ATTACK_ON_STATE
"one person was killed and eight others were injured when two rival groups, Ayub and Nazir groups, exchanged fire in Burki, over an old enmity.",OTHER
"3 persons killed a boy, Bashir Khan. The murder was a follow-up to a dispute that had taken place between the victims and the killers.",ASSASSINATION
"a man, Sajjad, was outside his house in Rakser Lane, when unknown persons opened fire at him and fled.",ASSASSINATION
A person was found dead in Defence area on Sunday. Police claimed that he was strangled,ASSASSINATION
A man was injured by a bullet Phuleli village,TERRORISM
a man was found dead in a gutter in I-14 Sector.,ASSASSINATION
"Approximately 100 inhabitants of a Kutchi Abadi in Sector G-8 clashed with the police during a protest demonstration. 3 women tried to self-immotate themselves but the police stopped them, while others started pelting the police with stones. They were protesting against a recent operation in the kutchi abadi in which the enforcement directorate of the CDA had razed some 'illegal encroachments'.",VIOLENT_POLITICAL_DEMONSTRATION
"Nazakat Hussain, a salesman, was shot dead people travelling in a taxi that targeted him.",ASSASSINATION
"Some unidentified men made a  \ murderous attempt \"" on the life of Federal Minister for Kashmir Affairs, Mohammad Hanif Khan. The Minster survived but a few PPP workers got bullet wounds.""",ASSASSINATION
"Following the murder of a young MQM activist in Gulistan-i-Jauhar, tension spread in the Gulshan-i-Iqbal locality and bus was reportedly set on ablaze near Kiran Hospital just shortly after the killing. ",TERRORISM
"According to locals, suspected militants planted explosive devices in a girls government school, which was blown up. Two rooms and a head master's office were destroyed in the building. ",TERRORISM
Two women were injured in landmine explosions.,TERRORISM
"Mohajir Qaumi Movement (MQM) activists allegedly set the vehicles on fire in Nabi Baksh, Risala and Johrabad, respectively. ",VIOLENT_POLITICAL_DEMONSTRATION
"A bomb exploded near the Pabbi Railway station in front of a public call office, killing one person and injuring three others. ",TERRORISM
One soldier was injured while defusing a landmine near the Chashmai Bridge.,GUERILLA_ATTACK_ON_GOV_FORCES
a man was injured when some men on a motorbike hurled a grenade at a clinic in Dera Bugti town.,TERRORISM
"In a bid to protest against the house robbery in which a shopkeeper was killed and his brother was injured, people resorted to brick batting as the police reached national highway on Tuesday.",VIOLENT_POLITICAL_DEMONSTRATION
A blast took place in a Gujranwala-bound bus near the Alim bypass. Two passengers were killed on the spot while 3 others succumbed to their injuries in the hospital. A total of 15 people were injured in the blast.,TERRORISM
"The strife-hit areas of Karachi witnessed renewed violence, as armed men killed a restaurant owner and injured his employee in Gulistan-i-Jauhar in Block 17.",ASSASSINATION
Three constables were injured in an explosion in the office of senior superintend police in the district courts. The bomb exploded when the SSP was addressing a press conference and his office was completely destroyed. ,TERRORISM
"During a strike, called by MQM-H, the zonal office of the MQM(A) was attacked. Armed men opened indiscriminate fire at the office but no one was injured. ",TERRORISM
Two missiles were fired at a village causing panic in the area.No one was hurt.,TERRORISM
"Chaudhry Zahid informed Rescue 15 that there was a suspicious bag lying in the Sabzi Market and people were running around in panic. Bomb experts defused the locally made, 1 kg explosive device. However, according to the Deputy Superintendent of the Police, I-9, Ishaq Waraich, the police spotted the bag and the bomb experts later defused it. ",TERRORISM
Pakistani Army repulsed an attempted attack on a Pakistani post by Indian army. Heavy casulaties were inflicted.,ATTACK_ON_STATE
Six people were shot at and injured in an exchange of fire between two groups in Shaheenabad locality.,RIOT
A mob of mourners (moharram related) attacked and ransacked offices of railway officials and pelted trains with stones to protest against the massive delay in the arrival of trains. The mourners had arrived in the thousands to attend the famous Shama Gul mourning procession of 9th Muharram in Rohri. ,VIOLENT_POLITICAL_DEMONSTRATION
"An office of the Health Department's Family Planning Project was set ablaze by unknown people, who sprayed the walls with kerosene and set it on fire. The entire office and family planning medicines and contraceptives were gutted.",TERRORISM
"A large number of people mourning the death of a slain religious leader Maulana Hassan Jan drove away Interior Minister Aftab Ahmad Khan Sherpao and Chief Minister Akram Khan Durrani when they came to offer their condolences. The angry people started throwing their shoes at the political figures and later pelted stones, forcing the political figures to leave. They also smashed the windowpanes of the stadium. ",OTHER
"More than a dozen people were injured when police and rangers tear-gassed and resorted to baton-charge during a protest against water scarcity in Vehari, under which the protesters chanted slogans and later lit bonfires on the roads. ",VIOLENT_POLITICAL_DEMONSTRATION
Villager Noor Alam was injured in firing by Indian troops from across the LoC,ATTACK_ON_STATE
"A senior anti-government lawyer, Raja Mohammed Riaz, who hailed from Pind Dadan Khan, was shot dead by armed assailants in what was believed to be a target killing case.",ASSASSINATION
"Over 30 people were injured, and more than 500 detained when protestors, comprising of lawyers, political activists and general people, tried to gather in front of the Supreme Court to show solidarity with the sacked Chief  Justice of Pakistan. ",VIOLENT_POLITICAL_DEMONSTRATION
Two persons were wounded in shooting incidents in North Karachi.,TERRORISM
gas pipeline was blown up disrupting supply to several areas including a Sui plant from the Koh gas field.,TERRORISM
A police official was gunned down when armed men on a motorbike opened fire on him on Jahangir Road. ,ASSASSINATION
"Sarwar Bibi was killed and seven others were injured when Indian trops opened unprovoked firing on the civilian area in Poonch Sector.The firing continued for two hours and was countered by the Pakistan Army.;Follow-up:Kala Khan ,an infant Nadeem and Safaida Begum also passed away of their injuries in the hospital on Thursday.Follw-up: Mukhtar Begum also died of her injuries in the hospital on Friday.",ATTACK_ON_STATE
"A government middle school was blown up in Akkakhel when a huge quantity of explosives, planted by militants, exploded during the night. ",TERRORISM
2 people were injured in a clash between groups of Qadianis and Muslims in Chawinda Town on Saturday.,RIOT
a primary school for boys and a basic health center were set on fire by unidentified persons. The militants planted explosives at both the buildings.,TERRORISM
Three students were injured in a clash between IJT and APMSO activists. The violence started at Urdu Science College when APMSO students did not allow IJT students to get their admit cards. The violence spread to National College and as a result three students were injured.,RIOT
"A roadside bomb killed a tribal elder, Nawabzada Shamsul Wahab Khan, and his driver, and injured two of his body guards. The relatives of the deceased said they had no enmity when anyone, so the reasons behind the attack were not clear, or even certain that it was a targetted attack.",TERRORISM
Several people were hurt in an armed clash between Qandhari and Baghlan tribes of Afghan refugees over food distribution in the refugee camp.,RIOT
"Following the strike call given by MQM steering committee, armed youths took to the streets and resorted to violence. A vehilcle of the Irrigation Department was set on fire. ",VIOLENT_POLITICAL_DEMONSTRATION
"A strike was called out by the opposition party against the 'mini budget' announced by the governor of State Bank of Pakistan. PML activists, who had planned demonstrations in the city, set on fire tyres and blocked traffic at several places. Reports said that they had smashed windscreens of some passenger wagons. The police had to intervene to restore traffic.",VIOLENT_POLITICAL_DEMONSTRATION
"There was a clash between two groups of the district council after Abdul Aziz Bhambro of Khairpur Dost Panel, who is a claimant of the Naib Nazim post, and his supporters occupied the office of the acting Naib Nazim, namely Shafi Mohammad Chandio. The district Nazim said that the rival members illegally opened the Naib Nazim's office even though the Supreme Court had issued a stay order in favour of Mr. Chandio. The PML-F MNA said that the ADP attacked the KDP members. the PPP MPA said that the issue will be resolved in the Sindh Assembly.",RIOT
unidentified assailants killed a faith-healer at his workplace in A-2 Sector of Township.,ASSASSINATION
"A remote controlled bomb, that was planted near an unmanned Khasadar post, was detonated when a passenger vehicle was passing by. At least 6 people, including the driver, were injured. ",TERRORISM
5 militants were killed when secuirty forces attacked their hideouts in Kanju area of Swat. this was one of the incidents for which the army has claimed that 23 terrorists were killed and 5 were captured during operationsin Swat and Dir on 1-jul-09 and 2-jul-09.,GOV_ATTACK_ON_NONSTATE_COMBATANTS
"A militant, Jamshed of the Warha Bainai area, was injured along with a bystander when a bomb he was planting exploded prematurely. The bomb was being planted at the shop of Lutaf Gul, who had joined the ANP 2 months before the incident. This was the 3rd attack on Mr. Gul's property as his hujra and his CNG station had been targeted earlier. ",TERRORISM
4 people were killed in US drone attack near Ghoroski on Friday. According to the sources there were also some foreigners among dead.,DRONE_ASSASSINATION
"Militants attacked an FC checkpost to which the FC personnel in the area responded with fire. In the ensuing clash, 2 FC men were injured while two others were kidnapped by the militants. The FC launched a search operation in the area soon after the incident. ",CONVENTIONAL_ATTACK_ON_GOV_FORCES
The dead body of one Abdul Ghafoor was found in a sugar cane filed. His mother alleged that two people from her village were behind the murder. No arrests were made.,ASSASSINATION
Supporters of APMSO and NSF had an armed clash on campus which left 3 students injured. The clash erupted after one group accused the other of removing material from that group's notice board. Both groups accused each other of using firearms. ,RIOT
8 people were killed and 38 were injured when a bomb went off infront of the office of the PML-N district president Raja Akhtar Ali in Gunj market. Seven shops and power supply lines were damaged. DCO Syed Mohsin Shah said 20 people had suffered injuries. a man was arrested after the blast.,TERRORISM
Suspected militants used local made bombs to blow up an electricity tower. This caused an increase in the duration of loadshedding,TERRORISM
A riot occurred between PML N and PML Q supporters after PML N candidate Tirmazee was defeated with a margin of 139 votes by PML Q candidate Shahjehan Yousaf.,RIOT
The dead body of an unidentified man was found by the police in a vacant house. The Naib Nazim had informed the police of the location of the body. ,OTHER
a clash between ADP and KDP workers was reported at Mehrab Sodhro polling station of Thari Mirwah.,RIOT
A time bomb exploded off in Tall Bazaar on Friday. However no loss was reported.,TERRORISM
Muhammad Sultan stabbed his married sister to death on suspicion of her having a loose character. No arrests were made.,ASSASSINATION
"A local zamindar and his wife were gunned down by unidentified persons in Mod village of Pano Aqil taluka.  The armed persons reportedly barged into the houe of Qadir Bux and tried to overpower the inhabitants.  When they resisted, the intruders opened fire, killing the husband and wife.  No other details were reported, but nothing was reported stolen.",ASSASSINATION
The bullet-riddled body of the former General Manager of National Highway Authority was found in the boot of his abandoned car. The motive behind the killing could not be ascertained. ,ASSASSINATION
A security guard was shot at by unidentified armed assailants riding a car. The guard was injured. The motive behind the shooting is not known.,ASSASSINATION
a civilian driver was killed when his truck which was part of a military convoy was blown up in a roadside explosion. Security forces retaliated resulting in an exchange of fire. Some militants managed to escape.,GUERILLA_ATTACK_ON_GOV_FORCES
The headless body of a person was found from a car in Nazimabad on Thursday. The victim was kidnapped and then murdered.,ASSASSINATION
Saboteurs fired rockets at the Khuzdar cantonment area. The rockets landed in an open area and did not explode. The office of the secret agency was apparently the target of the attack.,GUERILLA_ATTACK_ON_GOV_FORCES
"Two 'snipers' opened fire in front of a polices station and a cloth shop, spreading panic in the area. No loss of life or property was reported. ",TERRORISM
people brought out a procession on the APC strike call against the carpet bombings on Iraq. The police lathi-charged the rally and a large number of people received injuries. More than a 100 people were arrested.,VIOLENT_POLITICAL_DEMONSTRATION
"JSQM activists pelted stones over traffic on the Nawabshah-Kumb road, as a result, it was closed for 8 hours",VIOLENT_POLITICAL_DEMONSTRATION
Unknown armed men opened indiscriminate firing in Nazimabad and other areas of Karachi on Saturday.,TERRORISM
"Following an attack my militants on a checkpost, the military launched strikes to target militants. 30 militants were killed, 14 injured and 6 arrested when security forces, backed by tanks, helicopters and artillery attacked their positions. ",GOV_ATTACK_ON_NONSTATE_COMBATANTS
Two people were injured in a grenade attack on a truck near Hazaganji. Police said the grenade was hurled at an FC vehicle but it hit the truck which was passing through the area.,GUERILLA_ATTACK_ON_GOV_FORCES
"Mushtaq Magsi shot dead his niece, Nihala, and her alleged paramour, Salahuddin, in Rasool Abad village. Mushtaq later surrendered to the police.",ASSASSINATION
Two power pylons were destroyed by unknown militants in Gulo Khan Village on Wednesday. Bomb Disposal Squad Official claimed that 8 bombs were planted out of which 6 went off.,TERRORISM
Two people were killed and two others were injured in the Indian shelling from across the LoC in the Chakothi sector.,ATTACK_ON_STATE
"The body of an unidentified man was found. His hands were tied behind his back, there were several torture marks on his body, and he had bullet wounds on his forehead. According to the police, he seemed to be Afghani and in his 40s. They thought that he was probably killed in some other area and brought there. ",ASSASSINATION
"Wazeer Khan and Tahir Punjabi, both ANP activists, were sprayed with bullets by armed motorcyclists while they were standing outside a snooker club. ",ASSASSINATION
firing by Indian troops on border villages across Working Boundary,ATTACK_ON_STATE
"Following a firing incident in the market place, local traders and shopkeepers pulled down their shutters, blocked the main road and set tyres on fire to protest the incident. ",VIOLENT_POLITICAL_DEMONSTRATION
Two missiles fired by a US drone on a compound killed 10 suspected militants. ,DRONE_ASSASSINATION
"An unidentified body of a woman in her late 20s was found near Abdullah Gabol Goth. The victim was strangled, and the police claimed that she looked like a Seraiki-Sindhi woman.",ASSASSINATION
"Reports say that sajjad, tasadduq and razzaq shot dead shot dead ramzan and injured his brother. No durther details are given ",ASSASSINATION
"On the second day of a renewed wave of violence that police saw blended with 'ethnic colour', as two men were found shot dead near the zoological garden along the walls of the zoo.",ASSASSINATION
President of MSF Nisar Gujjar was gunned down in Choona Mandi on monday allgedly by Fazil Dar who is the owner of gambling den,ASSASSINATION
The body of an unidentified person was found in baghbanpura area on Tuesday. Authorities said that the victim had a head injury,OTHER
A head constable was killed and two policemen were injured when some militants attacked a checkpost in Daulatpura area on Thursday. Police retaliated and claimed that one militant was also killed.,GUERILLA_ATTACK_ON_GOV_FORCES
"An unidentified youth was found dead in a garbage dump in Block 8, Azizabad. His throat was slit and he had multiple stab wounds. According to the police, his body was two or three days old and he was wearing a shirt and trousers.",ASSASSINATION
"Shamim Bibi was killed by her cousin, Riaz, who suspected that she had developed 'illicit relations' with someone. ",ASSASSINATION
Security forces and police arrested 10 suspected militants and blew up six houses during a joint operation in Morani area of Lower Dir. The operation was conducted in the backdrop of growing incidents of torching schools and other government buildings in the area.,GOV_ATTACK_ON_CIVILIANS
"2 people were killed and 9 were injured, including four security personnel, when a remote controlled bomb was exploded on a Frontier Corps vehicle.",TERRORISM
A guard of the Habib Bank Limited was killed and two others were wounded in an attack on the branch.,TERRORISM
"Unknown miscreants fired over 20 rockets and mortar shells onto township from mountains in the south of Mand township. At least 6 rockets exploded in the residential areas and 1 of them hit the house Mohammad Rafiq, resulting in the death of his son, Altaf, and injuring 3 others. A few rockets and mortar shells also exploded near the FC fort, while 1 exploded inside FC fort. 2 other rockets exploded near Tehsil offices causing small damage to the building. No person or group has accepted the responsibility for the attack so far. Provincial Home Minister Mir Shoaib Nausherwani and Federal Minister for Education Zubaida Jalal suspect it is an attack by people who oppose the development of the province. Officials say that the house of Federal Education Minister Zubaida Jalal was the target and was not damaged.",TERRORISM
a moazzin and the son of a prayer leader were shot and wounded in an attack in the back of an Imambargah.,ASSASSINATION
"seven people two of them children and one woman were killed and 21 injured in a clash between Bangash and Malikhel tribes over distribution of irrigation water near the Pakistan Afghanistan border in Kurram agency. Heavy weapons and rockets were used in the exchange of fire.; the death toll in the clash between Bangash and Malikhel rises to 24 as two people died in the hospital. meanwhile, the Malikhel and Bangash tribes handed over 20 tribesmen each to the authorities through the efforts of the grand jirgawhich had brokered a truce between them till Aug 18, when it would meet again to decide the water dispute.",RIOT
Four people were hurt when Khoso Community attacked a rival communtiy over a row on division of irrigation water.,RIOT
"40 students were arrested by the Karachi police when they went to the Assembly building to press for their demands, but before they got out of their buses they were lathi-charged. later Students of Agriculture University Tandojam staged a demonstration at the campus and boycotted classes to protest against this.",VIOLENT_POLITICAL_DEMONSTRATION
11 people were injured in a clash between PPP workers and police during the long march against the government on G.T Road on Thursday.,VIOLENT_POLITICAL_DEMONSTRATION
"According to police the 22 year old activist of the Sunni Tehreek was kidnapped and his bullet-ridden body was found from Orange Street, Garden. The body bore five bullet wounds.",ASSASSINATION
"A shootout between two rival gangs of dacoits near Baseerpur(Depalpur Tehsil) left two outlaws dead on Friday. One of them identified as Mehr Aslam Garji,wanted in 135 cases of murder,decoity and high way robbery",OTHER
Attack on a checkpost was carried out with rocket launchers and mortar bombs by bugti outlaws.,CONVENTIONAL_ATTACK_ON_GOV_FORCES
Indian forces did shelling in several villages of Leepa Sector on Monday. However no casuality was reported,ATTACK_ON_STATE
"Three people were killed and three children injured when unidentified gunmen opened indiscrimnate fire on the house of one, Bashirullah Bandlani. The reason behind the attack was not specified.",TERRORISM
Four people were injured in a grenade attack in Satellite town. ,TERRORISM
"Four young men riding motorcycles smashed the windows of Sadaf Hospital in Liaquatabad and fired shots into the air, causing a scare.  All four fled.",OTHER
"Zakir Zakakhel group and Khalid Khan group clashed over increase in parking fees, decided by jirga of local elders. Violating the decision of jirga supporters of Khalid group rampaged the office of Zakir group and beat up their supporters. People of Zakir group fired in the air and blocked the roads and abducted around 50 Kughakhel tribesmen. the Khugakhel tribe which owns the coach stand in Torkham has called a jirga of local elders to review the situaton.",RIOT
"Police resorted to aerial firing and used tear gas to disperse 600 people who attacked the Hesco office as a result of power supply being disrupted. They chanted slogans, set fire to the SDO-3 office and later tried to set ablaze the main Hesco office on the Minara Road.",VIOLENT_POLITICAL_DEMONSTRATION
A person was shot dead by unknown men near LMC Hospital Hyderabad on Monday,ASSASSINATION
"Helicopter gunships shelled suspected militant hideouts in Anjani area of Orakzai, killing 16 militants, destroying four camps, seven vehicles, an oil depot, the largecompound belonging to local Taliban commander Maulana Yar Mohammad.",GOV_ATTACK_ON_NONSTATE_COMBATANTS
Security forces killed a militant and arrested two of them after they attacked on a military convoy in Shee kallay area of darra Adam Khel.,OTHER
a passenger was killed an 35 others were injured when a bomb placed in the Quetta bound Bolan Mail exploded. The Baloch Republican Army claimed responsibility for the attack.,TERRORISM
At least 20 militants and their two senior commanders were killed in an air strike in the Peochar area of Swat.,GOV_ATTACK_ON_NONSTATE_COMBATANTS
"A youth organisation, Pasban, staged a demonstration outside the Karachi Press club against the indecent remarks made about Pakistanis by a US attorney. They also burnt effigies of Clinton, Benazir and Nawaz Sharif. ",VIOLENT_POLITICAL_DEMONSTRATION
"Three people, including two women, were shot at and injured over a matrimonial dispute.",OTHER
"Ethnic violence that started in Khawaja Ajmer Nagari and later in Paposh Nagar, also spread to Liaquatabad where 2 people were stabbed and wounded while another was shot at and wounded. ",RIOT
"A 70 year old candidate for general councillor, Ghazi Abul Shakoor, was shot dead in Pak Colony. He was attacked by two motorcyclists at a bakery.",ASSASSINATION
The decomposed body of a man was found from central drain in Nishtar colony on Thursday. There were signs of torure on his body. ,ASSASSINATION
"Faiz Gul Mohammad, a resident of Lyari, was shot dead while he was on his way home. ",ASSASSINATION
"Violence, that started with the killing of senior MQM activist Shafiq Ahmed Ajmairi, continued as two men on a motorbike stopped outside a park and opened indiscriminate firing at the people inside. Salman Ishaq was killed while two people, Nasim Khatoon and Abdul Aziz, were injured. ",TERRORISM
Two unidentified people shot Zulfikhar Ali while he was sleeping on the street. He sustained serious injuries and died in the hospital.,ASSASSINATION
Two people were killed and another was injured in a clash between two rival groups led by rivals Sohney Khan and Rana Akram. ,RIOT
"Officials stated that security forces attacked and cleared the areas of Mamari, Shedakhel and Merikhel, killing nineteen militants with heavy artillery. ",GOV_ATTACK_ON_NONSTATE_COMBATANTS
"A man was killed in overnight firing by the Indian forces from across the LoC in Lawat, Neelum.",ATTACK_ON_STATE
"2 unidentified men on a motorcycle attacked a police official, Haider Beg. He was an active member of the 1992 operation clean-up launched by the then interior minister Naseerullah Babar. He earned fame and was granted promotion for his performance in the arrest of those allegedly involved in burning of the national flag. The other two polic officials who were famous for the operation, Inspector Taufiq Zahid and Inspector Zeeshan Kazmi, were both also murderd on 23-Apr-04 and 14-Oct-03 respectively.",ASSASSINATION
"Two soldiers were killed while another was injured when an improvised explosive device was detonated just a military convoy was passing by in the Gandao area. Security forces cordoned off the area and resorted to indiscriminate firing, which resulted in the death of four militants and caused injuries to six others. ",GUERILLA_ATTACK_ON_GOV_FORCES
Bodies of two young men were found stuffed in gunny bags from an isolated place in Nazimabad. Each had a single bullet to the head with torture marks on the body.,ASSASSINATION
"The Masih Development Council has condemned the firing at the residence of of a member of Minicipal Committee allegedly by an MPA in which eight people were injured in Sheikhupura. As the original incident was not reported, the details are being taken from this incident.",RIOT
"Nine rockets were fired on checkpost of Frontier Corps in Pirkoh gasfield area. However, no casualties were reported.",GUERILLA_ATTACK_ON_GOV_FORCES
"Zafar Hussain allegedly had relations with Sajjad's wife and to take revenge Sajjad and 4 accomplices picked up Zafar's mother and wife, disrobed them and dragged them on the ground. ",RIOT
A person was stabed to death by unidentified men in Rasheed Colony on Tuesday.,ASSASSINATION
"Unidentified criminals shot dead a lawyer in his office. The lawyer, Tariq Gill, was at his office when two motorcylists reported asked if the lawyer was in his offfice. Upon receiving an affirmative, the men opened fire on his office, killing him on the spot. The motive behind the murder was yet to be determined by the police.",ASSASSINATION
"Muhammad Azam Khan Hoti, a joint candidate of PML and ANP  for provincial assembly elections survived an assasination attempt when unidentified gunmen fired on his procession. Two people died and six others were injured.",ASSASSINATION
"A man, 48, was found dead on a mountain side in Sino village, some 135km from Skardu.",ASSASSINATION
"Protesters surrounded the Kasurpura police station and pelted stones at police officials and blocked roads by placing burning tyres on them. They were protesting against the death of a man in police custody which they alleged was a result of severe police torture. The police, however, claimed that the man committed suicide by using the gun of an ASI.  The enraged protesters also set ablaze two police vans and threw fire balls inside the Ravi Road and police station. The police resorted to mild baton charge to disperse the demonstrators.",VIOLENT_POLITICAL_DEMONSTRATION
Contingent of the paramilitary force was attacked by heavy gunfire and shelling of rocket propelled grenades by assailants belonging to the neighbouring Balochistan,CONVENTIONAL_ATTACK_ON_GOV_FORCES
"Militants set on fire the Government High School, Bandai. ",TERRORISM
Hundreds of Jafria Students' Organisation members protested against the sacrilege of the shrine of Hazarat Ali in Iraq by US-led coalition forces. They burnt the US flag at Market Chowk.,VIOLENT_POLITICAL_DEMONSTRATION
Sporadic clashes between the militants and the security forces continued as 13 bodies were found in Swat. Military also thwarted the militants attempt to take over the Kabal policestation.,GUERILLA_ATTACK_ON_GOV_FORCES
2 people were killed in a clash between two groups of Samtio Tribe in over a land dispute Samtio Village on tuesday,RIOT
"One, Zulfiqar, stoned his sister and cousin to death on suspicion of them having bad character in Chak No. 245 GB.",ASSASSINATION
Four Bugti tribesmen were injured when a bomb exploded in Sui.,TERRORISM
Militants attacked a checkpost in the Jagzai area of Mamond. Security forces retaliated and killed two militants in the ensuing clash.,CONVENTIONAL_ATTACK_ON_GOV_FORCES
During another raid a clash ensued and two Jatoi members were killed and three injured by Maher tribesmen.,RIOT
"After the death of a sub-inspector, many workers of the MQM Haqiqi were arrested which resulted in rioting and arsony in the areas of Malir, Malir City, Khokhrapar, Model Colony. Angry youths set fire to a Mazda, a taxi and a suzuki in Moeenabad area.",VIOLENT_POLITICAL_DEMONSTRATION
"Five tribesmen were injured in a landmine blast in Dera Bugti when a bus carryiing security guards and close relatives of Wadera Abdul Rehman hit the mine. Police said the landmine was planted there to attack Wadera Abdul Bugti, who was not in the vehicle at the time. ",ASSASSINATION
"As part of the on-going violence in Karachi, an unidentified body was found in Lyari river and the body bore torture marks. ",OTHER
Abdul Hameed and Mohammad Anwar were shot at and injured. No further details were given.,VIOLENT_POLITICAL_DEMONSTRATION
3 persons were injured in Indian shelling across LoC in different sectors of kotli district on Saturday,ATTACK_ON_STATE
"One person was killed and another injured during the gunbattle between two groups of the Jakhrani tribe, near Bugti Colony.",RIOT
"Two rival groups of the Mari tribe exchanged fire. A man, Tariq, was killed and two others sustained injuries in the crossfire.",RIOT
"Yar Mohammad Umrani was tracked down and shot dead by 3 of his relatives- Ghaffar, Alam and Imam Bukhsh Umrani- as he had been declared Karo by his relatives 8 months ago. His body was sent to his native village Ali Jan Umrani, Garhi Khero taluka, Jacobabad district.",ASSASSINATION
A labourer was shot dead by two men for having illicit relations with a woman from their family.,ASSASSINATION
a rocket exploded on Sirki road. Half an hour later another rocket was fired which exploded in the cantonment.,TERRORISM
"An 8 year old boy, Hazarat Ali, was caught in the cross-fire between a law enforcement agency and a suspected terrorist. The law enforcement agency was raiding Chaman township to arrest one Mohammad Azam.",CONVENTIONAL_ATTACK_ON_GOV_FORCES
The bomb disposal squad received a call stating that a bomb was lying in the area of Ainger-khawara. They reached the spot and successfully defused the bomb.,TERRORISM
6 rockets were fired at an FC checkpost in Fazalchal. There was no casualty or damage.,GUERILLA_ATTACK_ON_GOV_FORCES
"Two groups of people belonging to '2 different schools of thought' clashed with each other in a mosque after a heated exchange of words, leaving 6 people injured. Officials cited an old dispute between the two groups over the control of the mosque as the main reason behind the incident. Initially the groups resorted to using sticks and iron rods but later one group used weapons after which a police team showed up and rescued the people stuck inside the mosque. The police also picked up 45 people but after screening only officially arrested 24 of them.",RIOT
An official of KMC  was shot dead by unidentifed gunmen in his car near his house.,ASSASSINATION
20 students were arrested after they protested against the entry of an SDM in the examination hall. They tried to block a road and were teargassed and baton charged.,VIOLENT_POLITICAL_DEMONSTRATION
"Unknown persons fired nine rockets at an FC checkpost and a telephone exchange in the Kohlu area. According to sources the rockets exploded with brief intervals near the checkpost and telephone exchange, spreading panic. ",GUERILLA_ATTACK_ON_GOV_FORCES
"The Lal Masjid 'brigade' made four policemen hostage, accusing them of spying for the government and raising the fear of a possible crackdown.They threatened the government of suicide attacks all over the country if they tried to conduct any sort of operation against the mosque clerics. ",THREAT_OF_VIOLENCE
troops used artillery and shelled the positions of militants who attacked 2 forts in Jandola with rockets.,GOV_ATTACK_ON_NONSTATE_COMBATANTS
About a hundred supporters of the NSF organized a rally to protest against the closure of DMC and SMC campuses and the presence of police on campuses. The protesters disrupted traffic and stopped a KTC bus before deflating its tyres and setting it on fire. This was part of their general protest campaign against the interference of police in academic institutions. ,VIOLENT_POLITICAL_DEMONSTRATION
Political tehsildar Yar Muhammad Wazir escaped unhurt in a roadside bomb blast which damaged his vehicle in Tangi area of Bajaur. No group has claimed responsibility for the attack.,ASSASSINATION
"Some unidentified persons shot dead one housewife, Mukhtaran, while she was sleeping in her house.",ASSASSINATION
A suicide bomber rammed an explosive laden jeep into the Charbagh police station killing four policemen and three others.,CONVENTIONAL_ATTACK_ON_GOV_FORCES
"an exchange of fire between the security forces and the tribesmen was reported in the area. However, no casualties were reported and the militants managed to escape.",CONVENTIONAL_ATTACK_ON_GOV_FORCES
Traders observed a complete shutterdown in protest against load-shedding and withdrawl of subsidies. Some of the tradrs burnt bills and raised slogans against the government.,VIOLENT_POLITICAL_DEMONSTRATION
"A clash between the Jagirani and the Jatoi tribes occurred, killing one and injuring another. According to police sources, Lal Dino- the landlord of the village- was attacked by armed men who opened indiscriminate firing. The two tribes were at war for the last year and so far 13 people have been killed over an affair related to karo-kari. ",RIOT
A 20-year-old man was allegedly shot at over a family dispute.  He died on the spot and the killer escaped.,ASSASSINATION
"Four people were killed and seven injured when two groups of the Wattu tribe clashed over disputed property. According to details, one group headed by Mohammad Ramzan attacked his rival Shamand's dwelling. A clash ensued. The police could not arrest anyone.",RIOT
At least ten suspected militants were killed in an exchange of fire with the security forces during a search operation in Shaoobar area  in Bara tehsil. Three houses of commanders were also destroyed and 87 militants were reportedly taken into custoy. ,GOV_ATTACK_ON_NONSTATE_COMBATANTS
"All tyre shop owners and residents of the area held a protest demonstration against the killing of two shopkeepers. The unruly mob gathered at the National Highway, blocked traffic, pelted passing vehicles with stones, smashed their windsheilds, burnt tyres and kiosks. Police gathered and tried to stop the commotion, and they were pelted with stones as well. Police had to resort to firing at the protesters, injuring five of them.",VIOLENT_POLITICAL_DEMONSTRATION
"ASI Zahoor Ahmed, who was travelling on his motorcycle, was stopped by two men on a motorbike who shot and killed him before fleeing the scene. An official claimed that he was targeted because of 'his recent professional assignments'.",ASSASSINATION
"Naimat Habib, a resident of Orangi Town, was gunned down by a man on a motobike while the former was on his way back from a relative's house. ",ASSASSINATION
A man was wounded in 'Sniper firing' in Johrabad.,OTHER
"the caretaker of an Imambargah was killed by armed men in a busy market. A suicide bomber ran into the mourning procession and blew himself up. Angered by the attack a large number of protesters resorted to aerial firing, pelted vehicles with stones, ransacked shops and torched buses. They also erected road blocks by burning tyres and fired on the police. A curfew was imposed and a shoot-on-sight order was issued to prevent further unrest. Police and locals blame sectarian extremists, but no one has claimed responsibility for the incident.",VIOLENT_POLITICAL_DEMONSTRATION
A woman was injured in Indian shelling along LoC in Tatta Pani sector on Saturday,ATTACK_ON_STATE
"Law enforcement personnel resorted to baton-charge, tear gas shelling and firing when inmates at the Central Prison resisted a search launched by the jail authorities to uncover anything illegal in the possession of the prisoners. The inmates fought back with bricks and stones. The clash left almost a dozen people, including 4 law enforcement personnel, injured. A large number of political activists of Mir Murtaza Bhutto group and Jeay Sindh group were incarcerated in this particular prison and the recent transfer of some of them had already created unrest among the prisoners. ",GOV_ATTACK_ON_CIVILIANS
Three constables guarding a railway bridge on the Haro river were shot dead. Their bodies were found at a place about 15 km away from the town. Another constable deputed at the post was on leave and the head constable in charge was also not there. The officials said it did not appear to be an incident of terrorism because the bridge and railway line had not been harmed. It appeared to be a case of target killing.,CONVENTIONAL_ATTACK_ON_GOV_FORCES
A man was shot and killed in Peerabad.,ASSASSINATION
"training centers of commanders Lal Din, Said Jalil and Mian Said Liaq in Peochar were destroyed.",GOV_ATTACK_ON_NONSTATE_COMBATANTS
A man was injured in a shooting incident in Orangi Extension.,TERRORISM
Indian shelling across the Line of Control. Details are not available.,ATTACK_ON_STATE
The bullet riddled body of a man who had been kidnapped a few hours earlier was found near a plaza.,ASSASSINATION
A person was found dead in the Shrine of Data Ganj Buksh on Monday,OTHER
"Balochistan Secretary Mines and Minerals, Jan Mohammad Dashti and his driver were injured when they were ambushed in their car.",OTHER
a rickshaw driver was killed while his female passenger was injured when an unknown assailant opened fire on them and then fled. Motives for the killing ar unknown.,ASSASSINATION
One person was injured when local Taliban attacked a music function held to mark the wedding. Taliban had warned family of Akhtar Zaman Bhittani against holding a music function at the wedding.,TERRORISM
"Two police men were injured \ in shhoting\"". Thevreport does not give any other details.""",OTHER
"Four unidentified armed men ambushed a vehicle of landlord Makhdum Sajjad Usmani, injuring him and killing his guard. Sadar police ruled out any sectarian factor saying that the assailants seemed to be dacoits. Makhdum Sajjad Usmani is Chairman Sunni Council.",TERRORISM
"Two MQM workers , Imtiaz and Ghulam Hussain, who also worked for the fire department, were kidnapped and their bullet riddled bodies were found later.MQM members alleged that PSF was responsible for the killing.However, the police did not confirm.",ASSASSINATION
"A day of mourning was called by MQM in Karachi as the renewed violence continued, although not linked to the shut down. A milkman was shot and killed when armed persons ambushed him and opened fire just as he was leaving his farm near Murghi Khana stop in Landhi.",ASSASSINATION
A man was shot dead over a land dispute.,ASSASSINATION
"a Haqiqi worker Mohammad Nauman was killed and his mother and brother were injured when some men on a motorcycle opened fire on the taxi they were travelling in near Gulshan Qadri in Malir City.Police confirmed that 10 political workers had been killed since Saturday in fighting among different political groups, which began 5 days ago.",ASSASSINATION
A four year old child was killed and six others injured in a shoot out between two rival groups.,RIOT
Two officials of the Pakistan Atomic Energy Commision were kidnapped in Badin area.,OTHER
One person was injured in Indian shelling along LoC in Nikayal Sector on Saturday,ATTACK_ON_STATE
"Supporters of two rivals in the local body elections opened fire on each other after an altercation over depositing the forms first to a mobile team of Nadra for getting identity cards. However, no casualty was reported.",RIOT
"An armed man who tried to force his way to the VIP lounge at the Islamabad airport died when a grenade he was carrying exploded during an exchange of fire with the security personnel. Some officials say that the hand grenade blast was actually a suicide bombing done by the attacker when he knew he was surrounded, but the DIG was reluctant to endorse this explanation, saying that it seemed more likely that the hand grenade he was carrying fell off his hand and exploded. The attack occured shortly after Prime Minister Shaukat Aziz returned from Gwadar on a special flight.  However, the police said that the real motives behind the attack could only be deciphered after a thorough investigation of the attack. Followup: Investigators discovered that the attack on the airport in Islamabad was directly linked to other attacks like the Marriot hotel attack, the muharram procession attack, etc. Religious militants, possibly linked to the local Taliban, were believed to be behind the attacks. Followup: The person who attacked the Islamabad airport was identified as Mohammad Younas who had links with the 'Amjad Farooqi group' of the banned sectarian outfit. It was discovered that the man was not on a suicide mission, but on a target killing mission, although his target did not seem to be a high profile personality'. It is still not clear who his target was and for what purpose.",ASSASSINATION
"Shahid Channa was shot dead by 4 people while he was sitting at a video store. The victim had been involved in the murder of Rahim Burfat about a year prior to this incident, and was out on bail. The victims brother nominated 3 tribesmen of the Burfut tribe in the FIR. ",ASSASSINATION
Tariq Mahmood was murdered and his body was in the fields at Chak No.185/P.,ASSASSINATION
A man was killed and his friend was injured when their rivals opened fire on them in the crowded Bahrain Bazaar. ,ASSASSINATION
at least 7 rockets were fired at the FC ckeck post in Kahan area. However the rockets missed their targets resulting in no casualties.,GUERILLA_ATTACK_ON_GOV_FORCES
One person was killed and three others were injured when an unidentified person opened fire on them outside the Haji Rehmat Ullah mosque in New Anarkali. Eyewitnesses said that a person with a AK-47 rifle approached the mosque and opened fire on a man outside and fled. He injured three others while fleeing towards circular road. The Imam of Haji rehmat ullah mosque stated that suspicious men had been caught wandering around the mosque in the past couple of days. The mosque was said to be a stronghold of Sipah-i-Sahaba Pakistan and they had been giving sermons and lectures there recently. ,ASSASSINATION
"hundreds of workers staged a demonstration infront of the Small Industries Estate to protest ongoing gas and power loadshedding. They torched tyres, chanted slogans against the government, blocked roads and damaged some vehicles.",VIOLENT_POLITICAL_DEMONSTRATION
US drone attack in Asori village on a house of a cleric killed at least 9 persons including Al Qaeda financial affairs chief Abu Akash.,DRONE_ASSASSINATION
Three people were killed and another wounded in a land dispute between Bangash and Mengal tribes,RIOT
"A transporter, belonging to the Rehman Dacoit gang, was kidnapped and shot dead in Chakiwara as part of the continuing gang war between the gangs of Babu Dacoit and Rehman Dacoit. His bullet-ridden body was found in a gunny bag at Al Falah Chowk in Mohammedi Colony.",OTHER
"Muhammad Taj Abbasi, a candidate in the elections, lodged a case against some unidentified men who stormed in and damaged the chairs and tables. He also alleged that the attackers hurled threats of dire consequences to him and later escaped.",RIOT
"A rocket fired from an unknown location exploded near the private ward of the civil hospital, leaving one person injured. ",TERRORISM
"A polling agent and brother of a Mohajir Qaumi Movement (MQM) candidate was beaten to death by the activists of the rival Haqiqi faction, while another was killed as a result of clashes between the two factions and several others were injured in different areas of Karachi.",RIOT
a woman along with her alleged paramour was killed by her brother on suspicion of having illicit relations with Malook Mahar.,ASSASSINATION
"activists of Sunni Tehrik and Jamiat Ulema-i-Pakistan came out to voice their anguish at the death of Mufti Sarfaraz Naeemi in a suicide attack on Jamia Naeemia in Lahore. Unidentified men were seen firing in the air and forcing shopkeepers to pull down shutters. in Hyderabad, incidents of aerial firing were reported from a number of localities and Latifabad. unidentified men resorted to aerial firing in Hyder Chowk  area, UnitS 8, 9 and 11. they also burnt tyres on the road and roundabout.",VIOLENT_POLITICAL_DEMONSTRATION
"Unidentified attackers opened fire on two young men in Dera Ismail Khan, injuring both in the attack.",TERRORISM
A man was shot dead by unidentified gunmen.,ASSASSINATION
Militants' headquarters at Savei in Mamond tehsil were heavily bombed by the military and 11 militants were killed in the operation.,GOV_ATTACK_ON_NONSTATE_COMBATANTS
"An exchange of fire occurred between 2 groups, resulting in the death of Noor Siddiqui. Shan Mohammad was injured. This occurred during the by-elections for 3 NA seats and 1 PA seat. ",RIOT
Four gunmen shot dead the President of the Sindh Hari Committee and fled. ,ASSASSINATION
"Some unknown persons had planted a bomb along the boundary wall of the Kohlu district jail which went off and caused a large explosion, which created panic in the area. However, no loss of life or damage to property was reported.",TERRORISM
Militants fired rockets at oil tankers carrying fuel and supplies to NATO forces in Afghanistan. The rockets missed their targets and the vehicles remained unharmed. ,TERRORISM
Fifteen MMA workers reportedly suffered minor injuries during their clash with the police in sevral parts of the city. The allaince said that the police had arrested 200 of its workers from various parts of the city.,GOV_ATTACK_ON_CIVILIANS
One Ghulam Hussain alias Guloo Khaskheli was stabbed to death by a dagger. The police arrested one Sanaullah Khaskheli.,ASSASSINATION
"Sihala police found the body of a man, Chaudhry Zahoor, who had been missing since 8th October.",ASSASSINATION
An armed gang of land grabbers belonging to the Lund tribe tried to occupy a land of the Brohi clan. The villagers surrounded the invaders but a clash was averted when police came to the rescue. There was an exchange of fire between the police and the gang. Two armed men were arrested and the rest managed to escape. No casualties were reported.,RIOT
"A high-intensity bomb explosion on a public bus killed 6 passengers, including 3 children, and injured another 18. The bus was on route to Mangowal when the explosion took place. ; Follow-up: the death toll rose to 7 as one critically injured victims passed away. ",TERRORISM
A villager was shot dead while sleepimg inside his house by unidentified persons.,ASSASSINATION
1 person was killed on the spot and 3 others injured when unknown armed men on motorbikes opened fire at them. Two of the injured succumbed to their injuries the next day. ,ASSASSINATION
"A 46 year old truck driver was gunned down outside his home on Mahfooz Road in Malir when unidentified armed men opened fire on him, killing him on the spot. The motive behind the killing could not be ascertained. ",ASSASSINATION
A villager was seriously injured when the border village of Mollancy in Chaprar sector of Sialkot working boundary came under Indian fire by a machine-gun position.,ATTACK_ON_STATE
"As violence continued for the 4th day after the assassination of prominent MQM-H leader Mansoor alias Chacha, two people were critically injured when unknown people fired at them. They received bullet injuries to the head and one of them, identified as Saeed, succumbed to his injuries later in the night. The other victim, identified as Kamran, was stated to be in critical condition. ",ASSASSINATION
"A merchant was shot dead over a property dispute by his neighbours. However, the police claimed both parties had a business dispute.",ASSASSINATION
The Ajniawala police post which was set on fire by a mob on 27-jun-05 was razed by a mob after they blocked traffic on the two main roads. The protesters met with ASP city Ijaz Ahmad and DSP headquarters Zahid Husain and demanded the suspension of the entire police post staff and for the police post to be shifted outside the city. they ended their protest when their demands were met.,VIOLENT_POLITICAL_DEMONSTRATION
taxi-drivers blocked the road leading to Torkham at Sajamala Chowk to protest the removal of what the administration said were illegal taxi stands in the Landi Kotal bazaar. A Khasadar force headed by the Landi Kotal assistant political agent baton charged the protesters to clear the road. ,VIOLENT_POLITICAL_DEMONSTRATION
Two sisters were killed by their borthers on suspicion of them having illicit relations.,ASSASSINATION
A police constable was killed and another critically injured when armed men opened fire on a police van after the police tried to atop the said men from snatching another man's motorcycle.,CONVENTIONAL_ATTACK_ON_GOV_FORCES
Eight members of a family were killed while sleeping in their house.  It is suspected that the murders were based on a disputed piece of land.,ASSASSINATION
"Scattered incidents of violence took place in Hyderabad in reaction to the remarks given by Dr. Zulfikar Mirza against the MQM chief and his followers. A man was killed and fourteen others were injured when unidentified people resorted to aerial firing in the city. Right after Dr. Mirza's statements unidentified persons took to the streets, burnt tyres and chanted slogans against him.",VIOLENT_POLITICAL_DEMONSTRATION
Unidentified people hurled a hand grenade at policemen who were conducting a search operation. Several policemen sustained minor injuries. ,CONVENTIONAL_ATTACK_ON_GOV_FORCES
"A procession was taken out in Chilas to push for the acceptance of the local's demands before the construction of the Diamer-Bhasha Dam. The demands included payment of royalties, resolution of border dispute between Gilgit-Baltistan and KP, and increase in compensation for the land taken over by the government for the dam project. The procession pelted WAPDA offices with stones and the police fired teargas shells. Soon after, FC personnel opened fire at the protesters, killing Sabir Gul and Framulk. The firing triggered more protests in the Chilas where people took to the steets and burned down offices of police officials, two police checkposts and 2 government vehicles. ",VIOLENT_POLITICAL_DEMONSTRATION
Muhammad Faraz Jafar and his accomplices attacked his opponents over a land dispute. One person of each party was killed.,RIOT
A bullet riddled body of a young man was found behind a school wall.,ASSASSINATION
"The finance minister of Gilgit-Baltistan had a scuffle with CM Special Assistant Muhammad Musa after the latter interrupted him while he was requesting the Chief Minister to withdraw a posting order of an executive engineer. Following the scuffle, Mr Musa left the building but Mr Akhtar tried to jump from the first floor to get a hold of the CM Special Assistant. However, security guards saved him from falling. Later, supporters of the Finance Minister burnt tyres on Khazana Road to protest the incident.",RIOT
"A large number of ST activists and leaders protested against the posting of Taluka Municipal Officer Thull as District Monitoring Officer. The claimed that the TMO Thull, Abid Abro was guilty of misappropriating development funds and that no action had been taken against him. The protesters smashed the windows of the office and damaged furniture in addition to manhandling office staff. ",VIOLENT_POLITICAL_DEMONSTRATION
A soldier was killed and another was hurt when a security check post in Kabal came under attack.,GUERILLA_ATTACK_ON_GOV_FORCES
Abdul Fatah Agani allegedly killed his sister Bilqees for being an adulteress (Kari). ,ASSASSINATION
"A police inspector was found lying in a pool of blood in the gallery of his flat in New Karachi Police Lines. A spent bullet was found from the scene, however, the weapon could not be recovered. The police ruled out the possibility of a suicide and suspected a silencer may have been used as no one at home heard the gunshot. ",ASSASSINATION
One person was gunned down by unidentified people  while he was sleeping at his house. ,ASSASSINATION
An unidentified body of a man with bullet wounds was found from Orangi extension. ,ASSASSINATION
Several TV artistes held a protest rally at the Governor House in order to demand a rise in their fees. The police manhandled the protesters and the protesters dispersed. ,VIOLENT_POLITICAL_DEMONSTRATION
Students of Dawood College of Engineering and Technology staged a protest to demand accrediation of their university by Pakistan Engineering Council. They threw stones at moving vehicles and blocked traffic. Police were present to handle the situation. ,VIOLENT_POLITICAL_DEMONSTRATION
Two militant groups Lashkar I Islam led by Mangal Bagh and Ansar ul Islam led by Ustaad Mehboob attacked each other using mortars and rocket propelled grenades in Tirah valley of Khyber Agency. Ansar ul Islam claimed over its FM radio station that it had killed 18 members of Lashkar i Islam and captured 10.,RIOT
Youths belonging to MQM Haqiqi burnt tyres and vehicles to protest against the arrest of their leaders.,VIOLENT_POLITICAL_DEMONSTRATION
Ten militants were killed and Thirteen were injured when security forces raided militants' training camps in Dhol Ragha area of central Kurram. Seven of the injured were arrested and three hideouts were destroyed. Five vehicles laden with explosives were also destroyed. ,GOV_ATTACK_ON_NONSTATE_COMBATANTS
An ANP activist Humayun Kohistani was killed and two others were injured by unidentified armed men in Gullistan-i-Jauhar on Monday.,ASSASSINATION
a headless body was found in Mosa Neka Ziarat near Angoor Adda.,ASSASSINATION
A senior lawyer and a security guard deployed for his security were shot dead by two unidentified men.,ASSASSINATION
The body of an unidentified person was found in Raiwand City area on Sunday,OTHER
US planes dropped bombs on a house in the Jabba area of the Ando Angor town on the Pakistan-Afghanistan border. No casualty was reported.,OTHER
"A man and his daughter were found slaughtered in a hotel room they had been living in. The hotel management said that a young man had visited the man in his hotel room, and the victim had told the hotel management that he was his son, and would be staying with them in the hotel room.  The bodies of the two deceased were found after the young man left the hotel room.",ASSASSINATION
A man was wounded in a shooting incident Buffer Zone.,TERRORISM
"A railway track linking Pakistan and Iran was the target of a bomb blast, causing a cargo train to get derailed. ",TERRORISM
Six people were injured in a clash between two groups over a money dispute in Kashmir town on Wednesday night. ,RIOT
"Reports from the area claim that a suspected US drone fired two missile on the house of on Gharib Nawaz, who had alleged links with foreign terrorists, injuring four people.",DRONE_ASSASSINATION
Two Afghan guards were found shot dead.The reason behind the killing could not be ascertained but police believe it was targetted.The two guards were affiliated with the Jamaat-i-Islami Afghanistan.,ASSASSINATION
Students of Government Islamia High School staged a procession against the arrest of one of their teachers. They marched towards Danewal Police station and the police tried to stop them. The students pelted the police with stones. The resultant clash led to the injury of over 20 policemen and several students. ,VIOLENT_POLITICAL_DEMONSTRATION
"  Following a fresh wave of violence, An MQM worker was shot dead and another was injured by unknown men in Nazimabad on Sunday. ",ASSASSINATION
Security forces and militants loyal to radical cleric Maulana Fazalullah clashed in Matta. 4 militants were killed and 2 were injured while 2 security personnel lost their lives.,GOV_ATTACK_ON_NONSTATE_COMBATANTS
A powerful explosion occurred near a cotton factory in the Rojhan Jamali tehsil. No loss of life was reported.,TERRORISM
A girls' primary school was blown up. ,TERRORISM
Two tankers carrying supplies to Nato forces in Afghanistan were attacked by gunmen who went on to torch them. A driver was killed in the initial firing. ,TERRORISM
A constable was killed while two others were wounded when unidentified armed men opened fire on a patrolling party in Sector F-5 in New Karachi.,CONVENTIONAL_ATTACK_ON_GOV_FORCES
"One of the bodyguards of local cheiftan, Sardar Abdul Rahman Khetran, was killed and another injured by unknown attackers  firing indiscriminately. ",ASSASSINATION
"a mob of 3000 people set three churches on fire as well as the homes of 2 clergymen and destroyed a nursing hostel, nun's hostel, a convent school and 4 other houses in Sangla Hill area. The crowd was protesting against the alleged desecration of the Holy Quran. the police used teargas and baton-charged to disperse the crowd. the Church's own investigation suggested that the accusations were motivated by a dispute over money.",VIOLENT_POLITICAL_DEMONSTRATION
The incharge of Anti-Terrorist Squad-Ijaz Shafi Dogar was shot at and wounded by armed assailants in Wahdat Colony on Thursday.,ASSASSINATION
The bullet-riddled body of Riaz Khan from Swabi was found in Shalobar area. No other detail was given.,ASSASSINATION
Usman Abdul Hakim was killed when armed youths barged into his house while he was asleep and shot him. Police claim that he was was killed on suspicion of being a police informer,ASSASSINATION
"Following the assassination of senior MQM activist Shafiq Ahmed Ajmairi, Orangi town witnessed violence throughout the day. Akbar Sultan was gunned down in Aligarh. The MQM blamed the ANP for the killing of MQM workers and supporters while the ANP denied any involvement in the violence.",ASSASSINATION
"As part of the violence on the second day of a two-day strike called by the Mohajir Qaumi Movement (MQM), the KTC corporation claimed that some of their buses were damaged when miscreants pelted them with stones.",VIOLENT_POLITICAL_DEMONSTRATION
some unidentified persons shot dead the vice Chairman of Towns Committee Faqirwali and Ex-President of Pakistan Muslim League.,ASSASSINATION
Residents of Sultanabad staged a protest over discontinuation of electricity in their locality. They pelted vehicles with stones and lit a bonfire on the main road causing a traffic jam for hours. Police arrived and assured them action would be taken. The crowd then dispersed peacefully.,VIOLENT_POLITICAL_DEMONSTRATION
A man was killed while his father and two brothers were seriously injured over a land dispute in Raiwind City.,TERRORISM
"Nine persons belonging to Jatoi tribe were killed in target shooting  near Kulab Jeal, district Khairpur. The victims were sitting in a hotel when members of the Ujjan tribe came on a wagon and opened fire on them.  The assailants, 20 in number, were led by a wanted criminal Buddho Ujjan.",ASSASSINATION
"a police constable was killed and 27 people including 18 police personnel were injured when an the Raisani Qaumi Ittihad blocked the National Highway in protest against the arrest of their party leader Wadood Raisani, and hurled a hand grenades and opened fire at an area on Sariab road. the police also returned fire. the armed people escaped and the highway was opened.",VIOLENT_POLITICAL_DEMONSTRATION
"Angry protesters set on fire a shop that belonged to the sister of an MQM activist. In addition, incidents of firing and distruction of public and private property was reported as youths took to the streets to express their anger over the killing of 2 MQM-H activists. ",VIOLENT_POLITICAL_DEMONSTRATION
"a woman, Saeeda, was killed by her husband, Abdul Qadeer Shar, on the pre-text of karo-kari in Hayat Wah village situated in Dakhan area of Shikarpur district, after which he fled.",ASSASSINATION
Scattered firing was reported in Kalosha area between the Uzbek militants and the local tribal Lashkars in an ongoing clash between foreign and local militants. ,RIOT
"According to sources, militants fired rockets at the residence of a peace body member on Kohat Road, damaging the building. ",TERRORISM
"Two unidentified motorcyclists shot and killed an owner of a showroom in Block 9, Gulshan-i-Iqbal. The motive of the murder could not be known.",ASSASSINATION
All the residents of Chahi Dera Village were injured in Indian shelling along LoC in Samani Sector on Monday,ATTACK_ON_STATE
A man was injured in 'sniper firing' in New Karachi.,TERRORISM
"Militants attacked security forces during a military search operation but the soldiers repulsed the attack, killing 4 militants and and injuring and capturing 8. 1 soldier was injured. ",CONVENTIONAL_ATTACK_ON_GOV_FORCES
"A 43 year old church was demolished in Garden town, Lahore by land mafia allegedly backed by the PML-Q. A demolition was held by the minorities over the demolition of the church.",OTHER
"A prominent tribal Malik, his wife and a minor were gunned down in Mandal village by unidentified assailants who entered their house while they were sleeping.",ASSASSINATION
"Rival groups of Abbas Kharal and Noor Kharal of the Hebokay Bara had a heated argument over a previous land dispute and exchanged fire, which resulted in the death of 2 persons.",RIOT
a man was shot and another was injured in firing at Munda Bazaar when unidentified armed men entered a shop and opened fire.,ASSASSINATION
"The Jafir and Mari tribes clashed over a water dispute, injuring 2 people. Hatchets and clubs were used. The Karan police have registered a case.",RIOT
A woman was killed and two others injured when they were fired upon by Indian forces with small arms from across the Line of Control in Neelum Valley.,ATTACK_ON_STATE
The body of a young man was found from Gujjar Nullah in Karachi with his hands and feet tied with a rope.,OTHER
"Two Wapda revenue offices in Bakra Mandi Hyderabad and Unit No. 5, Latifabad were set ablaze by miscreants and were partially gutted.",VIOLENT_POLITICAL_DEMONSTRATION
A woman was injured in 'sniper firing' in Fedral B area.,TERRORISM
"Unidentified people fired missiles at the security checkpoint from a hilltop near the Gandao militia checkpoint. However, it caused no damage on life or property as one missile hit a tree while the timer of the other malfunctioned. ",GUERILLA_ATTACK_ON_GOV_FORCES
1 person was killed and 3 injured due to aerial firing in different parts of Lyari. The person killed was in Chakiwara. Background: Karachi has been gripped with fear after a week filled with incidents of targeted and indiscriminate killing which has strained the relationship between coalition parties MQM and PPP.  ,TERRORISM
Adil Maqsood and Abid Ghulam Rasool were fired at indiscriminately by four motorcyclists who sped away after the shooting. Both the victims died while a passerby was wounded. ,ASSASSINATION
"Six people were killed, four of them school children, and 12 others injured when Lashkar-i-Islam activists and security forces exchanged fire . The clash broke out when Lashkar-i-Islam activists and a group of school children marched towards the residence of their opponent Pir Saifur Rehman. Officials said that upon reaching the spot, some people in the crowd opened fire on the security forces, to whixh the security forces retaliated. The security forces claimed that activists of Lashkar-i-Islam were using the children as human shields. Lashkar-i-Islam, however, accused the security forces of of opening fire on a peaceful protest. Security secretary Arbab Mohammad Arif, however, claimed that 4 people were killed and 9 were injured as opposed to official reports of 6 killed and 12 injured.",RIOT
"Militants attacked the Adezai village with rockets, missiles and other heavy weapons killing one woman and two children and injuring two other people. The attack stopped when volunteers of the Adezai lashkar fired back. The Adezai village formed an anti-Taliban lashkar and Taliban have targeted such lashkars in the past. ",TERRORISM
Saeed Ahmed Rahoja was shot dead when some Katyar tribesmen opened fire at him in the Goth. No other detail was given.,ASSASSINATION
Jaspal Singh and two other Sikhs were kidnapped and they family contacted for ransom. A local jirga and some relatives of the kidnapped people went to negotiate with the militants who handed them the beheaded body of Jaspal Singh. The other two Sikhs are still in captivity. ,TERRORISM
2 people were killed and 4 others were injured in Indian shelling along LoC in Neelum Valley on Thursday.,ATTACK_ON_STATE
A powerful explosion was heard from Wadh. No other detail was given.,TERRORISM
"Memona Begum of Mohallah Noorpura, was allegedly murdered by her step-son Kashif. The murder was stated to be over a dispute over property.",ASSASSINATION
Thirteen people were wounded when three rockets landed near a mosque in Bannu's Hussainabad area. Two of the rockets landed close to Imambargah Hussainia. ,TERRORISM
"Nine people, including two security personnel, were injured when an FC vehicle was attacked with a grenade. The grenade missed the vehicle and exploded on the road. Mir Shahiq Baloch of the Balochistan Liberation United Front (BLUF) claimed responsibility for the attack.",GUERILLA_ATTACK_ON_GOV_FORCES
Three policemen and seven others were injured in clashed between two rival political party workers.,RIOT
"A suicide bomber, trying to enter a bank, was intercepted by a security guard after which he detonated a bag full of explosives. The bomber was overpowered by the guard and fell to the floor after which the explosion took place. 2 people, including the security guard, were killed while 4 others were injured. The area, Sector I-8, is home to many senior intelligence agencies and army officers and also hosts some under-cover intelligence and law enforcement installations. ",TERRORISM
The Indian navy violated Pakistani territorial waters and captured 6 Pakistani fishermen along with their vessel and catch. The fishermen belonged to taluka Keti Bandar in Sindh. ,ATTACK_ON_STATE
"Militants attacked  a security checkpost near the Pak-Afghan border. However, security forces had already been tipped-off about the planned attack and therefore managed to repulse it. 20 militants were killed and 25 were injured as they were forced to leave their weapons and retreat. ",CONVENTIONAL_ATTACK_ON_GOV_FORCES
Argumand killed Hazrat Gul in Mamond area over a monetary dispute.,ASSASSINATION
"In the after math of Benazir Bhutto's assassination, PPP protesters gathered at Fowara Chowk, chanted slogans against the government and pelted buildings with stones. Later, they marched to PML-Q's office with iron rods and burnt furniture, banners and other property. Police had to resort to baton-charge and tear gas shelling to disperse the crowd. DPO sustained minor injuries.",VIOLENT_POLITICAL_DEMONSTRATION
Indian shelling across the LoC wounded twp people in Polas Kakuta village near Abbaspur sector,ATTACK_ON_STATE
"Residents of the Yousafabad area took to the streets in protest against a double murder in which two watchmen were killed. They blocked the road in protest and burnt tyres, demanding the arrest of the culprits immediately.",VIOLENT_POLITICAL_DEMONSTRATION
one man wass shot dead and wounded.,ASSASSINATION
An armed clash between two tribes left 1 person dead and another injured. The gunbattle lasted for 3 hours. ,RIOT
A man was killed and another 4 were injured when two rival groups traded fire near the gate of the Civil Lines police station. Sakhi Sarwar Rana and Ali Khan had a previous quarrle. Police resorted to baton-charge when men of both the groups reached the hospital to kill their opponents.,RIOT
"A group of villagers exchanged fire with the Police who had raded a village in search of an absconder, Ahmed Loolo. The police opened fire on villagers who resisted the raid, killing Wali Mohammad on the spot and injuring two others. When the situation worsened, the Police fled the scene leaving behind their van. One of the wounded villagers, Saleem Solangi, died on his way to the hospital. ",GOV_ATTACK_ON_CIVILIANS
A constable was shot dead while standing at the bus stop by unknown attackers.,ASSASSINATION
Militants planted explosives at the residence and hujra of Awami National Party's MNA Muzaffar ul Mulk Khan. No more details available.,TERRORISM
violent demonstrators protesting against the frequent disruptions in power supply besieged the head office of the Karachi Electric Supply Company. ,VIOLENT_POLITICAL_DEMONSTRATION
"Following the rumor of an assassination attempt on the chief of the Sunni Tehrik in Pakpattan, two buses were torched in New Karachi. The rumor turned out to be false. ",VIOLENT_POLITICAL_DEMONSTRATION
"Angry tribesmen shot dead four militants belonging to the Tehrik-i-Taliban Pakistan, when they violated the tribal code and continued performing stunts and creating disturbances in the area. ",OTHER
One Rasul Bux was shot dead by five persons over a land dispute.,ASSASSINATION
A bullet riddled body of a former police offical was found. The body was stuffed in a gunny bag.,ASSASSINATION
"The PTI organized a rally against the possible release of Raymond Davis and the apathy of the rulers towards the issue. The protesters, who were not allowed to reach the US consulate, burnt a US flag and effigies of Senator John Kerry and Raymond Davis. ",VIOLENT_POLITICAL_DEMONSTRATION
A man was hit by a stray bullet in Orangi Town.,OTHER
"After threatening, during a demonstration on 19-Jul-10, to set ablaze Mepco offices if loadshedding was not reduced, an angry mob attacked the local Mepco office and blocked 2 main roads for 3 hours. The police tried to disperse the mob but were pelted with stones.  ",VIOLENT_POLITICAL_DEMONSTRATION
"Armed men attacked a coach, shot the driver and kidnapped several men and women of the Turi tribe. Following the incident rival factions blocked main roads and police was on high alert. Previous sectarian incidents had reportedly taken more than 100 lives in the area.",TERRORISM
Students resisted a body search by Rangers on campus and a scuffle broke out. They pelted stones at vehicles and the police. They were dispersed by teargas. The Rangers also beat up some students and five were reportedly injured.,VIOLENT_POLITICAL_DEMONSTRATION
"Manzar Imkani, 50, was gunned down and two others were injured in the area of North Nizamabad in Karachi.",ASSASSINATION
"Suspected militants detonated an explosive device when a van carrying policemen was passing by. However, even though the van was slightly damaged the primary victims were three women travelling in  car who received injuries. ",GUERILLA_ATTACK_ON_GOV_FORCES
"Some parts of the city descended into violence once again after an activist of MQM was injured in a firing incident Orangi. In sector 1-D, armed persons intercepted a truck and set it on fire while another shop was also set ablaze. ",TERRORISM
"Angry tribesmen blocked the Peshawer-Torkham highway, pelted vehicles with stones and clashed with the Khasadar force in protest against the killing of two persons by highwaymen in Gotki, Sindh. The relatives of the deceased dug out the mutilated bodies from the graves and brought them to protest. The relatives clashed with the Khasadar force by snatching their rifles when they resorted to aerial firing.  No injuries were reporte; Follow up: Protesting Tribesmen ended the two day blockade after the political administration promised monetary compensation for the families of the two men killed.",VIOLENT_POLITICAL_DEMONSTRATION
"During a search operation, security forces arrested 32 suspected militants and seized a large number of arms and ammunition as well. ",GOV_ATTACK_ON_NONSTATE_COMBATANTS
"A quarrel, with sticks and chains, between two men of different sects took a communal turn  when the two gathered more people of their schools of thought for support, which then resulted in miscreants ransacking  three houses at Mohajir Chowk; setting furniture on fire. Later police had to resort to baton-charging to control the situation, however, the crowd pelted the police with stones before dispersing. The miscreants even attempted to set houses on fire but the police intervened. A meeting between two Ulemas of the sects was set up to ease the tension.",RIOT
11 people were injured when a hand grenade exploded outside a building on Napier Road on Friday. ,TERRORISM
"Former nazim of Keamari Town, Zulfiqar Younis, was beaten up by unidentified persons who barged into house early morning, warning him to withdraw the case that he had filed against the present town nazim. The present nazim was Humayun Khan, who had won by a small margin against Zulfiqar Younis in the Oct 6, 2005 election.",TERRORISM
"An activist of the Shahb-i-Milli, a youth wing of the Jamat-i-Islami, was gunned down in Surjani Town when two unidentified men on a motorbike opened fire on him and fled, killing him on the spot. ",ASSASSINATION
A beheaded body of a soldier was found near Darpakhel area with a chit with saying it was a gift for Afghan President Hamid Karzai. The chit also warned that spies and informers will meet the same fate in future. The body was identified as that of Haq Nawaz alias Dactar.,ASSASSINATION
"A vehicle carrying militants belonging to Hikmat Khan group was ambushed and fired on. The attack, in which 6 militants including Hikmat Khan were killed, was allegedly perpetrated by militants loyal to Mullah Toofan. The two groups had rivalries and had been involved in clashes in the past. ",RIOT
"TJP Bhalwal President and Municipal Committee Councillor, Raja Nasrullah Khan, was killed in a grenade attack.",TERRORISM
1 girl was killed and 15 others were injured when a bomb placed near a fruit pushcart went off at Ayub Chowk.,TERRORISM
The police baton charged several jobseekers when they objected to the recruitment procedure adopted by the police during hiring recruiting new police officers. Several of them were injured.,VIOLENT_POLITICAL_DEMONSTRATION
"Some 150 students, chanting anti-American slogans, pelted the US consulate with stones causing minor damage to the building. No one was killed or injured in the attack. The students were protesting the US missile attacks on Iraq.",VIOLENT_POLITICAL_DEMONSTRATION
Security forces shot dead a man in Bara bazaar for violating a curfew. ,GOV_ATTACK_ON_CIVILIANS
"Arif and Ali Raza went to the house of Mukhtar Ahmad and forced him to sell his agricultural land to them. Arif and Ali Raza shot at and killed Mukhtar when he refused to accept their demand.The accused also shot dead Sharifan Bibi, a relative of Mukhtar, when she came out. Chunian police registered a case against the accused who were at large. ",ASSASSINATION
A former unit in charge of MQM was gunned down in Bihar Colony by unidentified men on a motorbike.,ASSASSINATION
An unidentified man's body was found with his throat slit. ,ASSASSINATION
The blast in Kalat was a result of the bomb explosion near the slaughter house.,TERRORISM
A clash between Marri and Burdi tribes left 10 villagers injured. ,RIOT
Two policemen were injured when a hand grenade was hurled into the Industrial Area Police Station. Part of the building was damaged.,CONVENTIONAL_ATTACK_ON_GOV_FORCES
"After the incident where an SSP vice president, Sahiwal was attacked and injured, hundereds of students took to the streets to condemn the attack. They burnt tyres and chanted slogans against the SSP, Sahiwal. ",VIOLENT_POLITICAL_DEMONSTRATION
a man and woman were shot dead by the 2 sons of his first emloyer who had been reprimanding him from meeting her.,ASSASSINATION
Two young boys chopped off the head of their 16 year old cousin because she had stayed out of the house for two days.,ASSASSINATION
"two rockets were fired on the city by unknown people. One rocket landed on the Buledi House, damaging its roof and wall. A car was also damaged in the attack. The second rocket landed in godown in Killi Geshkori area, damaging a portion of the godown.",TERRORISM
A man was hit and wounded by a stray bullet in Orangi.,OTHER
"Planes carried out strikes against militant positions in North Waziristan. there are reports that 12 militants were killed and 7 wouned in air strikes in Kotkai, Laddha and Sararogha. Six houses were also damaged in the bombings. A Mehsud stronghold and 2 militant compounds were destroyed.",GOV_ATTACK_ON_NONSTATE_COMBATANTS
"Two home-made devices exploded near a military checkpost close to the Signal Training Centre’s ground in Kohat cantonment, killing several buffaloes in the nearby army dairy farm.",GUERILLA_ATTACK_ON_GOV_FORCES
A man was knifed to death by the borther of his alleged paramour. The attacker managed to escape.,ASSASSINATION
"Two men on a motorbike shot and killed councillor Nadir Shah near his home. Mr. Shah was a close aide of the social activists, Nisar Baloch who was also assassinated in November 2009.",ASSASSINATION
6 students were injured in a clash between two student groups-IJT and APMSO in Sindh Medical College on Thursday.,RIOT
At least three houses were partially damaged when mortar shells fired by the security forces at hideouts of suspected militants hit houses in the Gandao area.,GOV_ATTACK_ON_NONSTATE_COMBATANTS
"Baloch Students Organization-Azad (BSO-A) claimed that two of their members were recently targeted by security forces when they were sitting at a shop. However, the police deny the accusation and claim that unknown armed men opened fire at the shop which led to the killings. ",ASSASSINATION
"An oil tanker carrying fuel for Nato forces in Afghanistan was set on fire in Ornach area. Some men first opened fire on the vehicle, prompting the driver and his helper to abandon the vehicle to save their lives. The men then set the vehicle on fire.",TERRORISM
"Three armed persons stormed the house of Malik Shafqat baloch and killed four persons who were accompanying a \zakir\"" (a person who delivers religious sermons at Majlis) while they were asleep. Army was called upon to control the situation.""",TERRORISM
2 men suffered bullet injuries and six shops and 2 motorcycles were gutted when motorcyclists opened fire on people and hurled petrol bombs into the shops. The shops belonged to members of the Pakhtoon community and Pakhtoons were hit. Later angry people blocked the National Highway.,TERRORISM
A bus of route 52-A was set ablaze in Ranchhor Lane.,VIOLENT_POLITICAL_DEMONSTRATION
"2 missiles believed to be fired by a US drone aircraft struck a house killing 4 militants, including 2 Arabs.",DRONE_ASSASSINATION
One person was killed and six others were injured as the Indian forces stepped up shelling in Abiyaal Dogar village in Shakargarh-Narowal sectors.,ATTACK_ON_STATE
Gas supply to some areas was suspended after a four-foot portion of a pipeline  was blown up near the eastern bypass.,TERRORISM
A man was 'brought dead' from Baldia Town.,OTHER
There was a fierce exchange of fire between two rival groups over a land dispute. Three people were killed and eight others injured. The elders of the tribe negotiated a ceasefire after hectic efforts. ,RIOT
"A man allegedly shot dead his sister in their Amir Park residence on suspicion of loose morals, while she was sleeping in her bed. ",ASSASSINATION
"Pirzada Intezar,a Shia scholar was shot dead by unidentified gunmen.He died on the spot.",ASSASSINATION
a rocket was fired from the brewery area. It was not clear wether it exploded.,TERRORISM
A person was shot dead by unknown men in Sukkur on Tuesday.,ASSASSINATION
A person was killed by three masked men while he was sleeping under a tree in Shakargarh on Monday.,ASSASSINATION
Police tortured and killed an elderly woman when she resisted the arrest of her grandson. Three policemen were arrested.,GOV_ATTACK_ON_CIVILIANS
secuirty forces targeted militants hideouts. Locals said they destroyed a tanker and killed 2 people when a mortar shell hit the house of Rahmatullah. 3 local residents also received injuries.,GOV_ATTACK_ON_NONSTATE_COMBATANTS
"10 people were killed and 18 others were injured in Dhari Village near Bhiria city, when more than a dozen armed people attacked the village and resorted to indiscriminate firing. Jumman Kalhoro was murdered a few days ago and Nihal Kalhoro and his accomplices were avenging his death.",TERRORISM
Four Jatoi tribesmen were attacked and injured by Khaskheli tribesmen while they were working in the fields. They were attacked when they tried to divert the water to their land. ,RIOT
A student leader was beaten to death by activists of a rival student group. The Islami Jamiat-i-Talaba (IJT) said victim Hafiz Abdur Rehman was its nazim at the JPMC and was beaten to death by activists of the Punjabi Students’ Association. The IJT nazim alleged that criminal elements had occupied the hostels of the Sindh Medical College. He said no action was ever taken against those elements despite several complaints lodged with the college administration. (The exact reason behind the clash was not too clear from the report),RIOT
three soldiers were injured when militants fired rockets at a checkpost on Jandola Road.,GUERILLA_ATTACK_ON_GOV_FORCES
"A clash between security forces and militants at a checkpoint left one soldier and 3 militants dead. The clash occurred when militants opened fire on the security checkpost, which the security personnel responded to, killing 3 militants.",CONVENTIONAL_ATTACK_ON_GOV_FORCES
Violence broke out in Islampura when protesters took to the streets against the power outages. They torched a lesco office in Islampura. ,VIOLENT_POLITICAL_DEMONSTRATION
Two people were killed when they were shot at by unidentified assailants in a passing car. The reason behind the attack is not known.,ASSASSINATION
"Dr. Junaid Shakir was intercepted by two men on a motorbike and shot dead. The police, based on some eyewitness acounts, claimed that the victim died while resisting a robbery. However, the family of the victim, based on other contradictory accounts, denied that it was a robbery attempt. ",ASSASSINATION
Security forces blew up a centre of a religious outift near Ayoub Pull Kanjo with explosives and arrested 15 militants during a search operation in Kabal.,GOV_ATTACK_ON_CIVILIANS
A man killed his wife on the pretext of karo-kari in Saleh Pat on Thursday,ASSASSINATION
Shelling by security forces on militant hideouts left 3 civilians injured. ,GOV_ATTACK_ON_NONSTATE_COMBATANTS
"There were several incidents of violence on the eve of the union council polls. In a shooting incident, Iqbal and Siraj died and their two companions were seriously injured. ",TERRORISM
Three soldiers were killed when militants fired a number of rockets on the Landi Noor camp in South Wazireistan from the Taliban controlled Mehsud area.,GUERILLA_ATTACK_ON_GOV_FORCES
The bodies of two unidentified young men were found with multiple bullet wounds. Both victims had blindfolds and their hands were tied with rope. ,ASSASSINATION
"Yaqoob, a guard at the WAPDA hospital was shot dead by unidentified assailants who barged into the hospital.",ASSASSINATION
1 person was killed and 2 were injured in Indian shelling along LoC on a passanger bus in Neelum Valley on Friday. ,ATTACK_ON_STATE
Volunteers of the peace committee exchanged heavy fire with militants in the Khwaizai Baizai tehsil of Mohmand and arrested six militants.  The volunteers were helping the security forces flush out militants from the area.,RIOT
"Advocate Pir Tariq, a leader of MQM was shot at and injured by unidentified gunmen.",ASSASSINATION
The bullet riddled bodies of two Muttahida Qaumi Movement workers were found. Both of them had been kidnapped in the morning.,ASSASSINATION
"A young man was shot dead by armed men while he was sitting In his guest house in Khairpur. The deceased was brother of General Secretary of PML-N Khairpur, Ghulam Hyder Phulpoto.",ASSASSINATION
Workers of the MQM demolished a police kiosl and burnt tyres on the road to protest against the killing of an MQM activist earlier that day.,VIOLENT_POLITICAL_DEMONSTRATION
"The bodies of two young men, wards of Karachi University were found. They had been kidnapped a day earlier from Time Square. The motive behind the act is not known.",ASSASSINATION
"Protesting students of MAO College attacked a United Muslim Hospital and damaged its neon signs and window panes in protest against the arrest of a collegue Abid Chaudhry, the Vice President Elect of the Student Union of MAO College.",VIOLENT_POLITICAL_DEMONSTRATION
"Clashes between Mangal and Bangash tribes continued and intensified on the 14h consecutive day of fighting as 34 people lost their lives and 5 small villages were set ablaze. Militants attacked each other with rockets and heavy weapons. In a bid by the authorities to intervene, helicopter gunships shelled the area, killing 2 children and still not being able to stop the fighting. Fighting continued till the filing of this report and it was reported that armed tribesman had taken positions on top of hills in the adjacent Piwar area.",RIOT
A bomb strapped to a parked bicycle was detonated by remote control when a police vehicle was passing by. The explosion killed 2 policemen and a shopkeeper and injured another 19. ,GUERILLA_ATTACK_ON_GOV_FORCES
"two bombs were hurled at the house of Khursheed Ahmed, the president of thE Gilgit Press Club near the city police station. However no damage was caused to the 7 inmates. This was the second attack on his house.",TERRORISM
"a man was shot dead, Inayat, while another was injured, Younas, by their rivals over a land dispute.",ASSASSINATION
"Malikdinkhel and Qambarkhel sub clans clashed over the ownership of Surghar top hills. They exchanged fire using heavy weapons, resulting in the death of 3 and injury of 2.",RIOT
"In retailation for a daytime robbery in the home of a local goldsmith, a group of people staged a sit-in in Dadu.  The police resorted to baton-charging to disperse the crowd.",GOV_ATTACK_ON_CIVILIANS
Arsonists set ablaze a store of Pakistan Telecommunication and a jeep in Malir. ,VIOLENT_POLITICAL_DEMONSTRATION
"The beheaded bodies of 3 truckers, who had been kidnapped while they were travelling between Parachinar and Peshawar a few days earlier, were found. A note accompanying the bodies said that if anyone else supplied goods to the Parachinar community he would meet the same fate. ",THREAT_OF_VIOLENCE
2 FC men were killed and 7 others were injured when an FC vehicle was petrolling an area along Rabi Canal on Thursday and a bomb exploded near it.,GUERILLA_ATTACK_ON_GOV_FORCES
"Deputy Nazim of Charsadda, Alamzeb Omerzai, was shot and wounded when 6 unidentified gunmen shot at his vehicle. His bodyguards retaliated by firing back. According to his brother, the people who Omerzai defeated in the local body election were the ones behind the attack. ",ASSASSINATION
"a minor girl, Maruim was injured after tribesmen opened fire on a passenger van in the Pesh Bogi area when the vehicle was on its way to Dear Bugti from Sui.",TERRORISM
Police used tear gas and baton charge to disperse an angry mob. The mob was protesting against the beating of a driver by the police. Over a dozen people including two policemen were hurt.,VIOLENT_POLITICAL_DEMONSTRATION
"Five people clubbed to death a man and seriously injured his wife over a matrimonial issue. Sources said that the married Ameena of Pakpattan had eloped with Saeed of Sahiwal and started living in Lahore. Her family finally traced her down and attacked her and her husband, injuring her and killing the husband.",ASSASSINATION
Continued Unprovoked firing at the LoC by the Indian forces claims civilian lives.,ATTACK_ON_STATE
Five people were injured in incidents of firing.,OTHER
"As a result of the verdict of supreme court annulling the appointment of Justice (Retd) Deedar Shah as NAB chairman, reports of gunfire were received from old city areas including Lyari, Kharadar and Ranchore Line.",TERRORISM
"Businesses were closed and traffic remained off-road in most cities and towns of the country on a strike call given by religious parties in protest against what they believed the government plans to change the Blasphemy Law. Police claimed that protesters near the residence of President Asif Ali Zardari shouted slogans and pelted stones. However, no one was reported hurt. POlice had to relatiate by using tear gas shells to disperse the crowd. ",VIOLENT_POLITICAL_DEMONSTRATION
An explosive device went off in the parking area in a parking area adjacent to the West Cantonment police station. The device planted under a parked car went off damaging 25 vehicles and windowpanes of the buildings nearby.,TERRORISM
"A rally arranged by the SSP to criticize the government and to appeal to the people to join the strike planned for 30-Dec-95, was baton-charged by the police. The police also resorted to aerial firing to disperse the processionists and arrested all the district leaders of the SSP. ",VIOLENT_POLITICAL_DEMONSTRATION
"At least 15 students were injured in a clash between two student groups-MSF and IJT at Government Faridia College, Pakpattan over wall chalking on Monday.",RIOT
a militant was killed in Peochar. 5 other suspected militants had been killed in other clashes.,GOV_ATTACK_ON_NONSTATE_COMBATANTS
"Groups of flour-starved people brought the provincial capital of Khyber Pakhtunkhwa to a standstill, looted several general stores, a utility store and blocked many roads. Mobs attacked shops and business areas at several places by pelting them with stones, breaking their windowpanes. They also looted stores in the Qissakhawani area. Angry protesters then looted a utility store in the Tehkal area and according to officials the Jamrud and Abdara road were the worst hit. Police deployed to control the situation was reluctant to stop the protesters from damaging public property in the Tehkal, Cantonment and Jamrud road areas.",VIOLENT_POLITICAL_DEMONSTRATION
