source_fid,source_event_id,source_claim,source_claim_raw,text,gt_protest_claim
SZ-20200123-SLDRU-966,SZ-20200123-SLDRU-966_2,101.0,repression,Mittwochmorgen begann dann der Großeinsatz der Polizei,Repression
LEIPZ_20200607_AATDQ_185,LEIPZ_20200607_AATDQ_185_1,101.0,repression,Polizeigewalt,Repression
LEIPZV_20110413_DGRBL,LEIPZV_20110413_DGRBL_1,101.0,repression,Anlass war eine landesweite Razzia in der linksextremen Szene gestern früh,Repression
LEIPZV_20130213_PVVF,LEIPZV_20130213_PVVF_1,101.0,repression,"gegen den Versuch des Konzerns protestiert, die Presse- und Meinungsfreiheit zu unterdrücken",Repression
LEIPZV_20130213_PVVF,LEIPZV_20130213_PVVF_1,101.0,repression,"Das Aktionsbündnis will damit auf den Prozess aufmerksam machen, den Veolia gegen die Macher des Films \""Water Makes Money\"" angestrengt hat und der morgen in Paris beginnt",Repression
LEIPZV_20130417_VDIV,LEIPZV_20130417_VDIV_1,101.0,repression,die umstrittene Zwangsräumung einer Berliner Rentnerin am 9. April geht. Der schwerbehinderten Rosemarie F. (67) war wegen Mietrückständen und unsachgemäßen Verhaltens im Haus gekündigt worden,Repression
LEIPZV_20130729_RWIAM,LEIPZV_20130729_RWIAM_1,101.0,repression,"Wir wollen mit der Demonstration zeigen, dass die Überwachung im Internet für viele Bürger ein wichtiges Thema ist\"", sagte der Mitorganisator und Rechtsanwalt Jürgen Kasek. \""Viele Menschen sind unzufrieden mit dem Vorgehen der Bundesregierung. Wie wir bei der Aufklärung hingehalten werden\"", so der Grünen-Politiker.",Repression
WESKU00020110109e7190000y_SUN,WESKU00020110109e7190000y_SUN_1,101.0,repression,gegen das Gefangenenlager Guantanamo,Repression
WESKU00020120226e82q0000v_SUN,WESKU00020120226e82q0000v_SUN_1,101.0,repression,Die Gegner sehen dadurch die Freiheit der Netzgemeinde bedroht,Repression
WESKU00020121121e8bm0001c,WESKU00020121121e8bm0001c_1,101.0,repression,fordern weltweiten Hinrichtungsstopp,Repression
WESKU00020121121e8bm0001c,WESKU00020121121e8bm0001c_1,101.0,repression,für die internationale Abschaffung der Todesstrafe,Repression
WESKU00020140208ea2900017_SUN,WESKU00020140208ea2900017_SUN_1,101.0,repression,"\""Freiheit statt Kontrolle für die Menschen in Russland\",Repression
WESKU00020140516ea5h0001l,WESKU00020140516ea5h0001l_1,101.0,repression,und die durch den Militärputsch an die Macht gekommene Übergangsregierung,Repression
WESKU00020200508eg2n0006y_SUN,WESKU00020200508eg2n0006y_SUN_1,101.0,repression,gegen Willkür und Repression,Repression
WESKU00020200703eg730001v,WESKU00020200703eg730001v_1,101.0,repression,"Das Bündnis sieht den Tod des 51-jährigen Marokkaners im \""Kontext der rassistischen und diskriminierenden Struktur der Polizei\",Repression
WESKU00020200816eg8g00018,WESKU00020200816eg8g00018_1,101.0,repression,"Sie forderten eine lückenlose Aufklärung des eskalierten Polizeieinsatzes in Gröpelingen im Juni, bei dem ein Marokkaner durch Schüsse eines Polizisten starb.",Repression
SZ-20190128-GSSVGP-293,SZ-20190128-GSSVGP-293_1,101.0,repression,Überwachungsmaßnahmen ausgeweitet,Repression
SZ-20190304-DFZZP-366,SZ-20190304-DFZZP-366_1,101.0,repression,Der Staat dreht die Repressionsschraube immer weiter zu,Repression
SZ-20190304-DFZZP-366,SZ-20190304-DFZZP-366_3,101.0,repression,inszenierten sich Mitglieder der Gruppe vor dem Landtag als Stasi-Mitarbeiter,Repression
LEIPZO0020180403ee43008vh,LEIPZO0020180403ee43008vh_1,101.0,repression,"forderten Deutschland auf, die katalanischen politischen Gefangenen freizulassen.",Repression
LEIPZO0020190116ef1g00jg1,LEIPZO0020190116ef1g00jg1_1,101.0,repression,gegen die Räumung des linken Kulturzentrums „Black Triangle“ am Vortag protestiert,Repression
LEIPZO0020190116ef1g00jg1,LEIPZO0020190116ef1g00jg1_1,101.0,repression,Bleiberecht in besetzten Häusern,Repression
LEIPZO0020190124ef1n004s9,LEIPZO0020190124ef1n004s9_1,101.0,repression,Racheakt für die Räumung des „Black Triangle“,Repression
StZ_20140930_EADSD_338,StZ_20140930_EADSD_338_1,101.0,repression,Polizeieinsatz am 30. September 2010,Repression
STUGTR0020150608eb6800043,STUGTR0020150608eb6800043_1,101.0,repression,"machten sie auf einen Mitstreiter aufmerksam, der während",Repression
STUGTR0020151001eba10003o,STUGTR0020151001eba10003o_1,101.0,repression,erinnern Tausende an die Vorfälle im Park,Repression
STUGTR0020151001eba10003o,STUGTR0020151001eba10003o_1,101.0,repression,Auch,Repression
STUGTR0020151001eba10003o,STUGTR0020151001eba10003o_1,101.0,repression,Polizeieinsatz zur Räumung,Repression
STUGTR0020151001eba10003o,STUGTR0020151001eba10003o_1,101.0,repression,Ministerpräsident Winfried Kretschmann,Repression
STUGTR0020151001eba10003o,STUGTR0020151001eba10003o_1,101.0,repression,"Den \""schwarzen",Repression
STUGTR0020151001eba10003o,STUGTR0020151001eba10003o_1,101.0,repression,Er hat den ehemaligen Stuttgarter,Repression
STUGTR0020160105ec15000al,STUGTR0020160105ec15000al_1,101.0,repression,"\""Solidarität",Repression
STUGTR0020160725ec7p0005t,STUGTR0020160725ec7p0005t_1,101.0,repression,"forderten sie die Freilassung von Abdullah Öcalan, dem",Repression
STUGTR0020170215ed2f00067,STUGTR0020170215ed2f00067_1,101.0,repression,die Räumung des Schlossgartens vor fünf Jahren,Repression
STUGTR0020170215ed2f00067,STUGTR0020170215ed2f00067_1,101.0,repression,die,Repression
STUGTR0020200602eg6200025,STUGTR0020200602eg6200025_1,101.0,repression,„DGB hat mitgeschossen“ – und rückte damit die unter dem Deutschen Gewerkschaftsbund,Repression
LEIPZO0020161218ecci002xl,LEIPZO0020161218ecci002xl_1,101.0,repression,Freilassung der letzten noch in Haft verbliebenen Sympathisantin,Repression
LEIPZO0020180113eba60041d,LEIPZO0020180113eba60041d_1,101.0,repression,Überwachungsstaat,Repression
LEIPZV0020160423ec4n00022,LEIPZV0020160423ec4n00022_1,101.0,repression,Legida protestiert gegen Leipzigs Polizei,Repression
StZ_20090518_EGUUE_293,StZ_20090518_EGUUE_293_1,101.0,repression,fordern aktives Handeln und wollen Menschenrechtsverletzungen in Deutschland nicht länger hinnehmen.,Repression
StZ_20100908_PBHA_702,StZ_20100908_PBHA_702_2,101.0,repression,"Da sich die Nachricht von dem Polizeieinsatz per Handy schnell verbreitet hatte, kamen sofort etwa 100 Demonstranten zusammen",Repression
StZ_20101122_BSBGM_551,StZ_20101122_BSBGM_551_2,101.0,repression,Schwarzer Donnerstag - Wir klagen an,Repression
StZ_20101122_BSBGM_551,StZ_20101122_BSBGM_551_2,101.0,repression,in Erinnerung an den umstrittenen Polizeieinsatz am 30. September,Repression
StZ_20101122_BSBGM_551,StZ_20101122_BSBGM_551_2,101.0,repression,"Wie Schlager forderte auch der Grünen-Innenexperte Ulrich Sckerl, der im Untersuchungsausschuss zum Polizeieinsatz sitzt, lückenlose Aufklärung",Repression
StZ_20110209_DEVAEG_1025,StZ_20110209_DEVAEG_1025_1,101.0,repression,Hört auf euer Gewissen,Repression
StZ_20131001_PRSZG_185,StZ_20131001_PRSZG_185_1,101.0,repression,dritten Jahrestag des 'schwarzen Donnerstags,Repression
StZ_20131001_PRSZG_185,StZ_20131001_PRSZG_185_1,101.0,repression,Am 30. September 2010 war die Polizei im Schlossgarten mit Wasserwerfern gegen S-21-Gegner vorgegangen,Repression
StZ_20131001_PRSZG_185,StZ_20131001_PRSZG_185_1,101.0,repression,'Die Protestbewegung wird durch den Rahmenbefehl gezielt ausgespäht,Repression
SZ-20171024-EFUEE-390,SZ-20171024-EFUEE-390_1,101.0,repression,Acht Monate Haft wegen gefährlicher Körperverletzung und Widerstands gegen Polizeibeamte,Repression
SZ-20171208-SUANS-589,SZ-20171208-SUANS-589_1,101.0,repression,"Entfaltungsräume für linke, kritische Politik immer weiter eingeschränkt",Repression
SZ-20171208-SUANS-589,SZ-20171208-SUANS-589_1,101.0,repression,Kontrolle und Überwachung immer weiter ausgebaut,Repression
SZ-20200912-LPBSM-351,SZ-20200912-LPBSM-351_1,101.0,repression,Räumungen von zwei besetzten Häusern im Leipziger Osten und in Connewitz,Repression
SZ-20200917-ADGEA-475,SZ-20200917-ADGEA-475_1,101.0,repression,Unterstützer der Angeklagten,Repression
SZ-20201005-RURGR-341,SZ-20201005-RURGR-341_2,101.0,repression,die Etablierung eines Überwachungsstaates,Repression
LEIPZ_20200101_DHIJM_391,LEIPZ_20200101_DHIJM_391_1,101.0,repression,Polizei,Repression
LEIPZ_20200610_USVSE_281,LEIPZ_20200610_USVSE_281_1,101.0,repression,Die linke Szene hat mit einer Protestdemo auf Durchsuchungen der Polizei in Leipzig reagiert.,Repression
LEIPZ_20201012_LNSHZ_95,LEIPZ_20201012_LNSHZ_95_1,101.0,repression,Räumung des Hauses „Liebig 34“ in Berlin,Repression
LEIPZ_20201106_KIZVC_262,LEIPZ_20201106_KIZVC_262_1,101.0,repression,"Soli-Demo für eine am Donnerstag festgenommene, mutmaßliche Linksextremistin",Repression
LEIPZ_20201127_DMHSZ_251,LEIPZ_20201127_DMHSZ_251_1,101.0,repression,Protestcamps geräumt worden,Repression
LEIPZ_20201217_ZLLWA_870,LEIPZ_20201217_ZLLWA_870_1,101.0,repression,"Bulle, dein Duldungsstatus ist aufgehoben und deine Aufenthaltserlaubnis erloschen",Repression
LEIPZO0020190508ef58000dx,LEIPZO0020190508ef58000dx_1,101.0,repression,Vermummte den Polizeiposten in der Connewitzer Biedermannstraße mit Steinen und Farbbomben angegriffen,Repression
WESKU00020140504ea550001d,WESKU00020140504ea550001d_1,102.0,rights,Gefangene der JVA wandten sich an diese Zeitung und beklagten die Zustände in der Haftanstalt,Rights
SZ-20200602-CPAZP-542,SZ-20200602-CPAZP-542_1,102.0,rights,„Nehmt die Masken ab! Wir sehen Euer Lachen nicht.“,Rights
SACHZTG020121210e8ca000bk,SACHZTG020121210e8ca000bk_1,102.0,rights,gegen das umstrittene Sicherheitskonzept,Rights
WESKU00020150203eb240001u,WESKU00020150203eb240001u_1,102.0,rights,"Die Kritik an der Predigt wird mit Begriffen wie \""Rufmordkampagne\"" und \""Christenverfolgung\"" in Verbindung gebracht",Rights
WESKU00020181014eeae00019_SUN,WESKU00020181014eeae00019_SUN_1,102.0,rights,gegen Menschenhandel,Rights
WESKU00020181014eeae00019_SUN,WESKU00020181014eeae00019_SUN_1,102.0,rights,Sklaverei,Rights
WESKU00020200524eg5o00019,WESKU00020200524eg5o00019_3,102.0,rights,Grundrechte,Rights
SZ-20180725-PBRP-319,SZ-20180725-PBRP-319_1,102.0,rights,Dieses Mal machte sich die Organisation für die verurteilte Holocaust-Leugnerin Ursula Haverbeck stark.,Rights
SZ-20190304-DFZZP-366,SZ-20190304-DFZZP-366_1,102.0,rights,"Die Anhänger fürchten, dass sie durch das neue Polizeigesetz stärker als bisher in in ihrer persönlichen Freiheit eingeschränkt werden",Rights
LEIPZV0020180628ee6s0000x,LEIPZV0020180628ee6s0000x_1,102.0,rights,gegen das Prostituiertenschutzgesetz,Rights
LEIPZO0020190309ef3900aca,LEIPZO0020190309ef3900aca_1,102.0,rights,"„Wir wollen keinen Artikel 13“. Dieser Teil der geplanten Reform des EU-Urheberrechts soll Plattformen wie YouTube stärker in die Pflicht nehmen, gegen Urheberrechtsverletzungen vorzugehen",Rights
LEIPZO0020190408ef4800k29,LEIPZO0020190408ef4800k29_1,102.0,rights,„Polizeigesetz stoppen“,Rights
LEIPZO0020190408ef4800k29,LEIPZO0020190408ef4800k29_1,102.0,rights,„Das neue Polizeirecht ist ein Angriff auf unsere Bürgerrechte.,Rights
STUGTR0020151001eba10003o,STUGTR0020151001eba10003o_1,102.0,rights,Ruf nach Kennzeichnung der Polizei,Rights
STUGTR0020151001eba10003o,STUGTR0020151001eba10003o_1,102.0,rights,Kennzeichnungspflicht für,Rights
STUGTR0020191216efcg00048,STUGTR0020191216efcg00048_1,102.0,rights,Gegner (eigene Angaben) eines verschärften Polizeigesetzes,Rights
STUGTR0020191216efcg00048,STUGTR0020191216efcg00048_1,102.0,rights,Kritik an dem aus ihrer Sicht weiteren Abbau der Freiheitsrechte,Rights
LEIPZO0020170117ecb7002e5,LEIPZO0020170117ecb7002e5_3,102.0,rights,Gegen die Kriminalisierung des Gegenprotests,Rights
StZ_20090518_EGUUE_293,StZ_20090518_EGUUE_293_1,102.0,rights,"\""Wir wollen, dass der Tatbestand Ehrenmord ins Gesetzbuch aufgenommen wird.\",Rights
StZ_20110727_PVZSS_796,StZ_20110727_PVZSS_796_2,102.0,rights,"mit \""vorgeschobenen Gründen\"" vom Genehmigungsverfahren ausgeschlossen worden",Rights
StZ_20131203_DSABB_683,StZ_20131203_DSABB_683_1,102.0,rights,"Wir lassen uns nicht vorschreiben, wo wir protestieren'",Rights
StZ_20131203_DSABB_683,StZ_20131203_DSABB_683_2,102.0,rights,"So es zu einer juristischen Auseinandersetzung kommen sollte, wäre das nicht die erste über den Veranstaltungsort der Montagsdemo",Rights
SZ-20151109-VFPAT-345,SZ-20151109-VFPAT-345_1,102.0,rights,Verbot für Pegida an diesem Tag dort,Rights
SZ-20151109-VFPAT-345,SZ-20151109-VFPAT-345_1,102.0,rights,dass an diesem historisch bedeutsamen Tag die Pegida Demonstration untersagt,Rights
SZ-20170303-IES-117,SZ-20170303-IES-117_1,102.0,rights,"ein Aufruf, auch hierzulande das Grundrecht der Pressefreiheit zu garantieren und zu achten",Rights
SZ-20171208-SUANS-589,SZ-20171208-SUANS-589_1,102.0,rights,Grundrechte beschneiden,Rights
SZ-20201102-SGIDZ-308,SZ-20201102-SGIDZ-308_1,102.0,rights,Kinder sollten keinen Abstand halten und nicht geimpft werden müssen,Rights
SZ-20201102-SGIDZ-308,SZ-20201102-SGIDZ-308_1,102.0,rights,Auf ihren Schildern prangern sie die Maskenpflicht an,Rights
SZ-20200414-OONCF-1146,SZ-20200414-OONCF-1146_1,102.0,rights,"Sie wollten darauf hinweisen, dass auch zu Corona-Zeiten die Grundrechte gewahrt bleiben müssten, wie die Versammlungsfreiheit",Rights
SZ-20200421-PSPIC-359,SZ-20200421-PSPIC-359_1,102.0,rights,grundgesetzlich garantierte Versammlungsfreiheit,Rights
SZ-20200427-PLSVI-345,SZ-20200427-PLSVI-345_1,102.0,rights,Grundgesetz schützen,Rights
SZ-20200504-DCPEG-888,SZ-20200504-DCPEG-888_1,102.0,rights,Nein zum Impfzwang,Rights
SZ-20200504-DCPEG-888,SZ-20200504-DCPEG-888_1,102.0,rights,Grundgesetz reaktivieren,Rights
SZ-20200511-DPDCR-1000,SZ-20200511-DPDCR-1000_1,102.0,rights,Grundrechte der Bevölkerung,Rights
SZ-20200602-CPAZP-542,SZ-20200602-CPAZP-542_1,102.0,rights,um gegen die Beschränkungen aufgrund des Corona-Virus zu demonstrieren,Rights
SZ-20200602-CPAZP-542,SZ-20200602-CPAZP-542_1,102.0,rights,„Corona-Verordnungen beenden“,Rights
SZ-20201005-RURGR-341,SZ-20201005-RURGR-341_2,102.0,rights,angebliche Zwangsimpfungen,Rights
SZ-20201005-RURGR-341,SZ-20201005-RURGR-341_2,102.0,rights,behördlich angeordnete Corona-Checks,Rights
LEIPZ_20200125_DWDPA_1241,LEIPZ_20200125_DWDPA_1241_1,102.0,rights,Sie wollten gegen das Verbot von „linksunten.indymedia“ demonstrieren,Rights
LEIPZ_20200125_DWDPA_1241,LEIPZ_20200125_DWDPA_1241_2,102.0,rights,Sie wollten gegen das Verbot von „linksunten.indymedia“ demonstrieren.,Rights
LEIPZ_20200304_LOMVF_486,LEIPZ_20200304_LOMVF_486_1,102.0,rights,gegen das Verbot der Plattform linksunten.indymedia,Rights
LEIPZ_20200507_NMFDL_2456,LEIPZ_20200507_NMFDL_2456_1,102.0,rights,Es reicht mit dem Corona-Lockdown,Rights
LEIPZ_20200530_QDFFA_770,LEIPZ_20200530_QDFFA_770_1,102.0,rights,Versammlung für die Freiheit,Rights
LEIPZ_20200530_QDFFA_770,LEIPZ_20200530_QDFFA_770_1,102.0,rights,Wir müssen jetzt wirklich aufstehen – sonst werden wir zwangsgeimpft und zwangsgechippt!,Rights
LEIPZ_20200530_QDFFA_770,LEIPZ_20200530_QDFFA_770_1,102.0,rights,zwangsgeimpft und zwangsgechippt,Rights
LEIPZ_20200704_KGRSH_571,LEIPZ_20200704_KGRSH_571_1,102.0,rights,Finger weg von meiner ‚Freiheit auf Rädern,Rights
LEIPZ_20200921_HZSEG_613,LEIPZ_20200921_HZSEG_613_1,102.0,rights,Freiheitsrechte der Bundesbürger,Rights
LEIPZ_20201109_FDZVP_638,LEIPZ_20201109_FDZVP_638_1,102.0,rights,Unmut über staatliche Corona-Einschränkungen,Rights
LEIPZ_20201114_BUZTD_387,LEIPZ_20201114_BUZTD_387_1,102.0,rights,Schutzmaßnahmen-Gegner,Rights
LEIPZ_20201114_BUZTD_387,LEIPZ_20201114_BUZTD_387_2,102.0,rights,gegen die Corona-Schutzmaßnahmen,Rights
StZ_20140303_PTDD_636,StZ_20140303_PTDD_636_1,102.0,rights,Gegen die Indoktrination unserer Kinder,Rights
StZ_20140502_KUFVG_192,StZ_20140502_KUFVG_192_1,103.0,democracy,mehr Demokratie in den Betrieben,Democracy
SACHZTG020130129e91t000bb,SACHZTG020130129e91t000bb_1,103.0,democracy,Kritiker des Verfassungsschutzes,Democracy
WESKU00020111115e7bf00034,WESKU00020111115e7bf00034_1,103.0,democracy,Bürgerbeteiligung bei Bauvorhaben,Democracy
WESKU00020150126eb1r0001a,WESKU00020150126eb1r0001a_1,103.0,democracy,die alten Tugenden einer Gemeinschaft freier und gleicher Bürger zu beschwören,Democracy
WESKU00020150403eb4400019,WESKU00020150403eb4400019_1,103.0,democracy,Wir wollen an den Planungen beteiligt sein. Ohne uns geht es nicht,Democracy
WESKU00020181106eeb60006x,WESKU00020181106eeb60006x_1,103.0,democracy,möchte das Wahlrecht ändern,Democracy
WESKU00020181106eeb60006x,WESKU00020181106eeb60006x_1,103.0,democracy,"wirbt für einen Volksentscheid, der für mehr Demokratie sorgen soll: Denn im Februar dieses Jahres wurde das Wahlrecht so verändert, dass der Einfluss der Personenstimmen zurückgeht und die Reihenfolge der Parteilisten wieder mehr Gewicht hat",Democracy
WESKU00020181106eeb60006x,WESKU00020181106eeb60006x_1,103.0,democracy,Die Listenstimmen sollen gleichmäßig auf die Kandidaten verteilt werden,Democracy
WESKU00020181106eeb60006x,WESKU00020181106eeb60006x_2,103.0,democracy,fünf Stimmen,Democracy
WESKU00020181106eeb60006x,WESKU00020181106eeb60006x_2,103.0,democracy,Personenwahl,Democracy
WESKU00020181106eeb60006x,WESKU00020181106eeb60006x_2,103.0,democracy,mehr Einfluss auf die Zusammensetzung der Stadtverordnetenversammlung in Bremerhaven und der Bürgerschaft in Bremen,Democracy
WESKU00020181106eeb60006x,WESKU00020181106eeb60006x_1,103.0,democracy,wir möchten auch in Zukunft über die personelle Zusammensetzung der Bürgerschaft mitentscheiden und wollen die von den Parteien aufgestellten Ranglisten stärker verändern können,Democracy
WESKU00020181106eeb60006x,WESKU00020181106eeb60006x_1,103.0,democracy,"Die Kandidaten mit den meisten Personenstimmen sollen die Sitze im Parlament erhalten, unabhängig vom Listenplatz, den ihre Partei ihnen zuweist",Democracy
WESKU00020181106eeb60006x,WESKU00020181106eeb60006x_1,103.0,democracy,ein neues Volksbegehren,Democracy
WESKU00020181106eeb60006x,WESKU00020181106eeb60006x_1,103.0,democracy,"dass der Stimmzettel gültig bleibt, wenn jemand mehr als fünf Kreuze macht",Democracy
WESKU00020181106eeb60006x,WESKU00020181106eeb60006x_1,103.0,democracy,"leere Stimmzettel sollen gesondert ausgezählt werden, weil Wähler damit ihren Protest zum Ausdruck bringen können",Democracy
WESKU00020181125eebp0001n_SUN,WESKU00020181125eebp0001n_SUN_1,103.0,democracy,Mehr Demokratie beim Wählen,Democracy
WESKU00020200513eg5d00026,WESKU00020200513eg5d00026_1,103.0,democracy,für sich mehr politische Mitbestimmung in der Corona-Krise,Democracy
SZ-20180505-JHWHL-453,SZ-20180505-JHWHL-453_1,103.0,democracy,"Nach dem Krieg, so Schaefer, hätte eine \""Weltbanken-Macht\"" dafür gesorgt, Deutsche als böse darzustellen, dem hätte das System den Namen \""Nazi\"" gegeben",Democracy
LEIPZV0020180316ee3g0000z,LEIPZV0020180316ee3g0000z_1,103.0,democracy,Gesinnungsdiktatur,Democracy
LEIPZO0020190706ef7600a3x,LEIPZO0020190706ef7600a3x_1,103.0,democracy,ein starkes Signal für ein konstruktives Miteinander,Democracy
LEIPZO0020191225efcp000ul,LEIPZO0020191225efcp000ul_1,103.0,democracy,Wahlrecht ab 16 Jahren,Democracy
STUGTR0020150124eb1o00047,STUGTR0020150124eb1o00047_1,103.0,democracy,faire und demokratische Rahmenbedingungen für,Democracy
STUGTR0020190921ef9l0000s,STUGTR0020190921ef9l0000s_1,103.0,democracy,direkte,Democracy
STUGTR0020200817eg8h0003f,STUGTR0020200817eg8h0003f_1,103.0,democracy,"Er steht in der Kritik, weil er",Democracy
STUGTR0020201113egbd0003y,STUGTR0020201113egbd0003y_1,103.0,democracy,für die Einberufung,Democracy
StZ_20090129_KISGSS_186,StZ_20090129_KISGSS_186_1,103.0,democracy,"Weiter sollen die Richter die Stadt verpflichten, das Bürgerbegehren gegen das geplante Logistikzentrum von Boss zuzulassen",Democracy
StZ_20090129_KISGSS_186,StZ_20090129_KISGSS_186_1,103.0,democracy,"das Regierungspräsidium (RP) habe \""bislang ohne zureichenden Grund\"" die Entscheidung über einen am 25. August eingereichten Widerspruch gegen die Ablehnung des Bürgerbescheids verzögert",Democracy
StZ_20091211_DEGUED_1568,StZ_20091211_DEGUED_1568_3,103.0,democracy,"67 000 Stuttgarter haben 2007 das scheinbar verbriefte Recht eingefordert, selbst über das Projekt zu bestimmen.",Democracy
StZ_20100518_FDGID_432,StZ_20100518_FDGID_432_1,103.0,democracy,"Der Rathauschef sei \""beratungsresistent und unfähig zum Dialog",Democracy
StZ_20100809_DGSSGT_1568,StZ_20100809_DGSSGT_1568_1,103.0,democracy,"Anfangs habe die Politik die Bevölkerung gar nicht beteiligt, kritisiert Kleiner, und ein später angestrebtes Bürgerbegehren sei aus formaljuristischen Gründen abgelehnt worden. \""Die wollen die Bürger nicht fragen\"", sagt die Sportlehrerin",Democracy
StZ_20100904_LGS_822,StZ_20100904_LGS_822_3,103.0,democracy,"\""Open-Air-Parlament für direkte Demokratie\",Democracy
StZ_20100914_SGSOS_499,StZ_20100914_SGSOS_499_3,103.0,democracy,"kritisierte als einer der Hauptredner, dass die Bürger jahrelang über Stuttgart 21 getäuscht worden seien",Democracy
StZ_20101024_PUF_607,StZ_20101024_PUF_607_2,103.0,democracy,Er kritisiert das Demokratieverständnis von Kanzlerin Angela Merkel und Ministerpräsident Stefan Mappus (beide CDU),Democracy
StZ_20101026_VANAEB_150,StZ_20101026_VANAEB_150_1,103.0,democracy,einen Volksentscheid,Democracy
StZ_20101105_NSMPA_216,StZ_20101105_NSMPA_216_1,103.0,democracy,eine Bürgerbeteiligung zu S 21,Democracy
StZ_20101122_BSBGM_551,StZ_20101122_BSBGM_551_1,103.0,democracy,Die letzte Instanz in diesem Land darf nicht die Sitzblockade sein,Democracy
StZ_20101221_GSSHSM_182,StZ_20101221_GSSHSM_182_1,103.0,democracy,"Redner kritisierten, dass die Bahn den im Schlichterspruch von Heiner Geißler angeregten Stresstest für den neuen Tiefbahnhof in Eigenregie vornehmen wolle, ohne Fachleute der Kritiker zu beteiligen. \""Das ist ein Verstoß gegen den Schlichterspruch",Democracy
StZ_20110118_GSSUED_846,StZ_20110118_GSSUED_846_1,103.0,democracy,UEber sein Schicksal sollten die Bürger entscheiden. Stuttgart 21 tauge als Beispiel für den Politikunterricht. Der Lernzprozess sei für die Bürgergesellschaft nicht hoch genug einzuschätzen,Democracy
StZ_20110121_GSHAV_669,StZ_20110121_GSHAV_669_1,103.0,democracy,"\""Wir sind das Volk",Democracy
StZ_20110130_WGSSGS_348,StZ_20110130_WGSSGS_348_1,103.0,democracy,Das Ergebnis eines solch intransparenten Tests können wir nie und nimmer akzeptieren.,Democracy
StZ_20110220_WMG_162,StZ_20110220_WMG_162_1,103.0,democracy,"blind gegen Volksabstimmungen\"".",Democracy
StZ_20110222_PMMM_166,StZ_20110222_PMMM_166_1,103.0,democracy,Die Forderung: mehr Transparenz und Offenheit,Democracy
StZ_20110416_SIVGSS_111,StZ_20110416_SIVGSS_111_1,103.0,democracy,"SPD-Landeschef Nils Schmid am Donnerstag in einem offenen Brief aufgefordert, von einer Volksabstimmung Abstand zu nehmen, da die erforderlichen Quoren ein faires Verfahren nahezu unmöglich machten",Democracy
StZ_20110417_GRDSZ_142,StZ_20110417_GRDSZ_142_1,103.0,democracy,in einen Volksentscheid zu gehen,Democracy
StZ_20110503_BGGUER_375,StZ_20110503_BGGUER_375_1,103.0,democracy,"landesweite Volksabstimmung über Stuttgart 21 verständigt haben, gefiel einem Großteil der nach Polizeiangaben rund 1500 Demonstranten nicht",Democracy
StZ_20110503_BGGUER_375,StZ_20110503_BGGUER_375_1,103.0,democracy,Wegfall des Quorums bei einer möglichen Volksabstimmung,Democracy
StZ_20110719_DBRS_105,StZ_20110719_DBRS_105_1,103.0,democracy,forderte seine Partei zu einem Mitgliederentscheid zu Stuttgart 21 auf,Democracy
StZ_20110909_DEWEB_402,StZ_20110909_DEWEB_402_1,103.0,democracy,angeblich undemokratische Vorgehensweise der Politiker angeprangert,Democracy
SZ-20201114-SVOBR-402,SZ-20201114-SVOBR-402_1,103.0,democracy,den Beschluss zum Verkauf des Sachsenbades nicht vor dem Bürgerforum zu fällen,Democracy
LEIPZ_20200507_NMFDL_2456,LEIPZ_20200507_NMFDL_2456_1,103.0,democracy,Ich dachte: So ist eine totalitäre Diktatur,Democracy
LEIPZ_20200512_DFNGH_414,LEIPZ_20200512_DFNGH_414_1,103.0,democracy,"nur einen Vorwand gesucht, „um uns in eine Diktatur zu drücken",Democracy
LEIPZ_20200530_QDFFA_770,LEIPZ_20200530_QDFFA_770_1,103.0,democracy,gegen eine „Corona-Diktatur“,Democracy
LEIPZ_20201109_FDZVP_638,LEIPZ_20201109_FDZVP_638_1,103.0,democracy,"Frieden, Freiheit, keine Diktatur",Democracy
LEIPZ_20201114_BUZTD_387,LEIPZ_20201114_BUZTD_387_1,103.0,democracy,Corona-Diktatur,Democracy
LEIPZO0020160106ebbn000kr,LEIPZO0020160106ebbn000kr_2,103.0,democracy,"Wenn alle Bürger abstimmen würden in diesem Land, und die wären für diese Asylpolitik weiterhin, dann müssen wir das anerkennen.",Democracy
LEIPZO0020160106ebch0018n,LEIPZO0020160106ebch0018n_1,103.0,democracy,Leute sollen bei uns ihre Forderungen selbst artikulieren können,Democracy
LEIPZO0020160831ec8u001ba,LEIPZO0020160831ec8u001ba_1,103.0,democracy,Unabhängig von Bildung oder Herkunft sollte sich jeder in ein offenes Plenum beteiligen können.,Democracy
WESKU00020150204eb25000gv,WESKU00020150204eb25000gv_1,107.0,church,"Für die Gemeinde sei es unerträglich, in einem Verbund mit einer Gemeinde zu sein, deren Kirchenvorstand die diffamierenden und beleidigenden Äußerungen ihres Pastors gutheißt",Church
LEIPZV0020140716ea7g00030,LEIPZV0020140716ea7g00030_1,107.0,church,gegen öffentliche Förderung des Katholikentages,Church
LEIPZV0020140716ea7g00030,LEIPZV0020140716ea7g00030_1,107.0,church,"Wenn die Kirche missionieren will, dann bitte nicht auf Kosten der Menschen, die damit nicht behelligt werden wollen",Church
LEIPZV0020141010eaaa00034,LEIPZV0020141010eaaa00034_1,107.0,church,Gegen die Finanzspritze Leipzigs für den 100. Deutschen Katholikentag,Church
LEIPZV0020141010eaaa00034,LEIPZV0020141010eaaa00034_1,107.0,church,Trennung von Staat und Kirche,Church
LEIPZV0020141010eaaa00034,LEIPZV0020141010eaaa00034_1,107.0,church,Missionsarbeit soll nicht staatlich subventioniert werden,Church
LEIPZV0020160829ec8t0002i,LEIPZV0020160829ec8t0002i_1,107.0,church,gegen autoritäre Strömungen,Church
LEIPZV0020160829ec8t0002i,LEIPZV0020160829ec8t0002i_1,107.0,church,gegen autoritäre Strömungen in der Kirche,Church
LEIPZV0020160829ec8t0002i,LEIPZV0020160829ec8t0002i_1,107.0,church,"Bibelstellen \""unterkomplex und autoritär\"" aus",Church
LEIPZV0020180319ee3j0001q,LEIPZV0020180319ee3j0001q_2,109.0,media,Meinungskorridore sind uns zu eng,Media
LEIPZO0020190716ef7g002e6,LEIPZO0020190716ef7g002e6_2,109.0,media,einen Medienvertreter am Montag mit einer Plastikflasche beworfen,Media
LEIPZO0020161205ecc5008c1,LEIPZO0020161205ecc5008c1_1,109.0,media,gegen Politik und Presse,Media
StZ_20101024_PUF_607,StZ_20101024_PUF_607_4,109.0,media,Einige Demonstranten blockieren kurzzeitig aus Protest gegen die Berichterstattung das Funkhaus in der Neckarstraße,Media
SZ-20150310-PKNKI-249,SZ-20150310-PKNKI-249_1,109.0,media,die Presse angegriffen,Media
SZ-20151124-PUCVD-197,SZ-20151124-PUCVD-197_1,109.0,media,ein russisches Fernsehteam von Pegida-Teilnehmern angegriffen,Media
SZ-20170606-ASWVZ-299,SZ-20170606-ASWVZ-299_1,109.0,media,Widerstand,Media
LEIPZ_20200530_QDFFA_770,LEIPZ_20200530_QDFFA_770_1,109.0,media,"den Medien vor, sie würden das „sogenannte Corona“ wider besseren Wissens aufbauschen",Media
LEIPZ_20201109_FDZVP_638,LEIPZ_20201109_FDZVP_638_1,109.0,media,zum Teil brutalen Übergriffen auf Medienvertreter,Media
LEIPZ_20201114_BUZTD_387,LEIPZ_20201114_BUZTD_387_1,109.0,media,glaub dem Staatsfunk,Media
LEIPZO0020160106ebbn000kr,LEIPZO0020160106ebbn000kr_2,109.0,media,Lügenpresse,Media
WESKU00020140516ea5h0001l,WESKU00020140516ea5h0001l_1,140.0,foreign_rights,gegen die angekündigten Massenhinrichtungen,Foreign Rights
LEIPZO0020190123ef1n00ecq,LEIPZO0020190123ef1n00ecq_1,140.0,foreign_rights,Freilassung der kurdischen Politikerin Leyla Güven,Foreign Rights
LEIPZO0020161115ecbf0096l,LEIPZO0020161115ecbf0096l_1,140.0,foreign_rights,gegen die Wahl von Donald Trump,Foreign Rights
LEIPZO0020161115ecbf0096l,LEIPZO0020161115ecbf0096l_1,140.0,foreign_rights,Stand Up! Represent! Trump Is Not Our President! Leipzig Against Trump!,Foreign Rights
LEIPZO0020161115ecbf0096l,LEIPZO0020161115ecbf0096l_1,140.0,foreign_rights,gegen die Wahl von Donald Trump zum US-Präsidenten,Foreign Rights
StZ_20100607_GMSBW_377,StZ_20100607_GMSBW_377_1,140.0,foreign_rights,"Solidarität bekunden mit Palästina und dem Gazagebiet, ebenso wie mit den Aktivisten der beiden Hilfskonvois, die versucht hatten, in den Gazastreifen vorzudringen",Foreign Rights
StZ_20110117_UAISP_636,StZ_20110117_UAISP_636_1,140.0,foreign_rights,"In Gedenken an die Todesopfer der Demonstrationen und im Bestreben, einen echten politischen Neuanfang zu fordern, versammelten sich in der Stuttgarter Innenstadt am Samstagvormittag nach Polizeiangaben 40 Menschen.",Foreign Rights
StZ_20130613_DPHNA_372,StZ_20130613_DPHNA_372_1,140.0,foreign_rights,Solidarität mit den Freunden in der Türkei,Foreign Rights
StZ_20130613_DPHNA_372,StZ_20130613_DPHNA_372_1,140.0,foreign_rights,als Symbol für manipulierte Medien in der Türkei,Foreign Rights
StZ_20130624_ADBKM_137,StZ_20130624_ADBKM_137_1,140.0,foreign_rights,Brasilianer kämpfen für mehr Demokratie,Foreign Rights
StZ_20130624_ADBKM_137,StZ_20130624_ADBKM_137_1,140.0,foreign_rights,Korruption und polizeiliche Willkür,Foreign Rights
StZ_20130624_ADBKM_137,StZ_20130624_ADBKM_137_1,140.0,foreign_rights,Deshalb kämpfen wir für mehr Demokratie,Foreign Rights
StZ_20130624_ADBKM_137,StZ_20130624_ADBKM_137_1,140.0,foreign_rights,mehr Rechte und Mitsprache der Bürger in der Türkei forderten,Foreign Rights
SZ-20170303-IES-117,SZ-20170303-IES-117_1,140.0,foreign_rights,solidarisieren sich Menschen mit dem in der Türkei inhaftierten deutsch-türkischen Korrespondenten Deniz Yücel,Foreign Rights
SZ-20170303-IES-117,SZ-20170303-IES-117_1,140.0,foreign_rights,forderten Freiheit für den Deutsch-Türken und bis zu 150 weitere Kollegen,Foreign Rights
SZ-20170424-FGFN-336,SZ-20170424-FGFN-336_1,140.0,foreign_rights,Solidarität mit Wissenschaftlern in Ländern wie Ungarn und der Türkei. Wenn wie dort Wissenschaftler mundtot und Forschungseinrichtungen geschlossen würden,Foreign Rights
SZ-20170424-FGFN-336,SZ-20170424-FGFN-336_1,140.0,foreign_rights,"\""Einfallstor für alternative Fakten\",Foreign Rights
LEIPZV_20131224_SDVAE,LEIPZV_20131224_SDVAE_1,154.0,solidarity,"Solidarität mit jenen Aktivisten in Hamburg, die für den Erhalt des linken Kulturzentrums \""Rote Flora\"" im Schanzenviertel auf die Straße gegangen waren",Solidarity
WESKU00020130111e91c0001x,WESKU00020130111e91c0001x_1,154.0,solidarity,der drei am Mittwoch in Paris ermordeten kurdischen Politikerinnen gedacht,Solidarity
WESKU00020200508eg2m001uk,WESKU00020200508eg2m001uk_1,154.0,solidarity,Mitgefühl und Solidarität,Solidarity
LEIPZV0020180108ee180002u,LEIPZV0020180108ee180002u_1,154.0,solidarity,Solidarität mit Protesten im Iran,Solidarity
STUGTR0020150109eb1900047,STUGTR0020150109eb1900047_1,154.0,solidarity,solidarisieren sich viele Stuttgarter mit Frankreich,Solidarity
STUGTR0020150109eb1900047,STUGTR0020150109eb1900047_1,154.0,solidarity,Solidarität mit den Opfern des,Solidarity
STUGTR0020150109eb1900047,STUGTR0020150109eb1900047_1,154.0,solidarity,Charlie Hebdo?,Solidarity
STUGTR0020150109eb1900047,STUGTR0020150109eb1900047_1,154.0,solidarity,für die Redefreiheit,Solidarity
LEIPZ_20201010_DWDCW_299,LEIPZ_20201010_DWDCW_299_1,154.0,solidarity,Gedenkveranstaltung für die ermordeten Jana L. und Kevin S.,Solidarity
LEIPZO0020160106ebbn000kr,LEIPZO0020160106ebbn000kr_1,154.0,solidarity,Erinnerung an die Opfer,Solidarity
WESKU00020170517ed3f00jpv,WESKU00020170517ed3f00jpv_1,154.0,solidarity,Empörung über die Tat,Solidarity
WESKU00020170518ed2a007av,WESKU00020170518ed2a007av_1,154.0,solidarity,Solidarität mit Hinterbliebenen,Solidarity
WESKU00020170518ed2a007av,WESKU00020170518ed2a007av_1,154.0,solidarity,Solidarität mit der Familie des\n gewaltsam zu Tode gekommenen,Solidarity
LEIPZV_2012-11-28_PULP,LEIPZV_2012-11-28_PULP_1,200.0,political,gegen die Finanzpläne der Landesregierung,Political System
LEIPZV_20130424_BRGRF,LEIPZV_20130424_BRGRF_1,200.0,political,der Verkauf kommunalen Eigentums vom Stadtrat künftig nur noch mit Zweidrittel-Mehrheit beschlossen werden,Political System
WESKU00020110215e72f000ai,WESKU00020110215e72f000ai_1,200.0,political,"wirft der Senatorin „Erpressung“ vor. Denn sie habe mit Personalabbau und Ausstieg aus der Tarifgemeinschaft der Länder gedroht, falls die Gehaltserhöhung über 0,9 Prozent liege",Political System
WESKU00020110929e79t0008s,WESKU00020110929e79t0008s_1,200.0,political,Kritik am Verlauf des Verfahrens,Political System
WESKU00020111023e7an0000u_SUN,WESKU00020111023e7an0000u_SUN_1,200.0,political,gegen einen einseitigen Fokus der Regierungen auf die Finanzwirtschaft,Political System
WESKU00020120713e87d0001g,WESKU00020120713e87d0001g_1,200.0,political,"Mit Ablehnung reagierte die Linke dann am Nachmittag auch auf das Verhandlungsergebnis zwischen Bund und Ländern zum Fiskalpakt. Dieser Vertrag soll auf europäischer Ebene für mehr Haushaltsdisziplin sorgen. Schon vor der Debatte in der Bürgerschaft hatten etwa 30 Mitglieder der Linken mit dem Slogan \""Tschüss Demokratie!\"" gegen die Bremer Zustimmung auf dem Marktplatz demonstriert.",Political System
WESKU00020121206e8c7000l0,WESKU00020121206e8c7000l0_1,200.0,political,CSU-Politiker Beckstein,Political System
WESKU00020180611ee6b000e3,WESKU00020180611ee6b000e3_2,200.0,political,"gängige Praxis innerhalb der Bremer Verwaltung, das ordnungswidrige Abstellen von Fahrzeugen auf Gehwegen in Bremen zu tolerieren",Political System
WESKU00020180611ee6b000e3,WESKU00020180611ee6b000e3_1,200.0,political,Falschparker werden zu selten bestraft,Political System
WESKU00020180611ee6b000e3,WESKU00020180611ee6b000e3_2,200.0,political,angebliche Duldung derartiger Verstöße,Political System
WESKU00020181125eebp0001n_SUN,WESKU00020181125eebp0001n_SUN_1,200.0,political,ein neues Wahlrecht,Political System
WESKU00020181125eebp0001n_SUN,WESKU00020181125eebp0001n_SUN_1,200.0,political,dass bei den Bürgerschaftswahlen die Personenstimmen wieder stärker gewichtet werden,Political System
WESKU00020181125eebp0001n_SUN,WESKU00020181125eebp0001n_SUN_1,200.0,political,Änderung des Wahlrechts,Political System
WESKU00020200508eg2n0006y_SUN,WESKU00020200508eg2n0006y_SUN_1,200.0,political,forderten die Demonstranten seinen Abgang,Political System
SZ-20180515-HCEGB-308,SZ-20180515-HCEGB-308_1,200.0,political,"er kündigt der Bundeskanzlerin an, dass sie sich eines Tages strafrechtlich zu verantworten habe",Political System
SZ-20190128-GSSVGP-293,SZ-20190128-GSSVGP-293_1,200.0,political,gegen das geplante Polizeigesetz,Political System
SZ-20190304-DFZZP-366,SZ-20190304-DFZZP-366_1,200.0,political,"keinen Grund sehe, warum die Befugnisse der Polizei ausgeweitet werden sollten",Political System
SZ-20190619-PADBUE-197,SZ-20190619-PADBUE-197_1,200.0,political,"warnten die Organisatoren der Aktion vor Eingriffen der AfD in die Kunst-, Meinungs- und Wissenschaftsfreiheit",Political System
SZ-20190619-PADBUE-197,SZ-20190619-PADBUE-197_1,200.0,political,"eine \""klare Absage der Parteien an eine Zusammenarbeit mit der AfD, insbesondere von der CDU",Political System
SZ-20190816-IWDESS-991,SZ-20190816-IWDESS-991_1,200.0,political,Demo vor seinem Privathaus,Political System
SZ-20190816-IWDESS-991,SZ-20190816-IWDESS-991_3,200.0,political,AfD-Stadtrat Heiko Müller,Political System
LEIPZO0020180131ee1v0096m,LEIPZO0020180131ee1v0096m_2,200.0,political,Frontscheiben des Bürgerbüros des SPD-Landtagsabgeordneten Holger Mann in der Georg-Schumann-Straße eingeworfen worden,Political System
LEIPZO0020180319ee3j00a3x,LEIPZO0020180319ee3j00a3x_1,200.0,political,"Gabriels, Stegners, Roths, Özdemirs und Merkels“ als die „wahrhaftige Schande Deutschlands“.",Political System
LEIPZO0020180319ee3j00a3x,LEIPZO0020180319ee3j00a3x_1,200.0,political,"Gabriels, Stegners, Roths, Özdemirs und Merkels“ als die „wahrhaftige Schande Deutschlands“",Political System
LEIPZO0020180319ee3j00a3x,LEIPZO0020180319ee3j00a3x_1,200.0,political,"„Gabriels, Stegners, Roths, Özdemirs und Merkels“ als die „wahrhaftige Schande Deutschlands“",Political System
LEIPZO0020180319ee3j00a3x,LEIPZO0020180319ee3j00a3x_1,200.0,political,"Gabriels, Stegners, Roths, Özdemirs und Merkels“ als die „wahrhaftige Schande Deutschlands",Political System
LEIPZV0020180108ee180002u,LEIPZV0020180108ee180002u_1,200.0,political,gegen die Regierung im Iran,Political System
LEIPZV0020180108ee180002u,LEIPZV0020180108ee180002u_1,200.0,political,"über die Beziehungen der deutschen Regierung zu den Machthabern in Teheran diskutieren, welche sie kritisch sieht",Political System
LEIPZV0020180108ee180002u,LEIPZV0020180108ee180002u_2,200.0,political,"die Beziehungen der deutschen Regierung zu den Machthabern in Teheran diskutieren, welche sie kritisch sieht",Political System
LEIPZV0020180907ee9700035,LEIPZV0020180907ee9700035_1,200.0,political,gegen den türkischen Präsidenten Recep Erdogan,Political System
LEIPZV0020180907ee9700035,LEIPZV0020180907ee9700035_2,200.0,political,gegen Erdogan,Political System
LEIPZV0020180924ee9o0002k,LEIPZV0020180924ee9o0002k_1,200.0,political,"gegen den türkischen Diktator Recep Tayyip Erdogan, der am 28. September zu einem Staatsbesuch nach Deutschland kommt",Political System
StZ_20141106_PWS_287,StZ_20141106_PWS_287_1,200.0,political,Aus Sicht des Außenministeriums in Ankara wird darin der türkische Präsident Recep Tayyip Erdogan verunglimpft.,Political System
STUGTR0020150402eb420001v,STUGTR0020150402eb420001v_1,200.0,political,schlampigen Ermittlungen im,Political System
STUGTR0020160725ec7p0005t,STUGTR0020160725ec7p0005t_1,200.0,political,gegen den türkischen Präsidenten Erdogan,Political System
LEIPZO0020160106ebbn000kr,LEIPZO0020160106ebbn000kr_2,200.0,political,Merkel ist die Hauptschuldige an der Hetze,Political System
LEIPZO0020160906ec950008d,LEIPZO0020160906ec950008d_1,200.0,political,mit Leipzigs Polizeipräsidenten Bernd Merbitz mehrfach hart ins Gericht,Political System
LEIPZO0020161002eca20035x,LEIPZO0020161002eca20035x_1,200.0,political,„Hau ab“,Political System
LEIPZO0020161104ecb40063h,LEIPZO0020161104ecb40063h_1,200.0,political,Mithin richteten die Demonstrierenden eine direkte Botschaft an Angela Merkel: Die Bundeskanzlerin solle endlich die Unterstützung für Präsident Erdogan beenden.,Political System
LEIPZO0020170117eb9s0040h,LEIPZO0020170117eb9s0040h_1,200.0,political,"Weiter gratulierte Johnke der rechtspopulistischen FPÖ aus Österreich. Diese hatten am Sonntag einen Wahlerfolg errungen. „Wir folgen euch, bei uns dauert es nur etwas länger.“",Political System
LEIPZO0020170117ecb7002e5,LEIPZO0020170117ecb7002e5_3,200.0,political,Verunglimpfung des Bundespräsidenten,Political System
LEIPZO0020180113eba60041d,LEIPZO0020180113eba60041d_1,200.0,political,Protest in Leipzig gegen Podium mit Verfassungsschutz-Chef,Political System
LEIPZO0020180113eba60041d,LEIPZO0020180113eba60041d_1,200.0,political,Gegen eine Podiumsdiskussion mit Sachsens Verfassungsschutzchef,Political System
LEIPZV0020140104SSAJB494,LEIPZV0020140104SSAJB494_1,200.0,political,"Wie berichtet, haben sich über 24000 Leipziger dafür ausgesprochen, dass die Privatisierung kommunalen Eigentums künftig im Stadtrat nicht mehr mit hauchdünner Mehrheit beschlossen werden sollte, sondern nur noch mit Zwei-Drittel-Votum.",Political System
LEIPZV0020140122ZMTGG250,LEIPZV0020140122ZMTGG250_1,200.0,political,"Eigentlich wollten die 30 Demonstranten mit ihren Plakaten wie \""Für Recht statt Rechts\"" Margitta Hollick gestern vor Verhandlungsbeginn am Amtsgericht den Rücken stärken. Dort ist die 65-jährige Stadträtin der Linken wegen Beleidigung eines früheren NPD-Stadtrates angeklagt. Doch weil das Gericht kurzerhand den Termin verschoben hatte, verlegte die Linke ihre \""Solidaritätskundgebung\"" vor die Staatsanwaltschaft, die den Strafbefehl über 1600 Euro gegen Hollick beantragt hatte",Political System
LEIPZV0020140520ea5k000zw,LEIPZV0020140520ea5k000zw_2,200.0,political,"Nagel, Merbitz, Kasek, Jung sind Leipzigs Beerdigung",Political System
LEIPZV0020160202ec220002m,LEIPZV0020160202ec220002m_1,200.0,political,Deutsche Volksherrschaft Pegida,Political System
LEIPZV0020160202ec220002m,LEIPZV0020160202ec220002m_1,200.0,political,die Volksverräter stoppen,Political System
LEIPZV0020160202ec220002m,LEIPZV0020160202ec220002m_1,200.0,political,Sturz der freiheitlich-demokratischen Grundordnung,Political System
LEIPZV0020160521ec5l00011,LEIPZV0020160521ec5l00011_1,200.0,political,gegen die Veranstaltung,Political System
LEIPZV0020160705ec750001j,LEIPZV0020160705ec750001j_2,200.0,political,Die CDU-geführte Landesregierung habe beim Kampf gegen Rechts versagt,Political System
StZ_20091218_PIP_1613,StZ_20091218_PIP_1613_1,200.0,political,"Frau Malczak kritisiert Angela Merkel. Das Einknicken in der Umweltpolitik. \""Klare Zielvorgaben für Kopenhagen!\"", fordert sie",Political System
StZ_20100512_VPFA_313,StZ_20100512_VPFA_313_1,200.0,political,Dazu sollten die Kommunalfinanzen eine völlig neue Struktur erhalten,Political System
StZ_20100518_FDGID_432,StZ_20100518_FDGID_432_1,200.0,political,Oberbürgermeister Wolfgang Schuster zum Rücktritt aufgefordert,Political System
StZ_20100518_FDGID_432,StZ_20100518_FDGID_432_1,200.0,political,"Stuttgart brauche \""keinen zweiten Nero, der die Stadt in Brand steckt und das dann auch noch als Kunstwerk betrachtet",Political System
StZ_20100601_GSSIDP_409,StZ_20100601_GSSIDP_409_1,200.0,political,die Bürger hätten OB Schuster nicht mehr lieb,Political System
StZ_20100601_GSSIDP_409,StZ_20100601_GSSIDP_409_1,200.0,political,"Was Köhler kann, kann unser Schuster auch",Political System
StZ_20101006_SGSAOE_180,StZ_20101006_SGSAOE_180_1,200.0,political,STREBEN AUFLOESUNG DES LANDTAGS AN,Political System
StZ_20101006_SGSAOE_180,StZ_20101006_SGSAOE_180_1,200.0,political,Auflösung des baden-württembergischen Landtags,Political System
StZ_20101007_AUDL_420,StZ_20101007_AUDL_420_1,200.0,political,Mappus weg,Political System
StZ_20101024_PUF_607,StZ_20101024_PUF_607_2,200.0,political,"\""Mappus weg!\",Political System
StZ_20101024_PUF_607,StZ_20101024_PUF_607_2,200.0,political,Er kritisiert das Demokratieverständnis von Kanzlerin Angela Merkel und Ministerpräsident Stefan Mappus (beide CDU,Political System
StZ_20101112_ZKFSD_196,StZ_20101112_ZKFSD_196_1,200.0,political,"Kehren sie dahin zurück, wo sie hergekommen sind - in die außerparlamentarische Opposition?",Political System
StZ_20110125_SSZUE_323,StZ_20110125_SSZUE_323_1,200.0,political,Gerhard Pfeifer vom BUND-Regionalverband forderte den Stuttgarter Polizeipräsidenten Siegfried Stumpf zum Rückritt auf.,Political System
StZ_20110131_LRGDB_460,StZ_20110131_LRGDB_460_1,200.0,political,"\""Die Regierung muss weg",Political System
StZ_20110131_LRGDB_460,StZ_20110131_LRGDB_460_1,200.0,political,Sie hatten auf einem Plakat die Bundeskanzlerin Angela Merkel beleidigt,Political System
StZ_20110207_BRGMP_215,StZ_20110207_BRGMP_215_1,200.0,political,Mappus weg\,Political System
StZ_20110209_DEVAEG_1025,StZ_20110209_DEVAEG_1025_1,200.0,political,Parolen gegen das Bahnprojekt Stuttgart 21 und Regierungschef Stefan Mappus,Political System
StZ_20110222_PMMM_166,StZ_20110222_PMMM_166_1,200.0,political,Prayon persiflierte einige Aussagen der Landesverkehrsministerin Tanja Gönner (CDU,Political System
StZ_20110228_NDD_277,StZ_20110228_NDD_277_1,200.0,political,Mappus-Denkmal,Political System
StZ_20110320_TG_550,StZ_20110320_TG_550_1,200.0,political,Schwarz-Gelb abschalten,Political System
StZ_20110711_TGUDK_562,StZ_20110711_TGUDK_562_1,200.0,political,"\""Grube weg\",Political System
StZ_20121129_SLWBD_576,StZ_20121129_SLWBD_576_1,200.0,political,gegen den städtischen Beitrag an der Kapitalerhöhung bei der Landesbank Baden-Württemberg (LBBW),Political System
StZ_20121129_SLWBD_576,StZ_20121129_SLWBD_576_1,200.0,political,gegen die Umwandlung von stillen Einlagen der Stadt in Höhe von 611 Millionen Euro in haftendes Eigenkapital,Political System
StZ_20121129_SLWBD_576,StZ_20121129_SLWBD_576_1,200.0,political,Kritiker der Landesbank,Political System
StZ_20130115_KWSAEE_208,StZ_20130115_KWSAEE_208_1,200.0,political,die Versäumnisse und das Fehlverhalten von politisch Verantwortlichen in Stadt und Land gesprochen,Political System
StZ_20130115_KWSAEE_208,StZ_20130115_KWSAEE_208_1,200.0,political,"ehemaligen OB Schuster kritisiert, der Schadenersatzansprüche der Stadt habe verjähren lassen",Political System
StZ_20130115_KWSAEE_208,StZ_20130115_KWSAEE_208_1,200.0,political,Der Bahn-Vorstand habe laut dem Juristen 'durch Fehlplanungen und Kostenlügen das Vermögen der Deutschen Bahn geschmälert',Political System
StZ_20130226_ZDEZU_663,StZ_20130226_ZDEZU_663_1,200.0,political,die Bundesregierung 114 Millionen Euro Zuschuss der Europäischen Union für den umstrittenen Durchgangsbahnhof durch falsche Angaben zur Leistungsfähigkeit erschlichen,Political System
StZ_20130306_WADS_620,StZ_20130306_WADS_620_1,200.0,political,warnte er vor einem geschwächten öffentlichen Dienst,Political System
StZ_20130613_DPHNA_372,StZ_20130613_DPHNA_372_1,200.0,political,"Man einigt sich: nach allem, was geschah, müsse der Premier doch weg",Political System
StZ_20130809_DJAEAEW_461,StZ_20130809_DJAEAEW_461_1,200.0,political,"'Jetzt klagen statt später jammern, Herr Schmid!",Political System
StZ_20130912_SGKOK_139,StZ_20130912_SGKOK_139_1,200.0,political,Kuhn hatte einer Sprungrevision zum Bundesverwaltungsgericht über die Zulässigkeit des Bürgerbegehrens nicht zugestimmt,Political System
StZ_20131205_GBSSSB_802,StZ_20131205_GBSSSB_802_1,200.0,political,dass sie mit 'Lügenpack'-Rufen und Pfiffen,Political System
StZ_20131205_GBSSSB_802,StZ_20131205_GBSSSB_802_1,200.0,political,"Besonders laut war der Unmut, als der CDU-Landesvorsitzende Thomas Strobl kam",Political System
SZ-20140318-PPGBAE-177,SZ-20140318-PPGBAE-177_1,200.0,political,"Unter dem Vorwand, dort Verkehrssicherungsmaßnahmen durchzuführen, greife die Stadt in gesunden Baumbestand ein",Political System
SZ-20140318-PPGBAE-177,SZ-20140318-PPGBAE-177_1,200.0,political,fordern zudem Aufklärung von der Verwaltung,Political System
SZ-20141111-KDAR-362,SZ-20141111-KDAR-362_1,200.0,political,"ärgern sich darüber, dass die Stadt den Beschluss für den Neubau gefasst hat, ohne vorher mit ihnen darüber zu reden",Political System
SZ-20150106-LUS-581,SZ-20150106-LUS-581_1,200.0,political,"Sachsens Ministerpräsident wurde aufgefordert, \""zeitnah\"" auf einer der nächsten Veranstaltungen zu sprechen",Political System
SZ-20150106-LUS-581,SZ-20150106-LUS-581_1,200.0,political,Innen- und Sicherheitspolitik der Bundesregierung,Political System
SZ-20150310-PKNKI-249,SZ-20150310-PKNKI-249_1,200.0,political,Grüne,Political System
SZ-20150310-PKNKI-249,SZ-20150310-PKNKI-249_1,200.0,political,Linke,Political System
SZ-20150825-PGPAK-229,SZ-20150825-PGPAK-229_1,200.0,political,"\""Merkel muss weg\",Political System
SZ-20151027-PDWID-134,SZ-20151027-PDWID-134_1,200.0,political,Bundeskanzlerin Angela Merkel scharf angriffen,Political System
SZ-20161013-KBDO-373,SZ-20161013-KBDO-373_1,200.0,political,Pegida-Parolen gegen Politiker,Political System
SZ-20170606-ASWVZ-299,SZ-20170606-ASWVZ-299_1,200.0,political,"Lügenpresse\""-, \""Widerstand",Political System
SZ-20170627-PNAAM-212,SZ-20170627-PNAAM-212_1,200.0,political,Attentat auf die Privatwohnung von Justizminister Sebastian Gemkow (CDU,Political System
SZ-20170711-PMGB-94,SZ-20170711-PMGB-94_1,200.0,political,Establishment,Political System
WESKU00020170517ed3a00n3y,WESKU00020170517ed3a00n3y_1,200.0,political,"Aufgabenvermischung, die im Grundgesetz so nicht vorgesehen ist",Political System
WESKU00020170915ed9f0000j,WESKU00020170915ed9f0000j_1,200.0,political,"Daneben gab es auch eine Gruppe von \nMerkel-Gegnern, die mit agressiven Zwischenrufen auf sich aufmerksam \nmachte, um die Veranstaltung zu stören",Political System
SZ-20201005-RURGR-341,SZ-20201005-RURGR-341_2,200.0,political,gegen die Politik der Bundesregierung,Political System
LEIPZ_20200129_KBZKSS_639,LEIPZ_20200129_KBZKSS_639_1,200.0,political,gegen Sachsens neue Justizministerin Katja Meier (Grüne),Political System
LEIPZ_20201109_FDZVP_638,LEIPZ_20201109_FDZVP_638_1,200.0,political,Merkel muss weg,Political System
SACHZTG020120907e897000hg,SACHZTG020120907e897000hg_1,400.0,economy,gegen die Erhöhung der Urheberrechtsabgabe,Economy
LEIPZV_20120213_ISUDS,LEIPZV_20120213_ISUDS_1,400.0,economy,gegen das Urheberrechtsabkommen Acta,Economy
LEIPZV_20130117_NPBR,LEIPZV_20130117_NPBR_1,400.0,economy,den Anteilsverkauf bei den Stadtwerken Leipzig,Economy
LEIPZV_20130117_NPBR,LEIPZV_20130117_NPBR_2,400.0,economy,"Sind sie dafür, dass die ganze oder teilweise Veräußerung von Immobilien, Kulturgütern, öffentlichen Einrichtungen, Eigenbetrieben der Stadt Leipzig oder Unternehmen, an denen die Stadt Leipzig unmittelbar oder mittelbar beteiligt ist, zu unterbleiben hat, es sei denn, der Stadtrat beschließt eine Veräußerung mit einer Mehrheit von 2/3 aller Ratsmitglieder",Economy
LEIPZV_20130117_NPBR,LEIPZV_20130117_NPBR_2,400.0,economy,"gegen den \""schleichenden Ausverkauf\"" städtischer Unternehmen",Economy
LEIPZV_20130424_BRGRF,LEIPZV_20130424_BRGRF_1,400.0,economy,gegen die Privatisierung von städtischem Vermögen,Economy
LEIPZV_20130424_BRGRF,LEIPZV_20130424_BRGRF_1,400.0,economy,der Verkauf kommunalen Eigentums vom Stadtrat künftig nur noch mit Zweidrittel-Mehrheit beschlossen werden darf,Economy
LEIPZV_20130508_PABAE,LEIPZV_20130508_PABAE_1,400.0,economy,"\""Wir wollen nicht, dass der Slogan kommerziell vermarktet wird\",Economy
LEIPZV_20130508_PABAE,LEIPZV_20130508_PABAE_1,400.0,economy,"Der Bundespräsident wird daher gebeten, \""Schritte einzuleiten, die grundsätzlich dafür sorgen, dass der Slogan vor wirtschaftlichem und politischem Missbrauch geschützt wird. \",Economy
LEIPZV_20130508_PABAE,LEIPZV_20130508_PABAE_1,400.0,economy,"\"",Wir sind das Volk' gehört dem Volk, sonst niemandem!\",Economy
WESKU00020110123e71n0000w_SUN,WESKU00020110123e71n0000w_SUN_1,400.0,economy,"gegen Gentechnik, Tierfabriken und Dumpingexporte",Economy
WESKU00020120122e81m00005_SUN,WESKU00020120122e81m00005_SUN_1,400.0,economy,gegen die Einladung des Deutsche-Bank-Chefs als Ehrengast,Economy
WESKU00020120624e86o00014_SUN,WESKU00020120624e86o00014_SUN_1,400.0,economy,gegen den Fiskalpakt der EU,Economy
WESKU00020120714e87e0001c,WESKU00020120714e87e0001c_2,400.0,economy,auf den Euro-Rettungsschirm,Economy
WESKU00020120911e89b00040,WESKU00020120911e89b00040_1,400.0,economy,"gegen die beschlossene Erhöhung der Vergütung um 0,9 Prozent",Economy
WESKU00020121114e8bf0001l,WESKU00020121114e8bf0001l_1,400.0,economy,für eine Finanztransaktionssteuer,Economy
WESKU00020121114e8bf0001l,WESKU00020121114e8bf0001l_1,400.0,economy,gegen die EU-Politik,Economy
WESKU00020121114e8bf0001l,WESKU00020121114e8bf0001l_1,400.0,economy,Die Demonstration fand aus Solidarität mit den Streik- und Aktionstagen in Südeuropa statt,Economy
WESKU00020121114e8bf0001l,WESKU00020121114e8bf0001l_1,400.0,economy,Die Reichen und die Konzerne müssten stärker zur Kasse gebeten werden,Economy
WESKU00020140521ea5m000eb,WESKU00020140521ea5m000eb_1,400.0,economy,gegen das Transatlantische Freihandelsabkommen (TTIP),Economy
WESKU00020200603eg630002e,WESKU00020200603eg630002e_1,400.0,economy,für klimagerechte Corona-Konjunkturpakete,Economy
WESKU00020200711eg7b0006c,WESKU00020200711eg7b0006c_1,400.0,economy,Zudem kritisiert er die Preispolitik von tierischen Produkten wie Milch und Fleisch,Economy
LEIPZV0020180108ee180002u,LEIPZV0020180108ee180002u_1,400.0,economy,wirtschaftlichen Probleme,Economy
LEIPZO0020190725ef7p009vn,LEIPZO0020190725ef7p009vn_1,400.0,economy,"Existenzen derer bedroht, die vom Ostseetourismus leben",Economy
LEIPZO0020190920ef9k00m2h,LEIPZO0020190920ef9k00m2h_1,400.0,economy,Wirtschaftssystem verändern,Economy
STUGTR0020150420eb4k00042,STUGTR0020150420eb4k00042_1,400.0,economy,"gegen die geplanten Freihandelsabkommen TTIP, Ceta und Tisa",Economy
STUGTR0020150420eb4k00042,STUGTR0020150420eb4k00042_1,400.0,economy,Auch das bereits ausgehandelte Abkommen mit,Economy
STUGTR0020150630eb6u0005r,STUGTR0020150630eb6u0005r_1,400.0,economy,aus dem Euro,Economy
STUGTR0020191023efan0003t,STUGTR0020191023efan0003t_1,400.0,economy,Handelsabkommen mit südamerikanischen Staaten,Economy
STUGTR0020201112egbc00024,STUGTR0020201112egbc00024_1,400.0,economy,Aufgrund des Verbots kultureller Veranstaltungen mit Publikum geraten,Economy
STUGTR0020201112egbc00024,STUGTR0020201112egbc00024_1,400.0,economy,Die Studiengebühren müssen sofort abgeschafft,Economy
LEIPZV0020160502ec5200030,LEIPZV0020160502ec5200030_1,400.0,economy,das geplante Freihandelsabkommen TTIP Zielscheibe des Protestes,Economy
LEIPZV0020160502ec5200030,LEIPZV0020160502ec5200030_1,400.0,economy,TTIP als Aushebelmechanismus für Arbeits- und Sozialstandards sowie die öffentliche Daseinsvorsorge angelegt sei,Economy
StZ_20090502_VNLNS_554,StZ_20090502_VNLNS_554_1,400.0,economy,Krise bekämpfen - Die Verursacher müssen zahlen,Economy
StZ_20091014_SSDMR_416,StZ_20091014_SSDMR_416_1,400.0,economy,"Die Landesregierung müsse endlich aufwachen, klagte der IG-Metall-Bevollmächtigte Sieghard Bender aus Esslingen",Economy
StZ_20091014_SSDMR_416,StZ_20091014_SSDMR_416_1,400.0,economy,"\""Die sehen seelenruhig zu, wie es mit unserem Musterland bergab geht.",Economy
StZ_20091014_SSDMR_416,StZ_20091014_SSDMR_416_1,400.0,economy,"Die Gewerkschaft fordert von den Banken, den Firmen mit günstigen Krediten durch die Krise zu helfen. Deswegen hatte sich die IG Metall stellvertretend die LBBW als Adressat ihrer Proteste ausgesucht",Economy
StZ_20100503_VGUEIR_511,StZ_20100503_VGUEIR_511_1,400.0,economy,Finanzkrise,Economy
StZ_20100503_VGUEIR_511,StZ_20100503_VGUEIR_511_1,400.0,economy,warnte ebenfalls vor Spekulanten,Economy
StZ_20100503_VGUEIR_511,StZ_20100503_VGUEIR_511_1,400.0,economy,"Das Kasino wird so lange weiterzocken, bis Griechenland pleite ist",Economy
StZ_20100503_VGUEIR_511,StZ_20100503_VGUEIR_511_1,400.0,economy,"Die \""Zeche der Krise\"" dürften nicht allein die Arbeitnehmer zahlen, die Zocker müssten in ihre Schranken verwiesen werden",Economy
StZ_20100512_VPFA_313,StZ_20100512_VPFA_313_1,400.0,economy,um die von der FDP geforderte Abschaffung der Gewerbesteuer zu verhindern,Economy
StZ_20100512_VPFA_313,StZ_20100512_VPFA_313_1,400.0,economy,Diese wichtige Kommunalsteuer müsse vielmehr auf eine bereitere Basis gestellt werden,Economy
StZ_20110909_DEWEB_402,StZ_20110909_DEWEB_402_1,400.0,economy,"Zerfall des Eurowertes, die gewaltige Schuldenlast der Länder",Economy
WESKU00020171207edc700023,WESKU00020171207edc700023_1,400.0,economy,Missmanagement im Betrieb\n beklagt,Economy
SZ-20201201-SBP-244,SZ-20201201-SBP-244_1,400.0,economy,Landwirtschaft nicht mehr wettbewerbsfähig,Economy
LEIPZ_20200510_BUPFR_281,LEIPZ_20200510_BUPFR_281_1,400.0,economy,gegen die geplanten Schutzpakete der Regierung,Economy
LEIPZ_20200510_BUPFR_281,LEIPZ_20200510_BUPFR_281_1,400.0,economy,"gegen Subventionen, Ausbau",Economy
LEIPZ_20200512_DFNGH_414,LEIPZ_20200512_DFNGH_414_1,400.0,economy,für die Einführung des Grundeinkommens,Economy
LEIPZ_20200512_DFNGH_414,LEIPZ_20200512_DFNGH_414_1,400.0,economy,gegen das profit- und geldorientierte Wirtschaftssystem,Economy
LEIPZ_20200528_MWESS_44,LEIPZ_20200528_MWESS_44_1,400.0,economy,für höhere staatliche Hilfen in der Corona-Krise,Economy
LEIPZ_20200528_MWESS_44,LEIPZ_20200528_MWESS_44_1,400.0,economy,Reisebranche fürchtet um Existenz,Economy
LEIPZ_20200620_DKSFU_619,LEIPZ_202006_DKSFU_619_1,400.0,economy,"Es sind mehrere Hundert, die sich vor der Oper versammelt haben, um von der Politik existenzrettende Unterstützung in Corona-Zeiten zu fordern",Economy
LEIPZ_20200830_TAFG_257,LEIPZ_20200830_TAFG_257_1,400.0,economy,Kulturmacher auf ihre anhaltende prekäre Lage wegen der Corona-Einschränkungen aufmerksam gemacht,Economy
SZ-20140721-SSSUEP-277,SZ-20140721-SSSUEP-277_1,400.0,economy,Die Stadt will künftig an der Straßenmusik mitverdienen. Die Betroffenen sind empört. Sie sehen ihre Existenz bedroht,Economy
SZ-20140721-SSSUEP-277,SZ-20140721-SSSUEP-277_1,400.0,economy,gegen die Pläne des Rathauses demonstriert,Economy
SZ-20140721-SSSUEP-277,SZ-20140721-SSSUEP-277_1,400.0,economy,einen sofortigen Stopp der neuen Verordnung fordert,Economy
WESKU00020110123e71n0000w_SUN,WESKU00020110123e71n0000w_SUN_1,500.0,peasants,anstelle der Agrarfabriken die bäuerliche Landwirtschaft zu fördern,Peasants
WESKU00020200711eg7b0006c,WESKU00020200711eg7b0006c_1,500.0,peasants,Neben der Nutzhaltungs- und Düngeverordnung treffe auch die Corona-Krise die Bauern,Peasants
LEIPZV0020180424ee4o0003y,LEIPZV0020180424ee4o0003y_1,500.0,peasants,kleinbäuerlichen Landwirtschaft,Peasants
LEIPZO0020191022efam00fti,LEIPZO0020191022efam00fti_1,500.0,peasants,gegen die Umwelt- und Landwirtschaftspolitik,Peasants
STUGTR0020191023efan0003t,STUGTR0020191023efan0003t_1,500.0,peasants,gegen das,Peasants
SZ-20201201-SBP-244,SZ-20201201-SBP-244_1,500.0,peasants,neuen Düngeverordnung des Freistaats,Peasants
SZ-20200118-PGR-1139,SZ-20200118-PGR-1139_1,500.0,peasants,"Ohne Landwirte wärst du nackt, hungrig und nüchtern",Peasants
SZ-20200118-PGR-1139,SZ-20200118-PGR-1139_1,500.0,peasants,"Der Preis für Vieh sei derart niedrig, dass sich Aufzucht und Schlachtung kaum mehr lohnen",Peasants
SZ-20200118-PGR-1139,SZ-20200118-PGR-1139_1,500.0,peasants,"Viele machen das Mercosur-Abkommen mit Südamerika für den Preisverfall verantwortlich. Das Fleisch von dort sei zu billig, zu schlecht und zu klimaschädlich",Peasants
SZ-20200118-PGR-1139,SZ-20200118-PGR-1139_1,500.0,peasants,"Außerdem sei er es leid, seine Mitarbeiter schlecht zu bezahlen",Peasants
SZ-20200118-PGR-1139,SZ-20200118-PGR-1139_1,500.0,peasants,die neue Düngeverordnung,Peasants
LEIPZ_20200118_NPDSE_281,LEIPZ_20200118_NPDSE_281_1,500.0,peasants,gegen neue Düngevorschriften und für faire Lebensmittelpreise,Peasants
LEIPZ_20201010_IPFV_804,LEIPZ_20201010_IPFV_804_1,500.0,peasants,Protest für mehr Gerechtigkeit in der Agrarpolitik,Peasants
SACHZTG020130122e91m0005a,SACHZTG020130122e91m0005a_1,600.0,labour,dass der Standort geschlossen werden soll,Labour
SACHZTG020130122e91m0005a,SACHZTG020130122e91m0005a_1,600.0,labour,protestierten sie alle gemeinsam gegen die Schließung,Labour
SACHZTG020130305e935000io,SACHZTG020130305e935000io_1,600.0,labour,Druck auf die Tarifverhandlungen im öffentlichen Dienst,Labour
SACHZTG020130305e935000io,SACHZTG020130305e935000io_1,600.0,labour,Wir brauchen mehr Geld,Labour
SACHZTG020130305e935000io,SACHZTG020130305e935000io_1,600.0,labour,"fordern unter anderem 6,5 Prozent mehr Gehalt",Labour
SACHZTG020130305e935000io,SACHZTG020130305e935000io_1,600.0,labour,Bezahlung in Sachsen hinke hinterher,Labour
SACHZTG020130306e936000dd,SACHZTG020130306e936000dd_1,600.0,labour,für mehr Personal,Labour
SACHZTG020130306e936000dd,SACHZTG020130306e936000dd_1,600.0,labour,bessere Unterrichtsbedingungen und mehr Geld,Labour
SACHZTG020130306e936000dd,SACHZTG020130306e936000dd_1,600.0,labour,Unmut über die bislang ergebnislosen Tarifverhandlungen,Labour
SACHZTG020130306e936000dd,SACHZTG020130306e936000dd_1,600.0,labour,"Forderung nach 6,5 Prozent mehr Gehalt",Labour
SACHZTG020130306e936000dd,SACHZTG020130306e936000dd_1,600.0,labour,einheitliche tarifliche Eingruppierung der nicht verbeamteten Pädagogen,Labour
SACHZTG020130723e97n0003d,SACHZTG020130723e97n0003d_1,600.0,labour,Die Mitarbeiter des Einzelhandels kämpfen für einen Euro mehr pro Stunde,Labour
SACHZTG020131001e9a1000c9,SACHZTG020131001e9a1000c9_1,600.0,labour,Tarifgespräche zur Übertragung der Lohnabschlüsse des öffentlichen Dienstes auf die Orchester,Labour
SACHZTG020120817e88h000n3,SACHZTG020120817e88h000n3_1,600.0,labour,"fordern ab sofort mindestens 8,50 Euro pro Stunde",Labour
SACHZTG020121026e8aq000j4,SACHZTG020121026e8aq000j4_1,600.0,labour,Arbeitszeit der Erzieher nicht ausreiche für Vor- und Nachbereitung ihrer Bildungsarbeit,Labour
LEIPZV_20110120_TMPGS,LEIPZV_20110120_TMPGS_1,600.0,labour,gegen die Zusammenlegung von Standorten,Labour
LEIPZV_20110125_DPEGD,LEIPZV_20110125_DPEGD_1,600.0,labour,"Gegen die Pläne der Deutschen Telekom, bundesweit ihre Standorte drastisch zu reduzieren",Labour
LEIPZV_20110304_MABAE,LEIPZV_20110304_MABAE_1,600.0,labour,für eine tarifliche Eingruppierung,Labour
LEIPZV_20110305_VSWF,LEIPZV_20110305_VSWF_1,600.0,labour,höhere Löhne,Labour
LEIPZV_20110319_TMFRU,LEIPZV_20110319_TMFRU_1,600.0,labour,gegen Standortverlagerungen,Labour
LEIPZV_20110502_KAAVL,LEIPZV_20110502_KAAVL_1,600.0,labour,Gewerkschaften fordern Mindestlohn,Labour
LEIPZV_20110608_MALTM,LEIPZV_20110608_MALTM_1,600.0,labour,gegen die geplante Schließung des Callcenters,Labour
LEIPZV_20110611_EIOTK,LEIPZV_20110611_EIOTK_1,600.0,labour,Forderungen nach mehr Lohn,Labour
LEIPZV_20110621_BAEPG,LEIPZV_20110621_BAEPG_1,600.0,labour,sechs Prozent mehr Lohn,Labour
LEIPZV_20110621_BAEPG,LEIPZV_20110621_BAEPG_1,600.0,labour,derzeitige Tarifrunde,Labour
LEIPZV_20110621_BAEPG,LEIPZV_20110621_BAEPG_1,600.0,labour,Verschlechterung des Manteltarifvertrages,Labour
LEIPZV_20111203_VKNWS,LEIPZV_20111203_VKNWS_1,600.0,labour,gegen eine Verschlechterung der Arbeitsbedingungen,Labour
LEIPZV_2012-05-25_BPILN,LEIPZV_2012-05-25_BPILN_1,600.0,labour,"Verdi fordert daher neben einer Gehaltsanpassung auch eine Verlängerung der Vorruhestandsregelung, ein Verzicht auf Sonnabendarbeit sowie Regelungen zum Gesundheitsschutz.",Labour
LEIPZV_2012-06-14_WKDAC,LEIPZV_2012-06-14_WKDAC_1,600.0,labour,"Die IG Metall fordert für die 37000 Beschäftigten der Branche in Brandenburg, Berlin und Sachsen 6,5 Prozent mehr Lohn.",Labour
LEIPZV_2012-06-19_MIAWA,LEIPZV_2012-06-19_MIAWA_1,600.0,labour,"Die IG Metall verlangt 6,5 Prozent mehr Einkommen für die Mitarbeiter in den KFZ-Werkstätten, eine überproportionale Steigerung der Vergütung für Auszubildende und verbesserte Übernahmechancen für Ausgelernte.",Labour
LEIPZV_2012-09-08_FSLPT,LEIPZV_2012-09-08_FSLPT_1,600.0,labour,Die Lehrer streiken und demonstrieren für die Einstellung von mehr Pädagogen sowie eine bessere Bezahlung.,Labour
LEIPZV_2012-09-11_CMSID,LEIPZV_2012-09-11_CMSID_1,600.0,labour,"Die Gewerkschaft fordert für bundesweit rund 6500 Beschäftigte des Unternehmens unter anderem eine Steigerung der Grundvergütung von jetzt 7,60 Euro auf 8,50 Euro je Stunde.",Labour
LEIPZV_2012-10-06_DLMLE,LEIPZV_2012-10-06_DLMLE_1,600.0,labour,Die Schröder-Fischer-Regierung hat Deutschland zum Billiglohnland gemacht\,Labour
LEIPZV_2012-10-23_PGSSSS,LEIPZV_2012-10-23_PGSSSS_1,600.0,labour,"\""Die angebotenen Sozialleistungen sind unzumutbar\"", begründete dies Verdi-Fachbereichsleiter Stefan Wittmann. Wie berichtet will das Unternehmen, das bundesweit für Sparkassen IT-Dienstleistungen erbringt, bis Ende 2013 sechs ihrer neun Standorte schließen, darunter Berlin und Leipzig. Betroffen sind insgesamt 1600 von 4300 Mitarbeiter, denen Arbeitsplätze an den drei verbleibenden Standorten in Frankfurt, Hannover und Münster angeboten werden",Labour
LEIPZV_2012-11-03_VEAEB,LEIPZV_2012-11-03_VEAEB_1,600.0,labour,"So steigt der Stundenlohn der Mitarbeiter des Call-Centers der Sparkassen zum 1. Dezember auf 8,50 Euro",Labour
LEIPZV_2012-11-03_VEAEB,LEIPZV_2012-11-03_VEAEB_1,600.0,labour,"Die Beschäftigten des Sparkassendienstleisters S-Direkt - 800 von ihnen haben den Arbeitsplatz in Halle - mussten sich bisher mit einem seit Jahren unveränderten Lohn von 7,38 Euro je Stunde begnügen",Labour
LEIPZV_2012-11-03_VEAEB,LEIPZV_2012-11-03_VEAEB_1,600.0,labour,stufenweise Erhöhung auf neun Euro geben,Labour
LEIPZV_2012-11-03_VEAEB,LEIPZV_2012-11-03_VEAEB_1,600.0,labour,dass die Beschäftigten künftig nur noch an fünf Tagen in der Woche arbeiten,Labour
LEIPZV_2012-11-03_VEAEB,LEIPZV_2012-11-03_VEAEB_1,600.0,labour,die sofortige Entfristung der am Streik beteiligten befristet Beschäftigten,Labour
LEIPZV_2012-11-03_VEAEB,LEIPZV_2012-11-03_VEAEB_1,600.0,labour,Zusätzlich gibt es nun auch vermögenswirksame Leistungen,Labour
LEIPZV_2012-11-03_VEAEB,LEIPZV_2012-11-03_VEAEB_1,600.0,labour,die Übernahme der Kosten für die Nutzung öffentlicher Verkehrsmittel,Labour
LEIPZV_2012-11-03_VEAEB,LEIPZV_2012-11-03_VEAEB_1,600.0,labour,mehr Urlaub,Labour
LEIPZV_2012-11-03_VEAEB,LEIPZV_2012-11-03_VEAEB_1,600.0,labour,Extraurlaub etwa bei Hochzeit oder Geburt,Labour
LEIPZV_2012-11-28_PULP,LEIPZV_2012-11-28_PULP_1,600.0,labour,Die Gewerkschaft der Polizei demonstrierte gegen Stellenabbau,Labour
LEIPZV_2012-11-28_PULP,LEIPZV_2012-11-28_PULP_1,600.0,labour,Die Gewerkschaft der Polizei demonstrierte gegen Stellenabbau sowie für eine bessere Bezahlung,Labour
LEIPZV_2012-11-28_PULP,LEIPZV_2012-11-28_PULP_1,600.0,labour,Die Gewerkschaft der Polizei demonstrierte gegen Stellenabbau sowie für eine bessere Bezahlung und Nachwuchsförderung,Labour
LEIPZV_2012-11-28_PULP,LEIPZV_2012-11-28_PULP_1,600.0,labour,Auch die Lehrer fordern mehr Neueinstellungen und bessere Bezahlung,Labour
LEIPZV_2012-11-28_PULP,LEIPZV_2012-11-28_PULP_1,600.0,labour,Altersteilzeitregelung,Labour
LEIPZV_20120112_ALPZS,LEIPZV_20120112_ALPZS_1,600.0,labour,heftige Kritik an den Plänen zur strategischen Neuausrichtung des Konzerns,Labour
LEIPZV_20120207_LNSNM,LEIPZV_20120207_LNSNM_1,600.0,labour,gegen die geplante Standortschließung,Labour
LEIPZV_20120221_MVNSN,LEIPZV_20120221_MVNSN_1,600.0,labour,für den Erhalt ihrer Arbeitsplätze,Labour
LEIPZV_20120308_BLDGV,LEIPZV_20120308_BLDGV_1,600.0,labour,mehr Gehalt,Labour
LEIPZV_20120323_VAEIA,LEIPZV_20120323_VAEIA_1,600.0,labour,"für 6,5 Prozent mehr Lohn",Labour
LEIPZV_20120417_RBAEF,LEIPZV_20120417_RBAEF_1,600.0,labour,mehr Lohn,Labour
LEIPZV_20120417_RBAEF,LEIPZV_20120417_RBAEF_1,600.0,labour,"6,5 Prozent mehr Lohn",Labour
LEIPZV_20120417_RBAEF,LEIPZV_20120417_RBAEF_1,600.0,labour,bessere Arbeitsbedingungen,Labour
LEIPZV_20120417_RBAEF,LEIPZV_20120417_RBAEF_1,600.0,labour,"Aber die Telekom sei nicht mal bereit, den Mitarbeitern eine gewisse Anerkennung zukommen zu lassen",Labour
LEIPZV_20120417_RBAEF,LEIPZV_20120417_RBAEF_1,600.0,labour,einen Mindestbetrag für die unteren Einkommensgruppen,Labour
LEIPZV_20120417_RBAEF,LEIPZV_20120417_RBAEF_1,600.0,labour,Anhebung der Ausbildungsvergütung,Labour
LEIPZV_20120417_RBAEF,LEIPZV_20120417_RBAEF_1,600.0,labour,Der Vorstand bekommt höhere Bezüge und wir werden mit null abgespeist,Labour
LEIPZV_20120417_RBAEF,LEIPZV_20120417_RBAEF_1,600.0,labour,immer mehr Arbeitsplätze abgebaut würden.Im,Labour
LEIPZV_20120417_RBAEF,LEIPZV_20120417_RBAEF_1,600.0,labour,"Im Geschäftskundenbereich sollen nach Angaben eines Sprechers in Mitteldeutschland in diesem und im nächsten Jahr die Büros in Chemnitz, Radebeul, Zwickau und Bitterfeld aufgegeben und auf Leipzig, Berlin, Dresden, Erfurt sowie Magdeburg konzentriert werden. Bei den Service-Centern wurde bereits reduziert. Im Leipziger Call-Center, das am Hauptbahnhof neu errichtet wurde, sind die Beschäftigten aus Gera, Halle sowie zwei Leipziger Standorten zusammengefasst worden",Labour
LEIPZV_20120504_MVBUP,LEIPZV_20120504_MVBUP_1,600.0,labour,"Gehaltsplus von 6,5 Prozent",Labour
LEIPZV_20120504_MVBUP,LEIPZV_20120504_MVBUP_1,600.0,labour,Warnstreiks der IG Metall in Sachsen,Labour
LEIPZV_20120504_MVBUP,LEIPZV_20120504_MVBUP_1,600.0,labour,die unbefristete Übernahme von Lehrlingen,Labour
LEIPZV_20120504_MVBUP,LEIPZV_20120504_MVBUP_1,600.0,labour,mehr Mitbestimmungsrechte der Betriebsräte beim Thema Leiharbeit,Labour
LEIPZV_20120504_MVBUP,LEIPZV_20120504_MVBUP_1,600.0,labour,Branchenzuschläge mit den Leiharbeitsverbänden,Labour
LEIPZV_20120504_MVBUP,LEIPZV_20120504_MVBUP_1,600.0,labour,weil eine Verlängerung der Arbeitszeit für die Beschäftigten um 45 Minuten bei gleicher Bezahlung im Raum stehe,Labour
LEIPZV_20120504_MVBUP,LEIPZV_20120504_MVBUP_1,600.0,labour,Weiterbeschäftigung der ausgebildeten Nachwuchskräfte,Labour
LEIPZV_20130115_EMRDD,LEIPZV_20130115_EMRDD_1,600.0,labour,zur Rettung des Unternehmens aufgefordert,Labour
LEIPZV_20130115_EMRDD,LEIPZV_20130115_EMRDD_1,600.0,labour,"Lohnherr ist Geschäftsführer der insolventen Schiffs- und Yachtwerft Dresden, und Ende März gehen auf dem Firmengelände voraussichtlich die Lichter aus",Labour
LEIPZV_20130412_KBKNI,LEIPZV_20130412_KBKNI_1,600.0,labour,gegen die geplante Verlagerung von 325 der knapp 420 Jobs von Leipzig nach Lissabon,Labour
LEIPZV_20130420_WBDPZ,LEIPZV_20130420_WBDPZ_1,600.0,labour,"sechs Prozent mehr Geld, mindestens aber 140 Euro",Labour
LEIPZV_20130420_WBDPZ,LEIPZV_20130420_WBDPZ_1,600.0,labour,Tarifkonflikt,Labour
LEIPZV_20130507_MVSCA,LEIPZV_20130507_MVSCA_1,600.0,labour,Angst um den Verlust ihrer Arbeitsplätze,Labour
LEIPZV_20130507_MVSCA,LEIPZV_20130507_MVSCA_1,600.0,labour,Forderung nach Freigabe von Fördermitteln,Labour
LEIPZV_20130507_MVSCA,LEIPZV_20130507_MVSCA_1,600.0,labour,Forderung nach der Bewilligung der Fördermittel in Höhe von rund sieben Millionen Euro,Labour
LEIPZV_20130507_MVSCA,LEIPZV_20130507_MVSCA_1,600.0,labour,bis dato nicht freigegebene Investitionsförderung von rund sieben Millionen Euro durch die SAB,Labour
LEIPZV_20130528_IVILV,LEIPZV_20130528_IVILV_1,600.0,labour,einen Tarifvertrag zu den Konditionen des Einzel- und Versandhandels,Labour
LEIPZV_20130528_IVILV,LEIPZV_20130528_IVILV_1,600.0,labour,"\""Es kann nicht sein, dass Amazon seinen Erfolg auf steuerlich subventionierten Lohndumping aufbaut",Labour
LEIPZV_20130528_IVILV,LEIPZV_20130528_IVILV_1,600.0,labour,Übernahme des Tarifvertrags für den Einzel- und Versandhandel,Labour
LEIPZV_20130824_AILGH,LEIPZV_20130824_AILGH_1,600.0,labour,"Und wir hören, dass denen 100 Euro Prämie gezahlt wird. Das geht dann richtig ins Geld.\""Mit der Aktion will Verdi wieder Bewegung in die festgefahrene Tarifrunde bringen. Denn seit einem Monat herrscht Funkstille. Die letzten Tarifgespräche Ende Juli in Erfurt hatte der Handelsverband Mitteldeutschland platzen lassen. Weil Verdi am Tag der Verhandlungen streiken ließ, sagten die Arbeitgeber das Gespräch ab - und legten stattdessen ein schriftliches Angebot vor",Labour
LEIPZV_20130928_SIEWS,LEIPZV_20130928_SIEWS_1,600.0,labour,Erhöhung der Gehälter und Löhne um einen Euro pro Stunde,Labour
LEIPZV_20131022_SSILH,LEIPZV_20131022_SSILH_1,600.0,labour,für höhere Löhne,Labour
LEIPZV_20131029_ILTVM,LEIPZV_20131029_ILTVM_1,600.0,labour,"Während die Verkäuferinnen dafür streiten, dass der bisherige Tarifvertrag erhalten bleibt und die Vergütung steigt",Labour
LEIPZV_20131029_ILTVM,LEIPZV_20131029_ILTVM_1,600.0,labour,wollen die Kollegen bei Amazon überhaupt erst einmal in diesen Tarif,Labour
LEIPZV_20131030_NLABH,LEIPZV_20131030_NLABH_1,600.0,labour,für Tariflöhne,Labour
LEIPZV_20131030_NLABH,LEIPZV_20131030_NLABH_1,600.0,labour,Tarifverhandlungen bei Amazon durchsetzen,Labour
LEIPZV_20131105_SILHE,LEIPZV_20131105_SILHE_1,600.0,labour,unterste Lohngruppe auf zehn Euro anzuheben,Labour
LEIPZV_20131105_SILHE,LEIPZV_20131105_SILHE_1,600.0,labour,"bei der Personenkontrolle sollen es dann 13,25 sein",Labour
LEIPZV_20131112_SOAAF,LEIPZV_20131112_SOAAF_1,600.0,labour,mehr Geld,Labour
LEIPZV_20131204_BIBUE,LEIPZV_20131204_BIBUE_1,600.0,labour,bis 2021 in städtischen Unternehmen keine betriebsbedingten Kündigungen,Labour
WESKU00020110212e72c000do,WESKU00020110212e72c000do_1,600.0,labour,Ausschluss betriebsbedingter Kündigungen,Labour
WESKU00020110212e72c000do,WESKU00020110212e72c000do_1,600.0,labour,Ausbildungsvergütung um 70 bis 90 Euro steigen,Labour
WESKU00020110226e72q000bi,WESKU00020110226e72q000bi_1,600.0,labour,einheitliche Tarifstandards für Lokführer in der gesamten Bahnbranche,Labour
WESKU00020110304e734000ao,WESKU00020110304e734000ao_1,600.0,labour,seine Stellvertreterin ist Karoline Linnert. Sie wurde bei der Kundgebung auf dem Marktplatz denn auch gleich von mehreren Rednern scharf kritisiert. Der Grund: Die Senatorin hatte angesichts der schwierigen Haushaltslage vor einem zu hohen Tarifabschluss gewarnt,Labour
WESKU00020110623e76n0003g,WESKU00020110623e76n0003g_1,600.0,labour,Gleiches Geld für gleiche Arbeit,Labour
WESKU00020110623e76n0003g,WESKU00020110623e76n0003g_1,600.0,labour,das derzeit vorherrschende Budgetgefälle,Labour
WESKU00020110623e76n0003g,WESKU00020110623e76n0003g_1,600.0,labour,auf ihre Arbeit,Labour
WESKU00020110712e77c00029,WESKU00020110712e77c00029_1,600.0,labour,ein zweites Löschfahrzeug für die Feuerwache 6,Labour
WESKU00020110913e79d0002b,WESKU00020110913e79d0002b_1,600.0,labour,"Verdienst um 5,7 Prozent unter dem des Flächentarifs liegt",Labour
WESKU00020111001e7a1000bs,WESKU00020111001e7a1000bs_1,600.0,labour,kritisieren Leiharbeit,Labour
WESKU00020111008e7a8000d7,WESKU00020111008e7a8000d7_1,600.0,labour,"verlangte vom Airbus-Management, Forderungen nach einer jährlichen Produktivitätssteigerung in Höhe von acht Prozent fallen zu lassen",Labour
WESKU00020111108e7b800092,WESKU00020111108e7b800092_1,600.0,labour,Streit um den Dritten Weg,Labour
WESKU00020111111e7bb000cc,WESKU00020111111e7bb000cc_1,600.0,labour,sieben Prozent mehr Geld,Labour
WESKU00020111111e7bb000cc,WESKU00020111111e7bb000cc_1,600.0,labour,feste Übernahme der Ausgebildeten,Labour
WESKU00020111111e7bb000cc,WESKU00020111111e7bb000cc_1,600.0,labour,neue Regeln für den Übergang in die Rente,Labour
WESKU00020111117e7bh0009i,WESKU00020111117e7bh0009i_1,600.0,labour,gegen eine Erhöhung der Altersgrenze von 60 auf 62 Jahre,Labour
WESKU00020111117e7bh0009i,WESKU00020111117e7bh0009i_1,600.0,labour,mehr Anerkennung ihrer Arbeit,Labour
WESKU00020111117e7bh0009i,WESKU00020111117e7bh0009i_1,600.0,labour,nicht noch mehr Personal einzusparen,Labour
WESKU00020111208e7c8000b0,WESKU00020111208e7c8000b0_1,600.0,labour,"Arcelor-Mittal, der nach Produktionsvolumen größte Stahlproduzent der Welt, hatte Mitte Oktober seine Pläne zur Schließung von zwei Hochöfen samt der dazugehörigen Anlagen im belgischen Lüttich bekannt gegeben. Rund 580 Menschen verlören dadurch direkt ihren Job.",Labour
WESKU00020120307e837000ak,WESKU00020120307e837000ak_1,600.0,labour,bessere Arbeitsbedingungen und mehr Gehalt,Labour
WESKU00020120502e8520001i,WESKU00020120502e8520001i_1,600.0,labour,"Gegen Minijobs, Leiharbeit und die Zunahme befristeter Arbeitsverträge",Labour
WESKU00020120504e8540006u,WESKU00020120504e8540006u_1,600.0,labour,"streikten für 6,5 Prozent mehr Lohn",Labour
WESKU00020120504e8540006u,WESKU00020120504e8540006u_1,600.0,labour,unbefristete Übernahme von Auszubildenden,Labour
WESKU00020120504e8540006u,WESKU00020120504e8540006u_1,600.0,labour,Mitspracherechte bei der Leiharbeit,Labour
WESKU00020120504e8540006u,WESKU00020120504e8540006u_1,600.0,labour,für mehr Lohn,Labour
WESKU00020120511e85b0004d,WESKU00020120511e85b0004d_1,600.0,labour,Mitspracherecht bei der Leiharbeit und der Übernahme von Auszubildenden,Labour
WESKU00020120511e85b0004d,WESKU00020120511e85b0004d_2,600.0,labour,"fordert 6,5 Prozent mehr Geld, Mitsprache bei der Leiharbeit und die Übernahme von Auszubildenden.",Labour
WESKU00020121018e8aj0001g,WESKU00020121018e8aj0001g_1,600.0,labour,"Stein des Anstoßes war erneut die vom Senat geplante Beteiligung der Polizeibeamten und Feuerwehrleute an der Freien Heilfürsorge, ihrer Krankenversicherung, in Höhe von 1,4 Prozent in den nächsten beiden Jahren",Labour
WESKU00020120223e82n000ak,WESKU00020120223e82n000ak_1,600.0,labour,„Rotstifte betreuen keine Menschen.“ Solche und andere Sätze sollten gestern auf dem Marktplatz die Situation im öffentlichen Dienst auf den Punkt bringen. Die Beschäftigten fordern bessere Arbeitsbedingungen und mehr Geld.,Labour
WESKU00020120314e83e000f1,WESKU00020120314e83e000f1_1,600.0,labour,Unter lautstarkem Einsatz von Trillerpfeifen und Tröten haben gestern rund 300 Beschäftigte des Deutschen Milchkontors (DMK) gegen Werksschließungen und Arbeitsplatzabbau protestiert,Labour
WESKU00020120506e8560000s_SUN,WESKU00020120506e8560000s_SUN_1,600.0,labour,Die Bremer Hebammen haben gestern mit einer Protestaktion auf dem Marktplatz auf ihre Situation aufmerksam gemacht.,Labour
WESKU00020130211e92c000l1,WESKU00020130211e92c000l1_1,600.0,labour,Tarifverhandlungen,Labour
WESKU00020130220e92l0001l,WESKU00020130220e92l0001l_1,600.0,labour,für höhere Gehälter und bessere Arbeitsbedingungen demonstriert,Labour
WESKU00020130220e92l0001l,WESKU00020130220e92l0001l_1,600.0,labour,ihre Forderungen nach höheren Löhnen,Labour
WESKU00020130220e92l0001l,WESKU00020130220e92l0001l_1,600.0,labour,Auszubildende und Praktikanten 100 Euro mehr erhalten,Labour
WESKU00020130305e9360001l,WESKU00020130305e9360001l_1,600.0,labour,"fordern 6,5 Prozent mehr Lohn",Labour
WESKU00020130305e9360001l,WESKU00020130305e9360001l_1,600.0,labour,einen einheitlichen Tarifvertrag für alle Bundesländer,Labour
WESKU00020130318e93j0003d,WESKU00020130318e93j0003d_1,600.0,labour,"Gehaltsplus von 5,5 Prozent",Labour
WESKU00020130417e94i0001s,WESKU00020130417e94i0001s_1,600.0,labour,gegen den Personalabbau in ihrem Betrieb,Labour
WESKU00020130502e95300005,WESKU00020130502e95300005_1,600.0,labour,"5,5 Prozent mehr Lohn",Labour
WESKU00020130515e95g0001g,WESKU00020130515e95g0001g_1,600.0,labour,Übernahme des Ergebnisses der Tarifverhandlungen im öffentlichen Dienst auf Beamte,Labour
WESKU00020130515e95g0001g,WESKU00020130515e95g0001g_1,600.0,labour,Streikrecht für Beamten,Labour
WESKU00020130619e96k0001i,WESKU00020130619e96k0001i_1,600.0,labour,höhere Bezahlung,Labour
WESKU00020130619e96k0001i,WESKU00020130619e96k0001i_1,600.0,labour,neben fehlender Regelungen für Krankheits- und Vertretungszeiten,Labour
WESKU00020130619e96k0001i,WESKU00020130619e96k0001i_1,600.0,labour,die neue Entgeltstruktur,Labour
WESKU00020130619e96k0001i,WESKU00020130619e96k0001i_1,600.0,labour,"sie wolle nicht mehr erlauben, dass Tagespflegepersonen mit den Eltern Zusatzzahlungen aushandeln",Labour
WESKU00020130619e96k0001i,WESKU00020130619e96k0001i_1,600.0,labour,"Zusätzliche Tätigkeiten außerhalb der Betreuung wie beispielsweise Elternarbeit, Buchhaltung, Raumpflege und Einkäufe würden in der Bezahlung nicht berücksichtigt",Labour
WESKU00020130709e97a0001b,WESKU00020130709e97a0001b_1,600.0,labour,Der Bund plant die Neuorganisation der Wasser- und Schifffahrtsverwaltung,Labour
WESKU00020130709e97a0001b,WESKU00020130709e97a0001b_1,600.0,labour,bis zu einem Viertel der bundesweit 12 000 Arbeitsplätze wegfallen,Labour
WESKU00020130709e97a0001b,WESKU00020130709e97a0001b_1,600.0,labour,"dass die im Mai geplatzten Tarifverhandlungen in \""konstruktivem Rahmen\"" fortgeführt werden und der \""Bund nicht die Inhalte der Tarifverträge vorschreibt",Labour
WESKU00020130806e98700017,WESKU00020130806e98700017_1,600.0,labour,Pflege am Limit,Labour
WESKU00020130806e98700017,WESKU00020130806e98700017_1,600.0,labour,gegen Arbeitsüberlastung,Labour
WESKU00020130806e98700017,WESKU00020130806e98700017_1,600.0,labour,mangelnde Zeit für die Patienten,Labour
WESKU00020130806e98700017,WESKU00020130806e98700017_1,600.0,labour,Fachkräftemangel,Labour
WESKU00020130806e98700017,WESKU00020130806e98700017_1,600.0,labour,die Beschäftigten sind überlastet und haben nicht genug Zeit für die Patienten,Labour
WESKU00020130806e98700017,WESKU00020130806e98700017_1,600.0,labour,"gegen überbordende bürokratische Anforderungen, die Pflegekräften erfüllen müssten",Labour
WESKU00020130806e98700017,WESKU00020130806e98700017_1,600.0,labour,Dokumentationsaufgaben im Gesundheitswesen,Labour
WESKU00020130806e98700017,WESKU00020130806e98700017_1,600.0,labour,"Pflege am Limit\"" die Politik",Labour
WESKU00020130806e98700017,WESKU00020130806e98700017_1,600.0,labour,die Vergütung der pflegerischen Leistungen zu verbessern,Labour
WESKU00020130903e99400006,WESKU00020130903e99400006_1,600.0,labour,"eine Anhebung der Löhne und Ausbildungsvergütungen um 6,5 Prozent bei einer Laufzeit von zwölf Monaten",Labour
WESKU00020131025e9aq0002q,WESKU00020131025e9aq0002q_1,600.0,labour,Rückkehr zur Tarifbindung,Labour
WESKU00020131025e9aq0002q,WESKU00020131025e9aq0002q_1,600.0,labour,Standort- und Beschäftigungssicherheit,Labour
WESKU00020131111e9bc0002s,WESKU00020131111e9bc0002s_1,600.0,labour,fordern Mantel- und Entgelttarifverträge,Labour
WESKU00020131111e9bc0002s,WESKU00020131111e9bc0002s_1,600.0,labour,Lohn liegt bis zu 20 Prozent unter dem gültigen Flächentarifvertrag für die private Abfallwirtschaft,Labour
WESKU00020131118e9bj0002u,WESKU00020131118e9bj0002u_1,600.0,labour,steigende Belastungen,Labour
WESKU00020131118e9bj0002u,WESKU00020131118e9bj0002u_1,600.0,labour,niedrige Löhne,Labour
WESKU00020130418e94j0001n,WESKU00020130418e94j0001n_1,600.0,labour,"wenn es darauf ankommt, ist kein Geld da\"", kritisierte er. Die Sparpläne drückten ein hohes Maß an Geringschätzung ihrer Arbeit aus.",Labour
WESKU00020130423e94n0001r,WESKU00020130423e94n0001r_1,600.0,labour,"Wir machen alle denselben Job, da ist es ungerecht, wenn manche Kollegen eine Tariferhöhung bekommen und andere nicht",Labour
WESKU00020130501e95200005,WESKU00020130501e95200005_1,600.0,labour,"\""Gute Arbeit, sichere Rente, soziales Europa\",Labour
WESKU00020130618e96j0001v,WESKU00020130618e96j0001v_1,600.0,labour,"gegen den Beschluss des Senats, den bundesweiten Tarifabschluss nur in Teilen oder - abhängig von den Besoldungsstufen - gar nicht auf die Bremer Beamten zu übertragen",Labour
WESKU00020130925e99q0001g,WESKU00020130925e99q0001g_1,600.0,labour,gegen die Finanzpolitik des Senats,Labour
WESKU00020140127ea1s0001r,WESKU00020140127ea1s0001r_1,600.0,labour,Forderung nach höheren Löhnen und Gehältern,Labour
WESKU00020140320ea3l0002a,WESKU00020140320ea3l0002a_1,600.0,labour,"Erhöhung der Gehälter um 5,5 Prozent",Labour
WESKU00020141008eaa90002x,WESKU00020141008eaa90002x_1,600.0,labour,für den Erhalt der Stromerzeugung aus fossilen Energien,Labour
WESKU00020141106eab700008,WESKU00020141106eab700008_1,600.0,labour,Tarifverträge,Labour
WESKU00020141122eabn0001i_SUN,WESKU00020141122eabn0001i_SUN_1,600.0,labour,"Eine unserer ersten Forderungen ist die Selbstverwaltung und berufliche Selbstbestimmung des Pflegeberufs, so wie es Ärzte, Zahnärzte und Psychotherapeuten mit eigenen Kammern haben. Das fordern wir auch: eine Pflegekammer.",Labour
WESKU00020141126eabr0001u,WESKU00020141126eabr0001u_1,600.0,labour,Wir fühlen uns allein gelassen und wollen Politik und Bürger über unsere Arbeit und unsere Situation aufklären,Labour
WESKU00020141212eacd0002e,WESKU00020141212eacd0002e_1,600.0,labour,Streik,Labour
WESKU00020150123eb1o00006,WESKU00020150123eb1o00006_1,600.0,labour,"um gegen die Pläne der Werksleitung zu protestieren, die Arbeit von rund 140 Logistik-Beschäftigten künftig von externen Dienstleistern erledigen zu lassen",Labour
WESKU00020150126eb1r00023,WESKU00020150126eb1r00023_1,600.0,labour,"Erhöhung des Stundenlohns von durchschnittlich 9,60 Euro um 1,20 Euro",Labour
WESKU00020150211eb2c0001j,WESKU00020150211eb2c0001j_1,600.0,labour,bessere berufliche Perspektiven,Labour
WESKU00020150211eb2c0001j,WESKU00020150211eb2c0001j_1,600.0,labour,geringe Aussichten auf Beförderung,Labour
WESKU00020150211eb2c0001j,WESKU00020150211eb2c0001j_1,600.0,labour,"\""endlich eine faire Bewertung unserer Arbeit",Labour
WESKU00020150211eb2c0001j,WESKU00020150211eb2c0001j_1,600.0,labour,geringen Chancen auf eine Beförderung,Labour
WESKU00020150211eb2c0001j,WESKU00020150211eb2c0001j_1,600.0,labour,"fehle so gut wie jede Möglichkeit einer Fachkarriere, also einer Beförderung und der damit verbundenen besseren Bezahlung",Labour
WESKU00020150211eb2c0001j,WESKU00020150211eb2c0001j_1,600.0,labour,die Belastung der im Wechselschichtdienst arbeitenden Beamten,Labour
WESKU00020150211eb2c0001j,WESKU00020150211eb2c0001j_1,600.0,labour,in ihrem Arbeitsalltag Gefahren und Belastungen ausgesetzt,Labour
WESKU00020150211eb2c0001j,WESKU00020150211eb2c0001j_1,600.0,labour,Trotzdem würden die Stellen im Einsatzdienst im Durchschnitt deutlich geringer bewertet als in anderen Polizei-Direktionen,Labour
WESKU00020150211eb2c0001j,WESKU00020150211eb2c0001j_1,600.0,labour,eine faire Bewertung der eigenen Arbeit,Labour
WESKU00020150211eb2c0001j,WESKU00020150211eb2c0001j_1,600.0,labour,innerhalb des ESD eine Fachkarriere einzuführen,Labour
WESKU00020150211eb2c0001j,WESKU00020150211eb2c0001j_1,600.0,labour,gegenüber der Politik die Dringlichkeit weiterer Stellen und Beförderungen deutlich zu machen,Labour
WESKU00020150226eb2r00017,WESKU00020150226eb2r00017_1,600.0,labour,Ende der Leiharbeit,Labour
WESKU00020150226eb2r00017,WESKU00020150226eb2r00017_1,600.0,labour,"Statt von der Bildungsbehörde beschäftigt zu werden, sind sie derzeit über Schulvereine und andere Träger im Einsatz. \""Diese Kolleginnen und Kollegen verrichten hochwertige Arbeit, die entsprechend tariflich honoriert werden muss\",Labour
WESKU00020150226eb2r00017,WESKU00020150226eb2r00017_1,600.0,labour,arbeits- und tarifrechtliche Wildwuchs,Labour
WESKU00020150228eb310001b_SUN,WESKU00020150228eb310001b_SUN_1,600.0,labour,mehr Wertschätzung für ihren Berufsstand,Labour
WESKU00020150228eb310001b_SUN,WESKU00020150228eb310001b_SUN_1,600.0,labour,die Eingruppierung in eine höhere Vergütungsstufe,Labour
WESKU00020150228eb310001b_SUN,WESKU00020150228eb310001b_SUN_1,600.0,labour,mehr Solidarität der Eltern,Labour
WESKU00020150228eb310001b_SUN,WESKU00020150228eb310001b_SUN_1,600.0,labour,Janne Hell,Labour
WESKU00020150228eb310001b_SUN,WESKU00020150228eb310001b_SUN_1,600.0,labour,Kompetente Erziehung von Kleinkindern müsse entsprechend entlohnt werden,Labour
WESKU00020150228eb310001b_SUN,WESKU00020150228eb310001b_SUN_1,600.0,labour,Dauer und Qualität der Ausbildung stünden in keinem Verhältnis zur späteren Entlohnung,Labour
WESKU00020150228eb310001b_SUN,WESKU00020150228eb310001b_SUN_1,600.0,labour,zehn Prozent mehr Gehalt für die Beschäftigten im Erzieherdienst,Labour
WESKU00020150228eb310001b_SUN,WESKU00020150228eb310001b_SUN_1,600.0,labour,mehr Personal in Voll- statt in Teilzeitstellen,Labour
WESKU00020150312eb3d0001h,WESKU00020150312eb3d0001h_1,600.0,labour,"Sie haben sich bisher geweigert, den Tarifbeschäftigten im öffentlichen Dienst ein Angebot vorzulegen",Labour
WESKU00020150312eb3d0001h,WESKU00020150312eb3d0001h_1,600.0,labour,"Erbost ist sie darüber, wie mit den Tarifbeschäftigten im Schuldienst umgegangen wird",Labour
WESKU00020150312eb3d0001h,WESKU00020150312eb3d0001h_1,600.0,labour,Nur dass sie 500 Euro weniger im Monat bekämen,Labour
WESKU00020150312eb3d0001h,WESKU00020150312eb3d0001h_1,600.0,labour,"sich solidarisch zeigen mit ihren angestellten Kollegen. Deren Arbeit, sagen beide, werde nicht genug geschätzt",Labour
WESKU00020150312eb3d0001h,WESKU00020150312eb3d0001h_1,600.0,labour,"Sie ist in der Verwaltung angestellt, hat eine 37-Stunden-Woche und muss im Monat mit 1300 Euro auskommen",Labour
WESKU00020150312eb3d0001h,WESKU00020150312eb3d0001h_1,600.0,labour,"dass sie bei gleicher Stundenzahl nicht das bekommt, was andere Lehrer bekommen",Labour
WESKU00020150312eb3d0001h,WESKU00020150312eb3d0001h_1,600.0,labour,"Vor allem darüber, dass er und seine Kollegen nach dem Dienst noch mal Dienst schieben müssen - erst regulären, dann freiwilligen",Labour
WESKU00020150312eb3d0001h,WESKU00020150312eb3d0001h_1,600.0,labour,Überstunden,Labour
WESKU00020150312eb3d0001h,WESKU00020150312eb3d0001h_1,600.0,labour,"will, dass sich Finanzsenatorin Karoline Linnert (Grüne) blicken lässt. Sie soll die Arbeit der Angestellten wertschätzen",Labour
WESKU00020150312eb3d0001h,WESKU00020150312eb3d0001h_1,600.0,labour,"5,5 Prozent mehr Geld",Labour
WESKU00020150312eb3d0001h,WESKU00020150312eb3d0001h_1,600.0,labour,dauerhafte Übernahme von Auszubildenden,Labour
WESKU00020150320eb3l0001n,WESKU00020150320eb3l0001n_1,600.0,labour,Unzufriedenheit über die Arbeitsbedingungen in den Sozial- und Erziehungsberufen,Labour
WESKU00020150320eb3l0001n,WESKU00020150320eb3l0001n_1,600.0,labour,die Arbeit der Erzieherinnen müsste viel höhere Anerkennung haben,Labour
WESKU00020150320eb3l0001n,WESKU00020150320eb3l0001n_1,600.0,labour,"Die Bedingungen, unter denen in Deutschland in Sozial- und Erzieherberufen gearbeitet würde, seien ungerecht",Labour
WESKU00020150320eb3l0001n,WESKU00020150320eb3l0001n_1,600.0,labour,Aufwertung dieser Berufe,Labour
WESKU00020150320eb3l0001n,WESKU00020150320eb3l0001n_1,600.0,labour,Neuregelung der Eingruppierungsvorschriften und Tätigkeitsmerkmale,Labour
WESKU00020150320eb3l0001n,WESKU00020150320eb3l0001n_1,600.0,labour,Einkommensverbesserungen,Labour
WESKU00020150320eb3l0001n,WESKU00020150320eb3l0001n_1,600.0,labour,Bessere Rahmenbedingungen,Labour
WESKU00020150320eb3l0001n,WESKU00020150320eb3l0001n_1,600.0,labour,Aufwertung unserer Arbeit,Labour
WESKU00020150320eb3l0001n,WESKU00020150320eb3l0001n_1,600.0,labour,Gesicherte Renten,Labour
WESKU00020150320eb3l0001n,WESKU00020150320eb3l0001n_1,600.0,labour,Wertschätzung und Anerkennung,Labour
WESKU00020150417eb4i0000y,WESKU00020150417eb4i0000y_1,600.0,labour,"Die Deutsche Post DHL hat Anfang des Jahres unter dem Namen \""DHL Delivery GmbH\"" mehrere Regionalgesellschaften gegründet",Labour
WESKU00020150512eb5d0001s,WESKU00020150512eb5d0001s_1,600.0,labour,Erzieherinnen von KiTa Bremen im Tarifstreit mit dem Verband der kommunalen Arbeitgeber zu unterstützen,Labour
WESKU00020150512eb5d0001s,WESKU00020150512eb5d0001s_1,600.0,labour,fordern mehr Lohn und mehr Anerkennung,Labour
WESKU00020150514eb5f00014,WESKU00020150514eb5f00014_1,600.0,labour,Gegen die schlechten Arbeitsbedingungen für Erzieher und Sozialarbeiter,Labour
WESKU00020150514eb5f00014,WESKU00020150514eb5f00014_1,600.0,labour,für mehr Lohn und mehr Personal,Labour
WESKU00020150526eb5r00007,WESKU00020150526eb5r00007_1,600.0,labour,"Verkürzung der Wochenarbeitszeit von 38,5 auf 36 Stunden",Labour
WESKU00020150604eb650002c,WESKU00020150604eb650002c_1,600.0,labour,um für mehr Gehalt zu demonstrieren,Labour
WESKU00020150604eb650002c,WESKU00020150604eb650002c_1,600.0,labour,demonstrierten die Angestellten auch für eine Allgemeinverbindlichkeit der Tarifverträge,Labour
WESKU00020150604eb6500085,WESKU00020150604eb6500085_1,600.0,labour,fordern für die bundesweit 240 000 Beschäftigten im Sozial- und Erziehungsdienst eine höhere Eingruppierung ihrer Beschäftigten in höhere Tarifstufen,Labour
WESKU00020150604eb6500085,WESKU00020150604eb6500085_1,600.0,labour,zudem um eine Anerkennung ihres Berufes,Labour
WESKU00020150608eb6900002,WESKU00020150608eb6900002_1,600.0,labour,streiten sich um deren Bezahlung und Arbeitszeit,Labour
WESKU00020150608eb6900002,WESKU00020150608eb6900002_1,600.0,labour,dass die Paketboten unter das Dach der Post zurückkehren,Labour
WESKU00020150625eb6q0001l,WESKU00020150625eb6q0001l_1,600.0,labour,"Tarifflucht, von Lohndumping, von illegalen Methoden der Deutschen Post AG, den Streik zu brechen",Labour
WESKU00020150703eb7400003,WESKU00020150703eb7400003_1,600.0,labour,kritisieren die Post-Führung für ihre Zurückhaltung im aktuellen Tarifkonflikt,Labour
WESKU00020150703eb7400003,WESKU00020150703eb7400003_1,600.0,labour,ganz allgemein Lohndumping und Tarifflucht,Labour
WESKU00020150710eb7b00024,WESKU00020150710eb7b00024_1,600.0,labour,Beschäftigte aus dem Bremer Werk wollen vor dem Arbeitsgericht ein erweitertes Streikrecht erzwingen,Labour
WESKU00020150923eb9o0001o,WESKU00020150923eb9o0001o_1,600.0,labour,Fachkräfte in sozialen Berufen sollten mehr verdienen und größere Anerkennung bekommen,Labour
WESKU00020180119ee1j0002a,WESKU00020180119ee1j0002a_1,600.0,labour,die Flexibilisierung der Arbeitszeit,Labour
WESKU00020180119ee1j0002a,WESKU00020180119ee1j0002a_1,600.0,labour,fordert sechs Prozent mehr Lohn,Labour
WESKU00020180119ee1j0002a,WESKU00020180119ee1j0002a_1,600.0,labour,Schichtzulage,Labour
WESKU00020180125ee1p0001z,WESKU00020180125ee1p0001z_1,600.0,labour,"fordert unter anderem 6,5 Prozent mehr Geld",Labour
WESKU00020180201ee2100028,WESKU00020180201ee2100028_1,600.0,labour,sechs Prozent mehr Geld für zwölf Monate,Labour
WESKU00020180201ee2100028,WESKU00020180201ee2100028_1,600.0,labour,Anspruch auf zeitweise Reduzierung der Wochenarbeitszeit,Labour
WESKU00020180316ee3g0001p,WESKU00020180316ee3g0001p_1,600.0,labour,"Die Arbeitnehmervertreter verlangen sechs Prozent mehr Geld, mindestens jedoch 200 Euro mehr im Monat. Die Ausbildungsvergütungen und Praktikantenentgelte sollen um 100 Euro pro Monat angehoben werden. Die zweite Verhandlungsrunde war am Dienstag in Potsdam ohne Annäherung geblieben.",Labour
WESKU00020180411ee4b00023,WESKU00020180411ee4b00023_1,600.0,labour,"Verdi fordert für die bundesweit 2,3 Millionen Angestellten im öffentlichen Dienst unter anderem eine Erhöhung der Tabellenentgelte um sechs Prozent, mindestens jedoch um 200 Euro. Für Krankenhäuser verlangt die Gewerkschaft die Anhebung des Nachtarbeitszuschlags auf 20 Prozent. Azubis und Praktikanten sollen 100 Euro mehr erhalten. Für den neuen Tarifvertrag strebt Verdi eine Laufzeit von zwölf Monaten an.",Labour
WESKU00020180413ee4d0001l,WESKU00020180413ee4d0001l_1,600.0,labour,"Verdi fordert für Tarifbeschäftigte des öffentlichen Dienstes bei Bund und Kommunen sechs Prozent und mindestens 200 Euro pro Monat Gehaltserhöhung. Zudem sollten Auszubildende und Praktikanten 100 Euro mehr im Monat erhalten, das will die Gewerkschaft. Im Forderungskatalog steht auch eine verpflichtende Übernahme der Auszubildenden nach erfolgreichem Abschluss.",Labour
WESKU00020180507ee52001y7,WESKU00020180507ee52001y7_1,600.0,labour,Mai-Kundgebung,Labour
WESKU00020180714ee7e00033,WESKU00020180714ee7e00033_1,600.0,labour,für Erhalt ihres Tarifvertrags,Labour
WESKU00020180714ee7e00033,WESKU00020180714ee7e00033_1,600.0,labour,"Entscheidung der Unternehmensleitung, sich aus den mit Verdi vereinbarten Tarifverträgen zu verabschieden",Labour
WESKU00020180714ee7e00033,WESKU00020180714ee7e00033_1,600.0,labour,"Mitarbeiter, die neu eingestellt werden, sollen stattdessen nach einem Tarifvertrag der christlichen Gewerkschaft DHV bezahlt werden",Labour
WESKU00020180714ee7e00033,WESKU00020180714ee7e00033_1,600.0,labour,Solche Löhne führen direkt in die Altersarmut der Beschäftigten,Labour
WESKU00020180714ee7e00033,WESKU00020180714ee7e00033_1,600.0,labour,menschengerechten Löhne,Labour
WESKU00020180714ee7e00033,WESKU00020180714ee7e00033_1,600.0,labour,Der Dumping-Wettbewerb muss aufhören,Labour
WESKU00020181123eebn0001v,WESKU00020181123eebn0001v_1,600.0,labour,das Kaffeeunternehmen seinen Tarifvertrag für die 1500 Beschäftigten mit der Gewerkschaft NGG aufgekündigt und will neue Verhandlungen stattdessen mit dem Betriebsrat führen,Labour
WESKU00020181125eebp0001n_SUN,WESKU00020181125eebp0001n_SUN_3,600.0,labour,feste Personalschlüssel auf allen Stationen in den Bremer Kliniken,Labour
WESKU00020190116ef1g0002m,WESKU00020190116ef1g0002m_1,600.0,labour,für die Luftsicherheitsassistenten einen bundesweit einheitlichen Stundenlohn von 20 Euro erstreiten will,Labour
WESKU00020190116ef1g0002m,WESKU00020190116ef1g0002m_1,600.0,labour,"Warnsignal an die Arbeitgeber, ein verhandlungsfähiges Angebot vorzulegen",Labour
WESKU00020190215ef2f0001i,WESKU00020190215ef2f0001i_1,600.0,labour,fordert in den laufenden Tarifverhandlungen unter anderem eine Lohnerhöhung von sechs Prozent für die Beschäftigten der Bremer Schulen,Labour
WESKU00020190310ef3a00024_SUN,WESKU00020190310ef3a00024_SUN_1,600.0,labour,"Druck auf die Arbeitgeber ausüben, den Angestellten höhere Löhne zu zahlen",Labour
WESKU00020190502ef520000z,WESKU00020190502ef520000z_1,600.0,labour,Tag der Arbeit,Labour
WESKU00020190925ef9p0002j,WESKU00020190925ef9p0002j_1,600.0,labour,Verhandlungsrunde,Labour
WESKU00020190926ef9q0001h,WESKU00020190926ef9q0001h_1,600.0,labour,besser Arbeitsbedingungen in der Kranken- und Altenpflege,Labour
WESKU00020190926ef9q0001h,WESKU00020190926ef9q0001h_1,600.0,labour,"Faire Stellenpläne, in denen Auszubildende nicht auf den Personalschlüssel angerechnet werden",Labour
WESKU00020191214efce0001d,WESKU00020191214efce0001d_1,600.0,labour,"\""Gebt uns das Weihnachtsgeld zurück, gebt uns das Urlaubsgeld zurück.\",Labour
WESKU00020200508eg1a003jg,WESKU00020200508eg1a003jg_1,600.0,labour,Bewegung in die Gespräche mit Bosch,Labour
WESKU00020200508eg5200sts,WESKU00020200508eg5200sts_2,600.0,labour,"bessere Arbeitsbedingungen und Bezahlung für Beschäftigte in Pflege, Krankenhaus, Einzelhandel und systemrelevanten Berufen",Labour
WESKU00020200508eg5200sts,WESKU00020200508eg5200sts_4,600.0,labour,1. Mai,Labour
WESKU00020200513eg5d00026,WESKU00020200513eg5d00026_1,600.0,labour,für mehr Schutzbekleidung in Krankenhäusern und Pflegeeinrichtungen,Labour
WESKU00020200704eg740003b,WESKU00020200704eg740003b_1,600.0,labour,Mit einer Menschenkette um die Lloydpas- sage haben Mitarbeiter von Galeria Kaufhof und weiteren Geschäften am Freitag in der Bremer Innenstadt für den Erhalt ihrer Arbeitsplätze demonstriert.,Labour
WESKU00020200804eg840003a,WESKU00020200804eg840003a_1,600.0,labour,Daher haben Beschäftigte der Bremer Wohnungswirtschaft am Montag vor den Firmensitzen der Gewoba und der Brebau mit Kundgebungen auf ihre Situation aufmerksam gemacht. Der GdW begründet seinen Vorschlag einer Einmalzahlung für 2020 mit den Auswirkungen der Pandemie.,Labour
WESKU00020200822eg8m0001r,WESKU00020200822eg8m0001r_1,600.0,labour,"Mit ihrem Protest wollen die Beschäftigten den Druck auf die Arbeitgeber in der laufenden Tarifrunde erhöhen. Denn sie sind es, die durch ihre Arbeit den Bau-Boom auch in der Coronakrise am Laufen halten.\"" Die Gewerkschaft kritisiert, dass trotz guter Wirtschaftslage die Bauverbände in der seit Mai andauernden Tarifrunde noch kein Angebot vorgelegt hätten. Die IG Bau fordert 6,8 Prozent mehr Lohn, mindestens jedoch 230 Euro mehr im Monat. Azubis sollen 100 Euro zusätzlich bekommen.",Labour
WESKU00020200930eg9u0002d,WESKU00020200930eg9u0002d_1,600.0,labour,Er fordert deutschlandweit zentrale Regelungen zu Urlaubstagen und Sonderzahlungen.,Labour
WESKU00020201006ega600040,WESKU00020201006ega600040_1,600.0,labour,"Die Mitarbeiter kämpfen für den Verbleib der Nordsee-Verwaltung am Standort Bremerhaven. Sollte es nicht dabei bleiben, verlangen sie nach einem Sozialtarifvertrag.",Labour
WESKU00020201016egag0002l,WESKU00020201016egag0002l_1,600.0,labour,für eine bessere Bezahlung,Labour
WESKU00020201021egal00024,WESKU00020201021egal00024_1,600.0,labour,Leistungen der Beschäftigten angemessen gewürdigt werden,Labour
WESKU00020201022egam00029,WESKU00020201022egam00029_1,600.0,labour,"Gehaltsplus von 4,8 Prozent",Labour
WESKU00020201022egam00029,WESKU00020201022egam00029_1,600.0,labour,mindestens eine Erhöhung um 150 Euro,Labour
WESKU00020201022egam00029,WESKU00020201022egam00029_1,600.0,labour,Laufzeit von einem Jahr,Labour
WESKU00020200709eg790000d,WESKU00020200709eg790000d_1,600.0,labour,gegen den Stellenabbau an allen deutschen Airbus-Standorten,Labour
WESKU00020201210egca0002y,WESKU00020201210egca0002y_1,600.0,labour,für den Erhalt beider GHB-Standorte und aller Arbeitsplätze,Labour
SZ-20180410-GBDTF-903,SZ-20180410-GBDTF-903_1,600.0,labour,gegen einen befürchteten Abbau von 700 bis 800 Arbeitsplätzen,Labour
SZ-20180411-GMT-409,SZ-20180411-GMT-409_1,600.0,labour,Angleichung des Weihnachtsgeldes von derzeit 75 auf dann 100 Prozent des Westniveaus,Labour
SZ-20190103-GWMK-1008,SZ-20190103-GWMK-1008_1,600.0,labour,Angleichung der Ostgehälter an das Westniveau,Labour
SZ-20190116-NDHLS-441,SZ-20190116-NDHLS-441_1,600.0,labour,Stundenlohn von 20 Euro,Labour
SZ-20190116-NDHLS-441,SZ-20190116-NDHLS-441_1,600.0,labour,kritisiert er die Arbeitszeiten,Labour
SZ-20190502-BVUENM-240,SZ-20190502-BVUENM-240_1,600.0,labour,Kundgebung der Gewerkschaften zum 1. Mai,Labour
SZ-20191202-PGK-261,SZ-20191202-PGK-261_1,600.0,labour,Kleidung soll künftig ohne Menschenrechtsverletzungen,Labour
LEIPZO0020180118ee1i007vf,LEIPZO0020180118ee1i007vf_1,600.0,labour,sechs Prozent mehr Geld,Labour
LEIPZO0020180118ee1i007vf,LEIPZO0020180118ee1i007vf_1,600.0,labour,Angleichung der Arbeitszeiten zwischen Ost und West.,Labour
LEIPZO0020180410ee4a007k9,LEIPZO0020180410ee4a007k9_1,600.0,labour,"Die Gewerkschaften fordern für die bundesweit 2,3 Millionen Beschäftigten im öffentlichen Dienst sechs Prozent mehr Lohn und Gehalt, mindestens aber 200 Euro pro Monat",Labour
LEIPZO0020180410ee4a007k9,LEIPZO0020180410ee4a007k9_1,600.0,labour,Ost- und Westgehälter müssen sich angleichen,Labour
LEIPZO0020180411ee4b0066a,LEIPZO0020180411ee4b0066a_1,600.0,labour,Mitarbeiter der Telekom Dienst in Leipzig für mehr Lohn,Labour
LEIPZO0020180501ee51002mh,LEIPZO0020180501ee51002mh_1,600.0,labour,forderten außerdem gleichen Lohn für gleiche Arbeit und kritisierten die Reform der Leiharbeitsregelungen,Labour
LEIPZV0020180109ee190001a,LEIPZV0020180109ee190001a_1,600.0,labour,Arbeitskampf,Labour
LEIPZV0020180109ee190001a,LEIPZV0020180109ee190001a_1,600.0,labour,für den Tarifvertrag,Labour
LEIPZV0020180109ee190001a,LEIPZV0020180109ee190001a_1,600.0,labour,Aufnahme von Tarifverhandlungen,Labour
LEIPZV0020180117ee1h0000p,LEIPZV0020180117ee1h0000p_2,600.0,labour,Tarifauseinandersetzung,Labour
LEIPZV0020180117ee1h0000p,LEIPZV0020180117ee1h0000p_2,600.0,labour,Entgelterhöhung von sechs Prozent bei einer Laufzeit von zwölf Monaten,Labour
LEIPZV0020180117ee1h0000p,LEIPZV0020180117ee1h0000p_2,600.0,labour,individuelle Wahlmöglichkeiten für eine temporäre Verkürzung der Arbeitszeit auf 28 Stunden für bis zu 24 Monate mit einem Teillohnausgleich für besonders belastete Berufsgruppen,Labour
LEIPZV0020180117ee1h0000p,LEIPZV0020180117ee1h0000p_2,600.0,labour,Verhandlungsverpflichtung der Arbeitgeber über die Angleichung der Arbeitszeiten in Ost- und Westdeutschland,Labour
LEIPZV0020180201ee210001e,LEIPZV0020180201ee210001e_1,600.0,labour,Möglichkeiten zur Reduzierung der Arbeitszeit auf 28 Wochenstunden,Labour
LEIPZV0020180201ee210001e,LEIPZV0020180201ee210001e_1,600.0,labour,Verhandlungsverpflichtung über die Angleichung der Arbeitszeiten zwischen Ost und West,Labour
LEIPZV0020180202ee220001q,LEIPZV0020180202ee220001q_1,600.0,labour,einen Fahrplan zur Angleichung der Arbeitszeiten,Labour
LEIPZV0020180202ee220001q,LEIPZV0020180202ee220001q_1,600.0,labour,Streikwelle in der Metall- und Elektroindustrie,Labour
LEIPZV0020180203ee230000b,LEIPZV0020180203ee230000b_1,600.0,labour,dass jeder Beschäftigte seine Arbeitszeit von 35 auf 28 Stunden verkürzen können soll - mit Teil-Lohnausgleich für Schichtarbeiter und Beschäftigte mit Kindern oder pflegebedürftigen Angehörigen,Labour
LEIPZV0020180203ee230000b,LEIPZV0020180203ee230000b_1,600.0,labour,24-Stunden-Warnstreiks in der Metallbranche,Labour
LEIPZV0020180310ee3a00019,LEIPZV0020180310ee3a00019_1,600.0,labour,Azubis und dualen Studenten sollen pro Monat 75 Euro mehr bekommen,Labour
LEIPZV0020180412ee4c0001h,LEIPZV0020180412ee4c0001h_2,600.0,labour,vierten Verhandlungsrunde,Labour
LEIPZV0020180427ee4r0001n,LEIPZV0020180427ee4r0001n_1,600.0,labour,Auseinandersetzung zwischen Volkswagen und Prevent,Labour
LEIPZV0020180427ee4r0001n,LEIPZV0020180427ee4r0001n_1,600.0,labour,dass bei Prevent schon öfter Konflikte zu Lasten der Belegschaft geführt worden seien,Labour
LEIPZV0020180621ee6l0001i,LEIPZV0020180621ee6l0001i_1,600.0,labour,"pro Beschäftigungsjahr 3,5 Monatsgehälter Abfindung",Labour
LEIPZV0020180621ee6l0001i,LEIPZV0020180621ee6l0001i_1,600.0,labour,das Werk in Leipzig mit seinen 700 Mitarbeitern 2019 komplett zu schließen,Labour
LEIPZV0020180629ee6t0000b,LEIPZV0020180629ee6t0000b_1,600.0,labour,Angleichung des Haustarifs an den öffentlichen Dienst,Labour
LEIPZV0020180629ee6t0000b,LEIPZV0020180629ee6t0000b_1,600.0,labour,Lohnplus von 13 Prozent,Labour
LEIPZO0020190115ef1f008pz,LEIPZO0020190115ef1f008pz_1,600.0,labour,bundesweite Gleichstellung der Stundenlöhne,Labour
LEIPZO0020190204ef240083q,LEIPZO0020190204ef240083q_1,600.0,labour,"das Kaufhaus gebildet, um für dessen Erhalt zu demonstrieren",Labour
LEIPZO0020190204ef240083q,LEIPZO0020190204ef240083q_2,600.0,labour,Kaufhaus-Schließung,Labour
LEIPZO0020190212ef2c00bnh,LEIPZO0020190212ef2c00bnh_1,600.0,labour,für faire Entlohnung,Labour
LEIPZO0020190310ef3a008y9,LEIPZO0020190310ef3a008y9_1,600.0,labour,deutlich bessere Vergütung der Leistungen,Labour
LEIPZO0020190310ef3a008y9,LEIPZO0020190310ef3a008y9_1,600.0,labour,die bundesweite Abschaffung des Schulgelds und flächendeckende Ausbildungsvergütung,Labour
LEIPZO0020190925ef9p00nou,LEIPZO0020190925ef9p00nou_1,600.0,labour,gegen neue Fahrdienste,Labour
LEIPZO0020190926ef9q00htr,LEIPZO0020190926ef9q00htr_1,600.0,labour,bessere Bezahlung,Labour
LEIPZO0020190926ef9q00htr,LEIPZO0020190926ef9q00htr_1,600.0,labour,zwei zusätzliche Urlaubstage,Labour
LEIPZO0020190926ef9q00htr,LEIPZO0020190926ef9q00htr_1,600.0,labour,Forderung nach Weihnachtsgeld,Labour
LEIPZO0020190926ef9q00htr,LEIPZO0020190926ef9q00htr_1,600.0,labour,Fachkräfte besser eingruppiert,Labour
LEIPZO0020190926ef9q00htr,LEIPZO0020190926ef9q00htr_1,600.0,labour,Urlaubsanspruch an die Zugehörigkeit zur Branche geknüpft,Labour
LEIPZV0020190103ef130001m,LEIPZV0020190103ef130001m_1,600.0,labour,Die Gehälter im Osten sollen zudem bei einer Laufzeit von zwei Jahren angeglichen werden,Labour
LEIPZV0020190218ef2i0000z,LEIPZV0020190218ef2i0000z_1,600.0,labour,"Während im Westen die 35-Stunden-Woche gilt, muss in den neuen Ländern bei gleicher Bezahlung drei Stunden mehr gearbeitet werden",Labour
LEIPZV0020190518ef5i0001j,LEIPZV0020190518ef5i0001j_1,600.0,labour,Gewerkschaft fordert für die bundesweit 200 000 Bank-Beschäftigten unter anderem sechs Prozent mehr Geld,Labour
StZ_20140222_RGADS_189,StZ_20140222_RGADS_189_1,600.0,labour,Warnstreiks in der Druckindustrie,Labour
StZ_20140308_JSES_162,StZ_20140308_JSES_162_2,600.0,labour,Beschäftigte der Druckindustrie in Streik,Labour
StZ_20140320_SLDNL_469,StZ_20140320_SLDNL_469_1,600.0,labour,"100 Euro plus 3,5 Prozent",Labour
StZ_20140429_PGUDD_730,StZ_20140429_PGUDD_730_1,600.0,labour,um die berufliche Existenz von 15 000 Beschäftigten und deren Familien,Labour
StZ_20140429_PGUDD_730,StZ_20140429_PGUDD_730_1,600.0,labour,dauerhafte Absicherung ihrer Arbeitsbedingungen,Labour
StZ_20140429_PGUDD_730,StZ_20140429_PGUDD_730_1,600.0,labour,"befürchten, dass Niederlassungen verkauft, die tarifvertraglichen Regelungen unterlaufen werden könnten",Labour
StZ_20140502_KUFVG_192,StZ_20140502_KUFVG_192_1,600.0,labour,Gute Arbeit. Soziales Europa,Labour
StZ_20140502_KUFVG_192,StZ_20140502_KUFVG_192_2,600.0,labour,politisch linken 'Bündnis 1. Mai,Labour
STUGTR0020150506eb560002m,STUGTR0020150506eb560002m_1,600.0,labour,kämpft,Labour
STUGTR0020150513eb5d00043,STUGTR0020150513eb5d00043_1,600.0,labour,Pflegekräfte wollen mehr Zeit für Patienten und mehr Anerkennung,Labour
STUGTR0020150513eb5d00043,STUGTR0020150513eb5d00043_1,600.0,labour,für eine bessere Bezahlung und mehr Personal in den Kliniken,Labour
STUGTR0020150513eb5d00043,STUGTR0020150513eb5d00043_1,600.0,labour,Solidarität mit dem Streik der,Labour
STUGTR0020150617eb6h0002m,STUGTR0020150617eb6h0002m_1,600.0,labour,Haustarif,Labour
STUGTR0020150617eb6h00047,STUGTR0020150617eb6h00047_1,600.0,labour,Unsere Arbeit ist,Labour
STUGTR0020150828eb8s0002x,STUGTR0020150828eb8s0002x_1,600.0,labour,gegen einen,Labour
STUGTR0020160426ec4q0001g,STUGTR0020160426ec4q0001g_1,600.0,labour,Druck auf Bund und Kommunen,Labour
STUGTR0020160426ec4q0001g,STUGTR0020160426ec4q0001g_1,600.0,labour,Verdi verlangt sechs,Labour
STUGTR0020160426ec4q0001g,STUGTR0020160426ec4q0001g_1,600.0,labour,neue,Labour
STUGTR0020160426ec4q0001g,STUGTR0020160426ec4q0001g_1,600.0,labour,betriebliche Zusatzversorgung,Labour
STUGTR0020160625ec6p0004e,STUGTR0020160625ec6p0004e_1,600.0,labour,"Gehaltssteigerung von 4,9 Prozent",Labour
STUGTR0020160625ec6p0004e,STUGTR0020160625ec6p0004e_1,600.0,labour,Auszubildende sollen nach,Labour
STUGTR0020160625ec6p0004e,STUGTR0020160625ec6p0004e_1,600.0,labour,Tarifvertrag zur Altersteilzeit,Labour
STUGTR0020160727ec7r0003c,STUGTR0020160727ec7r0003c_1,600.0,labour,Reduzierung der höchstmöglichen Wochenarbeitszeit,Labour
STUGTR0020170209ed290001j,STUGTR0020170209ed290001j_1,600.0,labour,für ein Lohnplus von zwei Euro pro,Labour
STUGTR0020170209ed290001j,STUGTR0020170209ed290001j_1,600.0,labour,mangelnde Verlässlichkeit auf dem,Labour
STUGTR0020170209ed290001j,STUGTR0020170209ed290001j_1,600.0,labour,sehr variable Schichtpläne,Labour
STUGTR0020170209ed290001j,STUGTR0020170209ed290001j_1,600.0,labour,einheitlichen Branchentarifvertrag,Labour
STUGTR0020180202ee220000m,STUGTR0020180202ee220000m_1,600.0,labour,Warnstreik,Labour
STUGTR0020180329ee3t0002t,STUGTR0020180329ee3t0002t_1,600.0,labour,fordert im Tarifkonflikt im öffentlichen Dienst sechs Prozent höhere,Labour
STUGTR0020180413ee4d0003s,STUGTR0020180413ee4d0003s_1,600.0,labour,"sechs Prozent mehr Gehalt, mindestens jedoch 200 Euro mehr für",Labour
STUGTR0020181217eech0000y,STUGTR0020181217eech0000y_1,600.0,labour,auskömmliche Einkommen,Labour
STUGTR0020191123efbn0003m,STUGTR0020191123efbn0003m_1,600.0,labour,Schluss mit Jobabbau,Labour
STUGTR0020200502eg520000j,STUGTR0020200502eg520000j_1,600.0,labour,für die Rechte von Arbeitern und Angestellten,Labour
STUGTR0020200803eg83000jn,STUGTR0020200803eg83000jn_1,600.0,labour,für den,Labour
STUGTR0020200930eg9u00018,STUGTR0020200930eg9u00018_1,600.0,labour,"gelte es, den",Labour
STUGTR0020200716eg7g00024,STUGTR0020200716eg7g00024_1,600.0,labour,Wir akzeptieren keine betriebsbedingten,Labour
STUGTR0020200716eg7g00024,STUGTR0020200716eg7g00024_1,600.0,labour,Eine,Labour
LEIPZO0020160106ea4n001t6,LEIPZO0020160106ea4n001t6_1,600.0,labour,gegen den geplanten Stellenabbau,Labour
LEIPZO0020160106eb52001qe,LEIPZO0020160106eb52001qe_1,600.0,labour,"fordert für die 140.000 tariflich bezahlten Post-Mitarbeiter Arbeitszeitverkürzungen von 38,5 auf 36 Wochenstunden",Labour
LEIPZO0020160106eb52001qe,LEIPZO0020160106eb52001qe_1,600.0,labour,vollem Lohnausgleich,Labour
LEIPZO0020160107eb2k0003u,LEIPZO0020160107eb2k0003u_1,600.0,labour,kräftigen Zuschlag,Labour
LEIPZO0020160107eb2k0003u,LEIPZO0020160107eb2k0003u_1,600.0,labour,Angleichung der Löhne in Ost und West,Labour
LEIPZO0020160107eb2k0003u,LEIPZO0020160107eb2k0003u_1,600.0,labour,Tarifvertrag,Labour
LEIPZO0020161130ecbu000b5,LEIPZO0020161130ecbu000b5_1,600.0,labour,Arbeit auch nach dem kürzlich beschlossenen Maßnahmenpaket tariflich niedriger bewertet werde,Labour
LEIPZO0020180113eb6b0073w,LEIPZO0020180113eb6b0073w_1,600.0,labour,Rückkehr der regionalen Gesellschaften unter das Dach der Post,Labour
LEIPZO0020180113eb6b0073w,LEIPZO0020180113eb6b0073w_1,600.0,labour,Rückkehr der regionalen Gesellschaften,Labour
LEIPZO0020180113eb6o007er,LEIPZO0020180113eb6o007er_1,600.0,labour,auf den Personalnotstand aufmerksam,Labour
LEIPZO0020180113eb6o007er,LEIPZO0020180113eb6o007er_1,600.0,labour,"auf die 162.000 Mitarbeiter hingewiesen werden, die laut einer ver.di-Erhebung in Krankenhäusern fehlen",Labour
LEIPZV0020140204LBFMP350,LEIPZV0020140204LBFMP350_1,600.0,labour,"Wir brauchen mehr Personal, um nicht so viele Überstunden aufzubauen und um unsere Fahrzeuge auch besetzen zu können\",Labour
LEIPZV0020140204LBFMP350,LEIPZV0020140204LBFMP350_1,600.0,labour,"Sie plädieren für eine 48-Stunden-Woche im 24-Stunden-Dienst. \""Die Stadt aber will uns in die Knie zwingen. Wir sollen 52 Stunden arbeiten, davon vier Stunden unentgeltlich\"", erklärte Walther. Alle Versuche, mit dienstlicher Leitung sowie Stadtverwaltung eine Lösung zu finden, seien gescheitert. Ein Plakat richtete sich denn auch direkt an Personalamtschef Frank Pörner: \""Herr Pörner weg die Hörner\"". Auf Flyern wurden zudem \""fehlende bzw. falsche Investitionen\"" kritisiert. Zwar würden Außenwachen gebaut, wichtige Stadtwachen jedoch zerfielen. Kollegen müssten ihre Sachen bereits in Kisten statt in Spinden lagern.",Labour
LEIPZV0020140521ea4b006pt,LEIPZV0020140521ea4b006pt_1,600.0,labour,adäquaten Gehaltserhöhungen,Labour
LEIPZV0020140521ea52000rv,LEIPZV0020140521ea52000rv_1,600.0,labour,"ein Drittel der Arbeitnehmerschaft in \""atypischen Beschäftigungs- und Erwerbsformen\"" befinde",Labour
LEIPZV0020140607ea3a00591,LEIPZV0020140607ea3a00591_1,600.0,labour,Ab Sommer sollen selbstständige Hebammen eine Prämie von knapp 6000 Euro pro Jahr für ihre Haftpflichtversicherung bezahlen,Labour
LEIPZV0020140607ea3a00591,LEIPZV0020140607ea3a00591_1,600.0,labour,"Hinzu kommt, dass sich die Nürnberger Versicherung im Juli 2015 aus der Haftpflicht für freiberufliche Hebammen zurückzuziehen will. Die mittelfränkische Aktiengesellschaft ist aufgrund fehlender Wettbewerber faktisch der einzige Versicherer für selbstständige Hebammen. Steigt die Nürnberger aus, droht der freie Geburtshilfe der Ruin.",Labour
LEIPZV0020140607ea3k007fy,LEIPZV0020140607ea3k007fy_1,600.0,labour,Stellenabbau,Labour
LEIPZV0020140607ea3k007fy,LEIPZV0020140607ea3k007fy_2,600.0,labour,"5,5 Prozent mehr Geld bei einer Laufzeit von zwölf Monaten.",Labour
LEIPZV0020140607ea3v003qf,LEIPZV0020140607ea3v003qf_1,600.0,labour,Kosten für die Haftpflichtversicherung der Hebammen sind drastisch angestiegen,Labour
LEIPZV0020140607ea3v003qf,LEIPZV0020140607ea3v003qf_1,600.0,labour,"Nun hat auch noch der letzte Hebammen-Versicherer angekündigt, Ende Juni 2015 aus der Haftpflicht auszusteigen. Da die Hebammen jedoch verpflichtet sind, sich zu versichern, stehen sie vor dem Ende ihres Berufes.",Labour
LEIPZV0020140626ea6q0000v,LEIPZV0020140626ea6q0000v_1,600.0,labour,Abbau von über 1000 Stellen müsse vom Tisch,Labour
LEIPZV0020140715ea7f00039,LEIPZV0020140715ea7f00039_1,600.0,labour,"arbeiten viele von ihnen rund 52 Stunden pro Woche, vier davon unbezahlt",Labour
LEIPZV0020140715ea7f00039,LEIPZV0020140715ea7f00039_1,600.0,labour,Personalmangel,Labour
LEIPZV0020140820ea8k0001b,LEIPZV0020140820ea8k0001b_1,600.0,labour,"gegen die Pläne, den Standort zu schließen",Labour
LEIPZV0020140918ea9i0001c,LEIPZV0020140918ea9i0001c_1,600.0,labour,Patent-Verkauf zu stoppen,Labour
LEIPZV0020140918ea9i0001c,LEIPZV0020140918ea9i0001c_1,600.0,labour,den Standort erhalten,Labour
LEIPZV0020140918ea9i0001c,LEIPZV0020140918ea9i0001c_2,600.0,labour,gegen die geplante Schließung des Leipziger Werks,Labour
LEIPZV0020141016eaag00003,LEIPZV0020141016eaag00003_1,600.0,labour,"will auch für Zugbegleiter, Bordgastronomen sowie Disponenten verhandeln",Labour
LEIPZV0020141016eaag00003,LEIPZV0020141016eaag00003_1,600.0,labour,fünf Prozent mehr Entgelt für das Zugpersonal,Labour
LEIPZV0020141016eaag00003,LEIPZV0020141016eaag00003_1,600.0,labour,zwei Stunden weniger Arbeitszeit pro Woche,Labour
LEIPZV0020141018eaai00003,LEIPZV0020141018eaai00003_1,600.0,labour,Tarifverträge für das gesamte Zugpersonal abschließen zu können,Labour
LEIPZV0020141020eaak00004,LEIPZV0020141020eaak00004_1,600.0,labour,Das Angebot der Bahn von fünf Prozent mehr Lohn über eine Laufzeit von 30 Monaten wies er zurück,Labour
LEIPZV0020141020eaak0000x,LEIPZV0020141020eaak0000x_1,600.0,labour,Arbeit zu ungünstigen Zeiten tariflich geregelt werden müsse,Labour
LEIPZV0020160314ec3e0002k,LEIPZV0020160314ec3e0002k_1,600.0,labour,ein Lohn-Plus von fünf Prozent für die nächsten zwölf Monate,Labour
LEIPZV0020160314ec3e0002k,LEIPZV0020160314ec3e0002k_1,600.0,labour,höhere Tarifbindung,Labour
LEIPZV0020160314ec3e0002k,LEIPZV0020160314ec3e0002k_1,600.0,labour,Gleichstellung der Berlin-Brandenburger Azubis mit denen in Sachsen,Labour
LEIPZV0020160330ec3u0001g,LEIPZV0020160330ec3u0001g_1,600.0,labour,"Forderungen nach tariflicher Sicherheit der Einkommen, regelmäßigen Lohnerhöhungen, Urlaubs- und Weihnachtsgeld",Labour
LEIPZV0020160413ec4d0001i,LEIPZV0020160413ec4d0001i_1,600.0,labour,fordert fünf Prozent mehr Lohn,Labour
LEIPZV0020160413ec4d0001i,LEIPZV0020160413ec4d0001i_1,600.0,labour,Zudem sollen betriebsbedingte Kündigungen weiter ausgeschlossen werden,Labour
LEIPZV0020160502ec5200030,LEIPZV0020160502ec5200030_1,600.0,labour,gegen Missbrauch von Werksverträgen oder Leiharbeit,Labour
LEIPZV0020160502ec5200030,LEIPZV0020160502ec5200030_1,600.0,labour,bessere berufliche Perspektiven für Jugendliche,Labour
LEIPZV0020160502ec5200030,LEIPZV0020160502ec5200030_1,600.0,labour,Leiharbeits- und Werksverträge wurden aufs Korn genommen,Labour
LEIPZV0020160502ec5200030,LEIPZV0020160502ec5200030_1,600.0,labour,"für Beschäftigungsverhältnisse, die von kurzer Dauer und beispielsweise an den Hochschulen für wissenschaftliche Mitarbeiter",Labour
LEIPZV0020160502ec5200030,LEIPZV0020160502ec5200030_1,600.0,labour,"Jetzt gehe es auch darum, für Betroffene von Leiharbeits- und Werksverträgen deutliche Verbesserungen zu erstreiten und bei den Tarifverhandlungen etwa in der Metall- und Elektroindustrie weiter Druck zu machen.",Labour
LEIPZV0020160622ec6m0001f,LEIPZV0020160622ec6m0001f_1,600.0,labour,fordert die Aufnahme von Tarifverhandlungen,Labour
LEIPZV0020160622ec6m0001f,LEIPZV0020160622ec6m0001f_1,600.0,labour,will die Konditionen des Versand- und Einzelhandels durchsetzen,Labour
LEIPZV0020161005eca50001w,LEIPZV0020161005eca50001w_1,600.0,labour,Die Gewerkschaft Verdi lässt im Kampf um einen Tarifvertrag beim Online-Versandhändler Amazon nicht locker,Labour
LEIPZV0020161005eca50001w,LEIPZV0020161005eca50001w_1,600.0,labour,"Amazon muss verstehen, dass sich die Beschäftigten ohne einen Tarifvertrag nicht zufrieden- geben werden.",Labour
LEIPZV0020161005eca50001w,LEIPZV0020161005eca50001w_1,600.0,labour,"Wir fordern das Unternehmen auf, an den Verhandlungstisch zu kommen.",Labour
StZ_20090216_MLPGB_580,StZ_20090216_MLPGB_580_1,600.0,labour,Tarifstreit,Labour
StZ_20090502_VNLNS_554,StZ_20090502_VNLNS_554_1,600.0,labour,Arbeit für alle bei fairem Lohn,Labour
StZ_20090502_VNLNS_554,StZ_20090502_VNLNS_554_1,600.0,labour,2009 darf kein Jahr der Entlassungen werden.,Labour
StZ_20090502_VNLNS_554,StZ_20090502_VNLNS_554_1,600.0,labour,Die Krise darf nicht auf dem Rücken der Arbeitnehmer ausgetragen werden,Labour
StZ_20090502_VNLNS_554,StZ_20090502_VNLNS_554_1,600.0,labour,"Es geht darum, ob wir irgendwann überhaupt einmal ein Einkommen haben, von dem wir leben können",Labour
StZ_20090506_ETKMB_532,StZ_20090506_ETKMB_532_1,600.0,labour,Hinzu komme auch noch eine schlechte Bezahlung,Labour
StZ_20090506_ETKMB_532,StZ_20090506_ETKMB_532_1,600.0,labour,auf die Verbesserung der Gehaltstarife von Erzieherinnen zielt,Labour
StZ_20090506_ETKMB_532,StZ_20090506_ETKMB_532_1,600.0,labour,"Dazu gehört, dass man die Tarife erhöhen muss",Labour
StZ_20090507_ZWZZW_653,StZ_20090507_ZWZZW_653_1,600.0,labour,"\""Zu wenig Zeit, zu wenig Personal, zu wenig Geld\",Labour
StZ_20090507_ZWZZW_653,StZ_20090507_ZWZZW_653_1,600.0,labour,Ziel ist ein Tarifvertrag zur Gesundheitsförderung und eine höhere Bezahlung für die Erzieherinnen und Erzieher.,Labour
StZ_20090519_EHELA_658,StZ_20090519_EHELA_658_1,600.0,labour,Unmut über die Arbeitsbedingungen in der Kinderbetreuung Luft,Labour
StZ_20090519_EHELA_658,StZ_20090519_EHELA_658_1,600.0,labour,"Dieser symbolische Akt sollte die Überlastung darstellen, unter der viele Erzieherinnen so massiv leiden",Labour
StZ_20090519_EHELA_658,StZ_20090519_EHELA_658_1,600.0,labour,Lärm und andere körperliche sowie psychische Belastungen seien so gravierend,Labour
StZ_20090519_EHELA_658,StZ_20090519_EHELA_658_1,600.0,labour,fordert Verdi neben höheren Löhnen auch einen tarifvertraglich geregelten Gesundheitsschutz,Labour
StZ_20090526_VLAFE_324,StZ_20090526_VLAFE_324_1,600.0,labour,Arbeitsniederlegungen,Labour
StZ_20090527_HBAK_261,StZ_20090527_HBAK_261_1,600.0,labour,Ziel des Ausstands ist ein tarifvertraglich vereinbarter Gesundheitsschutz und eine bessere Bezahlung.,Labour
StZ_20090610_WSIDN_305,StZ_20090610_WSIDN_305_1,600.0,labour,Gesundheitstarifvertrag und eine bessere Bezahlung der Erzieherinnen,Labour
StZ_20090612_EIERC_483,StZ_20090612_EIERC_483_1,600.0,labour,Wir brauchen genügend Geld zum Überleben,Labour
StZ_20090616_UBDKS_196,StZ_20090616_UBDKS_196_1,600.0,labour,für eine bessere Gesundheitsvorsorge und mehr Geld,Labour
StZ_20090617_OEGDS_586,StZ_20090617_OEGDS_586_1,600.0,labour,für eine bessere Gesundheitsvorsorge und eine bessere Bezahlung beteiligt,Labour
StZ_20090704_EAAGK_530,StZ_20090704_EAAGK_530_1,600.0,labour,keinen Hehl aus ihren Forderungen nach einem Ende des Kitastreiks und besseren Bedingungen in den Kindertagesstätten.,Labour
StZ_20090704_EAAGK_530,StZ_20090704_EAAGK_530_2,600.0,labour,"Wir wollen keine Stuttgarter Lösung, wir wollen eine Flächentariflösung",Labour
StZ_20090718_KGAEWV_443,StZ_20090718_KGAEWV_443_1,600.0,labour,Streiks,Labour
StZ_20090721_FWEB_268,StZ_20090721_FWEB_268_1,600.0,labour,"Die Beschäftigten wollten sich nicht länger mit Löhnen zufrieden geben, von denen man nicht vernünftig leben könne,",Labour
StZ_20090811_FSLVAE_266,StZ_20090811_FSLVAE_266_1,600.0,labour,"Die Gewerkschaft fordert für die Beschäftigten eine Lohn- und Gehaltserhöhung von 5,8 Prozent sowie einen Mindestlohn von 8,50 Euro",Labour
StZ_20091014_SSDMR_416,StZ_20091014_SSDMR_416_1,600.0,labour,Sie forderten für Unternehmen von der Bank günstige Kredite und von der Landesregierung wirtschaftspolitische Maßnahmen,Labour
StZ_20091014_SSDMR_416,StZ_20091014_SSDMR_416_1,600.0,labour,Wir werden um den Standort kämpfen\,Labour
StZ_20100309_JGAEAA_535,StZ_20100309_JGAEAA_535_1,600.0,labour,Flexiblere Arbeitszeiten werden deshalb von den Mitarbeiterinnen gewünscht,Labour
StZ_20100401_PGS_548,StZ_20100401_PGS_548_1,600.0,labour,Wir kämpfen um jeden einzelnen Arbeitsplatz\,Labour
StZ_20100401_PGS_548,StZ_20100401_PGS_548_1,600.0,labour,"\""Der Kampf um Arbeitsplätze ist deshalb zugleich ein Kampf, um diese einzigartige industrielle Struktur zu erhalten.\",Labour
StZ_20100503_VGUEIR_511,StZ_20100503_VGUEIR_511_1,600.0,labour,der Erhalt von Arbeitsplätzen,Labour
StZ_20100503_VGUEIR_511,StZ_20100503_VGUEIR_511_1,600.0,labour,Ausbildungsplätze für alle,Labour
StZ_20100503_VGUEIR_511,StZ_20100503_VGUEIR_511_1,600.0,labour,kämpften für den Erhalt ihrer Arbeitsplätze,Labour
StZ_20100503_VGUEIR_511,StZ_20100503_VGUEIR_511_1,600.0,labour,Hart ins Gericht ging Löffler mit Börsenspekulanten,Labour
StZ_20100503_VGUEIR_511,StZ_20100503_VGUEIR_511_1,600.0,labour,"Solidarität sei nötiger denn je \""für gerechte Löhne und einen starken Sozialstaat",Labour
StZ_20100503_VGUEIR_511,StZ_20100503_VGUEIR_511_1,600.0,labour,Beschneidung der Arbeitnehmerrechte,Labour
StZ_20100512_VPFA_313,StZ_20100512_VPFA_313_1,600.0,labour,die deutschen Kommunen in den zurückliegenden 15 Jahren rund eine Million Arbeitsplätze abgebaut,Labour
StZ_20100512_VPFA_313,StZ_20100512_VPFA_313_1,600.0,labour,von Privatisierung und Auslagerung kommunaler Dienstleistungen,Labour
StZ_20100512_VPFA_313,StZ_20100512_VPFA_313_1,600.0,labour,Die Arbeitsplätze fehlten in der aktuellen Wirtschaftskrise,Labour
StZ_20100706_CFTOE_393,StZ_20100706_CFTOE_393_1,600.0,labour,"Das Hauptziel ist eine Anhebung der Arbeitsvergütung um fünf Prozent. Außerdem erhofften sie sich eine Reform der Bedingungen für Nacht- und Bereitschaftsdienste, außerplanmäßige Arbeit und Überstunden. Auch über eine Alterszeitregelung und verbesserte Bedingungen für Neueingestellte solle nachgedacht werden",Labour
StZ_20100715_PGUAE_303,StZ_20100715_PGUAE_303_1,600.0,labour,gegen den Umbau der Töchter Daimler Financial Services und Mercedes-Benz Bank protestiert,Labour
StZ_20110311_BBMVR_599,StZ_20110311_BBMVR_599_1,600.0,labour,Arbeitskampfs für höhere und einheitliche Löhne im Schienenverkehr,Labour
StZ_20110311_BBMVR_599,StZ_20110311_BBMVR_599_1,600.0,labour,ein für alle Mal Schluss machen mit Lohndumping und der Angst um den Arbeitsplatz im Eisenbahnverkehr.,Labour
StZ_20110527_DSSB_257,StZ_20110527_DSSB_257_1,600.0,labour,forderten sie auch im Falle einer Neugründung von Stadtwerken Arbeits- und Entlohnungssicherheit für sich,Labour
StZ_20110726_TBDTS_463,StZ_20110726_TBDTS_463_1,600.0,labour,für eine Fortsetzung des Ausstandes,Labour
StZ_20110806_AUNM_152,StZ_20110806_AUNM_152_1,600.0,labour,einen neuen Manteltarifvertrag für die Beschäftigten im öffentlichen Nahverkehr,Labour
StZ_20110806_AUNM_152,StZ_20110806_AUNM_152_1,600.0,labour,"um kürzere Schichten, eine volle jährliche Sonderzahlung und 30 Tage Urlaub unabhängig vom Alter",Labour
StZ_20120309_KTVDD_122,StZ_20120309_KTVDD_122_1,600.0,labour,Schlecker-Mitarbeiter,Labour
StZ_20120327_BKMFM_461,StZ_20120327_BKMFM_461_1,600.0,labour,"Die Folge sei ein verlorenes Jahrzehnt für den öffentlichen Dienst, in dem die Reallöhne gegenüber der Privatwirtschaft um neun Prozent zurückgefallen seien.",Labour
StZ_20120327_DLWEM_555,StZ_20120327_DLWEM_555_1,600.0,labour,im öffentlichen Dienst gestreikt,Labour
StZ_20120327_DLWEM_555,StZ_20120327_DLWEM_555_2,600.0,labour,Die Leute wollen endlich mehr Geld und nicht wieder weniger,Labour
StZ_20120327_DLWEM_555,StZ_20120327_DLWEM_555_2,600.0,labour,das wollen wir auch bezahlt bekommen,Labour
StZ_20120331_TUEWAI_599,StZ_20120331_TUEWAI_599_1,600.0,labour,"fordern, ihr Einkommen selbst bestimmen zu dürfen",Labour
StZ_20120331_TUEWAI_599,StZ_20120331_TUEWAI_599_1,600.0,labour,die Bearbeitungszeit durchs Jugendamt,Labour
StZ_20120331_TUEWAI_599,StZ_20120331_TUEWAI_599_1,600.0,labour,Mehr Selbstständigkeit für Tagesmütter,Labour
StZ_20120331_TUEWAI_599,StZ_20120331_TUEWAI_599_1,600.0,labour,Betreuung sofort - Bezahlung in nicht absehbarer Zeit,Labour
StZ_20120331_TUEWAI_599,StZ_20120331_TUEWAI_599_1,600.0,labour,Keine Tagesmutter wird pünktlich bezahlt,Labour
StZ_20120331_TUEWAI_599,StZ_20120331_TUEWAI_599_1,600.0,labour,dass sie ihr Einkommen pauschal jeden Monat ausgezahlt bekommen wollen,Labour
StZ_20120331_TUEWAI_599,StZ_20120331_TUEWAI_599_1,600.0,labour,"Außerdem forderten sie, dass Zuzahlungen seitens der Eltern erlaubt sein sollen",Labour
StZ_20120427_DBMNZ_591,StZ_20120427_DBMNZ_591_1,600.0,labour,höhere Reallöhne,Labour
StZ_20120427_DBMNZ_591,StZ_20120427_DBMNZ_591_1,600.0,labour,Sechs Prozent,Labour
StZ_20120427_DBMNZ_591,StZ_20120427_DBMNZ_591_1,600.0,labour,Abkopplung der Branche von der allgemeinen Gehaltsentwicklung,Labour
StZ_20120427_DBMNZ_591,StZ_20120427_DBMNZ_591_1,600.0,labour,besserer Gesundheitsschutz,Labour
StZ_20120427_DBMNZ_591,StZ_20120427_DBMNZ_591_1,600.0,labour,betrieblichen Gesundheitsschutz,Labour
StZ_20120427_DBMNZ_591,StZ_20120427_DBMNZ_591_1,600.0,labour,der Samstag darf nicht verkauft werden',Labour
StZ_20120427_DBMNZ_591,StZ_20120427_DBMNZ_591_1,600.0,labour,Vorruhestand,Labour
StZ_20120504_ESISM_641,StZ_20120504_ESISM_641_1,600.0,labour,unbefristete Übernahme,Labour
StZ_20120504_ESISM_641,StZ_20120504_ESISM_641_1,600.0,labour,Solidarität mit dem Nachwuchs,Labour
StZ_20120515_VOGS_581,StZ_20120515_VOGS_581_1,600.0,labour,mehr Mitbestimmung beim Thema Leiharbeit,Labour
StZ_20120515_VOGS_581,StZ_20120515_VOGS_581_1,600.0,labour,für die unbefristete Übernahme für Azubis,Labour
StZ_20120515_VOGS_581,StZ_20120515_VOGS_581_1,600.0,labour,"6,5 Prozent mehr Entgelt",Labour
StZ_20120515_VOGS_581,StZ_20120515_VOGS_581_1,600.0,labour,mehr Mitbestimmung bei Leiharbeit,Labour
StZ_20120707_GUERUB_567,StZ_20120707_GUERUB_567_1,600.0,labour,Einfluss auf die Beamtenpolitik,Labour
StZ_20120707_GUERUB_567,StZ_20120707_GUERUB_567_1,600.0,labour,"mit Grün-Rot eine Vertrag hinzubekommen, einen Pakt, so wie er ihn schon einmal abschließen konnte",Labour
StZ_20120925_DLLSD_604,StZ_20120925_DLLSD_604_1,600.0,labour,Protestkundgebung des Beamtenbunds,Labour
StZ_20121204_WIDE_99,StZ_20121204_WIDE_99_1,600.0,labour,"lehnt das von der Arbeitgeberseite zuletzt vorgelegte Angebot einer Entgelterhöhung um 2,25 Prozent für 18 Monate ab",Labour
StZ_20130221_SUFA_562,StZ_20130221_SUFA_562_1,600.0,labour,"'6,5 Prozent mehr",Labour
StZ_20130221_SUFA_562,StZ_20130221_SUFA_562_1,600.0,labour,30 Tage Urlaub für alle,Labour
StZ_20130221_SUFA_562,StZ_20130221_SUFA_562_1,600.0,labour,anständig bezahltem Personal,Labour
StZ_20130221_SUFA_562,StZ_20130221_SUFA_562_1,600.0,labour,"warf Schmid auf der Abschlusskundgebung vor, in der Landesregierung den Hardliner bei den Tarifverhandlungen zu geben",Labour
StZ_20130221_SUFA_562,StZ_20130221_SUFA_562_1,600.0,labour,"Nils Schmid bietet 1,5 Prozent mehr Lohn, die sind beleidigend und keine Wertschätzung unserer Arbeit",Labour
StZ_20130221_SUFA_562,StZ_20130221_SUFA_562_1,600.0,labour,"Die 6,5 Prozent mehr decken die Teuerungsrate bei den Lebenshaltungskosten im teuren Ballungsraum kaum",Labour
StZ_20130221_SUFA_562,StZ_20130221_SUFA_562_1,600.0,labour,tarifliche Eingruppierung von Lehrern,Labour
StZ_20130221_SUFA_562,StZ_20130221_SUFA_562_1,600.0,labour,eine gerechtere Bezahlung in der Bildung,Labour
StZ_20130221_SUFA_562,StZ_20130221_SUFA_562_1,600.0,labour,"muss gleich bezahlt werden und nicht wie bisher nach dem Motto ,kleine Kinder, kleines Geld, große Kinder, großes Geld",Labour
StZ_20130306_WADS_620,StZ_20130306_WADS_620_1,600.0,labour,geforderten Tarifabschlusses,Labour
StZ_20130306_WADS_620,StZ_20130306_WADS_620_1,600.0,labour,"Frage des Anstandes und der Moral, die Beschäftigten an der wirtschaftlichen Entwicklung teilhaben zu lassen",Labour
StZ_20130306_WADS_620,StZ_20130306_WADS_620_1,600.0,labour,faire Löhne,Labour
StZ_20130306_WADS_620,StZ_20130306_WADS_620_1,600.0,labour,"rügte der Verdi-Bezirksgeschäftsführer Cuno Hägele vor allem die SPD-Finanzminister, die in der TdL diesmal den Ton angeben",Labour
StZ_20130306_WADS_620,StZ_20130306_WADS_620_1,600.0,labour,"fordern die Gewerkschaften 6,5 Prozent",Labour
StZ_20130306_WADS_620,StZ_20130306_WADS_620_1,600.0,labour,wollen sie die Einkommenslücke zu den Mitarbeitern der Kommunen schließen,Labour
StZ_20130306_WADS_620,StZ_20130306_WADS_620_1,600.0,labour,wird der um vier Tage reduzierte Urlaubsanspruch für Neueingestellte nicht akzeptiert,Labour
StZ_20130306_WADS_620,StZ_20130306_WADS_620_1,600.0,labour,verlangte Eingruppierungstarifvertrag,Labour
StZ_20130306_WADS_620,StZ_20130306_WADS_620_1,600.0,labour,"beklagte, dass tarifbeschäftigte Lehrkräfte bei gleicher Arbeit und Qualifikation bis zu 800 Euro weniger im Monat verdienen als verbeamtete Kollegen, weil die Arbeitgeber die Eingruppierung einseitig vornehmen können",Labour
StZ_20130608_PIHT_86,StZ_20130608_PIHT_86_1,600.0,labour,Druck im Tarifkonflikt,Labour
StZ_20130608_PIHT_86,StZ_20130608_PIHT_86_1,600.0,labour,fordert die Rücknahme der Kündigung des Manteltarifvertrags durch die Arbeitgeber.,Labour
StZ_20130608_PIHT_86,StZ_20130608_PIHT_86_1,600.0,labour,sollen die 220 000 Beschäftigten im Einzel- und Versandhandel pro Stunde einen Euro mehr erhalten,Labour
StZ_20130701_MSVEB_412,StZ_20130701_MSVEB_412_1,600.0,labour,gegen die Verschiebung ihrer Besoldungserhöhung,Labour
StZ_20130701_MSVEB_412,StZ_20130701_MSVEB_412_1,600.0,labour,"fordern nicht nur eine inhalts-, sondern auch zeitgleiche Übertragung des Tarifabschlusses",Labour
StZ_20130711_UADSSS_1012,StZ_20130711_UADSSS_1012_1,600.0,labour,gegen die Kürzungen,Labour
StZ_20130711_UADSSS_1012,StZ_20130711_UADSSS_1012_1,600.0,labour,Stellenstreichungen vernichten Bildungschancen und verschlechtern die Arbeitsbedingungen,Labour
StZ_20130910_NADNS_274,StZ_20130910_NADNS_274_1,600.0,labour,"der vom Bund geplante Umbau der Schifffahrtsverwaltung, dem nach Befürchtungen von Verdi bis zu 3000 der 12 000 Arbeitsplätze zum Opfer fallen könnten",Labour
StZ_20130910_NADNS_274,StZ_20130910_NADNS_274_1,600.0,labour,tarifvertragliche Vereinbarungen,Labour
StZ_20131008_JIW_297,StZ_20131008_JIW_297_1,600.0,labour,Tarifverhandlungen für Zeitungsredakteure und -volontäre,Labour
StZ_20131008_JIW_297,StZ_20131008_JIW_297_1,600.0,labour,Eine regionalisierte Gehaltsstruktur lehnen die Arbeitnehmer ab,Labour
StZ_20131218_TGAEIT_211,StZ_20131218_TGAEIT_211_1,600.0,labour,gegen Kürzungen bei den Redakteurstarifen,Labour
SZ-20140506-BPDH-136,SZ-20140506-BPDH-136_1,600.0,labour,bessere Arbeitsbedingungen der freiberuflichen Geburtshelfer protestiert,Labour
SZ-20140802-HDF-1650,SZ-20140802-HDF-1650_1,600.0,labour,"spricht von \""unhaltbaren Zuständen\"" und \""Sklavenhaltung",Labour
SZ-20141002-SPIL-394,SZ-20141002-SPIL-394_1,600.0,labour,Erhöhung der Stundenlöhne,Labour
SZ-20141002-SPIL-394,SZ-20141002-SPIL-394_1,600.0,labour,"fordert 6,5 Prozent mehr Geld",Labour
SZ-20151212-WWMG-671,SZ-20151212-WWMG-671_1,600.0,labour,gegen Stellenabbau bei seinem Arbeitgeber Globalfoundries,Labour
SZ-20151212-WWMG-671,SZ-20151212-WWMG-671_1,600.0,labour,"\""Wir sind keine Kostenfaktoren\",Labour
SZ-20170321-WIBCA-896,SZ-20170321-WIBCA-896_1,600.0,labour,Wir verkaufen uns nicht unter Wert,Labour
SZ-20170321-WIBCA-896,SZ-20170321-WIBCA-896_1,600.0,labour,"werfen Sachsens Bäckermeistern vor, seit 2003 keinen Tarifvertrag abgeschlossen zu haben",Labour
SZ-20170321-WIBCA-896,SZ-20170321-WIBCA-896_1,600.0,labour,Rund 14 Jahre ohne tarifliche Lohnerhöhung,Labour
SZ-20170321-WIBCA-896,SZ-20170321-WIBCA-896_1,600.0,labour,unterbezahlt,Labour
SZ-20170524-RAESW-580,SZ-20170524-RAESW-580_1,600.0,labour,"Zwölf-Stunden-Schichten, bis zu neun Tage Arbeit am Stück und Lohndumping lauten die Vorwürfe. DRK-Kollegen im Westen würden bis zu 900 Euro mehr verdienen, so Heinrich.",Labour
SZ-20170713-DSBAL-84,SZ-20170713-DSBAL-84_1,600.0,labour,"Verdi fordert, die Beschäftigten nach dem Tarifvertrag für den Versand- und Einzelhandel zu bezahlen",Labour
SZ-20170921-TKMFB-299,SZ-20170921-TKMFB-299_1,600.0,labour,Vor- und Nachbereitungszeit anzuerkennen und zu finanzieren,Labour
SZ-20170921-TKMFB-299,SZ-20170921-TKMFB-299_1,600.0,labour,Kita-Leitung für die administrativen Aufgaben freizustellen,Labour
WESKU00020170517ed3n00gv6,WESKU00020170517ed3n00gv6_1,600.0,labour,"Aber wenn\n die Vertretungsressourcen an allen Ecken und Enden nicht ausreichten, \nwürden die Belastungen für die Lehrer, Erzieher und letztlich auch die \nSchulleitung in einem nicht zumutbaren Maße ansteigen.",Labour
WESKU00020170518ed2b002hy,WESKU00020170518ed2b002hy_1,600.0,labour,für mehr Gehalt,Labour
WESKU00020170518ed2b002hy,WESKU00020170518ed2b002hy_1,600.0,labour,Lohnsituation in der Systemgastronomie,Labour
WESKU00020170518ed2f00iin,WESKU00020170518ed2f00iin_1,600.0,labour,Ich bin für gleiches Geld für gleiche \nArbeit,Labour
WESKU00020170518ed2f00iin,WESKU00020170518ed2f00iin_1,600.0,labour,"die Bezahlung und die Arbeitsbedingungen von allen Schulmitarbeitern, \ndie keine Beamten sind",Labour
WESKU00020170530ed5r00001,WESKU00020170530ed5r00001_1,600.0,labour,fordert in der laufenden Tarifrunde sechs Prozent mehr \nLohn und ein Mindesteinkommen von 1900 Euro brutto für \nVollzeitbeschäftigte,Labour
WESKU00020170630ed6u0009r,WESKU00020170630ed6u0009r_1,600.0,labour,Löhne im Einzelhandel anzuheben.,Labour
WESKU00020170630ed6u0009r,WESKU00020170630ed6u0009r_1,600.0,labour,Verdi fordert sechs Prozent mehr Lohn,Labour
WESKU00020170630ed6u0009r,WESKU00020170630ed6u0009r_1,600.0,labour,Vollbeschäftigte im \nEinzelhandel ein Mindesteinkommen in Höhe von 1900 Euro erhalten.,Labour
WESKU00020170630ed6u0009r,WESKU00020170630ed6u0009r_1,600.0,labour,Auszubildende sollen monatlich 100 Euro mehr Geld sowie einmalig eine \nZahlung von 150 Euro bekommen.,Labour
WESKU00020170712ed7c00024,WESKU00020170712ed7c00024_1,600.0,labour,Stellenabbau durch Digitalisierung,Labour
WESKU00020170712ed7c00024,WESKU00020170712ed7c00024_1,600.0,labour,"fordern 4,5 Prozent mehr Lohn im Innendienst der privaten Versicherer \nund um 50 Euro erhöhte Ausbildungsvergütungen.",Labour
WESKU00020170922ed9m0001j,WESKU00020170922ed9m0001j_1,600.0,labour,Sie fordern unter anderem die Schaffung neuer Stellen unter \nBerücksichtigung einer sogenannten Fachkraft-Quote und die \nRekommunalisierung privater Krankenhäuser und Abteilungen,Labour
WESKU00020170922ed9m0001j,WESKU00020170922ed9m0001j_1,600.0,labour,Sie fordern unter anderem die Schaffung neuer Stellen unter \nBerücksichtigung einer sogenannten Fachkraft-Quote,Labour
WESKU00020171018edai00024,WESKU00020171018edai00024_1,600.0,labour,nach dem Tarifvertrag für den \nöffentlichen Dienst entlohnt werden,Labour
WESKU00020171018edai0002h,WESKU00020171018edai0002h_1,600.0,labour,Druck auf die Geschäftsführung erhöhen,Labour
WESKU00020171018edai0002h,WESKU00020171018edai0002h_1,600.0,labour,Tarifverhandlungen für die Mitarbeiter,Labour
WESKU00020171207edc700023,WESKU00020171207edc700023_1,600.0,labour,"Einführung von \""strukturellem Kurzarbeitergeld\"" für die Windbranche",Labour
WESKU00020171207edc700023,WESKU00020171207edc700023_1,600.0,labour,"Die\n von der Politik herbeigeführte Konjunkturdelle rund um die \n\""Zukunftsenergie Wind\"" im Jahr 2018 und 2019 müsse man für 24 Monate \nüberbrücken, um nicht die wertvollen und gut qualifizierten Mitarbeiter \nan andere Branchen zu verlieren, so Geiken.",Labour
WESKU00020160216ec2h0002r,WESKU00020160216ec2h0002r_1,600.0,labour,Leiharbeit verbieten\,Labour
WESKU00020160216ec2h0002r,WESKU00020160216ec2h0002r_1,600.0,labour,"\""Wir müssen ein Zeichen setzen gegen die Verschlechterung der Arbeitsbedingungen\",Labour
WESKU00020160224ec2p0001c,WESKU00020160224ec2p0001c_1,600.0,labour,für eine bessere finanzielle Ausstattung der Beamten,Labour
WESKU00020160224ec2p0001c,WESKU00020160224ec2p0001c_1,600.0,labour,"\""ein Ende der Kürzungspolitik\",Labour
WESKU00020160224ec2p0001c,WESKU00020160224ec2p0001c_1,600.0,labour,"\""Der öffentliche Dienst eignet sich nicht mehr als Sparschwein - wenn weiterhin gekürzt wird, ist das ein Ausdruck von politischem Rinderwahn.\",Labour
WESKU00020160405ec4600006,WESKU00020160405ec4600006_1,600.0,labour,Forderungen nach einer Gehaltserhöhung um sechs Prozent sowie einem Plus für Auszubildende um 100 Euro monatlich,Labour
SZ-20201023-HSSDS-836,SZ-20201023-HSSDS-836_1,600.0,labour,die Schleifkörperproduktion 2021 in Uetersen bei Hamburg zu bündeln und das Werk im Dresdner Osten stillzulegen,Labour
SZ-20200312-GZSE-297,SZ-20200312-GZSE-297_1,600.0,labour,Angebot zu Tarifverhandlungen,Labour
SZ-20200822-BPEHP-544,SZ-20200822-BPEHP-544_1,600.0,labour,"Lohnerhöhungen von 6,8 Prozent",Labour
SZ-20200822-BPEHP-544,SZ-20200822-BPEHP-544_1,600.0,labour,mindestens 230 Euro mehr pro Monat,Labour
SZ-20200822-BPEHP-544,SZ-20200822-BPEHP-544_1,600.0,labour,100 Euro mehr Auszubildendenvergütung,Labour
SZ-20200822-BPEHP-544,SZ-20200822-BPEHP-544_1,600.0,labour,Einführung einer Wegegeldentschädigung,Labour
SZ-20201223-WAEAT-845,SZ-20201223-WAEAT-845_1,600.0,labour,kämpfen sie dort um Übernahme des Flächentarifvertrags für den Einzel- und Versandhandel,Labour
LEIPZ_20200106_ECAIL_708,LEIPZ_20200106_ECAIL_708_1,600.0,labour,für den Fortbestand des Unternehmens,Labour
LEIPZ_20200308_MAEED_240,LEIPZ_20200308_MAEED_240_1,600.0,labour,Lohngerechtigkeit für soziale Berufe,Labour
LEIPZ_20200510_BUPFR_281,LEIPZ_20200510_BUPFR_281_1,600.0,labour,So sollten die Hilfsgelder auch an Angestellten- und Klimaschutz gebunden,Labour
LEIPZ_20200528_KMUFA_312,LEIPZ_20200528_KMUFA_312_1,600.0,labour,Drohende Werkschließung wegen Corona,Labour
LEIPZ_20200528_KMUFA_312,LEIPZ_20200528_KMUFA_312_1,600.0,labour,gegen die Schließungspläne ihres Werkes,Labour
LEIPZ_20200630_LPKPS_457,LEIPZ_20200630_LPKPS_457_1,600.0,labour,Heute demonstrieren die #Amazon[https://mobile.twitter.com/hashtag/Amazon?src=hash&ref_src=twsrc%5Etfw] Beschäftigten mit ihrer Gewerkschaft @verdi[https://mobile.twitter.com/Verdi?ref_src=twsrc%5Etfw] für bessere Arbeitsbedingungen und die Anwendung des korrekten Tarifvertrages.,Labour
LEIPZ_20201014_KAIDC_76,LEIPZ_20201014_KAIDC_76_1,600.0,labour,höhere Löhne zahlt und einen Einzelhandel-Tarifvertrag unterzeichnet,Labour
LEIPZ_20201015_LBTÊL_1098,LEIPZ_20201015_LBTÊL_1098_1,600.0,labour,400 Euro mehr monatlichen Bruttolohn. 38 statt 39 Wochenstunden Arbeitszeit. Und einen Tag mehr Urlaub.,Labour
SACHZTG020130302e9320005i,SACHZTG020130302e9320005i_1,700.0,social,gegen die geplanten Kürzungen und für ihre Einrichtungen,Social
SACHZTG020130302e9320005i,SACHZTG020130302e9320005i_1,700.0,social,gegen den Entwurf des neuen Jugendhilfeplans,Social
SACHZTG020130302e9320005i,SACHZTG020130302e9320005i_1,700.0,social,Einrichtung soll faktisch ein Mitarbeiter gestrichen werden,Social
LEIPZV_20110506_BADASS,LEIPZV_20110506_BADASS_1,700.0,social,Gleichstellung von Menschen mit Behinderung,Social
LEIPZV_2012-10-06_DLMLE,LEIPZV_2012-10-06_DLMLE_1,700.0,social,"\""Für soziale Gerechtigkeit",Social
LEIPZV_2012-11-28_PULP,LEIPZV_2012-11-28_PULP_1,700.0,social,kritisierten die sächsische Sparpolitik,Social
LEIPZV_20120316_FIDI,LEIPZV_20120316_FIDI_1,700.0,social,aktiv gegen Altersarmut anzukämpfen,Social
LEIPZV_20130321_TFBUB,LEIPZV_20130321_TFBUB_1,700.0,social,die Fahrpreise für Busse und Bahnen einzufrieren,Social
LEIPZV_20130912_DFBIF,LEIPZV_20130912_DFBIF_1,700.0,social,KempnerEtwa 80 Betroffene und Sympathisanten haben gestern Mittag vor dem Hauptbahnhof für Barrierefreiheit in der neuen Unterführung zwischen dem kleinen Willy-Brandt-Platz und den Promenaden demonstriert,Social
WESKU00020110107e7170007l,WESKU00020110107e7170007l_1,700.0,social,unsoziale Politik,Social
WESKU00020110304e734000ao,WESKU00020110304e734000ao_1,700.0,social,"statt bei den Beschäftigten des öffentlichen Dienstes zu sparen, solle die Politik für ein gerechtes Steuersystem sorgen und „das Geld bei denen holen, die es haben“",Social
WESKU00020110506e756000b1,WESKU00020110506e756000b1_1,700.0,social,gegen Diskriminierung behinderter Menschen,Social
WESKU00020110506e756000b1,WESKU00020110506e756000b1_1,700.0,social,Die Umsetzung der UN-Behindertenrechtskonvention im Lande Bremen unter Mitwirkung der Betroffenen,Social
WESKU00020110506e756000b1,WESKU00020110506e756000b1_1,700.0,social,"bemängelt, dass in Bremen leider noch nicht viel geschehen sei, wenngleich auch im Bereich inklusive Schulen ein hoffnungsvoller Anfang gemacht wurde",Social
WESKU00020110506e756000b1,WESKU00020110506e756000b1_1,700.0,social,"In anderen Lebensbereichen wie Arbeit, Kultur, Sport oder Wohnen müsse sich der Umgang mit behinderten Menschen und deren Bild in der Öffentlichkeit ändern, damit sie ein selbstbestimmtes Leben führen können",Social
WESKU00020110506e756000b1,WESKU00020110506e756000b1_1,700.0,social,Viele Gebäude sind immer noch nicht barrierefrei oder für Rollstuhlfahrer nicht ohne fremde Hilfe zu erreichen,Social
WESKU00020111001e7a1000bs,WESKU00020111001e7a1000bs_1,700.0,social,Scharf ging er auch mit der von Ursula von der Leyen lancierten Zuschuss-Rente ins Gericht,Social
WESKU00020111001e7a1000bs,WESKU00020111001e7a1000bs_1,700.0,social,"alle in die Pflegeversicherung einzahlen, auch Selbstständige und Beamte",Social
WESKU00020111001e7a1000bs,WESKU00020111001e7a1000bs_1,700.0,social,In der Gesundheitspolitik geht es um Wachstum und Kommerz,Social
WESKU00020111006e7a6000aj,WESKU00020111006e7a6000aj_1,700.0,social,Kinderbetreuung ist kein Ehrenamt,Social
WESKU00020111214e7ce0009m,WESKU00020111214e7ce0009m_1,700.0,social,"Die Kundgebung der Polizei-, Feuerwehr- und Justizbeamten richtete sich gegen die geplante Anhebung des Renteneinstiegsalters um zwei Jahre auf 62 Jahre sowie gegen den Plan, die Beamten mit einem Pauschalbetrag an den Heilfürsorgekosten zu beteiligen.",Social
WESKU00020120504e85400050,WESKU00020120504e85400050_1,700.0,social,"Barrierefreiheit, die Umsetzung der UN-Behindertenrechtskonvention, Frauenbeauftragte in Wohneinrichtungen und Werkstätten und mehr Mitbestimmung",Social
WESKU00020120504e85400050,WESKU00020120504e85400050_1,700.0,social,Gleichberechtigung in den Werkstätten für Behinderte,Social
WESKU00020121029e8au0002h,WESKU00020121029e8au0002h_1,700.0,social,"gegen die Möglichkeit der Jobcenter, den Regelsatz zu kürzen",Social
WESKU00020130702e9730001l,WESKU00020130702e9730001l_1,700.0,social,neue Schwerbehindertenausweis,Social
WESKU00020130702e9730001l,WESKU00020130702e9730001l_1,700.0,social,Neuer Behindertenausweisim Scheckkarten-Format,Social
WESKU00020130806e98700017,WESKU00020130806e98700017_1,700.0,social,Probleme in der Pflege,Social
WESKU00020130806e98700017,WESKU00020130806e98700017_1,700.0,social,Notwendig sei eine Reform des Pflegesystems,Social
WESKU00020140505ea5600015,WESKU00020140505ea5600015_1,700.0,social,Kritik an zu hohen Haftpflichtprämien,Social
WESKU00020140505ea5600015,WESKU00020140505ea5600015_1,700.0,social,bemängelten die Reformvorschläge von Bundesgesundheitsminister Hermann Gröhe (CDU),Social
WESKU00020140512ea5d0001k,WESKU00020140512ea5d0001k_1,700.0,social,für bessere Arbeitsbedingungen im Pflegebereich,Social
WESKU00020140623ea6o0001i,WESKU00020140623ea6o0001i_1,700.0,social,gegen Wasser- und Stromsperren durch die Versorger,Social
WESKU00020150505eb5600018,WESKU00020150505eb5600018_1,700.0,social,gegen Diskriminierung behinderter Menschen und für mehr Inklusion,Social
WESKU00020150505eb5600018,WESKU00020150505eb5600018_1,700.0,social,kritisierten bei diesem Mal vor allem die fehlende Zugänglichkeit zu öffentlichen Plätzen und Gebäuden,Social
WESKU00020150509eb5a00013_SUN,WESKU00020150509eb5a00013_SUN_1,700.0,social,für Freigabe von Cannabis,Social
WESKU00020150509eb5a00013_SUN,WESKU00020150509eb5a00013_SUN_1,700.0,social,"fordern, Marihuana als Medizin, als Genussmittel und als Rohstoff nutzen zu können",Social
WESKU00020180611ee6b000e3,WESKU00020180611ee6b000e3_1,700.0,social,"Die Rechnung, dass es billiger ist, falsch zu parken als einen Stellplatz anzumieten, geht für Autofahrer in Bremen auf",Social
WESKU00020181206eec60001d,WESKU00020181206eec60001d_1,700.0,social,Freiwillige fordern günstige Tickets,Social
WESKU00020181206eec60001d,WESKU00020181206eec60001d_1,700.0,social,von der Stadt ein Monatsticket für den öffentlichen Nahverkehr finanziert bekommen,Social
WESKU00020190411ef4b0001d,WESKU00020190411ef4b0001d_1,700.0,social,jährlich steigende Betriebskosten,Social
WESKU00020190411ef4b0001d,WESKU00020190411ef4b0001d_1,700.0,social,nicht nachvollziehbare Nebenkostenabrechnungen,Social
WESKU00020190411ef4b0001d,WESKU00020190411ef4b0001d_1,700.0,social,Mieterhöhungen,Social
WESKU00020190411ef4b0001d,WESKU00020190411ef4b0001d_1,700.0,social,schlechten Service,Social
WESKU00020190502ef520000z,WESKU00020190502ef520000z_1,700.0,social,sozialeres Europa,Social
WESKU00020200524eg5o00019,WESKU00020200524eg5o00019_5,700.0,social,Soziale Veränderung,Social
WESKU00020200722eg7m0002a,WESKU00020200722eg7m0002a_1,700.0,social,"ist dieser 21. Juli schon seit vielen Jahren der Tag, an dem um Drogentote getrauert wird. Das war am Dienstag nicht anders, als am Ziegenmarkt im Bremer Viertel im Rahmen einer Kundgebung ein Kranz niedergelegt und kurze Reden gehalten wurden",Social
WESKU00020201107egb60002m,WESKU00020201107egb60002m_3,700.0,social,Verbesserung der Sportförderung,Social
WESKU00020200508eg5600bll,WESKU00020200508eg5600bll_1,700.0,social,für eine bessere Inklusion und gleichberechtigte Teilhabe,Social
SZ-20190307-IVNDP-610,SZ-20190307-IVNDP-610_1,700.0,social,Wir lassen uns nicht kaputtspahn! Gesundheit ist keine Ware,Social
SZ-20190408-PGMAD-482,SZ-20190408-PGMAD-482_1,700.0,social,"fordert eine Mietpreisbremse für die Stadt, auch die Enteignung von Wohnungsgesellschaften",Social
SZ-20190822-EDVO-260,SZ-20190822-EDVO-260_1,700.0,social,Die wohnungslosen Menschen sollen in die Einrichtung auf der Straße Zur Wetterwarte umziehen,Social
SZ-20190822-EDVO-260,SZ-20190822-EDVO-260_1,700.0,social,"Da aber viele der Bewohner im Rollstuhl sitzen oder anderweitig körperlich stark eingeschränkt sind, wehren sie sich dagegen, da sie in Klotzsche zu weit weg vom Zentrum seien",Social
SZ-20190823-WDUPP-334,SZ-20190823-WDUPP-334_1,700.0,social,Parkeintritt von drei Euro für Erwachsene,Social
SZ-20191107-PBZAE-451,SZ-20191107-PBZAE-451_1,700.0,social,gegen eine Zwangsräumung,Social
SZ-20191107-PBZAE-451,SZ-20191107-PBZAE-451_1,700.0,social,mögliche Wohnungslosigkeit in der kalten Jahreszeit,Social
LEIPZV0020180108ee180002u,LEIPZV0020180108ee180002u_1,700.0,social,Die Preise für Lebensmittel und andere Dinge des täglichen Bedarfs sind gestiegen und immer weniger Leute können sich einfachste Dinge problemlos leisten,Social
LEIPZV0020180413ee4d0002h,LEIPZV0020180413ee4d0002h_1,700.0,social,Straßenausbaubeiträge abzuschaffen,Social
LEIPZO0020190706ef7600a3x,LEIPZO0020190706ef7600a3x_1,700.0,social,Gesundheitspolitik,Social
LEIPZO0020190706ef7600a3x,LEIPZO0020190706ef7600a3x_1,700.0,social,dass im Gesundheitssystem alle gleich behandelt werden,Social
STUGTR0020160725ec7p0006r,STUGTR0020160725ec7p0006r_1,700.0,social,Mieten werden steigen,Social
STUGTR0020181217eech0000y,STUGTR0020181217eech0000y_1,700.0,social,Renten,Social
STUGTR0020190921ef9l0000s,STUGTR0020190921ef9l0000s_1,700.0,social,für eine soziale,Social
STUGTR0020191025efap0009d,STUGTR0020191025efap0009d_1,700.0,social,für den Erhalt der,Social
STUGTR0020191112efbc0005v,STUGTR0020191112efbc0005v_1,700.0,social,gegen Hartz IV,Social
STUGTR0020191112efbc0005v,STUGTR0020191112efbc0005v_1,700.0,social,Grundrente,Social
STUGTR0020200502eg520004m,STUGTR0020200502eg520004m_1,700.0,social,Der Fernunterricht sei „trotz aller Anstrengungen der Lehrkräfte sozial zutiefst ungerecht“,Social
LEIPZO0020160106ebch0018n,LEIPZO0020160106ebch0018n_1,700.0,social,Anlaufstelle bieten,Social
LEIPZO0020160106ebch0018n,LEIPZO0020160106ebch0018n_2,700.0,social,"Häuser denen, die sie brauchen",Social
LEIPZO0020160110eban000dh,LEIPZO0020160110eban000dh_3,700.0,social,Obdachlose,Social
LEIPZV0020140521ea52000rv,LEIPZV0020140521ea52000rv_1,700.0,social,"die \""Würde des Menschen sowie der Mindestlohn keine Ausnahme\"" kenne",Social
LEIPZV0020140617ea6h0002v,LEIPZV0020140617ea6h0002v_1,700.0,social,gegen Sozialabbau,Social
LEIPZV0020141107eab70002d,LEIPZV0020141107eab70002d_1,700.0,social,Im Falle einer Räumung stehen eine Vielzahl an Menschen und Wägen buchstäblich auf der Straße.,Social
LEIPZV0020150528eb5s0002j,LEIPZV0020150528eb5s0002j_1,700.0,social,für eine menschenwürdige Pflege,Social
LEIPZV0020160502ec5200030,LEIPZV0020160502ec5200030_1,700.0,social,"Die Rente müsse \""armutsfest und den Lebensstandard sichernd\",Social
LEIPZV0020160523ec5n0002d,LEIPZV0020160523ec5n0002d_1,700.0,social,Entmietung,Social
StZ_20091116_AVMK_225,StZ_20091116_AVMK_225_1,700.0,social,"In der Stuttgarter Innenstadt haben am Samstag geschätzte 2000 Mobilfunkgegner teilweise in Schutzanzügen demonstriert und die Schaffung \""strahlungsfreier Lebensräume\"" gefordert",Social
StZ_20091116_AVMK_225,StZ_20091116_AVMK_225_1,700.0,social,Aktionsbündnis für strahlungsfreie Lebensräume,Social
StZ_20100503_VGUEIR_511,StZ_20100503_VGUEIR_511_1,700.0,social,"kritisierte den \""sozialen Kahlschlag\"" durch die Politik",Social
StZ_20100512_VPFA_313,StZ_20100512_VPFA_313_1,700.0,social,die wachsende Finanznot der Städte und Gemeinden,Social
StZ_20100518_FDGID_432,StZ_20100518_FDGID_432_1,700.0,social,für mehr Investitionen in den Ausbau des öffentlichen Personennahverkehrs - davon profitiere auch die Jugend,Social
StZ_20110131_LRGDB_460,StZ_20110131_LRGDB_460_1,700.0,social,"\""soziale Selektion und neoliberale Bildungspolitik\"" müsse grundlegend verändert werden",Social
StZ_20120327_BKMFM_461,StZ_20120327_BKMFM_461_1,700.0,social,Verteilungs­ungerechtigkeit in Deutschland,Social
StZ_20120327_BKMFM_461,StZ_20120327_BKMFM_461_1,700.0,social,"Wir müssen aufhören damit, bei der Besteuerung großer Erbschaften und Vermögen eine Steueroase zu sein',",Social
StZ_20120327_BKMFM_461,StZ_20120327_BKMFM_461_1,700.0,social,dass nun von oben nach unten 'umverteilt' werden müsse,Social
StZ_20120327_BKMFM_461,StZ_20120327_BKMFM_461_1,700.0,social,Wir haben es mit einer Krise des Steuerstaates zu tun,Social
StZ_20120327_BKMFM_461,StZ_20120327_BKMFM_461_1,700.0,social,"Der Staat leiste sich den Luxus, seine Vermögensbesitzer zu privilegieren und das fehlende Geld bei den Vermögenden auszuleihen",Social
StZ_20120327_BKMFM_461,StZ_20120327_BKMFM_461_1,700.0,social,"Zugleich würden die Aufgaben reduziert, so dass die Konsolidierung auf dem Rücken der Beschäftigten ausgetragen werde",Social
StZ_20120331_TUEWAI_599,StZ_20120331_TUEWAI_599_1,700.0,social,gegen das neue Fördermodell in der Tagespflege,Social
StZ_20120913_NDNIO_657,StZ_20120913_NDNIO_657_1,700.0,social,. Der Grund: die Apotheker fordern vom Gesetzgeber einen höheren Festzuschlag für Arzneimittel auf Rezept,Social
StZ_20120913_NDNIO_657,StZ_20120913_NDNIO_657_1,700.0,social,"Die angebotene Erhöhung von 25 Cent ist nach Ansicht des Apothekerverbandes nicht ausreichend, gefordert wird ein Zuschlag von 9,14 Euro pro verschriebenem Medikament.",Social
StZ_20130402_OIZDS_372,StZ_20130402_OIZDS_372_1,700.0,social,"sollten die 33,3 Milliarden Euro des deutschen Verteidigungshaushalts besser für soziale Zwecke ausgegeben werden",Social
StZ_20130624_ADBKM_137,StZ_20130624_ADBKM_137_1,700.0,social,gegen soziale Ungerechtigkeit,Social
SZ-20140224-LSUFN-161,SZ-20140224-LSUFN-161_1,700.0,social,kaum noch bezahlbare Wohnungen,Social
SZ-20140224-LSUFN-161,SZ-20140224-LSUFN-161_1,700.0,social,Damit Wohnen bezahlbar bleibt,Social
SZ-20150217-LALA-570,SZ-20150217-LALA-570_2,700.0,social,Umkehr des demografischen Wandels,Social
SZ-20170722-SUEHH-825,SZ-20170722-SUEHH-825_1,700.0,social,"Die Organisation \""Keine Drogen in Dresden\"" wolle auf die Situation am Wiener Platz aufmerksam machen. Damit meint Sabine Ban die Drogenszene, die sich dort etabliert hat und gegen die die Polizei immer wieder mit Razzien vorgeht",Social
SZ-20170722-SUEHH-825,SZ-20170722-SUEHH-825_2,700.0,social,Anti-Drogen-Demo,Social
SZ-20170921-TKMFB-299,SZ-20170921-TKMFB-299_1,700.0,social,Weil Kinder Zeit brauchen,Social
WESKU00020170517ed3800oe1,WESKU00020170517ed3800oe1_1,700.0,social,"Die Bewohner fürchten, \ndass sie die Mieten nicht bezahlen können",Social
WESKU00020170517ed3800oe1,WESKU00020170517ed3800oe1_1,700.0,social,"Wir \nbleiben bis zum Ende, dafür kämpfen wir mit allen rechtlichen Mitteln",Social
WESKU00020170517ed3u00f9y,WESKU00020170517ed3u00f9y_1,700.0,social,Gerd-Rolf Rosenberger übergab zudem eine Unterschriftensammlung für die Wiederaufnahme des Mittagstischs,Social
WESKU00020160309ec3a0001q,WESKU00020160309ec3a0001q_1,700.0,social,Nach Ansicht von Busch ist der Wegfall des Krisendienstes rechtlich nicht zulässig,Social
SZ-20201019-BADSSS-328,SZ-20201019-BADSSS-328_1,700.0,social,"Menschen, die nicht aus Akademikerfamilien stammen oder trotz harter Arbeit die hohen Mieten nicht bezahlen können, sind gezwungen, ihre Häuser zu verlassen",Social
SZ-20200518-MAEBC-669,SZ-20200518-MAEBC-669_1,700.0,social,"und wieder andere sprachen von einem erfundenen Virus, das die Menschen gefügig machen solle",Social
LEIPZ_20200507_NMFDL_2456,LEIPZ_20200507_NMFDL_2456_1,700.0,social,Ablehnung der Corona-Schutzmaßnahmen,Social
LEIPZ_20200512_DFNGH_414,LEIPZ_20200512_DFNGH_414_1,700.0,social,ging es um die Einschränkungen zur Eindämmung der Corona-Pandemie,Social
LEIPZ_20200512_DFNGH_414,LEIPZ_20200512_DFNGH_414_1,700.0,social,"sei eine Illusion, zu glauben, das Coronavirus sei gefährlich",Social
LEIPZ_20201114_BUZTD_387,LEIPZ_20201114_BUZTD_387_1,700.0,social,Corona-Leugnern,Social
LEIPZ_20201126_NCNIL_499,LEIPZ_20201126_NCNIL_499_1,700.0,social,Steigenden Mieten die rote Karte zeigen - Für bezahlbaren Wohnraum für alle - Gemeinsam gegen Mietwahnsinn und Verdrängung!“,Social
LEIPZ_20201212_LAIAM_725,LEIPZ_20201212_LAIAM_725_1,700.0,social,Corona-Leugnern und -Skeptikern,Social
LEIPZV0020160502ec5200030,LEIPZV0020160502ec5200030_1,700.0,social,Mehr Zeit für Solidarität,Social
StZ_20130604_PUEZPM_239,StZ_20130604_PUEZPM_239_1,700.0,social,"Brücken der Solidarität. Eine Solidarität, die auch von hier ausgeht - aus unserer Stadt und unserem Widerstand gegen S 21",Social
LEIPZ_20200530_QDFFA_770,LEIPZ_20200530_QDFFA_770_1,700.0,social,trotz wahrscheinlich getürkter Totenbescheinigungen nur 8000 Tote“ gegeben,Social
LEIPZ_20201219_BPADD_430,LEIPZ_20201219_BPADD_430_2,700.0,social,erinnert an Todesopfer,Social
SACHZTG020130117e91h0003z,SACHZTG020130117e91h0003z_1,800.0,education,"Strom, Wasser und Heizung sind abgestellt",Education
SACHZTG020130117e91h0003z,SACHZTG020130117e91h0003z_1,800.0,education,Bis dahin harren einige der Studenten in der Baracke aus,Education
SACHZTG020130219e92j000b9,SACHZTG020130219e92j000b9_1,800.0,education,für den Erhalt von Ausbildungsgängen,Education
SACHZTG020130219e92j000b9,SACHZTG020130219e92j000b9_1,800.0,education,Aus zahlreicher Ausbildungsgänge,Education
SACHZTG020130219e92j000b9,SACHZTG020130219e92j000b9_1,800.0,education,Wegfall von Ausbildungsgängen,Education
SACHZTG020120908e8980004t,SACHZTG020120908e8980004t_1,800.0,education,zu wenige Lehrer für immer mehr Schüler,Education
SACHZTG020120908e8980004t,SACHZTG020120908e8980004t_1,800.0,education,steigende Arbeitsbelastung,Education
SACHZTG020120908e8980004t,SACHZTG020120908e8980004t_1,800.0,education,ungerechter Verdienst,Education
SACHZTG020121026e8aq000j4,SACHZTG020121026e8aq000j4_1,800.0,education,fordern eine bessere personelle Ausstattung der Kitas,Education
SACHZTG020121118e8bh0005l,SACHZTG020121118e8bh0005l_1,800.0,education,versprochene Räume zum Arbeiten und Lernen,Education
LEIPZV_20111115_SFAFD,LEIPZV_20111115_SFAFD_1,800.0,education,gegen geplante Einsparungen im Hochschulbereich,Education
LEIPZV_2012-09-03_BKSGO,LEIPZV_2012-09-03_BKSGO_1,800.0,education,"Anfang Juli war die mögliche Verkürzung der Öffnungszeiten der Campusbibliothek bekannt gegeben worden, da nicht genügend Mittel zum weiteren Betrieb zur Verfügung standen (die LVZ berichtete). Ihren Unmut hierüber zeigten Studierende damals mit einem Protestplenum und Mahnwachen in der Nacht.",Education
LEIPZV_2012-09-03_BKSGO,LEIPZV_2012-09-03_BKSGO_2,800.0,education,"Das wollen die Studierenden der Uni Leipzig nutzen, um mit einer Petition auf die notwendigen Ausgaben, unter anderem für die Universitätsbibliotheken, aufmerksam zu machen.",Education
LEIPZV_20120229_KBI,LEIPZV_20120229_KBI_1,800.0,education,dass die Begründung für eine Aussetzung des Studienganges fadenscheinig war,Education
LEIPZV_20130227_AUEMD,LEIPZV_20130227_AUEMD_1,800.0,education,"Anne-Kathrin Gitter vom Promovierendenrat warf der DNB-Generaldirektion in Frankfurt/Main vor, den Wissenschaftsstandort Leipzig nachhaltig zu beschädigen und den Ruf der Deutschen Bücherei zu ruinieren",Education
LEIPZV_20130710_ZWWFD,LEIPZV_20130710_ZWWFD_1,800.0,education,"\""Bildung braucht Raum und Farbe\"" erinnerte noch an die Aktion, mit der die unter dem Alias-Namen Alex Kramer firmierende Gruppe einen \""selbstverwalteten Rückzugsort\"" an der Alma mater geschaffen hatte.",Education
WESKU00020110303e733000hx,WESKU00020110303e733000hx_1,800.0,education,zwei erste Klassen einzurichten,Education
WESKU00020110623e76n0003g,WESKU00020110623e76n0003g_1,800.0,education,für eine finanzielle Gleichstellung ihrer Arbeit mit staatlichen Betreuungsinstitutionen,Education
WESKU00020110623e76n0003g,WESKU00020110623e76n0003g_1,800.0,education,Forderung nach einer Angleichung der finanziellen Mittel an andere Träger von Kindertageseinrichtungen,Education
WESKU00020110908e798000ap,WESKU00020110908e798000ap_1,800.0,education,Rücknahme der Stundenkürzungen an den gymnasialen Oberstufen,Education
WESKU00020110908e798000ap,WESKU00020110908e798000ap_1,800.0,education,Einbeziehung der Schüler in die Entscheidungsprozesse,Education
WESKU00020110924e79o000ax,WESKU00020110924e79o000ax_1,800.0,education,besseren finanziellen Ausstattung des Bildungssektors,Education
WESKU00020110924e79o000ax,WESKU00020110924e79o000ax_1,800.0,education,mehr Beteiligung an den Entscheidungsprozessen,Education
WESKU00020110924e79o000ax,WESKU00020110924e79o000ax_2,800.0,education,"kritisiert das Kollegium, dass am Alten Gymnasium aufgrund der behördlichen Vorgaben ein Profil habe gestrichen werden müssen",Education
WESKU00020111006e7a600030,WESKU00020111006e7a600030_1,800.0,education,gegen Einschnitte in die Unterrichtsversorgung,Education
WESKU00020111006e7a6000aj,WESKU00020111006e7a6000aj_1,800.0,education,Elternvereine fordern mehr Geld Finanzielle Gleichstellung mit Kindergärten verlangt,Education
WESKU00020111007e7a7000c1,WESKU00020111007e7a7000c1_1,800.0,education,gegen die Kürzungen im Bildungsbereich zu protestieren,Education
WESKU00020111008e7a8000bd,WESKU00020111008e7a8000bd_1,800.0,education,Forderungen nach einer besseren finanziellen Ausstattung des Bildungsbereichs,Education
WESKU00020111209e7c90009n,WESKU00020111209e7c90009n_1,800.0,education,"Mit einem 30 Stunden währenden Bildungsmarathon wollten Schüler und Lehrer gegen geplante Änderungen in der Einführungsphase der Oberstufe protestieren und Dinge tun, die sie im regulären Schulbetrieb nicht mehr machen können: experimentieren, diskutieren und nach den eigenen Interessen wählen. „Wir haben nur noch Frontalunterricht“ beklagten die Schüler.",Education
WESKU00020120713e87d00018,WESKU00020120713e87d00018_1,800.0,education,gegen die Kürzungen der Bildungsbehörde,Education
WESKU00020121114e8bf0001d,WESKU00020121114e8bf0001d_1,800.0,education,"\""Schule bereitet uns darauf vor, dass wir später als Humankapital verwertet werden\",Education
WESKU00020121114e8bf0001d,WESKU00020121114e8bf0001d_1,800.0,education,"gegen Lehrermangel, Stundenausfälle und Kürzungen im Bildungsetat",Education
WESKU00020121119e8bk0001h,WESKU00020121119e8bk0001h_1,800.0,education,gegen Einsparungen in der Bildungspolitik,Education
WESKU00020121122e8bn0001n,WESKU00020121122e8bn0001n_1,800.0,education,gegen die allgemeinen Lernbedingungen,Education
WESKU00020121212e8cd000hy,WESKU00020121212e8cd000hy_1,800.0,education,Den Schulen fehlen die notwendigen Ressourcen,Education
WESKU00020121212e8cd000hy,WESKU00020121212e8cd000hy_1,800.0,education,"Unterrichtsausfall, Kürzungen bei Lehrerfortbildungen und einen schlechten Zustand von Schulen sowie Lehrmaterialien",Education
WESKU00020120706e8760008d,WESKU00020120706e8760008d_1,800.0,education,"\""Bessere Erreichbarkeit\"", \""Ansprechpartner mit mehr Ahnung\"" und, \""dass die Noten vom Wintersemester endlich eingetragen werden\"". Diese Forderungen an das Zentrale Prüfungsamt der Universität Bremen waren auf einem Banner zu lesen, mit dem Studierende gestern Mittag für rund zwei Stunden für eine bessere Ausstattung der Verwaltungsstelle demonstrierten.",Education
WESKU00020120712e87c000b0,WESKU00020120712e87c000b0_1,800.0,education,Lehrer und Schüler demonstrieren gegen Kürzungen,Education
WESKU00020121101e8b20006r,WESKU00020121101e8b20006r_1,800.0,education,an der Lehre gespart werde,Education
WESKU00020130120e91l000i1,WESKU00020130120e91l000i1_1,800.0,education,Schulentwicklung,Education
WESKU00020130515e95g0001g,WESKU00020130515e95g0001g_1,800.0,education,die Aufstockung des Bildungsetats auf 20 Millionen Euro,Education
WESKU00020130515e95g0001g,WESKU00020130515e95g0001g_1,800.0,education,eine Fortsetzung des Programms für Schulsozialarbeiter,Education
WESKU00020130515e95g0001g,WESKU00020130515e95g0001g_1,800.0,education,Die falsche Sparpolitik muss geändert werden,Education
WESKU00020131204e9c50001e,WESKU00020131204e9c50001e_1,800.0,education,mehr Geld für den Bereich Bildung und Wissenschaft,Education
WESKU00020131204e9c50001e,WESKU00020131204e9c50001e_1,800.0,education,Erhalt aller Stellen an den Bremer Hochschulen,Education
WESKU00020131106e9b700003,WESKU00020131106e9b700003_1,800.0,education,Seit Montag demonstrieren sie mit zahlreichen Aktionen auf dem Campus und in der Innenstadt gegen die Sparpläne der Bildungsbehörde. Insgesamt sollen 130 Stellen von wissenschaftlichen und technischen Mitarbeitern sowie von Verwaltungsangestellten abgebaut werden.,Education
WESKU00020131106e9b70001f,WESKU00020131106e9b70001f_1,800.0,education,"Weil die Einrichtung jährlich Defizite in Höhe von rund fünf Millionen Euro einfährt, sollen in den kommenden Jahren insgesamt 130 Stellen abgebaut werden - einerseits bei den wissenschaftlichen Mitarbeiter, wie beispielsweise Doktoranden, andererseits in den Bereichen Technik und Verwaltung. Dagegen wollen sich Studenten und Mitarbeiter gemeinsam wehren.",Education
WESKU00020140408ea490001r,WESKU00020140408ea490001r_1,800.0,education,Kürzungen an den Privatschulen gestoppt,Education
WESKU00020140618ea6j0001g,WESKU00020140618ea6j0001g_1,800.0,education,gegen Kürzungen / Sechs Studiengänge stehen auf dem Prüfstand,Education
WESKU00020140618ea6j0001g,WESKU00020140618ea6j0001g_1,800.0,education,kritisieren den Wissenschaftsplan 2020 und wehren sich gegen die Prüfaufträge,Education
WESKU00020150204eb250001h,WESKU00020150204eb250001h_1,800.0,education,Sparpläne,Education
WESKU00020150228eb310001b_SUN,WESKU00020150228eb310001b_SUN_1,800.0,education,eine bessere Ausstattung der Arbeitsplätze,Education
WESKU00020150317eb3i00018,WESKU00020150317eb3i00018_1,800.0,education,Der Studiengang Journalistik an der Hochschule Bremen wird gestrichen,Education
WESKU00020151119ebbk00014,WESKU00020151119ebbk00014_1,800.0,education,"100 neue Lehrer für Bremen. Weil bei ihrer Tochter über die Hälfte der Wochenstunden ausgefallen sind, ist die Mutter in die Offensive gegangen.",Education
WESKU00020190502ef520000z,WESKU00020190502ef520000z_1,800.0,education,mehr Investitionen in die Bildung,Education
WESKU00020190926ef9q0001h,WESKU00020190926ef9q0001h_1,800.0,education,mehr Zeit für Nachwuchsförderung im Arbeitsalltag,Education
WESKU00020190926ef9q0001h,WESKU00020190926ef9q0001h_1,800.0,education,"genug Zeit für Praxisausbilder, sich mit jungen Pflegekräften zu beschäftigen",Education
WESKU00020200709eg790002b,WESKU00020200709eg790002b_1,800.0,education,"Jetzt fordern mehr als 1200 Unterzeichner einer Petition der Bildungsgewerkschaft GEW Bremen, es solle weiter in halben Klassen unterrichtet und dafür das Betreuungspersonal aufgestockt werden.",Education
WESKU00020200709eg790002b,WESKU00020200709eg790002b_2,800.0,education,"\""Kleine Kundgebung für kleine Gruppen\",Education
WESKU00020200812eg8c0002y,WESKU00020200812eg8c0002y_1,800.0,education,In Schulen sollte Antirassismus im Unterricht stärker vorkommen.,Education
SZ-20190316-UGVS-633,SZ-20190316-UGVS-633_1,800.0,education,für den Klimaschutz demonstriert,Education
SZ-20190316-UGVS-633,SZ-20190316-UGVS-633_1,800.0,education,Zwei weitere Forderung sind der endgültige Kohleausstieg und die Abkehr von Automobilen als Transportmittel,Education
SZ-20190531-SGDUM-672,SZ-20190531-SGDUM-672_1,800.0,education,weiteres Absinken der Bewerberzahlen,Education
SZ-20190704-HISLS-425,SZ-20190704-HISLS-425_1,800.0,education,In der 144. Grundschule staue sich die Hitze extrem,Education
SZ-20191128-KABTH-914,SZ-20191128-KABTH-914_2,800.0,education,"Blockade sofort, friedlich und freiwillig zu beenden",Education
SZ-20191128-KABTH-914,SZ-20191128-KABTH-914_2,800.0,education,planmäßige Lehrbetrieb im HSZ störungsfrei aufrechterhalten,Education
LEIPZO0020180920ee9d005gv,LEIPZO0020180920ee9d005gv_1,800.0,education,Freiraums am Campus,Education
LEIPZV0020180623ee6n0003h,LEIPZV0020180623ee6n0003h_1,800.0,education,gleichberechtigten Zugang für Flüchtlinge,Education
LEIPZV0020180623ee6n0003h,LEIPZV0020180623ee6n0003h_1,800.0,education,grundlegend verändertes Schulsystem,Education
LEIPZV0020180921ee9l0002y,LEIPZV0020180921ee9l0002y_1,800.0,education,"eine neue Grundlage zur Berechnung des Betreuungsschlüssels: Elterngespräche, Vernetzungsarbeit, Leitungsaufgaben und die Vor- und Nachbereitung pädagogischer Angebote sollen nicht mehr als Betreuungszeit gelten",Education
StZ_20140303_PTDD_636,StZ_20140303_PTDD_636_1,800.0,education,macht die Kinder bindungsunfähig,Education
StZ_20140407_PMDDD_648,StZ_20140407_PMDDD_648_1,800.0,education,Gegner des Bildungsplanenwurfs 2015,Education
StZ_20140505_JPFSV_446,StZ_20140505_JPFSV_446_1,800.0,education,Bildungsplan-Befürworter,Education
STUGTR0020150626eb6q0004g,STUGTR0020150626eb6q0004g_1,800.0,education,Hochschulfinanzierungsvertrag,Education
STUGTR0020160229ec2t0003r,STUGTR0020160229ec2t0003r_1,800.0,education,die sich gegen den Bildungsplan der,Education
STUGTR0020170424ed4o00069,STUGTR0020170424ed4o00069_1,800.0,education,"Forschen statt Faken“ und „Science, not silence“ – mit solchen und ähnlichen Transparenten sind am Samstag beim weltweit in vielen Städten ausgetragenen March for Science Zigtausende Menschen auf die Straße gegangen, um sich für eine uneingeschränkte Wissenschaft stark zu machen",Education
STUGTR0020191031efav0002w,STUGTR0020191031efav0002w_1,800.0,education,gegen Einschränkungen in der Lehre,Education
STUGTR0020200502eg520004m,STUGTR0020200502eg520004m_1,800.0,education,„Wir fordern die Absage der Prüfungen sowie eine freiwillige Prüfung“,Education
STUGTR0020200706eg760003j,STUGTR0020200706eg760003j_1,800.0,education,Im,Education
STUGTR0020200706eg760003j,STUGTR0020200706eg760003j_1,800.0,education,"Kein Kind darf auf der Strecke bleiben, die Kommunikation",Education
STUGTR0020200918eg9i0005u,STUGTR0020200918eg9i0005u_1,800.0,education,gegen eine Klassenzusammenlegung,Education
LEIPZO0020160106ea4n001t6,LEIPZO0020160106ea4n001t6_1,800.0,education,damit verbundenen Institutsschließungen,Education
LEIPZO0020160106ea4n001t6,LEIPZO0020160106ea4n001t6_1,800.0,education,mehr Transparenz vom Uni-Rektorat,Education
LEIPZO0020191104ea410013s,LEIPZO0020191104ea410013s_1,800.0,education,Schulsozialarbeit in Sachsen gesetzlich zu verankern,Education
LEIPZO0020191104ea4n0012n,LEIPZO0020191104ea4n0012n_1,800.0,education,gegen Stellenkürzungen an der Universität Leipzig,Education
LEIPZO0020191104ea7e001df,LEIPZO0020191104ea7e001df_1,800.0,education,Das Rektorat muss die Stellenstreichungen zurücknehmen,Education
LEIPZO0020191104ea8d00103,LEIPZO0020191104ea8d00103_1,800.0,education,Stärkung der sächsischen Wissenschaft,Education
LEIPZO0020191104ea8d00103,LEIPZO0020191104ea8d00103_2,800.0,education,bessere Ausstattung der Bildungspolitik,Education
LEIPZV0020140130PADCU395,LEIPZV0020140130PADCU395_1,800.0,education,Gegen das Kürzungsdiktat in dem Anti-Bildungsstaat\,Education
LEIPZV0020140521ea48005mo,LEIPZV0020140521ea48005mo_1,800.0,education,die sächsische Hochschulpolitik aufs Korn,Education
LEIPZV0020140521ea48005mo,LEIPZV0020140521ea48005mo_1,800.0,education,"nicht nur um die vom Land verordneten Kürzungen, sondern auch um deren Umsetzung durch die Uni-Leitung",Education
LEIPZV0020140521ea5l0002y,LEIPZV0020140521ea5l0002y_1,800.0,education,die Volluniversität Leipzig zu Grabe getragen,Education
LEIPZV0020140607ea3400205,LEIPZV0020140607ea3400205_2,800.0,education,geplanten Kürzungen an Leipzigs Uni,Education
LEIPZV0020140626ea6q0000v,LEIPZV0020140626ea6q0000v_1,800.0,education,gegen Kürzungen im Hochschulbereich,Education
LEIPZV0020141016eaag0002o,LEIPZV0020141016eaag0002o_1,800.0,education,Ende der Stellenkürzungen,Education
LEIPZV0020141016eaag0002o,LEIPZV0020141016eaag0002o_1,800.0,education,gegen die sächsische Hochschulpolitik,Education
LEIPZV0020141016eaag0002o,LEIPZV0020141016eaag0002o_1,800.0,education,"Folgen des personellen Sparkurses, durch den die Uni amputiert wird",Education
LEIPZV0020141016eaag0002o,LEIPZV0020141016eaag0002o_1,800.0,education,"sollen die Institute für Pharmazie, Theaterwissenschaft und klassische Archäologie geschlossen werden",Education
LEIPZV0020150527eb5r00007,LEIPZV0020150527eb5r00007_1,800.0,education,gegen die Schließung von Kindergärten,Education
LEIPZV0020160502ec5200030,LEIPZV0020160502ec5200030_1,800.0,education,mehr Geld für Bildung,Education
StZ_20090506_ETKMB_532,StZ_20090506_ETKMB_532_1,800.0,education,Die Belastungen in der Kinderbetreuung werden immer höher,Education
StZ_20090506_ETKMB_532,StZ_20090506_ETKMB_532_1,800.0,education,"Es gebe zu wenige Erzieherinnen, deren Aufgaben zudem etwa durch neue Bildungskonzepte immer anspruchsvoller würden",Education
StZ_20090506_ETKMB_532,StZ_20090506_ETKMB_532_1,800.0,education,Der Personaletat für die Kitas sollte verdoppelt werden,Education
StZ_20090612_FGUAEW_881,StZ_20090612_FGUAEW_881_1,800.0,education,"mit den aktuellen Plänen von Unirektor Wolfram Ressel, der 24 Professuren umwidmen will.",Education
StZ_20090612_FGUAEW_881,StZ_20090612_FGUAEW_881_1,800.0,education,eine soziale Öffnung der Hochschulen. Auch gegen die Ausgestaltung der Bachelor- und Masterstudiengänge,Education
StZ_20090612_FGUAEW_881,StZ_20090612_FGUAEW_881_2,800.0,education,undemokratischen und aller Mitbestimmung fernen diktatorischen Alleingang,Education
StZ_20090616_SKMAZ_835,StZ_20090616_SKMAZ_835_1,800.0,education,"gegen die Pläne des Rektorats, Professuren umzuwidmen",Education
StZ_20090619_OBSAS_369,StZ_20090619_OBSAS_369_1,800.0,education,Ohne Bildung steht alles still,Education
StZ_20090619_OBSAS_369,StZ_20090619_OBSAS_369_1,800.0,education,"Wir sind hier, wir sind laut, weil man uns die Bildung klaut.",Education
StZ_20090619_OBSAS_369,StZ_20090619_OBSAS_369_2,800.0,education,Unsere Bildung geht,Education
StZ_20090620_PBDS_321,StZ_20090620_PBDS_321_1,800.0,education,"zum einen eine Abschaffung der Studiengebühren und bessere Bildungsbedingungen gefordert, zum anderen gegen die aktuellen Pläne an der Uni mobilisiert, 24 Professuren zugunsten der Natur- und Ingenieurswissenschaften umzuwidmen",Education
StZ_20091027_OBSZV_503,StZ_20091027_OBSZV_503_1,800.0,education,Dies ist unser Haus\,Education
StZ_20091027_OBSZV_503,StZ_20091027_OBSZV_503_1,800.0,education,und wir haben weiterhin Angst um unsere Geisteswissenschaften,Education
StZ_20091118_HRBSI_682,StZ_20091118_HRBSI_682_1,800.0,education,Master für alle\,Education
StZ_20091118_HRBSI_682,StZ_20091118_HRBSI_682_1,800.0,education,Das ist unser Haus\,Education
StZ_20091118_HRBSI_682,StZ_20091118_HRBSI_682_1,800.0,education,"Man kann nicht alles hinnehmen, so wie es ist",Education
StZ_20091118_HRBSI_682,StZ_20091118_HRBSI_682_1,800.0,education,Sie wollen vor allem mehr Demokratie,Education
StZ_20091118_HRBSI_682,StZ_20091118_HRBSI_682_1,800.0,education,"Und er trifft mit seinen Aussagen über unterfinanzierte Unis, verschulte Studiengänge und der Forderung nach mehr Mitbestimmung, Abschaffung der Studiengebühren im Allgemeinen und der Erhaltung der Geisteswissenschaften im Besonderen genau den Nerv des Publikums.",Education
StZ_20091118_HRBSI_682,StZ_20091118_HRBSI_682_1,800.0,education,"mehr Transparenz seitens des Rektorats und seiner Reformpläne, drittelparitätische Besetzung der Unigremien, Reformierung von Bachelor/Master samt Mitgestaltung durch Studenten, Masterplätze für alle, Abschaffung der Studiengebühren, angemessene Unifinanzierung, Volluni, Nichtteilnahme an der Exzellenzinitiative",Education
StZ_20091120_ZDKNB_854,StZ_20091120_ZDKNB_854_1,800.0,education,bezahlbare Bildungsangebote für alle\,Education
StZ_20091208_EUKFM_565,StZ_20091208_EUKFM_565_1,800.0,education,"\""Bildung für Kinder - Stuttgart, wach auf",Education
StZ_20091216_SKMPN_636,StZ_20091216_SKMPN_636_1,800.0,education,Studenten kämpfen Provisorium nieder,Education
StZ_20091216_SKMPN_636,StZ_20091216_SKMPN_636_2,800.0,education,"Sie forderten fortan eine Gesamtauslagerung der Hörsäle und Werkstätten an einen einzigen, zentralen Ort. Von einem \""Gesamtcampus am Hauptbahnhof\"" träumte, wie viele ihrer Kommilitonen, die Gmünder Asta-Sprecherin Olga Grischtschenko",Education
StZ_20100204_SKMUE_113,StZ_20100204_SKMUE_113_1,800.0,education,"Davon seien auch Abiturienten betroffen, die nun ohne Lehrer in die schriftliche Prüfung gehen müssten",Education
StZ_20101001_MRADD_297,StZ_20101001_MRADD_297_1,800.0,education,Bildung statt Prestigebahnhof,Education
StZ_20101001_MRADD_297,StZ_20101001_MRADD_297_1,800.0,education,Das Geld gehört in die Bildung,Education
StZ_20110131_LRGDB_460,StZ_20110131_LRGDB_460_1,800.0,education,Freie Bildung für alle,Education
StZ_20130711_UADSSS_1012,StZ_20130711_UADSSS_1012_1,800.0,education,Sparmaßnahmen im Bildungsbereich,Education
SZ-20140506-EUL-903,SZ-20140506-EUL-903_1,800.0,education,"Die Studierenden wehren sich, wie hier bei einer Protestveranstaltung im Februar.",Education
SZ-20140704-EPVL-120,SZ-20140704-EPVL-120_1,800.0,education,gegen die angespannte Hortsituation in ihrer Einrichtung an der Heiligenbornstraße,Education
SZ-20140704-EPVL-120,SZ-20140704-EPVL-120_1,800.0,education,Plätze vor Ort reichen im kommenden Schuljahr nicht aus,Education
SZ-20140704-EPVL-120,SZ-20140704-EPVL-120_1,800.0,education,Eine Auslagerung des Hortes lehnen die Eltern indes ab,Education
SZ-20170424-FGFN-336,SZ-20170424-FGFN-336_1,800.0,education,Marsch für die Wissenschaft,Education
SZ-20170901-PBSSSU-433,SZ-20170901-PBSSSU-433_1,800.0,education,Knackpunkt ist das pädagogische Konzept,Education
SZ-20170921-TKMFB-299,SZ-20170921-TKMFB-299_1,800.0,education,bessere Kitas,Education
SZ-20170921-TKMFB-299,SZ-20170921-TKMFB-299_1,800.0,education,mehr Personal für die Kinderbetreuung,Education
SZ-20170921-TKMFB-299,SZ-20170921-TKMFB-299_1,800.0,education,den Personalschlüssel in Sachsens Kindertageseinrichtungen zu verbessern,Education
SZ-20170921-TKMFB-299,SZ-20170921-TKMFB-299_1,800.0,education,"Ausfallzeiten - etwa wegen Weiterbildung, Krankheit und Urlaub - auf den Personalschlüssel anzurechnen",Education
WESKU00020170517ed3n00gv6,WESKU00020170517ed3n00gv6_1,800.0,education,klagen über häufigen Unterrichtsausfall,Education
WESKU00020170517ed3n00gv6,WESKU00020170517ed3n00gv6_1,800.0,education,mangelnde Förderung ihrer Kinder.,Education
WESKU00020170517ed3n00gv6,WESKU00020170517ed3n00gv6_1,800.0,education,"Wir\n wollen nicht länger hinnehmen, dass in einem hohen Maß \nUnterrichtsstunden ausfallen, auch wenn das seitens der Behörde \nverschleiert wird",Education
WESKU00020170517ed3n00gv6,WESKU00020170517ed3n00gv6_1,800.0,education,"Wie kann \nInklusion gelingen, wenn es viel zu wenig Personal dafür gibt?\",Education
WESKU00020170517ed540049b,WESKU00020170517ed540049b_1,800.0,education,Stattdessen liegt den Beteiligten schon ein von fast 100 Anwohnern unterzeichnetes Protestschreiben\n vor,Education
WESKU00020170517ed55002tt,WESKU00020170517ed55002tt_1,800.0,education,"Die\n Situation verschärfe sich besonders an Grundschulen, es fehle an \nFachpersonal. Die Vertreter des Bündnisses fordern, Schulen in besonders\n belasteten Stadtteilen besser auszustatten.",Education
WESKU00020170517ed55002tt,WESKU00020170517ed55002tt_2,800.0,education,Bremen müsse mehr in seine Schulen investieren und \nBildung müsse bei der Verteilung der Haushaltsmittel Vorfahrt haben,Education
WESKU00020171107edb700006,WESKU00020171107edb700006_1,800.0,education,gegen die mögliche Aufstockung \nder Kindergartengruppen,Education
WESKU00020171109edb90001e,WESKU00020171109edb90001e_1,800.0,education,21. Kind in den Gruppen der Bremer Kindergärten,Education
SZ-20200701-LSPIL-246,SZ-20200701-LSPIL-246_1,800.0,education,ein Zeichen des Protests gegen befürchtete Einschnitte,Education
SZ-20200701-LSPIL-246,SZ-20200701-LSPIL-246_1,800.0,education,Rektorat beschädige die hohe Qualität des Lehramts-Studiums,Education
StZ_20091027_OBSZV_503,StZ_20091027_OBSZV_503_1,800.0,education,"\""Es sind zu wenige Studierende im Senat und im Unirat",Education
SACHZTG020130108e9180000m,SACHZTG020130108e9180000m_1,900.0,infrastructure,für den Umbau der Haltestelle,Infrastructure
SACHZTG020130108e9180000m,SACHZTG020130108e9180000m_1,900.0,infrastructure,Umbaus zu einem autofreien Boulevard,Infrastructure
SACHZTG020130108e9180000m,SACHZTG020130108e9180000m_1,900.0,infrastructure,Stadt muss endlich Geld für den Umbau bereitstellen,Infrastructure
SACHZTG020130117e91h0003z,SACHZTG020130117e91h0003z_1,900.0,infrastructure,auf dem Campus der TU Dresden sind freie Flächen rar,Infrastructure
SACHZTG020130208e92800042,SACHZTG020130208e92800042_1,900.0,infrastructure,gegen die geplante Umleitung,Infrastructure
SACHZTG020130208e92800042,SACHZTG020130208e92800042_1,900.0,infrastructure,kritisieren nicht die Sanierung und Gleisverbreiterung auf der Bundesstraße,Infrastructure
SACHZTG020130208e92800042,SACHZTG020130208e92800042_1,900.0,infrastructure,wehren sich gegen die geplanten Umleitungsstrecken,Infrastructure
SACHZTG020130529e95t0002h,SACHZTG020130529e95t0002h_1,900.0,infrastructure,"Dresden habe beim Wohnraum ein Versorgungsproblem, und sozial Schwache würden in gewisse Stadtviertel gedrängt, so Kaufmann. \""Wir wollen nicht warten, bis in Dresden Münchner Verhältnisse herrschen\"", sagt Schollbach. Die Stadt müsse neuen bezahlbaren Wohnraum schaffen, für Menschen mit niedrigem und mittlerem Einkommen.",Infrastructure
SACHZTG020130614e96e000dn,SACHZTG020130614e96e000dn_1,900.0,infrastructure,"Darauf argumentieren die Unterzeichner, dass die Gewerbegebietserweiterung um mehr als ein Viertel das Orts- und Landschaftsbild, die Wohnqualität und den Erholungscharakter verschlechtert.",Infrastructure
SACHZTG020130923e99n000bg,SACHZTG020130923e99n000bg_1,900.0,infrastructure,gegen die Hafencity,Infrastructure
SACHZTG020131001e9a1000c9,SACHZTG020131001e9a1000c9_1,900.0,infrastructure,seit 1993 von ehemals 168 deutschen Kulturorchestern 37 geschlossen und weiter fusioniert,Infrastructure
SACHZTG020131113e9bd00059,SACHZTG020131113e9bd00059_1,900.0,infrastructure,Fußgängertunnel am Goldenen Reiter,Infrastructure
SACHZTG020131119e9bj0003b,SACHZTG020131119e9bj0003b_1,900.0,infrastructure,Ausbau der Königsbrücker Straße,Infrastructure
SACHZTG020131129e9bt00054,SACHZTG020131129e9bt00054_1,900.0,infrastructure,gegen den von der Stadt geplanten Ausbau der Königsbrücker Straße,Infrastructure
SACHZTG020120918e89i000ll,SACHZTG020120918e89i000ll_1,900.0,infrastructure,gegen die Pläne von Globus,Infrastructure
SACHZTG020120929e89t0005m,SACHZTG020120929e89t0005m_1,900.0,infrastructure,für einen schnellen Umbau der Zentralhaltestelle an der Kesselsdorfer Straße,Infrastructure
SACHZTG020121206e8c60007d,SACHZTG020121206e8c60007d_1,900.0,infrastructure,gegen die Schließung der Einrichtung,Infrastructure
SACHZTG020121213e8cd000jf,SACHZTG020121213e8cd000jf_1,900.0,infrastructure,Kein Abriss des Fußgängertunnels an der Hauptstraße,Infrastructure
SACHZTG020121218e8ci0001b,SACHZTG020121218e8ci0001b_1,900.0,infrastructure,Verbreiterung des Gleisabstandes,Infrastructure
LEIPZV_20110129_DACKE,LEIPZV_20110129_DACKE_1,900.0,infrastructure,Keine Räumung ohne uns,Infrastructure
LEIPZV_20110303_UFLFM,LEIPZV_20110303_UFLFM_1,900.0,infrastructure,"für ein Fahrverbot von Lastwagen ab 7,5 Tonnen und die Einrichtung von Tempo-30-Zonen im gesamten Musikviertel",Infrastructure
LEIPZV_20110921_BILVE,LEIPZV_20110921_BILVE_1,900.0,infrastructure,Nachtflugverbot dringend geboten,Infrastructure
LEIPZV_20110921_SFCUK,LEIPZV_20110921_SFCUK_1,900.0,infrastructure,neue Weichenstellungen in der Verkehrspolitik,Infrastructure
LEIPZV_20110921_SFCUK,LEIPZV_20110921_SFCUK_2,900.0,infrastructure,"der Fußverkehr, das Fahren mit öffentlichen und privaten Fahrrädern sowie mit öffentlichen Verkehrsmitteln und Carsharing müsse \""zulasten des Autoverkehrs gestärkt\"" werden",Infrastructure
LEIPZV_20110921_SFCUK,LEIPZV_20110921_SFCUK_2,900.0,infrastructure,Fahrradstraßen werden gefordert,Infrastructure
LEIPZV_20110921_SFCUK,LEIPZV_20110921_SFCUK_2,900.0,infrastructure,Stadt sollte keine neuen Auto-Stellplätze in Leipzig schaffen und das Parken auf Gehwegen nicht weiter dulden,Infrastructure
LEIPZV_20111130_ZOEBD,LEIPZV_20111130_ZOEBD_1,900.0,infrastructure,für den Erhalt der Musikalischen Komödie (MuKo),Infrastructure
LEIPZV_2012-06-16_GPWGO,LEIPZV_2012-06-16_GPWGO_1,900.0,infrastructure,In Leipzig kann niemand besser gegen hohe Verkehrsbelastungen protestieren als die Bürgerinitiative Musikviertel,Infrastructure
LEIPZV_2012-08-06_ASEZA,LEIPZV_2012-08-06_ASEZA_1,900.0,infrastructure,"Wie berichtet, reichte der Siedlerverband \""Thomas Müntzer\"" eine Sammelpetition gegen eine Bebauung der Festwiese an der Knautnaundorfer Straße an den Stadtrat ein.",Infrastructure
LEIPZV_2012-08-06_ASEZA,LEIPZV_2012-08-06_ASEZA_2,900.0,infrastructure,"Eltern hingegen, die dringend einen Kitaplatz suchen, sammelten Unterschriften pro Kindergarten.",Infrastructure
LEIPZV_2012-09-26_GUEOD,LEIPZV_2012-09-26_GUEOD_1,900.0,infrastructure,"\""Wir fordern daher die Planung und Realisierung von Kindertageseinrichtungen bei allen großen Bauvorhaben der Stadt\"", sagte Susann Böhm, eine betroffene Mutter",Infrastructure
LEIPZV_2012-12-13_HDBNS,LEIPZV_2012-12-13_HDBNS_1,900.0,infrastructure,gegen den Bau einer Straßenbahntrasse,Infrastructure
LEIPZV_20120120_NVBAE,LEIPZV_20120120_NVBAE_1,900.0,infrastructure,statt eines Straßenneubaus die Ertüchtigung vorhandener Trassen,Infrastructure
LEIPZV_20120216_LSDBS,LEIPZV_20120216_LSDBS_1,900.0,infrastructure,versuchen die Aufwertung des Viertels mit militanten Aktionen aufzuhalten,Infrastructure
LEIPZV_20120423_NSSRU,LEIPZV_20120423_NSSRU_1,900.0,infrastructure,gegen die Aufwertung von Stadtteilen und Mieterhöhungen,Infrastructure
LEIPZV_20120423_NSSRU,LEIPZV_20120423_NSSRU_1,900.0,infrastructure,die durch die Besetzung dieses unbewohnte Haus wieder mit Leben füllen wollen,Infrastructure
LEIPZV_20120423_NSSRU,LEIPZV_20120423_NSSRU_1,900.0,infrastructure,"Die in den letzten Jahren fortgeschrittene, vermeintliche Stadtteilaufwertung und damit einhergehende Mieterhöhungen lassen Menschen, die selbstbestimmte, alternative, radikale und unkommerzielle Kultur- und Lebenskonzepte umsetzen wollen, immer weniger Möglichkeiten in dieser Stadt",Infrastructure
LEIPZV_20130211_DFES,LEIPZV_20130211_DFES_1,900.0,infrastructure,Ärger über den seit Monaten andauernden Stellplatzstreit,Infrastructure
LEIPZV_20130211_DFES,LEIPZV_20130211_DFES_1,900.0,infrastructure,Jetze Wagenplätze,Infrastructure
LEIPZV_20130211_DFES,LEIPZV_20130211_DFES_1,900.0,infrastructure,eine eigene Fläche für ihre mobilen Behausungen,Infrastructure
LEIPZV_20130227_AUEMD,LEIPZV_20130227_AUEMD_1,900.0,infrastructure,die verkürzten Öffnungszeiten am Leipziger Standort der Deutschen Nationalbibliothek,Infrastructure
LEIPZV_20130227_AUEMD,LEIPZV_20130227_AUEMD_1,900.0,infrastructure,ihre Pläne zur Einschränkung der Öffnungszeiten von bisher 8 bis 22 Uhr auf 10 bis 22 Uhr ab 1. März ad acta zu legen,Infrastructure
LEIPZV_20130417_VDIV,LEIPZV_20130417_VDIV_1,900.0,infrastructure,die umstrittene Zwangsräumung einer Berliner Rentnerin am 9. April,Infrastructure
LEIPZV_20130715_WMMDG,LEIPZV_20130715_WMMDG_1,900.0,infrastructure,"So stellt die Leipziger GSO, deren Kernanliegen als kulturpolitische Demonstration die Forderung öffentlicher Flächen für nicht-kommerzielle Kulturveranstaltungen und Partys ist, auch eine Weltanschauung und deren als Ausverkauf empfundene städteplanerische Manifestation in Frage",Infrastructure
LEIPZV_20130909_DGOEZ,LEIPZV_20130909_DGOEZ_1,900.0,infrastructure,"Wir wollen bei der Neuplanung unserer Nachbarschaft berücksichtigt werden\"", lautete die zentrale Forderung von Steffen Kache, dem Chef der Diskothek. Mit der Kundgebung wollten Clubbetreiber und Gäste einem Antrag von SPD, Grünen und Linken im Stadtrat Nachdruck verleihen. Der sieht vor, die Distillery als schützenswerte Kultureinrichtung anzuerkennen.",Infrastructure
LEIPZV_20130919_SKNJM,LEIPZV_20130919_SKNJM_1,900.0,infrastructure,Nachtflugverbot jetzt,Infrastructure
WESKU00020110309e739000an,WESKU00020110309e739000an_1,900.0,infrastructure,gegen die Bebauung mobil,Infrastructure
WESKU00020110314e73e00082,WESKU00020110314e73e00082_1,900.0,infrastructure,Die Verkehrssituation muss aus ihrer Sicht also ohnehin entschärft werden.,Infrastructure
WESKU00020110314e73e00082,WESKU00020110314e73e00082_1,900.0,infrastructure,befürchten nämlich eine erhebliche Zunahme des ohnehin schon starken Durchgangsverkehrs und an Rasern,Infrastructure
WESKU00020110516e75g000dd,WESKU00020110516e75g000dd_1,900.0,infrastructure,Kein Huchting 21,Infrastructure
WESKU00020110516e75g000dd,WESKU00020110516e75g000dd_1,900.0,infrastructure,Straßenbahnlinien 1 und 8 in Huchting verlängern,Infrastructure
WESKU00020110522e75m0000r_SUN,WESKU00020110522e75m0000r_SUN_1,900.0,infrastructure,gegen die geplante Bebauung des Bahnhofsplatzes,Infrastructure
WESKU00020110611e76b0007r,WESKU00020110611e76b0007r_1,900.0,infrastructure,gegen das umstrittene Milliardenprojekt,Infrastructure
WESKU00020110611e76b0007r,WESKU00020110611e76b0007r_1,900.0,infrastructure,Stuttgart 21,Infrastructure
WESKU00020110611e76b0007r,WESKU00020110611e76b0007r_1,900.0,infrastructure,Baustopp jetzt,Infrastructure
WESKU00020110820e78k00052,WESKU00020110820e78k00052_1,900.0,infrastructure,mögliche Bau eines Sportplatzes,Infrastructure
WESKU00020110822e78m0003q,WESKU00020110822e78m0003q_1,900.0,infrastructure,gegen den Wohnpark,Infrastructure
WESKU00020110909e799000bf,WESKU00020110909e799000bf_1,900.0,infrastructure,Fläche als Begegnungs- und Bewegungsort zu nutzen,Infrastructure
WESKU00020110926e79q000cr,WESKU00020110926e79q000cr_1,900.0,infrastructure,Nachbarschaft fürchtet um die Wohnqualität ihres Viertels,Infrastructure
WESKU00020111115e7bf00034,WESKU00020111115e7bf00034_1,900.0,infrastructure,bauliche Wandel,Infrastructure
WESKU00020111129e7bt00098,WESKU00020111129e7bt00098_1,900.0,infrastructure,Stuttgart-21-Gegner,Infrastructure
WESKU00020120125e81p000am,WESKU00020120125e81p000am_1,900.0,infrastructure,"gegen die geplante City Tax, die sogenannte Bettensteuer, und das Ende der Sondergenehmigung für Reisebusse in der Umweltzone protestiert",Infrastructure
WESKU00020120716e87g000eg,WESKU00020120716e87g000eg_2,900.0,infrastructure,gegen das Abfalllager,Infrastructure
WESKU00020120716e87g000eg,WESKU00020120716e87g000eg_3,900.0,infrastructure,Veränderung der Bebauungspläne,Infrastructure
WESKU00020120716e87g000eg,WESKU00020120716e87g000eg_1,900.0,infrastructure,gegen das geplante Zwischenlager für als gefährlich eingestufte Abfälle,Infrastructure
WESKU00020120723e87n0007d,WESKU00020120723e87n0007d_1,900.0,infrastructure,"Hundesportplatz im Stadtwald soll einem Gewässer weichen, das zur Renaturierung der Kleinen Wümme benötigt wird",Infrastructure
WESKU00020120730e87u0000t,WESKU00020120730e87u0000t_1,900.0,infrastructure,Veränderungen am Polizeirevier Woltmershausen,Infrastructure
WESKU00020120928e89t0009v,WESKU00020120928e89t0009v_1,900.0,infrastructure,Aus für das Gröpelinger Goosebad,Infrastructure
WESKU00020130113e91e0001c,WESKU00020130113e91e0001c_1,900.0,infrastructure,Anwohner wollen den kompletten Abriss verhindern und machen sich stattdessen für einen Umbau des Gebäudes stark,Infrastructure
WESKU00020131016e9ah000hn,WESKU00020131016e9ah000hn_1,900.0,infrastructure,neuen Plänen des Innensenators für das Polizeirevier Woltmershausen,Infrastructure
WESKU00020131016e9ah000hn,WESKU00020131016e9ah000hn_1,900.0,infrastructure,Sicherheitsbedürfnis von uns Bürgern damit nicht ausreichend befriedigt,Infrastructure
WESKU00020130528e95t00026,WESKU00020130528e95t00026_1,900.0,infrastructure,"\""Lasst uns rein\"" riefen die Jungen und Mädchen energisch. Seit einem Jahr warten sie auf das neue Schulhaus und möchten nun endlich einziehen",Infrastructure
WESKU00020131117e9bi0001l,WESKU00020131117e9bi0001l_1,900.0,infrastructure,Mit anderen Bremer Frauen-und Mädchenorganisationen haben sie vergangene Woche im Haus der Bürgerschaft gegen Kürzungen und für mehr öffentliche Unterstützung protestiert,Infrastructure
WESKU00020140108ea19000h0,WESKU00020140108ea19000h0_1,900.0,infrastructure,gegen die seither gekürzten Öffnungszeiten am Woltmershauser Polizeirevier,Infrastructure
WESKU00020140124ea1p0009b,WESKU00020140124ea1p0009b_1,900.0,infrastructure,gegen eine Wohnbebauung östlich der Billungstraße,Infrastructure
WESKU00020140213ea2e0001z,WESKU00020140213ea2e0001z_1,900.0,infrastructure,"\""Wir haben Sympathie für neue Wohnungen im Stadtteil, aber die Dimension des Bauprojektes ist entschieden zu groß\",Infrastructure
WESKU00020140428ea4t00013,WESKU00020140428ea4t00013_1,900.0,infrastructure,zu wenige qualifizierte Fachkräfte in den Krankenhäusern,Infrastructure
WESKU00020140710ea7b0001l,WESKU00020140710ea7b0001l_1,900.0,infrastructure,Belastung durch Lärm und Kohlenstaub an der Strecke,Infrastructure
WESKU00020140715ea7g0001c,WESKU00020140715ea7g0001c_1,900.0,infrastructure,"Ausreichend Nachmittagsbetreuung für alle Schulkinder, die welche brauchen",Infrastructure
WESKU00020150304eb340000x,WESKU00020150304eb340000x_1,900.0,infrastructure,verschiedene Bauprojekte verhindern,Infrastructure
WESKU00020150304eb340000x,WESKU00020150304eb340000x_1,900.0,infrastructure,immer mehr Grünflächen weggenommen,Infrastructure
WESKU00020150304eb340000x,WESKU00020150304eb340000x_1,900.0,infrastructure,dass 99 Flächen in der Stadt auch zukünftig nicht bebaut werden dürfen,Infrastructure
WESKU00020150403eb4400019,WESKU00020150403eb4400019_1,900.0,infrastructure,"die bisherigen Zwischennutzer, die das leer stehende Gebäude in den vergangenen vier Jahren vorübergehend als soziokulturelles Zentrum verwenden durften. Doch spätestens im kommenden Jahr solle damit Schluss sein, sagt der Besitzer, Immobilien Bremen",Infrastructure
WESKU00020150403eb4400019,WESKU00020150403eb4400019_1,900.0,infrastructure,"Anfang März verkündete IB, dass der lange währende Streit mit den Zwischennutzern beendet worden sei. In diesem Jahre dürfe der Verein Klapstuhl noch ein letztes Mal eine Zwischennutzung beantragen. Danach aber solle ein zahlender Mieter das Gebäude beziehen",Infrastructure
WESKU00020150403eb4400019,WESKU00020150403eb4400019_1,900.0,infrastructure,"Es kann doch nicht im Interesse der Stadt sein, ein gut funktionierendes subkulturelles Projekt zugunsten der Lagerung von Sportgeräten zu verdrängen",Infrastructure
WESKU00020150403eb4400019,WESKU00020150403eb4400019_1,900.0,infrastructure,"Nun solle die Hausbesetzung IB dazu zwingen, noch einmal neu zu verhandeln.",Infrastructure
WESKU00020150403eb4400019,WESKU00020150403eb4400019_1,900.0,infrastructure,Wir wollen an den Planungen beteiligt sein. Ohne uns geht es nicht\,Infrastructure
WESKU00020150403eb440001i,WESKU00020150403eb440001i_1,900.0,infrastructure,ein Wohnhochhaus am Vegesacker Weserufer,Infrastructure
WESKU00020150505eb560001f,WESKU00020150505eb560001f_1,900.0,infrastructure,"Flächen aufgelistet, die ihrer Ansicht nach vor Bebauung geschützt werden müssten",Infrastructure
WESKU00020150822eb8n00012_SUN,WESKU00020150822eb8n00012_SUN_1,900.0,infrastructure,Fans von Partys unter freiem Himmel protestieren gegen strenge Auflagen,Infrastructure
WESKU00020150822eb8n00012_SUN,WESKU00020150822eb8n00012_SUN_1,900.0,infrastructure,"gemeinsam für friedliche, private Partys unter freiem Himmel",Infrastructure
WESKU00020150907eb980001e,WESKU00020150907eb980001e_1,900.0,infrastructure,gegen Unibad-Schließung,Infrastructure
WESKU00020151208ebc900014,WESKU00020151208ebc900014_1,900.0,infrastructure,Rund 50 Bewohner und Angehörige der Seniorenresidenz Kirchhuchting haben am Dienstagvormittag vor dem Rathaus gegen die Räumung des Pflegeheims demonstriert.,Infrastructure
WESKU00020151208ebc900014,WESKU00020151208ebc900014_2,900.0,infrastructure,"Die Demonstranten überreichten Sozialsenatorin Anja Stahmann (Grüne) eine Petition mit 86 Unterschriften gegen die Schließung. Die Wohn- und Betreuungsaufsicht (WBA) hatte die Schließung der Einrichtung vor zwei Wochen wegen gravierender Mängel unter anderem in der Hygiene und der medizinischen Versorgung verfügt und eine Räumungsfrist bis Donnerstag gesetzt. \""Wir fordern einen nahtlosen Betreiberwechsel.\nDann müssen die Bewohner nicht ihr Zuhause verlassen\"", fordert Träger.",Infrastructure
WESKU00020180203ee230001a,WESKU00020180203ee230001a_1,900.0,infrastructure,gegen die Verlängerung der Straßenbahnlinie 1,Infrastructure
WESKU00020180309ee390001f,WESKU00020180309ee390001f_1,900.0,infrastructure,gegen einen Bebauungsplan für ein neues Wohnquartier,Infrastructure
WESKU00020180528ee5s000g1,WESKU00020180528ee5s000g1_1,900.0,infrastructure,"Die Oslebshauser - die auch den Bau einer Klärschlammverbrennungsanlage beim SWB-Kraftwerk Häfen sowie eine neue Mülldeponie bei den Stahlwerken verhindern wollen - fordern einen eigenen Stadtteil-Entwicklungsplan in Form eines gezielten, messbaren und vernetzten Maßnahmenkatalogs für die Zukunft von Oslebshausen und umzu. Diesen Plan wollen die Oslebshauser nun gemeinsam mit dem Bürgermeister erarbeiten.",Infrastructure
WESKU00020180611ee6b000e3,WESKU00020180611ee6b000e3_1,900.0,infrastructure,Ende des kostenlosen Parkens im öffentlichen Raum,Infrastructure
WESKU00020180611ee6b000e3,WESKU00020180611ee6b000e3_1,900.0,infrastructure,gegen Falschparker,Infrastructure
WESKU00020180611ee6b000e3,WESKU00020180611ee6b000e3_1,900.0,infrastructure,"Vor und hinter Kreuzungen und Einmündungen ist das Parken im Fünf-Meter-Bereich zur Fahrbahnkante verboten, besagt die Straßenverkehrsordnung. Dagegen werde in Bremen sprichwörtlich an jeder Ecke verstoßen",Infrastructure
WESKU00020180611ee6b000e3,WESKU00020180611ee6b000e3_1,900.0,infrastructure,dieses parkende Auto ein unüberwindbares Hindernis,Infrastructure
WESKU00020180611ee6b000e3,WESKU00020180611ee6b000e3_1,900.0,infrastructure,gefährlich geparkt,Infrastructure
WESKU00020180611ee6b000e3,WESKU00020180611ee6b000e3_1,900.0,infrastructure,Gehwege seien aber den Fußgängern vorbehalten und kein privater Parkraum,Infrastructure
WESKU00020180611ee6b000e3,WESKU00020180611ee6b000e3_1,900.0,infrastructure,Das kostenlose Parken im öffentlichen Raum muss ganz abgeschafft werden,Infrastructure
WESKU00020180902ee920001l_SUN,WESKU00020180902ee920001l_SUN_1,900.0,infrastructure,Rettet das Horner Band und das Uni Bad,Infrastructure
WESKU00020180927ee9r000ds,WESKU00020180927ee9r000ds_1,900.0,infrastructure,Keine Revierschließungen in Bremen,Infrastructure
WESKU00020181218eeci0001e,WESKU00020181218eeci0001e_1,900.0,infrastructure,mögliche Bebauung des Rennbahngeländes,Infrastructure
WESKU00020181218eeci0001e,WESKU00020181218eeci0001e_1,900.0,infrastructure,Die Politik will auf dem grünen Areal rund 1000 Wohnungen bauen lassen,Infrastructure
WESKU00020181218eeci0001e,WESKU00020181218eeci0001e_1,900.0,infrastructure,für die Rennbahn,Infrastructure
WESKU00020190215ef2f0001c,WESKU00020190215ef2f0001c_1,900.0,infrastructure,Wohnung sollte ursprünglich am Montag geräumt werden. Das hatte jedoch eine Allianz von Aktivisten verhindert,Infrastructure
WESKU00020190304ef340009j,WESKU00020190304ef340009j_1,900.0,infrastructure,"kämpfen schon lange vergebens für ihr heißgeliebtes Trojanisches Pferd, das seit rund 40 Jahren das Wahrzeichen der Schule ist",Infrastructure
WESKU00020190304ef340009j,WESKU00020190304ef340009j_1,900.0,infrastructure,"\""Wir protestieren gegen die Behörde, die nichts tut!\",Infrastructure
WESKU00020190331ef3v0000z_SUN,WESKU00020190331ef3v0000z_SUN_1,900.0,infrastructure,"eine Resolution, in der sie fordern, dass der Bebauungsplan nicht zugunsten des Investors geändert wird",Infrastructure
WESKU00020190331ef3v0000z_SUN,WESKU00020190331ef3v0000z_SUN_1,900.0,infrastructure,gegen die geplante Wohnbebauung an der Kohlhökerstraße,Infrastructure
WESKU00020190408ef4800014,WESKU00020190408ef4800014_1,900.0,infrastructure,gegen Bau der A 281,Infrastructure
WESKU00020190408ef48000b5,WESKU00020190408ef48000b5_1,900.0,infrastructure,für den Erhalt der Villa,Infrastructure
WESKU00020190426ef4q0001f,WESKU00020190426ef4q0001f_1,900.0,infrastructure,Forderung nach wirklich barrierefreien Rollstuhlplätzen,Infrastructure
WESKU00020190709ef790004z,WESKU00020190709ef790004z_1,900.0,infrastructure,Versorgung von Frühchen im Klinikum Nord,Infrastructure
WESKU00020190926ef9q0001h,WESKU00020190926ef9q0001h_1,900.0,infrastructure,"Personalbemessung, die sich am Pflegeaufwand in den einzelnen Einrichtungen orientiert",Infrastructure
WESKU00020191105efb500009,WESKU00020191105efb500009_1,900.0,infrastructure,Brandanschlag auf Fahrzeuge des Wohnungsunternehmens Vonovia,Infrastructure
WESKU00020191105efb500009,WESKU00020191105efb500009_2,900.0,infrastructure,gegen privates Eigentum speziell bei Wohnungen wenden,Infrastructure
WESKU00020191105efb500009,WESKU00020191105efb500009_3,900.0,infrastructure,Immobilienbüros in Findorff und Walle das Ziel,Infrastructure
WESKU00020200508eg1r005ba,WESKU00020200508eg1r005ba_1,900.0,infrastructure,gegen den Teilabzug der Frühgeborenen-Versorgung,Infrastructure
WESKU00020200508eg2300a46,WESKU00020200508eg2300a46_1,900.0,infrastructure,gegen ein zu geringes Budget für ihr Angebot,Infrastructure
WESKU00020200508eg36007ck,WESKU00020200508eg36007ck_1,900.0,infrastructure,wollen das Hochhaus am Vegesacker Hafen verhindern,Infrastructure
WESKU00020200526eg5q000b6,WESKU00020200526eg5q000b6_1,900.0,infrastructure,Maximalhöhe von fünf Geschossen auf dem Areal,Infrastructure
WESKU00020200713eg7d00025,WESKU00020200713eg7d00025_1,900.0,infrastructure,"Mithilfe einer Patenschaftsaktion für die 136 bedrohten Platanen auf dem Deich haben sie genügend Geld für ein Gutachten zusammengebracht, das Alternativen zur Fällung der Bäume bei gleichzeitiger Sicherstellung des Hochwasserschutzes aufzeigen soll.",Infrastructure
WESKU00020200914eg9e0002d,WESKU00020200914eg9e0002d_1,900.0,infrastructure,Bessere Bedingungen für Radfahrer und Fußgänger,Infrastructure
WESKU00020201107egb60002m,WESKU00020201107egb60002m_1,900.0,infrastructure,Erhalt einer Fläche für das Projekt „Irgendwo“ in der Airport-Stadt,Infrastructure
WESKU00020201107egb60002m,WESKU00020201107egb60002m_2,900.0,infrastructure,gegen eine Spielhalle im Ortskern von Borgfeld,Infrastructure
WESKU00020201107egb60002m,WESKU00020201107egb60002m_4,900.0,infrastructure,Erhalt der Frühchenstation im Klinikum Bremen-Nord,Infrastructure
WESKU00020201130egbu0008h,WESKU00020201130egbu0008h_1,900.0,infrastructure,eine gut und umweltfreundlich erreichbare Station quasi geschlossen werde,Infrastructure
SZ-20180427-RSGVP-290,SZ-20180427-RSGVP-290_2,900.0,infrastructure,Wohnungsunternehmen will fünf Neubauten in Hinterhöfen errichten,Infrastructure
SZ-20180427-RSGVP-290,SZ-20180427-RSGVP-290_2,900.0,infrastructure,ein Bauvorhaben ihres Vermieters Vonovia zu verhindern,Infrastructure
SZ-20181123-KHADF-286,SZ-20181123-KHADF-286_1,900.0,infrastructure,Gegen die Sozialwohnungen,Infrastructure
SZ-20190207-RPFASS-629,SZ-20190207-RPFASS-629_1,900.0,infrastructure,"der fahrradfeindlichen Politik von CDU, FDP, AfD und Bürgerfraktion entgegenzustellen",Infrastructure
SZ-20190207-RPFASS-629,SZ-20190207-RPFASS-629_1,900.0,infrastructure,Diskussion über den Radweg,Infrastructure
SZ-20190314-PGEBK-390,SZ-20190314-PGEBK-390_1,900.0,infrastructure,wehrt sich gegen den breiteren Ausbau der Fahrbahn,Infrastructure
SZ-20190408-PGMAD-482,SZ-20190408-PGMAD-482_1,900.0,infrastructure,"\""Gemeinsam gegen Verdrängung und Mietenwahnsinn\",Infrastructure
SZ-20190525-MFTR-954,SZ-20190525-MFTR-954_1,900.0,infrastructure,dass eine Kollision zwischen Rad- und Autofahrern tödlich enden kann,Infrastructure
SZ-20190525-MFTR-954,SZ-20190525-MFTR-954_1,900.0,infrastructure,"Es erinnert an den 54-jährigen Radfahrer, der am Donnerstag bei einem Unfall mit einem Lkw ums Leben gekommen ist",Infrastructure
SZ-20190525-MFTR-954,SZ-20190525-MFTR-954_2,900.0,infrastructure,für sichere Radwege,Infrastructure
SZ-20190525-MFTR-954,SZ-20190525-MFTR-954_2,900.0,infrastructure,mehr Achtsamkeit im Straßenverkehr,Infrastructure
SZ-20190531-SGDUM-672,SZ-20190531-SGDUM-672_1,900.0,infrastructure,"eine sich verschärfende \""Kunstflucht\"" nach Leipzig oder Berlin",Infrastructure
SZ-20190531-SGDUM-672,SZ-20190531-SGDUM-672_1,900.0,infrastructure,"Die AfD richtet sich gegen die Kunst, will Gelder dafür streichen und hat explizit gesagt, das Europäische Zentrum der Künste in Hellerau schließen zu wollen",Infrastructure
SZ-20190619-MDDPK-654,SZ-20190619-MDDPK-654_1,900.0,infrastructure,gegen die plötzliche Schließung des Nordbades,Infrastructure
SZ-20190619-MDDPK-654,SZ-20190619-MDDPK-654_1,900.0,infrastructure,gegen die geplante zwischenzeitliche Schließung protestieren und diese möglichst verhindern,Infrastructure
SZ-20190823-WDUPP-334,SZ-20190823-WDUPP-334_1,900.0,infrastructure,dass der Park in den Sommermonaten nur gegen Geld zu betreten ist,Infrastructure
SZ-20190823-WDUPP-334,SZ-20190823-WDUPP-334_1,900.0,infrastructure,"sieben der neun Parktore von April bis Ende Oktober geschlossen, an den zwei verbleibenden wird seither der Eintritt kassiert",Infrastructure
SZ-20190826-HDIAS-485,SZ-20190826-HDIAS-485_1,900.0,infrastructure,Häuser besetzen statt Bäume verletzen,Infrastructure
SZ-20190826-HDIAS-485,SZ-20190826-HDIAS-485_1,900.0,infrastructure,"Ziel der Besetzung ist, das Haus als Wohnraum und für gemeinschaftliche Zwecke, wie ein alternatives, soziales und kreatives Zentrum, zu nutzen",Infrastructure
SZ-20190826-HDIAS-485,SZ-20190826-HDIAS-485_2,900.0,infrastructure,ein leerstehendes Haus in Strehlen besetzt,Infrastructure
SZ-20190826-HDIAS-485,SZ-20190826-HDIAS-485_1,900.0,infrastructure,ein leerstehendes Haus in Strehlen,Infrastructure
SZ-20190827-ANHAS-779,SZ-20190827-ANHAS-779_1,900.0,infrastructure,Zutritt zu einem leerstehenden Mehrfamilienhaus verschafft,Infrastructure
SZ-20190921-WEHID-380,SZ-20190921-WEHID-380_1,900.0,infrastructure,Wohnraum,Infrastructure
SZ-20190921-WEHID-380,SZ-20190921-WEHID-380_1,900.0,infrastructure,"alternatives, soziales und kreatives Zentrum",Infrastructure
SZ-20190921-WEHID-380,SZ-20190921-WEHID-380_2,900.0,infrastructure,angespannte Immobiliensituation in der Stadt,Infrastructure
SZ-20191105-LGIMA-445,SZ-20191105-LGIMA-445_1,900.0,infrastructure,Bau eines problematischen Projekts im Leipziger Süden,Infrastructure
LEIPZO0020180112ee1c006pr,LEIPZO0020180112ee1c006pr_1,900.0,infrastructure,Nachtbetrieb des Techno-Clubs „Institut für Zukunft“ (ifz) gestört fühlte,Infrastructure
LEIPZO0020180112ee1c006pr,LEIPZO0020180112ee1c006pr_2,900.0,infrastructure,Sperrstundenstreit,Infrastructure
LEIPZO0020180222ee2m00565,LEIPZO0020180222ee2m00565_1,900.0,infrastructure,Fahrverbot,Infrastructure
LEIPZO0020180222ee2m00565,LEIPZO0020180222ee2m00565_1,900.0,infrastructure,Radschnellwege,Infrastructure
LEIPZO0020180426ee4q0005o,LEIPZO0020180426ee4q0005o_1,900.0,infrastructure,linksautonome Hausbesetzer,Infrastructure
LEIPZO0020180920ee9e007ed,LEIPZO0020180920ee9e007ed_1,900.0,infrastructure,Radfahrverbot auf dem Leipziger Innenstadtring,Infrastructure
LEIPZO0020180920ee9g006k9,LEIPZO0020180920ee9g006k9_1,900.0,infrastructure,Freiräume erhalten – Clubkultur schützen,Infrastructure
LEIPZO0020180920ee9g006k9,LEIPZO0020180920ee9g006k9_1,900.0,infrastructure,bei der Aufstellung von Bebauungsplänen und städtebaulichen Verträgen die Kulturszene stärker berücksichtigt wird,Infrastructure
LEIPZO0020190519ee7b00e15,LEIPZO0020190519ee7b00e15_1,900.0,infrastructure,Für bezahlbaren Wohnraum und gegen Spekulation mit Wohnraum,Infrastructure
LEIPZV0020180115ee1f0002n,LEIPZV0020180115ee1f0002n_1,900.0,infrastructure,gesetzliche Sperrstunde,Infrastructure
LEIPZV0020180115ee1f0002n,LEIPZV0020180115ee1f0002n_1,900.0,infrastructure,"gegen die \""veraltete Regelung\"", die dem Standort Leipzig in der Kulturwirtschaft schade",Infrastructure
LEIPZV0020180625ee6p0002k,LEIPZV0020180625ee6p0002k_1,900.0,infrastructure,gegen den geplanten Kiesabbau auf 47 Hektar in Nachbarschaft der Wohnsiedlung,Infrastructure
LEIPZV0020180818ee8i0002p,LEIPZV0020180818ee8i0002p_1,900.0,infrastructure,sicherer Radverkehr,Infrastructure
LEIPZV0020180818ee8i0002p,LEIPZV0020180818ee8i0002p_2,900.0,infrastructure,Sicherer Radverkehr,Infrastructure
LEIPZV0020180818ee8i0002p,LEIPZV0020180818ee8i0002p_2,900.0,infrastructure,fordern eine „Protected Bikelane“,Infrastructure
LEIPZV0020181218eeci00045,LEIPZV0020181218eeci00045_1,900.0,infrastructure,Rettet unsere Parkplätze,Infrastructure
LEIPZV0020181218eeci00045,LEIPZV0020181218eeci00045_2,900.0,infrastructure,Verwandlung von Pkw-Stellplätzen in autofreie Oasen,Infrastructure
LEIPZO0020190117ef1h00jaj,LEIPZO0020190117ef1h00jaj_1,900.0,infrastructure,Schulbauvorhaben,Infrastructure
LEIPZO0020190210ef2a007n1,LEIPZO0020190210ef2a007n1_1,900.0,infrastructure,Fahrradstation,Infrastructure
LEIPZO0020190219ef2j00fcv,LEIPZO0020190219ef2j00fcv_1,900.0,infrastructure,gegen hässliche Neubauten in unserer Stadt,Infrastructure
LEIPZO0020190411ef4b00ei9,LEIPZO0020190411ef4b00ei9_1,900.0,infrastructure,„Verdrängung“ sei dafür ihr Motiv gewesen,Infrastructure
LEIPZO0020190510ef5a001jm,LEIPZO0020190510ef5a001jm_1,900.0,infrastructure,entlang des Güterringes gegen die sogenannte Bahnvariante.,Infrastructure
LEIPZO0020190706ef7600a3x,LEIPZO0020190706ef7600a3x_1,900.0,infrastructure,niedrige Mietpreise,Infrastructure
LEIPZO0020190725ef7p009vn,LEIPZO0020190725ef7p009vn_1,900.0,infrastructure,Zwischen Fehmarn und Dänemark soll ein 18 Kilometer langer Tunnel in einem europäischen Meeresschutzgebiet gebaut werden,Infrastructure
LEIPZO0020190725ef7p009vn,LEIPZO0020190725ef7p009vn_1,900.0,infrastructure,Ostsee-Tunnelbaus,Infrastructure
LEIPZO0020191028efas002e5,LEIPZO0020191028efas002e5_1,900.0,infrastructure,gegen das Bewohner-Parkkonzept,Infrastructure
LEIPZO0020191028efas002e5,LEIPZO0020191028efas002e5_1,900.0,infrastructure,auf Geschäftszeiten begrenzte Bewohnerparkausweise für Gewerbetreibende,Infrastructure
LEIPZO0020191029efat00llt,LEIPZO0020191029efat00llt_1,900.0,infrastructure,für einen sicheren Radverkehr auf der Jahnallee,Infrastructure
LEIPZO0020191029efat00llt,LEIPZO0020191029efat00llt_1,900.0,infrastructure,drei Meter breite sichere Radverkehrsanlage,Infrastructure
LEIPZO0020191108efb8004xu,LEIPZO0020191108efb8004xu_1,900.0,infrastructure,Vorwürfen an die Immobilienbranche,Infrastructure
LEIPZO0020191113efbd0025t,LEIPZO0020191113efbd0025t_1,900.0,infrastructure,"der falsche Weg, ein Gaskraftwerk „mitten in der Stadt“ zu errichten",Infrastructure
LEIPZO0020191218efci00jiu,LEIPZO0020191218efci00jiu_1,900.0,infrastructure,Leipziger Gothic-Club erhielt Kündigung,Infrastructure
LEIPZO0020191229efct0040i,LEIPZO0020191229efct0040i_2,900.0,infrastructure,gegen steigende Mieten und mehr bezahlbare Wohnungen,Infrastructure
LEIPZO0020200110efb400m5a,LEIPZO0020200110efb400m5a_1,900.0,infrastructure,einen Zusammenhang zur Baustelle für das neue Connewitzer „Südcarré“ her,Infrastructure
LEIPZV0020190102ef120002c,LEIPZV0020190102ef120002c_1,900.0,infrastructure,Bier statt Böller,Infrastructure
StZ_20140428_KVM_617,StZ_20140428_KVM_617_1,900.0,infrastructure,"Bund wird aufgefordert, mit den Ländern ein 'Fernbahn-Gesetz' zu erlassen",Infrastructure
StZ_20140428_KVM_617,StZ_20140428_KVM_617_1,900.0,infrastructure,gegen Stuttgart 21,Infrastructure
StZ_20140428_KVM_617,StZ_20140428_KVM_617_1,900.0,infrastructure,S-21-Kritiker,Infrastructure
StZ_20140502_KUFVG_192,StZ_20140502_KUFVG_192_1,900.0,infrastructure,mehr bezahlbarer Wohnraum,Infrastructure
StZ_20140613_DWSGP_457,StZ_20140613_DWSGP_457_1,900.0,infrastructure,Stuttgart-21,Infrastructure
StZ_20140805_BHEBF_976,StZ_20140805_BHEBF_976_1,900.0,infrastructure,S-21-Bauarbeiten,Infrastructure
STUGTR0020150630eb6u0005r,STUGTR0020150630eb6u0005r_1,900.0,infrastructure,S-21-Gegnern,Infrastructure
STUGTR0020151021ebal0003v,STUGTR0020151021ebal0003v_1,900.0,infrastructure,Leerstandsdemo,Infrastructure
STUGTR0020151021ebal0003v,STUGTR0020151021ebal0003v_1,900.0,infrastructure,Wohnungsmangel,Infrastructure
STUGTR0020151021ebal0003v,STUGTR0020151021ebal0003v_1,900.0,infrastructure,das Gebäude sofort zu,Infrastructure
STUGTR0020151021ebal0003v,STUGTR0020151021ebal0003v_1,900.0,infrastructure,"100 Zimmer stünden leer, die dringend für",Infrastructure
STUGTR0020151021ebal0003v,STUGTR0020151021ebal0003v_1,900.0,infrastructure,Das Gebäude zu beschlagnahmen,Infrastructure
STUGTR0020160119ec1j0003o,STUGTR0020160119ec1j0003o_1,900.0,infrastructure,Stuttgart,Infrastructure
STUGTR0020160128ec1s00042,STUGTR0020160128ec1s00042_1,900.0,infrastructure,Übernahme des Fernwärmenetzes.,Infrastructure
STUGTR0020160316ec3g0004o,STUGTR0020160316ec3g0004o_1,900.0,infrastructure,Stuttgart-21-Gegnern,Infrastructure
STUGTR0020160725ec7p0006r,STUGTR0020160725ec7p0006r_1,900.0,infrastructure,Viele,Infrastructure
STUGTR0020160725ec7p0006r,STUGTR0020160725ec7p0006r_1,900.0,infrastructure,Verkehrsproblem,Infrastructure
STUGTR0020161202ecc2000h1,STUGTR0020161202ecc2000h1_1,900.0,infrastructure,Zugausfälle und Verspätungen,Infrastructure
STUGTR0020170215ed2f00067,STUGTR0020170215ed2f00067_1,900.0,infrastructure,gegen S21,Infrastructure
STUGTR0020170215ed2f00067,STUGTR0020170215ed2f00067_1,900.0,infrastructure,gegen das Bahnprojekt Stuttgart 21,Infrastructure
STUGTR0020180320ee3k00020,STUGTR0020180320ee3k00020_1,900.0,infrastructure,"Wir wollen aber, dass die Landeshauptstadt künftig eine",Infrastructure
STUGTR0020180430ee4u00060,STUGTR0020180430ee4u00060_1,900.0,infrastructure,leerstehende Wohnungen in,Infrastructure
STUGTR0020180430ee4u00060,STUGTR0020180430ee4u00060_2,900.0,infrastructure,gegen die Wohnungsnot und,Infrastructure
STUGTR0020180628ee6s0004b,STUGTR0020180628ee6s0004b_1,900.0,infrastructure,gegen den Abriss der Gebäude,Infrastructure
STUGTR0020180628ee6s0004b,STUGTR0020180628ee6s0004b_2,900.0,infrastructure,den Abriss von bezahlbarem Wohnungen in ganz Stuttgart zu stoppen,Infrastructure
STUGTR0020180628ee6s0004b,STUGTR0020180628ee6s0004b_2,900.0,infrastructure,gegen Mieterhöhungen,Infrastructure
STUGTR0020180707ee770005w,STUGTR0020180707ee770005w_1,900.0,infrastructure,"gegen Mietenwahnsinn, Wohnungsnot und Leerstand",Infrastructure
STUGTR0020180903ee930004t,STUGTR0020180903ee930004t_1,900.0,infrastructure,auf die schlechten Bedingungen für,Infrastructure
STUGTR0020180903ee930004t,STUGTR0020180903ee930004t_2,900.0,infrastructure,Radentscheid,Infrastructure
STUGTR0020180922ee9m0007i,STUGTR0020180922ee9m0007i_1,900.0,infrastructure,Vermieter unterstützen,Infrastructure
STUGTR0020180922ee9m0007i,STUGTR0020180922ee9m0007i_1,900.0,infrastructure,Wohnungssuchenden helfen,Infrastructure
STUGTR0020180922ee9m0007i,STUGTR0020180922ee9m0007i_1,900.0,infrastructure,Wohnraum schaffen,Infrastructure
STUGTR0020180922ee9m0007i,STUGTR0020180922ee9m0007i_1,900.0,infrastructure,Wohnungsnot,Infrastructure
STUGTR0020180922ee9m0007i,STUGTR0020180922ee9m0007i_2,900.0,infrastructure,Mietpreisexplosion,Infrastructure
STUGTR0020180922ee9m0007i,STUGTR0020180922ee9m0007i_2,900.0,infrastructure,Verstoß gegen die Mietpreisbremse mit einem,Infrastructure
STUGTR0020180922ee9m0007i,STUGTR0020180922ee9m0007i_2,900.0,infrastructure,Kappungsgrenze bei Mieterhöhungen auf höchstens,Infrastructure
STUGTR0020180922ee9m0007i,STUGTR0020180922ee9m0007i_2,900.0,infrastructure,Mieterhöhung nach,Infrastructure
STUGTR0020190301ef310007b,STUGTR0020190301ef310007b_1,900.0,infrastructure,"Dort fordert er die Post auf, den alten Status Quo wieder",Infrastructure
STUGTR0020190401ef410001h,STUGTR0020190401ef410001h_1,900.0,infrastructure,Für 300 teure neue Wohnungen reißt,Infrastructure
STUGTR0020190513ef5d0001f,STUGTR0020190513ef5d0001f_1,900.0,infrastructure,gegen das Projekt Stuttgart 21,Infrastructure
STUGTR0020190718ef7i000ij,STUGTR0020190718ef7i000ij_1,900.0,infrastructure,für das Fahrrad,Infrastructure
STUGTR0020190923ef9n0005z,STUGTR0020190923ef9n0005z_1,900.0,infrastructure,autofreien Sonntag,Infrastructure
STUGTR0020190923ef9n0005z,STUGTR0020190923ef9n0005z_1,900.0,infrastructure,der ohnehin knappe Raum,Infrastructure
STUGTR0020190923ef9n0005z,STUGTR0020190923ef9n0005z_1,900.0,infrastructure,Bürgermeister Martin Schairer,Infrastructure
STUGTR0020190923ef9n0005z,STUGTR0020190923ef9n0005z_1,900.0,infrastructure,den Autoverkehr um 20 Prozent,Infrastructure
STUGTR0020190923ef9n0005z,STUGTR0020190923ef9n0005z_1,900.0,infrastructure,autofrei,Infrastructure
STUGTR0020200502eg520000j,STUGTR0020200502eg520000j_1,900.0,infrastructure,Kapazitätsmangel in den Krankenhäuser,Infrastructure
STUGTR0020200502eg520000j,STUGTR0020200502eg520000j_1,900.0,infrastructure,Eine Bedarfsgerechte Ausstattungen in den Kliniken ist nicht vereinbar mit einer kapitalistischen Ausrichtung auf Profit,Infrastructure
STUGTR0020200907eg9700001,STUGTR0020200907eg9700001_1,900.0,infrastructure,Wegenetz.Fahrradfahrer haben auf dem,Infrastructure
STUGTR0020200116eg1g00021,STUGTR0020200116eg1g00021_1,900.0,infrastructure,Thema Wohnungsnot auf die Tagesordnung,Infrastructure
STUGTR0020200707eg770003n,STUGTR0020200707eg770003n_1,900.0,infrastructure,"forderten sie bezahlbare Räume für Wohnen, Kunst und Kultur",Infrastructure
STUGTR0020200708eg7800007,STUGTR0020200708eg7800007_1,900.0,infrastructure,"gegen Forderungen des Bundesrats, generelle Fahrverbote für",Infrastructure
LEIPZO0020160106ebch0018n,LEIPZO0020160106ebch0018n_1,900.0,infrastructure,geeignete Räume für das soziokulturelle Projekt,Infrastructure
LEIPZO0020160106ebch0018n,LEIPZO0020160106ebch0018n_2,900.0,infrastructure,"Während in Leipzig tausende Menschen in Zelten untergebracht werden, stehen Gebäude leer, oft aufgrund der Immobilienspekulation oder bürokratischer Irrungen",Infrastructure
LEIPZO0020160106ebch0018n,LEIPZO0020160106ebch0018n_2,900.0,infrastructure,Das Bedürfnis nach einem sozialen Zentrum ist groß,Infrastructure
LEIPZO0020160201eb7b002jr,LEIPZO0020160201eb7b002jr_1,900.0,infrastructure,für den Erhalt kultureller Vielfalt,Infrastructure
LEIPZO0020160201eb7b002jr,LEIPZO0020160201eb7b002jr_1,900.0,infrastructure,kulturelle Vielfalt,Infrastructure
LEIPZO0020160201eb7b002jr,LEIPZO0020160201eb7b002jr_1,900.0,infrastructure,Für den Erhalt kultureller Vielfalt in der Stadt Leipzig,Infrastructure
LEIPZO0020160201eb7b002jr,LEIPZO0020160201eb7b002jr_1,900.0,infrastructure,steigende Mieten,Infrastructure
LEIPZO0020160205ec25004ph,LEIPZO0020160205ec25004ph_1,900.0,infrastructure,für Bau einer Leipziger Eissporthalle,Infrastructure
LEIPZO0020160205ec25004ph,LEIPZO0020160205ec25004ph_1,900.0,infrastructure,"Druck auf die Stadt Leipzig machen, den Bau einer Eissporthalle anzugehen",Infrastructure
LEIPZO0020160205ec25004ph,LEIPZO0020160205ec25004ph_1,900.0,infrastructure,"Druck auf die Stadt machen, den Bau einer Eissporthalle in Leipzig anzustoßen",Infrastructure
LEIPZO0020160831ec8u001ba,LEIPZO0020160831ec8u001ba_1,900.0,infrastructure,Ihre Idee: Raum schaffen für ein selbstverwaltetes Sozialzentrum für alle.,Infrastructure
LEIPZO0020180113eb7u003pe,LEIPZO0020180113eb7u003pe_1,900.0,infrastructure,das Leben auf dem Gelände im Leipziger Süden,Infrastructure
LEIPZV0020140607ea3f000pr,LEIPZV0020140607ea3f000pr_1,900.0,infrastructure,Nachbesserungen an den Umbauplänen für den Kreisverkehr in der Karl-Tauchnitz-Straße gefordert,Infrastructure
LEIPZV0020140607ea3f000pr,LEIPZV0020140607ea3f000pr_2,900.0,infrastructure,Nachbesserungen für die Fußgänger,Infrastructure
LEIPZV0020140804ea840002m,LEIPZV0020140804ea840002m_1,900.0,infrastructure,Fußgängerüberweg zum Johannapark gefordert,Infrastructure
LEIPZV0020140918ea9i0002n,LEIPZV0020140918ea9i0002n_1,900.0,infrastructure,neue Schule,Infrastructure
LEIPZV0020140918ea9i0002n,LEIPZV0020140918ea9i0002n_1,900.0,infrastructure,Neubau,Infrastructure
LEIPZV0020140918ea9i0002n,LEIPZV0020140918ea9i0002n_3,900.0,infrastructure,Einstellung des Neubaus mit ausreichend Hort-Kapazitäten und einer Turnhalle in den Doppelhaushalt 2015/16 der Stadt,Infrastructure
LEIPZV0020141107eab70002d,LEIPZV0020141107eab70002d_1,900.0,infrastructure,"\""neoliberale Stadtpolitik\",Infrastructure
LEIPZV0020141107eab70002d,LEIPZV0020141107eab70002d_1,900.0,infrastructure,"\""Von schicken Stadtparks gibt es schon genug.\",Infrastructure
LEIPZV0020141111eabb0002g,LEIPZV0020141111eabb0002g_1,900.0,infrastructure,gegen eine Finanzspritze der Stadt von einer Million Euro für den Katholikentag 2016,Infrastructure
LEIPZV0020160603ec6300013,LEIPZV0020160603ec6300013_1,900.0,infrastructure,Privatisierungsstopp für kommunales Vermögen,Infrastructure
LEIPZV0020161128ecbs0002p,LEIPZV0020161128ecbs0002p_1,900.0,infrastructure,gegen die Eröffnung der Dienststelle,Infrastructure
LEIPZV0020161128ecbs0002p,LEIPZV0020161128ecbs0002p_2,900.0,infrastructure,Kontrollbereich 04277,Infrastructure
LEIPZV0020161128ecbs0002p,LEIPZV0020161128ecbs0002p_3,900.0,infrastructure,griffen rund 50 Vermummte am 7. Januar 2015 die Dienststelle an,Infrastructure
LEIPZV0020161128ecbs0002p,LEIPZV0020161128ecbs0002p_3,900.0,infrastructure,fackelten mit einem Brandsatz einen davor abgestellten Streifenwagen ab,Infrastructure
StZ_20090403_MTSES_799,StZ_20090403_MTSES_799_1,900.0,infrastructure,"\""Endstation - Alles aussteigen\"" oder \""Lügen-Gebäude mit Gleisanschluss\",Infrastructure
StZ_20091117_PTSMI_438,StZ_20091117_PTSMI_438_1,900.0,infrastructure,Stuttgart-21-Gegnern.,Infrastructure
StZ_20091117_PTSMI_438,StZ_20091117_PTSMI_438_1,900.0,infrastructure,die an der Mahnwache gegen das ihrer Ansicht nach überflüssige und teure Milliardenvorhaben teilnahmen,Infrastructure
StZ_20091117_PTSMI_438,StZ_20091117_PTSMI_438_1,900.0,infrastructure,Protest gegen das Bahnprojekt,Infrastructure
StZ_20091117_PTSMI_438,StZ_20091117_PTSMI_438_1,900.0,infrastructure,"\""Von einem Milliardengrab zum nächsten\",Infrastructure
StZ_20091118_USBDB_782,StZ_20091118_USBDB_782_1,900.0,infrastructure,"Im Appell wird \""eine langfristige, fördernde, den Einrichtungen, Künstlerinnen und Künstlern zugewandte sowie inhaltlich begründete Kulturpolitik\"" gefordert",Infrastructure
StZ_20091120_ZDKNB_854,StZ_20091120_ZDKNB_854_1,900.0,infrastructure,"Zur gleichen Zeit wetterten auf dem Schillerplatz der Verdi-Sekretär Cuno Hägele und Markus Freitag vom städtischen Personalrat gegen das Sparkonzept der Stadt, für das es \""gar keinen Grund\"" gebe",Infrastructure
StZ_20091120_ZDKNB_854,StZ_20091120_ZDKNB_854_1,900.0,infrastructure,"Statt Milliarden in S 21, den Rosensteintunnel oder die LBBW zu stecken, könne man das Geld sinnvoller für den Kinderschutz und die öffentliche Daseinsfürsorge ausgeben",Infrastructure
StZ_20091120_ZDKNB_854,StZ_20091120_ZDKNB_854_1,900.0,infrastructure,"\""Wir haben ein riesiges Defizit im Betreuungs- und Bildungsbereich\",Infrastructure
StZ_20091120_ZDKNB_854,StZ_20091120_ZDKNB_854_1,900.0,infrastructure,plädierte für mehr Jugendgewaltprävention,Infrastructure
StZ_20091120_ZDKNB_854,StZ_20091120_ZDKNB_854_1,900.0,infrastructure,Nötig seien 300 Stellen,Infrastructure
StZ_20091120_ZDKNB_854,StZ_20091120_ZDKNB_854_2,900.0,infrastructure,"\""Stuttgarter Appell zu den Kürzungen im Kulturbereich\",Infrastructure
StZ_20091120_ZDKNB_854,StZ_20091120_ZDKNB_854_2,900.0,infrastructure,"\""Contra Musica?\",Infrastructure
StZ_20091120_ZDKNB_854,StZ_20091120_ZDKNB_854_2,900.0,infrastructure,162 Jahre Stuttgarter Oratorienchor - und jetzt Schluss?\,Infrastructure
StZ_20091120_ZDKNB_854,StZ_20091120_ZDKNB_854_2,900.0,infrastructure,"\""In Stuttgart wird das genannte Sparziel für einige Einrichtungen das Aus bedeuten, andere werden kaum noch auf dem bisherigen nationalen und internationalen Niveau arbeiten können\"", heißt es in dem \""Appell\"", in dem eine Fortsetzung der finanziellen Unterstützung gefordert wird: \""Diese zu verlieren, um kurzfristig angesetzte Sparziele zu erreichen, steht im krassen Widerspruch zu den investierten Mitteln und verspielt leichtfertig einen nachhaltigen Standortvorteil.\",Infrastructure
StZ_20091208_EUKFM_565,StZ_20091208_EUKFM_565_1,900.0,infrastructure,"Mit einem bunten Lampionumzug durch die Innenstadt haben gestern mehrere Hundert Eltern samt Kindern, aber auch Schüler für eine bessere Infrastruktur in Kindertagesstätten und Schulen demonstriert",Infrastructure
StZ_20091208_EUKFM_565,StZ_20091208_EUKFM_565_1,900.0,infrastructure,"Die Eltern fordern mehr Krippen- und Hortplätze, mehr Erzieherinnen und eine effektivere Sprachförderung.",Infrastructure
StZ_20091208_EUKFM_565,StZ_20091208_EUKFM_565_1,900.0,infrastructure,Bei uns kommt in der Schule und in der Turnhalle die Decke runter\,Infrastructure
StZ_20091208_EUKFM_565,StZ_20091208_EUKFM_565_1,900.0,infrastructure,"\""Es geht auch darum, dass endlich mal unsere Mädelstoiletten saniert werden - die stinken.",Infrastructure
StZ_20091208_EUKFM_565,StZ_20091208_EUKFM_565_1,900.0,infrastructure,"Wir sehen uns nicht in der Lage, mit Einstein in der Kita unser Konzept zur Umsetzung unseres Orientierungsplanes auszuweiten und flächendeckend umzusetzen",Infrastructure
StZ_20091208_EUKFM_565,StZ_20091208_EUKFM_565_1,900.0,infrastructure,"\"" Dies sei nur möglich, wenn die zusätzlichen Finanzmittel vom Land in vollem Umfang für die Qualitätsverbesserung in den Kitas eingesetzt werde.",Infrastructure
StZ_20091211_DEGUED_1568,StZ_20091211_DEGUED_1568_1,900.0,infrastructure,"\""Jeden Tag - Stau",Infrastructure
StZ_20091211_DEGUED_1568,StZ_20091211_DEGUED_1568_1,900.0,infrastructure,"\""Oben bleiben",Infrastructure
StZ_20091211_DEGUED_1568,StZ_20091211_DEGUED_1568_2,900.0,infrastructure,"Der Schauspieler hat erst kürzlich im Schlossgarten ein Protestbäumchen gepflanzt. Es steht neben den alten Riesen mit zwei Meter Stammdurchmesser und ausladenden Kronen, deren Urteil gestern besiegelt worden ist",Infrastructure
StZ_20091211_DEGUED_1568,StZ_20091211_DEGUED_1568_3,900.0,infrastructure,"67 000 Stuttgarter haben 2007 das scheinbar verbriefte Recht eingefordert, selbst über das Projekt zu bestimmen",Infrastructure
StZ_20091216_SKMPN_636,StZ_20091216_SKMPN_636_1,900.0,infrastructure,"stilisierte Grabkreuze, Särge, Transparente",Infrastructure
StZ_20091216_SKMPN_636,StZ_20091216_SKMPN_636_2,900.0,infrastructure,"forderten fortan eine Gesamtauslagerung der Hörsäle und Werkstätten an einen einzigen, zentralen Ort. Von einem \""Gesamtcampus am Hauptbahnhof\"" träumte, wie viele ihrer Kommilitonen, die Gmünder Asta-Sprecherin Olga Grischtschenko",Infrastructure
StZ_20091216_SKMPN_636,StZ_20091216_SKMPN_636_3,900.0,infrastructure,Protestaufrufe,Infrastructure
StZ_20100127_DMW_331,StZ_20100127_DMW_331_1,900.0,infrastructure,Stuttgart steht hinter Stuttgart 21,Infrastructure
StZ_20100204_SKMUE_113,StZ_20100204_SKMUE_113_1,900.0,infrastructure,In der Landeshauptstadt protestieren der Gesamtelternbeirat der Stuttgarter Schulen sowie der Elternbeirat des Wagenburggymnasiums in offenen Briefen an Kultusminister Helmut Rau gegen die Unterrichtsausfälle in mehreren Schulen,Infrastructure
StZ_20100204_SKMUE_113,StZ_20100204_SKMUE_113_1,900.0,infrastructure,"Insbesondere kritisieren die Elternvertreter, dass das Regierungspräsidium nicht bereit sei, für die bereits von den Schulleitungen besorgten Krankheitsvertretungen Verträge zu bewilligen, angeblich gebe es dafür kein Geld.",Infrastructure
StZ_20100206_PUBBI_429,StZ_20100206_PUBBI_429_1,900.0,infrastructure,"Wie berichtet, richtet sich die Klage gegen den im Zuge des Baus von Stuttgart 21 geplanten Abriss von Teilen des Hauptbahnhofs.",Infrastructure
StZ_20100206_PUBBI_429,StZ_20100206_PUBBI_429_1,900.0,infrastructure,"Vielmehr gehe es ihm ausschließlich \""um die vollständige Integrität und den Erhalt\"" des Bauwerks",Infrastructure
StZ_20100503_VGUEIR_511,StZ_20100503_VGUEIR_511_1,900.0,infrastructure,Gegner von Stuttgart 21,Infrastructure
StZ_20100503_VGUEIR_511,StZ_20100503_VGUEIR_511_1,900.0,infrastructure,gegen das Tiefbahnhofprojekt,Infrastructure
StZ_20100503_VGUEIR_511,StZ_20100503_VGUEIR_511_1,900.0,infrastructure,Oben bleiben,Infrastructure
StZ_20100503_VGUEIR_511,StZ_20100503_VGUEIR_511_1,900.0,infrastructure,Wir brauchen den Tiefbahnhof nicht,Infrastructure
StZ_20100504_QEBR_98,StZ_20100504_QEBR_98_1,900.0,infrastructure,für eine vollständige Rekommunalisierung der Wasserversorgung,Infrastructure
StZ_20100508_ABUEDO_455,StZ_20100508_ABUEDO_455_1,900.0,infrastructure,gegen das umstrittene Großprojekt Stuttgart 21,Infrastructure
StZ_20100518_FDGID_432,StZ_20100518_FDGID_432_1,900.0,infrastructure,"Dieser sei \""der Hauptverantwortliche für die Spaltung der Stadt\"", die durch Stuttgart 21 entstanden sei",Infrastructure
StZ_20100518_FDGID_432,StZ_20100518_FDGID_432_1,900.0,infrastructure,Das Bahnprojekt sei vielmehr Ausdruck einer falschen Prioritätensetzung der Politik,Infrastructure
StZ_20100518_FDGID_432,StZ_20100518_FDGID_432_1,900.0,infrastructure,für mehr Investitionen in den Ausbau des öffentlichen Personennahverkehrs,Infrastructure
StZ_20100518_FDGID_432,StZ_20100518_FDGID_432_1,900.0,infrastructure,"Wenn Stuttgart 21 kommt, ziehe ich hier weg",Infrastructure
StZ_20100601_GSSIDP_409,StZ_20100601_GSSIDP_409_1,900.0,infrastructure,"Der Versuch, nun hinterm Bahnhof eine neue Stadt zu kreieren, sei \""eine Negation der alten Stadt\"",",Infrastructure
StZ_20100601_GSSIDP_409,StZ_20100601_GSSIDP_409_1,900.0,infrastructure,Vor Steuererhöhungen und Sparmaßnahmen müssten die Großprojekte auf den Prüfstand,Infrastructure
StZ_20100601_GSSIDP_409,StZ_20100601_GSSIDP_409_1,900.0,infrastructure,Auch am geplanten Tiefbahnhof ließ er kein gutes Haar,Infrastructure
StZ_20100626_ZMZFSS_500,StZ_20100626_ZMZFSS_500_1,900.0,infrastructure,Die Demonstration richtete sich gegen den geplanten Bau des Rosensteintunnels in Bad Cannstatt,Infrastructure
StZ_20100727_SGBDN_603,StZ_20100727_SGBDN_603_1,900.0,infrastructure,"Aus den Fenstern flogen derweil Luftballons und Konfetti, auf Plakaten erklärten die Demonstranten, \""Stuttgart 21 entern\"" zu wollen, und kündigten an: \""Bei Abriss Aufstand.\",Infrastructure
StZ_20100729_RAEIKG_224,StZ_20100729_RAEIKG_224_1,900.0,infrastructure,Der Protest der Stuttgart-21-Gegner,Infrastructure
StZ_20100731_BBDAD_484,StZ_20100731_BBDAD_484_1,900.0,infrastructure,"Sie skandierten \""Wir bleiben hier\"", \""Unser Bahnhof\"" und \""Oben bleiben\"".",Infrastructure
StZ_20100809_DGSSGT_1568,StZ_20100809_DGSSGT_1568_1,900.0,infrastructure,Schluss jetzt! Wir stoppen Stuttgart 21,Infrastructure
StZ_20100809_DGSSGT_1568,StZ_20100809_DGSSGT_1568_1,900.0,infrastructure,"Ihre Haltung hat sich geändert, seit Kleiner vor einem Jahr angefangen hat, sich zu ärgern: über die steigenden Kosten, die \""sieben oder vielleicht zehn Milliarden Euro\"", die für das \""gigantische Prestigeprojekt\"" von Bahn, Land und Kommune verbuddelt werden",Infrastructure
StZ_20100814_BRIDM_721,StZ_20100814_BRIDM_721_2,900.0,infrastructure,die die Arbeiten mit einer Sitzblockade behindern wollten,Infrastructure
StZ_20100814_BRIDM_721,StZ_20100814_BRIDM_721_3,900.0,infrastructure,beschimpften laut Polizei die Arbeiter,Infrastructure
StZ_20100821_ESPGS_747,StZ_20100821_ESPGS_747_1,900.0,infrastructure,"\""Alles gesagt - Stuttgart 21 stoppen\",Infrastructure
StZ_20100826_BBMAD_582,StZ_20100826_BBMAD_582_1,900.0,infrastructure,gegen den Abriss,Infrastructure
StZ_20100826_BBMAD_582,StZ_20100826_BBMAD_582_1,900.0,infrastructure,Projektgegner,Infrastructure
StZ_20100826_BBMAD_582,StZ_20100826_BBMAD_582_1,900.0,infrastructure,sofortige Einstellung der Arbeiten,Infrastructure
StZ_20100826_BBMAD_582,StZ_20100826_BBMAD_582_2,900.0,infrastructure,Demonstranten vor den von der Polizei bewachten Bauzaun gesetzt,Infrastructure
StZ_20100826_BBMAD_582,StZ_20100826_BBMAD_582_3,900.0,infrastructure,"\""Brandstifter Schuster raus aus dem Rathaus\",Infrastructure
StZ_20100826_BBMAD_582,StZ_20100826_BBMAD_582_3,900.0,infrastructure,Baustopp,Infrastructure
StZ_20100826_BBMAD_582,StZ_20100826_BBMAD_582_4,900.0,infrastructure,Projektgegnern,Infrastructure
StZ_20100826_PVDTD_638,StZ_20100826_PVDTD_638_1,900.0,infrastructure,ihren Frust über die Abrissarbeiten,Infrastructure
StZ_20100831_SAEHBV_677,StZ_20100831_SAEHBV_677_1,900.0,infrastructure,gegen den Abriss des Nordflügels und das umstrittene Schienenprojekt,Infrastructure
StZ_20100831_SAEHBV_677,StZ_20100831_SAEHBV_677_1,900.0,infrastructure,ohne einen Baustopp gebe es keine Gespräche mit dem Bündnis,Infrastructure
StZ_20100902_LPVDS_428,StZ_20100902_LPVDS_428_1,900.0,infrastructure,Widerstand gegen Stuttgart 21,Infrastructure
StZ_20100902_LPVDS_428,StZ_20100902_LPVDS_428_1,900.0,infrastructure,"\""Oben bleiben\",Infrastructure
StZ_20100902_LPVDS_428,StZ_20100902_LPVDS_428_1,900.0,infrastructure,"\""Mappus muss kapieren, dass die Mehrheit der Stuttgarter dieses Projekt nicht will\",Infrastructure
StZ_20100902_LPVDS_428,StZ_20100902_LPVDS_428_2,900.0,infrastructure,Demonstranten am Nordflügel,Infrastructure
StZ_20100904_LGS_822,StZ_20100904_LGS_822_1,900.0,infrastructure,"\""Im ganzen Ländle schallt es laut, Stuttgart 21 wird nicht gebaut!\",Infrastructure
StZ_20100904_LGS_822,StZ_20100904_LGS_822_1,900.0,infrastructure,"mehr ein Abrisstopp unser Ziel, sondern ein Baustopp\",Infrastructure
StZ_20100904_LGS_822,StZ_20100904_LGS_822_1,900.0,infrastructure,"\""Ab Montagmorgen darf sich nichts mehr auf dem Baugelände tun, sonst gibt es keine Gespräche.\",Infrastructure
StZ_20100904_LGS_822,StZ_20100904_LGS_822_2,900.0,infrastructure,Schlossgarten zwei Bäume,Infrastructure
StZ_20100908_PBHA_702,StZ_20100908_PBHA_702_1,900.0,infrastructure,Aktivisten in einem Baumhaus im Schlossgarten verschanzt,Infrastructure
StZ_20100908_PBHA_702,StZ_20100908_PBHA_702_2,900.0,infrastructure,um den besetzten Baum gebildet,Infrastructure
StZ_20100914_SGSOS_499,StZ_20100914_SGSOS_499_1,900.0,infrastructure,Stuttgart 21-Gegner,Infrastructure
StZ_20100914_SGSOS_499,StZ_20100914_SGSOS_499_2,900.0,infrastructure,"\""Schluss jetzt\",Infrastructure
StZ_20100914_SGSOS_499,StZ_20100914_SGSOS_499_3,900.0,infrastructure,offiziellen Montagsdemo,Infrastructure
StZ_20100914_SGSOS_499,StZ_20100914_SGSOS_499_3,900.0,infrastructure,"\""Grube will uns provozieren\",Infrastructure
StZ_20100914_SGSOS_499,StZ_20100914_SGSOS_499_3,900.0,infrastructure,Zerstörung des Bahnhofs sei ein Verbrechen,Infrastructure
StZ_20100914_SGSOS_499,StZ_20100914_SGSOS_499_3,900.0,infrastructure,Ruf nach einem Baustopp,Infrastructure
StZ_20100924_SIRSS_818,StZ_20100924_SIRSS_818_1,900.0,infrastructure,Baustopp für Stuttgart 21,Infrastructure
StZ_20101001_ADST_643,StZ_20101001_ADST_643_1,900.0,infrastructure,S21-Gegner,Infrastructure
StZ_20101006_SGSAOE_180,StZ_20101006_SGSAOE_180_1,900.0,infrastructure,STUTTGART-21-GEGNER,Infrastructure
StZ_20101019_WDWUS_274,StZ_20101019_WDWUS_274_1,900.0,infrastructure,gegen den Ausverkauf des kommunalen Eigentums,Infrastructure
StZ_20101020_BFSDB_582,StZ_20101020_BFSDB_582_1,900.0,infrastructure,Für Stuttgart 21,Infrastructure
StZ_20101024_PUF_607,StZ_20101024_PUF_607_1,900.0,infrastructure,Befürworter des umstrittenen Bahnprojekts,Infrastructure
StZ_20101024_PUF_607,StZ_20101024_PUF_607_1,900.0,infrastructure,für die Tieferlegung des Stuttgarter Hauptbahnhofes,Infrastructure
StZ_20101024_PUF_607,StZ_20101024_PUF_607_1,900.0,infrastructure,"\""Weiterbauen\",Infrastructure
StZ_20101024_PUF_607,StZ_20101024_PUF_607_1,900.0,infrastructure,für das Milliardenprojekt,Infrastructure
StZ_20101024_PUF_607,StZ_20101024_PUF_607_1,900.0,infrastructure,Engagement für ein fortschrittliches Baden-Württemberg,Infrastructure
StZ_20101024_PUF_607,StZ_20101024_PUF_607_1,900.0,infrastructure,"Dieses Bahnprojekt trägt maßgeblich dazu bei, die Lebensqualität unserer Region auch für unsere Kinder und Enkel zu erhalten",Infrastructure
StZ_20101024_PUF_607,StZ_20101024_PUF_607_1,900.0,infrastructure,"\""Die Deutsche Bahn kann, darf und will keinen Stopp!",Infrastructure
StZ_20101024_PUF_607,StZ_20101024_PUF_607_1,900.0,infrastructure,Ein modernisierter Kopfbahnhof ist für Grube keine Alternative,Infrastructure
StZ_20101024_PUF_607,StZ_20101024_PUF_607_2,900.0,infrastructure,umstrittenen Bahnprojekts,Infrastructure
StZ_20101024_PUF_607,StZ_20101024_PUF_607_2,900.0,infrastructure,"\""Oben bleiben!\",Infrastructure
StZ_20101024_PUF_607,StZ_20101024_PUF_607_2,900.0,infrastructure,"Der Planfeststellungsbeschluss sei damals gegen die Bürger durchgesetzt worden. \""Lügenpack\"", antwortet die Masse",Infrastructure
StZ_20101024_PUF_607,StZ_20101024_PUF_607_2,900.0,infrastructure,Ohne eure Standhaftigkeit bei den Protesten würde heute niemand mit uns reden,Infrastructure
StZ_20101024_PUF_607,StZ_20101024_PUF_607_2,900.0,infrastructure,Jetzt müssen sie sich der Kritik stellen,Infrastructure
StZ_20101024_PUF_607,StZ_20101024_PUF_607_4,900.0,infrastructure,Demonstranten blockieren kurzzeitig aus Protest gegen die Berichterstattung das Funkhaus in der Neckarstraße,Infrastructure
StZ_20101026_VANAEB_150,StZ_20101026_VANAEB_150_1,900.0,infrastructure,einen Baustopp für Stuttgart 21,Infrastructure
StZ_20101029_AKBUE_146,StZ_20101029_AKBUE_146_1,900.0,infrastructure,für Stuttgart 21,Infrastructure
StZ_20101029_AKBUE_146,StZ_20101029_AKBUE_146_2,900.0,infrastructure,Befürworter für das Schienenprojekt,Infrastructure
StZ_20101029_AKBUE_146,StZ_20101029_AKBUE_146_2,900.0,infrastructure,"Die Neubaustrecke Stuttgart-Ulm sei \""zwingend notwendig",Infrastructure
StZ_20101031_MLGMK_325,StZ_20101031_MLGMK_325_2,900.0,infrastructure,Kultur statt Größenwahn,Infrastructure
StZ_20101105_NSMPA_216,StZ_20101105_NSMPA_216_1,900.0,infrastructure,für den Bau von Stuttgart 21,Infrastructure
StZ_20101105_NSMPA_216,StZ_20101105_NSMPA_216_1,900.0,infrastructure,"Wir wollen nicht, dass Baden-Württemberg im europäischen Fernverkehr abgehängt wird",Infrastructure
StZ_20101105_NSMPA_216,StZ_20101105_NSMPA_216_1,900.0,infrastructure,"Weil wir Verantwortung für die künftigen Generationen haben, müssen wir weiterbauen.",Infrastructure
StZ_20101105_NSMPA_216,StZ_20101105_NSMPA_216_1,900.0,infrastructure,die Chance eines neuen Stadtviertels hinter dem Hauptbahnhof,Infrastructure
StZ_20101112_ZKFSD_196,StZ_20101112_ZKFSD_196_1,900.0,infrastructure,für das Bahnprojekt,Infrastructure
StZ_20101112_ZKFSD_196,StZ_20101112_ZKFSD_196_1,900.0,infrastructure,"in Richtung der Projektgegner geschossen: \""In den letzten Wochen hatte man den Eindruck, dass die Faschingszeit schon deutlich früher begonnen hätte\"", rief Krüger",Infrastructure
StZ_20101116_UUEDUM_188,StZ_20101116_UUEDUM_188_1,900.0,infrastructure,gegen das geplante Großprojekt,Infrastructure
StZ_20101116_UUEDUM_188,StZ_20101116_UUEDUM_188_1,900.0,infrastructure,"Wir sind nicht gegen Modernisierung, aber wir wollen eine intelligente Lösung",Infrastructure
StZ_20101116_UUEDUM_188,StZ_20101116_UUEDUM_188_3,900.0,infrastructure,Unternehmer gegen S 21,Infrastructure
StZ_20101119_RNLBUE_118,StZ_20101119_RNLBUE_118_1,900.0,infrastructure,für Stuttgart,Infrastructure
StZ_20101119_RNLBUE_118,StZ_20101119_RNLBUE_118_1,900.0,infrastructure,Stuttgart 21 und die Schnellbahnstrecke nach Ulm sind ein entscheidender Baustein im europäischen Schienenverkehrsnetz,Infrastructure
StZ_20101119_RNLBUE_118,StZ_20101119_RNLBUE_118_1,900.0,infrastructure,"Es sei ein erklärtes Ziel europäischer Politik, den Verkehr von innereuropäischen Flügen auf die umweltfreundlichere Bahn zu verlagern",Infrastructure
StZ_20101122_BSBGM_551,StZ_20101122_BSBGM_551_1,900.0,infrastructure,für Stuttgarts Zukunft,Infrastructure
StZ_20101122_BSBGM_551,StZ_20101122_BSBGM_551_1,900.0,infrastructure,Stuttgart 21 sei ausreichend legitimiert,Infrastructure
StZ_20101122_BSBGM_551,StZ_20101122_BSBGM_551_1,900.0,infrastructure,Weiterbauen,Infrastructure
StZ_20101122_BSBGM_551,StZ_20101122_BSBGM_551_2,900.0,infrastructure,"Unterdessen warf SÖS-Stadtrat Hannes Rockenbauch der Bahn vor: \""Es müssen ingenieurstechnische Verrenkungen angestellt werden, um Risiken für Arbeiter und Mineralwasser zu minimieren",Infrastructure
StZ_20101123_WLSM_228,StZ_20101123_WLSM_228_1,900.0,infrastructure,Gegner des Bahnprojekts,Infrastructure
StZ_20101123_WLSM_228,StZ_20101123_WLSM_228_1,900.0,infrastructure,gegen das umstrittene Schienenprojekt,Infrastructure
StZ_20101123_WLSM_228,StZ_20101123_WLSM_228_1,900.0,infrastructure,Gerade deshalb brauche man ein intelligentes Bahnprojekt und kein Prestigeprojekt,Infrastructure
StZ_20101130_KGFSP_165,StZ_20101130_KGFSP_165_1,900.0,infrastructure,"das Schlichtungswochenende sei \""eine Blamage für die Bahn\"" gewesen",Infrastructure
StZ_20101130_KGFSP_165,StZ_20101130_KGFSP_165_1,900.0,infrastructure,S 21 plus für noch mehr Geld dürfe es nicht geben,Infrastructure
StZ_20101207_DDWZF_752,StZ_20101207_DDWZF_752_1,900.0,infrastructure,Stuttgart-21-Gegners,Infrastructure
StZ_20110111_BMWDD_683,StZ_20110111_BMWDD_683_1,900.0,infrastructure,gegen den Bau des geplanten unterirdischen Tiefbahnhofs,Infrastructure
StZ_20110111_BMWDD_683,StZ_20110111_BMWDD_683_2,900.0,infrastructure,"Rund 50 Stuttgart-21-Gegner der sogenannten \""Parkschützer\""-Initiative demonstrierten vor dem Bauzaun gegen den Einsatz von Baufahrzeugen.",Infrastructure
StZ_20110118_GSSUED_846,StZ_20110118_GSSUED_846_1,900.0,infrastructure,"Vor mehreren Tausend Teilnehmern sagte die Publizistin Hannelore Schlaffer, sie fürchte um die Lebensqualität der Stadt. Anders als Grundstücksgewinne und Bruttogeschossflächen lasse sich Lebensqualität nicht in Zahlen ausdrücken - sie sei aber \""unermesslich groß\",Infrastructure
StZ_20110118_GSSUED_846,StZ_20110118_GSSUED_846_1,900.0,infrastructure,"Der Politikdidaktiker Andreas Brunold sprach sich ebenfalls gegen das Projekt aus. Er sagte, der Bahnhof sei das Herz der Stadt, nicht das von Europa. UEber sein Schicksal sollten die Bürger entscheiden. Stuttgart 21 tauge als Beispiel für den Politikunterricht. Der Lernzprozess sei für die Bürgergesellschaft nicht hoch genug einzuschätzen.",Infrastructure
StZ_20110121_GBBS_205,StZ_20110121_GBBS_205_1,900.0,infrastructure,Stuttgart-21-Gegnerinnen,Infrastructure
StZ_20110125_SSZUE_323,StZ_20110125_SSZUE_323_1,900.0,infrastructure,"Vor den 6500 Teilnehmern (die Polizei sprach von weniger als 3000 Demonstranten) rief der frühere Leiter der Bachakademie, Andreas Keller, in Anspielung an Pressetexte der Bahn dazu auf, für einen \""Rückbau\"" der jetzigen Landesregierung zu kämpfen",Infrastructure
StZ_20110125_SSZUE_323,StZ_20110125_SSZUE_323_2,900.0,infrastructure,"Parolen skandiert, Lieder gesungen",Infrastructure
StZ_20110130_WGSSGS_348,StZ_20110130_WGSSGS_348_1,900.0,infrastructure,Baustopp von Stuttgart 21,Infrastructure
StZ_20110130_WGSSGS_348,StZ_20110130_WGSSGS_348_1,900.0,infrastructure,"\""Stuttgart 21 steht für eine falsche, überholte, menschenverachtende und skandalöse Politik",Infrastructure
StZ_20110130_WGSSGS_348,StZ_20110130_WGSSGS_348_1,900.0,infrastructure,Ein Bahntunnel ist in Offenburg wichtiger als in Stuttgart,Infrastructure
StZ_20110131_LRGDB_460,StZ_20110131_LRGDB_460_1,900.0,infrastructure,"\""Besseres Essen in der Mensa\",Infrastructure
StZ_20110131_LRGDB_460,StZ_20110131_LRGDB_460_1,900.0,infrastructure,Saubere Toiletten in den Schulen,Infrastructure
StZ_20110131_LRGDB_460,StZ_20110131_LRGDB_460_1,900.0,infrastructure,"Das viele Geld für den Stuttgarter Tiefbahnhof wäre in der Bildung besser aufgehoben, sagte eine der studentischen Sprecherinnen",Infrastructure
StZ_20110201_DVIHI_394,StZ_20110201_DVIHI_394_1,900.0,infrastructure,Einige der S 21-Gegner,Infrastructure
StZ_20110207_BRGMP_215,StZ_20110207_BRGMP_215_1,900.0,infrastructure,für einen Ausbau des Nahverkehrs,Infrastructure
StZ_20110207_BRGMP_215,StZ_20110207_BRGMP_215_1,900.0,infrastructure,Stuttgart 21 bremst aus,Infrastructure
StZ_20110209_DEVAEG_1025,StZ_20110209_DEVAEG_1025_1,900.0,infrastructure,"Hejo, leistet Widerstand, gegen das Milliardengrab im Land",Infrastructure
StZ_20110220_WMG_162,StZ_20110220_WMG_162_1,900.0,infrastructure,Let'S21 putz - weg den alten Mief,Infrastructure
StZ_20110220_WMG_162,StZ_20110220_WMG_162_2,900.0,infrastructure,Bürger für Stuttgart 21,Infrastructure
StZ_20110318_BUELFD_164,StZ_20110318_BUELFD_164_1,900.0,infrastructure,für das Projekt; Stuttgart 21,Infrastructure
StZ_20110318_BUELFD_164,StZ_20110318_BUELFD_164_1,900.0,infrastructure,Befürworter von S 21,Infrastructure
StZ_20110318_BUELFD_164,StZ_20110318_BUELFD_164_1,900.0,infrastructure,Kopfbahnhöfe zu Durchgangsbahnhöfen umrüsteten,Infrastructure
StZ_20110320_TG_550,StZ_20110320_TG_550_1,900.0,infrastructure,gegen S 21,Infrastructure
StZ_20110320_TG_550,StZ_20110320_TG_550_1,900.0,infrastructure,gegen das umstrittene Bahnprojekt Stuttgart 21,Infrastructure
StZ_20110320_TG_550,StZ_20110320_TG_550_1,900.0,infrastructure,kritisierten die Landesregierung scharf wegen Stuttgart 21,Infrastructure
StZ_20110320_TG_550,StZ_20110320_TG_550_1,900.0,infrastructure,unsinnige Bahnprojekt,Infrastructure
StZ_20110417_GRDSZ_142,StZ_20110417_GRDSZ_142_1,900.0,infrastructure,"S-21-Gegner rufen die SPD zur \""Einsicht\"" auf",Infrastructure
StZ_20110417_GRDSZ_142,StZ_20110417_GRDSZ_142_1,900.0,infrastructure,Gegner des Bahnprojekts Stuttgart 21,Infrastructure
StZ_20110417_GRDSZ_142,StZ_20110417_GRDSZ_142_1,900.0,infrastructure,das Aus für den unterirdischen Durchgangsbahnhof,Infrastructure
StZ_20110417_GRDSZ_142,StZ_20110417_GRDSZ_142_1,900.0,infrastructure,"Während die Grünen Stuttgart 21 stoppen wollen, befürwortet die SPD das Projekt. Die Demonstranten riefen die SPD zur \""Einsicht\"" auf",Infrastructure
StZ_20110421_ZHHEG_994,StZ_20110421_ZHHEG_994_1,900.0,infrastructure,"Augen auf, Herr Ramsauer: Stuttgart 21 ist eh schon tot",Infrastructure
StZ_20110503_BGGUER_375,StZ_20110503_BGGUER_375_1,900.0,infrastructure,"das Projekt nach dem Stresstest und einer aktualisierten Kostenschätzung den von Bahn-Chef Rüdiger Grube auf maximal 4,5 Milliarden Euro festgesetzten Finanzrahmen sprengen und die Landesregierung keinen weiteren Cent beisteuern werde",Infrastructure
StZ_20110503_BGGUER_375,StZ_20110503_BGGUER_375_1,900.0,infrastructure,"drohte der Bahn mit einem \""heißen Sommer\"", sollte der Bau- und Vergabestopp nicht bis zu dem angekündigten Volksentscheid eingehalten werden",Infrastructure
StZ_20110503_BGGUER_375,StZ_20110503_BGGUER_375_1,900.0,infrastructure,Prüfung der Verfassungsmäßigkeit der finanziellen Zuschüsse von Land und Stadt für Stuttgart 21,Infrastructure
StZ_20110513_WLWBK_643,StZ_20110513_WLWBK_643_1,900.0,infrastructure,die Bahn halte sich nicht an den Baustopp,Infrastructure
StZ_20110513_WLWBK_643,StZ_20110513_WLWBK_643_1,900.0,infrastructure,die Bahn hat ihr Versprechen vom Baustopp gebrochen,Infrastructure
StZ_20110621_BDINN_672,StZ_20110621_BDINN_672_1,900.0,infrastructure,die Schönheit des Südflügels referierte und die geplante Zerstörung des Baudenkmals anprangerte,Infrastructure
StZ_20110711_TGUDK_562,StZ_20110711_TGUDK_562_1,900.0,infrastructure,gegen das Bahnprojekt,Infrastructure
StZ_20110711_TGUDK_562,StZ_20110711_TGUDK_562_1,900.0,infrastructure,"die hohen Kosten des Projekts, die von der Bahn längst nicht alle offengelegt worden seien",Infrastructure
StZ_20110711_TGUDK_562,StZ_20110711_TGUDK_562_1,900.0,infrastructure,"\""oben bleiben\",Infrastructure
StZ_20110727_PVZSS_796,StZ_20110727_PVZSS_796_1,900.0,infrastructure,am umstrittenen Bahnhofsprojekt durch Anrufung der Gerichte zu stoppen,Infrastructure
StZ_20110727_PVZSS_796,StZ_20110727_PVZSS_796_1,900.0,infrastructure,gegen die Arbeiten zur Grundwasserentnahme,Infrastructure
StZ_20110727_PVZSS_796,StZ_20110727_PVZSS_796_2,900.0,infrastructure,die Bauarbeiten,Infrastructure
StZ_20110727_PVZSS_796,StZ_20110727_PVZSS_796_2,900.0,infrastructure,Bahn will in der Stuttgarter Innenstadt den Grundwasserspiegel absenken,Infrastructure
StZ_20110727_PVZSS_796,StZ_20110727_PVZSS_796_2,900.0,infrastructure,befürchten durch die Absenkung des Grundwasserspiegels Schäden an der Vegetation im Stuttgarter Schlossgarten,Infrastructure
StZ_20110810_DSSSND_513,StZ_20110810_DSSSND_513_1,900.0,infrastructure,S-21-Gegner,Infrastructure
StZ_20120320_GWWP_164,StZ_20120320_GWWP_164_1,900.0,infrastructure,ob der umstrittene Tiefbahnhof tatsächlich effektiv genug sein werde,Infrastructure
StZ_20120328_GUAFG_230,StZ_20120328_GUAFG_230_1,900.0,infrastructure,gegen die Umleitung von Güterzügen auf die Gäubahn-Trasse,Infrastructure
StZ_20120328_GUAFG_230,StZ_20120328_GUAFG_230_1,900.0,infrastructure,Bahnlärm,Infrastructure
StZ_20120328_GUAFG_230,StZ_20120328_GUAFG_230_2,900.0,infrastructure,Die Umleitung 'verursacht bei uns Anwohner gesteigerte Unruhe,Infrastructure
StZ_20120328_GUAFG_230,StZ_20120328_GUAFG_230_2,900.0,infrastructure,den Nachtfahrplan zu ändern,Infrastructure
StZ_20120328_GUAFG_230,StZ_20120328_GUAFG_230_2,900.0,infrastructure,"Vorfahrtregelung, die das besonders laute Abbremsen der Güterzüge vor Gefällstrecken und Kurven unnötig macht",Infrastructure
StZ_20120417_NUEADJ_620,StZ_20120417_NUEADJ_620_1,900.0,infrastructure,"den Rückkauf des Strom-, Wasser und Gasnetzes und den Betrieb durch die Stadt",Infrastructure
StZ_20120417_NUEADJ_620,StZ_20120417_NUEADJ_620_1,900.0,infrastructure,"die Stadt die Netze für Strom, Gas, Wasser und Fernwärme von der Energie Baden-Württemberg (EnBW) erwirbt und von 2014 an allein betreibt",Infrastructure
StZ_20120417_NUEADJ_620,StZ_20120417_NUEADJ_620_1,900.0,infrastructure,hundertprozentig kommunalen Stadtwerken,Infrastructure
StZ_20120417_NUEADJ_620,StZ_20120417_NUEADJ_620_1,900.0,infrastructure,Netzrückkauf,Infrastructure
StZ_20120417_NUEADJ_620,StZ_20120417_NUEADJ_620_1,900.0,infrastructure,Rekommunalisierung der Energieversorgung,Infrastructure
StZ_20120423_PGF_293,StZ_20120423_PGF_293_1,900.0,infrastructure,gegen den geplanten Bau des Rosensteintunnels,Infrastructure
StZ_20120423_PGF_293,StZ_20120423_PGF_293_1,900.0,infrastructure,Rosensteintunnel - nein danke,Infrastructure
StZ_20120423_PGF_293,StZ_20120423_PGF_293_1,900.0,infrastructure,stadtweites Tempolimit auf 30 oder 40 Stundenkilometer,Infrastructure
StZ_20120423_PGF_293,StZ_20120423_PGF_293_1,900.0,infrastructure,Aufgabe der Pläne für den Rosensteintunnel,Infrastructure
StZ_20120423_PGF_293,StZ_20120423_PGF_293_1,900.0,infrastructure,Der Königsweg heißt Entschleunigung,Infrastructure
StZ_20120423_PGF_293,StZ_20120423_PGF_293_1,900.0,infrastructure,Der Verkehr muss langsamer werden,Infrastructure
StZ_20120423_PGF_293,StZ_20120423_PGF_293_1,900.0,infrastructure,geißelte das Regierungspräsidium für seine anhaltende Untätigkeit,Infrastructure
StZ_20120611_DBAHD_325,StZ_20120611_DBAHD_325_1,900.0,infrastructure,"gegen die Sparpläne des SWR protestieren. Diese sehen, wie berichtet, eine Kürzung des Kulturprogramms um 25 Prozent vor",Infrastructure
StZ_20120611_DBAHD_325,StZ_20120611_DBAHD_325_1,900.0,infrastructure,Dieser Kulturabbau steht nach Ansicht des Fördervereins im Widerspruch zum Kulturauftrag des öffentlich-rechtlichen Rundfunks,Infrastructure
StZ_20120611_DBAHD_325,StZ_20120611_DBAHD_325_1,900.0,infrastructure,"Die beiden Orchester sind einzigartig in Deutschland, deshalb hoffen wir, dass beide erhalten bleiben und wir eine Fusion verhindern können",Infrastructure
StZ_20120626_SB_269,StZ_20120626_SB_269_1,900.0,infrastructure,Kombination aus K 21 und S 21,Infrastructure
StZ_20120626_SB_269,StZ_20120626_SB_269_1,900.0,infrastructure,die städtebaulichen Träume von einem weitgehend überbauten Gleisfeld ohnehin Makulatur,Infrastructure
StZ_20120626_SB_269,StZ_20120626_SB_269_1,900.0,infrastructure,"die 'Höhlenarchitektur' von S 21, die Kosten sowie die Herangehensweise",Infrastructure
StZ_20120626_SB_269,StZ_20120626_SB_269_2,900.0,infrastructure,"Deutschen Bahn, Eckart Fricke, und fragten nach dem in der Schlichtung geforderten S-Bahn-Notfallkonzept",Infrastructure
StZ_20120710_KADTM_215,StZ_20120710_KADTM_215_1,900.0,infrastructure,Kritik an der Tunnelplanung,Infrastructure
StZ_20120710_KADTM_215,StZ_20120710_KADTM_215_1,900.0,infrastructure,erheblichen Sicherheitsmängel im geplanten Fildertunnel,Infrastructure
StZ_20120710_KADTM_215,StZ_20120710_KADTM_215_1,900.0,infrastructure,"in Stuttgart Tunnels gebaut werden, bei denen ein antriebsloser Zug nicht mehr herauskommt, sondern in einer Wanne am tiefsten Punkt stehen bleibt",Infrastructure
StZ_20120710_KADTM_215,StZ_20120710_KADTM_215_1,900.0,infrastructure,"Brandschutzhilfeleistungsgesetz in Baden-Württemberg bereitet ihm Sorgen, weil es nicht vorsieht, dass die Feuerwehr bei einer Gefahr 'eigenmächtig' im Bahnbereich tätig werden darf, sondern auf den Bahneinsatzleiter warten muss. 'So geht wertvolle Zeit für die Brandbekämpfung und die Rettung der Fahrgäste verloren', sagte Böhmer und appellierte an Landesinnenminister Reinhold Gall",Infrastructure
StZ_20120710_KADTM_215,StZ_20120710_KADTM_215_1,900.0,infrastructure,aus Sicherheitsgründen generell gegen den Bau langer Tunnels.,Infrastructure
StZ_20120919_GBBBS_161,StZ_20120919_GBBBS_161_1,900.0,infrastructure,"Die Parkschützer wollen mit ihren Protestaktionen auf die ihrer Ansicht nach 'illegitimen Bauarbeiten und die weitere Stadtzerstörung in Stuttgart' aufmerksam machen, so deren Sprecher Matthias von Herrmann",Infrastructure
StZ_20121017_SEAIB_429,StZ_20121017_SEAIB_429_1,900.0,infrastructure,gegen die Räumung des Schlossgartens durch die Polizei,Infrastructure
StZ_20130115_KWSAEE_208,StZ_20130115_KWSAEE_208_1,900.0,infrastructure,gegen den Bau des Tief- und für den Erhalt des Kopfbahnhofs,Infrastructure
StZ_20130122_EFDRH_1017,StZ_20130122_EFDRH_1017_1,900.0,infrastructure,"30 Bäume mit der Begründung fällen lassen, man brauche den Platz für die Einrichtung der Stuttgart-21-Baustelle. An die Aktion samt Polizeieinsatz haben am Abend laut Polizei 1400 Teilnehmer der Montagsdemonstration mit ihrem Marsch zum Tunnelportal erinnern",Infrastructure
StZ_20130204_GZGV_598,StZ_20130204_GZGV_598_1,900.0,infrastructure,Abriss des Südflügels,Infrastructure
StZ_20130226_ZDEZU_663,StZ_20130226_ZDEZU_663_1,900.0,infrastructure,"Hauptvorwurf besteht darin, dass die EU-Subvention ausdrücklich für eine Maßnahme zur Leistungssteigerung des Hauptbahnhofs beantragt und genehmigt worden sei. Nach Ansicht der Projektgegner aber werde die Leistungsfähigkeit des Tiefbahnhofs mindestens ein Drittel unter der des bestehenden Bahnhofs liegen",Infrastructure
StZ_20130416_DFPRC_613,StZ_20130416_DFPRC_613_1,900.0,infrastructure,für den Erhalt des Kopfbahnhofs,Infrastructure
StZ_20130429_SPUEAD_648,StZ_20130429_SPUEAD_648_1,900.0,infrastructure,Ausbau der U 13 nach Hausen,Infrastructure
StZ_20130429_SPUEAD_648,StZ_20130429_SPUEAD_648_1,900.0,infrastructure,"eine höhere Lärmbelästigung, sollte die Stadtbahn künftig am Rand der Siedlung vorbeifahren",Infrastructure
StZ_20130429_SPUEAD_648,StZ_20130429_SPUEAD_648_1,900.0,infrastructure,"sehen sie Kinder gefährdet, die in der Nähe der Gleise spielen",Infrastructure
StZ_20130429_SPUEAD_648,StZ_20130429_SPUEAD_648_1,900.0,infrastructure,"Bedenken, dass sich der Autoverkehr von der Rappach- in die Giebelstraße verlagern könnte",Infrastructure
StZ_20130429_SPUEAD_648,StZ_20130429_SPUEAD_648_1,900.0,infrastructure,gegen den Ausbau der Stadtbahn,Infrastructure
StZ_20130605_OTLS_131,StZ_20130605_OTLS_131_1,900.0,infrastructure,sie leiden sehr unter Lärm und Abgasen,Infrastructure
StZ_20130718_URAENS_595,StZ_20130718_URAENS_595_1,900.0,infrastructure,Bau von 32 Wohneinheiten,Infrastructure
StZ_20130816_SGUES_735,StZ_20130816_SGUES_735_1,900.0,infrastructure,ein altes Haus an der Tuttlinger Straße abgerissen und durch zwei neue Gebäude ersetzt werden soll,Infrastructure
StZ_20130912_SGKOK_139,StZ_20130912_SGKOK_139_1,900.0,infrastructure,Bürgerbegehrens zu Stuttgart 21,Infrastructure
StZ_20130912_SGKOK_139,StZ_20130912_SGKOK_139_1,900.0,infrastructure,die Mischfinanzierung von S 21 durch die Beiträge der Stadt und des Landes Baden-Württemberg verfassungswidrig sei,Infrastructure
StZ_20131122_FKWBE_539,StZ_20131122_FKWBE_539_1,900.0,infrastructure,gegen ein Bauvorhaben an der Tuttlinger Straße 22,Infrastructure
StZ_20131122_FKWBE_539,StZ_20131122_FKWBE_539_1,900.0,infrastructure,Zwei 14 Meter hohe Neubauten sollen ein schmales Einfamilienhaus ersetzen,Infrastructure
StZ_20131204_SGFVD_707,StZ_20131204_SGFVD_707_1,900.0,infrastructure,gegen den Tunnelanstich für die Unterquerung des Neckars,Infrastructure
StZ_20131204_WTWRU_703,StZ_20131204_WTWRU_703_1,900.0,infrastructure,Unsere Stadt stirbt - Demo für den Erhalt der kulturellen Vielfalt,Infrastructure
StZ_20131205_GBSSSB_802,StZ_20131205_GBSSSB_802_1,900.0,infrastructure,"dass 'heute klar geworden ist, dass der Widerstand nicht aufhören wird, so lange der Wahnsinn S 21 nicht beendet wird",Infrastructure
StZ_20131213_DKGDL_827,StZ_20131213_DKGDL_827_1,900.0,infrastructure,"Bitte sorgen Sie dafür, dass sämtliche Ausnahmegenehmigungen sofort zurückgenommen werden, keine weiteren erteilt werden und mindestens die Nacht- und Sonntagsruhe eingehalten wird', heißt es weiter im Brief",Infrastructure
StZ_20131214_DLA_1099,StZ_20131214_DLA_1099_1,900.0,infrastructure,'Baustopp selber machen' steht auf einem der großen Transparente,Infrastructure
StZ_20131214_DLA_1099,StZ_20131214_DLA_1099_3,900.0,infrastructure,"Einige Demonstranten versuchen beim Start die Polizeiabsperrung zu durchbrechen, um sich dem Konvoi in den Weg zu stellen",Infrastructure
StZ_20131227_BRKMF_421,StZ_20131227_BRKMF_421_1,900.0,infrastructure,Konkret wehren sie sich aber gegen zwei unterschiedliche Bauprojekte an der Tuttlinger Straße,Infrastructure
StZ_20131227_BRKMF_421,StZ_20131227_BRKMF_421_2,900.0,infrastructure,"Sie stört, dass das Haus an der Tuttlinger Straße 131 abgerissen werden soll. An dieser Stelle sollen zwei Häuser gebaut werden",Infrastructure
SZ-20140110-GUEPPF-360,SZ-20140110-GUEPPF-360_1,900.0,infrastructure,eine neue Woba,Infrastructure
SZ-20140307-KMFDG-780,SZ-20140307-KMFDG-780_1,900.0,infrastructure,Warenhaus auf dem Alten Leipziger Bahnhof,Infrastructure
SZ-20140307-KMFDG-780,SZ-20140307-KMFDG-780_1,900.0,infrastructure,dieses große Projekt nicht zuzulassen,Infrastructure
SZ-20140314-SMDBF-160,SZ-20140314-SMDBF-160_1,900.0,infrastructure,Wiedereröffnung des Fernsehturms,Infrastructure
SZ-20140412-DGKNUE-165,SZ-20140412-DGKNUE-165_1,900.0,infrastructure,"für eine Sanierung im Bestand, also ohne Verbreiterung der Straße, ein",Infrastructure
SZ-20140415-DZMWI-798,SZ-20140415-DZMWI-798_1,900.0,infrastructure,"Drei Initiatoren, die Stadträte Jens Matthis, Tilo Kießling und André Schollbach, treiben ihr Bürgerbegehren für eine städtische Wohnungsbaugesellschaft weiter voran",Infrastructure
SZ-20140419-MGKNUE-201,SZ-20140419-MGKNUE-201_1,900.0,infrastructure,gegen Königsbrücker-Ausbau,Infrastructure
SZ-20140419-MGKNUE-201,SZ-20140419-MGKNUE-201_2,900.0,infrastructure,die Königsbrücker aus ihrer Sicht nicht vierspurig ausgebaut werden sollte,Infrastructure
SZ-20140513-PBBR-80,SZ-20140513-PBBR-80_1,900.0,infrastructure,Gegen den Bau eines Parkplatzes auf dem ehemaligen Loschwitzer Festplatz,Infrastructure
SZ-20140520-PFNBU-215,SZ-20140520-PFNBU-215_1,900.0,infrastructure,"Die Bewohner der Radeberger Vorstadt setzen sich weiter dafür ein, dass ihr Stadtteil grüner wird.",Infrastructure
SZ-20140520-PFNBU-215,SZ-20140520-PFNBU-215_1,900.0,infrastructure,Die Bürgerinitiative Östliches Preußisches Viertel hat nun eine Petition für den Erhalt der Alleen gestartet.,Infrastructure
SZ-20140607-EPPPZ-171,SZ-20140607-EPPPZ-171_1,900.0,infrastructure,"waren die Banner \""Verzockte Landesbankmillionen darfst Du mit Eintrittsgeld belohnen\"" und \""Zugeschlossen eins-zwei-drei, Bürgerwille einerlei\"" in der Orangeriestraße betroffen.",Infrastructure
SZ-20140623-PZLDD-157,SZ-20140623-PZLDD-157_1,900.0,infrastructure,für mehr Verständnis gegenüber Partys junger Leute,Infrastructure
SZ-20140623-PZLDD-157,SZ-20140623-PZLDD-157_1,900.0,infrastructure,mehr Raum für Subkultur forderte und gegen die Kriminalisierung von Partyveranstaltern demonstrierte,Infrastructure
SZ-20140625-KAELSN-612,SZ-20140625-KAELSN-612_1,900.0,infrastructure,Unsere Gartenanlage soll für TU-Bildungscampus geopfert werden! Nein,Infrastructure
SZ-20140625-KAELSN-612,SZ-20140625-KAELSN-612_1,900.0,infrastructure,um zu bleiben,Infrastructure
SZ-20140715-LPWA-664,SZ-20140715-LPWA-664_1,900.0,infrastructure,Bürger und Politiker wollen den Umbau an den Böschungen stoppen,Infrastructure
SZ-20140715-LPWA-664,SZ-20140715-LPWA-664_1,900.0,infrastructure,wollten zuletzt das Abbaggern verhindern,Infrastructure
SZ-20170323-PFEDW-84,SZ-20170323-PFEDW-84_1,900.0,infrastructure,für Erhalt des Waldspielplatzes,Infrastructure
SZ-20170323-PFEDW-84,SZ-20170323-PFEDW-84_1,900.0,infrastructure,Stadt will die Sozialpädagogenstellen auf dem Waldspielplatz am Albertplatz streichen. Dagegen gibt es heftigen Widerstand,Infrastructure
SZ-20170901-PBSSSU-433,SZ-20170901-PBSSSU-433_1,900.0,infrastructure,bitte schließt unsere Schule nicht,Infrastructure
SZ-20170901-PBSSSU-433,SZ-20170901-PBSSSU-433_1,900.0,infrastructure,NUS ist Muss,Infrastructure
SZ-20170901-PBSSSU-433,SZ-20170901-PBSSSU-433_1,900.0,infrastructure,drohende Schließung der NUS,Infrastructure
SZ-20170901-PBSSSU-433,SZ-20170901-PBSSSU-433_1,900.0,infrastructure,dass die Schule geschlossen wird,Infrastructure
SZ-20170915-SOG-187,SZ-20170915-SOG-187_1,900.0,infrastructure,gegen Globus,Infrastructure
SZ-20171016-UFENP-595,SZ-20171016-UFENP-595_1,900.0,infrastructure,für einen neuen Pirnaischen Platz,Infrastructure
SZ-20171016-UFENP-595,SZ-20171016-UFENP-595_1,900.0,infrastructure,den Pirnaischen Platz umzugestalten,Infrastructure
SZ-20171027-UGG-325,SZ-20171027-UGG-325_1,900.0,infrastructure,gegen die Errichtung eines 8 000-Quadratmeter-Markts,Infrastructure
WESKU00020170517ed3800oe1,WESKU00020170517ed3800oe1_1,900.0,infrastructure,gegen den Abriss ihrer Häuser.,Infrastructure
WESKU00020170517ed3800oe1,WESKU00020170517ed3800oe1_1,900.0,infrastructure,gegen den Abriss ihrer Häuser,Infrastructure
WESKU00020170517ed3800oe1,WESKU00020170517ed3800oe1_1,900.0,infrastructure,"Sie forderte, die Siedlungen unter eine sogenannte \nErhaltungssatzung zu setzen, um den Abriss zu verhindern.",Infrastructure
WESKU00020170517ed3800oe1,WESKU00020170517ed3800oe1_1,900.0,infrastructure,"Für die Siedlung Am Sacksdamm gibt es keinen Bauplan, da könnten \nentsprechende Kriterien entwickelt werden",Infrastructure
WESKU00020170517ed4r005ib,WESKU00020170517ed4r005ib_1,900.0,infrastructure,für die Beibehaltung der alten \nLinienführung,Infrastructure
WESKU00020170517ed5c000er,WESKU00020170517ed5c000er_1,900.0,infrastructure,gegen die Bordell-Pläne,Infrastructure
WESKU00020170518ed1k00jhh,WESKU00020170518ed1k00jhh_1,900.0,infrastructure,für mehr Polizei,Infrastructure
WESKU00020170518ed1k00jhh,WESKU00020170518ed1k00jhh_1,900.0,infrastructure,die durchgängige Besetzung\n des Vegesacker Polizeireviers,Infrastructure
WESKU00020170518ed1k00jhh,WESKU00020170518ed1k00jhh_1,900.0,infrastructure,für eine 24-Stunden-Besetzung\n des Reviers an der Kirchheide,Infrastructure
WESKU00020170518ed1k00jhh,WESKU00020170518ed1k00jhh_1,900.0,infrastructure,Stattdessen fordert er zusätzliche \nBeamte.,Infrastructure
WESKU00020170518ed1k00jhh,WESKU00020170518ed1k00jhh_2,900.0,infrastructure,für eine durchgängige Öffnung des Polizeireviers in \nVegesack,Infrastructure
WESKU00020170619ed6j0002p,WESKU00020170619ed6j0002p_1,900.0,infrastructure,für den Erhalt der Rennbahn,Infrastructure
WESKU00020170621ed6l0006a,WESKU00020170621ed6l0006a_1,900.0,infrastructure,Bürger wollen Dorfschule retten,Infrastructure
WESKU00020170621ed6l0006a,WESKU00020170621ed6l0006a_1,900.0,infrastructure,"Nach Angaben von \nMitinitiator Harald Rühl unterzeichneten bereits am ersten Tag der \nAktion rund 130 Unterstützer, die gegen den Abriss des historischen \nGebäudes sind.",Infrastructure
WESKU00020170621ed6l0006a,WESKU00020170621ed6l0006a_2,900.0,infrastructure,"Um die Rettung der 155 Jahre alten Dorfschule Burgdamm zu unterstützen, hat sich jetzt eine Bürgerinitiative\n gebildet.",Infrastructure
WESKU00020170621ed6l0006a,WESKU00020170621ed6l0006a_2,900.0,infrastructure,Nehmen Sie den Identitätsverlust in unserem \nViertel nicht hin!,Infrastructure
WESKU00020170621ed6l0006a,WESKU00020170621ed6l0006a_2,900.0,infrastructure,"Sie fordert alle politischen Entscheidungsträger \nauf, dem Willen der Bevölkerung gerecht zu werden und die Verwaltung \""an\n diesem instinktlosen Verhalten\"" zu hindern.",Infrastructure
WESKU00020170621ed6l0006a,WESKU00020170621ed6l0006a_2,900.0,infrastructure,"Es geht um die kollektive \nErinnerung an das alte Burgdamm, lassen Sie sich diese nicht von \nPolitikern und Verwaltungskräften rauben, die nicht hier wohnen",Infrastructure
WESKU00020170706ed76000bu,WESKU00020170706ed76000bu_1,900.0,infrastructure,Gefahren auf der Straße,Infrastructure
WESKU00020170706ed76000bu,WESKU00020170706ed76000bu_2,900.0,infrastructure,gefährlichen \nSituationen,Infrastructure
WESKU00020170706ed76000bu,WESKU00020170706ed76000bu_2,900.0,infrastructure,"Zahlreiche Auto- und Radfahrer missachten regelmäßig auf der Lahnstraße\n die Rechts-vor-links-Regel,",Infrastructure
WESKU00020170706ed76000bu,WESKU00020170706ed76000bu_2,900.0,infrastructure,Umgestaltung der Straße,Infrastructure
WESKU00020170706ed76000bu,WESKU00020170706ed76000bu_2,900.0,infrastructure,Hochpflasterung \ngegen die Geisterfahrer,Infrastructure
WESKU00020170911ed9b000do,WESKU00020170911ed9b000do_1,900.0,infrastructure,Buslinien so zu lassen wie sie sind,Infrastructure
WESKU00020170918ed9i000cs,WESKU00020170918ed9i000cs_1,900.0,infrastructure,die eine Personalaufstockung im Horner Polizeirevier an der Lilienthaler\n Heerstraße fordert,Infrastructure
WESKU00020170918ed9i000cs,WESKU00020170918ed9i000cs_1,900.0,infrastructure,"\""Der\n Abzug von Beamten einhergehend mit einer weiteren Einschränkung der \nÖffnungszeiten ginge spürbar zulasten des Bürgerservices. Wer \nbeispielsweise eine Anzeige erstatten will, müsste dafür lange Wege bis \nin die Vahr auf sich nehmen\",Infrastructure
WESKU00020170918ed9i000cs,WESKU00020170918ed9i000cs_2,900.0,infrastructure,"\""Polizeireform stoppen\",Infrastructure
WESKU00020170927ed9r000an,WESKU00020170927ed9r000an_1,900.0,infrastructure,Bedenken,Infrastructure
WESKU00020171005eda5000ek,WESKU00020171005eda5000ek_1,900.0,infrastructure,Planungssicherheit,Infrastructure
WESKU00020171005eda5000ek,WESKU00020171005eda5000ek_1,900.0,infrastructure,ihm der Kauf des Bunkers an der Hans-Böckler-Straße\n möglichst rechtssicher und zeitnah ermöglicht wird,Infrastructure
WESKU00020171005eda5000ek,WESKU00020171005eda5000ek_1,900.0,infrastructure,"einen festen, \nsicheren Raum",Infrastructure
WESKU00020171005eda5000er,WESKU00020171005eda5000er_1,900.0,infrastructure,den Charakter ihres \nWohnquartiers zerstört,Infrastructure
WESKU00020171006eda60001x,WESKU00020171006eda60001x_1,900.0,infrastructure,für den Erhalt des Geländes,Infrastructure
WESKU00020171007eda700076,WESKU00020171007eda700076_1,900.0,infrastructure,massive Bedenken gegen eine Bebauung,Infrastructure
WESKU00020171007eda700076,WESKU00020171007eda700076_1,900.0,infrastructure,zusätzlichen Verkehr,Infrastructure
WESKU00020171007eda700076,WESKU00020171007eda700076_1,900.0,infrastructure,Trinkwasserbrunnen,Infrastructure
WESKU00020160204ec2500019,WESKU00020160204ec2500019_1,900.0,infrastructure,"\""Keine zweite Schlachte, kein Ballermann\",Infrastructure
WESKU00020160220ec2l00012_SUN,WESKU00020160220ec2l00012_SUN_1,900.0,infrastructure,die Stadt solle leer stehende Gebäude in privatem Besitz beschlagnahmen und darin günstige Wohnungen für Geflüchtete und Geringverdiener anbieten,Infrastructure
SZ-20200307-SITEAE-525,SZ-20200307-SITEAE-525_1,900.0,infrastructure,gegen mögliche Verläufe der Neubaustrecke Dresden-Prag,Infrastructure
SZ-20200513-DZNVD-978,SZ-20200513-DZNVD-978_2,900.0,infrastructure,Auch die CG-Gruppe des Immobilienentwicklers Christoph Görner ist militanten Autonomen schon länger ein Dorn im Auge. Görner verwandelt das alte Technische Rathaus in der Prager Straße zu einem Wohnhaus mit fast 300 Wohnungen.,Infrastructure
SZ-20201019-BADSSS-328,SZ-20201019-BADSSS-328_1,900.0,infrastructure,kritisieren das Verhalten der Ablehnung zur konsequenten Nutzung als Wohnraum,Infrastructure
SZ-20201114-SVOBR-402,SZ-20201114-SVOBR-402_2,900.0,infrastructure,Erhalt des Sachsenbades,Infrastructure
SZ-20200115-TFGD-1255,SZ-20200115-TFGD-1255_1,900.0,infrastructure,"Unfall an der Reicker Straße, bei dem eine Radfahrerin ums Leben kam",Infrastructure
SZ-20200115-TFGD-1255,SZ-20200115-TFGD-1255_1,900.0,infrastructure,an im Straßenverkehr getötete Radfahrer erinnert,Infrastructure
SZ-20200115-TFGD-1255,SZ-20200115-TFGD-1255_2,900.0,infrastructure,keine Radwege,Infrastructure
SZ-20200115-TFGD-1255,SZ-20200115-TFGD-1255_2,900.0,infrastructure,mehr Verkehrssicherheit auf der Reicker Straße,Infrastructure
SZ-20200115-TFGD-1255,SZ-20200115-TFGD-1255_1,900.0,infrastructure,die Radfahrer sind nicht ausreichend geschützt,Infrastructure
SZ-20200123-SLDRU-966,SZ-20200123-SLDRU-966_1,900.0,infrastructure,mit dem Eigentümer der drei Villen an der Königsbrücker Straße 12 bis 16 ins Gespräch zu kommen,Infrastructure
SZ-20200123-SLDRU-966,SZ-20200123-SLDRU-966_1,900.0,infrastructure,Die drei Villen stehen seit vielen Jahren leer,Infrastructure
SZ-20200123-SLDRU-966,SZ-20200123-SLDRU-966_1,900.0,infrastructure,"Die Besetzer wollten eine Nutzungsübertragung erreichen, damit die Gebäude zum Wohnen und als Gemeinschaftsflächen, beispielsweise für Konzerte, genutzt werden können",Infrastructure
SZ-20200123-SLDRU-966,SZ-20200123-SLDRU-966_1,900.0,infrastructure,"eine Genehmigung zu erhalten, das Gelände nutzen zu dürfen",Infrastructure
SZ-20200123-SLDRU-966,SZ-20200123-SLDRU-966_2,900.0,infrastructure,Unterstützer fanden sich für die Besetzer,Infrastructure
SZ-20200123-SLDRU-966,SZ-20200123-SLDRU-966_1,900.0,infrastructure,"Fünf Tage lang hielten Besetzer drei Villen auf dem \""Putzi\""-Areal in Beschlag",Infrastructure
SZ-20200123-SLDRU-966,SZ-20200123-SLDRU-966_1,900.0,infrastructure,die Nutzung des Areals,Infrastructure
SZ-20200123-SLDRU-966,SZ-20200123-SLDRU-966_1,900.0,infrastructure,Es fehlen in Dresden bezahlbarer Wohnraum und gemeinschaftlich nutzbare Areale,Infrastructure
SZ-20200123-SLDRU-966,SZ-20200123-SLDRU-966_1,900.0,infrastructure,"Anderseits gibt es viele, mitunter seit Jahrzehnten leer stehende Gebäude",Infrastructure
SZ-20200306-RFBAH-672,SZ-20200306-RFBAH-672_1,900.0,infrastructure,"Löser fordert, dass das Gebäude saniert wird",Infrastructure
SZ-20200306-VBMDH-607,SZ-20200306-VBMDH-607_1,900.0,infrastructure,Fünf Neubauten will die Vonovia in dem Karree errichten. Sie sollen in den Hinterhöfen der bereits bestehenden Bebauung platziert werden - für die Mieter ein großes Ärgernis.,Infrastructure
SZ-20200314-IWSVS-570,SZ-20200314-IWSVS-570_1,900.0,infrastructure,für eine Wiederbelebung als Gesundheitsbad,Infrastructure
SZ-20200609-VBGUE-703,SZ-20200609-VBGUE-703_1,900.0,infrastructure,umstrittenes Bauprojekt,Infrastructure
SZ-20200707-DKMUS-806,SZ-20200707-DKMUS-806_1,900.0,infrastructure,wollen Badegäste den See im Dresdner Westen retten,Infrastructure
SZ-20200707-DKMUS-806,SZ-20200707-DKMUS-806_1,900.0,infrastructure,wollen ihren geliebten Stausee retten,Infrastructure
SZ-20200910-AFBRB-540,SZ-20200910-AFBRB-540_1,900.0,infrastructure,"Bürgerforum, das öffentlich die Zukunft des historischen Sachsenbades diskutiert",Infrastructure
SZ-20201105-SOEDM-539,SZ-20201105-SOEDM-539_1,900.0,infrastructure,Gegen den Abriss,Infrastructure
LEIPZ_20200501_DOMML_261,LEIPZ_20200501_DOMML_261_1,900.0,infrastructure,gegen Verdrängung und Wohnraumverknappung,Infrastructure
LEIPZ_20200528_SLWIA_71,LEIPZ_20200528_SLWIA_71_1,900.0,infrastructure,den Verfall der Gebäude kritisiert,Infrastructure
LEIPZ_20200528_SLWIA_71,LEIPZ_20200528_SLWIA_71_1,900.0,infrastructure,Mietenwahnsinn,Infrastructure
LEIPZ_20200611_AVACC_185,LEIPZ_20200611_AVACC_185_1,900.0,infrastructure,5000 Unterschriften für die „Arndtstraße“; Anwohner werben vor Ratssitzung für den Erhalt des Namens,Infrastructure
LEIPZ_20200704_KGRSH_571,LEIPZ_20200704_KGRSH_571_1,900.0,infrastructure,Auch die wirtschaftliche Bedeutung der Biker betonten,Infrastructure
LEIPZ_20200723_CH_342,LEIPZ_20200723_CH_342_1,900.0,infrastructure,gefährliche Abbiegesituationen entschärft,Infrastructure
LEIPZ_20200723_CH_342,LEIPZ_20200723_CH_342_1,900.0,infrastructure,Leben retten: Abbiegeunfälle verhindern,Infrastructure
LEIPZ_20200723_CH_342,LEIPZ_20200723_CH_342_1,900.0,infrastructure,Entschärfte Kreuzungen und Einfahrverbote,Infrastructure
LEIPZ_20200723_CH_342,LEIPZ_20200723_CH_342_1,900.0,infrastructure,Ampelphasen entkoppelt,Infrastructure
LEIPZ_20200723_CH_342,LEIPZ_20200723_CH_342_1,900.0,infrastructure,Einfahrverbote für LKW ohne Abbiegeassistenten,Infrastructure
LEIPZ_20200723_CH_342,LEIPZ_20200723_CH_342_1,900.0,infrastructure,soll die Stadt bei Neuanschaffungen von Lastwagen nur Modelle mit Abbiegeassistent beschaffen,Infrastructure
LEIPZ_20200723_CH_342,LEIPZ_20200723_CH_342_1,900.0,infrastructure,ältere LKW der Stadt sollen zeitnah nachgerüstet werden,Infrastructure
LEIPZ_20200821_MFSTO_395,LEIPZ_20200821_MFSTO_395_1,900.0,infrastructure,"die Rückeroberung des öffentlichen Raums und die Schaffung freier, nicht-kommerzieller Räume sowie das Aufzeigen von massivem Leerstand in unserer Stadt",Infrastructure
LEIPZ_20200821_MFSTO_395,LEIPZ_20200821_MFSTO_395_1,900.0,infrastructure,"kritisieren, dass das Haus seit 20 Jahren leer stehe, während Mieten steigen würden",Infrastructure
LEIPZ_20200821_MFSTO_395,LEIPZ_20200821_MFSTO_395_1,900.0,infrastructure,Verdrängungs- und Gentrifizierungseffekte,Infrastructure
LEIPZ_20200904_EZFUD_98,LEIPZ_20200904_EZFUD_98_1,900.0,infrastructure,Protest gegen Verdrängung und hohe Mieten,Infrastructure
LEIPZ_20200923_LWSLD_109,LEIPZ_20200923_LWSLD_109_1,900.0,infrastructure,gegen den umstrittenen Tunnelbau,Infrastructure
LEIPZ_20201018_TPSSA_314,LEIPZ_20201018_TPSSA_314_1,900.0,infrastructure,gegen hohe Mieten und Zwangsräumungen,Infrastructure
LEIPZ_20201018_TPSSA_314,LEIPZ_20201018_TPSSA_314_2,900.0,infrastructure,"Wir kritisieren das Verhalten der Ablehnung zur konsequenten Nutzung als Wohnraum und haben uns dazu entschlossen, das Haus bewohnbar zu machen und diese Problematik selbst in die Hand zu nehmen",Infrastructure
LEIPZ_20201214_NCRFD_158,LEIPZ_20201214_NCRFD_158_1,900.0,infrastructure,Verkehrswende,Infrastructure
LEIPZ_20201214_NCRFD_158,LEIPZ_20201214_NCRFD_158_2,900.0,infrastructure,Widerstand gegen die hessische A 49,Infrastructure
WESKU00020120611e86b000g4,WESKU00020120611e86b000g4_1,900.0,infrastructure,für mehr Sicherheit und Polizeipräsenz im Stadtteil,Infrastructure
WESKU00020150304eb340000x,WESKU00020150304eb340000x_1,900.0,infrastructure,"dass die Bevölkerung über einen Gesetzentwurf abstimmt, mit dem das Bündnis verschiedene Bauprojekte verhindern will",Infrastructure
StZ_20101122_BSBGM_551,StZ_20101122_BSBGM_551_1,900.0,infrastructure,"Grube kritisierte einen Bericht des \""Sterns\"", laut dem die Kosten für das Gesamtprojekt aus dem Ruder gelaufen seien: Wie das Nachrichtenmagazin vermeldet, habe das Eisenbahn-Bundesamt das Projekt gestoppt. \""Das ist nur ein Versuch, Stimmung zu machen\"", sagte Grube",Infrastructure
StZ_20110111_BMWDD_683,StZ_20110111_BMWDD_683_1,900.0,infrastructure,"Niemand wird das Projekt weiterbauen können, wenn wir physisch präsent sind.\",Infrastructure
StZ_20110125_SSZUE_323,StZ_20110125_SSZUE_323_1,900.0,infrastructure,Machen wir den Wahlzettel zum Denkzettel.\,Infrastructure
StZ_20110130_WGSSGS_348,StZ_20110130_WGSSGS_348_1,900.0,infrastructure,"\""Jetzt erst recht: Widerstand plus",Infrastructure
StZ_20110220_WMG_162,StZ_20110220_WMG_162_1,900.0,infrastructure,Kein Stuttgart 21! 27. 3. ist Landtagswahl - Gruß an Frau Merkel,Infrastructure
StZ_20110727_PVZSS_796,StZ_20110727_PVZSS_796_2,900.0,infrastructure,weil die Behörde die Bauarbeiten ohne Beteiligung des Umweltverbands genehmigt,Infrastructure
SZ-20170404-WURIS-188,SZ-20170404-WURIS-188_1,900.0,infrastructure,Zusammenschlüsse von Gemeinden und den Wegfall von Pfarrstellen,Infrastructure
SZ-20200720-WLDEM-1140,SZ-20200720-WLDEM-1140_1,900.0,infrastructure,Bundesratsinitiative zur Eindämmung von Motorradlärm,Infrastructure
LEIPZ_20200704_KGRSH_571,LEIPZ_20200704_KGRSH_571_1,900.0,infrastructure,Gegen mögliche Fahrverbote auf bestimmten Strecken,Infrastructure
LEIPZ_20200704_KGRSH_571,LEIPZ_20200704_KGRSH_571_1,900.0,infrastructure,"Der Bundesrat hat eine Initiative zum Lärmschutz gestartet, doch die Biker empfinden das als unangemessen und ungerecht",Infrastructure
LEIPZ_20200704_KGRSH_571,LEIPZ_20200704_KGRSH_571_1,900.0,infrastructure,gegen drohende Fahrverbote,Infrastructure
LEIPZ_20200704_KGRSH_571,LEIPZ_20200704_KGRSH_571_1,900.0,infrastructure,aus Gründen des Lärmschutzes zeitlich beschränkte Motorrad-Fahrverbote an Sonn- und Feiertagen zu ermöglichen,Infrastructure
LEIPZ_20200704_KGRSH_571,LEIPZ_20200704_KGRSH_571_1,900.0,infrastructure,Außerdem sollen die zulässigen Geräuschemissionen bei neuen Maschinen begrenzt werden,Infrastructure
LEIPZ_20200704_KGRSH_571,LEIPZ_20200704_KGRSH_571_1,900.0,infrastructure,gegen Fahrverbote für Motorräder,Infrastructure
LEIPZ_20200704_KGRSH_571,LEIPZ_20200704_KGRSH_571_1,900.0,infrastructure,"Diejenigen, die sich nicht an geltende Regeln halten, zu schnell oder mit frisierten Maschinen unterwegs seien, sollten von der Polizei aus dem Verkehr gezogen werden",Infrastructure
LEIPZ_20200712_LVAE_794,LEIPZ_20200712_LVAE_794_1,900.0,infrastructure,dass Motorräder künftig weniger Krach machen dürfen,Infrastructure
LEIPZ_20200712_LVAE_794,LEIPZ_20200712_LVAE_794_1,900.0,infrastructure,strengeren Lärmschutz zu verhindern,Infrastructure
LEIPZ_20200712_LVAE_794,LEIPZ_20200712_LVAE_794_1,900.0,infrastructure,mögliche Fahrverbote an Sonn- und Feiertagen auf bestimmten Strecken,Infrastructure
LEIPZ_20200712_LVAE_794,LEIPZ_20200712_LVAE_794_1,900.0,infrastructure,die Abschaffung von Soundmanagement-Systemen,Infrastructure
LEIPZ_20200712_LVAE_794,LEIPZ_20200712_LVAE_794_1,900.0,infrastructure,Lärmobergrenzen,Infrastructure
LEIPZ_20200712_LVAE_794,LEIPZ_20200712_LVAE_794_1,900.0,infrastructure,gegen ein Gesetzesvorhaben des Bundesrats zur Lärmkontrolle,Infrastructure
WESKU00020180927ee9r0002s,WESKU00020180927ee9r0002s_1,900.0,infrastructure,"gegen die Anstoßzeit von 18.30 Uhr, die Zerstückelung des Spieltags und die Kommerzialisierung des Profifußballs",Infrastructure
SZ-20190531-SGDUM-672,SZ-20190531-SGDUM-672_1,900.0,infrastructure,"Die AfD richtet sich gegen die Kunst, will Gelder dafür streichen",Infrastructure
SACHZTG020130916e99g0009d,SACHZTG020130916e99g0009d_1,1000.0,environment (without nuclear),gegen den Aufschluss des Braunkohlentagebaues Nochten II und für die Umsetzung der Energiewende,Environment
SACHZTG020131219e9cj0005t,SACHZTG020131219e9cj0005t_1,1000.0,environment (without nuclear),gegen den Zirkus,Environment
LEIPZV_20111205_SSSNHE,LEIPZV_20111205_SSSNHE_1,1000.0,environment (without nuclear),für den Tierschutz rund um die Fußball-Europameisterschaft 2012 in Polen und der Ukraine,Environment
WESKU00020110123e71n0000w_SUN,WESKU00020110123e71n0000w_SUN_1,1000.0,environment (without nuclear),"gegen Gentechnik, Tierfabriken",Environment
WESKU00020110309e739000an,WESKU00020110309e739000an_1,1000.0,environment (without nuclear),Rückzugsort für gefährdete Pflanzen und bedrohte Tierarten,Environment
WESKU00020110309e739000an,WESKU00020110309e739000an_1,1000.0,environment (without nuclear),außerdem gehöre der Fluss zum Niedersächsischen Fließgewässerschutzsystem,Environment
WESKU00020110401e741000bh,WESKU00020110401e741000bh_1,1000.0,environment (without nuclear),"forderten die swb-Verantwortlichen auf, aus der Atomenergie auszusteigen und ausschließlich auf erneuerbare Energien",Environment
WESKU00020110403e74300005_SUN,WESKU00020110403e74300005_SUN_1,1000.0,environment (without nuclear),maximale Beschleunigung des Ausbaus der erneuerbaren Energien,Environment
WESKU00020110403e74300005_SUN,WESKU00020110403e74300005_SUN_1,1000.0,environment (without nuclear),für die Kohlenutzung einen Ausstiegsplan vorzubereiten,Environment
WESKU00020110516e75g000dd,WESKU00020110516e75g000dd_1,1000.0,environment (without nuclear),Der Grüne rasiert 900 Bäume,Environment
WESKU00020110529e75t0000m_SUN,WESKU00020110529e75t0000m_SUN_1,1000.0,environment (without nuclear),großen Potenziale der Windenergie und forderte deren schnellen Ausbau,Environment
WESKU00020110822e78m0003q,WESKU00020110822e78m0003q_1,1000.0,environment (without nuclear),geht es vor allem um den Schutz von Natur und Landschaft,Environment
WESKU00020121209e8ca0001b,WESKU00020121209e8ca0001b_1,1000.0,environment (without nuclear),Im Nigerdelta verseuche eine defekte Ölpipeline seit Jahren Boden und Wasser,Environment
WESKU00020120810e88a000bf,WESKU00020120810e88a000bf_1,1000.0,environment (without nuclear),"Vor dem Weser-Stadion protestierten gestern Peta-Aktivisten gegen die Erwägungen des SV Werder, sich von Wiesenhof sponsern zu lassen.",Environment
WESKU00020121113e8be0008i,WESKU00020121113e8be0008i_2,1000.0,environment (without nuclear),"auf Methoden bei der Erforschung der Wirkung elektromagnetischer Strahlen umzuschwenken, die ohne Tierversuche auskommen",Environment
WESKU00020130417e94i000fl,WESKU00020130417e94i000fl_1,1000.0,environment (without nuclear),"Auch in der Schubertstraße, auf dem Teilstück zwischen Schwachhauser Heerstraße und Georg-Gröning-Straße, hatten sich Anwohner dem Problem der Vermüllung und Unordnung in ihrer Straße gewidmet.",Environment
WESKU00020130806e9870001e,WESKU00020130806e9870001e_1,1000.0,environment (without nuclear),die Nutzung alternativer Energien,Environment
WESKU00020131214e9cf00015_SUN,WESKU00020131214e9cf00015_SUN_1,1000.0,environment (without nuclear),"Sommerlich gekleidet in grünen T-Shirts und kurzen Hosen wollten die jungen Umweltschützer auf Energie- und CO2-Verschwendung durch offene Ladentüren aufmerksam machen. \""Wir möchten mit unserer Protestaktion Druck auf die Geschäftsführungen ausüben, damit sie die Türen geschlossen halten\"", sagte Malte Matzen, stellvertretender Landesjugendsprecher des BUND Bremen. Die Aktion beruft sich auf eine Studie der Universität Cambridge, wonach geschlossene Ladentüren eine Energie- und CO2- Ersparnis von bis zu 50 Prozent ergeben.",Environment
WESKU00020140331ea3u0000v_SUN,WESKU00020140331ea3u0000v_SUN_1,1000.0,environment (without nuclear),gegen Gentechnik in Lebensmitteln,Environment
WESKU00020150416eb4h00013,WESKU00020150416eb4h00013_1,1000.0,environment (without nuclear),"Der Naturschutzbund fordert dagegen die Ausweitung der \""winzigen Umweltzone\"" und mehr Messungen an Brennpunkten in der Stadt",Environment
WESKU00020150416eb4h00013,WESKU00020150416eb4h00013_1,1000.0,environment (without nuclear),die Verkehrspolitik der CDU,Environment
WESKU00020150814eb8f00015,WESKU00020150814eb8f00015_1,1000.0,environment (without nuclear),gegen Grindwaljagd auf den Färöern,Environment
WESKU00020150828eb8t00017,WESKU00020150828eb8t00017_1,1000.0,environment (without nuclear),Klimaschutz beginnt auf dem Teller: Go vegan,Environment
WESKU00020150828eb8t00017,WESKU00020150828eb8t00017_1,1000.0,environment (without nuclear),die Tierwirtschaft der Hauptverursacher der schlimmsten Umweltprobleme,Environment
WESKU00020150909eb9a000d7,WESKU00020150909eb9a000d7_1,1000.0,environment (without nuclear),"soll in öffentlichen Krankenhäusern, Kantinen und in den Mensen von Schulen, Kitas und der Uni kein Würstchen, keine Bolognese und kein Schnitzel mehr serviert werden, deren Zutaten aus zweifelhafter Haltung oder Schlachtung stammen",Environment
WESKU00020151129ebbu00001,WESKU00020151129ebbu00001_1,1000.0,environment (without nuclear),für mehr Klimaschutz,Environment
WESKU00020151212ebcd0000z_SUN,WESKU00020151212ebcd0000z_SUN_1,1000.0,environment (without nuclear),"Mit einer Menschenkette vor dem Dom haben am Sonnabend Mitglieder des Bundes für Umwelt und Naturschutz Deutschland (BUND) für den schnelleren Ausstieg aus Kohle, Öl und Gas demonstriert.",Environment
WESKU00020180301ee31000cf,WESKU00020180301ee31000cf_1,1000.0,environment (without nuclear),protestieren gegen Fällarbeiten am Bahndamm,Environment
WESKU00020180309ee390001f,WESKU00020180309ee390001f_1,1000.0,environment (without nuclear),der es um den Erhalt der Platanen an der Stadtstrecke am linken Weserufer zwischen Piepe und Stephanibrücke geht,Environment
WESKU00020180326ee3q0001i,WESKU00020180326ee3q0001i_1,1000.0,environment (without nuclear),"Anlass war der Welttag zur Abschaffung von Fischerei und Aquakultur. \""Könnten wir Fische schreien hören, würde sie niemand mehr essen\"", sagte Franziska Kagemann, Leiterin des Bremer Peta-Zwei-Stadtteams. \""Heute wissen wir, dass ein Fisch ein Jemand ist und kein Etwas. Mit dieser Aktion möchten wir die Menschen auf das Leid der sensiblen Tiere aufmerksam machen und Alternativen aufzeigen. Es gibt unglaublich viele leckere, fischfreie Gerichte; und es war nie einfacher, vegan zu leben.\",Environment
WESKU00020180608ee680001w,WESKU00020180608ee680001w_1,1000.0,environment (without nuclear),Bienensterben durch den Einsatz von Pestiziden,Environment
WESKU00020180608ee680001w,WESKU00020180608ee680001w_2,1000.0,environment (without nuclear),"dass Lohse sich bei der diesjährigen Umweltministerkonferenz, die in Bremen stattfindet, für die Bienen einsetzt",Environment
WESKU00020180923ee9n0001d_SUN,WESKU00020180923ee9n0001d_SUN_1,1000.0,environment (without nuclear),Hambacher Forst bleibt,Environment
WESKU00020190112ef1c0001g,WESKU00020190112ef1c0001g_2,1000.0,environment (without nuclear),"\""Fridays for Future\",Environment
WESKU00020190112ef1c0001g,WESKU00020190112ef1c0001g_1,1000.0,environment (without nuclear),Bremer Schüler wollen mehr Klimaschutz erreichen,Environment
WESKU00020190112ef1c0001g,WESKU00020190112ef1c0001g_1,1000.0,environment (without nuclear),"\""Kohleausstieg, jetzt\",Environment
WESKU00020190427ef4r00015,WESKU00020190427ef4r00015_1,1000.0,environment (without nuclear),geplante Fällung der 136 stattlichen Platanen am linken Weserufer,Environment
WESKU00020190525ef5p0000m,WESKU00020190525ef5p0000m_1,1000.0,environment (without nuclear),gegen die Klimakrise,Environment
WESKU00020190615ef6f0001v,WESKU00020190615ef6f0001v_1,1000.0,environment (without nuclear),"Bleibt die Union bei ihrer Blockade, steuert sie uns sehenden Auges in die Klimakatastrophe",Environment
WESKU00020190616ef6g0003r_SUN,WESKU00020190616ef6g0003r_SUN_1,1000.0,environment (without nuclear),Climate Justice,Environment
WESKU00020190623ef6n00019_SUN,WESKU00020190623ef6n00019_SUN_1,1000.0,environment (without nuclear),"Wir sind hier, wir sind laut, weil ihr uns die Zukunft klaut.",Environment
WESKU00020190623ef6n00019_SUN,WESKU00020190623ef6n00019_SUN_2,1000.0,environment (without nuclear),"Die neue Bremer Landesregierung muss schnell effektive Maßnahmen für stärkeren Klimaschutz ergreifen, die der Dringlichkeit der Lage entsprechen.",Environment
WESKU00020190712ef7c0001m,WESKU00020190712ef7c0001m_1,1000.0,environment (without nuclear),Week for Future,Environment
WESKU00020200508eg17005js,WESKU00020200508eg17005js_1,1000.0,environment (without nuclear),auf das Thema Klimaschutz aufmerksam,Environment
WESKU00020200705eg750001l,WESKU00020200705eg750001l_1,1000.0,environment (without nuclear),Auf dem Marktplatz haben am Sonnabendvormittag Aktivisten gegen das neue Gesetz zum Kohleausstieg protestiert.,Environment
WESKU00020201207egc7000mc,WESKU00020201207egc7000mc_1,1000.0,environment (without nuclear),den Erhalt des alten Baumbestandes im Naturschutzgebiet,Environment
WESKU00020200523eg5n0000d,WESKU00020200523eg5n0000d_1,1000.0,environment (without nuclear),gegen die angedachte staatliche Unterstützung für die Automobilindustrie,Environment
WESKU00020200603eg630002e,WESKU00020200603eg630002e_1,1000.0,environment (without nuclear),für klimagerechte Corona-Konjunkturpakete demonstriert,Environment
WESKU00020200608eg680005u,WESKU00020200608eg680005u_1,1000.0,environment (without nuclear),"Ein Punkt, den die Bürgerinitiative ins Zentrum rückt, sind die Carbonfasern, die in den Flügeln des nun neu geplanten Nordex- Windrades verbaut sind. Die Argumentation: Die Fasern stünden im Verdacht ähnlich wie Asbestfasern lungengängig zu sein und Krebs zu verursachen",Environment
WESKU00020200926eg9q0000s,WESKU00020200926eg9q0000s_1,1000.0,environment (without nuclear),Die Forderung „Kein Grad weiter“,Environment
WESKU00020200926eg9q0000s,WESKU00020200926eg9q0000s_1,1000.0,environment (without nuclear),Wunsch nach mehr und schnellerem Klimaschutz,Environment
SZ-20190209-SUERZK-432,SZ-20190209-SUERZK-432_1,1000.0,environment (without nuclear),Stoppt den Kohleabbau,Environment
SZ-20190305-SSAEFD-793,SZ-20190305-SSAEFD-793_1,1000.0,environment (without nuclear),für den Klimaschutz,Environment
SZ-20190314-PGEBK-390,SZ-20190314-PGEBK-390_1,1000.0,environment (without nuclear),"lehnen ab, dass zugunsten der breiteren Trasse die Bäume gefällt werden",Environment
SZ-20190330-SNFDS-346,SZ-20190330-SNFDS-346_1,1000.0,environment (without nuclear),"eindringlichste Ziel der Bewegung ist es, dass sich alle Länder der Erde an das Pariser Klimaschutzabkommen halten",Environment
SZ-20190330-SNFDS-346,SZ-20190330-SNFDS-346_1,1000.0,environment (without nuclear),für den Klimaschutz auf die Straße gegangen,Environment
SZ-20190413-WRDW-186,SZ-20190413-WRDW-186_1,1000.0,environment (without nuclear),"demonstrieren sie für mehr Klimaschutz und fordern die Politik auf, nicht nur zu reden, sondern auch zu handeln",Environment
SZ-20190423-UJFUUE-350,SZ-20190423-UJFUUE-350_1,1000.0,environment (without nuclear),gegen weitere Umweltverschmutzung,Environment
SZ-20190712-GFU-304,SZ-20190712-GFU-304_1,1000.0,environment (without nuclear),Systemwandel statt Klimawandel,Environment
SZ-20191128-KABTH-914,SZ-20191128-KABTH-914_1,1000.0,environment (without nuclear),Klimawandel,Environment
SZ-20191130-KAADS-580,SZ-20191130-KAADS-580_1,1000.0,environment (without nuclear),gegen den Klimawandel,Environment
SZ-20191130-KAADS-580,SZ-20191130-KAADS-580_1,1000.0,environment (without nuclear),Die Lausitz kann mehr als Kohle.,Environment
SZ-20191130-KAADS-580,SZ-20191130-KAADS-580_1,1000.0,environment (without nuclear),"Jetzt sei es endlich Zeit, dass der Stadtrat den Klimanotstand ausrufe",Environment
SZ-20191202-PGK-261,SZ-20191202-PGK-261_1,1000.0,environment (without nuclear),Kleidung soll künftig ohne Menschenrechtsverletzungen und Umweltzerstörung produziert und vertrieben werden.,Environment
LEIPZO0020180202ee22008sp,LEIPZO0020180202ee22008sp_1,1000.0,environment (without nuclear),Raus aus der Kohle,Environment
LEIPZO0020180202ee22008sp,LEIPZO0020180202ee22008sp_1,1000.0,environment (without nuclear),"forderten sie die Leipziger Stadtverwaltung und die hiesigen Stadtwerke auf, „entschiedener gegen die klimaschädigende Braunkohle vorzugehen und Alternativen zu stärken",Environment
LEIPZO0020180222ee2m00565,LEIPZO0020180222ee2m00565_1,1000.0,environment (without nuclear),für saubere Luft,Environment
LEIPZO0020180222ee2m00565,LEIPZO0020180222ee2m00565_1,1000.0,environment (without nuclear),"Ende der Nutzung fossiler Brennstoffe, „aus Klimaschutz- und Gesundheitsgründen",Environment
LEIPZV0020180228ee2s00016,LEIPZV0020180228ee2s00016_1,1000.0,environment (without nuclear),saubere Luft in deutschen Städten,Environment
LEIPZV0020180228ee2s00016,LEIPZV0020180228ee2s00016_2,1000.0,environment (without nuclear),für Diesel-Fahrverbote,Environment
LEIPZV0020180424ee4o0003y,LEIPZV0020180424ee4o0003y_1,1000.0,environment (without nuclear),"nachhaltigen Umgang mit Land, Wasser und biologischer Artenvielfalt",Environment
LEIPZO0020190118ef1i00itt,LEIPZO0020190118ef1i00itt_1,1000.0,environment (without nuclear),Fridays for future“,Environment
LEIPZO0020190219ef2j00fcv,LEIPZO0020190219ef2j00fcv_1,1000.0,environment (without nuclear),", „diesen Platz der biologischen Vielfalt ohne Sinn und Verstand zuzubauen",Environment
LEIPZO0020190219ef2j00fcv,LEIPZO0020190219ef2j00fcv_1,1000.0,environment (without nuclear),Brutplätze für Vögel erhalten,Environment
LEIPZO0020190405ef4500ayh,LEIPZO0020190405ef4500ayh_1,1000.0,environment (without nuclear),demonstrieren Schüler für mehr Klimaschutz,Environment
LEIPZO0020190524ef5o00e4d,LEIPZO0020190524ef5o00e4d_1,1000.0,environment (without nuclear),um für eine gerechtere Klimapolitik zu demonstrieren,Environment
LEIPZO0020190524ef5o00e4d,LEIPZO0020190524ef5o00e4d_1,1000.0,environment (without nuclear),für eine bessere Klimapolitik,Environment
LEIPZO0020190618ef6i00k7u,LEIPZO0020190618ef6i00k7u_1,1000.0,environment (without nuclear),Klimaschutz,Environment
LEIPZO0020190620ef6k00kdd,LEIPZO0020190620ef6k00kdd_1,1000.0,environment (without nuclear),"Die Demonstranten forderten den Versorger auf, ab 2023 auf den Einsatz von klimaschädlicher Braunkohle zu verzichten.",Environment
LEIPZO0020190706ef7600a3x,LEIPZO0020190706ef7600a3x_1,1000.0,environment (without nuclear),Braunkohleausstieg,Environment
LEIPZO0020190706ef7600a3x,LEIPZO0020190706ef7600a3x_1,1000.0,environment (without nuclear),Klimafragen,Environment
LEIPZO0020190725ef7p009vn,LEIPZO0020190725ef7p009vn_1,1000.0,environment (without nuclear),Flora und Fauna massiv geschädigt,Environment
LEIPZO0020190725ef7p009vn,LEIPZO0020190725ef7p009vn_1,1000.0,environment (without nuclear),dramatische Auswirkungen für die Ostsee,Environment
LEIPZO0020190725ef7p009vn,LEIPZO0020190725ef7p009vn_1,1000.0,environment (without nuclear),"die bedrohten Schweinswale vertrieben, Laichplätze von Dorschen und Heringen zerstört",Environment
LEIPZO0020190830ef8u00gtm,LEIPZO0020190830ef8u00gtm_2,1000.0,environment (without nuclear),Fridays For Future,Environment
LEIPZO0020190920ef9k00m2h,LEIPZO0020190920ef9k00m2h_1,1000.0,environment (without nuclear),weltweiten Klimastreik,Environment
LEIPZO0020190920ef9k00m2h,LEIPZO0020190920ef9k00m2h_1,1000.0,environment (without nuclear),Reduzierter Kohlendioxid-Ausstoß,Environment
LEIPZO0020190920ef9k00m2h,LEIPZO0020190920ef9k00m2h_1,1000.0,environment (without nuclear),weniger Plastikmüll,Environment
LEIPZO0020190920ef9k00m2h,LEIPZO0020190920ef9k00m2h_1,1000.0,environment (without nuclear),Kohleausstieg,Environment
LEIPZO0020191030efau00jlm,LEIPZO0020191030efau00jlm_1,1000.0,environment (without nuclear),Mehr Platz für den Klimaschutz,Environment
LEIPZO0020191226efcq0038p,LEIPZO0020191226efcq0038p_2,1000.0,environment (without nuclear),Fridays-for-Future-Demos,Environment
LEIPZV0020190725ef7p0002t,LEIPZV0020190725ef7p0002t_1,1000.0,environment (without nuclear),Klimakatastrophe,Environment
LEIPZV0020190725ef7p0002t,LEIPZV0020190725ef7p0002t_1,1000.0,environment (without nuclear),Ausrufen des Klimanotstandes,Environment
LEIPZV0020190725ef7p0002t,LEIPZV0020190725ef7p0002t_1,1000.0,environment (without nuclear),ein sofortiges Umdenken und Handeln der Stadt,Environment
LEIPZV0020191029efat0002s,LEIPZV0020191029efat0002s_1,1000.0,environment (without nuclear),„Wir haben wirklich eine globale Krise. Aber das wird von vielen Leuten nicht verstanden.“,Environment
StZ_20140512_DLZDV_287,StZ_20140512_DLZDV_287_1,1000.0,environment (without nuclear),gegen Feinstaub und Luftverschmutzung,Environment
StZ_20140512_DLZDV_287,StZ_20140512_DLZDV_287_1,1000.0,environment (without nuclear),Untätigkeit in Bezug auf die zunehmende Luftverschmutzung,Environment
StZ_20140515_JGBGUE_166,StZ_20140515_JGBGUE_166_1,1000.0,environment (without nuclear),gegen das neue Landesjagdgesetz,Environment
STUGTR0020150420eb4k00042,STUGTR0020150420eb4k00042_1,1000.0,environment (without nuclear),befürchten eine Absenkung von Umwelt-,Environment
STUGTR0020151123ebbn0003z,STUGTR0020151123ebbn0003z_1,1000.0,environment (without nuclear),Fahrverbote statt Autoflut,Environment
STUGTR0020151123ebbn0003z,STUGTR0020151123ebbn0003z_1,1000.0,environment (without nuclear),Feinstaubgegner,Environment
STUGTR0020160119ec1j0003o,STUGTR0020160119ec1j0003o_1,1000.0,environment (without nuclear),gegen die Feinstaubbelastung am Neckartor,Environment
STUGTR0020160125ec1p0003r,STUGTR0020160125ec1p0003r_1,1000.0,environment (without nuclear),alternative Reisemöglichkeiten,Environment
STUGTR0020160125ec1p0003r,STUGTR0020160125ec1p0003r_1,1000.0,environment (without nuclear),Häufiges,Environment
STUGTR0020160222ec2m0009f,STUGTR0020160222ec2m0009f_1,1000.0,environment (without nuclear),ersatzlosen Abriss des Taubenschlags auf der Rathausgarage,Environment
STUGTR0020160311ec3b0004x,STUGTR0020160311ec3b0004x_1,1000.0,environment (without nuclear),"Pelz tragen ist nicht sexy\"" stand auf einem Plakat der Schwäbin, die",Environment
STUGTR0020161105ecb50007m,STUGTR0020161105ecb50007m_1,1000.0,environment (without nuclear),Textilindustrie in Fernost macht laut Greenpeace einen großen Teil der,Environment
STUGTR0020180320ee3k00020,STUGTR0020180320ee3k00020_1,1000.0,environment (without nuclear),fordern eine neue Waldstrategie,Environment
STUGTR0020190406ef460007e,STUGTR0020190406ef460007e_1,1000.0,environment (without nuclear),mehr Klimaschutz,Environment
STUGTR0020190513ef5d0001f,STUGTR0020190513ef5d0001f_1,1000.0,environment (without nuclear),Klimaschutz-Demonstranten,Environment
STUGTR0020190622ef6m0003c,STUGTR0020190622ef6m0003c_1,1000.0,environment (without nuclear),für mehr Artenvielfalt,Environment
STUGTR0020190727ef7r0007s,STUGTR0020190727ef7r0007s_1,1000.0,environment (without nuclear),Gefahr von Flugreisen für die,Environment
STUGTR0020190727ef7r0007s,STUGTR0020190727ef7r0007s_1,1000.0,environment (without nuclear),die Bahnpreise sinken und die Flugpreise,Environment
STUGTR0020190727ef7r0007s,STUGTR0020190727ef7r0007s_1,1000.0,environment (without nuclear),eine Kerosinsteuer,Environment
STUGTR0020190921ef9l0000s,STUGTR0020190921ef9l0000s_1,1000.0,environment (without nuclear),Klimastreik,Environment
STUGTR0020190921ef9l0000s,STUGTR0020190921ef9l0000s_1,1000.0,environment (without nuclear),Bei der Deutschen,Environment
STUGTR0020190923ef9n0005z,STUGTR0020190923ef9n0005z_1,1000.0,environment (without nuclear),Zu Fuß fürs,Environment
STUGTR0020190923ef9n0005z,STUGTR0020190923ef9n0005z_1,1000.0,environment (without nuclear),Fridays for Future,Environment
STUGTR0020190923ef9n0005z,STUGTR0020190923ef9n0005z_1,1000.0,environment (without nuclear),Greenpeace,Environment
STUGTR0020191014efae0005p,STUGTR0020191014efae0005p_1,1000.0,environment (without nuclear),Fridays for future,Environment
STUGTR0020191112efbc0005v,STUGTR0020191112efbc0005v_1,1000.0,environment (without nuclear),Umweltzerstörung,Environment
STUGTR0020191121efbl0003q,STUGTR0020191121efbl0003q_1,1000.0,environment (without nuclear),enttäuscht von der grün-geführten,Environment
STUGTR0020191121efbl0003q,STUGTR0020191121efbl0003q_1,1000.0,environment (without nuclear),Fotovoltaik-Pflicht für alle Dächer,Environment
STUGTR0020200309eg3900056,STUGTR0020200309eg3900056_3,1000.0,environment (without nuclear),den Fokus der,Environment
STUGTR0020200821eg8l0000v,STUGTR0020200821eg8l0000v_1,1000.0,environment (without nuclear),gegen Billigfleisch,Environment
LEIPZV0020140102BRWEG743,LEIPZV0020140102BRWEG743_1,1000.0,environment (without nuclear),in denen sie den ungeschmälerten Erhalt des Schutzgebietes fordern,Environment
LEIPZV0020140819ea8j00011,LEIPZV0020140819ea8j00011_1,1000.0,environment (without nuclear),Wolfskritiker,Environment
LEIPZV0020140905ea9500036,LEIPZV0020140905ea9500036_1,1000.0,environment (without nuclear),sofort aus der Stromerzeugung aus der Braunkohle auszusteigen,Environment
LEIPZV0020140905ea9500036,LEIPZV0020140905ea9500036_1,1000.0,environment (without nuclear),Die Braunkohle ist klimaschädlich,Environment
LEIPZV0020160227ec2r0002y,LEIPZV0020160227ec2r0002y_1,1000.0,environment (without nuclear),"Raus aus Kohle, Öl & Gas - jetzt",Environment
StZ_20090302_GDVUEU_780,StZ_20090302_GDVUEU_780_1,1000.0,environment (without nuclear),Wasserknappheit,Environment
StZ_20090302_GDVUEU_780,StZ_20090302_GDVUEU_780_1,1000.0,environment (without nuclear),"Helft uns, die Lebensgrundlage der Menschen auf der Welt zu schützen",Environment
StZ_20090302_GDVUEU_780,StZ_20090302_GDVUEU_780_1,1000.0,environment (without nuclear),Problematik der Wasserknappheit,Environment
StZ_20090420_KUESSC_272,StZ_20090420_KUESSC_272_1,1000.0,environment (without nuclear),Stuttgart soll CO2-frei,Environment
StZ_20090420_KUESSC_272,StZ_20090420_KUESSC_272_1,1000.0,environment (without nuclear),Unser Ziel ist ein CO2-freies Stuttgart im Jahr 2050,Environment
StZ_20090420_KUESSC_272,StZ_20090420_KUESSC_272_1,1000.0,environment (without nuclear),schonenderen Umgang mit der Umwelt.,Environment
StZ_20091218_PIP_1613,StZ_20091218_PIP_1613_1,1000.0,environment (without nuclear),Klimademo,Environment
StZ_20091218_PIP_1613,StZ_20091218_PIP_1613_1,1000.0,environment (without nuclear),"\""Wir sind hier, wir sind laut, weil man uns die Zukunft klaut",Environment
StZ_20100928_DIEPI_699,StZ_20100928_DIEPI_699_3,1000.0,environment (without nuclear),kritisierten sie das geplante Abpumpen des Grundwassers für den Tiefbahnhof,Environment
StZ_20101031_MLGMK_325,StZ_20101031_MLGMK_325_1,1000.0,environment (without nuclear),dass die Arbeiten am Grundwassermanagement für Stuttgart 21 eingestellt werden,Environment
StZ_20101122_BSBGM_551,StZ_20101122_BSBGM_551_3,1000.0,environment (without nuclear),"Die Bäume seien falsch gesetzt, so die Aktivisten",Environment
StZ_20101123_WLSM_228,StZ_20101123_WLSM_228_1,1000.0,environment (without nuclear),Umweltschutz- und Umweltverträglichkeit,Environment
StZ_20101207_DDWZF_752,StZ_20101207_DDWZF_752_1,1000.0,environment (without nuclear),Protest gegen den Baumfälleinsatz,Environment
StZ_20110111_BMWDD_683,StZ_20110111_BMWDD_683_2,1000.0,environment (without nuclear),"Rund 50 Stuttgart-21-Gegner der sogenannten \""Parkschützer\""-Initiative demonstrierten vor dem Bauzaun gegen den Einsatz von Baufahrzeugen",Environment
StZ_20110130_WGSSGS_348,StZ_20110130_WGSSGS_348_2,1000.0,environment (without nuclear),Parkschützer-Initiative lehnt die von der Bahn angekündigte Verpflanzung der Bäume ab,Environment
StZ_20110208_GSSDPA_829,StZ_20110208_GSSDPA_829_1,1000.0,environment (without nuclear),dass einige Bäume die Aktion nicht überstehen könnten,Environment
StZ_20110209_DEVAEG_1025,StZ_20110209_DEVAEG_1025_1,1000.0,environment (without nuclear),gegen die Baumumsetzungen,Environment
StZ_20110210_DBSMB_655,StZ_20110210_DBSMB_655_2,1000.0,environment (without nuclear),dass zumindest eines der Spezialfahrzeuge für die Baumverpflanzung nicht mit dem vorgeschriebenen Rußpartikelfilter ausgerüstet gewesen sein soll,Environment
StZ_20120423_PGF_293,StZ_20120423_PGF_293_1,1000.0,environment (without nuclear),gegen die hohe Feinstaubbelastung auf Stuttgarter Straßen,Environment
StZ_20120423_PGF_293,StZ_20120423_PGF_293_1,1000.0,environment (without nuclear),Feinstaub macht krank,Environment
StZ_20120430_MIUS_251,StZ_20120430_MIUS_251_1,1000.0,environment (without nuclear),die Bäume gefällt worden,Environment
StZ_20120912_ZWA_280,StZ_20120912_ZWA_280_1,1000.0,environment (without nuclear),Hände weg vom Rosensteinpark,Environment
StZ_20121126_TUEGF_322,StZ_20121126_TUEGF_322_1,1000.0,environment (without nuclear),keine Leberpastete von gestopften Gänsen mehr zu verkaufen,Environment
StZ_20121126_TUEGF_322,StZ_20121126_TUEGF_322_1,1000.0,environment (without nuclear),"gegen Böhm, damals gegen Stopfleber",Environment
StZ_20121126_TUEGF_322,StZ_20121126_TUEGF_322_2,1000.0,environment (without nuclear),Das Aufbewahren lebender Krustentiere auf Eis ist verboten,Environment
StZ_20121126_TUEGF_322,StZ_20121126_TUEGF_322_2,1000.0,environment (without nuclear),lebende Langusten auf Eis und Krebse ohne Wasser zum Verkauf angeboten worden,Environment
StZ_20121126_TUEGF_322,StZ_20121126_TUEGF_322_3,1000.0,environment (without nuclear),Forderung nach dem Verzicht auf Stopfleber,Environment
StZ_20130204_GZGV_598,StZ_20130204_GZGV_598_2,1000.0,environment (without nuclear),die Fällung der Bäume,Environment
StZ_20130429_SPUEAD_648,StZ_20130429_SPUEAD_648_1,1000.0,environment (without nuclear),dass die U-Bahn-Trasse womöglich über die Felder zwischen Hausen und dem S-Bahnhof Weil­imdorf führen könnte,Environment
SZ-20140313-SKNNC-602,SZ-20140313-SKNNC-602_1,1000.0,environment (without nuclear),"\""Wir sind die Energiewende!\"" Die klimafreundliche Windkraft dürfe nicht gefährdet werden",Environment
SZ-20140318-PPGBAE-177,SZ-20140318-PPGBAE-177_1,1000.0,environment (without nuclear),gegen die Baumfällungen,Environment
SZ-20140318-PPGBAE-177,SZ-20140318-PPGBAE-177_1,1000.0,environment (without nuclear),Baummassaker,Environment
SZ-20140707-DGA-132,SZ-20140707-DGA-132_1,1000.0,environment (without nuclear),gegen Agrarindustrie,Environment
SZ-20140707-DGA-132,SZ-20140707-DGA-132_1,1000.0,environment (without nuclear),viele Bio-Bauern und Imker,Environment
SZ-20140707-DGA-132,SZ-20140707-DGA-132_1,1000.0,environment (without nuclear),"forderten unter anderem eine stärkere Förderung des Ökolandbaus, eine Abkehr von Massentierhaltung und Monokulturen sowie eine Neuordnung der Agrarsubventionen",Environment
WESKU00020170517ed56002fz,WESKU00020170517ed56002fz_1,1000.0,environment (without nuclear),"die Bäume \nals \""Flutopfer\",Environment
WESKU00020170517ed56002fz,WESKU00020170517ed56002fz_1,1000.0,environment (without nuclear),Senator Lohse mit düsterer Miene den Beschluss zur Fällung \nverteidigt,Environment
WESKU00020170807ed870004w,WESKU00020170807ed870004w_1,1000.0,environment (without nuclear),Wildtierhaltung \nin Zirkussen,Environment
WESKU00020170814ed8e0009y,WESKU00020170814ed8e0009y_1,1000.0,environment (without nuclear),Wildtierhaltung,Environment
WESKU00020171005eda5000er,WESKU00020171005eda5000er_1,1000.0,environment (without nuclear),gegen die Planierung,Environment
WESKU00020171007eda700076,WESKU00020171007eda700076_1,1000.0,environment (without nuclear),dortigen \nBaumbestand,Environment
WESKU00020171125edbp0002h,WESKU00020171125edbp0002h_1,1000.0,environment (without nuclear),Applaus für tierfreie Manege,Environment
WESKU00020171125edbp0002h,WESKU00020171125edbp0002h_1,1000.0,environment (without nuclear),gegen die Haltung der Tiere im Zirkus und gegen deren Auftritte in der \nManege,Environment
WESKU00020171125edbp0002h,WESKU00020171125edbp0002h_1,1000.0,environment (without nuclear),komplett auf Tiere im \nProgramm verzichten,Environment
WESKU00020171125edbp0002h,WESKU00020171125edbp0002h_1,1000.0,environment (without nuclear),Danke Roncalli - für \neinen Zirkus ohne Tiere,Environment
WESKU00020171219edcj0001m,WESKU00020171219edcj0001m_1,1000.0,environment (without nuclear),Protest gegen Baumpflege,Environment
WESKU00020171219edcj0001m,WESKU00020171219edcj0001m_2,1000.0,environment (without nuclear),"Die Aktivisten\n wollen, wie berichtet, unter anderem mit einer Petition bei der \nBremischen Bürgerschaft verhindern, dass die stattliche Baumreihe \nzwischen Stephanibrücke und Bürgermeister-Smidt-Brücke im Zuge der \nanstehenden Deicherhöhung gefällt wird.",Environment
WESKU00020171219edcj0001m,WESKU00020171219edcj0001m_2,1000.0,environment (without nuclear),"Bis die Petition abschließend beraten ist, besteht die Bürgerinitiative\n darauf, dass die Umweltbehörde keine gravierenden Eingriffe an den \nBäumen vornimmt.",Environment
WESKU00020171219edcj0001m,WESKU00020171219edcj0001m_2,1000.0,environment (without nuclear),"\""Es besteht aus unserer Sicht keine\n Gefahr im Verzug, und der Eingriff gefährdet die Lebensfähigkeit der \nBäume\",Environment
WESKU00020171221edcl000a8,WESKU00020171221edcl000a8_1,1000.0,environment (without nuclear),Pläne für ein \nSondermüll-Zwischenlager im Hemelinger Hafen,Environment
WESKU00020171221edcl000a8,WESKU00020171221edcl000a8_1,1000.0,environment (without nuclear),gegen das Lager in der Hermann-Funk-Straße,Environment
SZ-20201022-WWUNA-668,SZ-20201022-WWUNA-668_1,1000.0,environment (without nuclear),gegen die Waldrodungen,Environment
SZ-20201128-GAEKA-84,SZ-20201128-GAEKA-84_1,1000.0,environment (without nuclear),für die Verkehrswende,Environment
SZ-20200118-PGR-1139,SZ-20200118-PGR-1139_1,1000.0,environment (without nuclear),Die Städte seien selbst Schuld an der Nitratbelastung und am Insektensterben,Environment
SZ-20200118-PGR-1139,SZ-20200118-PGR-1139_1,1000.0,environment (without nuclear),"Doch in Wahrheit ist der Frust auf \""die Städter\"" groß. Aus Sicht vieler Bauern sind sie es, die immer mehr Umweltschutz und Restriktionen fordern, aber gleichzeitig die Bauern mit ihrem Konsum unter Druck setzen",Environment
SZ-20200609-VBGUE-703,SZ-20200609-VBGUE-703_1,1000.0,environment (without nuclear),Trauer um 60 Jahre alte Bäume und Sträucher,Environment
SZ-20200908-ADGVG-618,SZ-20200908-ADGVG-618_1,1000.0,environment (without nuclear),Klimaaktivisten,Environment
SZ-20201017-UUEFS-177,SZ-20201017-UUEFS-177_1,1000.0,environment (without nuclear),gegen die Abholzung eines Moorwaldes bei Ottendorf-Okrilla,Environment
SZ-20201017-UUEFS-177,SZ-20201017-UUEFS-177_1,1000.0,environment (without nuclear),Stopp der geplanten Waldrodung,Environment
SZ-20201017-UUEFS-177,SZ-20201017-UUEFS-177_1,1000.0,environment (without nuclear),sofortigen Rodungsstopp,Environment
SZ-20201017-UUEFS-177,SZ-20201017-UUEFS-177_1,1000.0,environment (without nuclear),"Das Kieswerk Ottendorf-Okrilla plant, sein Abbaugebiet zu vergrößern. Dafür soll eine Fläche von 127 Hektar Wald zwischen Ottendorf-Okrilla und Würschnitz erschlossen werden",Environment
LEIPZ_20200225_DBTTU_676,LEIPZ_20200225_DBTTU_676_1,1000.0,environment (without nuclear),Leipziger Weihnachtsmarkt: die lebendigen Schafe in der Krippe mit den Figuren der Heiligen Familie,Environment
LEIPZ_20200424_NLWRV_479,LEIPZ_20200424_NLWRV_479_1,1000.0,environment (without nuclear),für Klimaschutz,Environment
LEIPZ_20200510_BUPFR_281,LEIPZ_20200510_BUPFR_281_1,1000.0,environment (without nuclear),sollten Auflagen für besseren Klimaschutz sorgen,Environment
LEIPZ_20200510_BUPFR_281,LEIPZ_20200510_BUPFR_281_1,1000.0,environment (without nuclear),Klimaschutz auch in der Pandemie nicht zu vernachlässigen,Environment
LEIPZ_20200510_BUPFR_281,LEIPZ_20200510_BUPFR_281_1,1000.0,environment (without nuclear),Kein Geld den Klimakillern,Environment
LEIPZ_20200510_BUPFR_281,LEIPZ_20200510_BUPFR_281_1,1000.0,environment (without nuclear),"gegen Subventionen, Ausbau, Fluglärm und klimaschädliche Emissionen",Environment
LEIPZ_20200706_EPBL_806,LEIPZ_20200706_EPBL_806_1,1000.0,environment (without nuclear),Missstände in Sachen Naturschutz,Environment
LEIPZ_20200706_EPBL_806,LEIPZ_20200706_EPBL_806_1,1000.0,environment (without nuclear),Schluss mit dem Vogelmord“ – „Es reicht – Vogelfalle entschärfen,Environment
LEIPZ_20200706_EPBL_806,LEIPZ_20200706_EPBL_806_1,1000.0,environment (without nuclear),Einsatzes von Vogelabwehr-Paste im Leipziger Zentrum,Environment
LEIPZ_20200706_EPBL_806,LEIPZ_20200706_EPBL_806_1,1000.0,environment (without nuclear),"Besser wäre es, Ornamente anzubringen, die für alle Vögel sichtbar sind",Environment
LEIPZ_20200706_EPBL_806,LEIPZ_20200706_EPBL_806_1,1000.0,environment (without nuclear),das Vogelsterben an einer Glasfassade des Neubaus in der Max-Liebermann-Straße,Environment
LEIPZ_20200923_LWSLD_109,LEIPZ_20200923_LWSLD_109_1,1000.0,environment (without nuclear),Umweltschützer,Environment
LEIPZ_20200926_VOEPD_85,LEIPZ_20200926_VOEPD_85_1,1000.0,environment (without nuclear),Kein Grad Weiter,Environment
LEIPZ_20201112_LBIGM_892,LEIPZ_20201112_LBIGM_892_1,1000.0,environment (without nuclear),"für konkrete Maßnahmen in der Klimapolitik von Kommunen, Ländern und der Bundesregierung",Environment
LEIPZ_20201127_DMHSZ_251,LEIPZ_20201127_DMHSZ_251_1,1000.0,environment (without nuclear),fordern den Ausbaustopp der A 49,Environment
LEIPZ_20201127_DMHSZ_251,LEIPZ_20201127_DMHSZ_251_1,1000.0,environment (without nuclear),um gegen Rodungen und Autobahnbau in Hessen zu protestieren,Environment
LEIPZ_20201212_ISSNG_913,LEIPZ_20201212_ISSNG_913_1,1000.0,environment (without nuclear),Kohlekraft-Gegner,Environment
LEIPZO0020190920ef9k00m2h,LEIPZO0020190920ef9k00m2h_1,1000.0,environment (without nuclear),Recht auf ein menschenwürdiges Leben,Environment
LEIPZV_20110427_AD,LEIPZV_20110427_AD_1,1100.0,nuclear power,gegen die Nutzung der Atomkraft,Nuclear Power
WESKU00020110322e73m000an,WESKU00020110322e73m000an_1,1100.0,nuclear power,forderten den sofortigen Ausstieg aus der Atomenergie,Nuclear Power
WESKU00020110329e73t000ak,WESKU00020110329e73t000ak_1,1100.0,nuclear power,Atomkraft-Gegner den raschen Ausstieg aus der Kernenergie gefordert,Nuclear Power
WESKU00020110329e73t000ak,WESKU00020110329e73t000ak_2,1100.0,nuclear power,GEGEN KERNKRAFT,Nuclear Power
WESKU00020110401e741000bh,WESKU00020110401e741000bh_1,1100.0,nuclear power,"forderten die swb-Verantwortlichen auf, aus der Atomenergie auszusteigen",Nuclear Power
WESKU00020110403e74300005_SUN,WESKU00020110403e74300005_SUN_1,1100.0,nuclear power,für den Ausstieg aus der Atomenergie,Nuclear Power
WESKU00020110403e74300005_SUN,WESKU00020110403e74300005_SUN_1,1100.0,nuclear power,gänzlich auf Atomstrom zu verzichten,Nuclear Power
WESKU00020110529e75t0000m_SUN,WESKU00020110529e75t0000m_SUN_1,1100.0,nuclear power,Anti-Atomdemo,Nuclear Power
WESKU00020111105e7b5000bv,WESKU00020111105e7b5000bv_1,1100.0,nuclear power,gegen den Entwurf des Senats zur Entwidmung der bremischen Häfen für Kernbrennstoffe,Nuclear Power
WESKU00020111119e7bj000b3,WESKU00020111119e7bj000b3_1,1100.0,nuclear power,Atommülltransport nach Gorleben,Nuclear Power
WESKU00020111119e7bj000b3,WESKU00020111119e7bj000b3_1,1100.0,nuclear power,Gorleben als möglichen Endlagerstandort,Nuclear Power
WESKU00020120311e83b0000n_SUN,WESKU00020120311e83b0000n_SUN_1,1100.0,nuclear power,ein weitergehendes Verbot erreichen,Nuclear Power
WESKU00020120328e83s000br,WESKU00020120328e83s000br_1,1100.0,nuclear power,für den Ausstieg aus der gefährlichen Atomstromproduktion,Nuclear Power
WESKU00020130802e9830001g,WESKU00020130802e9830001g_1,1100.0,nuclear power,"Solange Atomtransporte rollen, ist der Atomausstieg eine Farce",Nuclear Power
WESKU00020130802e9830001g,WESKU00020130802e9830001g_1,1100.0,nuclear power,gefährliche Atomtransporte per Lkw,Nuclear Power
WESKU00020130802e9830001g,WESKU00020130802e9830001g_1,1100.0,nuclear power,"sie transportiere den hochgiftigen Feststoff Uranhexafluorid vom Hamburger Hafen in die Urananreicherungsanlagen im westfälischen Gronau, ins niederländische Almelo und in die Brennelementefabrik Lingen",Nuclear Power
WESKU00020130802e9830001g,WESKU00020130802e9830001g_1,1100.0,nuclear power,Das Unternehmen fahre aber auch bereits angereichertes Uran sowie Brennelemente über die Straßen,Nuclear Power
WESKU00020130802e9830001g,WESKU00020130802e9830001g_1,1100.0,nuclear power,die sofortige Stilllegung aller Atomanlagen,Nuclear Power
WESKU00020130802e9830001g,WESKU00020130802e9830001g_1,1100.0,nuclear power,den Stopp der Zusammenarbeit deutscher Firmen mit der Atomwirtschaft,Nuclear Power
WESKU00020130806e9870001e,WESKU00020130806e9870001e_1,1100.0,nuclear power,Atomkraftwerke abschalten,Nuclear Power
WESKU00020130806e9870001e,WESKU00020130806e9870001e_1,1100.0,nuclear power,Atomtransporte stoppen,Nuclear Power
WESKU00020130806e9870001e,WESKU00020130806e9870001e_1,1100.0,nuclear power,Auswirkungen von radioaktiver Strahlung,Nuclear Power
WESKU00020130806e9870001e,WESKU00020130806e9870001e_1,1100.0,nuclear power,"erhöhte Krebsrisiko bei Kindern, die in der Nähe von Kernkraftwerken wohnen",Nuclear Power
WESKU00020130806e9870001e,WESKU00020130806e9870001e_1,1100.0,nuclear power,Umfassender Ausstieg,Nuclear Power
WESKU00020130806e9870001e,WESKU00020130806e9870001e_1,1100.0,nuclear power,Deutschland soll sich endlich komplett von dem Atomkrafteinsatz distanzieren,Nuclear Power
WESKU00020130806e9870001e,WESKU00020130806e9870001e_1,1100.0,nuclear power,Mit Blick auf die bevorstehende Bundestagswahl solle jeder Atomgegner gezielt Abgeordnete auf das Thema ansprechen,Nuclear Power
WESKU00020130806e9870001e,WESKU00020130806e9870001e_1,1100.0,nuclear power,den Verzicht auf Atomstrom,Nuclear Power
WESKU00020130806e9870001e,WESKU00020130806e9870001e_1,1100.0,nuclear power,Atomtransporte zu beobachten,Nuclear Power
WESKU00020130806e9870001e,WESKU00020130806e9870001e_1,1100.0,nuclear power,gegen Atomtransporte über die Bremer Häfen,Nuclear Power
STUGTR0020170418ed4i0005i,STUGTR0020170418ed4i0005i_1,1100.0,nuclear power,"Er kritisierte die „massive nukleare Aufrüstung“, die die Weltmächte betreiben würden und forderte ein Ende derselben.",Nuclear Power
StZ_20090425_ANUDT_330,StZ_20090425_ANUDT_330_1,1100.0,nuclear power,einen raschen Atomausstieg,Nuclear Power
StZ_20090425_ANUDT_330,StZ_20090425_ANUDT_330_1,1100.0,nuclear power,Die Risiken der Atomkraft dürfen nicht unter den Teppich gekehrt werden,Nuclear Power
StZ_20101007_AUDL_420,StZ_20101007_AUDL_420_1,1100.0,nuclear power,Atomkraftgegner,Nuclear Power
StZ_20101007_AUDL_420,StZ_20101007_AUDL_420_1,1100.0,nuclear power,Ärger über verlängerte Laufzeiten für die Meiler,Nuclear Power
StZ_20101007_AUDL_420,StZ_20101007_AUDL_420_1,1100.0,nuclear power,Ausstieg aus der Atompolitik,Nuclear Power
StZ_20101007_AUDL_420,StZ_20101007_AUDL_420_1,1100.0,nuclear power,Die schwarz-gelbe Landesregierung sei seit Jahren eine regelrechte Sitzblockade gegen die Energiewende,Nuclear Power
StZ_20101007_AUDL_420,StZ_20101007_AUDL_420_1,1100.0,nuclear power,mit der Atompolitik der Regierung nicht zufrieden,Nuclear Power
StZ_20101007_AUDL_420,StZ_20101007_AUDL_420_1,1100.0,nuclear power,Keine Laufzeitverlängerung für die Atompolitik der Regierung Mappus,Nuclear Power
StZ_20101007_AUDL_420,StZ_20101007_AUDL_420_1,1100.0,nuclear power,gegen Atomkraft,Nuclear Power
StZ_20101007_AUDL_420,StZ_20101007_AUDL_420_1,1100.0,nuclear power,kürzere Laufzeiten,Nuclear Power
StZ_20110320_TG_550,StZ_20110320_TG_550_1,1100.0,nuclear power,Atomkraftgegnern,Nuclear Power
StZ_20110320_TG_550,StZ_20110320_TG_550_1,1100.0,nuclear power,Anti-Atomkraft-Fahnen,Nuclear Power
StZ_20110320_TG_550,StZ_20110320_TG_550_1,1100.0,nuclear power,kritisierten die Landesregierung scharf wegen Stuttgart 21 und ihrer Atompolitik,Nuclear Power
StZ_20110320_TG_550,StZ_20110320_TG_550_1,1100.0,nuclear power,"Atomenergie-Nutzung und dieses unsinnige Bahnprojekt, sind Ausdruck einer starrhalsigen Politik",Nuclear Power
WESKU00020170907ed970000o,WESKU00020170907ed970000o_1,1100.0,nuclear power,Transport von Atommüll,Nuclear Power
LEIPZV_20111017_HFUMN,LEIPZV_20111017_HFUMN_1,1200.0,gender,für das Recht auf sexuelle Selbstbestimmung,Gender
LEIPZV_20111017_HFUMN,LEIPZV_20111017_HFUMN_1,1200.0,gender,gegen die Verharmlosung sexueller Gewalt,Gender
LEIPZV_20130722_HFIDI,LEIPZV_20130722_HFIDI_1,1200.0,gender,"Leipzig.Unter dem Motto \""L(i)eben und L(i)eben lassen\"" haben in diesem Jahr wieder Hunderte Menschen in Leipzig den Christopher Street Day begangen und sich dabei für die Rechte von Lesben, Schwulen, Bi- und Transsexuellen eingesetzt.",Gender
WESKU00020110326e73q000cd,WESKU00020110326e73q000cd_1,1200.0,gender,„Equal Pay Day,Gender
WESKU00020110418e74i000gr,WESKU00020110418e74i000gr_1,1200.0,gender,Wir wollen einen Mädchenraum,Gender
WESKU00020130208e9290000e,WESKU00020130208e9290000e_1,1200.0,gender,gegen den Ausschluss von Frauen von der Traditionsveranstaltung,Gender
WESKU00020140308ea390000v_SUN,WESKU00020140308ea390000v_SUN_1,1200.0,gender,"mehr Gleichberechtigung zwischen Mann und Frau, mehr Solidarität und weniger Gewalt gegen Frauen",Gender
WESKU00020141125eabq0001p,WESKU00020141125eabq0001p_1,1200.0,gender,"Wir wollen eine ausreichende Finanzierung von Frauenhäusern und -beratungsstellen, ein sexuelles Selbstbestimmungsrecht und ein Bleiberecht für die Opfer von Zwangsprostitution",Gender
WESKU00020180309ee390001l,WESKU00020180309ee390001l_1,1200.0,gender,Wir wollen ein Zeichen für Gleichberechtigung und Selbstbestimmung setzen,Gender
WESKU00020180309ee390001l,WESKU00020180309ee390001l_1,1200.0,gender,zum Weltfrauentag,Gender
WESKU00020181113eebd0001q,WESKU00020181113eebd0001q_1,1200.0,gender,100 Jahre Frauenwahlrecht ist ein Meilenstein der Demokratie,Gender
WESKU00020181113eebd0001q,WESKU00020181113eebd0001q_1,1200.0,gender,"dass Frauen diese politische Errungenschaft aktiv erkämpft haben und dass wir uns bewusst sind, dass Frauenrechte bis heute keineSelbstverständlichkeit sind, sondern immer wieder erstritten werden müssen\",Gender
WESKU00020181115eebf00007,WESKU00020181115eebf00007_1,1200.0,gender,Sexismus,Gender
WESKU00020190831ef8v0001j,WESKU00020190831ef8v0001j_1,1200.0,gender,CSD,Gender
WESKU00020190901ef9100005_SUN,WESKU00020190901ef9100005_SUN_1,1200.0,gender,Christopher Street Day (CSD),Gender
SZ-20180815-PGG-347,SZ-20180815-PGG-347_1,1200.0,gender,Offensichtlich wollten sie vor allem Kelle nicht zu Wort kommen lassen,Gender
SZ-20180917-NDSSSS-177,SZ-20180917-NDSSSS-177_1,1200.0,gender,gegen alltäglichen Sexismus,Gender
SZ-20190708-GSSKND-411,SZ-20190708-GSSKND-411_1,1200.0,gender,Feminismus,Gender
LEIPZO0020190308ef3800hz9,LEIPZO0020190308ef3800hz9_1,1200.0,gender,gegen Ungerechtigkeit gegenüber Frauen,Gender
LEIPZO0020190308ef3800hz9,LEIPZO0020190308ef3800hz9_1,1200.0,gender,Forderung nach einem selbstbestimmten Umgang der Frauen beim Thema Abtreibung,Gender
LEIPZO0020190308ef3800hz9,LEIPZO0020190308ef3800hz9_1,1200.0,gender,"eine größere Anerkennung unbezahlter Pflegeleistungen, die beispielsweise im Familienkreis erfolgen",Gender
LEIPZO0020190410ef4a00h1y,LEIPZO0020190410ef4a00h1y_1,1200.0,gender,Ein Angriff gegen „Feinde der Emanzipation“,Gender
LEIPZO0020190706ef7600a3x,LEIPZO0020190706ef7600a3x_1,1200.0,gender,hissen die Regenbogenflagge,Gender
StZ_20140303_PTDD_636,StZ_20140303_PTDD_636_1,1200.0,gender,gegen den Bildungsplan der Landesregierung zum Thema sexuelle Vielfalt im Schulunterricht demonstriert,Gender
StZ_20140303_PTDD_636,StZ_20140303_PTDD_636_1,1200.0,gender,Stoppt Pornografie an Schulen',Gender
StZ_20140303_PTDD_636,StZ_20140303_PTDD_636_2,1200.0,gender,für und gegen den Bildungsplan der Landesregierung zum Thema sexuelle Vielfalt im Schulunterricht demonstriert,Gender
StZ_20140303_PTDD_636,StZ_20140303_PTDD_636_4,1200.0,gender,Sexuelle Vielfalt statt bevorzugter Einfalt,Gender
StZ_20140407_PMDDD_648,StZ_20140407_PMDDD_648_1,1200.0,gender,"daran stören, dass das Thema sexuelle Vielfalt in den Bildungsplan aufgenommen werden soll",Gender
StZ_20140407_PMDDD_648,StZ_20140407_PMDDD_648_1,1200.0,gender,Thema sexuelle Vielfalt in den Bildungsplan,Gender
StZ_20140505_JPFSV_446,StZ_20140505_JPFSV_446_1,1200.0,gender,für sexuelle Akzeptanz und Vielfalt,Gender
StZ_20140630_SUEARD_586,StZ_20140630_SUEARD_586_1,1200.0,gender,in Schulen künftig für die Akzeptanz sexueller Vielfalt zu werben,Gender
STUGTR0020160125ec1p00043,STUGTR0020160125ec1p00043_1,1200.0,gender,"gegen eine Veranstaltung der Initiative \""Demo für Alle\",Gender
STUGTR0020160229ec2t0003r,STUGTR0020160229ec2t0003r_1,1200.0,gender,Sie protestieren,Gender
STUGTR0020160229ec2t0003r,STUGTR0020160229ec2t0003r_1,1200.0,gender,"\""Pathologisierung von sexuellen Minderheiten\",Gender
STUGTR0020160801ec8100043,STUGTR0020160801ec8100043_1,1200.0,gender,für die gesellschaftliche,Gender
STUGTR0020180215ee2f0001r,STUGTR0020180215ee2f0001r_1,1200.0,gender,gegen Gewalt an,Gender
STUGTR0020190121ef1l0005r,STUGTR0020190121ef1l0005r_1,1200.0,gender,"um an die Suffragetten zu erinnern, die einst das",Gender
STUGTR0020190121ef1l0005r,STUGTR0020190121ef1l0005r_1,1200.0,gender,"Wir fordern ein Frauendenkmal in Stuttgart, um die",Gender
STUGTR0020200309eg3900056,STUGTR0020200309eg3900056_1,1200.0,gender,für die Gleichberechtigung der Geschlechter,Gender
STUGTR0020200309eg3900056,STUGTR0020200309eg3900056_2,1200.0,gender,der Weg zur Gleichberechtigung von Mann und Frau,Gender
STUGTR0020200309eg3900056,STUGTR0020200309eg3900056_2,1200.0,gender,für,Gender
STUGTR0020200309eg3900056,STUGTR0020200309eg3900056_2,1200.0,gender,Gewalt an Frauen und die,Gender
STUGTR0020200309eg3900056,STUGTR0020200309eg3900056_1,1200.0,gender,Gleiches Recht für alle,Gender
STUGTR0020200309eg3900056,STUGTR0020200309eg3900056_1,1200.0,gender,"Selbstbestimmt! Im Job, zu Hause, überall",Gender
STUGTR0020200309eg3900056,STUGTR0020200309eg3900056_3,1200.0,gender,Weltfrauentag,Gender
STUGTR0020200309eg3900056,STUGTR0020200309eg3900056_3,1200.0,gender,Wir räumen rund um,Gender
STUGTR0020200307eg370001t,STUGTR0020200307eg370001t_1,1200.0,gender,Keine Gewalt gegen,Gender
StZ_20141115_WGAD_149,StZ_20141115_WGAD_149_1,1200.0,gender,Etwa 100 Personen haben am Freitagnachmittag auf dem Marktplatz gegen die Abtreibungsklinik Stapf demonstriert.,Gender
LEIPZO0020161002eca20035x,LEIPZO0020161002eca20035x_2,1200.0,gender,gegen eine Verschleierung muslimischer Frauen,Gender
LEIPZV0020140721ea7l0002j,LEIPZV0020140721ea7l0002j_1,1200.0,gender,für mehr Gleichberechtigung,Gender
LEIPZV0020140721ea7l0002j,LEIPZV0020140721ea7l0002j_1,1200.0,gender,gegen Homophobie,Gender
LEIPZV0020141124eabo0002i,LEIPZV0020141124eabo0002i_1,1200.0,gender,"\""Frauen gegen Gewalt\",Gender
LEIPZV0020141124eabo0002i,LEIPZV0020141124eabo0002i_1,1200.0,gender,Für eine Reformierung des §177 StGB,Gender
StZ_20090518_EGUUE_293,StZ_20090518_EGUUE_293_1,1200.0,gender,"wollen, dass \""Ehrenmorde\"" härter bestraft werden",Gender
StZ_20100309_JGAEAA_535,StZ_20100309_JGAEAA_535_1,1200.0,gender,"Ihre Wunschvorstellung ist die von einer Welt ohne unterdrückte und benachteiligte Frauen. Bis diese \""unerhörte Nachricht\"", so lautete der Titel ihrer Performance, verwirklicht ist, muss allerdings noch viel getan werden.",Gender
StZ_20100309_JGAEAA_535,StZ_20100309_JGAEAA_535_1,1200.0,gender,"Auch als gut ausgebildete Frau, fühle sie sich manchmal diskriminiert, sagte Rukavina. Etwa wenn sie auf ihre Lohnabrechnung schaue und sie mit der ihres Freundes vergleiche. \""Gleicher Lohn für gleiche Arbeit\"" stand auch auf dem Transparent, das die Gewerkschaft vor dem Rathaus aufgehängt hatte.",Gender
StZ_20110801_BWRWT_751,StZ_20110801_BWRWT_751_1,1200.0,gender,Christopher-Street-Day,Gender
StZ_20110801_BWRWT_751,StZ_20110801_BWRWT_751_1,1200.0,gender,für mehr Gleichberechtigung und Akzeptanz von Homosexuellen,Gender
StZ_20110801_BWRWT_751,StZ_20110801_BWRWT_751_1,1200.0,gender,gesellschaftliche Akzeptanz,Gender
StZ_20120730_SNUP_594,StZ_20120730_SNUP_594_1,1200.0,gender,Gleichbeschäftigung' am Arbeitsplatz,Gender
StZ_20120730_SNUP_594,StZ_20120730_SNUP_594_1,1200.0,gender,homosexuelle Mitarbeiter nicht zu diskriminieren,Gender
StZ_20120730_SNUP_594,StZ_20120730_SNUP_594_1,1200.0,gender,Interessen ihrer homo- und transsexuellen Mitglieder starkmachen,Gender
StZ_20120730_SNUP_594,StZ_20120730_SNUP_594_1,1200.0,gender,Schwulen und Lesben selbst für ihre Rechte werben,Gender
StZ_20120730_SNUP_594,StZ_20120730_SNUP_594_1,1200.0,gender,"die großen Amtskirchen, die vom Staat Zuschüsse für ihre Kindertagesstätten erhalten, Mitarbeiter wegen ihrer Homosexualität feuern",Gender
SZ-20140602-PMEFF-749,SZ-20140602-PMEFF-749_1,1200.0,gender,"Lesben, Schwule und Transsexuelle machen Krach, um auf sich aufmerksam zu machen. \""Wir fordern eine hundertprozentige Akzeptanz, alle Rechte, wie für andere Menschen auch",Gender
SZ-20140602-PMEFF-749,SZ-20140602-PMEFF-749_1,1200.0,gender,"Vieles sei in den vergangenen Jahren schon erreicht worden, aber eben noch keine völlige Gleichbehandlung",Gender
SZ-20140602-PMEFF-749,SZ-20140602-PMEFF-749_1,1200.0,gender,der CSD gestern auch der Oberbürgermeisterin einen Preis für Toleranz überreicht,Gender
SZ-20140602-PMEFF-749,SZ-20140602-PMEFF-749_1,1200.0,gender,"Nun sei er gefragt worden, ob er verrückt sei, für eine CDU-Politikerin eine Laudatio zu halten. Schließlich gehöre die CDU zu den Parteien, die bremsen, wenn es um die völlige Gleichheit von Homosexuellen geht. \""Aber Frau Orosz hat sich immer für den CSD eingesetzt, so konnte das großartige Fest entstehen\"", sagt er. Das sahen Teilnehmer anders, sie hielten während der Rede Protestplakate hoch",Gender
SZ-20140602-PMEFF-749,SZ-20140602-PMEFF-749_1,1200.0,gender,"Aber Frau Orosz hat sich immer für den CSD eingesetzt, so konnte das großartige Fest entstehen\"", sagt er. Das sahen Teilnehmer anders, sie hielten während der Rede Protestplakate hoch",Gender
WESKU00020160214ec2f0000x,WESKU00020160214ec2f0000x_1,1200.0,gender,gegen Gewalt an Frauen und Mädchen,Gender
SZ-20200615-EBC-435,SZ-20200615-EBC-435_1,1200.0,gender,Christopher Street Day,Gender
LEIPZ_20200308_MAEED_240,LEIPZ_20200308_MAEED_240_1,1200.0,gender,Gewalt gegen Frauen,Gender
LEIPZ_20200308_MAEED_240,LEIPZ_20200308_MAEED_240_1,1200.0,gender,Rassismus gegenüber Frauen mit Migrationshintergrund,Gender
LEIPZ_20200308_MAEED_240,LEIPZ_20200308_MAEED_240_2,1200.0,gender,internationalen Frauentag,Gender
LEIPZ_20200516_RVGNB_224,LEIPZ_20200516_RVGNB_224_1,1200.0,gender,die tödliche Attacke auf eine junge Frau im Leipziger Auwald,Gender
LEIPZ_20200726_CH_204,LEIPZ_20200726_CH_204_1,1200.0,gender,fordert sexuelle Gleichberechtigung,Gender
LEIPZ_20200726_CH_204,LEIPZ_20200726_CH_204_1,1200.0,gender,mehr Sicherheit und Gleichberechtigung für Menschen jeglicher sexueller Orientierung und Identität,Gender
LEIPZ_20200726_CH_204,LEIPZ_20200726_CH_204_1,1200.0,gender,"für die Rechte von Schwulen, Lesben, trans- und intersexuellen Menschen",Gender
LEIPZ_20201007_EKFFD_819,LEIPZ_20201007_EKFFD_819_1,1200.0,gender,"Keine soll mehr sterben, weil ein Mann es so will",Gender
LEIPZ_20201007_EKFFD_819,LEIPZ_20201007_EKFFD_819_2,1200.0,gender,"Männer töten Frauen, weil sie Frauen sind",Gender
WESKU00020180709ee7900011,WESKU00020180709ee7900011_1,1200.0,gender,zwei 51 und 71 Jahre alten Teilnehmern des Frauenmarschs eine reizende Flüssigkeit ins Gesicht gesprüht hatte,Gender
LEIPZO0020160110eban000dh,LEIPZO0020160110eban000dh_1,1200.0,gender,homosexuellenfeindlichen,Gender
WESKU00020171005eda5000ek,WESKU00020171005eda5000ek_1,1200.0,gender,Homophobie,Gender
SACHZTG020130118e91i000gb,SACHZTG020130118e91i000gb_1,1300.0,migration,gegen die Abschiebung von 78 Roma aus Sachsen nach Serbien und Mazedonien,Migration
SACHZTG020130118e91i000gb,SACHZTG020130118e91i000gb_1,1300.0,migration,Bundespolizei habe rechtlichen Beistand verhindert,Migration
SACHZTG020130314e93e00070,SACHZTG020130314e93e00070_1,1300.0,migration,gegen Ausländer und Asylmissbrauch gewettert,Migration
SACHZTG020130314e93e00070,SACHZTG020130314e93e00070_2,1300.0,migration,für das Recht auf Asyl starkzumachen,Migration
SACHZTG020121102e8b2000kk,SACHZTG020121102e8b2000kk_1,1300.0,migration,Fatih-Moschee,Migration
SACHZTG020121102e8b2000kk,SACHZTG020121102e8b2000kk_1,1300.0,migration,Asylbewerberheim in der Johannstadt,Migration
SACHZTG020121110e8ba000ka,SACHZTG020121110e8ba000ka_1,1300.0,migration,sich Rassismus und Intoleranz entgegenzustellen,Migration
LEIPZV_20130506_TASBA,LEIPZV_20130506_TASBA_1,1300.0,migration,gegen Fremdenfeindlichkeit,Migration
LEIPZV_20130506_TASBA,LEIPZV_20130506_TASBA_1,1300.0,migration,Kritik an der Umsetzung des städtischen Konzeptes zur dezentralen Unterbringung von Flüchtlingen,Migration
LEIPZV_20130506_TASBA,LEIPZV_20130506_TASBA_1,1300.0,migration,die umgehende Schließung der Massenunterkunft in der Torgauer Straße,Migration
LEIPZV_20130506_TASBA,LEIPZV_20130506_TASBA_1,1300.0,migration,"Unterbringung der Asylsuchenden in einzelnen Wohnungen im Stadtgebiet, um ihnen \""ein menschenwürdiges Leben zu ermöglichen\",Migration
LEIPZV_20130506_TASBA,LEIPZV_20130506_TASBA_1,1300.0,migration,"Mit Blick auf die neben dem Asylbewerber-Domizil in der Riebeckstraße gelegene Thonberg-Klinik hieß es seitens der Demonstranten, es sei skandalös, dass die dortigen Betreiber gerichtlich versucht hätten, die Flüchtlingsunterkunft in ihrer Nachbarschaft zu verhindern",Migration
LEIPZV_20130506_TASBA,LEIPZV_20130506_TASBA_2,1300.0,migration,Rassismus,Migration
LEIPZV_20130513_BZTBA,LEIPZV_20130513_BZTBA_1,1300.0,migration,Rassistische Normalität in Leipzig,Migration
LEIPZV_20131105_PCSKA,LEIPZV_20131105_PCSKA_1,1300.0,migration,gegen die Leipziger Moschee,Migration
LEIPZV_20131116_EBAIG,LEIPZV_20131116_EBAIG_1,1300.0,migration,Moschee der Ahmadiyya-Gemeinde in der Georg-Schumann-Straße,Migration
LEIPZV_20131205_FUETI,LEIPZV_20131205_FUETI_1,1300.0,migration,Willkommensstände,Migration
LEIPZV_20131219_RAVA,LEIPZV_20131219_RAVA_1,1300.0,migration,Kinderrecht statt Asylrecht,Migration
WESKU00020110621e76l0009o,WESKU00020110621e76l0009o_1,1300.0,migration,Angesichts der morgigen Innenministerkonferenz,Migration
WESKU00020110621e76l0009o,WESKU00020110621e76l0009o_1,1300.0,migration,für Libyen-Flüchtlinge,Migration
WESKU00020110621e76l0009o,WESKU00020110621e76l0009o_1,1300.0,migration,"Die Bremer Menschenrechtsgruppen forderten Innensenator Ulrich Mäurer (SPD) auf, sich morgen bei seinen Amtskollegen für die Flüchtlinge einzusetzen",Migration
WESKU00020110621e76l0009o,WESKU00020110621e76l0009o_1,1300.0,migration,"einen Beschluss der Bremer Bürgerschaft von Anfang dieses Jahres, in dem die Abgeordneten die grundsätzliche Bereitschaft formulieren, Menschen aufzunehmen, die „besonderen Schutzes bedürfen“, um ihnen eine „dauerhafte Lebensperspektive in Bremen zu eröffnen“. Zwar handelte es sich damals um iranische Flüchtlinge aus der Türkei, doch gleiches solle angesichts der Lage auch für Flüchtlinge aus Libyen gelten",Migration
WESKU00020110621e76l0009o,WESKU00020110621e76l0009o_1,1300.0,migration,Aufnahme von Flüchtlingen aus Libyen,Migration
WESKU00020120714e87e0001c,WESKU00020120714e87e0001c_2,1300.0,migration,Zuwanderungspolitik der Bundesregierung,Migration
WESKU00020120927e89s0004a,WESKU00020120927e89s0004a_1,1300.0,migration,vollständige Abschaffung der Residenzpflicht,Migration
WESKU00020121206e8c600002,WESKU00020121206e8c600002_1,1300.0,migration,zu der gesetzlichen und moralischen Verpflichtung zur Aufnahme von Flüchtlingen bekennt,Migration
WESKU00020121206e8c7000l0,WESKU00020121206e8c7000l0_1,1300.0,migration,Ringvorlesung zur Asylrechtsreform von 1992,Migration
WESKU00020131012e9ad0001i_SUN,WESKU00020131012e9ad0001i_SUN_1,1300.0,migration,Fluchtwege öffnen,Migration
WESKU00020131012e9ad0001i_SUN,WESKU00020131012e9ad0001i_SUN_1,1300.0,migration,Schiffskatastrophe vor Lampedusa,Migration
WESKU00020131031e9b100028,WESKU00020131031e9b100028_1,1300.0,migration,gegen das Vorgehen des Hamburger SPD-Senats gegen Asylsuchende,Migration
WESKU00020131102e9b30001f_SUN,WESKU00020131102e9b30001f_SUN_1,1300.0,migration,Bleiberecht der Lampedusa-Flüchtlinge,Migration
WESKU00020140601ea6200017,WESKU00020140601ea6200017_1,1300.0,migration,preist die Vorzüge des Islam und zitiert Koranverse auf Arabisch,Migration
WESKU00020141007eaa80001h,WESKU00020141007eaa80001h_1,1300.0,migration,gegen die Terrorgruppe Islamischer Staat demonstriert und internationale Hilfe gefordert,Migration
WESKU00020141101eab200018_SUN,WESKU00020141101eab200018_SUN_1,1300.0,migration,gegen die Unterbringung von zwölf straffällig gewordenen jugendlichen Flüchtlingen in Rekum,Migration
WESKU00020141204eac50001z,WESKU00020141204eac50001z_1,1300.0,migration,"\""Kein Mensch ist illegal - Bleiberecht überall.\"" Oder: \""Die SPD soll es versprechen - Flucht ist kein Verbrechen.\",Migration
WESKU00020150126eb1r0001a,WESKU00020150126eb1r0001a_1,1300.0,migration,"Die Menschen wollen zeigen, dass Bremen eine weltoffene Stadt ist, und dass sie es bleiben wird",Migration
WESKU00020150126eb1r0001a,WESKU00020150126eb1r0001a_1,1300.0,migration,Bei uns ist für Rassismus und Extremismus egal welcher Art kein Platz,Migration
WESKU00020150126eb1r0001a,WESKU00020150126eb1r0001a_1,1300.0,migration,"Die Hütte ist bunt, und sie bleibt bunt",Migration
WESKU00020150126eb1r0001a,WESKU00020150126eb1r0001a_1,1300.0,migration,Fremdenfeindlichkeit,Migration
WESKU00020150126eb1r0001a,WESKU00020150126eb1r0001a_1,1300.0,migration,Weltoffenheit,Migration
WESKU00020150126eb1r0001a,WESKU00020150126eb1r0001a_1,1300.0,migration,Integration,Migration
WESKU00020150204eb25000gv,WESKU00020150204eb25000gv_1,1300.0,migration,Nein zur Diffamierung und Beschimpfung anderer Religionen,Migration
WESKU00020150305eb360000l,WESKU00020150305eb360000l_1,1300.0,migration,rassistische und antimuslimische Hetze,Migration
WESKU00020150604eb650007y,WESKU00020150604eb650007y_1,1300.0,migration,auf die Situation der Flüchtlinge in Europa und weltweit hinzuweisen,Migration
WESKU00020150604eb650007y,WESKU00020150604eb650007y_1,1300.0,migration,Zeichen für Toleranz und Zusammenhalt setzen,Migration
WESKU00020150829eb8u0000v_SUN,WESKU00020150829eb8u0000v_SUN_1,1300.0,migration,"Menschen aus der Fremde einzubinden und ihnen das Gefühl zu geben, nach langer, gefährlicher Flucht endlich wieder durchatmen zu können",Migration
WESKU00020150904eb9500012,WESKU00020150904eb9500012_1,1300.0,migration,gegen die europäische Flüchtlingspolitik,Migration
WESKU00020150904eb9500012,WESKU00020150904eb9500012_1,1300.0,migration,Abschottungspolitik Europas,Migration
WESKU00020151003eba40000y_SUN,WESKU00020151003eba40000y_SUN_1,1300.0,migration,1600 Menschen protestieren gegen Rassismus und Abschiebung,Migration
WESKU00020151022eban00019,WESKU00020151022eban00019_1,1300.0,migration,"Die Frauen und Männer sagen, dass sie nicht mehr hinnehmen wollen, wie mit ihnen umgegangen wird. Sie wollen reden, sie wollen Hilfe. Die meisten beklagen, dass sie immer noch nicht von der Behörde registriert worden sind. Und dass alles zu lange auf sich warten lässt: der Medizincheck, die Deutschkurse.",Migration
WESKU00020151022eban00019,WESKU00020151022eban00019_2,1300.0,migration,"Der Mann, so schildert es die Polizei, hatte lautstark kritisiert, dass er immer noch nicht registriert worden ist.",Migration
WESKU00020151119ebbk0001g,WESKU00020151119ebbk0001g_1,1300.0,migration,"Wir sind gegen jede Form von Grenzen\"", sagte Emma Schröpel. Sie ist Mitglied des Vorstands der GSV und geht in die 12. Klasse. \""Deshalb haben wir uns dazu entschieden, auf die Straße zu gehen.\"" Auch in Berlin und Frankfurt gab es am Donnerstag Bildungsstreiks, um auf die schwierige Situation von Flüchtlingen in Deutschland hinzuweisen.",Migration
WESKU00020151119ebbk0001g,WESKU00020151119ebbk0001g_2,1300.0,migration,"Mit der Aktion wollten wir darauf hinweisen, dass es innerhalb unserer Gesellschaft, jenseits von Staatsgrenzen, enorme Hindernisse für Flüchtlinge gibt\"", sagte Hoffmann. So würden etwa viele ausländische Studienabschlüsse hierzulande nicht anerkannt, und viele Flüchtlinge könnten hier nur mit großen Problemen einen Studienplatz bekommen.",Migration
WESKU00020180309ee390001l,WESKU00020180309ee390001l_1,1300.0,migration,Feminismus ist auch immer Antirassismus,Migration
WESKU00020180621ee6l0001w,WESKU00020180621ee6l0001w_1,1300.0,migration,Flüchtlingsunterkunft an der Gottlieb-Daimler-Straße,Migration
WESKU00020180621ee6l0001w,WESKU00020180621ee6l0001w_1,1300.0,migration,Bewohner sowie Unterstützer bemängeln den abgelegenen Standort und das zum Teil belastende Raumklima,Migration
WESKU00020180719ee7j00018,WESKU00020180719ee7j00018_1,1300.0,migration,Ausländer raus,Migration
WESKU00020180719ee7j00018,WESKU00020180719ee7j00018_1,1300.0,migration,fremdenfeindliches,Migration
WESKU00020180829ee8t0001m,WESKU00020180829ee8t0001m_1,1300.0,migration,gegen die Islamisierung des Abendlandes,Migration
WESKU00020180830ee8u0001c,WESKU00020180830ee8u0001c_1,1300.0,migration,gegen jede Form von Rassismus,Migration
WESKU00020181115eebf00007,WESKU00020181115eebf00007_1,1300.0,migration,für eine offene und vielfältige Gesellschaft,Migration
WESKU00020181115eebf00007,WESKU00020181115eebf00007_1,1300.0,migration,Islamfeindlichkeit,Migration
WESKU00020181115eebf00007,WESKU00020181115eebf00007_1,1300.0,migration,"Für eine offene, freie und solidarische Gesellschaft",Migration
WESKU00020181115eebf00007,WESKU00020181115eebf00007_1,1300.0,migration,dass man rassistischen Fußball-Fans keine Bühne geben dürfe,Migration
WESKU00020181115eebf00007,WESKU00020181115eebf00007_1,1300.0,migration,"Aus Gastfreundschaft darf nicht Zerrissenheit werden, sondern Vielfalt und Bereicherung",Migration
WESKU00020181115eebf00007,WESKU00020181115eebf00007_1,1300.0,migration,Migration ist die Zukunft Deutschlands,Migration
WESKU00020181115eebf00007,WESKU00020181115eebf00007_1,1300.0,migration,dass es ein klares Bekenntnis auch dieser Stadt für eine offene Gesellschaft gibt,Migration
WESKU00020190113ef1d0001f_SUN,WESKU00020190113ef1d0001f_SUN_1,1300.0,migration,Merkels Flüchtlingspolitik kritisierten,Migration
WESKU00020190506ef5600019,WESKU00020190506ef5600019_1,1300.0,migration,Für ein vereintes und demokratisches Europa,Migration
WESKU00020190529ef5t0001e,WESKU00020190529ef5t0001e_1,1300.0,migration,gegen die Zustände in der Erstaufnahmestelle,Migration
WESKU00020190531ef5v0001j,WESKU00020190531ef5v0001j_1,1300.0,migration,"Das Aktionsbündnis hatte am vergangenen Dienstag bei einer Kundgebung vor der Sozialbehörde gefordert, den Vertrag mit dem Sicherheitsunternehmen Procertus sofort zu kündigen.",Migration
WESKU00020190712ef7c0001y,WESKU00020190712ef7c0001y_1,1300.0,migration,Es soll in der Zentralen Aufnahmestelle für Asylbewerber und Flüchtlinge in Bremen-Nord zu schweren Übergriffen durch das Sicherheitsper­sonal gekommen sein,Migration
WESKU00020200508eg2m001uk,WESKU00020200508eg2m001uk_1,1300.0,migration,gegen Fremdenhass,Migration
WESKU00020200508eg2m001uk,WESKU00020200508eg2m001uk_1,1300.0,migration,mehr Bewusstsein für Rassismus,Migration
WESKU00020200508eg4l00pof,WESKU00020200508eg4l00pof_1,1300.0,migration,Missstände wie fehlende Privatsphäre und eine lange Wohndauer in der Erstaufnahmestelle,Migration
WESKU00020200508eg5500pu5,WESKU00020200508eg5500pu5_1,1300.0,migration,"fordern, dass die Landesaufnahmestelle für Geflüchtete in der Lindenstraße geschlossen wird",Migration
WESKU00020200812eg8c0002y,WESKU00020200812eg8c0002y_1,1300.0,migration,Migration und Kolonialgeschichte sollten stärker im Unterricht vorkommen,Migration
WESKU00020200508eg4i00piu,WESKU00020200508eg4i00piu_1,1300.0,migration,für die sofortige Schließung der Landeserstaufnahmestelle (Last) für Asylbewerber in Vegesack,Migration
WESKU00020200508eg4i00piu,WESKU00020200508eg4i00piu_1,1300.0,migration,fordern eine dezentrale Unterbringung,Migration
SZ-20180515-HCEGB-308,SZ-20180515-HCEGB-308_1,1300.0,migration,"über die Migrationspolitik versuchten, das Volk auszutauschen",Migration
SZ-20180613-APGBV-561,SZ-20180613-APGBV-561_1,1300.0,migration,gegen Burka-Vortrag,Migration
SZ-20180725-PBRP-319,SZ-20180725-PBRP-319_1,1300.0,migration,Deutschlandfahnen mit Bananenmotiven,Migration
SZ-20180730-FDFS-141,SZ-20180730-FDFS-141_1,1300.0,migration,"um für die Wiederaufnahme privater Rettungsaktionen im Mittelmeer zu demonstrieren. Unter dem Motto \""Seebrücke - schafft sichere Häfen\"" forderten sie, dass Häfen, aus denen derzeit keine Rettungsschiffe auslaufen dürfen, geöffnet werden.",Migration
SZ-20181010-MDGGP-162,SZ-20181010-MDGGP-162_2,1300.0,migration,Pegida-Kundgebungen,Migration
SZ-20190408-JGWNV-265,SZ-20190408-JGWNV-265_1,1300.0,migration,Demonstranten wollen auch auf diesen immer wieder auftretenden Alltagsrassismus aufmerksam machen,Migration
SZ-20190408-JGWNV-265,SZ-20190408-JGWNV-265_1,1300.0,migration,"an Jorge Gomondai erinnert. Der damals 28-jährige Mosambikaner war 1991 am Albertplatz von einer Gruppe Rechtsextremer angegriffen und so schwer verletzt worden, dass er wenige Tage später, am 6. April, starb.",Migration
SZ-20190408-JGWNV-265,SZ-20190408-JGWNV-265_1,1300.0,migration,"wünschen sich eine offene, freie, tolerante Gesellschaft, in der Minderheiten ohne Angst leben können",Migration
SZ-20190502-BVUENM-240,SZ-20190502-BVUENM-240_1,1300.0,migration,"\""Das Haus Europa darf nicht zerschlagen werden\",Migration
SZ-20190614-KOAF-861,SZ-20190614-KOAF-861_1,1300.0,migration,"darum gebeten, dass der Verein \""ein klares Zeichen für Pluralismus, Diversität und Humanismus\"" setzen solle",Migration
SZ-20190708-GSSKND-411,SZ-20190708-GSSKND-411_1,1300.0,migration,Seenotrettung,Migration
SZ-20190803-SWGS-89,SZ-20190803-SWGS-89_1,1300.0,migration,"gegen den Plan, die Moschee an der Ecke Marschnerstraße/Comeniusstraße auszubauen",Migration
SZ-20190820-PVO-161,SZ-20190820-PVO-161_1,1300.0,migration,gegen die geplante Umsiedlung von Heimbewohnern in eine andere Unterkunft auf dem ehemaligen Flugzeugwerft-Gelände westlich der Königsbrücker Landstraße in Klotzsche,Migration
SZ-20190820-PVO-161,SZ-20190820-PVO-161_1,1300.0,migration,"das Heim in Klotzsche sei weitab von öffentlichen Einrichtungen, Einkaufsmöglichkeiten und Haltestellen",Migration
SZ-20190820-PVO-161,SZ-20190820-PVO-161_1,1300.0,migration,Solidarität statt Ausgrenzung,Migration
SZ-20190820-PVO-161,SZ-20190820-PVO-161_1,1300.0,migration,"Die Umsiedlung schließe \""Menschen von gesellschaftlicher Partizipation fast vollständig aus",Migration
SZ-20190820-PVO-161,SZ-20190820-PVO-161_2,1300.0,migration,die geplante Umsiedlung von Heimbewohnern in eine andere Unterkunft auf dem ehemaligen Flugzeugwerft-Gelände westlich der Königsbrücker Landstraße in Klotzsche,Migration
SZ-20191114-LHIPG-600,SZ-20191114-LHIPG-600_2,1300.0,migration,Asylbewerbern,Migration
SZ-20191122-PGA-276,SZ-20191122-PGA-276_1,1300.0,migration,gegen Abschiebungen,Migration
LEIPZO0020180110ee19001b9,LEIPZO0020180110ee19001b9_2,1300.0,migration,Legida-Demo,Migration
LEIPZO0020180122ee1m0050m,LEIPZO0020180122ee1m0050m_2,1300.0,migration,Farbanschlag-auf-DITIB-Moschee-in-Leipzig-Volkmarsdorf,Migration
LEIPZO0020180212ee2c003s5,LEIPZO0020180212ee2c003s5_1,1300.0,migration,"gegen den Vorschlag, Flüchtlinge mit geringer Anerkennungsquote länger in Erstaufnahmeeinrichtungen unterzubringen",Migration
LEIPZO0020180212ee2c003s5,LEIPZO0020180212ee2c003s5_1,1300.0,migration,Die Beschulung von Flüchtlingskindern sei „rechtlich fragwürdig“,Migration
LEIPZO0020180317ee3h005v6,LEIPZO0020180317ee3h005v6_1,1300.0,migration,Refugees are welcome,Migration
LEIPZO0020180319ee3j00a3x,LEIPZO0020180319ee3j00a3x_1,1300.0,migration,islamischen Extremismus,Migration
LEIPZO0020180319ee3j00a3x,LEIPZO0020180319ee3j00a3x_1,1300.0,migration,Islam nicht zu Deutschland gehöre,Migration
LEIPZO0020180501ee51002mh,LEIPZO0020180501ee51002mh_1,1300.0,migration,"„Solidarität, Vielfalt, Gerechtigkeit“",Migration
LEIPZO0020180829ee8t00209,LEIPZO0020180829ee8t00209_1,1300.0,migration,geißelten die Asylpolitik der Bundesregierung,Migration
LEIPZO0020180829ee8t00209,LEIPZO0020180829ee8t00209_1,1300.0,migration,Innere Sicherheit - schützt unsere Familien!,Migration
LEIPZO0020180829ee8t00209,LEIPZO0020180829ee8t00209_1,1300.0,migration,"Auf einem Banner wurde Chemnitz in einer Reihe mit Berlin, Paris und London genannt - Städte, in denen Attentate stattgefunden hatten",Migration
LEIPZO0020180919ee9j00fqq,LEIPZO0020180919ee9j00fqq_1,1300.0,migration,für die Seenotrettung von Flüchtlingen im Mittelmeer,Migration
LEIPZO0020180919ee9j00fqq,LEIPZO0020180919ee9j00fqq_1,1300.0,migration,"fordert die Stadt dazu auf, Geflüchtete direkt von Seenotrettungsschiffen und aus Notunterkünften anderer Staaten aufzunehmen",Migration
LEIPZO0020180919ee9j00fqq,LEIPZO0020180919ee9j00fqq_1,1300.0,migration,Stoppt das Sterben im Mittelmeer,Migration
LEIPZO0020180919ee9j00fqq,LEIPZO0020180919ee9j00fqq_2,1300.0,migration,"Leipzig wird darin unter anderem auch aufgefordert, die 2016 unterzeichnete Erklärung zur Teilnahme am „Solidarity City Netzwerk“ in die Tat umzusetzen",Migration
LEIPZO0020181021eeal007ep,LEIPZO0020181021eeal007ep_1,1300.0,migration,"Demonstration, die sich gegen die vor vier Jahren ins Leben gerufene Pegida-Bewegung richtete",Migration
LEIPZO0020181021eeal007ep,LEIPZO0020181021eeal007ep_1,1300.0,migration,gegen die islam- und fremdenfeindliche Pegida-Bewegung,Migration
LEIPZO0020181213eecd00fz2,LEIPZO0020181213eecd00fz2_1,1300.0,migration,"In Leipzig sind wie schon im Vorjahr mehrere zur Terrorabwehr aufgestellte Betonsperren rund um den städtischen Weihnachtsmarkt mit Parolen beschmiert worden, die die Flüchtlingspolitik der Bundesregierung kritisieren. In sozialen Netzwerken tauchten am Donnerstag Fotos mehrerer Quader auf, die schwarze Schriftzüge wie „Danke, Merkel!“ oder „Multikulti läuft“ trugen.",Migration
LEIPZV0020180623ee6n0003h,LEIPZV0020180623ee6n0003h_1,1300.0,migration,gegen Abschiebungen von Schülern,Migration
LEIPZV0020180817ee8h00006,LEIPZV0020180817ee8h00006_1,1300.0,migration,Pegida-Anhängern,Migration
LEIPZO0020190519ef5j008hn,LEIPZO0020190519ef5j008hn_1,1300.0,migration,für ein demokratisches und vielfältiges Europa,Migration
LEIPZO0020190610ef6a008vh,LEIPZO0020190610ef6a008vh_1,1300.0,migration,"gegen Muslime,",Migration
LEIPZO0020190620ef5o00d9t,LEIPZO0020190620ef5o00d9t_1,1300.0,migration,Bei der Kundgebung der Leipziger Initiative gegen Islamismus hieß es: „Der Widerstand gegen den islamischen Fanatismus darf weder einer blinden Toleranz zum Opfer fallen noch durch fremdenfeindliche Identitätspolitik verdrängt werden.,Migration
LEIPZO0020190706ef7600a3x,LEIPZO0020190706ef7600a3x_1,1300.0,migration,bedingungslose Rettung Flüchtender auf dem Mittelmeer,Migration
LEIPZO0020190716ef7g002e6,LEIPZO0020190716ef7g002e6_2,1300.0,migration,Teilnehmer von Pegida,Migration
LEIPZO0020190716ef7g002e6,LEIPZO0020190716ef7g002e6_1,1300.0,migration,fremdenfeindlichen Pegida-Bündnisses,Migration
LEIPZO0020190926ef9q004ph,LEIPZO0020190926ef9q004ph_3,1300.0,migration,Legida-Aufzüge,Migration
LEIPZO0020191018efai00lrd,LEIPZO0020191018efai00lrd_1,1300.0,migration,Pegida-Versammlung,Migration
LEIPZO0020191020efak005v5,LEIPZO0020191020efak005v5_1,1300.0,migration,Pegida-Bewegung,Migration
LEIPZO0020191020efak00cch,LEIPZO0020191020efak00cch_2,1300.0,migration,gegen die islam- und ausländerfeindliche Pegida-Bewegung,Migration
LEIPZV0020191216efcg0000t,LEIPZV0020191216efcg0000t_1,1300.0,migration,Flüchtlingshilfe,Migration
StZ_20140113_EASSF_485,StZ_20140113_EASSF_485_1,1300.0,migration,Gegen jeden Rassismus,Migration
StZ_20140113_EASSF_485,StZ_20140113_EASSF_485_1,1300.0,migration,Unterkunft bis zu 159 Flüchtlinge in Systembauweise zu errichten,Migration
StZ_20140505_JPFSV_446,StZ_20140505_JPFSV_446_2,1300.0,migration,'Rassisten raus!,Migration
StZ_20140915_PGSAEA_85,StZ_20140915_PGSAEA_85_1,1300.0,migration,gegen eine Änderung des Asylrechts,Migration
StZ_20140915_PGSAEA_85,StZ_20140915_PGSAEA_85_1,1300.0,migration,im Bundesrat gegen das geplante Asylgesetz zu stimmen,Migration
StZ_20141106_PWS_287,StZ_20141106_PWS_287_1,1300.0,migration,'Jetzt reicht's! Hetze und Rassismus unter dem Deckmantel der Meinungsfreiheit! Und jetzt auch in Lehrbüchern!'.,Migration
STUGTR0020150113eb1d0003t,STUGTR0020150113eb1d0003t_1,1300.0,migration,gegen die in Dresden und anderen Städten montags stattfindenden Kundgebungen,Migration
STUGTR0020150407eb470004f,STUGTR0020150407eb470004f_1,1300.0,migration,Dennoch dürfe,Migration
STUGTR0020150630eb6u0005r,STUGTR0020150630eb6u0005r_1,1300.0,migration,gegen die Politik der EU,Migration
STUGTR0020150728eb7s00016,STUGTR0020150728eb7s00016_1,1300.0,migration,"Sie fordern ein Bleiberecht für Asylbewerber. \""Mehr als tausend",Migration
STUGTR0020150820eb8k0003q,STUGTR0020150820eb8k0003q_1,1300.0,migration,Die Flüchtlinge selbst,Migration
STUGTR0020170102ed1200002,STUGTR0020170102ed1200002_1,1300.0,migration,gegen eine geplante Moschee,Migration
STUGTR0020170102ed1200002,STUGTR0020170102ed1200002_1,1300.0,migration,Bitte keine DITIB-Moschee,Migration
STUGTR0020170102ed1200002,STUGTR0020170102ed1200002_2,1300.0,migration,keinerlei Interesse,Migration
STUGTR0020170317ed3h0000l,STUGTR0020170317ed3h0000l_1,1300.0,migration,"„Dass jemand auch nach 40 Jahren in Deutschland kein Wahlrecht hat,",Migration
STUGTR0020180414ee4e00015,STUGTR0020180414ee4e00015_1,1300.0,migration,erinnert an den Holocaust und wendet sich gegen Rassismus,Migration
STUGTR0020180514ee5e00091,STUGTR0020180514ee5e00091_1,1300.0,migration,gegen die geplante Ditib-Moschee,Migration
STUGTR0020180514ee5e00091,STUGTR0020180514ee5e00091_1,1300.0,migration,warnt vor einer baldigen Machtübernahme,Migration
STUGTR0020180911ee9b00050,STUGTR0020180911ee9b00050_1,1300.0,migration,"damit friedlich ein Zeichen gegen Fremdenhass, Gewalt und Rassismus",Migration
STUGTR0020181011eeab00050,STUGTR0020181011eeab00050_1,1300.0,migration,Identitäre,Migration
STUGTR0020190408ef4800074,STUGTR0020190408ef4800074_1,1300.0,migration,Machen Sie Stuttgart europablau,Migration
STUGTR0020190408ef4800074,STUGTR0020190408ef4800074_1,1300.0,migration,Wir,Migration
STUGTR0020190513ef5d0004v,STUGTR0020190513ef5d0004v_1,1300.0,migration,in nachbarschaftlichem,Migration
STUGTR0020190705ef750001n,STUGTR0020190705ef750001n_1,1300.0,migration,Landtagsanfrage,Migration
STUGTR0020200309eg3900056,STUGTR0020200309eg3900056_1,1300.0,migration,Geflüchtete,Migration
STUGTR0020200629eg6t0002z,STUGTR0020200629eg6t0002z_3,1300.0,migration,Protest gegen Rassismus,Migration
STUGTR0020200817eg8h0003f,STUGTR0020200817eg8h0003f_1,1300.0,migration,gegen Präsident,Migration
STUGTR0020201214egce0004z,STUGTR0020201214egce0004z_1,1300.0,migration,"Appell,",Migration
STUGTR0020201214egce0004z,STUGTR0020201214egce0004z_1,1300.0,migration,Wärme für alle –,Migration
WESKU00020130315e93g0001d,WESKU00020130315e93g0001d_1,1300.0,migration,Flüchtlinge demonstrieren auf dem Marktplatz für mehr Rechte,Migration
SZ-20191009-LAEBP-414,SZ-20191009-LAEBP-414_1,1300.0,migration,Pegida-Demo,Migration
LEIPZO0020181021eeal009st,LEIPZO0020181021eeal009st_1,1300.0,migration,gegen Rassismus und Hetze demonstriert.,Migration
LEIPZO0020160106eb1s001t1,LEIPZO0020160106eb1s001t1_2,1300.0,migration,Toleranz und Weltoffenheit,Migration
LEIPZO0020160106ebbn000kr,LEIPZO0020160106ebbn000kr_1,1300.0,migration,23 Jahre nach einem tödlichen Anschlag auf Asylbewerber im schleswig-holsteinischen Mölln,Migration
LEIPZO0020160106ebbn000kr,LEIPZO0020160106ebbn000kr_1,1300.0,migration,Refugees are welcome here!,Migration
LEIPZO0020160106ebbn000kr,LEIPZO0020160106ebbn000kr_2,1300.0,migration,Refugees not Welcome,Migration
LEIPZO0020160106ebbn000kr,LEIPZO0020160106ebbn000kr_2,1300.0,migration,Asylpolitik,Migration
LEIPZO0020160106ebbq000nx,LEIPZO0020160106ebbq000nx_1,1300.0,migration,fremdenfeindliche Bündnis,Migration
LEIPZO0020160106ebbq000nx,LEIPZO0020160106ebbq000nx_1,1300.0,migration,Legida,Migration
LEIPZO0020160106ebc7000yn,LEIPZO0020160106ebc7000yn_1,1300.0,migration,"Deutschland ist eure Heimat, nicht die der Moslems",Migration
LEIPZO0020160106ebc7000yn,LEIPZO0020160106ebc7000yn_1,1300.0,migration,Hoyer Spalter muss raus,Migration
LEIPZO0020160106ebc7000yn,LEIPZO0020160106ebc7000yn_1,1300.0,migration,Islam heißt Unterwerfung,Migration
LEIPZO0020160107eb7r00065,LEIPZO0020160107eb7r00065_1,1300.0,migration,stop Racism,Migration
LEIPZO0020160107eb7r00065,LEIPZO0020160107eb7r00065_3,1300.0,migration,vor der noch nicht bewohnten Zeltstadt,Migration
LEIPZO0020160110ebai0009v,LEIPZO0020160110ebai0009v_1,1300.0,migration,Flüchtlingsunterkunft,Migration
LEIPZO0020160110eban000dh,LEIPZO0020160110eban000dh_1,1300.0,migration,rassistischer,Migration
LEIPZO0020160110eban000dh,LEIPZO0020160110eban000dh_2,1300.0,migration,aufgrund seines ausländischen Aussehens,Migration
LEIPZO0020160110ebas000jb,LEIPZO0020160110ebas000jb_1,1300.0,migration,Hass auf Ausländer und Andersdenkende,Migration
LEIPZO0020160110ebas000jb,LEIPZO0020160110ebas000jb_1,1300.0,migration,Keiner will euch,Migration
LEIPZO0020160110ebas000jb,LEIPZO0020160110ebas000jb_1,1300.0,migration,Refugees not welcome,Migration
LEIPZO0020160110ebat000kv,LEIPZO0020160110ebat000kv_1,1300.0,migration,"Um symbolisch auf die Willkommenskultur aufmerksam zu machen, soll der Ort in Zukunft Refugees-Welcome-Platz heißen",Migration
LEIPZO0020160110ebau000ls,LEIPZO0020160110ebau000ls_1,1300.0,migration,Widerstand gegen die Flüchtlingspolitik,Migration
LEIPZO0020160110ebau000ls,LEIPZO0020160110ebau000ls_2,1300.0,migration,für ein „friedliches und weltoffenes Gohlis,Migration
LEIPZO0020160201eb7b002jr,LEIPZO0020160201eb7b002jr_1,1300.0,migration,"Bleiberecht für jeden Menschen, der hier wohnen möchte oder muss",Migration
LEIPZO0020160201eb7b002jr,LEIPZO0020160201eb7b002jr_1,1300.0,migration,Zuwanderung,Migration
LEIPZO0020160831ec8u001ba,LEIPZO0020160831ec8u001ba_1,1300.0,migration,"Eine Anlaufstelle für Geflüchtete sollte entstehen, aber letztlich mehr als das.",Migration
LEIPZO0020160906ec950008d,LEIPZO0020160906ec950008d_2,1300.0,migration,Gegen jede Form von Antisemitismus und Islamfeindlichkeit,Migration
LEIPZO0020161115ecbf0096l,LEIPZO0020161115ecbf0096l_1,1300.0,migration,Diffamierung von Randgruppen,Migration
LEIPZO0020161205ecc50086h,LEIPZO0020161205ecc50086h_1,1300.0,migration,Mit einer stationären Kundgebung hat sich das rechtspopulistische Bündnis Legida am Montag nach einer einmonatigen Pause zurückgemeldet.,Migration
LEIPZO0020170117eb9s0040h,LEIPZO0020170117eb9s0040h_1,1300.0,migration,"Zur Situation in Ungarn, dass sich abschottet und rigide gegen Flüchtlinge vorgeht, sagt „Fröbel“: Ungarn verteidige die Freiheit mit dem „christlichen Schwert“",Migration
LEIPZO0020170117eb9s0040h,LEIPZO0020170117eb9s0040h_1,1300.0,migration,"Diese würden beweisen, es kämen keine Kriegs- sondern lediglich Wirtschaftsflüchtlinge",Migration
LEIPZO0020170117ecb7002e5,LEIPZO0020170117ecb7002e5_1,1300.0,migration,fremden- und islamfeindliche,Migration
LEIPZV0020140607ea3f000n7,LEIPZV0020140607ea3f000n7_1,1300.0,migration,gegen einen rechtsgerichteten Aufmarsch vor dem Asylbewerberheim,Migration
LEIPZV0020140628ea6s00032,LEIPZV0020140628ea6s00032_2,1300.0,migration,Anschlag auf Ausländerbehörde,Migration
LEIPZV0020160307ec370000b,LEIPZV0020160307ec370000b_1,1300.0,migration,um Flüchtlingen zu helfen und auf die fremdenfeindlichen Gewalttaten der vergangenen Monate in Sachsen zu reagieren,Migration
LEIPZV0020160307ec370002b,LEIPZV0020160307ec370002b_1,1300.0,migration,Justizminister Sebastian Gemkow (beide CDU) habe ebenfalls an Protesten gegen Fremdenfeindlichkeit teilgenommen.,Migration
LEIPZV0020160312ec3c0002u,LEIPZV0020160312ec3c0002u_1,1300.0,migration,Anfeindungen gegenüber Menschen muslimischen Glaubens,Migration
LEIPZV0020160312ec3c0002u,LEIPZV0020160312ec3c0002u_1,1300.0,migration,Die Vorfälle werden scharf verurteilt,Migration
LEIPZV0020160312ec3c0002u,LEIPZV0020160312ec3c0002u_2,1300.0,migration,"Versuch, das Grundstück durch das Ablegen eines toten Ferkels zu entweihen",Migration
LEIPZV0020160521ec5l00011,LEIPZV0020160521ec5l00011_1,1300.0,migration,Durch ihn wurde das Konzept der Rassen wieder denkbar,Migration
LEIPZV0020160521ec5l00011,LEIPZV0020160521ec5l00011_1,1300.0,migration,sozialdarwinistische Einstellung,Migration
LEIPZV0020160528ec5s0003p,LEIPZV0020160528ec5s0003p_1,1300.0,migration,gegen die Abschiebung von Flüchtlingen,Migration
LEIPZV0020160528ec5s0003p,LEIPZV0020160528ec5s0003p_1,1300.0,migration,gegen Einzel- und Sammelabschiebungen,Migration
LEIPZV0020160528ec5s0003p,LEIPZV0020160528ec5s0003p_1,1300.0,migration,"\""Abschiebungen stoppen. Jetzt!\",Migration
LEIPZV0020160528ec5s0003p,LEIPZV0020160528ec5s0003p_1,1300.0,migration,"wurden Einzelschicksale von Flüchtlingen vorgetragen und gefordert, die Abschiebungen zu stoppen",Migration
LEIPZV0020160528ec5s0003p,LEIPZV0020160528ec5s0003p_1,1300.0,migration,"\""Bleiberecht ist Menschenrecht! - Jede Abschiebung ist ein Verbrechen!\",Migration
LEIPZV0020160528ec5s0003p,LEIPZV0020160528ec5s0003p_1,1300.0,migration,"\""Stop Deportation!\",Migration
LEIPZV0020160705ec750001j,LEIPZV0020160705ec750001j_1,1300.0,migration,Milizen anzuschließen,Migration
LEIPZV0020160705ec750001j,LEIPZV0020160705ec750001j_2,1300.0,migration,"Wenn Leipzig eins nicht will, dann sind das Rassisten, Fremdenfeinde und eine Frau Festerling",Migration
LEIPZV0020160705ec750001j,LEIPZV0020160705ec750001j_2,1300.0,migration,"Wenn Leipzig eins nicht will, dann sind das Rassisten",Migration
StZ_20090518_EGUUE_293,StZ_20090518_EGUUE_293_1,1300.0,migration,"\""viele Menschen schauen immer noch weg - aus falsch verstandener Toleranz und um dem Vorwurf von Rassismus zu entgehen\",Migration
StZ_20110501_NSKSE_323,StZ_20110501_NSKSE_323_1,1300.0,migration,gegen Hetze und gegen Rassismus,Migration
StZ_20110909_DEWEB_402,StZ_20110909_DEWEB_402_1,1300.0,migration,"\""gegen den Eurorettungswahnsinn\",Migration
StZ_20130108_WGB_237,StZ_20130108_WGB_237_1,1300.0,migration,gegen die Islamkritiker,Migration
StZ_20130802_SWJNN_718,StZ_20130802_SWJNN_718_1,1300.0,migration,fühlen sich im Main-Tauber-Kreis menschenunwürdig behandelt,Migration
StZ_20130802_SWJNN_718,StZ_20130802_SWJNN_718_1,1300.0,migration,von Sach- auf Geldleistungen umzustellen,Migration
StZ_20130802_SWJNN_718,StZ_20130802_SWJNN_718_1,1300.0,migration,dass die Flüchtlinge in anderen Landkreisen untergebracht werden,Migration
StZ_20130802_SWJNN_718,StZ_20130802_SWJNN_718_2,1300.0,migration,"Es ist ihre Aktion, wir mischen uns nicht ein, wir unterstützen, was sie fordern, und schaffen die Logistik'",Migration
StZ_20130802_SWJNN_718,StZ_20130802_SWJNN_718_2,1300.0,migration,"Es ist ihre Aktion, wir mischen uns nicht ein, wir unterstützen, was sie fordern, und schaffen die Logistik",Migration
StZ_20130815_FUEWWA_123,StZ_20130815_FUEWWA_123_1,1300.0,migration,Arbeitserlaubnisse für alle,Migration
StZ_20130815_FUEWWA_123,StZ_20130815_FUEWWA_123_1,1300.0,migration,dass die Flüchtlinge in einem anderen Landkreis untergebracht werden,Migration
StZ_20130902_SMSAR_614,StZ_20130902_SMSAR_614_1,1300.0,migration,gegen die blutige Niederschlagung der Proteste gegen die Militärregierung,Migration
StZ_20130923_PGMAED_405,StZ_20130923_PGMAED_405_1,1300.0,migration,Baden-Württemberg muss außerdem mehr syrische Flüchtlinge aufnehmen,Migration
SZ-20141111-KDAR-362,SZ-20141111-KDAR-362_1,1300.0,migration,gegen das geplante Asylbewerberheim,Migration
SZ-20141111-KDAR-362,SZ-20141111-KDAR-362_2,1300.0,migration,rassistische Hetze und Stimmungsmache,Migration
SZ-20141111-KDAR-362,SZ-20141111-KDAR-362_2,1300.0,migration,von dem ausländerfeindlichen Aufruf erfahren und spontan eine Gegendemonstration organisiert,Migration
SZ-20141111-KDAR-362,SZ-20141111-KDAR-362_2,1300.0,migration,"Wir wollen zeigen, dass bei uns Asylbewerber willkommen sind",Migration
SZ-20141218-PSEID-776,SZ-20141218-PSEID-776_1,1300.0,migration,asylkritischen,Migration
SZ-20141218-PSEID-776,SZ-20141218-PSEID-776_1,1300.0,migration,Keine Herberge finden sollen dort nach Meinung der Teilnehmer weitere Asylbewerber,Migration
SZ-20141220-EIWAM-1240,SZ-20141220-EIWAM-1240_1,1300.0,migration,Wir wollen Euch hier nicht haben,Migration
SZ-20150106-LUS-581,SZ-20150106-LUS-581_2,1300.0,migration,warnten mehrere Hundert Menschen vor ausländerfeindlichen Tendenzen in Dresden,Migration
SZ-20150106-LUS-581,SZ-20150106-LUS-581_3,1300.0,migration,Gegenkundgebungen,Migration
SZ-20150217-LALA-570,SZ-20150217-LALA-570_1,1300.0,migration,zehn sogenannten Dresdner Thesen,Migration
SZ-20150217-LALA-570,SZ-20150217-LALA-570_2,1300.0,migration,Sofortige Abschiebung von abgelehnten Asylbewerbern,Migration
SZ-20150217-LALA-570,SZ-20150217-LALA-570_4,1300.0,migration,für eine humane Asylpolitik,Migration
SZ-20150217-LALA-570,SZ-20150217-LALA-570_5,1300.0,migration,Legida-Anhänger,Migration
SZ-20150305-SCLSS-687,SZ-20150305-SCLSS-687_1,1300.0,migration,gleichen Rechten wie sie alle deutschen Bürger genießen,Migration
SZ-20150305-SCLSS-687,SZ-20150305-SCLSS-687_1,1300.0,migration,"Parteien und Verbände fordert sie auf, sich zu bekennen, ob sie zu den Flüchtlingen halten",Migration
SZ-20150528-ETIBP-788,SZ-20150528-ETIBP-788_1,1300.0,migration,Die G7 müssten Entwicklungshilfe-Zusagen einhalten und arme Länder in den Austausch von Steuerinformationen einbeziehen,Migration
SZ-20150725-HSZAD-1276,SZ-20150725-HSZAD-1276_1,1300.0,migration,in Dresden schlägt ihnen auch Wut entgegen,Migration
SZ-20150725-HSZAD-1276,SZ-20150725-HSZAD-1276_1,1300.0,migration,"beschimpfen Schaulustige die THW-Leute mit den Worten \""Schämt euch\",Migration
SZ-20150725-HSZAD-1276,SZ-20150725-HSZAD-1276_2,1300.0,migration,Asylflut stoppen - Nein zur Zeltstadt auf der Bremer Straße,Migration
SZ-20150725-HSZAD-1276,SZ-20150725-HSZAD-1276_3,1300.0,migration,Sie wollten die Flüchtlinge willkommen heißen,Migration
SZ-20150825-PGPAK-229,SZ-20150825-PGPAK-229_2,1300.0,migration,Pegida-Gegnern,Migration
SZ-20150825-PGPAK-229,SZ-20150825-PGPAK-229_2,1300.0,migration,"\""IHR seid das Volk - IHR seid Heidenau - IHR seid Rostock-Lichtenhagen.\",Migration
SZ-20150919-DUNAI-164,SZ-20150919-DUNAI-164_1,1300.0,migration,Gegner von zwei geplanten Asylheimen,Migration
SZ-20150919-DUNAI-164,SZ-20150919-DUNAI-164_2,1300.0,migration,Befürworter und Gegner von zwei geplanten Asylheimen,Migration
SZ-20150919-DUNAI-164,SZ-20150919-DUNAI-164_2,1300.0,migration,die gegen eine vom NPD-Stadtrat Hartmut Krien organisierte Kundgebung am Niedersedlitzer Platz protestierten,Migration
SZ-20150928-NGUEBA-432,SZ-20150928-NGUEBA-432_1,1300.0,migration,asylfeindlichen,Migration
SZ-20150928-NGUEBA-432,SZ-20150928-NGUEBA-432_2,1300.0,migration,gegen Rassismus und Fremdenhass,Migration
SZ-20151027-PDWID-134,SZ-20151027-PDWID-134_1,1300.0,migration,gegen die Asylpolitik der Bundesregierung,Migration
SZ-20151027-PDWID-134,SZ-20151027-PDWID-134_2,1300.0,migration,kein Bühnenbild für Fremdenhass,Migration
SZ-20151107-VIADM-467,SZ-20151107-VIADM-467_1,1300.0,migration,Pegida-Aufmarsches,Migration
SZ-20151124-PUCVD-197,SZ-20151124-PUCVD-197_1,1300.0,migration,Pegida-Teilnehmern,Migration
SZ-20151124-PUCVD-197,SZ-20151124-PUCVD-197_2,1300.0,migration,"Genervte Einwohner protestieren gegen Intoleranz Dresdner Außenseiter\"" (Gepida)",Migration
SZ-20151209-SVRDI-473,SZ-20151209-SVRDI-473_1,1300.0,migration,Demo vor dem Flüchtlingszelt,Migration
SZ-20151214-VEVL-1118,SZ-20151214-VEVL-1118_2,1300.0,migration,fremdenfeindlichen,Migration
SZ-20160610-DSAEAP-164,SZ-20160610-DSAEAP-164_1,1300.0,migration,gegen die Asylunterkunft,Migration
SZ-20161013-KBDO-373,SZ-20161013-KBDO-373_1,1300.0,migration,Pegida-Demonstranten,Migration
SZ-20161219-LUFUM-1317,SZ-20161219-LUFUM-1317_1,1300.0,migration,Humanität und Empathie sind stärker als Hass und Gewalt,Migration
SZ-20161219-LUFUM-1317,SZ-20161219-LUFUM-1317_2,1300.0,migration,"Es ist kein Wunder, wenn Moslems am Fließband hier unsere deutschen Frauen vergewaltigen",Migration
SZ-20161219-LUFUM-1317,SZ-20161219-LUFUM-1317_2,1300.0,migration,"Brüder und Schwestern in der islamisch besetzten Zone in Westdeutschland\"" nicht vergessen seien. \""Wir halten die Fackel der Freiheit hoch, und wir denken an die Schülerinnen und Schüler in Bremen, in Hamburg und im Ruhrpott, die nicht mehr in der Schule Weihnachten feiern können, weil ängstliche Lehrer und feige Schulleitungen vor der islamischen Lobby einknicken und das Krippenfest und den Weihnachtsbaum verbieten",Migration
SZ-20161219-LUFUM-1317,SZ-20161219-LUFUM-1317_4,1300.0,migration,Herz statt Hetze,Migration
SZ-20170114-HAGAEV-761,SZ-20170114-HAGAEV-761_1,1300.0,migration,"NPD-Demo in der Bremer Straße - dem Tag, als dort die ersten Flüchtlinge in den eilig aus dem Boden gezimmerten Zelten einziehen sollten",Migration
SZ-20170410-DEDWC-335,SZ-20170410-DEDWC-335_1,1300.0,migration,Europa-Demo,Migration
SZ-20170410-DEDWC-335,SZ-20170410-DEDWC-335_1,1300.0,migration,Europa-Freunde,Migration
SZ-20170410-DEDWC-335,SZ-20170410-DEDWC-335_1,1300.0,migration,wollen Europa feiern,Migration
SZ-20170410-DEDWC-335,SZ-20170410-DEDWC-335_1,1300.0,migration,Proeuropäische Parteien sollen so unterstützt werden,Migration
SZ-20170606-ASWVZ-299,SZ-20170606-ASWVZ-299_1,1300.0,migration,"Die Zivilbevölkerung sei das \""Schlachtvieh\"", so Däbritz",Migration
SZ-20170606-ASWVZ-299,SZ-20170606-ASWVZ-299_1,1300.0,migration,"Dauergastredner Michael Stürzenberger nannte \""den Islam\"" ganz allgemein als Grund für den Terror, er müsse daher endgültig beseitigt werden.",Migration
SZ-20170711-PMGB-94,SZ-20170711-PMGB-94_1,1300.0,migration,gegen den Islam,Migration
SZ-20170920-FGA-1105,SZ-20170920-FGA-1105_1,1300.0,migration,Familie getrennt abgeschoben,Migration
SZ-20170920-FGA-1105,SZ-20170920-FGA-1105_1,1300.0,migration,gegen die Abschiebung,Migration
SZ-20171208-SUANS-589,SZ-20171208-SUANS-589_1,1300.0,migration,Abschiebungen in Krisengebiete würden zudem Menschenleben gefährden und müssten gestoppt werden,Migration
WESKU00020170517ed3600ngp,WESKU00020170517ed3600ngp_1,1300.0,migration,für Europa,Migration
WESKU00020170517ed3600ngp,WESKU00020170517ed3600ngp_1,1300.0,migration,Befürwortern von Europa,Migration
WESKU00020170517ed3600ngp,WESKU00020170517ed3600ngp_1,1300.0,migration,Reformen \nnotwendig,Migration
WESKU00020170517ed3600ngp,WESKU00020170517ed3600ngp_1,1300.0,migration,die europäische Idee wieder bürgernäher werden muss,Migration
WESKU00020170517ed3600ngp,WESKU00020170517ed3600ngp_1,1300.0,migration,"dass uns \nDeutschen etwas daran liegt, dass sie in der EU bleiben",Migration
WESKU00020170517ed3600ngp,WESKU00020170517ed3600ngp_1,1300.0,migration,ein Zeichen ins \nNachbarland senden: Bleibt bei uns,Migration
WESKU00020170517ed3b00krw,WESKU00020170517ed3b00krw_1,1300.0,migration,gegen Muslime,Migration
WESKU00020170517ed3b00krw,WESKU00020170517ed3b00krw_1,1300.0,migration,Zuwanderungspolitik der \nBundesregierung,Migration
WESKU00020170517ed3p00g2i,WESKU00020170517ed3p00g2i_1,1300.0,migration,Protest gegen Flüchtlingsheim,Migration
WESKU00020170517ed3p00g2i,WESKU00020170517ed3p00g2i_1,1300.0,migration,"Seitdem bekannt ist, dass an der Marie-Mindermann-Straße in Kattenesch eine Unterkunft für Geflüchtete eröffnen soll, protestieren die Anwohner dagegen.",Migration
WESKU00020170517ed3p00g4n,WESKU00020170517ed3p00g4n_1,1300.0,migration,Protest gegen Wohnheim Anwohner gegen Flüchtlinge,Migration
WESKU00020170517ed3p00g4n,WESKU00020170517ed3p00g4n_1,1300.0,migration,Georg S. will keine \nFlüchtlinge in seiner Nachbarschaft haben,Migration
WESKU00020170517ed3p00g4n,WESKU00020170517ed3p00g4n_1,1300.0,migration,"\""Jetzt ziehen hier 300 Fremde ein - das gefällt uns nicht.\",Migration
WESKU00020170517ed3p00g4n,WESKU00020170517ed3p00g4n_1,1300.0,migration,Eines dieser Schilder warf er in einen Busch. Es folgte ein \nHandgemenge mit den Bauarbeitern.,Migration
WESKU00020170517ed3s00et8,WESKU00020170517ed3s00et8_1,1300.0,migration,An der Marie-Mindermann-Straße in Kattenesch soll im Mai ein Wohnheim \nfür 256 Geflüchtete eröffnen,Migration
WESKU00020170517ed3s00et8,WESKU00020170517ed3s00et8_1,1300.0,migration,gegen das Flüchtlingswohnheim,Migration
WESKU00020170517ed56002f4,WESKU00020170517ed56002f4_1,1300.0,migration,"anti-jüdische, kritische",Migration
WESKU00020170518ed5i0001q,WESKU00020170518ed5i0001q_1,1300.0,migration,Festung Europa! Grenzen schützen - Leben \nretten,Migration
WESKU00020170518ed5i0001q,WESKU00020170518ed5i0001q_1,1300.0,migration,Hilfe vor Ort statt Asylwahn,Migration
WESKU00020170518ed5i0001q,WESKU00020170518ed5i0001q_1,1300.0,migration,Hilfseinsätze für Geflüchtete im Mittelmeer mit Blockadeaktionen zu \nbehindern,Migration
WESKU00020170518ed5i0001q,WESKU00020170518ed5i0001q_1,1300.0,migration,fordert geschlossene Außengrenzen für Europa,Migration
WESKU00020170620ed6k0001u,WESKU00020170620ed6k0001u_1,1300.0,migration,"Die Menschen \ndemonstrieren, wie jeden Sonntag seit einigen Wochen, für den Erhalt der\n EU.",Migration
WESKU00020170620ed6k0001u,WESKU00020170620ed6k0001u_1,1300.0,migration,"Pulse of Europe ist eine zivilgesellschaftliche Initiative zum Erhalt der Europäischen Union\n - überparteilich, überkonfessionell, international",Migration
WESKU00020170620ed6k0001u,WESKU00020170620ed6k0001u_1,1300.0,migration,Gegen dieses kritische Infragestellen der EU möchte auch die 66-jährige \nAalfke Bordeaux etwas tun.,Migration
WESKU00020170620ed6k0001u,WESKU00020170620ed6k0001u_1,1300.0,migration,"Ein weiterer Teilnehmer der Demonstration pro Europa, \nDetlef Schobeß (66), fände es \""verrückt\"", bei Grenzüberschreitungen \ninnerhalb Europas wieder seinen Pass vorzeigen zu müssen.",Migration
WESKU00020170620ed6k0001u,WESKU00020170620ed6k0001u_1,1300.0,migration,"Europa muss geeint bleiben, nur durch \ndie Einigkeit haben wir die vielen Jahre Wohlstand und Frieden erfahren \nkönnen\"", schreibt einer der Teilnehmer auf einer dieser Karten.",Migration
WESKU00020170620ed6k0001u,WESKU00020170620ed6k0001u_1,1300.0,migration,"Jede und jeder ist für das Scheitern \noder das Gelingen unserer Zukunft verantwortlich\"", heißt es etwa.",Migration
WESKU00020170620ed6k0001u,WESKU00020170620ed6k0001u_1,1300.0,migration,"Europa braucht jetzt unsere Stimme, lasst die Blaue Fahne wehen!",Migration
WESKU00020170623ed6n0001j,WESKU00020170623ed6n0001j_1,1300.0,migration,gegen Hilfseinsätze für Geflüchtete im Mittelmeer,Migration
WESKU00020170714ed7e00015,WESKU00020170714ed7e00015_1,1300.0,migration,Aufrechterhaltung des Abschiebestopps \nnach Afghanistan und in vermeintlich sichere Herkunftsländer,Migration
WESKU00020170818ed8i0001z,WESKU00020170818ed8i0001z_1,1300.0,migration,"Asylpolitik der \""Merkel-CDU\"" kritisieren",Migration
WESKU00020170818ed8i0001z,WESKU00020170818ed8i0001z_2,1300.0,migration,"Asylpolitik der \""Merkel-CDU\"" kritisieren.",Migration
WESKU00020170823ed8n00072,WESKU00020170823ed8n00072_1,1300.0,migration,spezialisierte Jugendhilfeeinrichtung für straffällige junge \nFlüchtlinge eingerichtet wird,Migration
WESKU00020160204ec250001f,WESKU00020160204ec250001f_1,1300.0,migration,Gegen die Zustände in ihrer Unterkunft und die Leitung der Einrichtung,Migration
SZ-20200102-DGA-156,SZ-20200102-DGA-156_1,1300.0,migration,"\""Abschiebeknäste stehen wie kaum etwas anderes für nationalistische Abschottung, für Chauvinismus, für Rassismus.\",Migration
SZ-20200822-DKK-562,SZ-20200822-DKK-562_1,1300.0,migration,rassistisch,Migration
SZ-20200113-PIDGN-982,SZ-20200113-PIDGN-982_1,1300.0,migration,Jagd auf Ausländer,Migration
SZ-20200113-PIDGN-982,SZ-20200113-PIDGN-982_2,1300.0,migration,Flüchtlingsstrom,Migration
SZ-20200113-PIDGN-982,SZ-20200113-PIDGN-982_4,1300.0,migration,griffen sie zwei Dresdner Asylunterkünfte,Migration
SZ-20200118-HFRK-972,SZ-20200118-HFRK-972_1,1300.0,migration,vor einer Asylunterkunft in Dresden protestiert,Migration
SZ-20200118-HFRK-972,SZ-20200118-HFRK-972_4,1300.0,migration,Ausländer angegriffen,Migration
SZ-20200713-SGR-243,SZ-20200713-SGR-243_1,1300.0,migration,ein Zeichen gegen Diskriminierung gesetzt,Migration
SZ-20200713-SGR-243,SZ-20200713-SGR-243_1,1300.0,migration,gegen Alltagsrassismus in Dresden,Migration
SZ-20200728-DWGPW-655,SZ-20200728-DWGPW-655_1,1300.0,migration,Pegida die Plätze wie Alt- und Neumarkt zu nehmen,Migration
SZ-20201005-RURGR-341,SZ-20201005-RURGR-341_2,1300.0,migration,asylfeindlicher,Migration
SZ-20201005-RURGR-341,SZ-20201005-RURGR-341_2,1300.0,migration,Migration,Migration
SZ-20201130-DGDA-243,SZ-20201130-DGDA-243_1,1300.0,migration,Demo gegen Dresdens Asylpolitik,Migration
LEIPZ_20200112_KRGSSV_284,LEIPZ_20200112_KRGSSV_284_1,1300.0,migration,ausländerfeindliche Parolen,Migration
LEIPZ_20200220_JBIDA_403,LEIPZ_202002_JBIDA_403_1,1300.0,migration,rechtsextremen Terroranschlags in Hanau,Migration
LEIPZ_20200222_SACKP_342,LEIPZ_20200222_SACKP_342_1,1300.0,migration,gegen rechten Terror und Rassismus,Migration
LEIPZ_20200302_LVFSB_231,LEIPZ_20200302_LVFSB_231_1,1300.0,migration,gegen die Gewalt an Flüchtlingen und rassistische Übergriffe in Lesbos,Migration
LEIPZ_20200302_LVFSB_231,LEIPZ_20200302_LVFSB_231_1,1300.0,migration,Um Europa keine Mauern,Migration
LEIPZ_20200326_WIGAM_282,LEIPZ_20200326_WIGAM_282_1,1300.0,migration,"Forderung an die Bundesregierung, Flüchtlinge aus Griechenland nach Deutschland zu holen",Migration
LEIPZ_20200326_WIGAM_282,LEIPZ_20200326_WIGAM_282_1,1300.0,migration,Missstände an der griechisch-türkischen Grenze zu bekämpfen,Migration
LEIPZ_20200406_FAEBR_587,LEIPZ_20200406_FAEBR_587_1,1300.0,migration,Abschiebung in der Leipziger Eisenbahnstraße,Migration
LEIPZ_20200606_SZJLZ_202,LEIPZ_20200606_SZJLZ_202_1,1300.0,migration,Tausende Menschen in Leipzig und Dresden protestieren gegen Rassismus;,Migration
LEIPZ_20200804_SHLBA_308,LEIPZ_20200804_SHLBA_308_1,1300.0,migration,islam- und ausländerfeindlichen Pegida-Bewegung,Migration
LEIPZ_20200914_KBAEB_570,LEIPZ_20200914_KBAEB_570_1,1300.0,migration,Gegen die Festung Europa,Migration
LEIPZ_20200925_SILNN_574,LEIPZ_20200925_SILNN_574_1,1300.0,migration,Seebrücke,Migration
LEIPZ_20201109_NNCII_356,LEIPZ_20201109_NNCII_356_1,1300.0,migration,islamfeindlichen Gruppierung,Migration
LEIPZ_20201212_ISSNG_913,LEIPZ_20201212_ISSNG_913_1,1300.0,migration,für eine gerechtere Flüchtlingspolitik,Migration
LEIPZ_20201214_NCRFD_158,LEIPZ_20201214_NCRFD_158_3,1300.0,migration,gegen eine „Abschottung Europas,Migration
STUGTR0020190513ef5d0004v,STUGTR0020190513ef5d0004v_1,1300.0,migration,Werte wie Freiheit hochhalte,Migration
LEIPZV0020160312ec3c0002u,LEIPZV0020160312ec3c0002u_1,1300.0,migration,Solidarität mit Muslimen,Migration
LEIPZV_2012-06-02_AZLSN,LEIPZV_2012-06-02_AZLSN_1,1400.0,peace,"\""Für uns ist es nicht hinnehmbar, das die Bundeswehr hier kritiklos für Auslandseinsätze wirbt\",Peace
WESKU00020120202e822000a0,WESKU00020120202e822000a0_1,1400.0,peace,Bundeswehr raus aus Afghanistan,Peace
WESKU00020120202e822000a0,WESKU00020120202e822000a0_1,1400.0,peace,Keine Rüstungs- und Atomexporte über Bremer Häfen,Peace
WESKU00020120825e88q00004_SUN,WESKU00020120825e88q00004_SUN_1,1400.0,peace,Krieg in Syrien,Peace
WESKU00020130331e93v00018_SUN,WESKU00020130331e93v00018_SUN_1,1400.0,peace,"Keine Kampfdrohnen für die Bundeswehr und Abzug aus Afghanistan: Das sind die Hauptforderungen Bremer Kriegsgegner, die sich gestern an einem Ostermarsch in der Innenstadt beteiligt haben.",Peace
WESKU00020130806e9870001e,WESKU00020130806e9870001e_1,1400.0,peace,Erinnerung an Atombombenopfer,Peace
WESKU00020130806e9870001e,WESKU00020130806e9870001e_1,1400.0,peace,Atombombenabwürfe auf die die beiden japanischen Städte Hiroshima und Nagasaki,Peace
WESKU00020130806e9870001e,WESKU00020130806e9870001e_1,1400.0,peace,Atomwaffen abschaffen,Peace
WESKU00020140125ea1q0001j_SUN,WESKU00020140125ea1q0001j_SUN_1,1400.0,peace,"gegen die \""Musikschau der Nationen\",Peace
WESKU00020140524ea5p000am_SUN,WESKU00020140524ea5p000am_SUN_1,1400.0,peace,gegen die Militärseelsorge,Peace
WESKU00020141125eabq0001p,WESKU00020141125eabq0001p_1,1400.0,peace,Bremen.Gegen jede Form von Gewalt,Peace
WESKU00020150404eb450004q_SUN,WESKU00020150404eb450004q_SUN_1,1400.0,peace,gegen Krieg und Aufrüstung,Peace
WESKU00020150404eb450004q_SUN,WESKU00020150404eb450004q_SUN_1,1400.0,peace,Keine Auslandseinsätze der Bundeswehr,Peace
WESKU00020150404eb450004q_SUN,WESKU00020150404eb450004q_SUN_1,1400.0,peace,"verurteilt er die Regierung dafür, dass sie in der Ukrainekrise Russland zum Feind mache",Peace
WESKU00020150404eb450004q_SUN,WESKU00020150404eb450004q_SUN_1,1400.0,peace,halte bewaffnete Drohnen für falsch,Peace
WESKU00020150404eb450004q_SUN,WESKU00020150404eb450004q_SUN_1,1400.0,peace,weltweite Abrüstung,Peace
WESKU00020151212ebcd00012_SUN,WESKU00020151212ebcd00012_SUN_1,1400.0,peace,"Aneinandergereiht erklären sie, worum es geht: \""Keine Bundeswehr nach Syrien!\",Peace
WESKU00020180312ee3c0001e,WESKU00020180312ee3c0001e_1,1400.0,peace,Protest gegen Offensive auf Afrin,Peace
WESKU00020180312ee3c0001e,WESKU00020180312ee3c0001e_1,1400.0,peace,gegen die Bombardierung der syrischen Stadt Afrin,Peace
WESKU00020180312ee3c0001e,WESKU00020180312ee3c0001e_2,1400.0,peace,Türkei ihre Militäroffensive im nordsyrischen Gebiet,Peace
WESKU00020180316ee3g0003l,WESKU00020180316ee3g0003l_1,1400.0,peace,"Anlass waren der türkische Luftangriff auf die syrische Stadt und die von ­Rheinmetall angestrebten Rüstungsdeals. Das Unternehmen versucht angeblich, eine Panzerfabrik in der Türkei mit aufzubauen.",Peace
WESKU00020180401ee410001e_SUN,WESKU00020180401ee410001e_SUN_1,1400.0,peace,zu der Teilnahme an der traditionsreichen Friedensdemonstration aufgerufen.,Peace
WESKU00020180401ee410001e_SUN,WESKU00020180401ee410001e_SUN_1,1400.0,peace,dass auch Deutschland dem im September vorigen Jahres von den Vereinten Nationen beschlossenen Vertrag zum Verbot von Atomwaffen beitreten sollte.,Peace
WESKU00020180401ee410001e_SUN,WESKU00020180401ee410001e_SUN_1,1400.0,peace,"Seit 17 Jahren sei die Bundeswehr in Afghanistan aktiv, und nichts habe sich zum Besseren gewendet. \""Es ist Zeit, sich einzugestehen, dass wir eine neue Außenpolitik brauchen.\"" Vor diesem Hintergrund sei auch das Zwei-Prozent-Ziel der Nato abzulehnen, das diesen Anteil des Bruttoinlandprodukts im Verteidigungshaushalt sehen möchte. \""Das Geld ist in Schulen und sozialen Einrichtungen besser aufgehoben.\",Peace
WESKU00020180401ee410001e_SUN,WESKU00020180401ee410001e_SUN_1,1400.0,peace,"\""Zwei Drittel des Waffenexports an Saudi-Arabien stammen aus bremischer Produktion, das sind vor allem Schiffe der Lürssen-Werft.\"" Das sei eine \""unfassbare Größenordnung\"". Sie erinnerte daran, dass Saudi-Arabien \""einen blutigen Krieg im Jemen\"" führt und insgesamt ein Unrechtsregime sei, das im eigenen Land die Menschenrechte missachte und in anderen Ländern den Terror unterstütze. Achelwilm beklagte insgesamt eine Militarisierung der Außen- wie der Innenpolitik. \""Die Bundeswehr macht Werbung in Kindergärten, die Polizei wird mit Panzern ausgestattet.",Peace
WESKU00020180902ee920001d_SUN,WESKU00020180902ee920001d_SUN_1,1400.0,peace,"Scharf kritisiert wurde diesmal vor allem das Ziel der Nato, die Rüstungsausgaben bis 2024 auf zwei Prozent des Bruttoinlandsprodukts zu erhöhen",Peace
WESKU00020180916ee9g00049_SUN,WESKU00020180916ee9g00049_SUN_1,1400.0,peace,Antikriegstag,Peace
WESKU00020181108eeb8000cc,WESKU00020181108eeb8000cc_1,1400.0,peace,Abrüstungsaktion,Peace
WESKU00020181108eeb8000cc,WESKU00020181108eeb8000cc_1,1400.0,peace,Stopp der Rüstungsausgaben im Bund,Peace
WESKU00020181108eeb8000cc,WESKU00020181108eeb8000cc_1,1400.0,peace,Kritik an der Rüstungspolitik der Bundesrepublik,Peace
WESKU00020181108eeb8000cc,WESKU00020181108eeb8000cc_1,1400.0,peace,Abrüsten statt Aufrüsten,Peace
WESKU00020181108eeb8000cc,WESKU00020181108eeb8000cc_1,1400.0,peace,Abrüstungsschritte,Peace
WESKU00020181108eeb8000cc,WESKU00020181108eeb8000cc_1,1400.0,peace,"Statt Waffen, müsste auch in Bremen die Produktion ziviler Güter im Vordergrund stehen",Peace
WESKU00020191011efab0001j,WESKU00020191011efab0001j_1,1400.0,peace,gegen die türkische ­Militäroffensive in Nordsyrien,Peace
WESKU00020191215efcf00019_SUN,WESKU00020191215efcf00019_SUN_1,1400.0,peace,Mahnung gegen das Schweigen und Vergessen des türkischen Angriffskrieges,Peace
WESKU00020191215efcf00019_SUN,WESKU00020191215efcf00019_SUN_1,1400.0,peace,gegen die türkische Militäroffensive in Nordsyrien,Peace
WESKU00020200613eg6d00051,WESKU00020200613eg6d00051_1,1400.0,peace,bei einer Protestaktion gegen eine Kooperation der Hochschule mit der Bundeswehr ein Transparent mit der Aufschrift „Wir bilden zum Töten aus“,Peace
WESKU00020200902eg9200025,WESKU00020200902eg9200025_1,1400.0,peace,ein weltweites Zusammenleben ohne Krieg und Aufrüstung,Peace
SZ-20190325-JVRA-568,SZ-20190325-JVRA-568_1,1400.0,peace,"Gesicht für mehr Toleranz, Weltoffenheit, Frieden",Peace
SZ-20190423-UJFUUE-350,SZ-20190423-UJFUUE-350_1,1400.0,peace,gegen den Missbrauch von Kindern als Soldaten,Peace
SZ-20190423-UJFUUE-350,SZ-20190423-UJFUUE-350_1,1400.0,peace,Stoppt den Export von Kleinwaffen,Peace
LEIPZO0020180122ee1m0050m,LEIPZO0020180122ee1m0050m_1,1400.0,peace,kritisiert den türkischen Militärangriff in Syrien,Peace
LEIPZO0020181103eeb30099d,LEIPZO0020181103eeb30099d_1,1400.0,peace,In der Innenstadt demonstrierten sie gegen Aufrüstung.,Peace
LEIPZV0020180312ee3c0002j,LEIPZV0020180312ee3c0002j_1,1400.0,peace,gegen den türkischen Militäreinsatz in Syrien,Peace
LEIPZV0020180312ee3c0002j,LEIPZV0020180312ee3c0002j_1,1400.0,peace,Solidarität mit Afrin,Peace
LEIPZV0020180924ee9o0002k,LEIPZV0020180924ee9o0002k_1,1400.0,peace,"solidarisiert sich mit der nordsyrischen Stadt Afrin im Kanton des selbst organisierten Gebietes Rojava, dessen Vernichtung der Diktator Erdogan angekündigt hat",Peace
LEIPZV0020180924ee9o0002k,LEIPZV0020180924ee9o0002k_1,1400.0,peace,perfide und rücksichtslose“ Rüstungsindustrie Deutschlands,Peace
LEIPZO0020190123ef1n00ecq,LEIPZO0020190123ef1n00ecq_1,1400.0,peace,Ende der Waffenlieferungen Deutschlands an die Türkei,Peace
LEIPZO0020190420ef4k0060p,LEIPZO0020190420ef4k0060p_1,1400.0,peace,für Frieden und gegen Rüstung,Peace
LEIPZO0020190420ef4k0060p,LEIPZO0020190420ef4k0060p_1,1400.0,peace,"gegen Auslandseinsätze der Bundeswehr, für Frieden und Abrüstung",Peace
STUGTR0020150109eb1900047,STUGTR0020150109eb1900047_1,1400.0,peace,für den Frieden in,Peace
STUGTR0020150316eb3g00047,STUGTR0020150316eb3g00047_1,1400.0,peace,"gegen den \""Völkermord in Nahost\",Peace
STUGTR0020150316eb3g00047,STUGTR0020150316eb3g00047_1,1400.0,peace,von den Vereinten Nationen Schutz vor dem IS-Terror,Peace
STUGTR0020150407eb470004f,STUGTR0020150407eb470004f_1,1400.0,peace,Friedenschmärschen,Peace
STUGTR0020150407eb470004f,STUGTR0020150407eb470004f_1,1400.0,peace,Abrüstung der Bundeswehr,Peace
STUGTR0020150407eb470004f,STUGTR0020150407eb470004f_1,1400.0,peace,kritisierte er die Beteiligung deutscher Soldaten,Peace
STUGTR0020150407eb470004f,STUGTR0020150407eb470004f_1,1400.0,peace,Die militärischen,Peace
STUGTR0020160725ec7p0005t,STUGTR0020160725ec7p0005t_1,1400.0,peace,Friedensmarsch,Peace
STUGTR0020160831ec8v0000u,STUGTR0020160831ec8v0000u_1,1400.0,peace,gegen den,Peace
STUGTR0020170418ed4i0005i,STUGTR0020170418ed4i0005i_1,1400.0,peace,"It\"";s time to ban war“ – „Es ist Zeit, den Krieg zu stoppen“,",Peace
STUGTR0020170902ed920008l,STUGTR0020170902ed920008l_1,1400.0,peace,Antikriegstages,Peace
STUGTR0020170902ed920008l,STUGTR0020170902ed920008l_1,1400.0,peace,Militärmesse ITEC,Peace
STUGTR0020180403ee430003t,STUGTR0020180403ee430003t_1,1400.0,peace,wenden sich gegen Kriege weltweit,Peace
STUGTR0020180403ee430003t,STUGTR0020180403ee430003t_1,1400.0,peace,„Frieden braucht Bewegung! Gegen,Peace
STUGTR0020180403ee430003t,STUGTR0020180403ee430003t_1,1400.0,peace,weiterer Kritikpunkt,Peace
STUGTR0020201207egc70005a,STUGTR0020201207egc70005a_1,1400.0,peace,Nie wieder Krieg,Peace
STUGTR0020201207egc70005a,STUGTR0020201207egc70005a_1,1400.0,peace,gegen die stetige Steigerung der Ausgaben,Peace
STUGTR0020201207egc70005a,STUGTR0020201207egc70005a_1,1400.0,peace,"Drohnen-Kriegsführung in Afrika,",Peace
STUGTR0020201207egc70005a,STUGTR0020201207egc70005a_1,1400.0,peace,dass er zum Stopper,Peace
LEIPZO0020160106ebc7000yn,LEIPZO0020160106ebc7000yn_1,1400.0,peace,keine Bundeswehr-Soldaten nach Syrien geschickt werden sollten,Peace
LEIPZV0020140903ea9300031,LEIPZV0020140903ea9300031_1,1400.0,peace,einen Stopp des Blutvergießens,Peace
LEIPZV0020140903ea9300031,LEIPZV0020140903ea9300031_1,1400.0,peace,gedachten mit einer Schweigeminute der bisherigen Opfer der Gewaltauseinandersetzung,Peace
LEIPZV0020140903ea9300031,LEIPZV0020140903ea9300031_1,1400.0,peace,dass die Truppen sich zurückziehen,Peace
LEIPZV0020140903ea9300031,LEIPZV0020140903ea9300031_2,1400.0,peace,Ukraine-Konfliktes,Peace
LEIPZV0020140925ea9p00013,LEIPZV0020140925ea9p00013_1,1400.0,peace,gegen Auslandseinsätze der Bundeswehr,Peace
LEIPZV0020140925ea9p00013,LEIPZV0020140925ea9p00013_1,1400.0,peace,Waffenexporte in den Irak,Peace
LEIPZV0020140925ea9p00013,LEIPZV0020140925ea9p00013_1,1400.0,peace,deutsche Waffen erstmals seit fast 70 Jahren ihren Weg unmittelbar in einen Krieg antreten,Peace
LEIPZV0020140925ea9p00013,LEIPZV0020140925ea9p00013_1,1400.0,peace,dass von deutschen Boden ein Krieg unterstützt wird,Peace
LEIPZV0020161219eccj0001w,LEIPZV0020161219eccj0001w_1,1400.0,peace,"\""Vor allem Zivilisten leiden unter den Kämpfen. Russland verschlimmert und verlängert mit seiner Unterstützung für das ansonsten schon lange gescheiterte Assad-Regime das Leid der syrischen Bevölkerung,\"" sagt Juli-Chef Rudi Ascherl. \""Wir fordern ein sofortiges Ende der Kampfhandlungen!\",Peace
StZ_20090926_IIFDD_641,StZ_20090926_IIFDD_641_1,1400.0,peace,"Darin kündigt der Islamist Anschläge in Deutschland an für den Fall, dass die deutschen Truppen nach der Wahl Afghanistan nicht verlassen",Peace
StZ_20090926_IIFDD_641,StZ_20090926_IIFDD_641_2,1400.0,peace,"Auf einschlägigen, nur Insidern bekannten Plattformen soll er immer wieder für die Mission und den Dschihad geworben haben",Peace
StZ_20100503_VGUEIR_511,StZ_20100503_VGUEIR_511_1,1400.0,peace,der Weltfriede,Peace
StZ_20100503_VGUEIR_511,StZ_20100503_VGUEIR_511_1,1400.0,peace,für internationale Solidarität,Peace
StZ_20100607_GMSBW_377,StZ_20100607_GMSBW_377_1,1400.0,peace,das Vorgehen der israelischen Soldaten,Peace
StZ_20100731_GOENBA_991,StZ_20100731_GOENBA_991_1,1400.0,peace,"Etwa hundert Protestierer näherten sich der St.-Eberhard-Kirche, wo um 13.15 Uhr ein Gelöbnisgottesdienst stattfinden sollte, und setzten sich vor den Eingangsbereich.",Peace
StZ_20100731_GOENBA_991,StZ_20100731_GOENBA_991_2,1400.0,peace,"\""Kein Werben fürs Sterben - Soldaten sind Mörder\"", skandierten die Demonstranten immer wieder sowie \""Mörder, Mörder\"", und \""Haut ab, haut ab\",Peace
StZ_20100731_GOENBA_991,StZ_20100731_GOENBA_991_3,1400.0,peace,"Danke, Soldaten",Peace
StZ_20110117_UAISP_636,StZ_20110117_UAISP_636_1,1400.0,peace,"In Gedenken an die Todesopfer der Demonstrationen und im Bestreben, einen echten politischen Neuanfang zu fordern, versammelten sich in der Stuttgarter Innenstadt am Samstagvormittag nach Polizeiangaben 40 Menschen",Peace
StZ_20120410_EGGK_337,StZ_20120410_EGGK_337_1,1400.0,peace,Hände weg vom Krieg,Peace
StZ_20120410_EGGK_337,StZ_20120410_EGGK_337_1,1400.0,peace,Atomwaffen ächten,Peace
StZ_20120410_EGGK_337,StZ_20120410_EGGK_337_1,1400.0,peace,Abrüsten,Peace
StZ_20120410_EGGK_337,StZ_20120410_EGGK_337_1,1400.0,peace,Wir sind weit entfernt von einem friedlichen Zeitalter,Peace
StZ_20120410_EGGK_337,StZ_20120410_EGGK_337_1,1400.0,peace,"Deutsche Firmen Rüstungsgüter im Wert von 2,1 Milliarden Euro ins Ausland verkauft",Peace
StZ_20120410_EGGK_337,StZ_20120410_EGGK_337_1,1400.0,peace,"Waffen, sagte Kestin 'schaffen keinen Frieden",Peace
StZ_20120410_EGGK_337,StZ_20120410_EGGK_337_1,1400.0,peace,den sofortigen Abzug der Bundeswehr,Peace
StZ_20120410_EGGK_337,StZ_20120410_EGGK_337_1,1400.0,peace,dass viele Menschen 'anfällig für humanitäre Begründungen von Kriegseinsätzen' seien. 'Diese scheinbaren Legitimationen müssen wir entlarven,Peace
StZ_20120410_EGGK_337,StZ_20120410_EGGK_337_1,1400.0,peace,Es gehe in Kriegen nicht um Menschenrechte,Peace
StZ_20120410_EGGK_337,StZ_20120410_EGGK_337_1,1400.0,peace,"Die Demonstranten in Ägypten hätten richtig gehandelt, als sie die Gewalt in den eigenen Reihen verboten",Peace
StZ_20121022_SZFDB_513,StZ_20121022_SZFDB_513_1,1400.0,peace,gegen die Truppe Front zu machen,Peace
StZ_20130402_OIZDS_372,StZ_20130402_OIZDS_372_1,1400.0,peace,Zukunft braucht Frieden,Peace
StZ_20130402_OIZDS_372,StZ_20130402_OIZDS_372_1,1400.0,peace,Schluss mit der Kriegspolitik,Peace
StZ_20130402_OIZDS_372,StZ_20130402_OIZDS_372_1,1400.0,peace,Schluss mit den Rüstungsexporten in die arabische Welt,Peace
StZ_20130402_OIZDS_372,StZ_20130402_OIZDS_372_1,1400.0,peace,keine Kampfdrohnen für die Bundeswehr,Peace
StZ_20130402_OIZDS_372,StZ_20130402_OIZDS_372_1,1400.0,peace,gegen Waffenlieferungen nach Syrien,Peace
StZ_20130402_OIZDS_372,StZ_20130402_OIZDS_372_1,1400.0,peace,"widersprach der Argumentation, Waffen müssten aus humanitären Gründen in Krisengebiete geliefert werden",Peace
StZ_20130402_OIZDS_372,StZ_20130402_OIZDS_372_1,1400.0,peace,"Grüne, SPD und die Kirchen sollten sich dazu durchringen, die Auslandseinsätze der Bundeswehr kritisch zu überdenken und die Lehren aus dem Kosovokonflikt und dem Afghanistankrieg zu ziehen",Peace
StZ_20130402_OIZDS_372,StZ_20130402_OIZDS_372_1,1400.0,peace,"kritisierte unter anderem scharf die Kooperation des Kultusministeriums mit der Bundeswehr, die darüber ihre Karriereberater an die Schulen schicken kann",Peace
StZ_20130402_OIZDS_372,StZ_20130402_OIZDS_372_1,1400.0,peace,Bundeswehr Adventure-Tours' ködern,Peace
StZ_20130402_OIZDS_372,StZ_20130402_OIZDS_372_1,1400.0,peace,Aufrüstung und Sozialabbau sind nur zwei Seiten einer Medaille,Peace
StZ_20130923_PGMAED_405,StZ_20130923_PGMAED_405_1,1400.0,peace,gegen Militärbasen der US-Streitkräfte,Peace
StZ_20130923_PGMAED_405,StZ_20130923_PGMAED_405_1,1400.0,peace,mehr Frieden auf der Welt,Peace
StZ_20130923_PGMAED_405,StZ_20130923_PGMAED_405_1,1400.0,peace,sich für die Schließung der US-Kommandozentralen Eucom und Africom einzusetzen,Peace
StZ_20130923_PGMAED_405,StZ_20130923_PGMAED_405_1,1400.0,peace,die Gesellschaft an ihrer Friedensfähigkeit arbeiten müsse,Peace
StZ_20130923_PGMAED_405,StZ_20130923_PGMAED_405_1,1400.0,peace,dass Militär- zu Friedenseinrichtungen werden,Peace
StZ_20130923_PGMAED_405,StZ_20130923_PGMAED_405_1,1400.0,peace,mehr Friedensverhandlungen statt Kriege geführt,Peace
StZ_20130923_PGMAED_405,StZ_20130923_PGMAED_405_1,1400.0,peace,die Außen- und Friedenspolitik schon in der Kommune beginnt,Peace
StZ_20130923_PGMAED_405,StZ_20130923_PGMAED_405_1,1400.0,peace,Der Frieden braucht eine starke Stimme,Peace
StZ_20130923_PGMAED_405,StZ_20130923_PGMAED_405_1,1400.0,peace,Frieden als Menschenrecht,Peace
StZ_20130923_PGMAED_405,StZ_20130923_PGMAED_405_1,1400.0,peace,"Außerdem zeigen wir hier unsere Solidarität mit der Mehrheit der amerikanischen Bevölkerung, die gegen den Krieg in Syrien ist",Peace
StZ_20130923_PGMAED_405,StZ_20130923_PGMAED_405_1,1400.0,peace,dass es noch 60 ausländische Militärbasen in Deutschland gebe,Peace
StZ_20130923_PGMAED_405,StZ_20130923_PGMAED_405_1,1400.0,peace,gegen Eucom teil und fordere dessen Umwandlung in ein Friedenszentrum,Peace
StZ_20130923_PGMAED_405,StZ_20130923_PGMAED_405_1,1400.0,peace,dass die Bundesrepublik sämtliche Geheimarmeen auflösen solle,Peace
StZ_20130923_PGMAED_405,StZ_20130923_PGMAED_405_1,1400.0,peace,den Abzug aller Soldaten aus dem Ausland,Peace
StZ_20130923_PGMAED_405,StZ_20130923_PGMAED_405_1,1400.0,peace,das Ende aller militärischen Interventionen,Peace
SZ-20150106-LUS-581,SZ-20150106-LUS-581_1,1400.0,peace,deren militärisches Engagement in Afghanistan und anderen Teilen der Welt,Peace
SZ-20150528-ETIBP-788,SZ-20150528-ETIBP-788_2,1400.0,peace,"Die G7 beanspruchten weltweite Führung, obwohl sie bei der Krisenbewältigung bisher wenig erfolgreich gewesen seien, kritisiert die Linkspartei. Spardiktate und Strukturreformen hätten in vielen Ländern zu Kahlschlag und Verelendung geführt.",Peace
SZ-20150528-ETIBP-788,SZ-20150528-ETIBP-788_3,1400.0,peace,"\""Stop G7",Peace
SZ-20160521-PGBBA-437,SZ-20160521-PGBBA-437_1,1400.0,peace,"Deutsche Waffen, deutsches Geld morden mit in aller Welt",Peace
SZ-20160521-PGBBA-437,SZ-20160521-PGBBA-437_1,1400.0,peace,Bundeswehrauftritte stoppen! Kein Werben fürs Sterben,Peace
SZ-20160521-PGBBA-437,SZ-20160521-PGBBA-437_1,1400.0,peace,Krieg beginnt hier!,Peace
SZ-20160610-IWDAN-1042,SZ-20160610-IWDAN-1042_1,1400.0,peace,"\""Henry\"" und \""Criminal\"" (Verbrecher)",Peace
SZ-20160610-IWDAN-1042,SZ-20160610-IWDAN-1042_2,1400.0,peace,Mahnwache für den Frieden,Peace
SZ-20160610-IWDAN-1042,SZ-20160610-IWDAN-1042_2,1400.0,peace,"Auf Plakaten kritisiert die Gruppe die Vernetzung der Eliten und \""hegemoniale Bestrebungen der Nato.\",Peace
SZ-20170913-VDFAB-658,SZ-20170913-VDFAB-658_1,1400.0,peace,"das \""Monument\"" vor der Frauenkirche, gedacht als Friedensmahnmal für zivile Opfer militärischer Gewalt",Peace
WESKU00020170724ed7o0005d,WESKU00020170724ed7o0005d_1,1400.0,peace,Friedensritt,Peace
WESKU00020170724ed7o0005d,WESKU00020170724ed7o0005d_1,1400.0,peace,"In 15 Ländern ist derzeit die Bundeswehr im Einsatz, und mich \nbeunruhigt besonders die Rückkehr alter Feindbilder wie gegen Russland",Peace
WESKU00020170724ed7o0005d,WESKU00020170724ed7o0005d_1,1400.0,peace,größten deutschen Rüstungsstandorte und eine der Hauptexporteure für\n Kriegsmaterial,Peace
WESKU00020170724ed7o0005d,WESKU00020170724ed7o0005d_1,1400.0,peace,"Ethisch bedenkliche Arbeit\nSchiffe, Satelliten, \nDrohnen, die auch unter Wasser zum Einsatz kommen und schließlich \nRoboter für den militärischen Einsatz würden in Bremen produziert, zum \nBeispiel bei Atlas Elektronik oder auch\n an der Bremer Uni.",Peace
WESKU00020170724ed7o0005d,WESKU00020170724ed7o0005d_1,1400.0,peace,"Ethisch bedenkliche Arbeit\nSchiffe, Satelliten, \nDrohnen, die auch unter Wasser zum Einsatz kommen und schließlich \nRoboter für den militärischen Einsatz",Peace
WESKU00020170724ed7o0005d,WESKU00020170724ed7o0005d_1,1400.0,peace,Atlas Elektronik,Peace
WESKU00020170724ed7o0005d,WESKU00020170724ed7o0005d_1,1400.0,peace,Im Mittelpunkt der Protestaktionen\n steht am Sonnabend die Firma Lürssen,Peace
WESKU00020170724ed7o0005d,WESKU00020170724ed7o0005d_1,1400.0,peace,Die Werft sei besonders stark in \nRüstungsgeschäfte verwickelt,Peace
WESKU00020170724ed7o0005d,WESKU00020170724ed7o0005d_1,1400.0,peace,"Saudi-Arabien sei \nHauptakteur des blutigen Krieges im Jemen und habe Städte, Straßen und \nInfrastruktur bombardiert und weite Teile des Jemen zerstört",Peace
WESKU00020170724ed7o0005d,WESKU00020170724ed7o0005d_1,1400.0,peace,Rüstungskonversion.,Peace
SZ-20200214-DRURG-1020,SZ-20200214-DRURG-1020_4,1400.0,peace,"\""Nie wieder\",Peace
LEIPZ_20201011_LLAIL_805,LEIPZ_20201011_LLAIL_805_1,1400.0,peace,Leipzig bleibt friedlich! Kein Militärdrehkreuz Flughafen Leipzig/Halle!,Peace
WESKU00020110427e74r0009y,WESKU00020110427e74r0009y_1,1510.0,anti-far-right,gegen Geschäfte aus dem Umfeld der rechtsextremen Szene beteiligt.,Anti-Far-Right
STUGTR0020160314ec3e0000h,STUGTR0020160314ec3e0000h_1,1510.0,anti-far-right,gegen die Rechtskonservativen,Anti-Far-Right
WESKU00020111218e7ci0000v_SUN,WESKU00020111218e7ci0000v_SUN_1,1510.0,anti-far-right,"Rund 200 Menschen haben gestern auf dem Ansgarikirchhof der Opfer rechter Gewalt gedacht und zugleich gemahnt, dass die Nazi-Terror-Gruppe „Nationalsozialistischer Untergrund“ (NSU) nur die Spitze rechter Gewalt in Deutschland sei.",Anti-Far-Right
LEIPZO0020181205eec500kr9,LEIPZO0020181205eec500kr9_1,1510.0,anti-far-right,gegen das nicht aufgedeckte NSU-Unterstützer-Netzwerk,Anti-Far-Right
LEIPZV0020180316ee3g0000z,LEIPZV0020180316ee3g0000z_1,1510.0,anti-far-right,Proteste und Übergriffe gegen rechte Verlage auf der Frankfurter Buchmesse,Anti-Far-Right
LEIPZO0020191018efai00lrd,LEIPZO0020191018efai00lrd_2,1510.0,anti-far-right,Bachmanns Äußerungen seien „eine konkrete Bedrohung für Leib und Leben von Gewerkschafterinnen und Gewerkschaftern,Anti-Far-Right
STUGTR0020151116ebbg000nb,STUGTR0020151116ebbg000nb_1,1510.0,anti-far-right,Gedenkfeier für alle Opfer von Gewalt und Krieg in Stuttgart,Anti-Far-Right
STUGTR0020200511eg5b0000r,STUGTR0020200511eg5b0000r_1,1510.0,anti-far-right,„Solidarität. Freiheitsrechte. Klare Kante gegen rechts,Anti-Far-Right
LEIPZV0020140122ZMTGG250,LEIPZV0020140122ZMTGG250_1,1510.0,anti-far-right,"Eigentlich wollten die 30 Demonstranten mit ihren Plakaten wie \""Für Recht statt Rechts\"" Margitta Hollick gestern vor Verhandlungsbeginn am Amtsgericht den Rücken stärken. Dort ist die 65-jährige Stadträtin der Linken wegen Beleidigung eines früheren NPD-Stadtrates angeklagt. Doch weil das Gericht kurzerhand den Termin verschoben hatte, verlegte die Linke ihre \""Solidaritätskundgebung\"" vor die Staatsanwaltschaft, die den Strafbefehl über 1600 Euro gegen Hollick beantragt hatte.",Anti-Far-Right
LEIPZV0020141027eaar0002j,LEIPZV0020141027eaar0002j_1,1510.0,anti-far-right,gedachten am Samstag 1000 Leipziger dem 19-jährigen Kamal Kilade und anderen Todesopfern rechtsextremer Gewalt,Anti-Far-Right
SZ-20141017-FEFDP-823,SZ-20141017-FEFDP-823_1,1510.0,anti-far-right,gegen die angebliche Kriminalisierung antifaschistischer Proteste am 19. Februar 2011,Anti-Far-Right
SZ-20201005-RURGR-341,SZ-20201005-RURGR-341_1,1510.0,anti-far-right,Demokratiefest statt rechter Welle,Anti-Far-Right
LEIPZ_20201024_VHMBM_695,LEIPZ_20201024_VHMBM_695_1,1510.0,anti-far-right,an Opfer rechtsradikaler Gewalt in Leipzig seit den 1990er Jahren zu erinnern,Anti-Far-Right
SACHZTG020130314e93e00070,SACHZTG020130314e93e00070_2,1510.0,anti-far-right,gegen die NPD,Anti-Far-Right
SACHZTG020130911e99b0003y,SACHZTG020130911e99b0003y_1,1510.0,anti-far-right,gegen Nazis,Anti-Far-Right
LEIPZV_20110131_LZUPV,LEIPZV_20110131_LZUPV_1,1510.0,anti-far-right,Kein Bock auf Nazis,Anti-Far-Right
LEIPZV_20110822_AFBVA,LEIPZV_20110822_AFBVA_1,1510.0,anti-far-right,Antifa,Anti-Far-Right
LEIPZV_2012-06-25_RGRKG,LEIPZV_2012-06-25_RGRKG_1,1510.0,anti-far-right,gegen das Neonazi-Zentrum,Anti-Far-Right
LEIPZV_2012-08-08_ISADR,LEIPZV_2012-08-08_ISADR_1,1510.0,anti-far-right,Unmissverständlich deutlich bekräftigten Leipziger: Null Toleranz für Nazis! Kein Fußbreit Raum für rassistische und nationalistische Ideologien!,Anti-Far-Right
LEIPZV_20120326_UDRTU,LEIPZV_20120326_UDRTU_1,1510.0,anti-far-right,Gegen Nazis und rechte Alltagskultur,Anti-Far-Right
LEIPZV_20120421_VGNZA,LEIPZV_20120421_VGNZA_1,1510.0,anti-far-right,das NPD-Zentrum in der Lindenauer Odermannstraße angegriffen,Anti-Far-Right
LEIPZV_20130506_TASBA,LEIPZV_20130506_TASBA_1,1510.0,anti-far-right,Rechtsextremismus,Anti-Far-Right
LEIPZV_20130506_TASBA,LEIPZV_20130506_TASBA_1,1510.0,anti-far-right,"in Reudnitz gebe es nach wie vor eine Nazi-Szene und nächtliche Heil-Hitler-Rufe, so einer der Redner. \""Unser antifaschistisches Engagement darf hier nicht nachlassen.\",Anti-Far-Right
LEIPZV_20130506_TASBA,LEIPZV_20130506_TASBA_1,1510.0,anti-far-right,"in Reudnitz gebe es nach wie vor eine Nazi-Szene und nächtliche Heil-Hitler-Rufe, so einer der Redner. \""Unser antifaschistisches Engagement darf hier nicht nachlassen",Anti-Far-Right
LEIPZV_20130506_TASBA,LEIPZV_20130506_TASBA_2,1510.0,anti-far-right,gegen neonazistische Tendenzen,Anti-Far-Right
LEIPZV_20130506_TASBA,LEIPZV_20130506_TASBA_2,1510.0,anti-far-right,den Opfern gedenken,Anti-Far-Right
LEIPZV_20130506_TASBA,LEIPZV_20130506_TASBA_2,1510.0,anti-far-right,Antisemitismus,Anti-Far-Right
WESKU00020110316e73g000aa,WESKU00020110316e73g000aa_1,1510.0,anti-far-right,Aktion gegen nazistische Shops,Anti-Far-Right
WESKU00020110316e73g000aa,WESKU00020110316e73g000aa_1,1510.0,anti-far-right,„Wir wollen keine Naziläden in unserer Stadt.“,Anti-Far-Right
WESKU00020110316e73g000aa,WESKU00020110316e73g000aa_2,1510.0,anti-far-right,"Plakat aufgehängt und Passanten aufschreiben lassen, was sie von Neonazis halten",Anti-Far-Right
WESKU00020110316e73g000aa,WESKU00020110316e73g000aa_3,1510.0,anti-far-right,"„Wir wollten ihm unsere Bedenken mitteilen, dass sich hier, zentral gelegen, ein Nazisammelpunkt befindet“",Anti-Far-Right
WESKU00020110430e74u000ap,WESKU00020110430e74u000ap_1,1510.0,anti-far-right,gegen den angekündigten Aufmarsch der rechtsextremen NPD,Anti-Far-Right
WESKU00020110628e76s0001y,WESKU00020110628e76s0001y_1,1510.0,anti-far-right,Einzug des NPD-Kandidaten Sascha Humpes in den Beirat,Anti-Far-Right
WESKU00020110707e777000g6,WESKU00020110707e777000g6_1,1510.0,anti-far-right,NPD-Fraktion,Anti-Far-Right
WESKU00020110929e79t0008s,WESKU00020110929e79t0008s_1,1510.0,anti-far-right,gegen rechte Gewalt,Anti-Far-Right
WESKU00020111123e7bn000b1,WESKU00020111123e7bn000b1_1,1510.0,anti-far-right,gegen das am Wochenende geplante Konzert der Rechtsrock–Band „Kategorie C – Hungrige Wölfe“,Anti-Far-Right
WESKU00020111123e7bn000b1,WESKU00020111123e7bn000b1_1,1510.0,anti-far-right,Die Band bilde eine wichtige ideologische Brücke zwischen organisierten Neonazis und Personen mit einem noch nicht geschlossenen rechten Weltbild,Anti-Far-Right
WESKU00020120714e87e0001c,WESKU00020120714e87e0001c_1,1510.0,anti-far-right,Demogegen rechts NPD-Kundgebung,Anti-Far-Right
WESKU00020120714e87e0001c,WESKU00020120714e87e0001c_1,1510.0,anti-far-right,NPD,Anti-Far-Right
WESKU00020150126eb1r0001a,WESKU00020150126eb1r0001a_1,1510.0,anti-far-right,"\""Bei uns ist für Rassismus und Extremismus egal welcher Art kein Platz",Anti-Far-Right
WESKU00020150305eb360000l,WESKU00020150305eb360000l_1,1510.0,anti-far-right,gegen die AfD,Anti-Far-Right
WESKU00020150305eb360000l,WESKU00020150305eb360000l_1,1510.0,anti-far-right,Gaulands Auftritt in Bremen,Anti-Far-Right
WESKU00020150912eb9d0001l_SUN,WESKU00020150912eb9d0001l_SUN_1,1510.0,anti-far-right,ein Zeichen setzen gegen Fremdenhass,Anti-Far-Right
WESKU00020181115eebf00007,WESKU00020181115eebf00007_1,1510.0,anti-far-right,Nationalismus,Anti-Far-Right
WESKU00020181115eebf00007,WESKU00020181115eebf00007_1,1510.0,anti-far-right,Der Wertekanon von Werder Bremen und der Parteien am rechten Rand unterscheiden sich sehr,Anti-Far-Right
WESKU00020181115eebf00007,WESKU00020181115eebf00007_1,1510.0,anti-far-right,man darf den Rechtspopulisten nicht die Meinungs-­hoheit überlassen,Anti-Far-Right
WESKU00020190329ef3t0001f,WESKU00020190329ef3t0001f_1,1510.0,anti-far-right,protestieren gegen AfD-Besuch,Anti-Far-Right
WESKU00020191211efcb0001e,WESKU00020191211efcb0001e_1,1510.0,anti-far-right,Protest gegen Thilo Sarrazin Protest gegen Sarrazin auch ohne ihn,Anti-Far-Right
WESKU00020191211efcb0001e,WESKU00020191211efcb0001e_1,1510.0,anti-far-right,"Sarrazin sei ein \""Wegbereiter des Rechtsrucks\",Anti-Far-Right
WESKU00020200524eg5o00019,WESKU00020200524eg5o00019_4,1510.0,anti-far-right,Antifa-Symbole,Anti-Far-Right
WESKU00020200524eg5o00019,WESKU00020200524eg5o00019_5,1510.0,anti-far-right,antifaschistische Demo-Parolen,Anti-Far-Right
SZ-20180129-OARM-259,SZ-20180129-OARM-259_1,1510.0,anti-far-right,menschenverachtenden Ideologie und treibt die Normalisierung und Bagatellisierung der Verbrechen des Faschismus maßgeblich voran,Anti-Far-Right
SZ-20181010-MDGGP-162,SZ-20181010-MDGGP-162_2,1510.0,anti-far-right,Nationalismus raus aus den Köpfen,Anti-Far-Right
SZ-20190109-PRSSF-451,SZ-20190109-PRSSF-451_1,1510.0,anti-far-right,brutalen Angriffs auf den AfD-Bundestagsabgeordneten,Anti-Far-Right
SZ-20190321-EGD-321,SZ-20190321-EGD-321_2,1510.0,anti-far-right,"Gegendemonstranten, darunter Linksextreme",Anti-Far-Right
SZ-20190531-SGDUM-672,SZ-20190531-SGDUM-672_1,1510.0,anti-far-right,"Explizit für ihre Bibliothek sehen sie die Gefahr, dass deren Chefin im Sinne der AfD agieren könnte. \""Sie ist für die Auswahl der Literatur zuständig, hat Zugriff auf Studentendaten\"", sagen die Protestler.",Anti-Far-Right
SZ-20190531-SGDUM-672,SZ-20190531-SGDUM-672_1,1510.0,anti-far-right,HfBK oder AfD. Beides geht nicht,Anti-Far-Right
SZ-20190531-SGDUM-672,SZ-20190531-SGDUM-672_1,1510.0,anti-far-right,"vor einem Erstarken der \""neuen Rechten\",Anti-Far-Right
SZ-20190531-SGDUM-672,SZ-20190531-SGDUM-672_1,1510.0,anti-far-right,"Explizit für ihre Bibliothek sehen sie die Gefahr, dass deren Chefin im Sinne der AfD agieren könnte. \""Sie ist für die Auswahl der Literatur zuständig, hat Zugriff auf Studentendaten\"", sagen die Protestler",Anti-Far-Right
SZ-20190619-PADBUE-197,SZ-20190619-PADBUE-197_1,1510.0,anti-far-right,"klare Absage der Parteien an eine Zusammenarbeit mit der AfD, insbesondere von der CDU",Anti-Far-Right
SZ-20190816-IWDESS-991,SZ-20190816-IWDESS-991_4,1510.0,anti-far-right,"Das Tor ihres Grundstücks wurde mit \""Nazi\"" besprüht",Anti-Far-Right
LEIPZO0020180122ee1m0050m,LEIPZO0020180122ee1m0050m_1,1510.0,anti-far-right,FCK FACISTS,Anti-Far-Right
LEIPZO0020180124ee1o002bg,LEIPZO0020180124ee1o002bg_2,1510.0,anti-far-right,ohne Intervention kam Pegida am Ende nicht davon: Ein Teil der Gegendemonstranten,Anti-Far-Right
LEIPZO0020180317ee3h005v6,LEIPZO0020180317ee3h005v6_1,1510.0,anti-far-right,Veranstaltung des als rechts geltenden Antaios-Verlags zu Auseinandersetzungen,Anti-Far-Right
LEIPZO0020180829ee8t00209,LEIPZO0020180829ee8t00209_2,1510.0,anti-far-right,Kein Platz für rechte Hetze,Anti-Far-Right
LEIPZV0020180319ee3j0001q,LEIPZV0020180319ee3j0001q_1,1510.0,anti-far-right,Gegen die Normalisierung des Rechtsrucks,Anti-Far-Right
LEIPZV0020180319ee3j0001q,LEIPZV0020180319ee3j0001q_2,1510.0,anti-far-right,Versager gegen rechts,Anti-Far-Right
LEIPZO0020190320ef3k00jll,LEIPZO0020190320ef3k00jll_1,1510.0,anti-far-right,gegen rechte Literatur auf der Buchemesse,Anti-Far-Right
LEIPZO0020190320ef3k00jll,LEIPZO0020190320ef3k00jll_1,1510.0,anti-far-right,„kein Regalmeter für Faschismus“,Anti-Far-Right
LEIPZO0020190501ef4u002gx,LEIPZO0020190501ef4u002gx_2,1510.0,anti-far-right,„Solidarität statt Nationalismus“,Anti-Far-Right
LEIPZO0020190519ef5j008hn,LEIPZO0020190519ef5j008hn_1,1510.0,anti-far-right,gegen Rechtsruck und Nationalismus,Anti-Far-Right
LEIPZO0020190530ef5t002gx,LEIPZO0020190530ef5t002gx_1,1510.0,anti-far-right,"„HfBK oder AfD, beides geht nicht“",Anti-Far-Right
LEIPZO0020190802ef82002jp,LEIPZO0020190802ef82002jp_1,1510.0,anti-far-right,als Reaktion auf die islamfeindliche Pegida-Bewegung,Anti-Far-Right
LEIPZV0020191029efat0002r,LEIPZV0020191029efat0002r_1,1510.0,anti-far-right,"Ganz im Gegenteil wolle er seinen „antifaschistischen Kampf gegen Nazis mit ihrem menschenverachtenden Weltbild konsequent fortsetzen“,",Anti-Far-Right
StZ_20140303_PTDD_636,StZ_20140303_PTDD_636_4,1510.0,anti-far-right,Nazis raus,Anti-Far-Right
STUGTR0020150113eb1d0003t,STUGTR0020150113eb1d0003t_1,1510.0,anti-far-right,Anti-Pegida-Demo,Anti-Far-Right
STUGTR0020160314ec3e0000h,STUGTR0020160314ec3e0000h_1,1510.0,anti-far-right,Die größtenteils sehr jungen Menschen rufen Sätze,Anti-Far-Right
STUGTR0020161011ecab0004g,STUGTR0020161011ecab0004g_1,1510.0,anti-far-right,Pegida-Demonstranten beschimpft,Anti-Far-Right
STUGTR0020161011ecab0004g,STUGTR0020161011ecab0004g_1,1510.0,anti-far-right,Gegner und,Anti-Far-Right
STUGTR0020170902ed920008l,STUGTR0020170902ed920008l_1,1510.0,anti-far-right,"die Schrecken, die von Krieg und Faschismus ausgehen",Anti-Far-Right
STUGTR0020180611ee6b00027,STUGTR0020180611ee6b00027_1,1510.0,anti-far-right,Angriff auf,Anti-Far-Right
STUGTR0020191030efau000pl,STUGTR0020191030efau000pl_1,1510.0,anti-far-right,"Protest,",Anti-Far-Right
STUGTR0020191112efbc0002z,STUGTR0020191112efbc0002z_1,1510.0,anti-far-right,rechten,Anti-Far-Right
STUGTR0020191112efbc0002z,STUGTR0020191112efbc0002z_1,1510.0,anti-far-right,Faschisten,Anti-Far-Right
STUGTR0020200511eg5b0000r,STUGTR0020200511eg5b0000r_1,1510.0,anti-far-right,Klare Kante,Anti-Far-Right
STUGTR0020200629eg6t0002z,STUGTR0020200629eg6t0002z_2,1510.0,anti-far-right,Bündnis gegen rechts,Anti-Far-Right
STUGTR0020201207egc70005a,STUGTR0020201207egc70005a_1,1510.0,anti-far-right,Nie wieder Faschismus,Anti-Far-Right
LEIPZO0020160110ebat000kv,LEIPZO0020160110ebat000kv_1,1510.0,anti-far-right,auch gegen die regelmäßigen Protestzüge von Legida,Anti-Far-Right
LEIPZO0020160110ebat000kv,LEIPZO0020160110ebat000kv_1,1510.0,anti-far-right,kein Platz für Rassismus,Anti-Far-Right
LEIPZO0020160826ec8q0063h,LEIPZO0020160826ec8q0063h_1,1510.0,anti-far-right,Legida-Ordner,Anti-Far-Right
LEIPZO0020160901ec91004ed,LEIPZO0020160901ec91004ed_1,1510.0,anti-far-right,gegen-Rechts,Anti-Far-Right
LEIPZO0020160906ec950008d,LEIPZO0020160906ec950008d_2,1510.0,anti-far-right,Gegen jede Form von Antisemitismus,Anti-Far-Right
LEIPZV0020140521ea5c0032u,LEIPZV0020140521ea5c0032u_1,1510.0,anti-far-right,Wahlkampfveranstaltung der Alternative für Deutschland (AfD) vor dem Bundesverwaltungsgericht kam es zu massiven Störungen durch Studenten und Antifa-Aktivisten,Anti-Far-Right
LEIPZV0020140521ea5c0032u,LEIPZV0020140521ea5c0032u_2,1510.0,anti-far-right,Anschlag auf einen NPD-Stadtratskandidaten,Anti-Far-Right
LEIPZV0020140617ea6h0002v,LEIPZV0020140617ea6h0002v_1,1510.0,anti-far-right,überbordender Patriotismus bei einer WM zu rassistischen Äußerungen und zu Übergriffen,Anti-Far-Right
LEIPZV0020140621ea6l00009,LEIPZV0020140621ea6l00009_1,1510.0,anti-far-right,Antifa-Zeichen,Anti-Far-Right
LEIPZV0020140820ea8k0002r,LEIPZV0020140820ea8k0002r_1,1510.0,anti-far-right,Teilnahme von Roland Ulbrich von der Alternative für Deutschland (AfD),Anti-Far-Right
LEIPZV0020160202ec220002m,LEIPZV0020160202ec220002m_2,1510.0,anti-far-right,Zugang zur Legida-Versammlung erschweren,Anti-Far-Right
LEIPZV0020160304ec340001m,LEIPZV0020160304ec340001m_1,1510.0,anti-far-right,Protest gegen Legida,Anti-Far-Right
LEIPZV0020160318ec3i0000d,LEIPZV0020160318ec3i0000d_1,1510.0,anti-far-right,"aufgefordert worden, die rechtspopulistische Zeitschrift (Chefredakteur ist Jürgen Elsässer) auszuladen.",Anti-Far-Right
LEIPZV0020160504ec540002l,LEIPZV0020160504ec540002l_1,1510.0,anti-far-right,Legida-Gegner,Anti-Far-Right
LEIPZV0020160705ec750001j,LEIPZV0020160705ec750001j_2,1510.0,anti-far-right,"nicht zulassen, dass Rechtspopulisten die Gesellschaft weiter auseinandertreiben",Anti-Far-Right
StZ_20100420_PMSK_425,StZ_20100420_PMSK_425_2,1510.0,anti-far-right,vier der NPD-Anhänger getreten und geschlagen,Anti-Far-Right
StZ_20100503_VGUEIR_511,StZ_20100503_VGUEIR_511_1,1510.0,anti-far-right,gegen Faschismus,Anti-Far-Right
StZ_20100503_VGUEIR_511,StZ_20100503_VGUEIR_511_1,1510.0,anti-far-right,Neonazis dürften den 1. Mai nicht für ihre Zwecke instrumentalisieren,Anti-Far-Right
StZ_20110501_NSKSE_323,StZ_20110501_NSKSE_323_1,1510.0,anti-far-right,gegen Neonazis,Anti-Far-Right
StZ_20110501_NSKSE_323,StZ_20110501_NSKSE_323_2,1510.0,anti-far-right,NPD-Aufmarsch,Anti-Far-Right
StZ_20130108_WGB_237,StZ_20130108_WGB_237_1,1510.0,anti-far-right,gegen eine Veranstaltung der Vereinigung Pax Europa,Anti-Far-Right
StZ_20130108_WGB_237,StZ_20130108_WGB_237_1,1510.0,anti-far-right,"stürmten und besetzten dort eine Bühne, die Pax-Europa-Mitglieder für eine genehmigte Veranstaltung aufgebaut hatten",Anti-Far-Right
SZ-20140203-BNNWF-208,SZ-20140203-BNNWF-208_1,1510.0,anti-far-right,Nazis in den Weg stellen,Anti-Far-Right
SZ-20140203-BNNWF-208,SZ-20140203-BNNWF-208_1,1510.0,anti-far-right,gegen Nazis zu stellen,Anti-Far-Right
SZ-20140214-ESGD-362,SZ-20140214-ESGD-362_1,1510.0,anti-far-right,braunen Hetzer,Anti-Far-Right
SZ-20140214-ESGD-362,SZ-20140214-ESGD-362_1,1510.0,anti-far-right,Neonazis entgegenstellen,Anti-Far-Right
SZ-20140508-FPGNK-132,SZ-20140508-FPGNK-132_1,1510.0,anti-far-right,gegen eine NPD-Kundgebung auf dem Postplatz demonstriert,Anti-Far-Right
SZ-20140510-KRBWR-141,SZ-20140510-KRBWR-141_1,1510.0,anti-far-right,gegen die AfD demonstriert,Anti-Far-Right
SZ-20150216-PGN-590,SZ-20150216-PGN-590_1,1510.0,anti-far-right,Neonazis,Anti-Far-Right
SZ-20150216-PGN-590,SZ-20150216-PGN-590_2,1510.0,anti-far-right,Gegner,Anti-Far-Right
SZ-20150216-PGN-590,SZ-20150216-PGN-590_3,1510.0,anti-far-right,"um den Gedenkmarsch, wie Müller es nennt, aufzuhalten",Anti-Far-Right
SZ-20150502-BDWI-620,SZ-20150502-BDWI-620_1,1510.0,anti-far-right,"um zu zeigen, dass die \""Spaziergänge\"" der Asylkritiker nicht die Haltung der gesamten Stadt widerspiegeln.",Anti-Far-Right
SZ-20150825-PGPAK-229,SZ-20150825-PGPAK-229_2,1510.0,anti-far-right,Dazu ein Bild von einem Nazi mit Hitlergruß und nasser Hose.,Anti-Far-Right
SZ-20150928-NGUEBA-432,SZ-20150928-NGUEBA-432_2,1510.0,anti-far-right,gegen einen rechten Aufmarsch,Anti-Far-Right
SZ-20151028-DFAII-553,SZ-20151028-DFAII-553_1,1510.0,anti-far-right,Bereits vor einer Woche haben Pegida-Gegner drei Autos angezündet,Anti-Far-Right
SZ-20151107-VIADM-467,SZ-20151107-VIADM-467_2,1510.0,anti-far-right,Autos von Pegida-Anhängern auf einem Parkplatz angezündet,Anti-Far-Right
SZ-20151214-VEVL-1118,SZ-20151214-VEVL-1118_1,1510.0,anti-far-right,Antifaschismus,Anti-Far-Right
SZ-20151214-VEVL-1118,SZ-20151214-VEVL-1118_1,1510.0,anti-far-right,linksextremistischen,Anti-Far-Right
SZ-20151214-VEVL-1118,SZ-20151214-VEVL-1118_3,1510.0,anti-far-right,gegen Rechtsextremismus und Fremdenfeindlichkeit,Anti-Far-Right
SZ-20160222-BSOSF-667,SZ-20160222-BSOSF-667_1,1510.0,anti-far-right,"Wir haben in der Neustadt ein Problem mit Rassismus und Neonazis\"", hieß es in dem von ihnen verfassten Wurfzettel. \""Es reicht schon lange.\",Anti-Far-Right
SZ-20161219-LUFUM-1317,SZ-20161219-LUFUM-1317_3,1510.0,anti-far-right,Euer Rassismus kotzt uns an,Anti-Far-Right
SZ-20170119-DVP-344,SZ-20170119-DVP-344_1,1510.0,anti-far-right,Protest hat am Dienstag die Veranstaltung mit Björn Höcke im Ballhaus Watzke begleitet,Anti-Far-Right
SZ-20170216-KRANO-491,SZ-20170216-KRANO-491_1,1510.0,anti-far-right,"verhindern, dass der Obelisk - wie am 12. Februar letzten Jahres - zum Ziel von NPD- und Neonazi-Aufmärschen wird",Anti-Far-Right
SZ-20170509-GDVPU-164,SZ-20170509-GDVPU-164_2,1510.0,anti-far-right,gegen den Pegida-AfD-Auftritt,Anti-Far-Right
SZ-20170725-RDGP-112,SZ-20170725-RDGP-112_1,1510.0,anti-far-right,"\""Nationalismus raus aus den Köpfen\",Anti-Far-Right
SZ-20171014-SSK-246,SZ-20171014-SSK-246_1,1510.0,anti-far-right,"\""Bomber Harris was here\",Anti-Far-Right
WESKU00020170926ed9q00004,WESKU00020170926ed9q00004_1,1510.0,anti-far-right,"Am Montagabend beteiligten sich zahlreiche Menschen an einem Protestzug\n des Bündnisses gegen Rassismus und Rechtspopulismus, das einen \nRechtsruck in Deutschland kritisiert.",Anti-Far-Right
SZ-20200102-DGA-156,SZ-20200102-DGA-156_1,1510.0,anti-far-right,"nationalistische Abschottung, für Chauvinismus, für Rassismus.",Anti-Far-Right
SZ-20200822-DKK-562,SZ-20200822-DKK-562_1,1510.0,anti-far-right,antisemitisch,Anti-Far-Right
SZ-20200208-PRSSF-602,SZ-20200208-PRSSF-602_1,1510.0,anti-far-right,Als sich die AfD damals vor dem Mahnmal versammelte,Anti-Far-Right
SZ-20200421-PSPIC-359,SZ-20200421-PSPIC-359_2,1510.0,anti-far-right,Nazis raus!,Anti-Far-Right
SZ-20200606-PAAES-346,SZ-20200606-PAAES-346_1,1510.0,anti-far-right,selbst ernannten Verfechter der abendländischen Kultur,Anti-Far-Right
SZ-20200630-DWPDP-729,SZ-20200630-DWPDP-729_1,1510.0,anti-far-right,"Keine öffentlichen Plätze mehr in Dresden für rassistische, rechtsradikale und hassverbreitende Kundgebungen“",Anti-Far-Right
SZ-20201005-RURGR-341,SZ-20201005-RURGR-341_1,1510.0,anti-far-right,gegen Rechts,Anti-Far-Right
SZ-20201005-RURGR-341,SZ-20201005-RURGR-341_1,1510.0,anti-far-right,Buntes Wunder - Demokratiefest statt rechter Welle,Anti-Far-Right
LEIPZ_20200125_DWDPA_1241,LEIPZ_20200125_DWDPA_1241_4,1510.0,anti-far-right,Gegenkundgebung,Anti-Far-Right
LEIPZ_20200207_LKBID_561,LEIPZ_20200207_LKBID_561_1,1510.0,anti-far-right,gegen Kemmerich-Wahl,Anti-Far-Right
LEIPZ_20200530_QDFFA_770,LEIPZ_20200530_QDFFA_770_1,1510.0,anti-far-right,Solidarität statt rechter Hetze,Anti-Far-Right
LEIPZ_20200530_QDFFA_770,LEIPZ_20200530_QDFFA_770_1,1510.0,anti-far-right,Kein Platz für Verschwörungsideologien und Nazis,Anti-Far-Right
LEIPZ_20200530_QDFFA_770,LEIPZ_20200530_QDFFA_770_1,1510.0,anti-far-right,Impfpflicht für Aluhüte,Anti-Far-Right
LEIPZ_20200530_QDFFA_770,LEIPZ_20200530_QDFFA_770_1,1510.0,anti-far-right,"Haut ab, haut ab",Anti-Far-Right
LEIPZ_20201024_VHMBM_695,LEIPZ_20201024_VHMBM_695_1,1510.0,anti-far-right,auf wachsenden Rassismus aufmerksam zu machen,Anti-Far-Right
LEIPZ_20201109_FDZVP_638,LEIPZ_20201109_FDZVP_638_1,1510.0,anti-far-right,linken Gegendemonstranten,Anti-Far-Right
LEIPZ_20201109_RUEKM_1156,LEIPZ_20201109_RUEKM_1156_2,1510.0,anti-far-right,"gegen Hetze, Verschwörungstheorien und Rechtsextremismus",Anti-Far-Right
LEIPZ_20201110_PFQMD_219,LEIPZ_20201110_PFQMD_219_2,1510.0,anti-far-right,Ihr seid nicht der Widerstand - geht mit Nazis Hand in Hand,Anti-Far-Right
LEIPZO0020160106ebap0001s,LEIPZO0020160106ebap0001s_1,1510.0,anti-far-right,Protest gegen die Kundgebung der „Patriotischen Europäer gegen die Islamisierung des Abendlandes“ (Pegida),Anti-Far-Right
LEIPZO0020160106ebbn000kr,LEIPZO0020160106ebbn000kr_3,1510.0,anti-far-right,Nationalismus raus aus den Köpfen.,Anti-Far-Right
WESKU00020170517ed3600ngp,WESKU00020170517ed3600ngp_1,1510.0,anti-far-right,Gegenstimme zu den Nationalisten und \nEuropaskeptikern,Anti-Far-Right
WESKU00020171005eda5000ek,WESKU00020171005eda5000ek_1,1510.0,anti-far-right,mit Deutschtümelei nicht zu \nvereinbaren,Anti-Far-Right
LEIPZO0020160106ebbn000kr,LEIPZO0020160106ebbn000kr_3,1510.0,anti-far-right,Legida-Kundgebung und den begleitenden Gegendemonstrationen,Anti-Far-Right
LEIPZO0020160107eb7r00065,LEIPZO0020160107eb7r00065_1,1510.0,anti-far-right,gegen den braunen Ungeist,Anti-Far-Right
LEIPZO0020160110ebau000ls,LEIPZO0020160110ebau000ls_2,1510.0,anti-far-right,gegen die Rechten der OfD,Anti-Far-Right
LEIPZO0020170117eb9s0040h,LEIPZO0020170117eb9s0040h_2,1510.0,anti-far-right,Widerstand gegen das rechte Bündnis,Anti-Far-Right
LEIPZO0020170117eb9s0040h,LEIPZO0020170117eb9s0040h_2,1510.0,anti-far-right,Es gibt kein Recht auf Nazipropaganda,Anti-Far-Right
LEIPZV0020160318ec3i0000d,LEIPZV0020160318ec3i0000d_1,1510.0,anti-far-right,gegen eine rechte Zeitschrift,Anti-Far-Right
LEIPZV0020160318ec3i0000d,LEIPZV0020160318ec3i0000d_1,1510.0,anti-far-right,"gegen die Präsenz des Magazins \""Compact\"" auf der Messe",Anti-Far-Right
WESKU00020170705ed750001e,WESKU00020170705ed750001e_1,1510.0,anti-far-right,"Wie die Zeugin \nberichtet, haben die Männer anschließend mit schwarzer Farbe \""Fuck AfD\"" \nan die Hausfassade gesprüht.",Anti-Far-Right
WESKU00020170826ed8q0009f,WESKU00020170826ed8q0009f_1,1510.0,anti-far-right,Die AfD hatte mit Alexander \nGauland ihren Spitzenkandidaten für die nahende Bundestagswahl an \nden Brinkumer ZOB geladen - und damit neben einigen Sympathisanten \ndas Vielfache an Gegendemonstranten auf den Plan gerufen,Anti-Far-Right
LEIPZO0020160110eban000dh,LEIPZO0020160110eban000dh_1,1510.0,anti-far-right,rechter Gewalt,Anti-Far-Right
LEIPZO0020190706ef7600a3x,LEIPZO0020190706ef7600a3x_1,1511.0,tolerance,für ein „verständnisvolles und vorurteilsfreies Miteinander,Tolerance
WESKU00020150126eb1r0001a,WESKU00020150126eb1r0001a_1,1511.0,tolerance,Toleranz,Tolerance
WESKU00020181115eebf00007,WESKU00020181115eebf00007_1,1511.0,tolerance,Die Demokratie braucht Demokraten,Tolerance
WESKU00020181115eebf00007,WESKU00020181115eebf00007_1,1511.0,tolerance,"offenen, vielfältigen und solidarischen Gesellschaft",Tolerance
SZ-20190614-KOAF-861,SZ-20190614-KOAF-861_1,1511.0,tolerance,Krauses Einladung,Tolerance
LEIPZO0020190802ef82002jp,LEIPZO0020190802ef82002jp_1,1511.0,tolerance,"für Toleranz, Mitmenschlichkeit und den Dialog geworben",Tolerance
LEIPZ_20200507_NMFDL_2456,LEIPZ_20200507_NMFDL_2456_1,1520.0,far-right,Ressentiments gegen Bill Gates und George Soros,Far Right
SZ-20190803-SWGS-89,SZ-20190803-SWGS-89_1,1520.0,far-right,"irgendwann treffe eine Granate \""etwas Vitales, und dann steht dort drüben keine Moschee",Far Right
LEIPZO0020190610ef6a008vh,LEIPZO0020190610ef6a008vh_1,1520.0,far-right,"Die rechtsextreme Gruppierung Pro Chemnitz hat aus Protest ein Grillfest veranstaltet. Es richtete sich gegen Muslime, die das Ende ihres Fastenmonats Ramadan feierten.",Far Right
LEIPZO0020190705ef75009n9,LEIPZO0020190705ef75009n9_1,1520.0,far-right,"auf die Frage, ob Mord eine menschliche Reaktion sei: „Ja, wie es in den Wald hinein gerufen wird, so schallt's wieder raus",Far Right
LEIPZO0020191018efai00lrd,LEIPZO0020191018efai00lrd_2,1520.0,far-right,"bezeichnete Pegida-Gründer Lutz Bachmann Umweltschützer, Politiker und Gewerkschafter unter anderem als „Parasiten“ und „miese Maden“, die in einen Graben gehörten",Far Right
LEIPZO0020161002eca20035x,LEIPZO0020161002eca20035x_1,1520.0,far-right,„Volksverräter“,Far Right
LEIPZV0020160202ec220002m,LEIPZV0020160202ec220002m_1,1520.0,far-right,Schützt unsere Kinder und Frauen,Far Right
SZ-20140619-AIR-771,SZ-20140619-AIR-771_1,1520.0,far-right,gegen eine vermeintliche Medienwillkür Front,Far Right
SACHZTG020121102e8b2000kk,SACHZTG020121102e8b2000kk_2,1520.0,far-right,NPD-Konvoi,Far Right
WESKU00020110424e74o00016_SUN,WESKU00020110424e74o00016_SUN_2,1520.0,far-right,NDP-Kundgebung,Far Right
WESKU00020110813e78d000au,WESKU00020110813e78d000au_1,1520.0,far-right,"Schaffung eines „artgemäßen freien Deutschen Reiches“, die Bildung eines „nationalen Verteidigungskommandos“",Far Right
WESKU00020180719ee7j00018,WESKU00020180719ee7j00018_1,1520.0,far-right,Patrioten willkommen,Far Right
WESKU00020180719ee7j00018,WESKU00020180719ee7j00018_1,1520.0,far-right,Ruhm und Ehre dem deutschen Soldat,Far Right
SZ-20180122-EUNAA-751,SZ-20180122-EUNAA-751_1,1520.0,far-right,Neonazis in Leipzigs linksalternative Hochburg,Far Right
SZ-20180122-EUNAA-751,SZ-20180122-EUNAA-751_1,1520.0,far-right,rechtsradikalen,Far Right
SZ-20180824-HSNNB-470,SZ-20180824-HSNNB-470_1,1520.0,far-right,rechter Gruppierungen,Far Right
SZ-20190328-LBKIN-942,SZ-20190328-LBKIN-942_1,1520.0,far-right,"\""Europa Nostra - Identität und Heimat bewahren\",Far Right
SZ-20190502-BVUENM-240,SZ-20190502-BVUENM-240_2,1520.0,far-right,Rechtsextreme,Far Right
SZ-20190827-TMSDA-459,SZ-20190827-TMSDA-459_1,1520.0,far-right,ein Wohnprojekt in Übigau überfallen,Far Right
SZ-20191114-LHIPG-600,SZ-20191114-LHIPG-600_3,1520.0,far-right,alternative Wohnprojekt,Far Right
LEIPZO0020190405ef4500e1m,LEIPZO0020190405ef4500e1m_1,1520.0,far-right,gegen einen AfD-Stand,Far Right
LEIPZO0020190501ef4u002gx,LEIPZO0020190501ef4u002gx_1,1520.0,far-right,„Aufbruch deutscher Patrioten Mitteldeutschland“ (AdPM),Far Right
LEIPZO0020190926ef9q004ph,LEIPZO0020190926ef9q004ph_1,1520.0,far-right,Gegen Linke Intoleranz und Aggression,Far Right
LEIPZO0020190926ef9q004ph,LEIPZO0020190926ef9q004ph_2,1520.0,far-right,„Aufbruch deutscher Patrioten“ (AdP),Far Right
LEIPZV0020190718ef7i0001x,LEIPZV0020190718ef7i0001x_1,1520.0,far-right,Linker Anarchie und Aggression konsequent entgegnen,Far Right
STUGTR0020190207ef2700060,STUGTR0020190207ef2700060_1,1520.0,far-right,rechtspopulistischen,Far Right
LEIPZO0020170117ecb7002e5,LEIPZO0020170117ecb7002e5_2,1520.0,far-right,Connewitz,Far Right
LEIPZV0020140520ea5k000zw,LEIPZV0020140520ea5k000zw_1,1520.0,far-right,Protesten gegen den Aufzug der NPD-Jugendorganisation,Far Right
SZ-20150216-PGN-590,SZ-20150216-PGN-590_1,1520.0,far-right,Rechtsextremen,Far Right
SZ-20150825-PGPAK-229,SZ-20150825-PGPAK-229_1,1520.0,far-right,"Wer Deutschland nicht liebt, soll Deutschland verlassen\",Far Right
SZ-20150928-NGUEBA-432,SZ-20150928-NGUEBA-432_1,1520.0,far-right,"\""Offensive für Deutschland\",Far Right
SZ-20151214-VEVL-1118,SZ-20151214-VEVL-1118_2,1520.0,far-right,rechtsextremen,Far Right
SZ-20151214-VEVL-1118,SZ-20151214-VEVL-1118_2,1520.0,far-right,Rechtsextremisten,Far Right
SZ-20160222-BSOSF-667,SZ-20160222-BSOSF-667_2,1520.0,far-right,Scheiß linke Zecken,Far Right
SZ-20170919-AAWVM-401,SZ-20170919-AAWVM-401_1,1520.0,far-right,"Vielmehr hätten die Täter einen Versand für Kleidung mit linksgerichteten Aufdrucken treffen wollen, der in der gleichen Etage ansässig war",Far Right
SZ-20200113-PIDGN-982,SZ-20200113-PIDGN-982_2,1520.0,far-right,rechtsextreme,Far Right
SZ-20200118-HFRK-972,SZ-20200118-HFRK-972_3,1520.0,far-right,"nächtlichen Überfall auf die Mangelwirtschaft, ein alternatives Wohnprojekt in Dresden-Übigau",Far Right
LEIPZ_20200125_DWDPA_1241,LEIPZ_20200125_DWDPA_1241_3,1520.0,far-right,„Abschaltung von ‚indymedia.org‘ jetzt“,Far Right
LEIPZ_20201025_VPTLS_552,LEIPZ_20201025_VPTLS_552_1,1520.0,far-right,fremdenfeindlichen Pegida-Bewegung,Far Right
LEIPZO0020160106ebbn000kr,LEIPZO0020160106ebbn000kr_2,1520.0,far-right,Nationalhymne,Far Right
LEIPZO0020160110ebas000jb,LEIPZO0020160110ebas000jb_1,1520.0,far-right,German Zone,Far Right
LEIPZO0020160110ebas000jb,LEIPZO0020160110ebas000jb_1,1520.0,far-right,Widerstand Fuck Antifa,Far Right
SZ-20191202-PGK-261,SZ-20191202-PGK-261_1,1530.0,anticapitalist,Lieferkettengesetz,Anticapitalist
StZ_20091211_DEGUED_1568,StZ_20091211_DEGUED_1568_1,1530.0,anticapitalist,"Auch in dieser Stadt wird wieder eine Mauer hochgezogen zwischen Bevölkerung, Banken und Industrie. Wir werden sie aber wegprotestieren.",Anticapitalist
LEIPZV_2012-10-06_DLMLE,LEIPZV_2012-10-06_DLMLE_1,1530.0,anticapitalist,"\""Gegen die Herrschaft des Kapitals",Anticapitalist
SZ-20191105-LGIMA-445,SZ-20191105-LGIMA-445_1,1530.0,anticapitalist,"Connewitz sei \""ein Ort des Widerstandes gegen kapitalistische Verwertung, rassistische Ausgrenzung und staatlichen Terror\",Anticapitalist
LEIPZO0020191108efb8004xu,LEIPZO0020191108efb8004xu_1,1530.0,anticapitalist,Kapitalismuskritik,Anticapitalist
STUGTR0020150630eb6u0005r,STUGTR0020150630eb6u0005r_1,1530.0,anticapitalist,"gegen \""Merkels marktkonforme",Anticapitalist
LEIPZV0020160502ec5200030,LEIPZV0020160502ec5200030_1,1530.0,anticapitalist,"Gegen Bosse, Banken, Monopole",Anticapitalist
StZ_20110131_LRGDB_460,StZ_20110131_LRGDB_460_1,1530.0,anticapitalist,"Die \""soziale Selektion und neoliberale Bildungspolitik\"" müsse grundlegend verändert werden",Anticapitalist
SZ-20170621-RAEOS-260,SZ-20170621-RAEOS-260_1,1530.0,anticapitalist,sie protestierten 2015 in der Neustadt gegen den G7-Gipfel.,Anticapitalist
LEIPZ_20200308_MAEED_240,LEIPZ_20200308_MAEED_240_1,1530.0,anticapitalist,zumeist das „kapitalistische System“ verantwortlich,Anticapitalist
WESKU00020150204eb25000gv,WESKU00020150204eb25000gv_1,1540.0,religion,Beschimpfungen und Diffamierungen anderer Religionen und Konfessionen sind mit unserem Verständnis des christlichen Glaubens in keiner Weise vereinbar,Religion
LEIPZO0020181221eecl00dcm,LEIPZO0020181221eecl00dcm_1,1540.0,religion,gegen islamischen Fanatismus,Religion
STUGTR0020170102ed1200002,STUGTR0020170102ed1200002_2,1540.0,religion,"der Verein einen Islam mit „totalitären,",Religion
SZ-20201112-ATTMD-1137,SZ-20201112-ATTMD-1137_1,1540.0,religion,"Doch die Wahrheit sei, dass es die Idee des jungen Syrers war, eine Aktion zu starten und unter dem Motto „Islam gegen Terrorismus“ eine Demonstration zu veranstalten.",Religion
SACHZTG020131024e9ao00062,SACHZTG020131024e9ao00062_1,1600.0,international,Jahrestag der Zerstörung Dresdens im Zweiten Weltkrieg,International
SACHZTG020121110e8ba000ka,SACHZTG020121110e8ba000ka_1,1600.0,international,Pogromnacht,International
SACHZTG020121213e8cd000p5,SACHZTG020121213e8cd000p5_1,1600.0,international,verhöhnen die Opfer des Vernichtungskrieges,International
SACHZTG020121214e8ce000er,SACHZTG020121214e8ce000er_1,1600.0,international,13. Februar,International
LEIPZV_20110618_IFEIB,LEIPZV_20110618_IFEIB_1,1600.0,international,gegen eine rechtsextremistische Vereinnahmung des Gedenktages an den Volksaufstand,International
LEIPZV_20110618_IFEIB,LEIPZV_20110618_IFEIB_2,1600.0,international,rechtsextremistische Vereinnahmung des Gedenktages an den Volksaufstand,International
LEIPZV_2012-09-01_SSG,LEIPZV_2012-09-01_SSG_1,1600.0,international,"\""Pünktlich zum Weltfriedenstag am 1. September wollten wir unbedingt noch ein Zeichen setzen, dass dieses Haus erhalten bleiben muss\"", erklärte Ulf-Dietrich Braumann, Vorsitzender der Initiative.",International
LEIPZV_20130506_TASBA,LEIPZV_20130506_TASBA_2,1600.0,international,"enthüllten an der Parkallee eine Gedenktafel für die 500 ungarischen Jüdinnen, die im Außenlager des KZ Buchenwald eingepfercht waren, das sich an der Parkallee befand",International
LEIPZV_20130508_PABAE,LEIPZV_20130508_PABAE_1,1600.0,international,"\""Wir sind das Volk\"" ist unverkäuflich!",International
WESKU00020120617e86h0000y_SUN,WESKU00020120617e86h0000y_SUN_1,1600.0,international,für den Sturz des Assad-Regimes in Syrien,International
WESKU00020120617e86h0000y_SUN,WESKU00020120617e86h0000y_SUN_1,1600.0,international,gegen die derzeit dort stattfindenden Gewalttaten von Regierungsanhängern gegen Oppositionelle,International
WESKU00020140310ea3b0001k,WESKU00020140310ea3b0001k_1,1600.0,international,gedachte damit gestern der Opfer des tibetischen Volksaufstandes von 1959,International
WESKU00020140310ea3b0001k,WESKU00020140310ea3b0001k_1,1600.0,international,öffentlich auf die Situation in Tibet aufmerksam zu machen,International
WESKU00020141125eabq0001p,WESKU00020141125eabq0001p_1,1600.0,international,Gegen diesen faschistischen und frauenfeindlichen Terror der IS im Norden Syriens kämpfen auch Frauen an vorderster Front,International
WESKU00020180923ee9n0000t_SUN,WESKU00020180923ee9n0000t_SUN_1,1600.0,international,Gegner der türkischen Politik,International
WESKU00020191215efcf00019_SUN,WESKU00020191215efcf00019_SUN_1,1600.0,international,auf den anhaltenden Konflikt in Nordsyrien aufmerksam gemacht,International
WESKU00020200524eg5o00019,WESKU00020200524eg5o00019_2,1600.0,international,Birati,International
SZ-20180129-OARM-259,SZ-20180129-OARM-259_1,1600.0,international,"\""Im Gedenken an die Opfer des Nationalsozialismus\",International
SZ-20180129-OARM-259,SZ-20180129-OARM-259_1,1600.0,international,temporäre Gedenkstätte für die Opfer des Faschismus,International
SZ-20180515-HCEGB-308,SZ-20180515-HCEGB-308_1,1600.0,international,"sich nicht von \""internationalen Konzernen und supranationalen Organisationen\"" fremdbestimmen zu lassen",International
SZ-20190321-EGD-321,SZ-20190321-EGD-321_1,1600.0,international,In Erinnerung an die Zerstörung Dresdens,International
SZ-20190816-IWDESS-991,SZ-20190816-IWDESS-991_1,1600.0,international,"Dresden war keine unschuldige Stadt, das wurde wissenschaftlich ausgewertet.",International
SZ-20190816-IWDESS-991,SZ-20190816-IWDESS-991_2,1600.0,international,"Dresden war keine unschuldige Stadt, das wurde wissenschaftlich ausgewertet",International
LEIPZO0020180105ee15007bx,LEIPZO0020180105ee15007bx_1,1600.0,international,gegen das theokratische Regime der Islamischen Republik,International
LEIPZO0020180105ee15007bx,LEIPZO0020180105ee15007bx_1,1600.0,international,deutliche Positionierung des deutschen Außenministers Sigmar Gabriel für die Demonstrierenden im Iran,International
StZ_20140801_PIKRG_189,StZ_20140801_PIKRG_189_1,1600.0,international,pro-israelischen,International
StZ_20140801_PIKRG_189,StZ_20140801_PIKRG_189_2,1600.0,international,Unterstützer der Palästinenser,International
StZ_20140825_CLSVC_503,StZ_20140825_CLSVC_503_1,1600.0,international,sofortige Einrichtung einer Schutzzone für religiöse und ethnische Minderheiten im Nordirak,International
StZ_20141103_DGIT_226,StZ_20141103_DGIT_226_1,1600.0,international,Die Proteste im ganzen Land standen unter dem Titel 'Stoppt den IS - Solidarität mit Rojava',International
STUGTR0020150210eb2a00037,STUGTR0020150210eb2a00037_1,1600.0,international,Lohnforderungen,International
STUGTR0020150504eb54000b9,STUGTR0020150504eb54000b9_1,1600.0,international,Palästina-Tag,International
STUGTR0020150504eb54000b9,STUGTR0020150504eb54000b9_1,1600.0,international,Palästinenser sehen den Beginn,International
STUGTR0020151216ebcg00001,STUGTR0020151216ebcg00001_1,1600.0,international,Bücherei der Türkisch-Islamischen Gemeinde,International
STUGTR0020160201ec210001k,STUGTR0020160201ec210001k_1,1600.0,international,kurdische Demonstranten,International
STUGTR0020160725ec7p0005t,STUGTR0020160725ec7p0005t_1,1600.0,international,Kurden-Demo,International
STUGTR0020180410ee4a0000o,STUGTR0020180410ee4a0000o_1,1600.0,international,„Freiheit für Öcalan.,International
STUGTR0020180414ee4e00015,STUGTR0020180414ee4e00015_1,1600.0,international,Zeichen der Solidarität mit Israel,International
STUGTR0020190125ef1p0005j,STUGTR0020190125ef1p0005j_1,1600.0,international,türkischen Nationalisten,International
STUGTR0020190125ef1p0005j,STUGTR0020190125ef1p0005j_1,1600.0,international,Kurden,International
LEIPZO0020161104ecb40063h,LEIPZO0020161104ecb40063h_1,1600.0,international,Künstler protestieren gegen türkische Regierung,International
LEIPZO0020161104ecb40063h,LEIPZO0020161104ecb40063h_1,1600.0,international,Verhaftungen in der Türkei,International
LEIPZO0020161104ecb40063h,LEIPZO0020161104ecb40063h_1,1600.0,international,Verhaftung führender Kurden-Politiker,International
LEIPZO0020161104ecb40063h,LEIPZO0020161104ecb40063h_1,1600.0,international,Festnahme führender Politiker der prokurdischen Partei HDP,International
LEIPZO0020161104ecb40063h,LEIPZO0020161104ecb40063h_1,1600.0,international,Am Freitagnachmittag haben rund 20 Künstler des Dokumentarfilmfestivals DOK Leipzig vor dem Museum der bildenden Künste gegen das Vorgehen der türkischen Regierung demonstriert.,International
LEIPZO0020161104ecb40063h,LEIPZO0020161104ecb40063h_1,1600.0,international,„Die Türkei wird immer mehr zu einem faschistischen Land.“,International
LEIPZO0020161104ecb40063h,LEIPZO0020161104ecb40063h_1,1600.0,international,den unterdrückten Menschen in dem Land eine Stimme geben,International
LEIPZO0020161104ecb40063h,LEIPZO0020161104ecb40063h_1,1600.0,international,harten Vorgehen der türkischen Sicherheitsbehörden gegen die prokurdische Partei HDP,International
LEIPZO0020161104ecb40063h,LEIPZO0020161104ecb40063h_1,1600.0,international,"Die Protestierenden vor dem Leipziger Bildermuseum wiesen auf die strikte Zensur hin, die es im kurdischen Teil der Türkei gebe.",International
LEIPZO0020161104ecb40063h,LEIPZO0020161104ecb40063h_1,1600.0,international,"Und sie forderten die europäische Gemeinschaft auf, nicht zu still bleiben im Angesicht der türkischen Vorfälle.",International
LEIPZO0020170117eba9003xp,LEIPZO0020170117eba9003xp_1,1600.0,international,Eine Rednerin der Rechtspopulisten hatte sich bei der Kundgebung am vergangenen Montag als „Geist von Frau Rosenzweig aus der Funkenburgstraße“ vorgestellt und als angebliche Jüdin gegen Muslime und andere Flüchtlinge gewettert,International
LEIPZO0020170117eba9003xp,LEIPZO0020170117eba9003xp_1,1600.0,international,"Wir werden nicht zulassen, dass Hetzer heute jüdische Opfer des damaligen Naziregimes politisch instrumentalisieren",International
LEIPZO0020170117ecb7002e5,LEIPZO0020170117ecb7002e5_4,1600.0,international,an die antisemitischen Pogrome von 1938 erinnern,International
LEIPZV0020140607ea3400205,LEIPZV0020140607ea3400205_1,1600.0,international,Ende des Denkmal-Wettbewerbs,International
LEIPZV0020141010eaaa0002q,LEIPZV0020141010eaaa0002q_1,1600.0,international,Solidarität mit den Kurden in der umkämpften syrisch-türkischen Grenzstadt Kobane,International
StZ_20090926_IIFDD_641,StZ_20090926_IIFDD_641_3,1600.0,international,Er soll einen Anschlag auf den damaligen irakischen Ministerpräsidenten geplant und Geld für Anschläge haben,International
StZ_20091221_KISE_113,StZ_20091221_KISE_113_1,1600.0,international,Kurdenprotest,International
StZ_20100118_MFDOD_406,StZ_20100118_MFDOD_406_1,1600.0,international,"Palästinakomitee Stuttgart die Öffentlichkeit gesucht, um auf die Missstände in seiner Heimat hinzuweisen",International
StZ_20100503_VGUEIR_511,StZ_20100503_VGUEIR_511_1,1600.0,international,ein Ende des Kriegs Israels in Gaza,International
StZ_20100503_VGUEIR_511,StZ_20100503_VGUEIR_511_1,1600.0,international,Es ist höchste Zeit für eine Gedenkstätte für alle Opfer und Widerstandskämpfer in Stuttgart,International
StZ_20100607_GMSBW_377,StZ_20100607_GMSBW_377_1,1600.0,international,Gazablockade muss sofort beendet werden,International
StZ_20100607_GMSBW_377,StZ_20100607_GMSBW_377_1,1600.0,international,für die Öffnung der Blockade des Gazastreifens,International
StZ_20100607_GMSBW_377,StZ_20100607_GMSBW_377_1,1600.0,international,"Was Israel sich erlaubt, übersteigt jegliches Verständnis für Menschenrechte",International
StZ_20100607_GMSBW_377,StZ_20100607_GMSBW_377_1,1600.0,international,Solidarität bekunden mit Palästina und dem Gazagebiet,International
StZ_20100607_GMSBW_377,StZ_20100607_GMSBW_377_1,1600.0,international,Diese menschenunwürdige Blockade muss sofort enden,International
StZ_20100607_GMSBW_377,StZ_20100607_GMSBW_377_1,1600.0,international,"Sie forderte einen friedlichen, aber bestimmten Kampf für die Aufhebung der Blockade",International
StZ_20100607_GMSBW_377,StZ_20100607_GMSBW_377_1,1600.0,international,"Es könne nicht sein, dass Menschen sterben müssten, obwohl die notwendigen Medikamente ein paar Kilometer entfernt lagerten",International
StZ_20100607_GMSBW_377,StZ_20100607_GMSBW_377_1,1600.0,international,Der Gazastreifen dürfe nicht länger abgeschnitten sein,International
StZ_20100607_GMSBW_377,StZ_20100607_GMSBW_377_1,1600.0,international,"Groth rief die Regierung in Berlin dazu auf, sämtliche Waffenlieferungen nach Israel einzustellen",International
StZ_20100607_GMSBW_377,StZ_20100607_GMSBW_377_1,1600.0,international,"Deutschland, schau nicht länger weg",International
StZ_20100607_GMSBW_377,StZ_20100607_GMSBW_377_1,1600.0,international,Schluss mit deutschen Waffen für israelische Kriegsverbrechen,International
StZ_20100607_GMSBW_377,StZ_20100607_GMSBW_377_1,1600.0,international,Deutschland solle seine Haltung zum Gazakonflikt dringend überdenken,International
SZ-20140213-DEWS-1873,SZ-20140213-DEWS-1873_1,1600.0,international,Bombardierung Dresdens,International
SZ-20160213-DGMVV-397,SZ-20160213-DGMVV-397_1,1600.0,international,Gedenkmarsch,International
SZ-20170216-KRANO-491,SZ-20170216-KRANO-491_1,1600.0,international,Nationalismus und Geschichtsverklärung verhüten,International
SZ-20170216-KRANO-491,SZ-20170216-KRANO-491_2,1600.0,international,Wir gedenken der Opfer des anglo-amerikanischen Bombenterrors,International
SZ-20170321-WIBCA-896,SZ-20170321-WIBCA-896_1,1600.0,international,"erhielten nur den Mindestlohn von 8,84 Euro oder wenig mehr",International
WESKU00020160205ec2600018,WESKU00020160205ec2600018_1,1600.0,international,"Es ist absurd, dass die Bundesregierung sich in Flüchtlingsfragen von der Türkei abhängig macht. Der türkische Staatschef Erdogan beschneidet die Pressefreiheit und bombt ganze Städte aus\",International
WESKU00020160205ec2600018,WESKU00020160205ec2600018_1,1600.0,international,humanitäre Hilfe für Opfer der Terrororganisation Daesch,International
WESKU00020160205ec2600018,WESKU00020160205ec2600018_1,1600.0,international,dass die türkische Regierung wieder Verhandlungen mit der Kurdischen Arbeiterpartei PKK aufnimmt,International
SZ-20200214-DRURG-1020,SZ-20200214-DRURG-1020_1,1600.0,international,"\""Wir sprechen sie nur mit ihrem Namen an im Wissen darum, dass auch sie gewaltsam umgekommen sind.\",International
SZ-20200214-DRURG-1020,SZ-20200214-DRURG-1020_2,1600.0,international,"\""Wir fordern: Gedenken abschaffen. Wir gedenken der Opfer der deutschen Barbarei.\",International
SZ-20200214-DRURG-1020,SZ-20200214-DRURG-1020_3,1600.0,international,"\""Wir haben sehr gut gedacht\",International
SZ-20200214-DRURG-1020,SZ-20200214-DRURG-1020_4,1600.0,international,"\""Als Dresdner ist es eine Pflicht hier zu sein\",International
SZ-20200218-VBR-174,SZ-20200218-VBR-174_1,1600.0,international,Trauermarsch anlässlich des 75. Jahrestages der Zerstörung der Stadt,International
SZ-20200903-ADGHL-432,SZ-20200903-ADGHL-432_1,1600.0,international,72. Jahrestages der Bombardierung Dresdens,International
SZ-20200903-ADGHL-432,SZ-20200903-ADGHL-432_2,1600.0,international,Jahrestages der Bombardierung Dresdens,International
LEIPZ_20200208_SBDIC_665,LEIPZ_20200208_SBDIC_665_1,1600.0,international,Gegen die Umbenennung der Arndtstraße,International
LEIPZ_20200213_MILBC_1623,LEIPZ_20200213_MILBC_1623_1,1600.0,international,Bombennacht vom 13. Februar 1945,International
LEIPZ_20200213_MILBC_1623,LEIPZ_20200213_MILBC_1623_2,1600.0,international,gegen die Namensverlesung,International
LEIPZ_20200215_VJZNO_839,LEIPZ_20200215_VJZNO_839_1,1600.0,international,Jahrestag der Bombardierung Dresdens,International
LEIPZ_20200914_KBAEB_570,LEIPZ_20200914_KBAEB_570_1,1600.0,international,und das autoritäre Regime Chinas,International
LEIPZ_20201010_WRDBA_463,LEIPZ_20201010_WRDBA_463_1,1600.0,international,für den Erhalt des Namens „Arndtstraße“,International
LEIPZ_20201209_RBDIG_982,LEIPZ_20201209_RBDIG_982_1,1600.0,international,gegen PKK-Verbot,International
LEIPZ_20201209_RBDIG_982,LEIPZ_20201209_RBDIG_982_1,1600.0,international,Weg mit dem PKK-Verbot!,International
LEIPZ_20201209_RBDIG_982,LEIPZ_20201209_RBDIG_982_2,1600.0,international,Freiheit für Öcalan,International
StZ_20140818_LSPGG_339,StZ_20140818_LSPGG_339_1,1600.0,international,politisch linke Veranstaltung mit dem Thema Palästina,International
LEIPZO0020160110eba90003e,LEIPZO0020160110eba90003e_1,1600.0,international,verunglimpfend,International
LEIPZO0020160110eba90003e,LEIPZO0020160110eba90003e_1,1600.0,international,Opfer des damaligen Naziregimes politisch instrumentalisieren,International
WESKU00020170518ed28007ld,WESKU00020170518ed28007ld_1,1600.0,international,Gegen das Vergessen,International
WESKU00020111017e7ah0002e,WESKU00020111017e7ah0002e_1,1600.0,international,der Straße einen neuen Namen,International
WESKU00020111017e7ah0002e,WESKU00020111017e7ah0002e_1,1600.0,international,Die Hindenburgstraße soll umbenannt werden,International
SZ-20190614-KOAF-861,SZ-20190614-KOAF-861_1,9900.0,unclear,"Krauses Ausladung hatten sie zu keinem Zeitpunkt gefordert, stattdessen eine Aktion zur Eröffnung geplant, bei der sie sich der \""Erklärung der Vielen\"" anschließen wollten",Unclear
STUGTR0020200629eg6t0002z,STUGTR0020200629eg6t0002z_1,9900.0,other,gegen die Gewaltnacht der vergangenen Woche,Other
WESKU00020120226e82q0000v_SUN,WESKU00020120226e82q0000v_SUN_1,9900.0,unclear,gegen das sogenannte Acta-Abkommen,Unclear
WESKU00020150203eb240001u,WESKU00020150203eb240001u_1,9900.0,unclear,Wir sind Olaf,Unclear
WESKU00020150204eb25000gv,WESKU00020150204eb25000gv_1,9900.0,unclear,Wir erwarten daher vom Kirchenausschuss der Bremischen Evangelischen Kirche entschiedene Maßnahmen.,Unclear
WESKU00020150808eb890000x_SUN,WESKU00020150808eb890000x_SUN_1,9900.0,other,gegen Rassenliste und wollen Sachkundenachweis zur Pflicht machen,Other
SZ-20190304-DFZZP-366,SZ-20190304-DFZZP-366_2,9900.0,unclear,"Korridor aus \""menschlichen Kameras\",Unclear
STUGTR0020160831ec8v0000u,STUGTR0020160831ec8v0000u_1,9900.0,unclear,Trauer über die Getöteten,Unclear
STUGTR0020191014efae0002a,STUGTR0020191014efae0002a_1,9900.0,unclear,Opfer des Attentats,Unclear
StZ_20100420_PMSK_425,StZ_20100420_PMSK_425_1,9900.0,unclear,für die Einstellung des Verfahrens,Unclear
StZ_20100814_BRIDM_721,StZ_20100814_BRIDM_721_1,9900.0,unclear,"\""Wahltag ist Zahltag",Unclear
StZ_20101105_NSMPA_216,StZ_20101105_NSMPA_216_1,9900.0,unclear,Wir brauchen eine neue Legitimation\,Unclear
StZ_20101105_NSMPA_216,StZ_20101105_NSMPA_216_1,9900.0,unclear,Wir haben keinen Entscheidungsnachholbedarf.,Unclear
StZ_20101112_ZKFSD_196,StZ_20101112_ZKFSD_196_1,9900.0,unclear,"Klage der Abgeordneten über das \""wüste Zeltlager\"" im Schlossgarten",Unclear
StZ_20101122_BSBGM_551,StZ_20101122_BSBGM_551_2,9900.0,unclear,"Die Kritik richtet sich nicht an die Polizei, sondern an die Politik\",Unclear
StZ_20131203_DSABB_683,StZ_20131203_DSABB_683_3,9900.0,unclear,gegen die Verfügung zu klagen,Unclear
SZ-20140510-KRBWR-141,SZ-20140510-KRBWR-141_2,9900.0,unclear,"gegen Frauen vorgegangen sein, die die Kundgebung mit rund 350 Teilnehmern störten",Unclear
SZ-20140619-AIR-771,SZ-20140619-AIR-771_1,9900.0,unclear,man werde nun gemeinsam und begleitet von der Polizei zum Landtag abmarschieren,Unclear
SZ-20170725-RDGP-112,SZ-20170725-RDGP-112_1,9900.0,unclear,Solidarität mit Oli,Unclear
SZ-20171024-EFUEE-390,SZ-20171024-EFUEE-390_1,9900.0,unclear,Solidarität ist eine Waffe - ein Regenschirm nicht!,Unclear
SZ-20200208-PRSSF-602,SZ-20200208-PRSSF-602_1,9900.0,unclear,Jahrestag der Luftangriffe auf Dresden,Unclear
SZ-20200630-DWPDP-729,SZ-20200630-DWPDP-729_1,9900.0,unclear,dass Pegida nicht die Mitte der Stadt zusteht,Unclear
LEIPZ_20200704_KGRSH_571,LEIPZ_20200704_KGRSH_571_1,9900.0,unclear,Man müsse „eine Mitte finden“ zwischen den Bedürfnissen der Anwohner und dem heißgeliebten Hobby der Biker,Unclear
LEIPZ_20200712_LVAE_794,LEIPZ_20200712_LVAE_794_1,9900.0,unclear,"Es bringt nichts, wenn wir uns wie Halbstarke benehmen. Dann werden wir auch wie Halbstarke behandelt",Unclear
SACHZTG020121110e8ba000ka,SACHZTG020121110e8ba000ka_1,9900.0,unclear,Vorbehalte gegen die jüdische Gemeinschaft,Unclear
LEIPZV_20130506_TASBA,LEIPZV_20130506_TASBA_2,9900.0,unclear,Gedacht wurde dabei den Opfern der Todesmärsche kurz vor Ende des Zweiten Weltkrieges,Unclear
WESKU00020181115eebf00007,WESKU00020181115eebf00007_1,9900.0,unclear,die Vorfälle in Chemnitz,Unclear
SZ-20190531-SGDUM-672,SZ-20190531-SGDUM-672_1,9900.0,unclear,"die Leiterin ihrer Bibliothek, Barbara Lenk, zwar parteilos, aber als Kandidatin der AfD bei den Kreißtagswahlen in Meißen angetreten ist",Unclear
SZ-20190614-KOAF-861,SZ-20190614-KOAF-861_2,9900.0,unclear,"ein Facebook-Beitrag gewesen, in dem sich Krause als \""entarteter Künstler\"" bezeichnet hatte",Unclear
LEIPZO0020190410ef4a00h1y,LEIPZO0020190410ef4a00h1y_1,9900.0,unclear,"Wir sehen deren Einzug nach Connewitz als Angriff auf unsere Idee eines solidarischen Kiezes, auf die Idee einer befreiten Gesellschaft! Kampf den Feinden der Freiheit und den Sklaventreibenden dieser Welt!“",Unclear
LEIPZO0020190530ef5t002gx,LEIPZO0020190530ef5t002gx_1,9900.0,unclear,Protest gegen Bibliotheksleiterin Barbara Lenk zum Ausdruck zu bringen,Unclear
LEIPZO0020190705ef75009n9,LEIPZO0020190705ef75009n9_1,9900.0,unclear,"Im Vergleich zur linksextremen Gefahr sei ein Mord, „alle zwei, drei Jahre, aus irgendwelchen Hass-Gründen, relativ normal“",Unclear
LEIPZV0020191029efat0002r,LEIPZV0020191029efat0002r_1,9900.0,unclear,"Verpisst euch sonst gibt es T…e“ und „Wir kriegen euch“ schrieben Unbekannte mit weißem Edding an die Scheiben in der Stuttgarter Allee 18 in Grünau. Auch den Schriftzug „Sieg der NSDAP“ und Keltenkreuz-Symbole, die Fadenkreuzen ähneln, hinterließen die Täter an den Fenstern, wie Pellmann mitteilte.",Unclear
STUGTR0020170102ed1200002,STUGTR0020170102ed1200002_1,9900.0,unclear,gefährliche Ideologie,Unclear
STUGTR0020180514ee5e00091,STUGTR0020180514ee5e00091_2,9900.0,unclear,protestierten gegen die Kundgebung.Protest,Unclear
LEIPZV0020160504ec540002l,LEIPZV0020160504ec540002l_2,9900.0,unclear,für die Blockierer,Unclear
StZ_20100503_VGUEIR_511,StZ_20100503_VGUEIR_511_1,9900.0,unclear,beschworen die großen Führer des Sozialismus und Kommunismus,Unclear
StZ_20110318_BUELFD_164,StZ_20110318_BUELFD_164_1,9900.0,unclear,"warf den Gegnern von Stuttgart 21 vor, die Wähler mit Falschmeldungen in die Irre zu führen",Unclear
SZ-20150216-PGN-590,SZ-20150216-PGN-590_4,9900.0,unclear,von Gegnern besetzt war.,Unclear
SZ-20150217-LALA-570,SZ-20150217-LALA-570_6,9900.0,unclear,Gegenveranstaltungen,Unclear
SZ-20200218-VBR-174,SZ-20200218-VBR-174_2,9900.0,unclear,Gegen diese Kundgebung,Unclear
LEIPZO0020180113eba60041d,LEIPZO0020180113eba60041d_1,9900.0,unclear,Gegen eine Podiumsdiskussion mit Sachsens Verfassungsschutzchef in Leipzig,Unclear
WESKU00020200508eg4l00pof,WESKU00020200508eg4l00pof_2,9902.0,covid,Unterkunft mit aktuell 380 Bewohnern einen Verstoß gegen Corona-Abstandsregeln,COVID
WESKU00020200508eg5500pu5,WESKU00020200508eg5500pu5_1,9902.0,covid,setze sie die geflüchteten Menschen „einem erheblichen Infektions- und Gesundheitsrisiko aus“,COVID
WESKU00020200524eg5o00019,WESKU00020200524eg5o00019_3,9902.0,covid,gegen geltende Corona-Beschränkungen,COVID
WESKU00020201119egbj00012,WESKU00020201119egbj00012_1,9902.0,covid,gegen die Novelle des Infektionsschutzgesetzes,COVID
WESKU00020201119egbj00012,WESKU00020201119egbj00012_2,9902.0,covid,Querdenker-Demo,COVID
STUGTR0020200502eg520000j,STUGTR0020200502eg520000j_1,9902.0,covid,für die Rechte von Arbeitern und Angestellten insbesondere während der Coronakrise einzutreten,COVID
STUGTR0020200502eg520004m,STUGTR0020200502eg520004m_1,9902.0,covid,gesundheitlichen Risiken,COVID
STUGTR0020200511eg5b0000r,STUGTR0020200511eg5b0000r_1,9902.0,covid,Solidarität in Krisenzeit,COVID
STUGTR0020201116egbg0000c,STUGTR0020201116egbg0000c_1,9902.0,covid,gegen die Corona-Maßnahmen,COVID
STUGTR0020201116egbg0000p,STUGTR0020201116egbg0000p_1,9902.0,covid,fordern 100,COVID
STUGTR0020200706eg760003j,STUGTR0020200706eg760003j_1,9902.0,covid,gegen das Vorgehen des Kultusministeriums in der Corona-Krise demonstriert,COVID
SZ-20200418-SUEUEVD-438,SZ-20200418-SUEUEVD-438_1,9902.0,covid,"In Thüringen gebe es Zuschüsse, in Leipzig spezielle Hilfen für Lehrlinge - das sei ein \""Flickenteppich\"" und \""Wettbewerbsverzerrung\"".\nBenjamin Unger, Inhaber des Hotels Blauer Engel in Aue, forderte kürzere Bearbeitungszeiten für Kreditanträge an Sachsens Aufbaubank. Der Dresdner Steuerberater Steffen Schmidt schlug Vorrang für die Gastronomen vor - sie könnten, anders als Handwerker, gar nicht arbeiten.",COVID
SZ-20200522-DWDT-842,SZ-20200522-DWDT-842_1,9902.0,covid,"nicht gegen die staatlich angeordneten Corona-Regeln, wohl aber gegen mangelnde Hilfe der Politik, wie sie finden",COVID
SZ-20201102-SGIDZ-308,SZ-20201102-SGIDZ-308_1,9902.0,covid,gegen die Corona-Beschränkungen,COVID
SZ-20201109-CDBWL-363,SZ-20201109-CDBWL-363_1,9902.0,covid,gegen Corona-Maßnahmen,COVID
SZ-20200427-PLSVI-345,SZ-20200427-PLSVI-345_1,9902.0,covid,gegen die Einschränkung ihrer Freiheiten durch die Corona-Verordnungen,COVID
SZ-20200504-DCPEG-888,SZ-20200504-DCPEG-888_1,9902.0,covid,Protest gegen die staatlichen Corona-Auflagen,COVID
SZ-20200511-DPDCR-1000,SZ-20200511-DPDCR-1000_1,9902.0,covid,Ärger gegen die Corona-Maßnahmen,COVID
SZ-20200518-MAEBC-669,SZ-20200518-MAEBC-669_1,9902.0,covid,Erneut haben am Samstagnachmittag Hunderte Menschen im Großen Garten gegen die Corona-Gesetze demonstriert,COVID
SZ-20200921-AIDI-237,SZ-20200921-AIDI-237_2,9902.0,covid,Situation geschlossener Clubs in der Corona-Zeit,COVID
SZ-20201005-RURGR-341,SZ-20201005-RURGR-341_2,9902.0,covid,Corona-Gegner,COVID
SZ-20201005-RURGR-341,SZ-20201005-RURGR-341_1,9902.0,covid,gegen die Demo asylfeindlicher Corona-Gegner,COVID
LEIPZ_20200417_TSCKB_312,LEIPZ_20200417_TSCKB_312_1,9902.0,covid,sächsische Gastronomie steht vor dem Aus,COVID
LEIPZ_20200418_NADUU_56,LEIPZ_20200418_NADUU_56_1,9902.0,covid,stehen vor dem Ruin wegen der Corona-Krise und werden von der Regierung zu wenig unterstützt,COVID
LEIPZ_20200510_BUPFR_281,LEIPZ_20200510_BUPFR_281_1,9902.0,covid,gegen Corona-Rettungspakete,COVID
LEIPZ_20200516_RVGNB_224,LEIPZ_20200516_RVGNB_224_1,9902.0,covid,auf sexuelle Gewalt in Zeiten von Corona aufmerksam gemacht,COVID
LEIPZ_20200620_DKSFU_619,LEIPZ_202006_DKSFU_619_1,9902.0,covid,Leipzigs durch die Corona-Beschränkungen bedrohte freie Kulturszene hat gemeinsam mit Vertretern der städtischen Kulturbetriebe am frühen Samstagabend in der Aktion „NurmitKultur“ den großen Schulterschluss auf dem Augustusplatz praktiziert.,COVID
LEIPZ_20200712_DWDNU_655,LEIPZ_20200712_DWDNU_655_1,9902.0,covid,Coronaleugnern,COVID
LEIPZ_20200921_HZSEG_613,LEIPZ_20200921_HZSEG_613_1,9902.0,covid,gegen die Corona-Schutz-Verordnungen der Politik,COVID
LEIPZ_20200921_HZSEG_613,LEIPZ_20200921_HZSEG_613_2,9902.0,covid,"gegen die, „die die Demokratie lieber jetzt als gleich mit Füßen treten und abschaffen würden, wenn sie könnten“",COVID
LEIPZ_20201107_DVPCT_155,LEIPZ_20201107_DVPCT_155_1,9902.0,covid,45.000 Menschen nahmen laut „Durchgezählt“ bei der „Querdenken“-Demo gegen die Corona-Maßnahmen teil,COVID
LEIPZ_20201107_LKAPO_755,LEIPZ_20201107_LKAPO_755_1,9902.0,covid,Querdenken“-Sympathisanten,COVID
LEIPZ_20201109_RUEKM_1156,LEIPZ_20201109_RUEKM_1156_1,9902.0,covid,Querdenker,COVID
LEIPZ_20201110_PFQMD_219,LEIPZ_20201110_PFQMD_219_2,9902.0,covid,Kundgebung der Corona-Kritiker unmöglich gemacht,COVID
LEIPZ_20201209_RBDIG_982,LEIPZ_20201209_RBDIG_982_3,9902.0,covid,Querdenken,COVID
LEIPZ_20201212_LAIAM_725,LEIPZ_20201212_LAIAM_725_1,9902.0,covid,Querdenken-Demonstration,COVID
LEIPZ_20201219_BPADD_430,LEIPZ_20201219_BPADD_430_1,9902.0,covid,"kritisiert, dass der Lockdown vor allem sozial schwache Bevölkerungsschichten treffe und die Regierenden fast nur großen Konzernen helfen würden",COVID
